ordered_group_id,query_id_a,query_id_b,sample_id_a,sample_id_b,sequence_a,sequence_b,sequence_gap,is_step1_pair,delta_E_degrees,delta_N_degrees,degree_space_displacement,crs_status,metric_distance_claim_allowed
Chuanmei__100,q_000000,q_000001,Chuanmei_100_000000,Chuanmei_100_000001,0,1,1,True,0.00020080555555068713,-2.0000000020559128e-06,0.00020081551518751813,UNVERIFIED,False
Chuanmei__100,q_000001,q_000002,Chuanmei_100_000001,Chuanmei_100_000002,1,2,1,True,0.00020530555556774743,-1.111111110674301e-06,0.0002053085622054806,UNVERIFIED,False
Chuanmei__100,q_000002,q_000003,Chuanmei_100_000002,Chuanmei_100_000003,2,3,1,True,0.00020852777777236042,-5.55555494941018e-08,0.00020852778517285896,UNVERIFIED,False
Chuanmei__100,q_000003,q_000004,Chuanmei_100_000003,Chuanmei_100_000004,3,4,1,True,0.00020872222222578785,-1.3888888972246605e-07,0.00020872226843582085,UNVERIFIED,False
Chuanmei__100,q_000004,q_000005,Chuanmei_100_000004,Chuanmei_100_000005,4,5,1,True,0.00020769444444113105,-4.999999987376214e-07,0.00020769504628591605,UNVERIFIED,False
Chuanmei__100,q_000005,q_000006,Chuanmei_100_000005,Chuanmei_100_000006,5,6,1,True,0.00020691666665584307,1.138888883644995e-06,0.00020691980090811648,UNVERIFIED,False
Chuanmei__100,q_000006,q_000007,Chuanmei_100_000006,Chuanmei_100_000007,6,7,1,True,0.0002084166666662668,-1.333333333519704e-06,0.000208420931583313,UNVERIFIED,False
Chuanmei__100,q_000007,q_000008,Chuanmei_100_000007,Chuanmei_100_000008,7,8,1,True,0.00020950000001107583,-1.111111110674301e-06,0.00020950294645312518,UNVERIFIED,False
Chuanmei__100,q_000008,q_000009,Chuanmei_100_000008,Chuanmei_100_000009,8,9,1,True,0.00020886111110485217,-1.8055555557339176e-06,0.00020886891526222432,UNVERIFIED,False
Chuanmei__100,q_000009,q_000010,Chuanmei_100_000009,Chuanmei_100_000010,9,10,1,True,0.00020769444444113105,1.6666666624587378e-07,0.00020769451131285997,UNVERIFIED,False
Chuanmei__100,q_000010,q_000011,Chuanmei_100_000010,Chuanmei_100_000011,10,11,1,True,0.0002090555555582796,-1.0000000010279564e-06,0.00020905794725334644,UNVERIFIED,False
Chuanmei__100,q_000011,q_000012,Chuanmei_100_000011,Chuanmei_100_000012,11,12,1,True,0.00020399999999654028,-2.7777776523407738e-08,0.00020400000188772866,UNVERIFIED,False
Chuanmei__100,q_000012,q_000013,Chuanmei_100_000012,Chuanmei_100_000013,12,13,1,True,0.00020874999999875854,-1.6388888894880438e-06,0.0002087564333290684,UNVERIFIED,False
Chuanmei__100,q_000013,q_000014,Chuanmei_100_000013,Chuanmei_100_000014,13,14,1,True,0.00020547222224820416,6.666666756416362e-07,0.00020547330376492176,UNVERIFIED,False
Chuanmei__100,q_000014,q_000015,Chuanmei_100_000014,Chuanmei_100_000015,14,15,1,True,0.0002096388888759293,-9.444444515338546e-07,0.00020964101627414484,UNVERIFIED,False
Chuanmei__100,q_000015,q_000016,Chuanmei_100_000015,Chuanmei_100_000016,15,16,1,True,0.00020683333332272014,-5.000000058430487e-07,0.00020683393767318093,UNVERIFIED,False
Chuanmei__100,q_000016,q_000017,Chuanmei_100_000016,Chuanmei_100_000017,16,17,1,True,8.888888913816118e-07,-0.00017944444444140117,0.00017944664601029557,UNVERIFIED,False
Chuanmei__100,q_000017,q_000018,Chuanmei_100_000017,Chuanmei_100_000018,17,18,1,True,-0.00020755555553364502,-4.444444421380922e-07,0.00020755603138367757,UNVERIFIED,False
Chuanmei__100,q_000018,q_000019,Chuanmei_100_000018,Chuanmei_100_000019,18,19,1,True,-0.00020811111113516745,1.8055555521812039e-06,0.00020811894341641758,UNVERIFIED,False
Chuanmei__100,q_000019,q_000020,Chuanmei_100_000019,Chuanmei_100_000020,19,20,1,True,-0.00021038888888824658,-1.9444444276928152e-07,0.00021038897874240536,UNVERIFIED,False
Chuanmei__100,q_000020,q_000021,Chuanmei_100_000020,Chuanmei_100_000021,20,21,1,True,-0.00020658333332335133,-2.8333333332852817e-06,0.00020660276228735275,UNVERIFIED,False
Chuanmei__100,q_000021,q_000022,Chuanmei_100_000021,Chuanmei_100_000022,21,22,1,True,-0.0002057777777793035,7.222222215830243e-07,0.0002057790451740064,UNVERIFIED,False
Chuanmei__100,q_000022,q_000023,Chuanmei_100_000022,Chuanmei_100_000023,22,23,1,True,-0.00020888888889203372,7.777777781825534e-07,0.00020889033687756034,UNVERIFIED,False
Chuanmei__100,q_000023,q_000024,Chuanmei_100_000023,Chuanmei_100_000024,23,24,1,True,-0.00020888888890624457,3.3333333249174757e-07,0.00020888915486352071,UNVERIFIED,False
Chuanmei__100,q_000024,q_000025,Chuanmei_100_000024,Chuanmei_100_000025,24,25,1,True,-0.00020966666663468914,2.777777794449321e-07,0.00020966685064214758,UNVERIFIED,False
Chuanmei__100,q_000025,q_000026,Chuanmei_100_000025,Chuanmei_100_000026,25,26,1,True,-0.0002071666666836336,1.1388888943031361e-06,0.00020716979715373887,UNVERIFIED,False
Chuanmei__100,q_000026,q_000027,Chuanmei_100_000026,Chuanmei_100_000027,26,27,1,True,-0.0002065555555645915,-8.888888984870391e-07,0.000206557468173075,UNVERIFIED,False
Chuanmei__100,q_000027,q_000028,Chuanmei_100_000027,Chuanmei_100_000028,27,28,1,True,-0.00021016666667605932,6.388888920128011e-07,0.00021016763775791496,UNVERIFIED,False
Chuanmei__100,q_000028,q_000029,Chuanmei_100_000028,Chuanmei_100_000029,28,29,1,True,-0.00020613888888476595,1.6666666624587378e-07,0.00020613895626111898,UNVERIFIED,False
Chuanmei__100,q_000029,q_000030,Chuanmei_100_000029,Chuanmei_100_000030,29,30,1,True,-0.0002090555555582796,2.777777794449321e-07,0.00020905574010362805,UNVERIFIED,False
Chuanmei__100,q_000030,q_000031,Chuanmei_100_000030,Chuanmei_100_000031,30,31,1,True,-0.00022547222219770902,-7.111111109736612e-06,0.00022558433208888441,UNVERIFIED,False
Chuanmei__100,q_000031,q_000032,Chuanmei_100_000031,Chuanmei_100_000032,31,32,1,True,-0.00019158333336122269,1.263888888658471e-05,0.00019199977899488535,UNVERIFIED,False
Chuanmei__100,q_000032,q_000033,Chuanmei_100_000032,Chuanmei_100_000033,32,33,1,True,-0.00021033333331388349,-5.361111114154937e-06,0.00021040164594248668,UNVERIFIED,False
Chuanmei__100,q_000033,q_000034,Chuanmei_100_000033,Chuanmei_100_000034,33,34,1,True,-1.47222222324217e-06,-0.00017874999999634156,0.00017875606265793257,UNVERIFIED,False
Chuanmei__100,q_000034,q_000035,Chuanmei_100_000034,Chuanmei_100_000035,34,35,1,True,0.0002150277777843712,3.0555555596833983e-07,0.00021502799488225412,UNVERIFIED,False
Chuanmei__100,q_000035,q_000036,Chuanmei_100_000035,Chuanmei_100_000036,35,36,1,True,0.00020430555555606134,1.1111110609363095e-07,0.00020430558576981872,UNVERIFIED,False
Chuanmei__100,q_000036,q_000037,Chuanmei_100_000036,Chuanmei_100_000037,36,37,1,True,0.00020727777777551637,2.250000004977437e-06,0.00020728998928934978,UNVERIFIED,False
Chuanmei__100,q_000037,q_000038,Chuanmei_100_000037,Chuanmei_100_000038,37,38,1,True,0.00020477777778182826,2.388888887594476e-06,0.00020479171141279403,UNVERIFIED,False
Chuanmei__100,q_000038,q_000039,Chuanmei_100_000038,Chuanmei_100_000039,38,39,1,True,0.00020688888888287238,1.3611111100431117e-06,0.00020689336617360016,UNVERIFIED,False
Chuanmei__100,q_000039,q_000040,Chuanmei_100_000039,Chuanmei_100_000040,39,40,1,True,0.00020730555556269792,3.5555555584210197e-06,0.0002073360444845224,UNVERIFIED,False
Chuanmei__100,q_000040,q_000041,Chuanmei_100_000040,Chuanmei_100_000041,40,41,1,True,0.00020819444443986868,5.833333318605582e-07,0.00020819526164973502,UNVERIFIED,False
Chuanmei__100,q_000041,q_000042,Chuanmei_100_000041,Chuanmei_100_000042,41,42,1,True,0.00021002777775436243,9.722222280572623e-07,0.0002100300279590911,UNVERIFIED,False
Chuanmei__100,q_000042,q_000043,Chuanmei_100_000042,Chuanmei_100_000043,42,43,1,True,0.00020672222224504821,2.88888887922667e-06,0.00020674240699210123,UNVERIFIED,False
Chuanmei__100,q_000043,q_000044,Chuanmei_100_000043,Chuanmei_100_000044,43,44,1,True,0.00020700000000317686,1.9444444987470888e-07,0.00020700009132838397,UNVERIFIED,False
Chuanmei__100,q_000044,q_000045,Chuanmei_100_000044,Chuanmei_100_000045,44,45,1,True,0.00020952777776983567,1.0277777811040778e-06,0.00020953029848767211,UNVERIFIED,False
Chuanmei__100,q_000045,q_000046,Chuanmei_100_000045,Chuanmei_100_000046,45,46,1,True,0.00020794444444049986,1.6111111058592087e-06,0.00020795068562681768,UNVERIFIED,False
Chuanmei__100,q_000046,q_000047,Chuanmei_100_000046,Chuanmei_100_000047,46,47,1,True,0.00020794444446892157,2.1111111117022574e-06,0.00020795516049286768,UNVERIFIED,False
Chuanmei__100,q_000047,q_000048,Chuanmei_100_000047,Chuanmei_100_000048,47,48,1,True,0.0002077222221998909,3.3888888850697185e-06,0.00020774986441279858,UNVERIFIED,False
Chuanmei__100,q_000048,q_000049,Chuanmei_100_000048,Chuanmei_100_000049,48,49,1,True,0.00020833333333314386,8.333333383347963e-07,0.00020833499999316392,UNVERIFIED,False
Chuanmei__100,q_000049,q_000050,Chuanmei_100_000049,Chuanmei_100_000050,49,50,1,True,0.00020761111112221897,1.861111108780733e-06,0.00020761945283610006,UNVERIFIED,False
Chuanmei__100,q_000050,q_000051,Chuanmei_100_000050,Chuanmei_100_000051,50,51,1,True,2.5833333410218984e-06,-0.00017858333333009568,0.00017860201721828033,UNVERIFIED,False
Chuanmei__100,q_000051,q_000052,Chuanmei_100_000051,Chuanmei_100_000052,51,52,1,True,-0.00020497222223525569,-2.805555556761874e-06,0.00020499142184501556,UNVERIFIED,False
Chuanmei__100,q_000052,q_000053,Chuanmei_100_000052,Chuanmei_100_000053,52,53,1,True,-0.00021041666666121728,-3.61111112567869e-07,0.00021041697652531138,UNVERIFIED,False
Chuanmei__100,q_000053,q_000054,Chuanmei_100_000053,Chuanmei_100_000054,53,54,1,True,-0.0002061388888989768,-2.0277777785793205e-06,0.00020614886223121388,UNVERIFIED,False
Chuanmei__100,q_000054,q_000055,Chuanmei_100_000054,Chuanmei_100_000055,54,55,1,True,-0.00020925000001170702,-1.6666666624587378e-07,0.00020925006638631449,UNVERIFIED,False
Chuanmei__100,q_000055,q_000056,Chuanmei_100_000055,Chuanmei_100_000056,55,56,1,True,-0.0002080833333195642,-1.3055555534435825e-06,0.00020808742893477247,UNVERIFIED,False
Chuanmei__100,q_000056,q_000057,Chuanmei_100_000056,Chuanmei_100_000057,56,57,1,True,-0.00021322222221442644,-5.00000002290335e-07,0.0002132228084564607,UNVERIFIED,False
Chuanmei__100,q_000057,q_000058,Chuanmei_100_000057,Chuanmei_100_000058,57,58,1,True,-0.00020513888890150156,-1.333333333519704e-06,0.00020514322196339043,UNVERIFIED,False
Chuanmei__100,q_000058,q_000059,Chuanmei_100_000058,Chuanmei_100_000059,58,59,1,True,-0.00020677777777677875,-8.333333312293689e-08,0.0002067777945688253,UNVERIFIED,False
Chuanmei__100,q_000059,q_000060,Chuanmei_100_000059,Chuanmei_100_000060,59,60,1,True,-0.0002090277777853089,-5.555555553371505e-07,0.00020902851606381255,UNVERIFIED,False
Chuanmei__100,q_000060,q_000061,Chuanmei_100_000060,Chuanmei_100_000061,60,61,1,True,-0.00020974999998202293,-8.333333276766552e-07,0.00020975165538534763,UNVERIFIED,False
Chuanmei__100,q_000061,q_000062,Chuanmei_100_000061,Chuanmei_100_000062,61,62,1,True,-0.00020730555557690877,-3.888888926439904e-07,0.00020730592033905263,UNVERIFIED,False
Chuanmei__100,q_000062,q_000063,Chuanmei_100_000062,Chuanmei_100_000063,62,63,1,True,-0.00020894444442376425,2.2222222284540294e-07,0.0002089445625956125,UNVERIFIED,False
Chuanmei__100,q_000063,q_000064,Chuanmei_100_000063,Chuanmei_100_000064,63,64,1,True,-0.0002065000000186501,-2.2222222284540294e-07,0.0002065001195893572,UNVERIFIED,False
Chuanmei__100,q_000064,q_000065,Chuanmei_100_000064,Chuanmei_100_000065,64,65,1,True,-0.0002092222222103146,-2.500000004346248e-06,0.00020923715794916541,UNVERIFIED,False
Chuanmei__100,q_000065,q_000066,Chuanmei_100_000065,Chuanmei_100_000066,65,66,1,True,-0.00020952777776983567,-1.3888888616975237e-07,0.00020952782380220615,UNVERIFIED,False
Chuanmei__100,q_000066,q_000067,Chuanmei_100_000066,Chuanmei_100_000067,66,67,1,True,-0.00020849999999938973,-1.1111110964634463e-07,0.00020850002960533172,UNVERIFIED,False
Chuanmei__100,q_000067,q_000068,Chuanmei_100_000067,Chuanmei_100_000068,67,68,1,True,-1.59722222150549e-05,-0.0001783333333342796,0.0001790471716073794,UNVERIFIED,False
Chuanmei__100,q_000068,q_000069,Chuanmei_100_000068,Chuanmei_100_000069,68,69,1,True,0.00020700000000317686,-9.444444444284272e-07,0.00020700215452169532,UNVERIFIED,False
Chuanmei__100,q_000069,q_000070,Chuanmei_100_000069,Chuanmei_100_000070,69,70,1,True,0.00020788888888034762,1.6388888823826164e-06,0.00020789534885772294,UNVERIFIED,False
Chuanmei__100,q_000070,q_000071,Chuanmei_100_000070,Chuanmei_100_000071,70,71,1,True,0.00020780555556143554,3.5555555619737333e-06,0.0002078359711348138,UNVERIFIED,False
Chuanmei__100,q_000071,q_000072,Chuanmei_100_000071,Chuanmei_100_000072,71,72,1,True,0.00020758333332082657,1.499999996212864e-06,0.00020758875276029293,UNVERIFIED,False
Chuanmei__100,q_000072,q_000073,Chuanmei_100_000072,Chuanmei_100_000073,72,73,1,True,0.0002073333333356686,2.4722222313755537e-06,0.0002073480720789098,UNVERIFIED,False
Chuanmei__100,q_000073,q_000074,Chuanmei_100_000073,Chuanmei_100_000074,73,74,1,True,0.00020933333334482995,2.5277777702115145e-06,0.00020934859471635644,UNVERIFIED,False
Chuanmei__100,q_000074,q_000075,Chuanmei_100_000074,Chuanmei_100_000075,74,75,1,True,0.0002105277777673109,1.9722222290852187e-06,0.00021053701544422812,UNVERIFIED,False
Chuanmei__100,q_000075,q_000076,Chuanmei_100_000075,Chuanmei_100_000076,75,76,1,True,0.00020852777778657128,1.861111108780733e-06,0.0002085360828325997,UNVERIFIED,False
Chuanmei__100,q_000076,q_000077,Chuanmei_100_000076,Chuanmei_100_000077,76,77,1,True,0.00020783333332019538,1.2777777769201748e-06,0.00020783726122866088,UNVERIFIED,False
Chuanmei__100,q_000077,q_000078,Chuanmei_100_000077,Chuanmei_100_000078,77,78,1,True,0.0002071666666836336,1.4722222196894563e-06,0.00020717189776384222,UNVERIFIED,False
Chuanmei__100,q_000078,q_000079,Chuanmei_100_000078,Chuanmei_100_000079,78,79,1,True,0.00020752777776067433,1.3888888901192331e-06,0.00020753242530899342,UNVERIFIED,False
Chuanmei__100,q_000079,q_000080,Chuanmei_100_000079,Chuanmei_100_000080,79,80,1,True,0.00020769444444113105,9.166666679050195e-07,0.0002076964673014207,UNVERIFIED,False
Chuanmei__100,q_000080,q_000081,Chuanmei_100_000080,Chuanmei_100_000081,80,81,1,True,0.0002099166666766905,2.4722222207174127e-06,0.00020993122405054803,UNVERIFIED,False
Chuanmei__100,q_000081,q_000082,Chuanmei_100_000081,Chuanmei_100_000082,81,82,1,True,0.00020527777775214417,4.3333333330508594e-06,0.0002053235101410309,UNVERIFIED,False
Chuanmei__100,q_000082,q_000083,Chuanmei_100_000082,Chuanmei_100_000083,82,83,1,True,0.00021269444444271812,1.0555555540747719e-06,0.00021269706367113827,UNVERIFIED,False
Chuanmei__100,q_000083,q_000084,Chuanmei_100_000083,Chuanmei_100_000084,83,84,1,True,0.00020733333336409032,3.972222224035704e-06,0.00020737138103716753,UNVERIFIED,False
Chuanmei__100,q_000084,q_000085,Chuanmei_100_000084,Chuanmei_100_000085,84,85,1,True,8.888888885394408e-06,-0.00018138888888685756,0.00018160655648193335,UNVERIFIED,False
Chuanmei__100,q_000085,q_000086,Chuanmei_100_000085,Chuanmei_100_000086,85,86,1,True,-0.00020497222224946654,-4.8611111083118885e-06,0.00020502985708206517,UNVERIFIED,False
Chuanmei__100,q_000086,q_000087,Chuanmei_100_000086,Chuanmei_100_000087,86,87,1,True,-0.00020647222220304684,-1.999999998503199e-06,0.00020648190850885306,UNVERIFIED,False
Chuanmei__100,q_000087,q_000088,Chuanmei_100_000087,Chuanmei_100_000088,87,88,1,True,-0.00020502777779540793,-1.8888888959622818e-06,0.00020503647862998538,UNVERIFIED,False
Chuanmei__100,q_000088,q_000089,Chuanmei_100_000088,Chuanmei_100_000089,88,89,1,True,-0.00020769444444113105,-3.6111111043624078e-06,0.000207725834635748,UNVERIFIED,False
Chuanmei__100,q_000089,q_000090,Chuanmei_100_000089,Chuanmei_100_000090,89,90,1,True,-0.00020849999999938973,-4.7222222292475635e-06,0.00020855346888155066,UNVERIFIED,False
Chuanmei__100,q_000090,q_000091,Chuanmei_100_000090,Chuanmei_100_000091,90,91,1,True,-0.00021236111109601552,-5.555555553371505e-07,0.00021236183778614582,UNVERIFIED,False
Chuanmei__100,q_000091,q_000092,Chuanmei_100_000091,Chuanmei_100_000092,91,92,1,True,-0.0002099722222226319,8.611111113054903e-07,0.0002099739879543567,UNVERIFIED,False
Chuanmei__100,q_000092,q_000093,Chuanmei_100_000092,Chuanmei_100_000093,92,93,1,True,-0.00020961111111716946,-2.305555554471539e-06,0.0002096237903726319,UNVERIFIED,False
Chuanmei__100,q_000093,q_000094,Chuanmei_100_000093,Chuanmei_100_000094,93,94,1,True,-0.00020469444444870533,-2.8333333332852817e-06,0.00020471405268310627,UNVERIFIED,False
Chuanmei__100,q_000094,q_000095,Chuanmei_100_000094,Chuanmei_100_000095,94,95,1,True,-0.000208333333318933,-4.27777777645133e-06,0.0002083772472091959,UNVERIFIED,False
Chuanmei__100,q_000095,q_000096,Chuanmei_100_000095,Chuanmei_100_000096,95,96,1,True,-0.00020727777777551637,-2.722222223638937e-06,0.0002072956527604745,UNVERIFIED,False
Chuanmei__100,q_000096,q_000097,Chuanmei_100_000096,Chuanmei_100_000097,96,97,1,True,-0.0002070833333362998,-1.7777777792105098e-06,0.00020709096416672869,UNVERIFIED,False
Chuanmei__100,q_000097,q_000098,Chuanmei_100_000097,Chuanmei_100_000098,97,98,1,True,-0.00020652777776319908,-1.4166666595372135e-06,0.0002065326364820572,UNVERIFIED,False
Chuanmei__100,q_000098,q_000099,Chuanmei_100_000098,Chuanmei_100_000099,98,99,1,True,-0.00021463888892014893,-3.1944444494058644e-06,0.00021466265886785335,UNVERIFIED,False
Chuanmei__100,q_000099,q_000100,Chuanmei_100_000099,Chuanmei_100_000100,99,100,1,True,-0.00020686111109569083,-2.555555550287636e-06,0.00020687689611920018,UNVERIFIED,False
Chuanmei__100,q_000100,q_000101,Chuanmei_100_000100,Chuanmei_100_000101,100,101,1,True,-0.00020399999998232943,-5.555555624425779e-07,0.00020400075645637535,UNVERIFIED,False
Chuanmei__100,q_000101,q_000102,Chuanmei_100_000101,Chuanmei_100_000102,101,102,1,True,1.4722221948204606e-06,-0.000180611111108675,0.00018061711129929267,UNVERIFIED,False
Chuanmei__100,q_000102,q_000103,Chuanmei_100_000102,Chuanmei_100_000103,102,103,1,True,0.00020486111112916205,7.222222215830243e-07,0.00020486238419488393,UNVERIFIED,False
Chuanmei__100,q_000103,q_000104,Chuanmei_100_000103,Chuanmei_100_000104,103,104,1,True,0.0002067222222166265,-2.7777780076121417e-08,0.00020672222408291127,UNVERIFIED,False
Chuanmei__100,q_000104,q_000105,Chuanmei_100_000104,Chuanmei_100_000105,104,105,1,True,0.00020977777778341533,2.2222222284540294e-07,0.00020977789548583118,UNVERIFIED,False
Chuanmei__100,q_000105,q_000106,Chuanmei_100_000105,Chuanmei_100_000106,105,106,1,True,0.00020633333330977166,-1.4166666666426408e-06,0.00020633819660733127,UNVERIFIED,False
Chuanmei__100,q_000106,q_000107,Chuanmei_100_000106,Chuanmei_100_000107,106,107,1,True,0.00020691666668426478,4.02777777708252e-06,0.00020695586472856643,UNVERIFIED,False
Chuanmei__100,q_000107,q_000108,Chuanmei_100_000107,Chuanmei_100_000108,107,108,1,True,0.0002083611111203254,5.833333354132719e-07,0.00020836192767652347,UNVERIFIED,False
Chuanmei__100,q_000108,q_000109,Chuanmei_100_000108,Chuanmei_100_000109,108,109,1,True,0.00020747222221473294,4.4444444924351956e-07,0.00020747269825591025,UNVERIFIED,False
Chuanmei__100,q_000109,q_000110,Chuanmei_100_000109,Chuanmei_100_000110,109,110,1,True,0.00020530555553932572,1.7499999955816747e-06,0.00020531301379916395,UNVERIFIED,False
Chuanmei__100,q_000110,q_000111,Chuanmei_100_000110,Chuanmei_100_000111,110,111,1,True,0.0002090000000123382,1.1666666672738302e-06,0.00020900325623365274,UNVERIFIED,False
Chuanmei__100,q_000111,q_000112,Chuanmei_100_000111,Chuanmei_100_000112,111,112,1,True,0.00020911111111843184,2.777777758922184e-07,0.00020911129561474657,UNVERIFIED,False
Chuanmei__100,q_000112,q_000113,Chuanmei_100_000112,Chuanmei_100_000113,112,113,1,True,0.00020955555555701721,-4.444444456908059e-07,0.00020955602686555078,UNVERIFIED,False
Chuanmei__100,q_000113,q_000114,Chuanmei_100_000113,Chuanmei_100_000114,113,114,1,True,0.00020902777777109804,9.444444479811409e-07,0.00020902991138887006,UNVERIFIED,False
Chuanmei__100,q_000114,q_000115,Chuanmei_100_000114,Chuanmei_100_000115,114,115,1,True,0.0002067499999895972,2.7777777766857525e-06,0.0002067686594846402,UNVERIFIED,False
Chuanmei__100,q_000115,q_000116,Chuanmei_100_000115,Chuanmei_100_000116,115,116,1,True,0.00020691666667005393,-5.277777788137428e-07,0.00020691733976453016,UNVERIFIED,False
Chuanmei__100,q_000116,q_000117,Chuanmei_100_000116,Chuanmei_100_000117,116,117,1,True,0.00020919444445155477,1.7222222226109807e-06,0.0002092015335478655,UNVERIFIED,False
Chuanmei__100,q_000117,q_000118,Chuanmei_100_000117,Chuanmei_100_000118,117,118,1,True,0.00020627777777804113,6.944444486123302e-07,0.00020627894671570128,UNVERIFIED,False
Chuanmei__100,q_000118,q_000119,Chuanmei_100_000118,Chuanmei_100_000119,118,119,1,True,-8.16666666025867e-06,-0.00017869444445040017,0.0001788809629943246,UNVERIFIED,False
Chuanmei__100,q_000119,q_000120,Chuanmei_100_000119,Chuanmei_100_000120,119,120,1,True,-0.0002019722222286191,-2.5277777808696555e-06,0.00020198803977581484,UNVERIFIED,False
Chuanmei__100,q_000120,q_000121,Chuanmei_100_000120,Chuanmei_100_000121,120,121,1,True,-0.0002073333333356686,-2.916666662855505e-06,0.0002073538474600886,UNVERIFIED,False
Chuanmei__100,q_000121,q_000122,Chuanmei_100_000121,Chuanmei_100_000122,121,122,1,True,-0.00021077777778089057,-2.8333333368379954e-06,0.00021079682014690858,UNVERIFIED,False
Chuanmei__100,q_000122,q_000123,Chuanmei_100_000122,Chuanmei_100_000123,122,123,1,True,-0.0002064166666713163,-2.777776941798038e-08,0.00020641666854036224,UNVERIFIED,False
Chuanmei__100,q_000123,q_000124,Chuanmei_100_000123,Chuanmei_100_000124,123,124,1,True,-0.00020847222221220818,-1.7499999991343884e-06,0.00020847956718607525,UNVERIFIED,False
Chuanmei__100,q_000124,q_000125,Chuanmei_100_000124,Chuanmei_100_000125,124,125,1,True,-0.0002065000000186501,-2.416666671223311e-06,0.00020651414064296492,UNVERIFIED,False
Chuanmei__100,q_000125,q_000126,Chuanmei_100_000125,Chuanmei_100_000126,125,126,1,True,-0.00020838888887908524,-2.3333333345476603e-06,0.00020840195165283326,UNVERIFIED,False
Chuanmei__100,q_000126,q_000127,Chuanmei_100_000126,Chuanmei_100_000127,126,127,1,True,-0.00021105555555323008,-2.1944444448251943e-06,0.0002110669635833709,UNVERIFIED,False
Chuanmei__100,q_000127,q_000128,Chuanmei_100_000127,Chuanmei_100_000128,127,128,1,True,-0.00020725000000254568,-2.0277777785793205e-06,0.00020725991986820434,UNVERIFIED,False
Chuanmei__100,q_000128,q_000129,Chuanmei_100_000128,Chuanmei_100_000129,128,129,1,True,-0.0002096388888759293,-2.833333329732568e-06,0.00020965803468241231,UNVERIFIED,False
Chuanmei__100,q_000129,q_000130,Chuanmei_100_000129,Chuanmei_100_000130,129,130,1,True,-0.00020636111112537492,-2.6111111139925924e-06,0.00020637762981037686,UNVERIFIED,False
Chuanmei__100,q_000130,q_000131,Chuanmei_100_000130,Chuanmei_100_000131,130,131,1,True,-0.0002115833333249384,-2.166666664749073e-06,0.00021159442664051462,UNVERIFIED,False
Chuanmei__100,q_000131,q_000132,Chuanmei_100_000131,Chuanmei_100_000132,131,132,1,True,-0.00020869444445281715,-9.72222220951835e-07,0.00020869670903374805,UNVERIFIED,False
Chuanmei__100,q_000132,q_000133,Chuanmei_100_000132,Chuanmei_100_000133,132,133,1,True,-0.00020727777777551637,-3.4722222252980828e-06,0.0002073068582723162,UNVERIFIED,False
Chuanmei__100,q_000133,q_000134,Chuanmei_100_000133,Chuanmei_100_000134,133,134,1,True,-0.00020588888888539714,-1.8055555557339176e-06,0.00020589680569967143,UNVERIFIED,False
Chuanmei__100,q_000134,q_000135,Chuanmei_100_000134,Chuanmei_100_000135,134,135,1,True,-0.00021038888887403573,-1.3055555534435825e-06,0.0002103929396081401,UNVERIFIED,False
Chuanmei__100,q_000135,q_000136,Chuanmei_100_000135,Chuanmei_100_000136,135,136,1,True,4.02777774866081e-06,-0.00017250000000146315,0.00017254701676382988,UNVERIFIED,False
Chuanmei__100,q_000136,q_000137,Chuanmei_100_000136,Chuanmei_100_000137,136,137,1,True,0.00020797222224189227,-2.9444444429316263e-06,0.0002079930647336794,UNVERIFIED,False
Chuanmei__100,q_000137,q_000138,Chuanmei_100_000137,Chuanmei_100_000138,137,138,1,True,0.00020744444444176224,1.750000002687102e-06,0.00020745182580483786,UNVERIFIED,False
Chuanmei__100,q_000138,q_000139,Chuanmei_100_000138,Chuanmei_100_000139,138,139,1,True,0.0002084166666662668,4.7222221866149994e-07,0.00020841720163676885,UNVERIFIED,False
Chuanmei__100,q_000139,q_000140,Chuanmei_100_000139,Chuanmei_100_000140,139,140,1,True,0.00020808333333377504,9.72222220951835e-07,0.00020808560456538516,UNVERIFIED,False
Chuanmei__100,q_000140,q_000141,Chuanmei_100_000140,Chuanmei_100_000141,140,141,1,True,0.0002081111111209566,-1.6666666624587378e-07,0.00020811117785879928,UNVERIFIED,False
Chuanmei__100,q_000141,q_000142,Chuanmei_100_000141,Chuanmei_100_000142,141,142,1,True,0.00020441666663373326,1.30555556054901e-06,0.00020442083571145216,UNVERIFIED,False
Chuanmei__100,q_000142,q_000143,Chuanmei_100_000142,Chuanmei_100_000143,142,143,1,True,0.00021113888892898558,-3.3333333604446125e-07,0.0002111391520520991,UNVERIFIED,False
Chuanmei__100,q_000143,q_000144,Chuanmei_100_000143,Chuanmei_100_000144,143,144,1,True,0.0002063611110969532,3.3333333604446125e-07,0.0002063613803120196,UNVERIFIED,False
Chuanmei__100,q_000144,q_000145,Chuanmei_100_000144,Chuanmei_100_000145,144,145,1,True,0.00020827777778720247,1.1944444402445242e-06,0.00020828120274642194,UNVERIFIED,False
Chuanmei__100,q_000145,q_000146,Chuanmei_100_000145,Chuanmei_100_000146,145,146,1,True,0.00020830555556017316,4.1111111102054565e-06,0.00020834611998257332,UNVERIFIED,False
Chuanmei__100,q_000146,q_000147,Chuanmei_100_000146,Chuanmei_100_000147,146,147,1,True,0.0002044999999952779,-5.55555494941018e-08,0.00020450000754153468,UNVERIFIED,False
Chuanmei__100,q_000147,q_000148,Chuanmei_100_000147,Chuanmei_100_000148,147,148,1,True,0.00021072222219231662,-4.72222229319641e-07,0.00021072275130963415,UNVERIFIED,False
Chuanmei__100,q_000148,q_000149,Chuanmei_100_000148,Chuanmei_100_000149,148,149,1,True,0.00020650000000443924,1.6388888894880438e-06,0.00020650650342937264,UNVERIFIED,False
Chuanmei__100,q_000149,q_000150,Chuanmei_100_000149,Chuanmei_100_000150,149,150,1,True,0.00020863888887845405,-5.5555553046815476e-08,0.00020863889627501238,UNVERIFIED,False
Chuanmei__100,q_000150,q_000151,Chuanmei_100_000150,Chuanmei_100_000151,150,151,1,True,0.00020855555555954197,1.0277777775513641e-06,0.0002085580880280341,UNVERIFIED,False
Chuanmei__100,q_000151,q_000152,Chuanmei_100_000151,Chuanmei_100_000152,151,152,1,True,0.00020736111112285016,2.777777758922184e-07,0.0002073612971761987,UNVERIFIED,False
Chuanmei__100,q_000152,q_000153,Chuanmei_100_000152,Chuanmei_100_000153,152,153,1,True,6.194444438278879e-06,-0.00018505555555847764,0.0001851592011890193,UNVERIFIED,False
Chuanmei__100,q_000153,q_000154,Chuanmei_100_000153,Chuanmei_100_000154,153,154,1,True,-0.0002086944444386063,-3.2222222188238447e-06,0.00020871931835737202,UNVERIFIED,False
Chuanmei__100,q_000154,q_000155,Chuanmei_100_000154,Chuanmei_100_000155,154,155,1,True,-0.0002080000000006521,-1.138888883644995e-06,0.0002080031179289401,UNVERIFIED,False
Chuanmei__100,q_000155,q_000156,Chuanmei_100_000155,Chuanmei_100_000156,155,156,1,True,-0.0002106666666605861,-2.555555560945777e-06,0.00021068216655926902,UNVERIFIED,False
Chuanmei__100,q_000156,q_000157,Chuanmei_100_000156,Chuanmei_100_000157,156,157,1,True,-0.00020638888888413476,-2.88888887922667e-06,0.0002064091062278606,UNVERIFIED,False
Chuanmei__100,q_000157,q_000158,Chuanmei_100_000157,Chuanmei_100_000158,157,158,1,True,-0.0002112500000066575,-1.6111111200700634e-06,0.0002112561435363573,UNVERIFIED,False
Chuanmei__100,q_000158,q_000159,Chuanmei_100_000158,Chuanmei_100_000159,158,159,1,True,-0.0002080555555465935,-3.3055555554994953e-06,0.0002080818129758873,UNVERIFIED,False
Chuanmei__100,q_000159,q_000160,Chuanmei_100_000159,Chuanmei_100_000160,159,160,1,True,-0.0002063888888983456,-1.8888888888568545e-06,0.0002063975323542607,UNVERIFIED,False
Chuanmei__100,q_000160,q_000161,Chuanmei_100_000160,Chuanmei_100_000161,160,161,1,True,-0.00020838888887908524,-1.1666666672738302e-06,0.0002083921546492868,UNVERIFIED,False
Chuanmei__100,q_000161,q_000162,Chuanmei_100_000161,Chuanmei_100_000162,161,162,1,True,-0.00020880555555891078,-2.4722222207174127e-06,0.00020882019039109698,UNVERIFIED,False
Chuanmei__100,q_000162,q_000163,Chuanmei_100_000162,Chuanmei_100_000163,162,163,1,True,-0.00020755555556206673,-1.2222222238733593e-06,0.00020755915415091356,UNVERIFIED,False
Chuanmei__100,q_000163,q_000164,Chuanmei_100_000163,Chuanmei_100_000164,163,164,1,True,-0.0002109166666599549,-2.7777777766857525e-06,0.0002109349575682589,UNVERIFIED,False
Chuanmei__100,q_000164,q_000165,Chuanmei_100_000164,Chuanmei_100_000165,164,165,1,True,-0.00020572222221915126,-1.833333335810039e-06,0.0002057303911091068,UNVERIFIED,False
Chuanmei__100,q_000165,q_000166,Chuanmei_100_000165,Chuanmei_100_000166,165,166,1,True,-0.00021116666668774542,-3.25000000245268e-06,0.00021119167507273887,UNVERIFIED,False
Chuanmei__100,q_000166,q_000167,Chuanmei_100_000166,Chuanmei_100_000167,166,167,1,True,-0.0002035555555579549,-1.3333333299669903e-06,0.00020355992232332098,UNVERIFIED,False
Chuanmei__100,q_000167,q_000168,Chuanmei_100_000167,Chuanmei_100_000168,167,168,1,True,-0.00021336111109349076,-5.833333332816437e-06,0.0002134408384185666,UNVERIFIED,False
Chuanmei__100,q_000168,q_000169,Chuanmei_100_000168,Chuanmei_100_000169,168,169,1,True,-0.00021044444444839883,-8.055555547059612e-07,0.00021044598622674404,UNVERIFIED,False
Chuanmei__100,q_000169,q_000170,Chuanmei_100_000169,Chuanmei_100_000170,169,170,1,True,-1.1388888907504224e-06,-0.0001810277777778424,0.00018103136025310467,UNVERIFIED,False
Chuanmei__100,q_000170,q_000171,Chuanmei_100_000170,Chuanmei_100_000171,170,171,1,True,0.0002055555555529054,-3.472222221745369e-06,0.00020558487966244198,UNVERIFIED,False
Chuanmei__100,q_000171,q_000172,Chuanmei_100_000171,Chuanmei_100_000172,171,172,1,True,0.00020686111112411254,8.888888878288981e-07,0.00020686302090745302,UNVERIFIED,False
Chuanmei__100,q_000172,q_000173,Chuanmei_100_000172,Chuanmei_100_000173,172,173,1,True,0.00020613888888476595,3.5277777783448983e-06,0.00020616907315768596,UNVERIFIED,False
Chuanmei__100,q_000173,q_000174,Chuanmei_100_000173,Chuanmei_100_000174,173,174,1,True,0.00020783333333440623,2.666666667039408e-06,0.00020785044035556797,UNVERIFIED,False
Chuanmei__100,q_000174,q_000175,Chuanmei_100_000174,Chuanmei_100_000175,174,175,1,True,0.00020813888887971643,9.72222220951835e-07,0.00020814115950510572,UNVERIFIED,False
Chuanmei__100,q_000175,q_000176,Chuanmei_100_000175,Chuanmei_100_000176,175,176,1,True,0.00020925000002591787,6.388888955655148e-07,0.00020925097536180685,UNVERIFIED,False
Chuanmei__100,q_000176,q_000177,Chuanmei_100_000176,Chuanmei_100_000177,176,177,1,True,0.00020863888887845405,3.0277777725018495e-06,0.00020866085735153,UNVERIFIED,False
Chuanmei__100,q_000177,q_000178,Chuanmei_100_000177,Chuanmei_100_000178,177,178,1,True,0.000207777777774254,3.0555555596833983e-07,0.00020777800244733575,UNVERIFIED,False
Chuanmei__100,q_000178,q_000179,Chuanmei_100_000178,Chuanmei_100_000179,178,179,1,True,0.0002054999999785423,4.444444385853785e-07,0.00020550048058834284,UNVERIFIED,False
Chuanmei__100,q_000179,q_000180,Chuanmei_100_000179,Chuanmei_100_000180,179,180,1,True,0.00020575000002054367,2.7777778299764577e-07,0.00020575018753077833,UNVERIFIED,False
Chuanmei__100,q_000180,q_000181,Chuanmei_100_000180,Chuanmei_100_000181,180,181,1,True,0.00020955555555701721,1.2777777769201748e-06,0.00020955945118475886,UNVERIFIED,False
Chuanmei__100,q_000181,q_000182,Chuanmei_100_000181,Chuanmei_100_000182,181,182,1,True,0.0002071111111092705,7.222222215830243e-07,0.0002071123703448298,UNVERIFIED,False
Chuanmei__100,q_000182,q_000183,Chuanmei_100_000182,Chuanmei_100_000183,182,183,1,True,0.0002096666666773217,1.333333333519704e-06,0.0002096709061681124,UNVERIFIED,False
Chuanmei__100,q_000183,q_000184,Chuanmei_100_000183,Chuanmei_100_000184,183,184,1,True,0.0002085833333183018,6.111111119366797e-07,0.00020858422853841307,UNVERIFIED,False
Chuanmei__100,q_000184,q_000185,Chuanmei_100_000184,Chuanmei_100_000185,184,185,1,True,0.00020819444443986868,9.72222220951835e-07,0.00020819671445936047,UNVERIFIED,False
Chuanmei__100,q_000185,q_000186,Chuanmei_100_000185,Chuanmei_100_000186,185,186,1,True,0.00020922222222452547,2.7777778299764577e-07,0.00020922240662286972,UNVERIFIED,False
Chuanmei__100,q_000186,q_000187,Chuanmei_100_000186,Chuanmei_100_000187,186,187,1,True,8.055555582586749e-07,-0.00017708333333743553,0.00017708516557197768,UNVERIFIED,False
Chuanmei__100,q_000187,q_000188,Chuanmei_100_000187,Chuanmei_100_000188,187,188,1,True,-0.0002057500000063328,-6.944444450596166e-07,0.00020575117194245388,UNVERIFIED,False
Chuanmei__100,q_000188,q_000189,Chuanmei_100_000188,Chuanmei_100_000189,188,189,1,True,-0.00020722222221536413,-3.611111090151553e-07,0.00020722253685617019,UNVERIFIED,False
Chuanmei__100,q_000189,q_000190,Chuanmei_100_000189,Chuanmei_100_000190,189,190,1,True,-0.00020936111111780065,8.888888878288981e-07,0.00020936299809645202,UNVERIFIED,False
Chuanmei__100,q_000190,q_000191,Chuanmei_100_000190,Chuanmei_100_000191,190,191,1,True,-0.00021080555556807212,-2.777777794449321e-07,0.00021080573858142074,UNVERIFIED,False
Chuanmei__100,q_000191,q_000192,Chuanmei_100_000191,Chuanmei_100_000192,191,192,1,True,-0.00020916666665016237,8.333334378107793e-08,0.00020916668325043146,UNVERIFIED,False
Chuanmei__100,q_000192,q_000193,Chuanmei_100_000192,Chuanmei_100_000193,192,193,1,True,-0.00020966666666311085,4.99999991632194e-07,0.000209667262846663,UNVERIFIED,False
Chuanmei__100,q_000193,q_000194,Chuanmei_100_000193,Chuanmei_100_000194,193,194,1,True,-0.00020672222224504821,9.444444479811409e-07,0.0002067243796586325,UNVERIFIED,False
Chuanmei__100,q_000194,q_000195,Chuanmei_100_000194,Chuanmei_100_000195,194,195,1,True,-0.00020786111109316607,1.4166666630899272e-06,0.00020786593864633002,UNVERIFIED,False
Chuanmei__100,q_000195,q_000196,Chuanmei_100_000195,Chuanmei_100_000196,195,196,1,True,-0.00020813888887971643,8.055555547059612e-07,0.00020814044773622128,UNVERIFIED,False
Chuanmei__100,q_000196,q_000197,Chuanmei_100_000196,Chuanmei_100_000197,196,197,1,True,-0.00020916666667858408,8.888888878288981e-07,0.000209168555411383,UNVERIFIED,False
Chuanmei__100,q_000197,q_000198,Chuanmei_100_000197,Chuanmei_100_000198,197,198,1,True,-0.0002083888888648744,-7.222222215830243e-07,0.00020839014037922794,UNVERIFIED,False
Chuanmei__100,q_000198,q_000199,Chuanmei_100_000198,Chuanmei_100_000199,198,199,1,True,-0.00020849999999938973,-1.9444444276928152e-07,0.00020850009066757463,UNVERIFIED,False
Chuanmei__80,q_000200,q_000201,Chuanmei_80_000000,Chuanmei_80_000001,0,1,1,True,0.0002001388888999145,-8.055555582586749e-07,0.00020014051006692714,UNVERIFIED,False
Chuanmei__80,q_000201,q_000202,Chuanmei_80_000001,Chuanmei_80_000002,1,2,1,True,0.00020547222221978245,-8.333333347820826e-07,0.00020547391208711272,UNVERIFIED,False
Chuanmei__80,q_000202,q_000203,Chuanmei_80_000002,Chuanmei_80_000003,2,3,1,True,0.0002067777777909896,-2.083333331626136e-06,0.00020678827255420106,UNVERIFIED,False
Chuanmei__80,q_000203,q_000204,Chuanmei_80_000003,Chuanmei_80_000004,3,4,1,True,0.00020591666665836783,-2.9166666699609323e-06,0.00020593732190197345,UNVERIFIED,False
Chuanmei__80,q_000204,q_000205,Chuanmei_80_000004,Chuanmei_80_000005,4,5,1,True,0.00020886111109064132,1.2500000039494807e-06,0.00020886485158117698,UNVERIFIED,False
Chuanmei__80,q_000205,q_000206,Chuanmei_80_000005,Chuanmei_80_000006,5,6,1,True,0.00020911111111843184,-2.166666664749073e-06,0.00020912233557805653,UNVERIFIED,False
Chuanmei__80,q_000206,q_000207,Chuanmei_80_000006,Chuanmei_80_000007,6,7,1,True,0.0002057500000063328,1.111111110674301e-06,0.00020575300014946614,UNVERIFIED,False
Chuanmei__80,q_000207,q_000208,Chuanmei_80_000007,Chuanmei_80_000008,7,8,1,True,0.000206833333336931,-1.0555555576274855e-06,0.0002068360267864408,UNVERIFIED,False
Chuanmei__80,q_000208,q_000209,Chuanmei_80_000008,Chuanmei_80_000009,8,9,1,True,0.0002092777777846777,-1.1111110964634463e-07,0.00020927780728058966,UNVERIFIED,False
Chuanmei__80,q_000209,q_000210,Chuanmei_80_000009,Chuanmei_80_000010,9,10,1,True,0.00020711111109505964,1.250000000396767e-06,0.00020711488319054023,UNVERIFIED,False
Chuanmei__80,q_000210,q_000211,Chuanmei_80_000010,Chuanmei_80_000011,10,11,1,True,0.00020780555556143554,-1.916666668932976e-06,0.00020781439443242779,UNVERIFIED,False
Chuanmei__80,q_000211,q_000212,Chuanmei_80_000011,Chuanmei_80_000012,11,12,1,True,0.00021033333332809434,-5.555555553371505e-07,0.0002103340670240613,UNVERIFIED,False
Chuanmei__80,q_000212,q_000213,Chuanmei_80_000012,Chuanmei_80_000013,12,13,1,True,0.00020677777777677875,-1.4444444431660486e-06,0.0002067828227925431,UNVERIFIED,False
Chuanmei__80,q_000213,q_000214,Chuanmei_80_000013,Chuanmei_80_000014,13,14,1,True,0.00021000000000981345,2.499999993688107e-07,0.00021000014881928378,UNVERIFIED,False
Chuanmei__80,q_000214,q_000215,Chuanmei_80_000014,Chuanmei_80_000015,14,15,1,True,0.00020508333332713846,-1.916666665380262e-06,0.00020509228951785672,UNVERIFIED,False
Chuanmei__80,q_000215,q_000216,Chuanmei_80_000015,Chuanmei_80_000016,15,16,1,True,0.00020844444445344834,4.722222222142136e-07,0.0002084449793526672,UNVERIFIED,False
Chuanmei__80,q_000216,q_000217,Chuanmei_80_000016,Chuanmei_80_000017,16,17,1,True,1.1666666637211165e-06,-0.0001794166666719832,0.0001794204597887035,UNVERIFIED,False
Chuanmei__80,q_000217,q_000218,Chuanmei_80_000017,Chuanmei_80_000018,17,18,1,True,-0.00020508333334134932,3.055555595210535e-07,0.00020508356096625335,UNVERIFIED,False
Chuanmei__80,q_000218,q_000219,Chuanmei_80_000018,Chuanmei_80_000019,18,19,1,True,-0.00021102777778025938,-1.2222222203206456e-06,0.0002110313171593979,UNVERIFIED,False
Chuanmei__80,q_000219,q_000220,Chuanmei_80_000019,Chuanmei_80_000020,19,20,1,True,-0.00020494444443386328,-8.888888913816118e-07,0.00020494637207759032,UNVERIFIED,False
Chuanmei__80,q_000220,q_000221,Chuanmei_80_000020,Chuanmei_80_000021,20,21,1,True,-0.0002131111111083328,-9.72222220951835e-07,0.00021311332875696695,UNVERIFIED,False
Chuanmei__80,q_000221,q_000222,Chuanmei_80_000021,Chuanmei_80_000022,21,22,1,True,-0.00020702777779035841,-1.694444446087573e-06,0.00020703471186927786,UNVERIFIED,False
Chuanmei__80,q_000222,q_000223,Chuanmei_80_000022,Chuanmei_80_000023,22,23,1,True,-0.00020600000000570162,1.3611111135958254e-06,0.00020600449661551716,UNVERIFIED,False
Chuanmei__80,q_000223,q_000224,Chuanmei_80_000023,Chuanmei_80_000024,23,24,1,True,-0.0002077500000012833,7.49999998106432e-07,0.00020775135378747926,UNVERIFIED,False
Chuanmei__80,q_000224,q_000225,Chuanmei_80_000024,Chuanmei_80_000025,24,25,1,True,-0.00020816666665268713,4.1666666916739814e-07,0.00020816708365254137,UNVERIFIED,False
Chuanmei__80,q_000225,q_000226,Chuanmei_80_000025,Chuanmei_80_000026,25,26,1,True,-0.00021052777778152176,1.9444444276928152e-07,0.0002105278675764022,UNVERIFIED,False
Chuanmei__80,q_000226,q_000227,Chuanmei_80_000026,Chuanmei_80_000027,26,27,1,True,-0.00020974999999623378,-1.7777777721050825e-06,0.00020975753381518162,UNVERIFIED,False
Chuanmei__80,q_000227,q_000228,Chuanmei_80_000027,Chuanmei_80_000028,27,28,1,True,-0.00020555555556711624,3.6111110190972795e-07,0.00020555587275904752,UNVERIFIED,False
Chuanmei__80,q_000228,q_000229,Chuanmei_80_000028,Chuanmei_80_000029,28,29,1,True,-0.00020594444444554938,2.2222222249013157e-06,0.0002059564334261079,UNVERIFIED,False
Chuanmei__80,q_000229,q_000230,Chuanmei_80_000029,Chuanmei_80_000030,29,30,1,True,-0.00020513888887307985,6.666666720889225e-07,0.00020513997214715001,UNVERIFIED,False
Chuanmei__80,q_000230,q_000231,Chuanmei_80_000030,Chuanmei_80_000031,30,31,1,True,-0.0002086666666656356,1.666666626931601e-07,0.0002086667332257922,UNVERIFIED,False
Chuanmei__80,q_000231,q_000232,Chuanmei_80_000031,Chuanmei_80_000032,31,32,1,True,-0.00020700000001738772,1.1111110609363095e-07,0.0002070000298378636,UNVERIFIED,False
Chuanmei__80,q_000232,q_000233,Chuanmei_80_000032,Chuanmei_80_000033,32,33,1,True,-0.00020811111109253488,6.111111154893933e-07,0.00020811200834398017,UNVERIFIED,False
Chuanmei__80,q_000233,q_000234,Chuanmei_80_000033,Chuanmei_80_000034,33,34,1,True,-1.3055555427854415e-06,-0.00017802777777831125,0.00017803256481879675,UNVERIFIED,False
Chuanmei__80,q_000234,q_000235,Chuanmei_80_000034,Chuanmei_80_000035,34,35,1,True,0.0002038611110748434,-1.250000000396767e-06,0.00020386494330480322,UNVERIFIED,False
Chuanmei__80,q_000235,q_000236,Chuanmei_80_000035,Chuanmei_80_000036,35,36,1,True,0.00020686111112411254,1.333333333519704e-06,0.00020686540811184627,UNVERIFIED,False
Chuanmei__80,q_000236,q_000237,Chuanmei_80_000036,Chuanmei_80_000037,36,37,1,True,0.00020780555556143554,1.6388888894880438e-06,0.00020781201812933956,UNVERIFIED,False
Chuanmei__80,q_000237,q_000238,Chuanmei_80_000037,Chuanmei_80_000038,37,38,1,True,0.00020558333331166523,1.8888888888568545e-06,0.00020559201063458104,UNVERIFIED,False
Chuanmei__80,q_000238,q_000239,Chuanmei_80_000038,Chuanmei_80_000039,38,39,1,True,0.00020916666669279493,2.444444444194005e-06,0.0002091809498114384,UNVERIFIED,False
Chuanmei__80,q_000239,q_000240,Chuanmei_80_000039,Chuanmei_80_000040,39,40,1,True,0.00020911111111843184,1.2777777769201748e-06,0.00020911501502578035,UNVERIFIED,False
Chuanmei__80,q_000240,q_000241,Chuanmei_80_000040,Chuanmei_80_000041,40,41,1,True,0.000206999999988966,2.3055555615769663e-06,0.00020701283917158242,UNVERIFIED,False
Chuanmei__80,q_000241,q_000242,Chuanmei_80_000041,Chuanmei_80_000042,41,42,1,True,0.00020886111110485217,3.0555555241562615e-07,0.00020886133461258218,UNVERIFIED,False
Chuanmei__80,q_000242,q_000243,Chuanmei_80_000042,Chuanmei_80_000043,42,43,1,True,0.00020711111109505964,6.666666649834951e-07,0.00020711218405364843,UNVERIFIED,False
Chuanmei__80,q_000243,q_000244,Chuanmei_80_000043,Chuanmei_80_000044,43,44,1,True,0.00020736111112285016,2.0000000020559128e-06,0.00020737075590861705,UNVERIFIED,False
Chuanmei__80,q_000244,q_000245,Chuanmei_80_000044,Chuanmei_80_000045,44,45,1,True,0.00020402777778372183,-8.333333347820826e-07,0.00020402947961461508,UNVERIFIED,False
Chuanmei__80,q_000245,q_000246,Chuanmei_80_000045,Chuanmei_80_000046,45,46,1,True,0.000213416666653643,3.0833333326540924e-06,0.0002134389386920588,UNVERIFIED,False
Chuanmei__80,q_000246,q_000247,Chuanmei_80_000046,Chuanmei_80_000047,46,47,1,True,0.00021019444446324087,3.472222221745369e-06,0.00021022312149325447,UNVERIFIED,False
Chuanmei__80,q_000247,q_000248,Chuanmei_80_000047,Chuanmei_80_000048,47,48,1,True,0.0002067222222166265,5.555555553371505e-07,0.0002067229687290587,UNVERIFIED,False
Chuanmei__80,q_000248,q_000249,Chuanmei_80_000048,Chuanmei_80_000049,48,49,1,True,0.00020833333333314386,1.6666666624587378e-07,0.00020833339999979953,UNVERIFIED,False
Chuanmei__80,q_000249,q_000250,Chuanmei_80_000049,Chuanmei_80_000050,49,50,1,True,0.0002087222222399987,1.5000000033182914e-06,0.00020872761210921127,UNVERIFIED,False
Chuanmei__80,q_000250,q_000251,Chuanmei_80_000050,Chuanmei_80_000051,50,51,1,True,2.2222221929268926e-06,-0.00017861111111372452,0.0001786249346668991,UNVERIFIED,False
Chuanmei__80,q_000251,q_000252,Chuanmei_80_000051,Chuanmei_80_000052,51,52,1,True,-0.000203249999984223,-1.1944444473499516e-06,0.00020325350966496114,UNVERIFIED,False
Chuanmei__80,q_000252,q_000253,Chuanmei_80_000052,Chuanmei_80_000053,52,53,1,True,-0.00021005555555575484,-4.999999951849077e-07,0.00021005615063556695,UNVERIFIED,False
Chuanmei__80,q_000253,q_000254,Chuanmei_80_000053,Chuanmei_80_000054,53,54,1,True,-0.00020527777778056588,-1.1666666672738302e-06,0.000205281093044732,UNVERIFIED,False
Chuanmei__80,q_000254,q_000255,Chuanmei_80_000054,Chuanmei_80_000055,54,55,1,True,-0.00021236111112443723,-7.500000016591457e-07,0.00021236243551534266,UNVERIFIED,False
Chuanmei__80,q_000255,q_000256,Chuanmei_80_000055,Chuanmei_80_000056,55,56,1,True,-0.00020372222219577907,-9.999999974752427e-07,0.0002037246765033174,UNVERIFIED,False
Chuanmei__80,q_000256,q_000257,Chuanmei_80_000056,Chuanmei_80_000057,56,57,1,True,-0.0002084722222406299,8.333332957022321e-08,0.00020847223889619066,UNVERIFIED,False
Chuanmei__80,q_000257,q_000258,Chuanmei_80_000057,Chuanmei_80_000058,57,58,1,True,-0.00021438888887814755,-9.166666679050195e-07,0.000214390848573783,UNVERIFIED,False
Chuanmei__80,q_000258,q_000259,Chuanmei_80_000058,Chuanmei_80_000059,58,59,1,True,-0.0002098888888752981,-7.222222180303106e-07,0.00020989013144557189,UNVERIFIED,False
Chuanmei__80,q_000259,q_000260,Chuanmei_80_000059,Chuanmei_80_000060,59,60,1,True,-0.00020769444446955276,5.5555556599529154e-08,0.00020769445189974624,UNVERIFIED,False
Chuanmei__80,q_000260,q_000261,Chuanmei_80_000060,Chuanmei_80_000061,60,61,1,True,-0.0002055277777799347,1.999999998503199e-06,0.0002055375085943007,UNVERIFIED,False
Chuanmei__80,q_000261,q_000262,Chuanmei_80_000061,Chuanmei_80_000062,61,62,1,True,-0.00020947222219547257,-1.6666666695641652e-06,0.00020947885251093216,UNVERIFIED,False
Chuanmei__80,q_000262,q_000263,Chuanmei_80_000062,Chuanmei_80_000063,62,63,1,True,-0.00020750000001612534,-4.166666620619708e-07,0.00020750041835572113,UNVERIFIED,False
Chuanmei__80,q_000263,q_000264,Chuanmei_80_000063,Chuanmei_80_000064,63,64,1,True,-0.00020861111111969421,-7.777777781825534e-07,0.00020861256103328399,UNVERIFIED,False
Chuanmei__80,q_000264,q_000265,Chuanmei_80_000064,Chuanmei_80_000065,64,65,1,True,-0.0002076388888809788,-1.944444463219952e-07,0.0002076389799251821,UNVERIFIED,False
Chuanmei__80,q_000265,q_000266,Chuanmei_80_000065,Chuanmei_80_000066,65,66,1,True,-0.00020730555556269792,-6.944444450596166e-07,0.0002073067187050292,UNVERIFIED,False
Chuanmei__80,q_000266,q_000267,Chuanmei_80_000066,Chuanmei_80_000067,66,67,1,True,-0.00020938888887656049,-1.1111110964634463e-07,0.0002093889183568206,UNVERIFIED,False
Chuanmei__80,q_000267,q_000268,Chuanmei_80_000067,Chuanmei_80_000068,67,68,1,True,-1.5194444443977773e-05,-0.00018049999999902866,0.00018113840327663947,UNVERIFIED,False
Chuanmei__80,q_000268,q_000269,Chuanmei_80_000068,Chuanmei_80_000069,68,69,1,True,0.00020641666665710545,1.0277777775513641e-06,0.00020641922536670517,UNVERIFIED,False
Chuanmei__80,q_000269,q_000270,Chuanmei_80_000069,Chuanmei_80_000070,69,70,1,True,0.0002048055555690098,2.499999993688107e-07,0.0002048057081527037,UNVERIFIED,False
Chuanmei__80,q_000270,q_000271,Chuanmei_80_000070,Chuanmei_80_000071,70,71,1,True,0.00020816666665268713,2.3611111039656407e-06,0.0002081800565638703,UNVERIFIED,False
Chuanmei__80,q_000271,q_000272,Chuanmei_80_000071,Chuanmei_80_000072,71,72,1,True,0.0002102500000233931,3.8055555577898303e-06,0.0002102844377573867,UNVERIFIED,False
Chuanmei__80,q_000272,q_000273,Chuanmei_80_000072,Chuanmei_80_000073,72,73,1,True,0.00020791666665331832,2.9722222265604614e-06,0.000207937909908682,UNVERIFIED,False
Chuanmei__80,q_000273,q_000274,Chuanmei_80_000073,Chuanmei_80_000074,73,74,1,True,0.0002093611111035898,8.333333347820826e-07,0.000209362769581835,UNVERIFIED,False
Chuanmei__80,q_000274,q_000275,Chuanmei_80_000074,Chuanmei_80_000075,74,75,1,True,0.0002071666666836336,1.722222229716408e-06,0.00020717382516673353,UNVERIFIED,False
Chuanmei__80,q_000275,q_000276,Chuanmei_80_000075,Chuanmei_80_000076,75,76,1,True,0.0002066944444436558,3.388888881517005e-06,0.00020672222408759728,UNVERIFIED,False
Chuanmei__80,q_000276,q_000277,Chuanmei_80_000076,Chuanmei_80_000077,76,77,1,True,0.00020911111109001013,-1.944444463219952e-07,0.00020911120149322767,UNVERIFIED,False
Chuanmei__80,q_000277,q_000278,Chuanmei_80_000077,Chuanmei_80_000078,77,78,1,True,0.00020933333334482995,2.0277777785793205e-06,0.0002093431544903654,UNVERIFIED,False
Chuanmei__80,q_000278,q_000279,Chuanmei_80_000078,Chuanmei_80_000079,78,79,1,True,0.00020700000000317686,1.222222227426073e-06,0.00020700360824992505,UNVERIFIED,False
Chuanmei__80,q_000279,q_000280,Chuanmei_80_000079,Chuanmei_80_000080,79,80,1,True,0.00020977777775499362,1.7222222155055533e-06,0.00020978484713911794,UNVERIFIED,False
Chuanmei__80,q_000280,q_000281,Chuanmei_80_000080,Chuanmei_80_000081,80,81,1,True,0.00021038888890245744,3.888888890912767e-06,0.00021042482750478007,UNVERIFIED,False
Chuanmei__80,q_000281,q_000282,Chuanmei_80_000081,Chuanmei_80_000082,81,82,1,True,0.00020958333334419876,2.7222222200862234e-06,0.00020960101170910665,UNVERIFIED,False
Chuanmei__80,q_000282,q_000283,Chuanmei_80_000082,Chuanmei_80_000083,82,83,1,True,0.00020724999998833482,2.9722222230077477e-06,0.00020727131157038524,UNVERIFIED,False
Chuanmei__80,q_000283,q_000284,Chuanmei_80_000083,Chuanmei_80_000084,83,84,1,True,0.00020836111110611455,8.888888878288981e-07,0.00020836300714097383,UNVERIFIED,False
Chuanmei__80,q_000284,q_000285,Chuanmei_80_000084,Chuanmei_80_000085,84,85,1,True,3.305555580368491e-06,-0.0001843333333333419,0.00018436296937149782,UNVERIFIED,False
Chuanmei__80,q_000285,q_000286,Chuanmei_80_000085,Chuanmei_80_000086,85,86,1,True,-0.0002046111111155824,-3.6111111043624078e-06,0.0002046429742633772,UNVERIFIED,False
Chuanmei__80,q_000286,q_000287,Chuanmei_80_000086,Chuanmei_80_000087,86,87,1,True,-0.00020752777778909604,-2.9444444500370537e-06,0.00020754866491307474,UNVERIFIED,False
Chuanmei__80,q_000287,q_000288,Chuanmei_80_000087,Chuanmei_80_000088,87,88,1,True,-0.00020747222221473294,-3.916666667436175e-06,0.0002075091883953656,UNVERIFIED,False
Chuanmei__80,q_000288,q_000289,Chuanmei_80_000088,Chuanmei_80_000089,88,89,1,True,-0.00021636111112854906,-5.944444442462782e-06,0.00021644275647041155,UNVERIFIED,False
Chuanmei__80,q_000289,q_000290,Chuanmei_80_000089,Chuanmei_80_000090,89,90,1,True,-0.0002034722222106211,-5.555555553371505e-07,0.00020347298064682552,UNVERIFIED,False
Chuanmei__80,q_000290,q_000291,Chuanmei_80_000090,Chuanmei_80_000091,90,91,1,True,-0.00020180555556237323,-1.2777777804728885e-06,0.0002018096007921684,UNVERIFIED,False
Chuanmei__80,q_000291,q_000292,Chuanmei_80_000091,Chuanmei_80_000092,91,92,1,True,-0.00020849999999938973,-1.333333333519704e-06,0.00020850426321186767,UNVERIFIED,False
Chuanmei__80,q_000292,q_000293,Chuanmei_80_000092,Chuanmei_80_000093,92,93,1,True,-0.00020513888890150156,1.2499999968440534e-06,0.00020514269726152747,UNVERIFIED,False
Chuanmei__80,q_000293,q_000294,Chuanmei_80_000093,Chuanmei_80_000094,93,94,1,True,-0.0002085833333183018,-1.1944444402445242e-06,0.00020858675326035117,UNVERIFIED,False
Chuanmei__80,q_000294,q_000295,Chuanmei_80_000094,Chuanmei_80_000095,94,95,1,True,-0.00021302777776099902,-6.166666665308185e-06,0.00021311701451444604,UNVERIFIED,False
Chuanmei__80,q_000295,q_000296,Chuanmei_80_000095,Chuanmei_80_000096,95,96,1,True,-0.00020236111113547395,1.9722222219797914e-06,0.00020237072159894203,UNVERIFIED,False
Chuanmei__80,q_000296,q_000297,Chuanmei_80_000096,Chuanmei_80_000097,96,97,1,True,-0.00021341666666785386,-7.861111111395758e-06,0.00021356139791526828,UNVERIFIED,False
Chuanmei__80,q_000297,q_000298,Chuanmei_80_000097,Chuanmei_80_000098,97,98,1,True,-0.0001980833333306009,3.6944444374853447e-06,0.00019811778280372415,UNVERIFIED,False
Chuanmei__80,q_000298,q_000299,Chuanmei_80_000098,Chuanmei_80_000099,98,99,1,True,-0.00021166666667227219,-1.388888826170387e-07,0.00021166671223948395,UNVERIFIED,False
Chuanmei__80,q_000299,q_000300,Chuanmei_80_000099,Chuanmei_80_000100,99,100,1,True,-0.0002080000000006521,-2.9166666664082186e-06,0.00020802044838119692,UNVERIFIED,False
Chuanmei__80,q_000300,q_000301,Chuanmei_80_000100,Chuanmei_80_000101,100,101,1,True,-0.00020822222221283937,-1.0000000010279564e-06,0.00020822462347968147,UNVERIFIED,False
Chuanmei__80,q_000301,q_000302,Chuanmei_80_000101,Chuanmei_80_000102,101,102,1,True,-2.111111115254971e-06,-0.00018244444444448504,0.0001824566581377554,UNVERIFIED,False
Chuanmei__80,q_000302,q_000303,Chuanmei_80_000102,Chuanmei_80_000103,102,103,1,True,0.00020433333332903203,-1.4166666666426408e-06,0.00020433824422706016,UNVERIFIED,False
Chuanmei__80,q_000303,q_000304,Chuanmei_80_000103,Chuanmei_80_000104,103,104,1,True,0.00020980555557059688,2.7777777802384662e-06,0.00020982394333746377,UNVERIFIED,False
Chuanmei__80,q_000304,q_000305,Chuanmei_80_000104,Chuanmei_80_000105,104,105,1,True,0.00020919444443734392,1.0833333341508933e-06,0.00020919724949090954,UNVERIFIED,False
Chuanmei__80,q_000305,q_000306,Chuanmei_80_000105,Chuanmei_80_000106,105,106,1,True,0.00020830555556017316,1.0277777775513641e-06,0.00020830809106799577,UNVERIFIED,False
Chuanmei__80,q_000306,q_000307,Chuanmei_80_000106,Chuanmei_80_000107,106,107,1,True,0.0002070833333362998,8.333332957022321e-08,0.00020708335010356788,UNVERIFIED,False
Chuanmei__80,q_000307,q_000308,Chuanmei_80_000107,Chuanmei_80_000108,107,108,1,True,0.00020613888888476595,-1.4444444431660486e-06,0.00020614394953622885,UNVERIFIED,False
Chuanmei__80,q_000308,q_000309,Chuanmei_80_000108,Chuanmei_80_000109,108,109,1,True,0.00020572222221915126,-5.5555556599529154e-08,0.0002057222297205767,UNVERIFIED,False
Chuanmei__80,q_000309,q_000310,Chuanmei_80_000109,Chuanmei_80_000110,109,110,1,True,0.00020911111111843184,3.111111112730214e-06,0.0002091342530661606,UNVERIFIED,False
Chuanmei__80,q_000310,q_000311,Chuanmei_80_000110,Chuanmei_80_000111,110,111,1,True,0.00021144444444587407,3.1944444458531507e-06,0.00021146857346268256,UNVERIFIED,False
Chuanmei__80,q_000311,q_000312,Chuanmei_80_000111,Chuanmei_80_000112,111,112,1,True,0.00020816666666689798,8.333333312293689e-07,0.00020816833466127444,UNVERIFIED,False
Chuanmei__80,q_000312,q_000313,Chuanmei_80_000112,Chuanmei_80_000113,112,113,1,True,0.00020847222221220818,1.5277777798416992e-06,0.00020847782025683423,UNVERIFIED,False
Chuanmei__80,q_000313,q_000314,Chuanmei_80_000113,Chuanmei_80_000114,113,114,1,True,0.00020808333333377504,1.2222222203206456e-06,0.00020808692279538084,UNVERIFIED,False
Chuanmei__80,q_000314,q_000315,Chuanmei_80_000114,Chuanmei_80_000115,114,115,1,True,0.00020783333333440623,-1.7777777721050825e-06,0.00020784093662870508,UNVERIFIED,False
Chuanmei__80,q_000315,q_000316,Chuanmei_80_000115,Chuanmei_80_000116,115,116,1,True,0.00020833333333314386,4.000000000559112e-06,0.00020837172979486275,UNVERIFIED,False
Chuanmei__80,q_000316,q_000317,Chuanmei_80_000116,Chuanmei_80_000117,116,117,1,True,0.0002054444444326009,-6.388888884600874e-07,0.00020544543783504134,UNVERIFIED,False
Chuanmei__80,q_000317,q_000318,Chuanmei_80_000117,Chuanmei_80_000118,117,118,1,True,0.00020711111112348135,1.1111111071215873e-06,0.0002071140915502743,UNVERIFIED,False
Chuanmei__80,q_000318,q_000319,Chuanmei_80_000118,Chuanmei_80_000119,118,119,1,True,-8.41666665962748e-06,-0.00017925000000573732,0.00017944749309955853,UNVERIFIED,False
Chuanmei__80,q_000319,q_000320,Chuanmei_80_000119,Chuanmei_80_000120,119,120,1,True,-0.00020311111111936953,-2.527777773764228e-06,0.00020312683998088095,UNVERIFIED,False
Chuanmei__80,q_000320,q_000321,Chuanmei_80_000120,Chuanmei_80_000121,120,121,1,True,-0.0002092499999832853,-3.1666666657770293e-06,0.00020927395984875194,UNVERIFIED,False
Chuanmei__80,q_000321,q_000322,Chuanmei_80_000121,Chuanmei_80_000122,121,122,1,True,-0.0002102499999949714,-2.583333333916471e-06,0.00021026587005265403,UNVERIFIED,False
Chuanmei__80,q_000322,q_000323,Chuanmei_80_000122,Chuanmei_80_000123,122,123,1,True,-0.0002027222222409364,1.2222222203206456e-06,0.00020272590662631022,UNVERIFIED,False
Chuanmei__80,q_000323,q_000324,Chuanmei_80_000123,Chuanmei_80_000124,123,124,1,True,-0.0002176944444443052,-1.0222222218914112e-05,0.0002179343134272516,UNVERIFIED,False
Chuanmei__80,q_000324,q_000325,Chuanmei_80_000124,Chuanmei_80_000125,124,125,1,True,-0.00020488888887371104,1.1944444402445242e-06,0.0002048923704812474,UNVERIFIED,False
Chuanmei__80,q_000325,q_000326,Chuanmei_80_000125,Chuanmei_80_000126,125,126,1,True,-0.00021019444446324087,-1.3888888616975237e-07,0.00021019449034961204,UNVERIFIED,False
Chuanmei__80,q_000326,q_000327,Chuanmei_80_000126,Chuanmei_80_000127,126,127,1,True,-0.0002057499999779111,-1.7777777792105098e-06,0.000205757680257002,UNVERIFIED,False
Chuanmei__80,q_000327,q_000328,Chuanmei_80_000127,Chuanmei_80_000128,127,128,1,True,-0.00020700000000317686,-2.11111110459683e-06,0.00020701076491673367,UNVERIFIED,False
Chuanmei__80,q_000328,q_000329,Chuanmei_80_000128,Chuanmei_80_000129,128,129,1,True,-0.00020761111112221897,-2.416666671223311e-06,0.0002076251760726578,UNVERIFIED,False
Chuanmei__80,q_000329,q_000330,Chuanmei_80_000129,Chuanmei_80_000130,129,130,1,True,-0.0002070555555633291,-2.500000000793534e-06,0.00020707064758106793,UNVERIFIED,False
Chuanmei__80,q_000330,q_000331,Chuanmei_80_000130,Chuanmei_80_000131,130,131,1,True,-0.00020788888888034762,-2.499999993688107e-07,0.00020788903920097664,UNVERIFIED,False
Chuanmei__80,q_000331,q_000332,Chuanmei_80_000131,Chuanmei_80_000132,131,132,1,True,-0.00020891666667921527,-2.694444440010102e-06,0.00020893404137955747,UNVERIFIED,False
Chuanmei__80,q_000332,q_000333,Chuanmei_80_000132,Chuanmei_80_000133,132,133,1,True,-0.00020825000000002092,-2.888888889884811e-06,0.0002082700366808121,UNVERIFIED,False
Chuanmei__80,q_000333,q_000334,Chuanmei_80_000133,Chuanmei_80_000134,133,134,1,True,-0.00020744444444176224,-2.194444448377908e-06,0.0002074560510474168,UNVERIFIED,False
Chuanmei__80,q_000334,q_000335,Chuanmei_80_000134,Chuanmei_80_000135,134,135,1,True,-0.00020855555555954197,-8.333333347820826e-07,0.00020855722044368555,UNVERIFIED,False
Chuanmei__80,q_000335,q_000336,Chuanmei_80_000135,Chuanmei_80_000136,135,136,1,True,8.055555582586749e-07,-0.00017413888888739848,0.00017414075210212904,UNVERIFIED,False
Chuanmei__80,q_000336,q_000337,Chuanmei_80_000136,Chuanmei_80_000137,136,137,1,True,0.0002065555555645915,1.8888888817514271e-06,0.00020656419204645476,UNVERIFIED,False
Chuanmei__80,q_000337,q_000338,Chuanmei_80_000137,Chuanmei_80_000138,137,138,1,True,0.00020752777776067433,-9.99999993922529e-07,0.00020753018706268174,UNVERIFIED,False
Chuanmei__80,q_000338,q_000339,Chuanmei_80_000138,Chuanmei_80_000139,138,139,1,True,0.00020822222224126108,2.0555555515500146e-06,0.00020823236814605607,UNVERIFIED,False
Chuanmei__80,q_000339,q_000340,Chuanmei_80_000139,Chuanmei_80_000140,139,140,1,True,0.00020805555556080435,1.8333333393627527e-06,0.00020806363284064846,UNVERIFIED,False
Chuanmei__80,q_000340,q_000341,Chuanmei_80_000140,Chuanmei_80_000141,140,141,1,True,0.00020847222219799733,-2.94444444648434e-06,0.0002084930147061757,UNVERIFIED,False
Chuanmei__80,q_000341,q_000342,Chuanmei_80_000141,Chuanmei_80_000142,141,142,1,True,0.00020713888889645204,3.777777777713709e-06,0.00020717333539380616,UNVERIFIED,False
Chuanmei__80,q_000342,q_000343,Chuanmei_80_000142,Chuanmei_80_000143,142,143,1,True,0.00020791666666752917,-2.194444437719767e-06,0.00020792824691351263,UNVERIFIED,False
Chuanmei__80,q_000343,q_000344,Chuanmei_80_000143,Chuanmei_80_000144,143,144,1,True,0.00020561111111305763,1.3055555498908689e-06,0.00020561525597202166,UNVERIFIED,False
Chuanmei__80,q_000344,q_000345,Chuanmei_80_000144,Chuanmei_80_000145,144,145,1,True,0.00021072222222073833,-6.111111119366797e-07,0.00021072310835415598,UNVERIFIED,False
Chuanmei__80,q_000345,q_000346,Chuanmei_80_000145,Chuanmei_80_000146,145,146,1,True,0.0002090277777853089,3.7222222246668935e-06,0.0002090609165390659,UNVERIFIED,False
Chuanmei__80,q_000346,q_000347,Chuanmei_80_000146,Chuanmei_80_000147,146,147,1,True,0.00020622222221788888,3.3333333604446125e-07,0.00020622249161426903,UNVERIFIED,False
Chuanmei__80,q_000347,q_000348,Chuanmei_80_000147,Chuanmei_80_000148,147,148,1,True,0.00020638888888413476,-1.8611111158861604e-06,0.0002063972799951913,UNVERIFIED,False
Chuanmei__80,q_000348,q_000349,Chuanmei_80_000148,Chuanmei_80_000149,148,149,1,True,0.0002096666666773217,2.888888886332097e-06,0.00020968656798797748,UNVERIFIED,False
Chuanmei__80,q_000349,q_000350,Chuanmei_80_000149,Chuanmei_80_000150,149,150,1,True,0.00021041666666121728,5.277777894718838e-07,0.00021041732855972886,UNVERIFIED,False
Chuanmei__80,q_000350,q_000351,Chuanmei_80_000150,Chuanmei_80_000151,150,151,1,True,0.00020566666667320987,1.3055555427854415e-06,0.0002056708104125243,UNVERIFIED,False
Chuanmei__80,q_000351,q_000352,Chuanmei_80_000151,Chuanmei_80_000152,151,152,1,True,0.0002080555555465935,-1.3305555551568204e-05,0.0002084805794368807,UNVERIFIED,False
Chuanmei__80,q_000352,q_000353,Chuanmei_80_000152,Chuanmei_80_000153,152,153,1,True,5.388888894231059e-06,-0.00017324999999956958,0.0001733337896180812,UNVERIFIED,False
Chuanmei__80,q_000353,q_000354,Chuanmei_80_000153,Chuanmei_80_000154,153,154,1,True,-0.0002020000000015898,-8.055555511532475e-07,0.00020200160623219874,UNVERIFIED,False
Chuanmei__80,q_000354,q_000355,Chuanmei_80_000154,Chuanmei_80_000155,154,155,1,True,-0.0002148333333309438,5.999999999062311e-06,0.00021491710287939661,UNVERIFIED,False
Chuanmei__80,q_000355,q_000356,Chuanmei_80_000155,Chuanmei_80_000156,155,156,1,True,-0.00020430555554185048,-8.194444447440219e-06,0.0002044698240451787,UNVERIFIED,False
Chuanmei__80,q_000356,q_000357,Chuanmei_80_000156,Chuanmei_80_000157,156,157,1,True,-0.00021111111112759318,-2.7777783628835095e-08,0.00021111111295507934,UNVERIFIED,False
Chuanmei__80,q_000357,q_000358,Chuanmei_80_000157,Chuanmei_80_000158,157,158,1,True,-0.0002057777777793035,-2.333333327442233e-06,0.00020579100629572074,UNVERIFIED,False
Chuanmei__80,q_000358,q_000359,Chuanmei_80_000158,Chuanmei_80_000159,158,159,1,True,-0.00020891666665079356,-7.500000016591457e-07,0.00020891801287701664,UNVERIFIED,False
Chuanmei__80,q_000359,q_000360,Chuanmei_80_000159,Chuanmei_80_000160,159,160,1,True,-0.00020855555555954197,-3.638888887991243e-06,0.00020858729891124324,UNVERIFIED,False
Chuanmei__80,q_000360,q_000361,Chuanmei_80_000160,Chuanmei_80_000161,160,161,1,True,-0.00020722222222957498,-4.99999991632194e-07,0.00020722282544583496,UNVERIFIED,False
Chuanmei__80,q_000361,q_000362,Chuanmei_80_000161,Chuanmei_80_000162,161,162,1,True,-0.00020647222223146855,-2.333333348758515e-06,0.00020648540625845053,UNVERIFIED,False
Chuanmei__80,q_000362,q_000363,Chuanmei_80_000162,Chuanmei_80_000163,162,163,1,True,-0.00020886111110485217,-3.0555555454725436e-06,0.00020888346069434236,UNVERIFIED,False
Chuanmei__80,q_000363,q_000364,Chuanmei_80_000163,Chuanmei_80_000164,163,164,1,True,-0.00020636111112537492,-5.833333354132719e-07,0.00020636193559539883,UNVERIFIED,False
Chuanmei__80,q_000364,q_000365,Chuanmei_80_000164,Chuanmei_80_000165,164,165,1,True,-0.00020986111111653827,-3.777777777713709e-06,0.0002098951108625587,UNVERIFIED,False
Chuanmei__80,q_000365,q_000366,Chuanmei_80_000165,Chuanmei_80_000166,165,166,1,True,-0.0002098611110739057,-4.88888888838801e-06,0.00020991804871362823,UNVERIFIED,False
Chuanmei__80,q_000366,q_000367,Chuanmei_80_000166,Chuanmei_80_000167,166,167,1,True,-0.000210027777796995,-2.583333333916471e-06,0.00021004366464489718,UNVERIFIED,False
Chuanmei__80,q_000367,q_000368,Chuanmei_80_000167,Chuanmei_80_000168,167,168,1,True,-0.00020930555557185926,-2.4722222242701264e-06,0.00020932015544607938,UNVERIFIED,False
Chuanmei__80,q_000368,q_000369,Chuanmei_80_000168,Chuanmei_80_000169,168,169,1,True,-0.00020733333332145776,-3.194444442300437e-06,0.0002073579407244431,UNVERIFIED,False
Chuanmei__80,q_000369,q_000370,Chuanmei_80_000169,Chuanmei_80_000170,169,170,1,True,-2.0416666657752103e-05,-0.0001867500000010125,0.00018786272322574252,UNVERIFIED,False
Chuanmei__80,q_000370,q_000371,Chuanmei_80_000170,Chuanmei_80_000171,170,171,1,True,0.00021816666667007212,9.138888888315932e-06,0.00021835799444042193,UNVERIFIED,False
Chuanmei__80,q_000371,q_000372,Chuanmei_80_000171,Chuanmei_80_000172,171,172,1,True,0.00020536111109947797,-2.194444448377908e-06,0.0002053728354443429,UNVERIFIED,False
Chuanmei__80,q_000372,q_000373,Chuanmei_80_000172,Chuanmei_80_000173,172,173,1,True,0.0002063888888983456,1.8888888924095681e-06,0.00020639753235429323,UNVERIFIED,False
Chuanmei__80,q_000373,q_000374,Chuanmei_80_000173,Chuanmei_80_000174,173,174,1,True,0.0002081111111209566,2.888888889884811e-06,0.0002081311611725098,UNVERIFIED,False
Chuanmei__80,q_000374,q_000375,Chuanmei_80_000174,Chuanmei_80_000175,174,175,1,True,0.00020947222219547257,7.49999998106432e-07,0.0002094735648512876,UNVERIFIED,False
Chuanmei__80,q_000375,q_000376,Chuanmei_80_000175,Chuanmei_80_000176,175,176,1,True,0.00020772222224252346,6.666666685362088e-07,0.00020772329204453516,UNVERIFIED,False
Chuanmei__80,q_000376,q_000377,Chuanmei_80_000176,Chuanmei_80_000177,176,177,1,True,0.00020013888887149278,6.722222217092622e-06,0.00020025174933131472,UNVERIFIED,False
Chuanmei__80,q_000377,q_000378,Chuanmei_80_000177,Chuanmei_80_000178,177,178,1,True,0.00021366666668143353,1.30555556054901e-06,0.00021367065527600298,UNVERIFIED,False
Chuanmei__80,q_000378,q_000379,Chuanmei_80_000178,Chuanmei_80_000179,178,179,1,True,0.00020950000001107583,-4.19444443977568e-06,0.0002095419847400495,UNVERIFIED,False
Chuanmei__80,q_000379,q_000380,Chuanmei_80_000179,Chuanmei_80_000180,179,180,1,True,0.00020886111109064132,1.083333327045466e-06,0.00020886392062085472,UNVERIFIED,False
Chuanmei__80,q_000380,q_000381,Chuanmei_80_000180,Chuanmei_80_000181,180,181,1,True,0.0002106388888876154,4.166666666804986e-06,0.0002106800954597312,UNVERIFIED,False
Chuanmei__80,q_000381,q_000382,Chuanmei_80_000181,Chuanmei_80_000182,181,182,1,True,0.0002070833333362998,2.888888889884811e-06,0.00020710348288884752,UNVERIFIED,False
Chuanmei__80,q_000382,q_000383,Chuanmei_80_000182,Chuanmei_80_000183,182,183,1,True,0.0002071666666836336,-2.1944444448251943e-06,0.00020717828885100187,UNVERIFIED,False
Chuanmei__80,q_000383,q_000384,Chuanmei_80_000183,Chuanmei_80_000184,183,184,1,True,0.00020444444443512566,-3.2222222223765584e-06,0.00020446983537049558,UNVERIFIED,False
Chuanmei__80,q_000384,q_000385,Chuanmei_80_000184,Chuanmei_80_000185,184,185,1,True,0.00021177777777836582,2.6944444542209567e-06,0.00021179491776636137,UNVERIFIED,False
Chuanmei__80,q_000385,q_000386,Chuanmei_80_000185,Chuanmei_80_000186,185,186,1,True,0.00020888888887782286,1.249999989738626e-06,0.0002088926288708766,UNVERIFIED,False
Chuanmei__80,q_000386,q_000387,Chuanmei_80_000186,Chuanmei_80_000187,186,187,1,True,2.638888901174141e-06,-0.00017874999999989427,0.00017876947791665933,UNVERIFIED,False
Chuanmei__80,q_000387,q_000388,Chuanmei_80_000187,Chuanmei_80_000188,187,188,1,True,-0.00021225000000413274,2.0833333351788497e-06,0.00021226022420495983,UNVERIFIED,False
Chuanmei__80,q_000388,q_000389,Chuanmei_80_000188,Chuanmei_80_000189,188,189,1,True,-0.00020191666666846686,-1.6666666660114515e-06,0.0002019235450765471,UNVERIFIED,False
Chuanmei__80,q_000389,q_000390,Chuanmei_80_000189,Chuanmei_80_000190,189,190,1,True,-0.00020780555556143554,-1.944444463219952e-07,0.0002078056465326185,UNVERIFIED,False
Chuanmei__80,q_000390,q_000391,Chuanmei_80_000190,Chuanmei_80_000191,190,191,1,True,-0.00020588888888539714,1.1666666672738302e-06,0.00020589219430948793,UNVERIFIED,False
Chuanmei__80,q_000391,q_000392,Chuanmei_80_000191,Chuanmei_80_000192,191,192,1,True,-0.00020883333331767062,3.222222225929272e-06,0.00020885819069560712,UNVERIFIED,False
Chuanmei__80,q_000392,q_000393,Chuanmei_80_000192,Chuanmei_80_000193,192,193,1,True,-0.000209083333359672,-7.22222225135738e-07,0.0002090845807173121,UNVERIFIED,False
Chuanmei__80,q_000393,q_000394,Chuanmei_80_000193,Chuanmei_80_000194,193,194,1,True,-0.0002098888888752981,-1.1111111319905831e-07,0.00020988891828533184,UNVERIFIED,False
Chuanmei__80,q_000394,q_000395,Chuanmei_80_000194,Chuanmei_80_000195,194,195,1,True,-0.00020963888889014015,-1.6388888859353301e-06,0.00020964529494332319,UNVERIFIED,False
Chuanmei__80,q_000395,q_000396,Chuanmei_80_000195,Chuanmei_80_000196,195,196,1,True,-0.00020630555555101182,3.055555595210535e-07,0.00020630578182739227,UNVERIFIED,False
Chuanmei__80,q_000396,q_000397,Chuanmei_80_000196,Chuanmei_80_000197,196,197,1,True,-0.0002084166666662668,1.9444443921656784e-07,0.00020841675737070115,UNVERIFIED,False
Chuanmei__80,q_000397,q_000398,Chuanmei_80_000197,Chuanmei_80_000198,197,198,1,True,-0.00020713888889645204,1.8888888888568545e-06,0.00020714750105779977,UNVERIFIED,False
Chuanmei__80,q_000398,q_000399,Chuanmei_80_000198,Chuanmei_80_000199,198,199,1,True,-0.0002159722222216942,-2.1666666683017866e-06,0.0002159830901154727,UNVERIFIED,False
Chuanmei__90,q_000400,q_000401,Chuanmei_90_000000,Chuanmei_90_000001,0,1,1,True,0.00020252777778750897,-4.527777782925568e-06,0.000202578383711585,UNVERIFIED,False
Chuanmei__90,q_000401,q_000402,Chuanmei_90_000001,Chuanmei_90_000002,1,2,1,True,0.00020672222223083736,2.0833333351788497e-06,0.00020673271981435637,UNVERIFIED,False
Chuanmei__90,q_000402,q_000403,Chuanmei_90_000002,Chuanmei_90_000003,2,3,1,True,0.00020624999999085958,-7.777777781825534e-07,0.00020625146650266952,UNVERIFIED,False
Chuanmei__90,q_000403,q_000404,Chuanmei_90_000003,Chuanmei_90_000004,3,4,1,True,0.00021269444444271812,-5.027777778110476e-06,0.00021275386070805524,UNVERIFIED,False
Chuanmei__90,q_000404,q_000405,Chuanmei_90_000004,Chuanmei_90_000005,4,5,1,True,0.00020544444444681176,2.2222221573997558e-07,0.0002054445646318546,UNVERIFIED,False
Chuanmei__90,q_000405,q_000406,Chuanmei_90_000005,Chuanmei_90_000006,5,6,1,True,0.00020405555555669252,1.2777777840256022e-06,0.0002040595561830315,UNVERIFIED,False
Chuanmei__90,q_000406,q_000407,Chuanmei_90_000006,Chuanmei_90_000007,6,7,1,True,0.00020441666666215497,-4.722222222142136e-07,0.00020441721210087406,UNVERIFIED,False
Chuanmei__90,q_000407,q_000408,Chuanmei_90_000007,Chuanmei_90_000008,7,8,1,True,0.00020586111111242644,-1.3888888972246605e-07,0.00020586115796469831,UNVERIFIED,False
Chuanmei__90,q_000408,q_000409,Chuanmei_90_000008,Chuanmei_90_000009,8,9,1,True,0.00020836111110611455,-1.722222219058267e-06,0.00020836822855403465,UNVERIFIED,False
Chuanmei__90,q_000409,q_000410,Chuanmei_90_000009,Chuanmei_90_000010,9,10,1,True,0.00020891666667921527,-1.1388888907504224e-06,0.0002089197709271667,UNVERIFIED,False
Chuanmei__90,q_000410,q_000411,Chuanmei_90_000010,Chuanmei_90_000011,10,11,1,True,0.00020499999999401552,1.4166666666426408e-06,0.00020500489492202554,UNVERIFIED,False
Chuanmei__90,q_000411,q_000412,Chuanmei_90_000011,Chuanmei_90_000012,11,12,1,True,0.00020913888889140253,-2.1666666683017866e-06,0.0002091501118603142,UNVERIFIED,False
Chuanmei__90,q_000412,q_000413,Chuanmei_90_000012,Chuanmei_90_000013,12,13,1,True,0.00020752777777488518,-5.833333318605582e-07,0.00020752859760996359,UNVERIFIED,False
Chuanmei__90,q_000413,q_000414,Chuanmei_90_000013,Chuanmei_90_000014,13,14,1,True,0.00020899999999812735,-3.3333333249174757e-07,0.00020900026581401228,UNVERIFIED,False
Chuanmei__90,q_000414,q_000415,Chuanmei_90_000014,Chuanmei_90_000015,14,15,1,True,0.00020977777778341533,-9.166666679050195e-07,0.00020977978055458069,UNVERIFIED,False
Chuanmei__90,q_000415,q_000416,Chuanmei_90_000015,Chuanmei_90_000016,15,16,1,True,0.00020644444443007615,-8.333333667565057e-08,0.0002064444612492372,UNVERIFIED,False
Chuanmei__90,q_000416,q_000417,Chuanmei_90_000016,Chuanmei_90_000017,16,17,1,True,-4.055555550053214e-06,-0.00017791666666155947,0.00017796288322787995,UNVERIFIED,False
Chuanmei__90,q_000417,q_000418,Chuanmei_90_000017,Chuanmei_90_000018,17,18,1,True,-0.00020288888887876055,-2.861111113361403e-06,0.0002029090613729733,UNVERIFIED,False
Chuanmei__90,q_000418,q_000419,Chuanmei_90_000018,Chuanmei_90_000019,18,19,1,True,-0.00020450000000948876,2.777777794449321e-07,0.00020450018866586812,UNVERIFIED,False
Chuanmei__90,q_000419,q_000420,Chuanmei_90_000019,Chuanmei_90_000020,19,20,1,True,-0.00021080555555386127,1.333333333519704e-06,0.0002108097721410238,UNVERIFIED,False
Chuanmei__90,q_000420,q_000421,Chuanmei_90_000020,Chuanmei_90_000021,20,21,1,True,-0.00021516666666343554,-1.6666666695641652e-06,0.00021517312151112512,UNVERIFIED,False
Chuanmei__90,q_000421,q_000422,Chuanmei_90_000021,Chuanmei_90_000022,21,22,1,True,-0.00020969444446450325,-6.416666668229709e-06,0.00020979259674833094,UNVERIFIED,False
Chuanmei__90,q_000422,q_000423,Chuanmei_90_000022,Chuanmei_90_000023,22,23,1,True,-0.000208333333318933,2.7777777802384662e-06,0.00020835185101451348,UNVERIFIED,False
Chuanmei__90,q_000423,q_000424,Chuanmei_90_000023,Chuanmei_90_000024,23,24,1,True,-0.0002039166666776282,2.1666666683017866e-06,0.00020392817704615134,UNVERIFIED,False
Chuanmei__90,q_000424,q_000425,Chuanmei_90_000024,Chuanmei_90_000025,24,25,1,True,-0.0002093055555576484,1.8611111123334467e-06,0.000209313829743446,UNVERIFIED,False
Chuanmei__90,q_000425,q_000426,Chuanmei_90_000025,Chuanmei_90_000026,25,26,1,True,-0.00020897222219673495,8.888888878288981e-07,0.00020897411268694615,UNVERIFIED,False
Chuanmei__90,q_000426,q_000427,Chuanmei_90_000026,Chuanmei_90_000027,26,27,1,True,-0.00020949999999686497,-6.944444486123302e-07,0.00020950115095573732,UNVERIFIED,False
Chuanmei__90,q_000427,q_000428,Chuanmei_90_000027,Chuanmei_90_000028,27,28,1,True,-0.0002071666666836336,1.6666666660114515e-06,0.0002071733707853964,UNVERIFIED,False
Chuanmei__90,q_000428,q_000429,Chuanmei_90_000028,Chuanmei_90_000029,28,29,1,True,-0.0002067777777625679,-2.7222222165335097e-06,0.00020679569596638637,UNVERIFIED,False
Chuanmei__90,q_000429,q_000430,Chuanmei_90_000029,Chuanmei_90_000030,29,30,1,True,-0.0002074166666830024,-1.3611111135958254e-06,0.00020742113258140135,UNVERIFIED,False
Chuanmei__90,q_000430,q_000431,Chuanmei_90_000030,Chuanmei_90_000031,30,31,1,True,-0.00020858333333251267,9.166666679050195e-07,0.0002085853475723598,UNVERIFIED,False
Chuanmei__90,q_000431,q_000432,Chuanmei_90_000031,Chuanmei_90_000032,31,32,1,True,-0.00020883333334609233,8.333333347820826e-07,0.00020883499601572286,UNVERIFIED,False
Chuanmei__90,q_000432,q_000433,Chuanmei_90_000032,Chuanmei_90_000033,32,33,1,True,-0.00020736111109442845,1.999999998503199e-06,0.00020737075588016243,UNVERIFIED,False
Chuanmei__90,q_000433,q_000434,Chuanmei_90_000033,Chuanmei_90_000034,33,34,1,True,-4.361111109574267e-06,-0.00017655555555506908,0.00017660940939675084,UNVERIFIED,False
Chuanmei__90,q_000434,q_000435,Chuanmei_90_000034,Chuanmei_90_000035,34,35,1,True,0.00020658333332335133,2.2499999978720098e-06,0.00020659558588454233,UNVERIFIED,False
Chuanmei__90,q_000435,q_000436,Chuanmei_90_000035,Chuanmei_90_000036,35,36,1,True,0.0002099444444496612,-2.8333333332852817e-06,0.00020996356239370292,UNVERIFIED,False
Chuanmei__90,q_000436,q_000437,Chuanmei_90_000036,Chuanmei_90_000037,36,37,1,True,0.0002058055555522742,9.72222220951835e-07,0.00020580785192073487,UNVERIFIED,False
Chuanmei__90,q_000437,q_000438,Chuanmei_90_000037,Chuanmei_90_000038,37,38,1,True,0.00021216666668522066,2.972222230113175e-06,0.00021218748445019726,UNVERIFIED,False
Chuanmei__90,q_000438,q_000439,Chuanmei_90_000038,Chuanmei_90_000039,38,39,1,True,0.0002057777777508818,3.249999998899966e-06,0.00020580344097240977,UNVERIFIED,False
Chuanmei__90,q_000439,q_000440,Chuanmei_90_000039,Chuanmei_90_000040,39,40,1,True,0.00020838888890750695,-9.166666714577332e-07,0.00020839090502680735,UNVERIFIED,False
Chuanmei__90,q_000440,q_000441,Chuanmei_90_000040,Chuanmei_90_000041,40,41,1,True,0.0002099722222226319,6.555555561504889e-06,0.0002100745329968159,UNVERIFIED,False
Chuanmei__90,q_000441,q_000442,Chuanmei_90_000041,Chuanmei_90_000042,41,42,1,True,0.000208722222211577,3.333333289390339e-07,0.00020872248838121662,UNVERIFIED,False
Chuanmei__90,q_000442,q_000443,Chuanmei_90_000042,Chuanmei_90_000043,42,43,1,True,0.0002096666666773217,1.1111110964634463e-07,0.00020966669611852478,UNVERIFIED,False
Chuanmei__90,q_000443,q_000444,Chuanmei_90_000043,Chuanmei_90_000044,43,44,1,True,0.00020708333332208895,4.722222222142136e-07,0.00020708387173706827,UNVERIFIED,False
Chuanmei__90,q_000444,q_000445,Chuanmei_90_000044,Chuanmei_90_000045,44,45,1,True,0.00020802777778783366,1.8333333393627527e-06,0.00020803585614618823,UNVERIFIED,False
Chuanmei__90,q_000445,q_000446,Chuanmei_90_000045,Chuanmei_90_000046,45,46,1,True,0.00020619444443070734,3.0555555490252573e-06,0.00020621708303096822,UNVERIFIED,False
Chuanmei__90,q_000446,q_000447,Chuanmei_90_000046,Chuanmei_90_000047,46,47,1,True,0.00020688888888287238,4.888888891940724e-06,0.00020694664427766703,UNVERIFIED,False
Chuanmei__90,q_000447,q_000448,Chuanmei_90_000047,Chuanmei_90_000048,47,48,1,True,0.00020969444446450325,-4.1666666916739814e-07,0.00020969485842621375,UNVERIFIED,False
Chuanmei__90,q_000448,q_000449,Chuanmei_90_000048,Chuanmei_90_000049,48,49,1,True,0.00020813888887971643,1.6666666660114515e-06,0.00020814556166745074,UNVERIFIED,False
Chuanmei__90,q_000449,q_000450,Chuanmei_90_000049,Chuanmei_90_000050,49,50,1,True,0.00020936111111780065,2.7777780076121417e-08,0.00020936111296056186,UNVERIFIED,False
Chuanmei__90,q_000450,q_000451,Chuanmei_90_000050,Chuanmei_90_000051,50,51,1,True,6.388889062236558e-07,-0.00017888888889672216,0.0001788900297661619,UNVERIFIED,False
Chuanmei__90,q_000451,q_000452,Chuanmei_90_000051,Chuanmei_90_000052,51,52,1,True,-0.00020286111112000071,-2.222222210690461e-06,0.00020287328231286388,UNVERIFIED,False
Chuanmei__90,q_000452,q_000453,Chuanmei_90_000052,Chuanmei_90_000053,52,53,1,True,-0.00020666666667068512,-2.0833333387315633e-06,0.00020667716707602787,UNVERIFIED,False
Chuanmei__90,q_000453,q_000454,Chuanmei_90_000053,Chuanmei_90_000054,53,54,1,True,-0.00021263888889677673,1.1666666672738302e-06,0.00021264208939522834,UNVERIFIED,False
Chuanmei__90,q_000454,q_000455,Chuanmei_90_000054,Chuanmei_90_000055,54,55,1,True,-0.00020652777777740994,1.1111110964634463e-07,0.00020652780766607171,UNVERIFIED,False
Chuanmei__90,q_000455,q_000456,Chuanmei_90_000055,Chuanmei_90_000056,55,56,1,True,-0.00020919444443734392,-8.611111077527767e-07,0.0002091962167339287,UNVERIFIED,False
Chuanmei__90,q_000456,q_000457,Chuanmei_90_000056,Chuanmei_90_000057,56,57,1,True,-0.00020700000000317686,1.1111110964634463e-07,0.00020700002982365463,UNVERIFIED,False
Chuanmei__90,q_000457,q_000458,Chuanmei_90_000057,Chuanmei_90_000058,57,58,1,True,-0.00021355555556112904,-1.111111110674301e-06,0.00021355844604913836,UNVERIFIED,False
Chuanmei__90,q_000458,q_000459,Chuanmei_90_000058,Chuanmei_90_000059,58,59,1,True,-0.0002064722222172577,5.833333318605582e-07,0.00020647304624359255,UNVERIFIED,False
Chuanmei__90,q_000459,q_000460,Chuanmei_90_000059,Chuanmei_90_000060,59,60,1,True,-0.00020986111111653827,-7.49999998106432e-07,0.0002098624512843238,UNVERIFIED,False
Chuanmei__90,q_000460,q_000461,Chuanmei_90_000060,Chuanmei_90_000061,60,61,1,True,-0.0002080833333195642,-1.916666668932976e-06,0.0002080921603917376,UNVERIFIED,False
Chuanmei__90,q_000461,q_000462,Chuanmei_90_000061,Chuanmei_90_000062,61,62,1,True,-0.00020136111112378785,4.138888890281578e-06,0.0002014036431503972,UNVERIFIED,False
Chuanmei__90,q_000462,q_000463,Chuanmei_90_000062,Chuanmei_90_000063,62,63,1,True,-0.00021013888888887777,-5.055555554633884e-06,0.00021019969378050508,UNVERIFIED,False
Chuanmei__90,q_000463,q_000464,Chuanmei_90_000063,Chuanmei_90_000064,63,64,1,True,-0.00020847222222641903,-1.4444444467187623e-06,0.00020847722623773825,UNVERIFIED,False
Chuanmei__90,q_000464,q_000465,Chuanmei_90_000064,Chuanmei_90_000065,64,65,1,True,-0.00020880555554469993,2.388888887594476e-06,0.00020881922041911767,UNVERIFIED,False
Chuanmei__90,q_000465,q_000466,Chuanmei_90_000065,Chuanmei_90_000066,65,66,1,True,-0.00021094444444713645,-2.4722222207174127e-06,0.00021095893089845627,UNVERIFIED,False
Chuanmei__90,q_000466,q_000467,Chuanmei_90_000066,Chuanmei_90_000067,66,67,1,True,-0.00019419444446100442,-2.2499999978720098e-06,0.00019420747863949152,UNVERIFIED,False
Chuanmei__90,q_000467,q_000468,Chuanmei_90_000067,Chuanmei_90_000068,67,68,1,True,-2.247222221285483e-05,-0.00017580555555696264,0.0001772359843143491,UNVERIFIED,False
Chuanmei__90,q_000468,q_000469,Chuanmei_90_000068,Chuanmei_90_000069,68,69,1,True,0.00020713888889645204,-3.3333333249174757e-07,0.0002071391571006488,UNVERIFIED,False
Chuanmei__90,q_000469,q_000470,Chuanmei_90_000069,Chuanmei_90_000070,69,70,1,True,0.00020572222221915126,3.7222222211141798e-06,0.00020575589336164642,UNVERIFIED,False
Chuanmei__90,q_000470,q_000471,Chuanmei_90_000070,Chuanmei_90_000071,70,71,1,True,0.00020802777778783366,8.333333347820826e-07,0.0002080294468958449,UNVERIFIED,False
Chuanmei__90,q_000471,q_000472,Chuanmei_90_000071,Chuanmei_90_000072,71,72,1,True,0.00020644444443007615,3.0833333326540924e-06,0.00020646746857673015,UNVERIFIED,False
Chuanmei__90,q_000472,q_000473,Chuanmei_90_000072,Chuanmei_90_000073,72,73,1,True,0.0002160833333419987,-5.277777788137428e-07,0.00021608397788261196,UNVERIFIED,False
Chuanmei__90,q_000473,q_000474,Chuanmei_90_000073,Chuanmei_90_000074,73,74,1,True,0.0002042777777688798,2.9722222265604614e-06,0.0002042993993998903,UNVERIFIED,False
Chuanmei__90,q_000474,q_000475,Chuanmei_90_000074,Chuanmei_90_000075,74,75,1,True,0.00020627777777804113,2.777777769580325e-06,0.00020629647998544252,UNVERIFIED,False
Chuanmei__90,q_000475,q_000476,Chuanmei_90_000075,Chuanmei_90_000076,75,76,1,True,0.00020855555555954197,3.361111115651738e-06,0.00020858263787449077,UNVERIFIED,False
Chuanmei__90,q_000476,q_000477,Chuanmei_90_000076,Chuanmei_90_000077,76,77,1,True,0.00021105555555323008,-6.944444450596166e-07,0.00021105669802915487,UNVERIFIED,False
Chuanmei__90,q_000477,q_000478,Chuanmei_90_000077,Chuanmei_90_000078,77,78,1,True,0.00020747222224315465,5.833333318605582e-07,0.00020747304229776217,UNVERIFIED,False
Chuanmei__90,q_000478,q_000479,Chuanmei_90_000078,Chuanmei_90_000079,78,79,1,True,0.00021099999997886698,-1.194444443797238e-06,0.00021100338075161543,UNVERIFIED,False
Chuanmei__90,q_000479,q_000480,Chuanmei_90_000079,Chuanmei_90_000080,79,80,1,True,0.0002074166666545807,3.5833333349444274e-06,0.00020744761720464946,UNVERIFIED,False
Chuanmei__90,q_000480,q_000481,Chuanmei_90_000080,Chuanmei_90_000081,80,81,1,True,0.00020791666668174003,6.444444444753117e-06,0.0002080165165275279,UNVERIFIED,False
Chuanmei__90,q_000481,q_000482,Chuanmei_90_000081,Chuanmei_90_000082,81,82,1,True,0.0002057500000063328,2.5555555538403496e-06,0.00020576587026714297,UNVERIFIED,False
Chuanmei__90,q_000482,q_000483,Chuanmei_90_000082,Chuanmei_90_000083,82,83,1,True,0.00020947222219547257,1.9722222219797914e-06,0.0002094815064200234,UNVERIFIED,False
Chuanmei__90,q_000483,q_000484,Chuanmei_90_000083,Chuanmei_90_000084,83,84,1,True,0.00020697222224441703,3.3611111120990245e-06,0.0002069995117112604,UNVERIFIED,False
Chuanmei__90,q_000484,q_000485,Chuanmei_90_000084,Chuanmei_90_000085,84,85,1,True,6.833333316080825e-06,-0.0001828055555535002,0.00018293322712244626,UNVERIFIED,False
Chuanmei__90,q_000485,q_000486,Chuanmei_90_000085,Chuanmei_90_000086,85,86,1,True,-0.00020008333331134054,-3.25000000245268e-06,0.00020010972682254339,UNVERIFIED,False
Chuanmei__90,q_000486,q_000487,Chuanmei_90_000086,Chuanmei_90_000087,86,87,1,True,-0.00021036111112948674,-4.055555553605927e-06,0.0002104002010609321,UNVERIFIED,False
Chuanmei__90,q_000487,q_000488,Chuanmei_90_000087,Chuanmei_90_000088,87,88,1,True,-0.00020750000000191449,-8.333333347820826e-07,0.0002075016733552801,UNVERIFIED,False
Chuanmei__90,q_000488,q_000489,Chuanmei_90_000088,Chuanmei_90_000089,88,89,1,True,-0.00020591666665836783,-4.722222222142136e-07,0.00020591720812384895,UNVERIFIED,False
Chuanmei__90,q_000489,q_000490,Chuanmei_90_000089,Chuanmei_90_000090,89,90,1,True,-0.00020622222221788888,-5.277777777479287e-06,0.000206289747381572,UNVERIFIED,False
Chuanmei__90,q_000490,q_000491,Chuanmei_90_000090,Chuanmei_90_000091,90,91,1,True,-0.00020827777775878076,-2.9166666664082186e-06,0.0002082981988702231,UNVERIFIED,False
Chuanmei__90,q_000491,q_000492,Chuanmei_90_000091,Chuanmei_90_000092,91,92,1,True,-0.00020833333336156556,-1.250000000396767e-06,0.00020833708332781804,UNVERIFIED,False
Chuanmei__90,q_000492,q_000493,Chuanmei_90_000092,Chuanmei_90_000093,92,93,1,True,-0.00020966666663468914,4.7222221866149994e-07,0.0002096671984157886,UNVERIFIED,False
Chuanmei__90,q_000493,q_000494,Chuanmei_90_000093,Chuanmei_90_000094,93,94,1,True,-0.00021055555558291417,-2.2777777743954175e-06,0.0002105678756563289,UNVERIFIED,False
Chuanmei__90,q_000494,q_000495,Chuanmei_90_000094,Chuanmei_90_000095,94,95,1,True,-0.00020522222222041364,-2.916666662855505e-06,0.00020524294735144264,UNVERIFIED,False
Chuanmei__90,q_000495,q_000496,Chuanmei_90_000095,Chuanmei_90_000096,95,96,1,True,-0.00021002777775436243,-2.7777780076121417e-08,0.00021002777959127438,UNVERIFIED,False
Chuanmei__90,q_000496,q_000497,Chuanmei_90_000096,Chuanmei_90_000097,96,97,1,True,-0.00020902777779951975,-6.138888885232063e-06,0.0002091179041797967,UNVERIFIED,False
Chuanmei__90,q_000497,q_000498,Chuanmei_90_000097,Chuanmei_90_000098,97,98,1,True,-0.00020786111110737693,-3.0833333397595197e-06,0.00020788397835157325,UNVERIFIED,False
Chuanmei__90,q_000498,q_000499,Chuanmei_90_000098,Chuanmei_90_000099,98,99,1,True,-0.0002048333333419805,-1.4166666595372135e-06,0.0002048382322527002,UNVERIFIED,False
Chuanmei__90,q_000499,q_000500,Chuanmei_90_000099,Chuanmei_90_000100,99,100,1,True,-0.00020986111111653827,-2.694444450668243e-06,0.00020987840763157548,UNVERIFIED,False
Chuanmei__90,q_000500,q_000501,Chuanmei_90_000100,Chuanmei_90_000101,100,101,1,True,-0.00020524999999338434,-2.0555555551027282e-06,0.00020526029281359897,UNVERIFIED,False
Chuanmei__90,q_000501,q_000502,Chuanmei_90_000101,Chuanmei_90_000102,101,102,1,True,-4.722222115560726e-07,-0.0001839166666677272,0.00018391727290275093,UNVERIFIED,False
Chuanmei__90,q_000502,q_000503,Chuanmei_90_000102,Chuanmei_90_000103,102,103,1,True,0.0002039722222235696,2.1666666718545002e-06,0.00020398372945724908,UNVERIFIED,False
Chuanmei__90,q_000503,q_000504,Chuanmei_90_000103,Chuanmei_90_000104,103,104,1,True,0.00020649999997601753,8.888888842761844e-07,0.00020650191309899243,UNVERIFIED,False
Chuanmei__90,q_000504,q_000505,Chuanmei_90_000104,Chuanmei_90_000105,104,105,1,True,0.00020727777778972722,-1.1111111319905831e-07,0.0002072778075702438,UNVERIFIED,False
Chuanmei__90,q_000505,q_000506,Chuanmei_90_000105,Chuanmei_90_000106,105,106,1,True,0.00020919444445155477,2.8888888934375245e-06,0.00020921439068198263,UNVERIFIED,False
Chuanmei__90,q_000506,q_000507,Chuanmei_90_000106,Chuanmei_90_000107,106,107,1,True,0.00020497222222104483,4.916666664911418e-06,0.00020503118175859797,UNVERIFIED,False
Chuanmei__90,q_000507,q_000508,Chuanmei_90_000107,Chuanmei_90_000108,107,108,1,True,0.00020744444444176224,2.0555555551027282e-06,0.00020745462838507966,UNVERIFIED,False
Chuanmei__90,q_000508,q_000509,Chuanmei_90_000108,Chuanmei_90_000109,108,109,1,True,0.0002084444444676592,3.6111111612058266e-07,0.0002084447572635715,UNVERIFIED,False
Chuanmei__90,q_000509,q_000510,Chuanmei_90_000109,Chuanmei_90_000110,109,110,1,True,0.00021066666663216438,-2.500000000793534e-06,0.00021068149997071755,UNVERIFIED,False
Chuanmei__90,q_000510,q_000511,Chuanmei_90_000110,Chuanmei_90_000111,110,111,1,True,0.00020924999999749616,6.11111108383966e-07,0.00020925089236545428,UNVERIFIED,False
Chuanmei__90,q_000511,q_000512,Chuanmei_90_000111,Chuanmei_90_000112,111,112,1,True,0.00020838888890750695,1.9999999949504854e-06,0.00020839848612714314,UNVERIFIED,False
Chuanmei__90,q_000512,q_000513,Chuanmei_90_000112,Chuanmei_90_000113,112,113,1,True,0.000207777777774254,-8.333333312293689e-07,0.00020777944889052,UNVERIFIED,False
Chuanmei__90,q_000513,q_000514,Chuanmei_90_000113,Chuanmei_90_000114,113,114,1,True,0.00020874999999875854,5.5555556599529154e-08,0.00020875000739138086,UNVERIFIED,False
Chuanmei__90,q_000514,q_000515,Chuanmei_90_000114,Chuanmei_90_000115,114,115,1,True,0.00020597222224694178,1.8888888888568545e-06,0.0002059808831871978,UNVERIFIED,False
Chuanmei__90,q_000515,q_000516,Chuanmei_90_000115,Chuanmei_90_000116,115,116,1,True,0.00020841666665205594,1.0555555540747719e-06,0.00020841933963977992,UNVERIFIED,False
Chuanmei__90,q_000516,q_000517,Chuanmei_90_000116,Chuanmei_90_000117,116,117,1,True,0.00021102777776604853,-2.4999999972408204e-06,0.00021104258572350503,UNVERIFIED,False
Chuanmei__90,q_000517,q_000518,Chuanmei_90_000117,Chuanmei_90_000118,117,118,1,True,0.0002042222222229384,4.444444442697204e-06,0.00020427057824385638,UNVERIFIED,False
Chuanmei__90,q_000518,q_000519,Chuanmei_90_000118,Chuanmei_90_000119,118,119,1,True,-4.416666641304801e-06,-0.00018019444444306032,0.00018024856380111207,UNVERIFIED,False
Chuanmei__90,q_000519,q_000520,Chuanmei_90_000119,Chuanmei_90_000120,119,120,1,True,-0.0002020277778029822,-1.8888888888568545e-06,0.00020203660783443578,UNVERIFIED,False
Chuanmei__90,q_000520,q_000521,Chuanmei_90_000120,Chuanmei_90_000121,120,121,1,True,-0.00021163888888509064,-1.0277777775513641e-06,0.0002116413844588902,UNVERIFIED,False
Chuanmei__90,q_000521,q_000522,Chuanmei_90_000121,Chuanmei_90_000122,121,122,1,True,-0.00020852777777236042,6.111111119366797e-07,0.00020852867323097336,UNVERIFIED,False
Chuanmei__90,q_000522,q_000523,Chuanmei_90_000122,Chuanmei_90_000123,122,123,1,True,-0.00020741666666879155,-2.9999999995311555e-06,0.00020743836099427167,UNVERIFIED,False
Chuanmei__90,q_000523,q_000524,Chuanmei_90_000123,Chuanmei_90_000124,123,124,1,True,-0.00020247222222735672,-3.972222224035704e-06,0.00020251118320498067,UNVERIFIED,False
Chuanmei__90,q_000524,q_000525,Chuanmei_90_000124,Chuanmei_90_000125,124,125,1,True,-0.0002145000000126629,-3.4444444452219614e-06,0.0002145276537021943,UNVERIFIED,False
Chuanmei__90,q_000525,q_000526,Chuanmei_90_000125,Chuanmei_90_000126,125,126,1,True,-0.00020783333332019538,-4.138888886728864e-06,0.00020787454110640898,UNVERIFIED,False
Chuanmei__90,q_000526,q_000527,Chuanmei_90_000126,Chuanmei_90_000127,126,127,1,True,-0.00020922222223873632,-1.5277777798416992e-06,0.00020922780021655763,UNVERIFIED,False
Chuanmei__90,q_000527,q_000528,Chuanmei_90_000127,Chuanmei_90_000128,127,128,1,True,-0.000211166666630902,3.3333333604446125e-07,0.00021116692971940332,UNVERIFIED,False
Chuanmei__90,q_000528,q_000529,Chuanmei_90_000128,Chuanmei_90_000129,128,129,1,True,-0.00020525000002180604,-2.361111111071068e-06,0.0002052635801953922,UNVERIFIED,False
Chuanmei__90,q_000529,q_000530,Chuanmei_90_000129,Chuanmei_90_000130,129,130,1,True,-0.00020758333334924828,-1.3000000002705292e-05,0.00020799000044342388,UNVERIFIED,False
Chuanmei__90,q_000530,q_000531,Chuanmei_90_000130,Chuanmei_90_000131,130,131,1,True,-0.00020819444443986868,8.91666666547053e-06,0.00020838530092127103,UNVERIFIED,False
Chuanmei__90,q_000531,q_000532,Chuanmei_90_000131,Chuanmei_90_000132,131,132,1,True,-0.0002104722221929478,-1.999999998503199e-06,0.00021048172442003513,UNVERIFIED,False
Chuanmei__90,q_000532,q_000533,Chuanmei_90_000132,Chuanmei_90_000133,132,133,1,True,-0.00020513888890150156,-9.166666643523058e-07,0.0002051409369616804,UNVERIFIED,False
Chuanmei__90,q_000533,q_000534,Chuanmei_90_000133,Chuanmei_90_000134,133,134,1,True,-0.00021063888890182625,-1.1388888907504224e-06,0.0002106419677692491,UNVERIFIED,False
Chuanmei__90,q_000534,q_000535,Chuanmei_90_000134,Chuanmei_90_000135,134,135,1,True,-0.00021008333331451468,-3.3611111120990245e-06,0.00021011021870543409,UNVERIFIED,False
Chuanmei__90,q_000535,q_000536,Chuanmei_90_000135,Chuanmei_90_000136,135,136,1,True,3.5555555513155923e-06,-0.00017119444444446685,0.0001712313633185467,UNVERIFIED,False
Chuanmei__90,q_000536,q_000537,Chuanmei_90_000136,Chuanmei_90_000137,136,137,1,True,0.00020744444444176224,-2.138888888225665e-06,0.0002074554708254944,UNVERIFIED,False
Chuanmei__90,q_000537,q_000538,Chuanmei_90_000137,Chuanmei_90_000138,137,138,1,True,0.0002073611111086393,5.833333354132719e-07,0.00020736193160266823,UNVERIFIED,False
Chuanmei__90,q_000538,q_000539,Chuanmei_90_000138,Chuanmei_90_000139,138,139,1,True,0.00020527777778056588,2.444444444194005e-06,0.0002052923314670281,UNVERIFIED,False
Chuanmei__90,q_000539,q_000540,Chuanmei_90_000139,Chuanmei_90_000140,139,140,1,True,0.00021013888887466692,1.3888888616975237e-07,0.00021013893477316934,UNVERIFIED,False
Chuanmei__90,q_000540,q_000541,Chuanmei_90_000140,Chuanmei_90_000141,140,141,1,True,0.00020602777780709403,1.250000000396767e-06,0.00020603156973660687,UNVERIFIED,False
Chuanmei__90,q_000541,q_000542,Chuanmei_90_000141,Chuanmei_90_000142,141,142,1,True,0.00020977777776920448,-1.38888879064325e-07,0.00020977782374671176,UNVERIFIED,False
Chuanmei__90,q_000542,q_000543,Chuanmei_90_000142,Chuanmei_90_000143,142,143,1,True,0.00020580555553806335,7.777777675244124e-07,0.00020580702521679509,UNVERIFIED,False
Chuanmei__90,q_000543,q_000544,Chuanmei_90_000143,Chuanmei_90_000144,143,144,1,True,0.00020700000000317686,5.555555553371505e-07,0.00020700074551385143,UNVERIFIED,False
Chuanmei__90,q_000544,q_000545,Chuanmei_90_000144,Chuanmei_90_000145,144,145,1,True,0.00020766666666816036,1.944444463219952e-07,0.00020766675770018543,UNVERIFIED,False
Chuanmei__90,q_000545,q_000546,Chuanmei_90_000145,Chuanmei_90_000146,145,146,1,True,0.00020569444446039142,-2.7777776523407738e-08,0.00020569444633600082,UNVERIFIED,False
Chuanmei__90,q_000546,q_000547,Chuanmei_90_000146,Chuanmei_90_000147,146,147,1,True,0.0002104722221929478,1.4722222161367426e-06,0.00021047737111882427,UNVERIFIED,False
Chuanmei__90,q_000547,q_000548,Chuanmei_90_000147,Chuanmei_90_000148,147,148,1,True,0.00020866666667984646,-7.222222180303106e-07,0.00020866791652817727,UNVERIFIED,False
Chuanmei__90,q_000548,q_000549,Chuanmei_90_000148,Chuanmei_90_000149,148,149,1,True,0.00020780555556143554,-4.1666666561468446e-07,0.00020780597328591666,UNVERIFIED,False
Chuanmei__90,q_000549,q_000550,Chuanmei_90_000149,Chuanmei_90_000150,149,150,1,True,0.00020852777775814957,4.1666666561468446e-07,0.00020852819403587242,UNVERIFIED,False
Chuanmei__90,q_000550,q_000551,Chuanmei_90_000150,Chuanmei_90_000151,150,151,1,True,0.0002071666666836336,8.333333347820826e-07,0.00020716834272942043,UNVERIFIED,False
Chuanmei__90,q_000551,q_000552,Chuanmei_90_000151,Chuanmei_90_000152,151,152,1,True,0.00020786111112158778,6.944444450596166e-07,0.00020786227115517702,UNVERIFIED,False
Chuanmei__90,q_000552,q_000553,Chuanmei_90_000152,Chuanmei_90_000153,152,153,1,True,4.472222215667898e-06,-0.00017972222222795153,0.00017977785718519261,UNVERIFIED,False
Chuanmei__90,q_000553,q_000554,Chuanmei_90_000153,Chuanmei_90_000154,153,154,1,True,-0.000201916666654256,-4.19444443977568e-06,0.00020196022785916117,UNVERIFIED,False
Chuanmei__90,q_000554,q_000555,Chuanmei_90_000154,Chuanmei_90_000155,154,155,1,True,-0.00020638888888413476,-1.8333333322573253e-06,0.0002063970313883775,UNVERIFIED,False
Chuanmei__90,q_000555,q_000556,Chuanmei_90_000155,Chuanmei_90_000156,155,156,1,True,-0.00021369444448282593,-4.138888890281578e-06,0.00021373452225616167,UNVERIFIED,False
Chuanmei__90,q_000556,q_000557,Chuanmei_90_000156,Chuanmei_90_000157,156,157,1,True,-0.00020186111109410376,-2.500000000793534e-06,0.0002018765914417768,UNVERIFIED,False
Chuanmei__90,q_000557,q_000558,Chuanmei_90_000157,Chuanmei_90_000158,157,158,1,True,-0.00020558333332587608,2.499999993688107e-07,0.00020558348533230474,UNVERIFIED,False
Chuanmei__90,q_000558,q_000559,Chuanmei_90_000158,Chuanmei_90_000159,158,159,1,True,-0.0002113055555810206,-1.3888888865665194e-06,0.0002113101200410028,UNVERIFIED,False
Chuanmei__90,q_000559,q_000560,Chuanmei_90_000159,Chuanmei_90_000160,159,160,1,True,-0.00021713888887120447,-6.638888891075112e-06,0.0002172403551505321,UNVERIFIED,False
Chuanmei__90,q_000560,q_000561,Chuanmei_90_000160,Chuanmei_90_000161,160,161,1,True,-0.00020177777776098083,-2.444444444194005e-06,0.0002017925838746323,UNVERIFIED,False
Chuanmei__90,q_000561,q_000562,Chuanmei_90_000161,Chuanmei_90_000162,161,162,1,True,-0.00020266666668078415,-2.416666657012456e-06,0.00020268107474855952,UNVERIFIED,False
Chuanmei__90,q_000562,q_000563,Chuanmei_90_000162,Chuanmei_90_000163,162,163,1,True,-0.00021427777775784307,-3.333333342681044e-06,0.00021430370307582886,UNVERIFIED,False
Chuanmei__90,q_000563,q_000564,Chuanmei_90_000163,Chuanmei_90_000164,163,164,1,True,-0.00019927777780992528,-1.0277777775513641e-06,0.00019928042818104837,UNVERIFIED,False
Chuanmei__90,q_000564,q_000565,Chuanmei_90_000164,Chuanmei_90_000165,164,165,1,True,-0.00020994444443545035,1.9444444454563836e-06,0.0002099534486821099,UNVERIFIED,False
Chuanmei__90,q_000565,q_000566,Chuanmei_90_000165,Chuanmei_90_000166,165,166,1,True,-0.0002108888888869842,-4.194444443328393e-06,0.0002109305971645056,UNVERIFIED,False
Chuanmei__90,q_000566,q_000567,Chuanmei_90_000166,Chuanmei_90_000167,166,167,1,True,-0.00020730555554848706,-5.277777781032e-06,0.0002073727279551793,UNVERIFIED,False
Chuanmei__90,q_000567,q_000568,Chuanmei_90_000167,Chuanmei_90_000168,167,168,1,True,-0.00020730555556269792,-1.5555555528123932e-06,0.0002073113916798513,UNVERIFIED,False
Chuanmei__90,q_000568,q_000569,Chuanmei_90_000168,Chuanmei_90_000169,168,169,1,True,-0.00021097222222010714,-9.166666679050195e-07,0.00021097421365245166,UNVERIFIED,False
Chuanmei__90,q_000569,q_000570,Chuanmei_90_000169,Chuanmei_90_000170,169,170,1,True,-4.250000003480636e-06,-0.00018474999999895658,0.00018479887716012789,UNVERIFIED,False
Chuanmei__90,q_000570,q_000571,Chuanmei_90_000170,Chuanmei_90_000171,170,171,1,True,0.00020813888890813814,1.0277777775513641e-06,0.00020814142644623703,UNVERIFIED,False
Chuanmei__90,q_000571,q_000572,Chuanmei_90_000171,Chuanmei_90_000172,171,172,1,True,0.00020561111111305763,2.9722222230077477e-06,0.00020563259254818792,UNVERIFIED,False
Chuanmei__90,q_000572,q_000573,Chuanmei_90_000172,Chuanmei_90_000173,172,173,1,True,0.00020983333331514586,-2.9166666699609323e-06,0.00020985360305367348,UNVERIFIED,False
Chuanmei__90,q_000573,q_000574,Chuanmei_90_000173,Chuanmei_90_000174,173,174,1,True,0.00020461111112979324,3.027777779607277e-06,0.00020463351200634584,UNVERIFIED,False
Chuanmei__90,q_000574,q_000575,Chuanmei_90_000174,Chuanmei_90_000175,174,175,1,True,0.00020780555553301383,1.3611111100431117e-06,0.00020781001307405373,UNVERIFIED,False
Chuanmei__90,q_000575,q_000576,Chuanmei_90_000175,Chuanmei_90_000176,175,176,1,True,0.0002081111111209566,2.8055555496564466e-06,0.00020813002117412411,UNVERIFIED,False
Chuanmei__90,q_000576,q_000577,Chuanmei_90_000176,Chuanmei_90_000177,176,177,1,True,0.00020758333333503742,-1.4166666595372135e-06,0.00020758816734801986,UNVERIFIED,False
Chuanmei__90,q_000577,q_000578,Chuanmei_90_000177,Chuanmei_90_000178,177,178,1,True,0.00020652777776319908,1.8333333322573253e-06,0.000206535914791865,UNVERIFIED,False
Chuanmei__90,q_000578,q_000579,Chuanmei_90_000178,Chuanmei_90_000179,178,179,1,True,0.0002077500000012833,-6.388888884600874e-07,0.00020775098237925377,UNVERIFIED,False
Chuanmei__90,q_000579,q_000580,Chuanmei_90_000179,Chuanmei_90_000180,179,180,1,True,0.00020783333332019538,1.1111111319905831e-07,0.0002078333630211062,UNVERIFIED,False
Chuanmei__90,q_000580,q_000581,Chuanmei_90_000180,Chuanmei_90_000181,180,181,1,True,0.0002084722222406299,1.4722222196894563e-06,0.00020847742056206165,UNVERIFIED,False
Chuanmei__90,q_000581,q_000582,Chuanmei_90_000181,Chuanmei_90_000182,181,182,1,True,0.00020852777775814957,1.0277777775513641e-06,0.0002085303105639855,UNVERIFIED,False
Chuanmei__90,q_000582,q_000583,Chuanmei_90_000182,Chuanmei_90_000183,182,183,1,True,0.00020652777780583165,-1.111111110674301e-06,0.0002065307666506742,UNVERIFIED,False
Chuanmei__90,q_000583,q_000584,Chuanmei_90_000183,Chuanmei_90_000184,183,184,1,True,0.0002051666666602614,2.5555555573930633e-06,0.00020518258204021544,UNVERIFIED,False
Chuanmei__90,q_000584,q_000585,Chuanmei_90_000184,Chuanmei_90_000185,184,185,1,True,0.00020633333333819337,8.055555547059612e-07,0.00020633490583563834,UNVERIFIED,False
Chuanmei__90,q_000585,q_000586,Chuanmei_90_000185,Chuanmei_90_000186,185,186,1,True,0.00021225000000413274,6.666666614307815e-07,0.00021225104698491316,UNVERIFIED,False
Chuanmei__90,q_000586,q_000587,Chuanmei_90_000186,Chuanmei_90_000187,186,187,1,True,1.3055555569962962e-06,-0.0001754999999974416,0.0001755048559852815,UNVERIFIED,False
Chuanmei__90,q_000587,q_000588,Chuanmei_90_000187,Chuanmei_90_000188,187,188,1,True,-0.00020383333334450526,-4.777777771636238e-06,0.00020388932032543378,UNVERIFIED,False
Chuanmei__90,q_000588,q_000589,Chuanmei_90_000188,Chuanmei_90_000189,188,189,1,True,-0.00020716666665521188,-9.166666714577332e-07,0.00020716869466890563,UNVERIFIED,False
Chuanmei__90,q_000589,q_000590,Chuanmei_90_000189,Chuanmei_90_000190,189,190,1,True,-0.00020736111112285016,3.861111110836646e-06,0.00020739705539161648,UNVERIFIED,False
Chuanmei__90,q_000590,q_000591,Chuanmei_90_000190,Chuanmei_90_000191,190,191,1,True,-0.00020863888887845405,-1.2222222203206456e-06,0.00020864246878234485,UNVERIFIED,False
Chuanmei__90,q_000591,q_000592,Chuanmei_90_000191,Chuanmei_90_000192,191,192,1,True,-0.0002090277777853089,-5.555555553371505e-07,0.00020902851606381255,UNVERIFIED,False
Chuanmei__90,q_000592,q_000593,Chuanmei_90_000192,Chuanmei_90_000193,192,193,1,True,-0.00020944444445092358,2.4722222207174127e-06,0.0002094590346441629,UNVERIFIED,False
Chuanmei__90,q_000593,q_000594,Chuanmei_90_000193,Chuanmei_90_000194,193,194,1,True,-0.00021086111112822437,-7.222222215830243e-07,0.00021086234796939622,UNVERIFIED,False
Chuanmei__90,q_000594,q_000595,Chuanmei_90_000194,Chuanmei_90_000195,194,195,1,True,-0.00020494444441965243,1.1111110609363095e-07,0.0002049444745392222,UNVERIFIED,False
Chuanmei__90,q_000595,q_000596,Chuanmei_90_000195,Chuanmei_90_000196,195,196,1,True,-0.00020691666665584307,1.6666666731168789e-06,0.00020692337885740354,UNVERIFIED,False
Chuanmei__90,q_000596,q_000597,Chuanmei_90_000196,Chuanmei_90_000197,196,197,1,True,-0.00020827777778720247,-1.0833333341508933e-06,0.00020828059518612907,UNVERIFIED,False
Chuanmei__90,q_000597,q_000598,Chuanmei_90_000197,Chuanmei_90_000198,197,198,1,True,-0.00021269444445692898,4.999999951849077e-07,0.00021269503215363736,UNVERIFIED,False
Chuanmei__90,q_000598,q_000599,Chuanmei_90_000198,Chuanmei_90_000199,198,199,1,True,-0.00020405555554248167,1.1944444473499516e-06,0.0002040590513681974,UNVERIFIED,False
Hangdian__100,q_000600,q_000601,Hangdian_100_000000,Hangdian_100_000001,0,1,1,True,-0.00019627777776065614,-4.388888886097675e-06,0.0001963268407231065,UNVERIFIED,False
Hangdian__100,q_000601,q_000602,Hangdian_100_000001,Hangdian_100_000002,1,2,1,True,-0.00020497222222104483,-4.527777782925568e-06,0.0002050222247803514,UNVERIFIED,False
Hangdian__100,q_000602,q_000603,Hangdian_100_000002,Hangdian_100_000003,2,3,1,True,-0.00019774999999810916,-2.166666664749073e-06,0.00019776186928649394,UNVERIFIED,False
Hangdian__100,q_000603,q_000604,Hangdian_100_000003,Hangdian_100_000004,3,4,1,True,-0.0002135277777739475,-1.944444463219952e-07,0.00021352786630724106,UNVERIFIED,False
Hangdian__100,q_000604,q_000605,Hangdian_100_000004,Hangdian_100_000005,4,5,1,True,-0.00021513888889046484,-1.8055555557339176e-06,0.00021514646532975768,UNVERIFIED,False
Hangdian__100,q_000605,q_000606,Hangdian_100_000005,Hangdian_100_000006,5,6,1,True,-0.00020961111111716946,-1.0277777811040778e-06,0.0002096136308328771,UNVERIFIED,False
Hangdian__100,q_000606,q_000607,Hangdian_100_000006,Hangdian_100_000007,6,7,1,True,-0.00020113888888317888,-5.138888884204107e-06,0.00020120452480032347,UNVERIFIED,False
Hangdian__100,q_000607,q_000608,Hangdian_100_000007,Hangdian_100_000008,7,8,1,True,-0.0002077777778026757,-6.388888849073737e-07,0.0002077787600493018,UNVERIFIED,False
Hangdian__100,q_000608,q_000609,Hangdian_100_000008,Hangdian_100_000009,8,9,1,True,-0.00020702777774772585,-2.7777778299764577e-07,0.0002070279641006463,UNVERIFIED,False
Hangdian__100,q_000609,q_000610,Hangdian_100_000009,Hangdian_100_000010,9,10,1,True,-0.0002046666666899455,-1.4166666666426408e-06,0.00020467156958995947,UNVERIFIED,False
Hangdian__100,q_000610,q_000611,Hangdian_100_000010,Hangdian_100_000011,10,11,1,True,-0.0002233611110966649,1.8611111158861604e-06,0.0002233688646273745,UNVERIFIED,False
Hangdian__100,q_000611,q_000612,Hangdian_100_000011,Hangdian_100_000012,11,12,1,True,-0.0001965277777742358,-4.583333335972384e-06,0.0001965812157388087,UNVERIFIED,False
Hangdian__100,q_000612,q_000613,Hangdian_100_000012,Hangdian_100_000013,12,13,1,True,-0.0002032777777856154,-1.6388888894880438e-06,0.00020328438429513006,UNVERIFIED,False
Hangdian__100,q_000613,q_000614,Hangdian_100_000013,Hangdian_100_000014,13,14,1,True,-0.0002083055555459623,-1.5833333328885146e-06,0.00020831157292804214,UNVERIFIED,False
Hangdian__100,q_000614,q_000615,Hangdian_100_000014,Hangdian_100_000015,14,15,1,True,-0.00020483333335619136,-4.8333333353411945e-06,0.0002048903501020464,UNVERIFIED,False
Hangdian__100,q_000615,q_000616,Hangdian_100_000015,Hangdian_100_000016,15,16,1,True,-0.0002095277777556248,-1.5555555528123932e-06,0.00020953355197745393,UNVERIFIED,False
Hangdian__100,q_000616,q_000617,Hangdian_100_000016,Hangdian_100_000017,16,17,1,True,-1.3222222221997981e-05,-0.00017438888889032,0.00017488942715009469,UNVERIFIED,False
Hangdian__100,q_000617,q_000618,Hangdian_100_000017,Hangdian_100_000018,17,18,1,True,0.00020913888887719168,-3.388888888622432e-06,0.00020916634387177532,UNVERIFIED,False
Hangdian__100,q_000618,q_000619,Hangdian_100_000018,Hangdian_100_000019,18,19,1,True,0.0002032777777856154,2.6111111104398788e-06,0.00020329454700677315,UNVERIFIED,False
Hangdian__100,q_000619,q_000620,Hangdian_100_000019,Hangdian_100_000020,19,20,1,True,0.0002109166666599549,-1.5833333328885146e-06,0.00021092260955001853,UNVERIFIED,False
Hangdian__100,q_000620,q_000621,Hangdian_100_000020,Hangdian_100_000021,20,21,1,True,0.0002080277777736228,1.4166666666426408e-06,0.00020803260145918517,UNVERIFIED,False
Hangdian__100,q_000621,q_000622,Hangdian_100_000021,Hangdian_100_000022,21,22,1,True,0.00020641666668552716,6.944444450596166e-07,0.00020641783483665187,UNVERIFIED,False
Hangdian__100,q_000622,q_000623,Hangdian_100_000022,Hangdian_100_000023,22,23,1,True,0.00020863888887845405,-5.5555556599529154e-08,0.00020863889627501333,UNVERIFIED,False
Hangdian__100,q_000623,q_000624,Hangdian_100_000023,Hangdian_100_000024,23,24,1,True,0.00020819444443986868,5.555555553371505e-07,0.00020819518567344596,UNVERIFIED,False
Hangdian__100,q_000624,q_000625,Hangdian_100_000024,Hangdian_100_000025,24,25,1,True,0.0002084166666662668,1.111111110674301e-06,0.00020841962842347173,UNVERIFIED,False
Hangdian__100,q_000625,q_000626,Hangdian_100_000025,Hangdian_100_000026,25,26,1,True,0.00020997222220842104,1.2222222238733593e-06,0.00020997577938016346,UNVERIFIED,False
Hangdian__100,q_000626,q_000627,Hangdian_100_000026,Hangdian_100_000027,26,27,1,True,0.00020572222224757297,2.7777776523407738e-08,0.0002057222241229291,UNVERIFIED,False
Hangdian__100,q_000627,q_000628,Hangdian_100_000027,Hangdian_100_000028,27,28,1,True,0.0002074166666545807,5.833333318605582e-07,0.00020741748692883517,UNVERIFIED,False
Hangdian__100,q_000628,q_000629,Hangdian_100_000028,Hangdian_100_000029,28,29,1,True,0.00020891666667921527,9.999999974752427e-07,0.00020891905996425812,UNVERIFIED,False
Hangdian__100,q_000629,q_000630,Hangdian_100_000029,Hangdian_100_000030,29,30,1,True,0.00020730555554848706,4.7222223287235465e-07,0.00020730609338633557,UNVERIFIED,False
Hangdian__100,q_000630,q_000631,Hangdian_100_000030,Hangdian_100_000031,30,31,1,True,0.00020055555555131832,9.722222173991213e-07,0.00020055791203175686,UNVERIFIED,False
Hangdian__100,q_000631,q_000632,Hangdian_100_000031,Hangdian_100_000032,31,32,1,True,0.00021297222222926848,5.5555553046815476e-08,0.00021297222947532947,UNVERIFIED,False
Hangdian__100,q_000632,q_000633,Hangdian_100_000032,Hangdian_100_000033,32,33,1,True,0.0002070833333362998,1.0000000010279564e-06,0.00020708574780915057,UNVERIFIED,False
Hangdian__100,q_000633,q_000634,Hangdian_100_000033,Hangdian_100_000034,33,34,1,True,1.100000000064938e-05,-0.00017802777777831125,0.0001783672886509689,UNVERIFIED,False
Hangdian__100,q_000634,q_000635,Hangdian_100_000034,Hangdian_100_000035,34,35,1,True,-0.00020530555556774743,-1.6666666660114515e-06,0.00020531232044073005,UNVERIFIED,False
Hangdian__100,q_000635,q_000636,Hangdian_100_000035,Hangdian_100_000036,35,36,1,True,-0.00020722222221536413,-1.0555555576274855e-06,0.0002072249106102087,UNVERIFIED,False
Hangdian__100,q_000636,q_000637,Hangdian_100_000036,Hangdian_100_000037,36,37,1,True,-0.00020591666667257869,-7.777777710771261e-07,0.00020591813555830157,UNVERIFIED,False
Hangdian__100,q_000637,q_000638,Hangdian_100_000037,Hangdian_100_000038,37,38,1,True,-0.00020461111110137153,-1.2777777804728885e-06,0.00020461510086548863,UNVERIFIED,False
Hangdian__100,q_000638,q_000639,Hangdian_100_000038,Hangdian_100_000039,38,39,1,True,-0.0002087777777859401,-1.0000000081333837e-06,0.00020878017266314262,UNVERIFIED,False
Hangdian__100,q_000639,q_000640,Hangdian_100_000039,Hangdian_100_000040,39,40,1,True,-0.00021013888890308863,-6.666666614307815e-07,0.0002101399464020634,UNVERIFIED,False
Hangdian__100,q_000640,q_000641,Hangdian_100_000040,Hangdian_100_000041,40,41,1,True,-0.00021088888887277335,5.5555553046815476e-08,0.00021088889619041686,UNVERIFIED,False
Hangdian__100,q_000641,q_000642,Hangdian_100_000041,Hangdian_100_000042,41,42,1,True,-0.00020874999999875854,3.888888926439904e-07,0.00020875036223693726,UNVERIFIED,False
Hangdian__100,q_000642,q_000643,Hangdian_100_000042,Hangdian_100_000043,42,43,1,True,-0.00020650000000443924,-1.3888888901192331e-06,0.00020650467068369786,UNVERIFIED,False
Hangdian__100,q_000643,q_000644,Hangdian_100_000043,Hangdian_100_000044,43,44,1,True,-0.00020838888887908524,9.444444444284272e-07,0.00020839102903812427,UNVERIFIED,False
Hangdian__100,q_000644,q_000645,Hangdian_100_000044,Hangdian_100_000045,44,45,1,True,-0.0001988333333429182,-7.777777781825534e-07,0.00019883485455655974,UNVERIFIED,False
Hangdian__100,q_000645,q_000646,Hangdian_100_000045,Hangdian_100_000046,45,46,1,True,-0.00021074999999370903,-1.3888888616975237e-07,0.00021075004575911972,UNVERIFIED,False
Hangdian__100,q_000646,q_000647,Hangdian_100_000046,Hangdian_100_000047,46,47,1,True,-0.00021013888888887777,-1.1666666743792575e-06,0.00021014212746277514,UNVERIFIED,False
Hangdian__100,q_000647,q_000648,Hangdian_100_000047,Hangdian_100_000048,47,48,1,True,-0.0002081388888939273,-7.777777710771261e-07,0.00020814034209700865,UNVERIFIED,False
Hangdian__100,q_000648,q_000649,Hangdian_100_000048,Hangdian_100_000049,48,49,1,True,-0.00020822222219862851,2.7777776523407738e-08,0.0002082222240514684,UNVERIFIED,False
Hangdian__100,q_000649,q_000650,Hangdian_100_000049,Hangdian_100_000050,49,50,1,True,-0.0002080000000006521,-1.3055555534435825e-06,0.00020800409725669927,UNVERIFIED,False
Hangdian__100,q_000650,q_000651,Hangdian_100_000050,Hangdian_100_000051,50,51,1,True,-1.083333359019889e-06,-0.00017694444444416035,0.0001769477607397712,UNVERIFIED,False
Hangdian__100,q_000651,q_000652,Hangdian_100_000051,Hangdian_100_000052,51,52,1,True,0.00020852777780078213,-3.5277777783448983e-06,0.0002085576163331988,UNVERIFIED,False
Hangdian__100,q_000652,q_000653,Hangdian_100_000052,Hangdian_100_000053,52,53,1,True,0.0002044722221938855,8.333333312293689e-07,0.00020447392032566555,UNVERIFIED,False
Hangdian__100,q_000653,q_000654,Hangdian_100_000053,Hangdian_100_000054,53,54,1,True,0.00020730555556269792,-3.3333333249174757e-07,0.0002073058235512678,UNVERIFIED,False
Hangdian__100,q_000654,q_000655,Hangdian_100_000054,Hangdian_100_000055,54,55,1,True,0.0002041388888756046,2.527777777316942e-06,0.0002041545385531704,UNVERIFIED,False
Hangdian__100,q_000655,q_000656,Hangdian_100_000055,Hangdian_100_000056,55,56,1,True,0.00021050000002276192,-1.916666665380262e-06,0.00021050872575902632,UNVERIFIED,False
Hangdian__100,q_000656,q_000657,Hangdian_100_000056,Hangdian_100_000057,56,57,1,True,0.0002058333333252449,6.666666649834951e-07,0.0002058344129445404,UNVERIFIED,False
Hangdian__100,q_000657,q_000658,Hangdian_100_000057,Hangdian_100_000058,57,58,1,True,0.00020961111111716946,-1.3611111135958254e-06,0.00020961553026252114,UNVERIFIED,False
Hangdian__100,q_000658,q_000659,Hangdian_100_000058,Hangdian_100_000059,58,59,1,True,0.00020852777777236042,-5.5555553046815476e-08,0.0002085277851728599,UNVERIFIED,False
Hangdian__100,q_000659,q_000660,Hangdian_100_000059,Hangdian_100_000060,59,60,1,True,0.00020797222222768141,6.944444450596166e-07,0.00020797338164151532,UNVERIFIED,False
Hangdian__100,q_000660,q_000661,Hangdian_100_000060,Hangdian_100_000061,60,61,1,True,0.00020847222221220818,-6.388888920128011e-07,0.0002084732011868975,UNVERIFIED,False
Hangdian__100,q_000661,q_000662,Hangdian_100_000061,Hangdian_100_000062,61,62,1,True,0.0002066944444436558,5.000000058430487e-07,0.00020669504920021032,UNVERIFIED,False
Hangdian__100,q_000662,q_000663,Hangdian_100_000062,Hangdian_100_000063,62,63,1,True,0.0002094166666779529,-1.1666666672738302e-06,0.00020941991642061495,UNVERIFIED,False
Hangdian__100,q_000663,q_000664,Hangdian_100_000063,Hangdian_100_000064,63,64,1,True,0.00020927777777046686,-1.111111110674301e-06,0.00020928072734116053,UNVERIFIED,False
Hangdian__100,q_000664,q_000665,Hangdian_100_000064,Hangdian_100_000065,64,65,1,True,0.00020574999999212196,3.0555555241562615e-07,0.00020575022687947103,UNVERIFIED,False
Hangdian__100,q_000665,q_000666,Hangdian_100_000065,Hangdian_100_000066,65,66,1,True,0.00020916666667858408,-7.777777746298398e-07,0.00020916811274115517,UNVERIFIED,False
Hangdian__100,q_000666,q_000667,Hangdian_100_000066,Hangdian_100_000067,66,67,1,True,0.00020836111110611455,3.888888926439904e-07,0.00020836147402037987,UNVERIFIED,False
Hangdian__100,q_000667,q_000668,Hangdian_100_000067,Hangdian_100_000068,67,68,1,True,8.388888900867641e-06,-0.00017850000000052546,0.0001786970158037864,UNVERIFIED,False
Hangdian__100,q_000668,q_000669,Hangdian_100_000068,Hangdian_100_000069,68,69,1,True,-0.0002026111111206319,-4.111111117310884e-06,0.00020265281538670005,UNVERIFIED,False
Hangdian__100,q_000669,q_000670,Hangdian_100_000069,Hangdian_100_000070,69,70,1,True,-0.0002103055555693345,-1.6111111094119224e-06,0.00021031172668763221,UNVERIFIED,False
Hangdian__100,q_000670,q_000671,Hangdian_100_000070,Hangdian_100_000071,70,71,1,True,-0.0002073333333072469,-1.3055555569962962e-06,0.00020733744373751294,UNVERIFIED,False
Hangdian__100,q_000671,q_000672,Hangdian_100_000071,Hangdian_100_000072,71,72,1,True,-0.00020919444445155477,5.00000002290335e-07,0.00020919504198091532,UNVERIFIED,False
Hangdian__100,q_000672,q_000673,Hangdian_100_000072,Hangdian_100_000073,72,73,1,True,-0.0002081388888939273,2.777777758922184e-07,0.0002081390742520284,UNVERIFIED,False
Hangdian__100,q_000673,q_000674,Hangdian_100_000073,Hangdian_100_000074,73,74,1,True,-0.00020744444444176224,-4.4444443503266484e-07,0.0002074449205466531,UNVERIFIED,False
Hangdian__100,q_000674,q_000675,Hangdian_100_000074,Hangdian_100_000075,74,75,1,True,-0.0002081388888939273,-4.166666762728255e-07,0.00020813930594944753,UNVERIFIED,False
Hangdian__100,q_000675,q_000676,Hangdian_100_000075,Hangdian_100_000076,75,76,1,True,-0.00020947222222389428,9.166666679050195e-07,0.00020947422791645897,UNVERIFIED,False
Hangdian__100,q_000676,q_000677,Hangdian_100_000076,Hangdian_100_000077,76,77,1,True,-0.00020591666665836783,-1.111111110674301e-06,0.00020591966437325416,UNVERIFIED,False
Hangdian__100,q_000677,q_000678,Hangdian_100_000077,Hangdian_100_000078,77,78,1,True,-0.00020994444443545035,-8.888888807234707e-07,0.00020994632617112445,UNVERIFIED,False
Hangdian__100,q_000678,q_000679,Hangdian_100_000078,Hangdian_100_000079,78,79,1,True,-0.00020777777778846485,-2.500000100269517e-07,0.00020777792818949198,UNVERIFIED,False
Hangdian__100,q_000679,q_000680,Hangdian_100_000079,Hangdian_100_000080,79,80,1,True,-0.00020791666665331832,-5.55555494941018e-08,0.00020791667407556847,UNVERIFIED,False
Hangdian__100,q_000680,q_000681,Hangdian_100_000080,Hangdian_100_000081,80,81,1,True,-0.00019511111112535673,-1.4999999997655777e-06,0.0001951168769854894,UNVERIFIED,False
Hangdian__100,q_000681,q_000682,Hangdian_100_000081,Hangdian_100_000082,81,82,1,True,-0.00020822222224126108,-8.611111113054903e-07,0.00020822400281292051,UNVERIFIED,False
Hangdian__100,q_000682,q_000683,Hangdian_100_000082,Hangdian_100_000083,82,83,1,True,-0.0002112222222052651,3.6111110546244163e-07,0.00021122253088759463,UNVERIFIED,False
Hangdian__100,q_000683,q_000684,Hangdian_100_000083,Hangdian_100_000084,83,84,1,True,-0.00021294444442787608,-1.7222222261636944e-06,0.00021295140868774054,UNVERIFIED,False
Hangdian__100,q_000684,q_000685,Hangdian_100_000084,Hangdian_100_000085,84,85,1,True,-5.527777787506238e-06,-0.00018605555555240016,0.00018613765357707802,UNVERIFIED,False
Hangdian__100,q_000685,q_000686,Hangdian_100_000085,Hangdian_100_000086,85,86,1,True,0.00020722222221536413,8.08333333424116e-06,0.0002073798197936969,UNVERIFIED,False
Hangdian__100,q_000686,q_000687,Hangdian_100_000086,Hangdian_100_000087,86,87,1,True,0.00020805555556080435,-1.2222222203206456e-06,0.00020805914550163566,UNVERIFIED,False
Hangdian__100,q_000687,q_000688,Hangdian_100_000087,Hangdian_100_000088,87,88,1,True,0.00020594444444554938,0.0,0.00020594444444554938,UNVERIFIED,False
Hangdian__100,q_000688,q_000689,Hangdian_100_000088,Hangdian_100_000089,88,89,1,True,0.00020650000000443924,-1.6666666624587378e-07,0.0002065000672629698,UNVERIFIED,False
Hangdian__100,q_000689,q_000690,Hangdian_100_000089,Hangdian_100_000090,89,90,1,True,0.00020569444443196971,2.2222221929268926e-07,0.00020569456447094422,UNVERIFIED,False
Hangdian__100,q_000690,q_000691,Hangdian_100_000090,Hangdian_100_000091,90,91,1,True,0.00021205555556491618,-3.111111112730214e-06,0.0002120783762157307,UNVERIFIED,False
Hangdian__100,q_000691,q_000692,Hangdian_100_000091,Hangdian_100_000092,91,92,1,True,0.0002060833333246137,4.444444456908059e-07,0.00020608381257403296,UNVERIFIED,False
Hangdian__100,q_000692,q_000693,Hangdian_100_000092,Hangdian_100_000093,92,93,1,True,0.00020849999999938973,-1.1944444473499516e-06,0.00020850342130834047,UNVERIFIED,False
Hangdian__100,q_000693,q_000694,Hangdian_100_000093,Hangdian_100_000094,93,94,1,True,0.00020911111111843184,-6.388888849073737e-07,0.0002091120871020908,UNVERIFIED,False
Hangdian__100,q_000694,q_000695,Hangdian_100_000094,Hangdian_100_000095,94,95,1,True,0.000209277777756256,-1.333333333519704e-06,0.00020928202512489016,UNVERIFIED,False
Hangdian__100,q_000695,q_000696,Hangdian_100_000095,Hangdian_100_000096,95,96,1,True,0.00020841666668047765,-1.1666666672738302e-06,0.0002084199320154237,UNVERIFIED,False
Hangdian__100,q_000696,q_000697,Hangdian_100_000096,Hangdian_100_000097,96,97,1,True,0.00020725000000254568,-6.111111119366797e-07,0.00020725090098198926,UNVERIFIED,False
Hangdian__100,q_000697,q_000698,Hangdian_100_000097,Hangdian_100_000098,97,98,1,True,0.00020808333333377504,-1.194444443797238e-06,0.00020808676149343153,UNVERIFIED,False
Hangdian__100,q_000698,q_000699,Hangdian_100_000098,Hangdian_100_000099,98,99,1,True,0.00020686111110990169,1.1666666672738302e-06,0.00020686440099914634,UNVERIFIED,False
Hangdian__100,q_000699,q_000700,Hangdian_100_000099,Hangdian_100_000100,99,100,1,True,0.00021186111111148875,-3.361111104993597e-06,0.0002118877709289866,UNVERIFIED,False
Hangdian__100,q_000700,q_000701,Hangdian_100_000100,Hangdian_100_000101,100,101,1,True,0.00020369444443701923,2.3055555509188252e-06,0.00020370749196066472,UNVERIFIED,False
Hangdian__100,q_000701,q_000702,Hangdian_100_000101,Hangdian_100_000102,101,102,1,True,1.1111112030448567e-07,-0.00017922222222210848,0.00017922225666448877,UNVERIFIED,False
Hangdian__100,q_000702,q_000703,Hangdian_100_000102,Hangdian_100_000103,102,103,1,True,-0.00020405555555669252,-2.2222222177958884e-06,0.00020406765550947973,UNVERIFIED,False
Hangdian__100,q_000703,q_000704,Hangdian_100_000103,Hangdian_100_000104,103,104,1,True,-0.0002093055555576484,1.444444439613335e-06,0.00020931053964632303,UNVERIFIED,False
Hangdian__100,q_000704,q_000705,Hangdian_100_000104,Hangdian_100_000105,104,105,1,True,-0.0002080555555465935,6.111111119366797e-07,0.00020805645303761377,UNVERIFIED,False
Hangdian__100,q_000705,q_000706,Hangdian_100_000105,Hangdian_100_000106,105,106,1,True,-0.00020919444445155477,3.888888890912767e-07,0.0002091948059201344,UNVERIFIED,False
Hangdian__100,q_000706,q_000707,Hangdian_100_000106,Hangdian_100_000107,106,107,1,True,-0.0002074166666830024,1.6944444425348593e-06,0.0002074235877615093,UNVERIFIED,False
Hangdian__100,q_000707,q_000708,Hangdian_100_000107,Hangdian_100_000108,107,108,1,True,-0.00020747222220052208,7.500000052118594e-07,0.00020747357779927214,UNVERIFIED,False
Hangdian__100,q_000708,q_000709,Hangdian_100_000108,Hangdian_100_000109,108,109,1,True,-0.00020752777777488518,-4.222222223404515e-06,0.00020757072459450041,UNVERIFIED,False
Hangdian__100,q_000709,q_000710,Hangdian_100_000109,Hangdian_100_000110,109,110,1,True,-0.0002068055555639603,3.3055555519467816e-06,0.00020683197168142373,UNVERIFIED,False
Hangdian__100,q_000710,q_000711,Hangdian_100_000110,Hangdian_100_000111,110,111,1,True,-0.00020952777778404652,1.2499999932913397e-06,0.00020953150637339484,UNVERIFIED,False
Hangdian__100,q_000711,q_000712,Hangdian_100_000111,Hangdian_100_000112,111,112,1,True,-0.0002096388888759293,1.4722222303475974e-06,0.00020964405826884232,UNVERIFIED,False
Hangdian__100,q_000712,q_000713,Hangdian_100_000112,Hangdian_100_000113,112,113,1,True,-0.00020750000000191449,-1.6666666979858746e-07,0.0002075000669363105,UNVERIFIED,False
Hangdian__100,q_000713,q_000714,Hangdian_100_000113,Hangdian_100_000114,113,114,1,True,-0.00020627777777804113,9.722222280572623e-07,0.00020628006888962307,UNVERIFIED,False
Hangdian__100,q_000714,q_000715,Hangdian_100_000114,Hangdian_100_000115,114,115,1,True,-0.00020911111111843184,8.333332957022321e-08,0.00020911112772310555,UNVERIFIED,False
Hangdian__100,q_000715,q_000716,Hangdian_100_000115,Hangdian_100_000116,115,116,1,True,-0.000206999999988966,3.61111112567869e-07,0.00020700031496755637,UNVERIFIED,False
Hangdian__100,q_000716,q_000717,Hangdian_100_000116,Hangdian_100_000117,116,117,1,True,-0.00020149999998864132,1.3055555534435825e-06,0.00020150422941150783,UNVERIFIED,False
Hangdian__100,q_000717,q_000718,Hangdian_100_000117,Hangdian_100_000118,117,118,1,True,-0.00021380555556049785,1.5277777762889855e-06,0.00021381101396669643,UNVERIFIED,False
Hangdian__100,q_000718,q_000719,Hangdian_100_000118,Hangdian_100_000119,118,119,1,True,-9.166666686155622e-06,-0.00017891666666614015,0.00017915133655392522,UNVERIFIED,False
Hangdian__100,q_000719,q_000720,Hangdian_100_000119,Hangdian_100_000120,119,120,1,True,0.00020736111112285016,-3.333333332022903e-06,0.0002073879010868411,UNVERIFIED,False
Hangdian__100,q_000720,q_000721,Hangdian_100_000120,Hangdian_100_000121,120,121,1,True,0.0002004444444452247,1.0277777775513641e-06,0.00020044707939033383,UNVERIFIED,False
Hangdian__100,q_000721,q_000722,Hangdian_100_000121,Hangdian_100_000122,121,122,1,True,0.00020569444443196971,-2.8611111098086894e-06,0.0002057143418115503,UNVERIFIED,False
Hangdian__100,q_000722,q_000723,Hangdian_100_000122,Hangdian_100_000123,122,123,1,True,0.00020427777778309064,7.222222215830243e-07,0.00020427905448414213,UNVERIFIED,False
Hangdian__100,q_000723,q_000724,Hangdian_100_000123,Hangdian_100_000124,123,124,1,True,0.00021291666665490538,-2.722222223638937e-06,0.00021293406827765013,UNVERIFIED,False
Hangdian__100,q_000724,q_000725,Hangdian_100_000124,Hangdian_100_000125,124,125,1,True,0.0002086944444386063,-2.6388888869632865e-06,0.00020871112781568755,UNVERIFIED,False
Hangdian__100,q_000725,q_000726,Hangdian_100_000125,Hangdian_100_000126,125,126,1,True,0.00020891666667921527,-7.500000016591457e-07,0.00020891801290543816,UNVERIFIED,False
Hangdian__100,q_000726,q_000727,Hangdian_100_000126,Hangdian_100_000127,126,127,1,True,0.00020716666666942274,-8.888888878288981e-07,0.00020716857363599968,UNVERIFIED,False
Hangdian__100,q_000727,q_000728,Hangdian_100_000127,Hangdian_100_000128,127,128,1,True,0.00021038888890245744,-3.833333334313238e-06,0.00021042380810655086,UNVERIFIED,False
Hangdian__100,q_000728,q_000729,Hangdian_100_000128,Hangdian_100_000129,128,129,1,True,0.0002109444444329256,-2.9999999995311555e-06,0.0002109657759853783,UNVERIFIED,False
Hangdian__100,q_000729,q_000730,Hangdian_100_000129,Hangdian_100_000130,129,130,1,True,0.00020386111111747596,1.6666666624587378e-07,0.00020386117924663715,UNVERIFIED,False
Hangdian__100,q_000730,q_000731,Hangdian_100_000130,Hangdian_100_000131,130,131,1,True,0.00020988888888950896,-2.0277777785793205e-06,0.00020989868404063886,UNVERIFIED,False
Hangdian__100,q_000731,q_000732,Hangdian_100_000131,Hangdian_100_000132,131,132,1,True,0.00020552777775151299,-1.0277777775513641e-06,0.00020553034752716044,UNVERIFIED,False
Hangdian__100,q_000732,q_000733,Hangdian_100_000132,Hangdian_100_000133,132,133,1,True,0.00021213888892646082,-4.194444443328393e-06,0.0002121803514917002,UNVERIFIED,False
Hangdian__100,q_000733,q_000734,Hangdian_100_000133,Hangdian_100_000134,133,134,1,True,0.00020661111109632202,-1.1111110609363095e-07,0.00020661114097292676,UNVERIFIED,False
Hangdian__100,q_000734,q_000735,Hangdian_100_000134,Hangdian_100_000135,134,135,1,True,0.0002070555555349074,-1.3888888901192331e-06,0.00020706021368244122,UNVERIFIED,False
Hangdian__100,q_000735,q_000736,Hangdian_100_000135,Hangdian_100_000136,135,136,1,True,-3.9166666283563245e-06,-0.00017716666667055847,0.00017720995473345864,UNVERIFIED,False
Hangdian__100,q_000736,q_000737,Hangdian_100_000136,Hangdian_100_000137,136,137,1,True,-0.00020350000002622437,-1.1666666672738302e-06,0.00020350334425209293,UNVERIFIED,False
Hangdian__100,q_000737,q_000738,Hangdian_100_000137,Hangdian_100_000138,137,138,1,True,-0.00020641666665710545,-1.4999999997655777e-06,0.0002064221167264542,UNVERIFIED,False
Hangdian__100,q_000738,q_000739,Hangdian_100_000138,Hangdian_100_000139,138,139,1,True,-0.00020830555556017316,9.444444408757136e-07,0.0002083076965753649,UNVERIFIED,False
Hangdian__100,q_000739,q_000740,Hangdian_100_000139,Hangdian_100_000140,139,140,1,True,-0.0002090555555582796,6.388888920128011e-07,0.00020905653180132224,UNVERIFIED,False
Hangdian__100,q_000740,q_000741,Hangdian_100_000140,Hangdian_100_000141,140,141,1,True,-0.00020888888887782286,9.444444444284272e-07,0.00020889102391419322,UNVERIFIED,False
Hangdian__100,q_000741,q_000742,Hangdian_100_000141,Hangdian_100_000142,141,142,1,True,-0.00020797222222768141,4.1666666916739814e-07,0.00020797263961741048,UNVERIFIED,False
Hangdian__100,q_000742,q_000743,Hangdian_100_000142,Hangdian_100_000143,142,143,1,True,-0.00020602777777867232,-1.1666666672738302e-06,0.00020603108097452311,UNVERIFIED,False
Hangdian__100,q_000743,q_000744,Hangdian_100_000143,Hangdian_100_000144,143,144,1,True,-0.00020961111111716946,6.666666649834951e-07,0.00020961217127880852,UNVERIFIED,False
Hangdian__100,q_000744,q_000745,Hangdian_100_000144,Hangdian_100_000145,144,145,1,True,-0.00020852777775814957,6.944444450596166e-07,0.0002085289340831135,UNVERIFIED,False
Hangdian__100,q_000745,q_000746,Hangdian_100_000145,Hangdian_100_000146,145,146,1,True,-0.00020547222224820416,-3.0555555596833983e-07,0.00020547244944228702,UNVERIFIED,False
Hangdian__100,q_000746,q_000747,Hangdian_100_000146,Hangdian_100_000147,146,147,1,True,-0.00020777777776004314,-3.6111110546244163e-07,0.00020777809155955872,UNVERIFIED,False
Hangdian__100,q_000747,q_000748,Hangdian_100_000147,Hangdian_100_000148,147,148,1,True,-0.000210583333341674,2.3055555509188252e-06,0.00021059595406296142,UNVERIFIED,False
Hangdian__100,q_000748,q_000749,Hangdian_100_000148,Hangdian_100_000149,148,149,1,True,-0.00020761111109379726,-6.666666720889225e-07,0.0002076121814683635,UNVERIFIED,False
Hangdian__100,q_000749,q_000750,Hangdian_100_000149,Hangdian_100_000150,149,150,1,True,-0.0001993611111146265,1.444444450271476e-06,0.0001993663438111568,UNVERIFIED,False
Hangdian__100,q_000750,q_000751,Hangdian_100_000150,Hangdian_100_000151,150,151,1,True,-0.00020511111112853087,-1.6666666660114515e-06,0.00020511788241437198,UNVERIFIED,False
Hangdian__100,q_000751,q_000752,Hangdian_100_000151,Hangdian_100_000152,151,152,1,True,-0.00021780555556460968,1.611111112964636e-06,0.00021781151419019747,UNVERIFIED,False
Hangdian__100,q_000752,q_000753,Hangdian_100_000152,Hangdian_100_000153,152,153,1,True,-3.6666666574092233e-06,-0.00017430555555719707,0.0001743441170285928,UNVERIFIED,False
Hangdian__100,q_000753,q_000754,Hangdian_100_000153,Hangdian_100_000154,153,154,1,True,0.00020505555556837862,-6.361111108077466e-06,0.00020515419713958017,UNVERIFIED,False
Hangdian__100,q_000754,q_000755,Hangdian_100_000154,Hangdian_100_000155,154,155,1,True,0.0002116111110979091,-3.388888892175146e-06,0.00021163824538115772,UNVERIFIED,False
Hangdian__100,q_000755,q_000756,Hangdian_100_000155,Hangdian_100_000156,155,156,1,True,0.000211527777778997,3.3333333249174757e-07,0.00021152804041835987,UNVERIFIED,False
Hangdian__100,q_000756,q_000757,Hangdian_100_000156,Hangdian_100_000157,156,157,1,True,0.0002073333333356686,-1.7777777792105098e-06,0.00020734095496527385,UNVERIFIED,False
Hangdian__100,q_000757,q_000758,Hangdian_100_000157,Hangdian_100_000158,157,158,1,True,0.00020874999999875854,5.555555553371505e-07,0.00020875073925966526,UNVERIFIED,False
Hangdian__100,q_000758,q_000759,Hangdian_100_000158,Hangdian_100_000159,158,159,1,True,0.0002071111111092705,-3.611111090151553e-07,0.000207111425918875,UNVERIFIED,False
Hangdian__100,q_000759,q_000760,Hangdian_100_000159,Hangdian_100_000160,159,160,1,True,0.00020466666667573463,-6.11111108383966e-07,0.00020466757902741473,UNVERIFIED,False
Hangdian__100,q_000760,q_000761,Hangdian_100_000160,Hangdian_100_000161,160,161,1,True,0.00020858333333251267,-1.6388888965934711e-06,0.00020858977180321538,UNVERIFIED,False
Hangdian__100,q_000761,q_000762,Hangdian_100_000161,Hangdian_100_000162,161,162,1,True,0.00020697222220178446,-9.999999974752427e-07,0.0002069746379707905,UNVERIFIED,False
Hangdian__100,q_000762,q_000763,Hangdian_100_000162,Hangdian_100_000163,162,163,1,True,0.00020991666669090137,-1.6388888859353301e-06,0.000209923064267363,UNVERIFIED,False
Hangdian__100,q_000763,q_000764,Hangdian_100_000163,Hangdian_100_000164,163,164,1,True,0.00020794444444049986,-4.7222221866149994e-07,0.00020794498062586634,UNVERIFIED,False
Hangdian__100,q_000764,q_000765,Hangdian_100_000164,Hangdian_100_000165,164,165,1,True,0.00020627777777804113,-1.222222227426073e-06,0.00020628139865780466,UNVERIFIED,False
Hangdian__100,q_000765,q_000766,Hangdian_100_000165,Hangdian_100_000166,165,166,1,True,0.0002070555555349074,-4.722222222142136e-07,0.00020705609402211825,UNVERIFIED,False
Hangdian__100,q_000766,q_000767,Hangdian_100_000166,Hangdian_100_000167,166,167,1,True,0.00020630555557943353,-2.2222222284540294e-07,0.00020630567526283677,UNVERIFIED,False
Hangdian__100,q_000767,q_000768,Hangdian_100_000167,Hangdian_100_000168,167,168,1,True,0.00020747222221473294,-8.888888878288981e-07,0.00020747412637284302,UNVERIFIED,False
Hangdian__100,q_000768,q_000769,Hangdian_100_000168,Hangdian_100_000169,168,169,1,True,0.00020897222222515666,-1.555555556365107e-06,0.00020897801179743577,UNVERIFIED,False
Hangdian__100,q_000769,q_000770,Hangdian_100_000169,Hangdian_100_000170,169,170,1,True,1.3055555569962962e-06,-0.0001786388888831425,0.00017864365954804032,UNVERIFIED,False
Hangdian__100,q_000770,q_000771,Hangdian_100_000170,Hangdian_100_000171,170,171,1,True,-0.0002062500000192813,1.1944444402445242e-06,0.0002062534586509384,UNVERIFIED,False
Hangdian__100,q_000771,q_000772,Hangdian_100_000171,Hangdian_100_000172,171,172,1,True,-0.0002057499999779111,-6.944444415069029e-07,0.00020575117191402035,UNVERIFIED,False
Hangdian__100,q_000772,q_000773,Hangdian_100_000172,Hangdian_100_000173,172,173,1,True,-0.00020919444445155477,2.6666666634866942e-06,0.0002092114401759349,UNVERIFIED,False
Hangdian__100,q_000773,q_000774,Hangdian_100_000173,Hangdian_100_000174,173,174,1,True,-0.00020688888888287238,1.3611111100431117e-06,0.00020689336617360016,UNVERIFIED,False
Hangdian__100,q_000774,q_000775,Hangdian_100_000174,Hangdian_100_000175,174,175,1,True,-0.00020744444444176224,1.1666666672738302e-06,0.00020744772507999193,UNVERIFIED,False
Hangdian__100,q_000775,q_000776,Hangdian_100_000175,Hangdian_100_000176,175,176,1,True,-0.0002081111111209566,1.3888888901192331e-06,0.00020811574564253479,UNVERIFIED,False
Hangdian__80,q_000777,q_000778,Hangdian_80_000000,Hangdian_80_000001,0,1,1,True,-0.0002049166666608926,-2.9999999995311555e-06,0.00020493862563072038,UNVERIFIED,False
Hangdian__80,q_000778,q_000779,Hangdian_80_000001,Hangdian_80_000002,1,2,1,True,-0.000206833333336931,-2.9999999995311555e-06,0.0002068550888406258,UNVERIFIED,False
Hangdian__80,q_000779,q_000780,Hangdian_80_000002,Hangdian_80_000003,2,3,1,True,-0.00020849999999938973,-2.388888887594476e-06,0.00020851368489828862,UNVERIFIED,False
Hangdian__80,q_000780,q_000781,Hangdian_80_000003,Hangdian_80_000004,3,4,1,True,-0.00020899999999812735,-2.500000000793534e-06,0.0002090149516164363,UNVERIFIED,False
Hangdian__80,q_000781,q_000782,Hangdian_80_000004,Hangdian_80_000005,4,5,1,True,-0.0002070833333362998,-1.3611111100431117e-06,0.0002070878064230894,UNVERIFIED,False
Hangdian__80,q_000782,q_000783,Hangdian_80_000005,Hangdian_80_000006,5,6,1,True,-0.00020655555555038063,-1.6666666660114515e-06,0.00020656227948612004,UNVERIFIED,False
Hangdian__80,q_000783,q_000784,Hangdian_80_000006,Hangdian_80_000007,6,7,1,True,-0.00020972222223747394,-8.333333383347963e-07,0.00020972387786009772,UNVERIFIED,False
Hangdian__80,q_000784,q_000785,Hangdian_80_000007,Hangdian_80_000008,7,8,1,True,-0.00020697222220178446,-1.222222216767932e-06,0.00020697583093272508,UNVERIFIED,False
Hangdian__80,q_000785,q_000786,Hangdian_80_000008,Hangdian_80_000009,8,9,1,True,-0.0002096388888759293,4.305555556527452e-06,0.0002096830978829352,UNVERIFIED,False
Hangdian__80,q_000786,q_000787,Hangdian_80_000009,Hangdian_80_000010,9,10,1,True,-0.00021033333335651605,-2.805555556761874e-06,0.00021035204363838584,UNVERIFIED,False
Hangdian__80,q_000787,q_000788,Hangdian_80_000010,Hangdian_80_000011,10,11,1,True,-0.00020766666666816036,-2.2500000014247235e-06,0.000207678855315295,UNVERIFIED,False
Hangdian__80,q_000788,q_000789,Hangdian_80_000011,Hangdian_80_000012,11,12,1,True,-0.00020699999997475516,-2.277777781500845e-06,0.0002070125316524836,UNVERIFIED,False
Hangdian__80,q_000789,q_000790,Hangdian_80_000012,Hangdian_80_000013,12,13,1,True,-0.00020680555557817115,-1.9999999949504854e-06,0.00020681522627209013,UNVERIFIED,False
Hangdian__80,q_000790,q_000791,Hangdian_80_000013,Hangdian_80_000014,13,14,1,True,-0.00020777777778846485,-1.5277777727362718e-06,0.00020778339454257538,UNVERIFIED,False
Hangdian__80,q_000791,q_000792,Hangdian_80_000014,Hangdian_80_000015,14,15,1,True,-0.00020599999999149077,-2.0000000056086265e-06,0.00020600970850063506,UNVERIFIED,False
Hangdian__80,q_000792,q_000793,Hangdian_80_000015,Hangdian_80_000016,15,16,1,True,-0.0002064166666428946,-1.194444443797238e-06,0.00020642012248202256,UNVERIFIED,False
Hangdian__80,q_000793,q_000794,Hangdian_80_000016,Hangdian_80_000017,16,17,1,True,-6.444444480280254e-06,-0.0001823611111113621,0.00018247494543205094,UNVERIFIED,False
Hangdian__80,q_000794,q_000795,Hangdian_80_000017,Hangdian_80_000018,17,18,1,True,0.00020866666667984646,4.999999987376214e-07,0.00020866726572051707,UNVERIFIED,False
Hangdian__80,q_000795,q_000796,Hangdian_80_000018,Hangdian_80_000019,18,19,1,True,0.00020661111112474373,1.2777777804728885e-06,0.00020661506226860005,UNVERIFIED,False
Hangdian__80,q_000796,q_000797,Hangdian_80_000019,Hangdian_80_000020,19,20,1,True,0.0002099166666766905,1.8055555521812039e-06,0.00020992443159266813,UNVERIFIED,False
Hangdian__80,q_000797,q_000798,Hangdian_80_000020,Hangdian_80_000021,20,21,1,True,0.00020738888888161,-7.49999998106432e-07,0.00020739024502503954,UNVERIFIED,False
Hangdian__80,q_000798,q_000799,Hangdian_80_000021,Hangdian_80_000022,21,22,1,True,0.00020880555555891078,9.444444373229999e-07,0.0002088076914473233,UNVERIFIED,False
Hangdian__80,q_000799,q_000800,Hangdian_80_000022,Hangdian_80_000023,22,23,1,True,0.00020700000000317686,4.4444445279623324e-07,0.0002070004771303362,UNVERIFIED,False
Hangdian__80,q_000800,q_000801,Hangdian_80_000023,Hangdian_80_000024,23,24,1,True,0.00020938888887656049,8.888888878288981e-07,0.0002093907756048855,UNVERIFIED,False
Hangdian__80,q_000801,q_000802,Hangdian_80_000024,Hangdian_80_000025,24,25,1,True,0.0002096111111029586,2.2222221929268926e-07,0.00020961122889895858,UNVERIFIED,False
Hangdian__80,q_000802,q_000803,Hangdian_80_000025,Hangdian_80_000026,25,26,1,True,0.00020886111111906303,1.3611111135958254e-06,0.00020886554613280082,UNVERIFIED,False
Hangdian__80,q_000803,q_000804,Hangdian_80_000026,Hangdian_80_000027,26,27,1,True,0.00020686111110990169,-1.3888888972246605e-07,0.00020686115773568218,UNVERIFIED,False
Hangdian__80,q_000804,q_000805,Hangdian_80_000027,Hangdian_80_000028,27,28,1,True,0.0002045277777682486,-1.7499999991343884e-06,0.00020453526438933472,UNVERIFIED,False
Hangdian__80,q_000805,q_000806,Hangdian_80_000028,Hangdian_80_000029,28,29,1,True,0.00020869444445281715,5.833333318605582e-07,0.00020869525970478112,UNVERIFIED,False
Hangdian__80,q_000806,q_000807,Hangdian_80_000029,Hangdian_80_000030,29,30,1,True,0.00020686111110990169,8.333333667565057e-08,0.000206861127895185,UNVERIFIED,False
Hangdian__80,q_000807,q_000808,Hangdian_80_000030,Hangdian_80_000031,30,31,1,True,0.00020949999999686497,5.527777776848097e-06,0.0002095729141035087,UNVERIFIED,False
Hangdian__80,q_000808,q_000809,Hangdian_80_000031,Hangdian_80_000032,31,32,1,True,0.00020644444445849786,-2.4444444406412913e-06,0.00020645891590435417,UNVERIFIED,False
Hangdian__80,q_000809,q_000810,Hangdian_80_000032,Hangdian_80_000033,32,33,1,True,0.00020916666663595151,1.5277777727362718e-06,0.00020917224609521727,UNVERIFIED,False
Hangdian__80,q_000810,q_000811,Hangdian_80_000033,Hangdian_80_000034,33,34,1,True,7.833333370399487e-06,-0.0001788055555564938,0.00017897705945052903,UNVERIFIED,False
Hangdian__80,q_000811,q_000812,Hangdian_80_000034,Hangdian_80_000035,34,35,1,True,-0.00021208333336630858,-1.3055555534435825e-06,0.0002120873517375987,UNVERIFIED,False
Hangdian__80,q_000812,q_000813,Hangdian_80_000035,Hangdian_80_000036,35,36,1,True,-0.00020494444443386328,-1.4999999997655777e-06,0.0002049499336528416,UNVERIFIED,False
Hangdian__80,q_000813,q_000814,Hangdian_80_000036,Hangdian_80_000037,36,37,1,True,-0.00020672222220241565,2.7777776523407738e-08,0.0002067222240686999,UNVERIFIED,False
Hangdian__80,q_000814,q_000815,Hangdian_80_000037,Hangdian_80_000038,37,38,1,True,-0.00020633333336661508,3.055555595210535e-07,0.00020633355961253289,UNVERIFIED,False
Hangdian__80,q_000815,q_000816,Hangdian_80_000038,Hangdian_80_000039,38,39,1,True,-0.00020816666665268713,-1.1388888907504224e-06,0.0002081697820847119,UNVERIFIED,False
Hangdian__80,q_000816,q_000817,Hangdian_80_000039,Hangdian_80_000040,39,40,1,True,-0.0002006944444445935,2.8611111098086894e-06,0.00020071483748768226,UNVERIFIED,False
Hangdian__80,q_000817,q_000818,Hangdian_80_000040,Hangdian_80_000041,40,41,1,True,-0.00020858333333251267,-1.3055555569962962e-06,0.0002085874191302402,UNVERIFIED,False
Hangdian__80,q_000818,q_000819,Hangdian_80_000041,Hangdian_80_000042,41,42,1,True,-0.00020777777776004314,-1.5833333328885146e-06,0.00020778381042647407,UNVERIFIED,False
Hangdian__80,q_000819,q_000820,Hangdian_80_000042,Hangdian_80_000043,42,43,1,True,-0.00020797222224189227,-2.1111111117022574e-06,0.0002079829368346283,UNVERIFIED,False
Hangdian__80,q_000820,q_000821,Hangdian_80_000043,Hangdian_80_000044,43,44,1,True,-0.00020708333332208895,5.5555556599529154e-08,0.00020708334077420922,UNVERIFIED,False
Hangdian__80,q_000821,q_000822,Hangdian_80_000044,Hangdian_80_000045,44,45,1,True,-0.00020283333334703002,-1.6111111094119224e-06,0.00020283973179748162,UNVERIFIED,False
Hangdian__80,q_000822,q_000823,Hangdian_80_000045,Hangdian_80_000046,45,46,1,True,-0.0002118055555513365,-3.3333333355756167e-06,0.00021183178343566945,UNVERIFIED,False
Hangdian__80,q_000823,q_000824,Hangdian_80_000046,Hangdian_80_000047,46,47,1,True,-0.0002103055555409128,0.0,0.0002103055555409128,UNVERIFIED,False
Hangdian__80,q_000824,q_000825,Hangdian_80_000047,Hangdian_80_000048,47,48,1,True,-0.00020797222222768141,5.00000002290335e-07,0.0002079728232686242,UNVERIFIED,False
Hangdian__80,q_000825,q_000826,Hangdian_80_000048,Hangdian_80_000049,48,49,1,True,-0.00020844444445344834,-5.555555588898642e-07,0.00020844518479803202,UNVERIFIED,False
Hangdian__80,q_000826,q_000827,Hangdian_80_000049,Hangdian_80_000050,49,50,1,True,-0.000208333333318933,-1.5555555528123932e-06,0.00020833914064538023,UNVERIFIED,False
Hangdian__80,q_000827,q_000828,Hangdian_80_000050,Hangdian_80_000051,50,51,1,True,5.055555561739311e-06,-0.0001788055555564938,0.00017887701177038995,UNVERIFIED,False
Hangdian__80,q_000828,q_000829,Hangdian_80_000051,Hangdian_80_000052,51,52,1,True,0.00020652777774898823,8.333333383347963e-07,0.00020652945897955637,UNVERIFIED,False
Hangdian__80,q_000829,q_000830,Hangdian_80_000052,Hangdian_80_000053,52,53,1,True,0.00020708333335051066,-4.72222229319641e-07,0.00020708387176550613,UNVERIFIED,False
Hangdian__80,q_000830,q_000831,Hangdian_80_000053,Hangdian_80_000054,53,54,1,True,0.00020749999997349278,-1.5555555528123932e-06,0.0002075058306218825,UNVERIFIED,False
Hangdian__80,q_000831,q_000832,Hangdian_80_000054,Hangdian_80_000055,54,55,1,True,0.0002052222222346245,-4.444444456908059e-07,0.00020522270349496643,UNVERIFIED,False
Hangdian__80,q_000832,q_000833,Hangdian_80_000055,Hangdian_80_000056,55,56,1,True,0.00020819444445407953,-1.0277777775513641e-06,0.00020819698131505855,UNVERIFIED,False
Hangdian__80,q_000833,q_000834,Hangdian_80_000056,Hangdian_80_000057,56,57,1,True,0.00020994444443545035,6.666666685362088e-07,0.0002099455029138677,UNVERIFIED,False
Hangdian__80,q_000834,q_000835,Hangdian_80_000057,Hangdian_80_000058,57,58,1,True,0.00020797222224189227,1.1388888871977088e-06,0.0002079753405866388,UNVERIFIED,False
Hangdian__80,q_000835,q_000836,Hangdian_80_000058,Hangdian_80_000059,58,59,1,True,0.00020880555555891078,1.0277777775513641e-06,0.00020880808499535025,UNVERIFIED,False
Hangdian__80,q_000836,q_000837,Hangdian_80_000059,Hangdian_80_000060,59,60,1,True,0.00020755555553364502,-6.388888884600874e-07,0.0002075565388319332,UNVERIFIED,False
Hangdian__80,q_000837,q_000838,Hangdian_80_000060,Hangdian_80_000061,60,61,1,True,0.00020766666666816036,9.72222220951835e-07,0.00020766894245676635,UNVERIFIED,False
Hangdian__80,q_000838,q_000839,Hangdian_80_000061,Hangdian_80_000062,61,62,1,True,0.00020825000000002092,-7.222222215830243e-07,0.00020825125234904605,UNVERIFIED,False
Hangdian__80,q_000839,q_000840,Hangdian_80_000062,Hangdian_80_000063,62,63,1,True,0.00020794444445471072,2.7777776523407738e-08,0.00020794444631002564,UNVERIFIED,False
Hangdian__80,q_000840,q_000841,Hangdian_80_000063,Hangdian_80_000064,63,64,1,True,0.00020772222221410175,3.61111112567869e-07,0.0002077225360975556,UNVERIFIED,False
Hangdian__80,q_000841,q_000842,Hangdian_80_000064,Hangdian_80_000065,64,65,1,True,0.00020744444444176224,-8.055555582586749e-07,0.00020744600851669532,UNVERIFIED,False
Hangdian__80,q_000842,q_000843,Hangdian_80_000065,Hangdian_80_000066,65,66,1,True,0.00020922222222452547,-9.444444408757136e-07,0.0002092243538593694,UNVERIFIED,False
Hangdian__80,q_000843,q_000844,Hangdian_80_000066,Hangdian_80_000067,66,67,1,True,0.00020869444445281715,1.111111110674301e-06,0.00020869740226790137,UNVERIFIED,False
Hangdian__80,q_000844,q_000845,Hangdian_80_000067,Hangdian_80_000068,67,68,1,True,3.694444444590772e-06,-0.0001794722222214773,0.00017951024335360224,UNVERIFIED,False
Hangdian__80,q_000845,q_000846,Hangdian_80_000068,Hangdian_80_000069,68,69,1,True,-0.00020458333335682255,-2.499999993688107e-07,0.00020458348610625558,UNVERIFIED,False
Hangdian__80,q_000846,q_000847,Hangdian_80_000069,Hangdian_80_000070,69,70,1,True,-0.00020844444442502663,-9.444444479811409e-07,0.00020844658401368284,UNVERIFIED,False
Hangdian__80,q_000847,q_000848,Hangdian_80_000070,Hangdian_80_000071,70,71,1,True,-0.00020808333333377504,-2.5000000292152436e-07,0.0002080834835139406,UNVERIFIED,False
Hangdian__80,q_000848,q_000849,Hangdian_80_000071,Hangdian_80_000072,71,72,1,True,-0.00020786111110737693,-3.333333289390339e-07,0.00020786137837968234,UNVERIFIED,False
Hangdian__80,q_000849,q_000850,Hangdian_80_000072,Hangdian_80_000073,72,73,1,True,-0.0002081388888939273,-1.6666666624587378e-07,0.00020813895562286328,UNVERIFIED,False
Hangdian__80,q_000850,q_000851,Hangdian_80_000073,Hangdian_80_000074,73,74,1,True,-0.00020888888887782286,-1.3888888972246605e-07,0.00020888893505098617,UNVERIFIED,False
Hangdian__80,q_000851,q_000852,Hangdian_80_000074,Hangdian_80_000075,74,75,1,True,-0.0002084722222406299,-4.166666727201118e-07,0.00020847263862930007,UNVERIFIED,False
Hangdian__80,q_000852,q_000853,Hangdian_80_000075,Hangdian_80_000076,75,76,1,True,-0.00020716666664100103,-7.222222109248833e-07,0.0002071679255388382,UNVERIFIED,False
Hangdian__80,q_000853,q_000854,Hangdian_80_000076,Hangdian_80_000077,76,77,1,True,-0.00020811111113516745,-1.9444444987470888e-07,0.00020811120197278688,UNVERIFIED,False
Hangdian__80,q_000854,q_000855,Hangdian_80_000077,Hangdian_80_000078,77,78,1,True,-0.00020819444442565782,-2.499999993688107e-07,0.00020819459452566967,UNVERIFIED,False
Hangdian__80,q_000855,q_000856,Hangdian_80_000078,Hangdian_80_000079,78,79,1,True,-0.00020677777780520046,-5.55555494941018e-08,0.0002067777852683308,UNVERIFIED,False
Hangdian__80,q_000856,q_000857,Hangdian_80_000079,Hangdian_80_000080,79,80,1,True,-0.0002080000000006521,-1.1111111177797284e-06,0.00020800296769081766,UNVERIFIED,False
Hangdian__80,q_000857,q_000858,Hangdian_80_000080,Hangdian_80_000081,80,81,1,True,-0.00020811111109253488,-1.3055555534435825e-06,0.00020811520616108886,UNVERIFIED,False
Hangdian__80,q_000858,q_000859,Hangdian_80_000081,Hangdian_80_000082,81,82,1,True,-0.00020944444446513444,-6.11111119042107e-07,0.00020944533600466877,UNVERIFIED,False
Hangdian__80,q_000859,q_000860,Hangdian_80_000082,Hangdian_80_000083,82,83,1,True,-0.00020725000000254568,5.555556015224283e-08,0.00020725000744867402,UNVERIFIED,False
Hangdian__80,q_000860,q_000861,Hangdian_80_000083,Hangdian_80_000084,83,84,1,True,-0.0002077500000012833,2.7777780076121417e-08,0.0002077500018583352,UNVERIFIED,False
Hangdian__80,q_000861,q_000862,Hangdian_80_000084,Hangdian_80_000085,84,85,1,True,3.888889068548451e-07,-0.0001794722222214773,0.00017947264355242892,UNVERIFIED,False
Hangdian__80,q_000862,q_000863,Hangdian_80_000085,Hangdian_80_000086,85,86,1,True,0.0002073333333356686,-1.0000000010279564e-06,0.0002073357448972114,UNVERIFIED,False
Hangdian__80,q_000863,q_000864,Hangdian_80_000086,Hangdian_80_000087,86,87,1,True,0.00020580555556648505,-5.277777788137428e-07,0.0002058062322948782,UNVERIFIED,False
Hangdian__80,q_000864,q_000865,Hangdian_80_000087,Hangdian_80_000088,87,88,1,True,0.00020791666665331832,1.6666666624587378e-07,0.00020791673345357445,UNVERIFIED,False
Hangdian__80,q_000865,q_000866,Hangdian_80_000088,Hangdian_80_000089,88,89,1,True,0.00020813888890813814,-5.833333318605582e-07,0.00020813970633612976,UNVERIFIED,False
Hangdian__80,q_000866,q_000867,Hangdian_80_000089,Hangdian_80_000090,89,90,1,True,0.00020969444442187068,-1.8611111158861604e-06,0.00020970270326341214,UNVERIFIED,False
Hangdian__80,q_000867,q_000868,Hangdian_80_000090,Hangdian_80_000091,90,91,1,True,0.00020847222221220818,-8.055555511532475e-07,0.00020847377857620918,UNVERIFIED,False
Hangdian__80,q_000868,q_000869,Hangdian_80_000091,Hangdian_80_000092,91,92,1,True,0.0002083611111203254,-3.3333333249174757e-07,0.00020836137775126932,UNVERIFIED,False
Hangdian__80,q_000869,q_000870,Hangdian_80_000092,Hangdian_80_000093,92,93,1,True,0.00020791666666752917,-4.444444456908059e-07,0.00020791714169111152,UNVERIFIED,False
Hangdian__80,q_000870,q_000871,Hangdian_80_000093,Hangdian_80_000094,93,94,1,True,0.0002089722222109458,-1.2777777733674611e-06,0.00020897612871287243,UNVERIFIED,False
Hangdian__80,q_000871,q_000872,Hangdian_80_000094,Hangdian_80_000095,94,95,1,True,0.0002080833333479859,-1.3333333370724176e-06,0.00020808760509698017,UNVERIFIED,False
Hangdian__80,q_000872,q_000873,Hangdian_80_000095,Hangdian_80_000096,95,96,1,True,0.00020830555556017316,-1.0000000010279564e-06,0.00020830795586639135,UNVERIFIED,False
Hangdian__80,q_000873,q_000874,Hangdian_80_000096,Hangdian_80_000097,96,97,1,True,0.00020725000001675653,-3.888888890912767e-07,0.0002072503648766719,UNVERIFIED,False
Hangdian__80,q_000874,q_000875,Hangdian_80_000097,Hangdian_80_000098,97,98,1,True,0.0002089444444379751,2.2222222284540294e-07,0.00020894456260982336,UNVERIFIED,False
Hangdian__80,q_000875,q_000876,Hangdian_80_000098,Hangdian_80_000099,98,99,1,True,0.00020630555553680097,-3.611111090151553e-07,0.0002063058715756319,UNVERIFIED,False
Hangdian__80,q_000876,q_000877,Hangdian_80_000099,Hangdian_80_000100,99,100,1,True,0.00020847222222641903,-7.222222215830243e-07,0.00020847347324050316,UNVERIFIED,False
Hangdian__80,q_000877,q_000878,Hangdian_80_000100,Hangdian_80_000101,100,101,1,True,0.00020816666668110884,-9.444444408757136e-07,0.00020816880912477201,UNVERIFIED,False
Hangdian__80,q_000878,q_000879,Hangdian_80_000101,Hangdian_80_000102,101,102,1,True,-1.7500000097925295e-06,-0.0001794166666719832,0.00017942520107197817,UNVERIFIED,False
Hangdian__80,q_000879,q_000880,Hangdian_80_000102,Hangdian_80_000103,102,103,1,True,-0.00020686111110990169,-4.4444444924351956e-07,0.00020686158855740124,UNVERIFIED,False
Hangdian__80,q_000880,q_000881,Hangdian_80_000103,Hangdian_80_000104,103,104,1,True,-0.00020780555556143554,0.0,0.00020780555556143554,UNVERIFIED,False
Hangdian__80,q_000881,q_000882,Hangdian_80_000104,Hangdian_80_000105,104,105,1,True,-0.0002061111111260061,1.1944444509026653e-06,0.0002061145720883003,UNVERIFIED,False
Hangdian__80,q_000882,q_000883,Hangdian_80_000105,Hangdian_80_000106,105,106,1,True,-0.0002083611110919037,-8.333333667565057e-08,0.0002083611277563491,UNVERIFIED,False
Hangdian__80,q_000883,q_000884,Hangdian_80_000106,Hangdian_80_000107,106,107,1,True,-0.00020636111111116406,2.138888888225665e-06,0.00020637219537697024,UNVERIFIED,False
Hangdian__80,q_000884,q_000885,Hangdian_80_000107,Hangdian_80_000108,107,108,1,True,-0.0002061388888705551,-3.388888881517005e-06,0.0002061667433720539,UNVERIFIED,False
Hangdian__80,q_000885,q_000886,Hangdian_80_000108,Hangdian_80_000109,108,109,1,True,-0.00021152777780741872,2.9722222159023204e-06,0.00021154865844302915,UNVERIFIED,False
Hangdian__80,q_000886,q_000887,Hangdian_80_000109,Hangdian_80_000110,109,110,1,True,-0.0002076388888809788,-2.7777776523407738e-08,0.00020763889073902397,UNVERIFIED,False
Hangdian__80,q_000887,q_000888,Hangdian_80_000110,Hangdian_80_000111,110,111,1,True,-0.0002096666666773217,9.72222220951835e-07,0.00020966892075752677,UNVERIFIED,False
Hangdian__80,q_000888,q_000889,Hangdian_80_000111,Hangdian_80_000112,111,112,1,True,-0.00020533333331229642,1.4999999997655777e-06,0.0002053388121353046,UNVERIFIED,False
Hangdian__80,q_000889,q_000890,Hangdian_80_000112,Hangdian_80_000113,112,113,1,True,-0.0002086944444386063,5.833333354132719e-07,0.00020869525969058024,UNVERIFIED,False
Hangdian__80,q_000890,q_000891,Hangdian_80_000113,Hangdian_80_000114,113,114,1,True,-0.00020791666668174003,1.47222222324217e-06,0.0002079218788928197,UNVERIFIED,False
Hangdian__80,q_000891,q_000892,Hangdian_80_000114,Hangdian_80_000115,114,115,1,True,-0.00020947222222389428,4.444444421380922e-07,0.0002094726937199183,UNVERIFIED,False
Hangdian__80,q_000892,q_000893,Hangdian_80_000115,Hangdian_80_000116,115,116,1,True,-0.00020941666666374203,-4.999999987376214e-07,0.00020941726355902843,UNVERIFIED,False
Hangdian__80,q_000893,q_000894,Hangdian_80_000116,Hangdian_80_000117,116,117,1,True,-0.00020655555555038063,2.666666667039408e-06,0.00020657276838886455,UNVERIFIED,False
Hangdian__80,q_000894,q_000895,Hangdian_80_000117,Hangdian_80_000118,117,118,1,True,-0.00020830555556017316,5.833333318605582e-07,0.00020830637233413779,UNVERIFIED,False
Hangdian__80,q_000895,q_000896,Hangdian_80_000118,Hangdian_80_000119,118,119,1,True,-5.4722222273539955e-06,-0.0001808333333315204,0.00018091611221749798,UNVERIFIED,False
Hangdian__80,q_000896,q_000897,Hangdian_80_000119,Hangdian_80_000120,119,120,1,True,0.0002067222222166265,-2.1666666683017866e-06,0.00020673357637943538,UNVERIFIED,False
Hangdian__80,q_000897,q_000898,Hangdian_80_000120,Hangdian_80_000121,120,121,1,True,0.00020725000000254568,-7.777777817352671e-07,0.00020725145943836665,UNVERIFIED,False
Hangdian__80,q_000898,q_000899,Hangdian_80_000121,Hangdian_80_000122,121,122,1,True,0.0002076388888809788,-2.555555550287636e-06,0.00020765461478112657,UNVERIFIED,False
Hangdian__80,q_000899,q_000900,Hangdian_80_000122,Hangdian_80_000123,122,123,1,True,0.00020791666668174003,-2.527777777316942e-06,0.00020793203203099152,UNVERIFIED,False
Hangdian__80,q_000900,q_000901,Hangdian_80_000123,Hangdian_80_000124,123,124,1,True,0.00020819444443986868,-1.333333333519704e-06,0.0002081987139091014,UNVERIFIED,False
Hangdian__80,q_000901,q_000902,Hangdian_80_000124,Hangdian_80_000125,124,125,1,True,0.00020899999999812735,-1.8055555557339176e-06,0.0002090077989695171,UNVERIFIED,False
Hangdian__80,q_000902,q_000903,Hangdian_80_000125,Hangdian_80_000126,125,126,1,True,0.0002077777778026757,-1.6944444496402866e-06,0.0002077846868530282,UNVERIFIED,False
Hangdian__80,q_000903,q_000904,Hangdian_80_000126,Hangdian_80_000127,126,127,1,True,0.00020783333332019538,-6.111111012785386e-07,0.00020783423177080703,UNVERIFIED,False
Hangdian__80,q_000904,q_000905,Hangdian_80_000127,Hangdian_80_000128,127,128,1,True,0.00020808333333377504,-1.6388888930407575e-06,0.00020808978727486523,UNVERIFIED,False
Hangdian__80,q_000905,q_000906,Hangdian_80_000128,Hangdian_80_000129,128,129,1,True,0.0002083333333473547,-2.4722222242701264e-06,0.00020834800134953584,UNVERIFIED,False
Hangdian__80,q_000906,q_000907,Hangdian_80_000129,Hangdian_80_000130,129,130,1,True,0.00020752777776067433,-9.166666643523058e-07,0.00020752980224550248,UNVERIFIED,False
Hangdian__80,q_000907,q_000908,Hangdian_80_000130,Hangdian_80_000131,130,131,1,True,0.00020863888887845405,-1.2222222203206456e-06,0.00020864246878234485,UNVERIFIED,False
Hangdian__80,q_000908,q_000909,Hangdian_80_000131,Hangdian_80_000132,131,132,1,True,0.00020961111111716946,8.333332957022321e-08,0.00020961112768223488,UNVERIFIED,False
Hangdian__80,q_000909,q_000910,Hangdian_80_000132,Hangdian_80_000133,132,133,1,True,0.00020797222224189227,-1.8333333287046116e-06,0.00020798030275803804,UNVERIFIED,False
Hangdian__80,q_000910,q_000911,Hangdian_80_000133,Hangdian_80_000134,133,134,1,True,0.0002066666666422634,-1.7499999991343884e-06,0.0002066740757836391,UNVERIFIED,False
Hangdian__80,q_000911,q_000912,Hangdian_80_000134,Hangdian_80_000135,134,135,1,True,0.00020730555556269792,-2.0833333351788497e-06,0.00020731602360875124,UNVERIFIED,False
Hangdian__80,q_000912,q_000913,Hangdian_80_000135,Hangdian_80_000136,135,136,1,True,-3.61111112567869e-06,-0.0001789722222262924,0.0001790086490988058,UNVERIFIED,False
Hangdian__80,q_000913,q_000914,Hangdian_80_000136,Hangdian_80_000137,136,137,1,True,-0.0002070277777619367,-1.1111110964634463e-07,0.00020702780757841333,UNVERIFIED,False
Hangdian__80,q_000914,q_000915,Hangdian_80_000137,Hangdian_80_000138,137,138,1,True,-0.00020677777777677875,-7.777777781825534e-07,0.00020677924054550334,UNVERIFIED,False
Hangdian__80,q_000915,q_000916,Hangdian_80_000138,Hangdian_80_000139,138,139,1,True,-0.0002070555555633291,3.0555555596833983e-07,0.0002070557810200832,UNVERIFIED,False
Hangdian__80,q_000916,q_000917,Hangdian_80_000139,Hangdian_80_000140,139,140,1,True,-0.00020772222221410175,4.999999951849077e-07,0.0002077228239783964,UNVERIFIED,False
Hangdian__80,q_000917,q_000918,Hangdian_80_000140,Hangdian_80_000141,140,141,1,True,-0.00020777777778846485,1.6666666979858746e-07,0.0002077778446333764,UNVERIFIED,False
Hangdian__80,q_000918,q_000919,Hangdian_80_000141,Hangdian_80_000142,141,142,1,True,-0.0002086944444386063,4.999999987376214e-07,0.0002086950433995433,UNVERIFIED,False
Hangdian__80,q_000919,q_000920,Hangdian_80_000142,Hangdian_80_000143,142,143,1,True,-0.00020844444443923749,1.47222222324217e-06,0.0002084496434534177,UNVERIFIED,False
Hangdian__80,q_000920,q_000921,Hangdian_80_000143,Hangdian_80_000144,143,144,1,True,-0.00020736111109442845,4.722222222142136e-07,0.00020736164878815719,UNVERIFIED,False
Hangdian__80,q_000921,q_000922,Hangdian_80_000144,Hangdian_80_000145,144,145,1,True,-0.00020883333336030319,1.3888888616975237e-07,0.0002088333795457475,UNVERIFIED,False
Hangdian__80,q_000922,q_000923,Hangdian_80_000145,Hangdian_80_000146,145,146,1,True,-0.00020777777776004314,-1.9444443921656784e-07,0.00020777786874338138,UNVERIFIED,False
Hangdian__80,q_000923,q_000924,Hangdian_80_000146,Hangdian_80_000147,146,147,1,True,-0.00020719444444239343,-8.888888949343254e-07,0.00020719635115334342,UNVERIFIED,False
Hangdian__80,q_000924,q_000925,Hangdian_80_000147,Hangdian_80_000148,147,148,1,True,-0.00020763888892361138,-6.944444415069029e-07,0.00020764005019868918,UNVERIFIED,False
Hangdian__80,q_000925,q_000926,Hangdian_80_000148,Hangdian_80_000149,148,149,1,True,-0.0002076388888809788,5.277777752610291e-07,0.00020763955963425546,UNVERIFIED,False
Hangdian__80,q_000926,q_000927,Hangdian_80_000149,Hangdian_80_000150,149,150,1,True,-0.00020761111109379726,1.6666666624587378e-07,0.0002076111779923679,UNVERIFIED,False
Hangdian__80,q_000927,q_000928,Hangdian_80_000150,Hangdian_80_000151,150,151,1,True,-0.00020788888890876933,8.333333667565057e-08,0.00020788890561106824,UNVERIFIED,False
Hangdian__80,q_000928,q_000929,Hangdian_80_000151,Hangdian_80_000152,151,152,1,True,-0.0002089444444379751,7.500000016591457e-07,0.00020894579048522742,UNVERIFIED,False
Hangdian__80,q_000929,q_000930,Hangdian_80_000152,Hangdian_80_000153,152,153,1,True,-1.8055555415230629e-06,-0.0001812222222241644,0.00018123121656789137,UNVERIFIED,False
Hangdian__80,q_000930,q_000931,Hangdian_80_000153,Hangdian_80_000154,153,154,1,True,0.00020566666665899902,-2.4722222207174127e-06,0.0002056815248322815,UNVERIFIED,False
Hangdian__80,q_000931,q_000932,Hangdian_80_000154,Hangdian_80_000155,154,155,1,True,0.00020730555556269792,-1.4999999997655777e-06,0.0002073109822637434,UNVERIFIED,False
Hangdian__80,q_000932,q_000933,Hangdian_80_000155,Hangdian_80_000156,155,156,1,True,0.00020883333331767062,-1.4166666630899272e-06,0.00020883813839671055,UNVERIFIED,False
Hangdian__80,q_000933,q_000934,Hangdian_80_000156,Hangdian_80_000157,156,157,1,True,0.00020866666667984646,-1.00000000458067e-06,0.00020866906283224476,UNVERIFIED,False
Hangdian__80,q_000934,q_000935,Hangdian_80_000157,Hangdian_80_000158,157,158,1,True,0.0002076388888809788,-8.055555547059612e-07,0.00020764045149122362,UNVERIFIED,False
Hangdian__80,q_000935,q_000936,Hangdian_80_000158,Hangdian_80_000159,158,159,1,True,0.00020725000000254568,-2.138888888225665e-06,0.00020726103673081284,UNVERIFIED,False
Hangdian__80,q_000936,q_000937,Hangdian_80_000159,Hangdian_80_000160,159,160,1,True,0.00020625000000507043,-5.833333354132719e-07,0.00020625082491925156,UNVERIFIED,False
Hangdian__80,q_000937,q_000938,Hangdian_80_000160,Hangdian_80_000161,160,161,1,True,0.00020722222221536413,-1.4722222161367426e-06,0.00020722745189314913,UNVERIFIED,False
Hangdian__80,q_000938,q_000939,Hangdian_80_000161,Hangdian_80_000162,161,162,1,True,0.0002089166666650044,0.0,0.0002089166666650044,UNVERIFIED,False
Hangdian__80,q_000939,q_000940,Hangdian_80_000162,Hangdian_80_000163,162,163,1,True,0.00020797222224189227,1.1944444402445242e-06,0.0002079756522330243,UNVERIFIED,False
Hangdian__80,q_000940,q_000941,Hangdian_80_000163,Hangdian_80_000164,163,164,1,True,0.0002080833333195642,-5.833333354132719e-07,0.0002080841509658077,UNVERIFIED,False
Hangdian__80,q_000941,q_000942,Hangdian_80_000164,Hangdian_80_000165,164,165,1,True,0.00020822222224126108,-5.555555553371505e-07,0.00020822296337595473,UNVERIFIED,False
Hangdian__80,q_000942,q_000943,Hangdian_80_000165,Hangdian_80_000166,165,166,1,True,0.0002086111110912725,-1.1388888871977088e-06,0.00020861421988597185,UNVERIFIED,False
Hangdian__80,q_000943,q_000944,Hangdian_80_000166,Hangdian_80_000167,166,167,1,True,0.00020861111111969421,5.277777788137428e-07,0.00020861177874697588,UNVERIFIED,False
Hangdian__80,q_000944,q_000945,Hangdian_80_000167,Hangdian_80_000168,167,168,1,True,0.00020816666666689798,-7.22222225135738e-07,0.0002081679195172731,UNVERIFIED,False
Hangdian__80,q_000945,q_000946,Hangdian_80_000168,Hangdian_80_000169,168,169,1,True,0.00020794444444049986,-1.333333333519704e-06,0.00020794871904257167,UNVERIFIED,False
Hangdian__80,q_000946,q_000947,Hangdian_80_000169,Hangdian_80_000170,169,170,1,True,1.4444444360606212e-06,-0.00017724999999302327,0.00017725588542346236,UNVERIFIED,False
Hangdian__80,q_000947,q_000948,Hangdian_80_000170,Hangdian_80_000171,170,171,1,True,-0.0002068055555639603,6.666666614307815e-07,0.00020680663010782738,UNVERIFIED,False
Hangdian__80,q_000948,q_000949,Hangdian_80_000171,Hangdian_80_000172,171,172,1,True,-0.00020747222221473294,1.2777777769201748e-06,0.00020747615695970156,UNVERIFIED,False
Hangdian__80,q_000949,q_000950,Hangdian_80_000172,Hangdian_80_000173,172,173,1,True,-0.000207777777774254,5.833333354132719e-07,0.00020777859662291369,UNVERIFIED,False
Hangdian__80,q_000950,q_000951,Hangdian_80_000173,Hangdian_80_000174,173,174,1,True,-0.00020752777776067433,8.611111077527767e-07,0.00020752956429054568,UNVERIFIED,False
Hangdian__80,q_000951,q_000952,Hangdian_80_000174,Hangdian_80_000175,174,175,1,True,-0.00020852777778657128,2.0277777785793205e-06,0.00020853763687000233,UNVERIFIED,False
Hangdian__80,q_000952,q_000953,Hangdian_80_000175,Hangdian_80_000176,175,176,1,True,-0.00021108333334041163,2.2500000014247235e-06,0.00021109532470925486,UNVERIFIED,False
Hangdian__90,q_000954,q_000955,Hangdian_90_000000,Hangdian_90_000001,0,1,1,True,-0.0001987222222226137,-2.4166666676705972e-06,0.00019873691625582927,UNVERIFIED,False
Hangdian__90,q_000955,q_000956,Hangdian_90_000001,Hangdian_90_000002,1,2,1,True,-0.0002061388888705551,-3.2499999953472525e-06,0.00020616450714115858,UNVERIFIED,False
Hangdian__90,q_000956,q_000957,Hangdian_90_000002,Hangdian_90_000003,2,3,1,True,-0.00020863888890687576,-1.4722222267948837e-06,0.00020864408307589438,UNVERIFIED,False
Hangdian__90,q_000957,q_000958,Hangdian_90_000003,Hangdian_90_000004,3,4,1,True,-0.00020797222221347056,-1.6111111094119224e-06,0.00020797846256623796,UNVERIFIED,False
Hangdian__90,q_000958,q_000959,Hangdian_90_000004,Hangdian_90_000005,4,5,1,True,-0.00020769444444113105,-1.8333333287046116e-06,0.00020770253576402048,UNVERIFIED,False
Hangdian__90,q_000959,q_000960,Hangdian_90_000005,Hangdian_90_000006,5,6,1,True,-0.0002084166666662668,-1.722222229716408e-06,0.00020842378221711238,UNVERIFIED,False
Hangdian__90,q_000960,q_000961,Hangdian_90_000006,Hangdian_90_000007,6,7,1,True,-0.0002074166666545807,-2.1111111081495437e-06,0.0002074274099443186,UNVERIFIED,False
Hangdian__90,q_000961,q_000962,Hangdian_90_000007,Hangdian_90_000008,7,8,1,True,-0.00020816666668110884,-9.722222245045486e-07,0.0002081689370035253,UNVERIFIED,False
Hangdian__90,q_000962,q_000963,Hangdian_90_000008,Hangdian_90_000009,8,9,1,True,-0.00020813888887971643,-1.4166666666426408e-06,0.0002081437099903029,UNVERIFIED,False
Hangdian__90,q_000963,q_000964,Hangdian_90_000009,Hangdian_90_000010,9,10,1,True,-0.00020830555557438402,-2.027777771473893e-06,0.0002083154251750054,UNVERIFIED,False
Hangdian__90,q_000964,q_000965,Hangdian_90_000010,Hangdian_90_000011,10,11,1,True,-0.00020844444442502663,-1.3888888936719468e-06,0.00020844907153551195,UNVERIFIED,False
Hangdian__90,q_000965,q_000966,Hangdian_90_000011,Hangdian_90_000012,11,12,1,True,-0.00020761111112221897,-1.4166666666426408e-06,0.0002076159444884875,UNVERIFIED,False
Hangdian__90,q_000966,q_000967,Hangdian_90_000012,Hangdian_90_000013,12,13,1,True,-0.00021088888887277335,-5.50000000032469e-06,0.0002109605969132542,UNVERIFIED,False
Hangdian__90,q_000967,q_000968,Hangdian_90_000013,Hangdian_90_000014,13,14,1,True,-0.00020686111112411254,-1.111111110674301e-06,0.0002068640951528387,UNVERIFIED,False
Hangdian__90,q_000968,q_000969,Hangdian_90_000014,Hangdian_90_000015,14,15,1,True,-0.00020675000000380805,-3.333333289390339e-07,0.0002067502687124803,UNVERIFIED,False
Hangdian__90,q_000969,q_000970,Hangdian_90_000015,Hangdian_90_000016,15,16,1,True,-0.00020755555556206673,-1.6666666695641652e-06,0.00020756224710304522,UNVERIFIED,False
Hangdian__90,q_000970,q_000971,Hangdian_90_000016,Hangdian_90_000017,16,17,1,True,-8.55555555290266e-06,-0.000178555555557125,0.00017876040935042734,UNVERIFIED,False
Hangdian__90,q_000971,q_000972,Hangdian_90_000017,Hangdian_90_000018,17,18,1,True,0.0002066944444436558,-8.888888878288981e-07,0.00020669635576692306,UNVERIFIED,False
Hangdian__90,q_000972,q_000973,Hangdian_90_000018,Hangdian_90_000019,18,19,1,True,0.00020727777777551637,2.777777758922184e-07,0.00020727796390366518,UNVERIFIED,False
Hangdian__90,q_000973,q_000974,Hangdian_90_000019,Hangdian_90_000020,19,20,1,True,0.00020780555556143554,8.611111113054903e-07,0.00020780733970325227,UNVERIFIED,False
Hangdian__90,q_000974,q_000975,Hangdian_90_000020,Hangdian_90_000021,20,21,1,True,0.0002065000000186501,3.0555555596833983e-07,0.00020650022608195923,UNVERIFIED,False
Hangdian__90,q_000975,q_000976,Hangdian_90_000021,Hangdian_90_000022,21,22,1,True,0.00020755555553364502,8.055555547059612e-07,0.00020755711877127155,UNVERIFIED,False
Hangdian__90,q_000976,q_000977,Hangdian_90_000022,Hangdian_90_000023,22,23,1,True,0.00020752777778909604,5.277777823664564e-07,0.00020752844890151322,UNVERIFIED,False
Hangdian__90,q_000977,q_000978,Hangdian_90_000023,Hangdian_90_000024,23,24,1,True,0.0002080833333195642,9.166666643523058e-07,0.00020808535239933248,UNVERIFIED,False
Hangdian__90,q_000978,q_000979,Hangdian_90_000024,Hangdian_90_000025,24,25,1,True,0.00020819444445407953,4.999999987376214e-07,0.0002081950448534776,UNVERIFIED,False
Hangdian__90,q_000979,q_000980,Hangdian_90_000025,Hangdian_90_000026,25,26,1,True,0.00020766666666816036,4.999999987376214e-07,0.0002076672685934487,UNVERIFIED,False
Hangdian__90,q_000980,q_000981,Hangdian_90_000026,Hangdian_90_000027,26,27,1,True,0.00020749999998770363,1.0000000010279564e-06,0.0002075024096122719,UNVERIFIED,False
Hangdian__90,q_000981,q_000982,Hangdian_90_000027,Hangdian_90_000028,27,28,1,True,0.0002077500000012833,7.222222215830243e-07,0.00020775125536436732,UNVERIFIED,False
Hangdian__90,q_000982,q_000983,Hangdian_90_000028,Hangdian_90_000029,28,29,1,True,0.00020786111112158778,-8.333333312293689e-08,0.0002078611278261173,UNVERIFIED,False
Hangdian__90,q_000983,q_000984,Hangdian_90_000029,Hangdian_90_000030,29,30,1,True,0.00020819444443986868,-5.277777752610291e-07,0.00020819511340328242,UNVERIFIED,False
Hangdian__90,q_000984,q_000985,Hangdian_90_000030,Hangdian_90_000031,30,31,1,True,0.00020880555555891078,7.222222215830243e-07,0.0002088068045759111,UNVERIFIED,False
Hangdian__90,q_000985,q_000986,Hangdian_90_000031,Hangdian_90_000032,31,32,1,True,0.0002080555555465935,1.6944444389821456e-06,0.00020806245537280014,UNVERIFIED,False
Hangdian__90,q_000986,q_000987,Hangdian_90_000032,Hangdian_90_000033,32,33,1,True,0.00020894444445218596,1.222222227426073e-06,0.00020894801912103844,UNVERIFIED,False
Hangdian__90,q_000987,q_000988,Hangdian_90_000033,Hangdian_90_000034,33,34,1,True,8.749999992119228e-06,-0.00017811111111143418,0.00017832591062773726,UNVERIFIED,False
Hangdian__90,q_000988,q_000989,Hangdian_90_000034,Hangdian_90_000035,34,35,1,True,-0.0002045555555412193,-1.8055555557339176e-06,0.00020456352395684254,UNVERIFIED,False
Hangdian__90,q_000989,q_000990,Hangdian_90_000035,Hangdian_90_000036,35,36,1,True,-0.00020769444444113105,-1.0555555576274855e-06,0.00020769712672361482,UNVERIFIED,False
Hangdian__90,q_000990,q_000991,Hangdian_90_000036,Hangdian_90_000037,36,37,1,True,-0.0002083611111203254,-6.666666649834951e-07,0.0002083621776420538,UNVERIFIED,False
Hangdian__90,q_000991,q_000992,Hangdian_90_000037,Hangdian_90_000038,37,38,1,True,-0.00020658333332335133,-5.555555553371505e-07,0.00020658408033767255,UNVERIFIED,False
Hangdian__90,q_000992,q_000993,Hangdian_90_000038,Hangdian_90_000039,38,39,1,True,-0.00020858333336093438,-6.111111119366797e-07,0.00020858422858104544,UNVERIFIED,False
Hangdian__90,q_000993,q_000994,Hangdian_90_000039,Hangdian_90_000040,39,40,1,True,-0.00020697222220178446,-3.611111090151553e-07,0.00020697253722264192,UNVERIFIED,False
Hangdian__90,q_000994,q_000995,Hangdian_90_000040,Hangdian_90_000041,40,41,1,True,-0.00020850000001360058,-1.944444463219952e-07,0.0002085000906817888,UNVERIFIED,False
Hangdian__90,q_000995,q_000996,Hangdian_90_000041,Hangdian_90_000042,41,42,1,True,-0.00020774999998707244,-8.61111114858204e-07,0.000207751784606007,UNVERIFIED,False
Hangdian__90,q_000996,q_000997,Hangdian_90_000042,Hangdian_90_000043,42,43,1,True,-0.00020722222224378584,-3.0555555241562615e-07,0.00020722244751920238,UNVERIFIED,False
Hangdian__90,q_000997,q_000998,Hangdian_90_000043,Hangdian_90_000044,43,44,1,True,-0.00020825000000002092,-3.3333333249174757e-07,0.0002082502667732247,UNVERIFIED,False
Hangdian__90,q_000998,q_000999,Hangdian_90_000044,Hangdian_90_000045,44,45,1,True,-0.00020722222218694242,-7.49999998106432e-07,0.000207223579421097,UNVERIFIED,False
Hangdian__90,q_000999,q_001000,Hangdian_90_000045,Hangdian_90_000046,45,46,1,True,-0.00020852777780078213,-1.944444463219952e-07,0.00020852786845689252,UNVERIFIED,False
Hangdian__90,q_001000,q_001001,Hangdian_90_000046,Hangdian_90_000047,46,47,1,True,-0.0002080555555465935,-5.00000002290335e-07,0.00020805615634679966,UNVERIFIED,False
Hangdian__90,q_001001,q_001002,Hangdian_90_000047,Hangdian_90_000048,47,48,1,True,-0.00020747222221473294,-4.7222221866149994e-07,0.00020747275962049408,UNVERIFIED,False
Hangdian__90,q_001002,q_001003,Hangdian_90_000048,Hangdian_90_000049,48,49,1,True,-0.0002062500000192813,7.777777781825534e-07,0.00020625146653109104,UNVERIFIED,False
Hangdian__90,q_001003,q_001004,Hangdian_90_000049,Hangdian_90_000050,49,50,1,True,-0.00020947222220968342,-6.666666649834951e-07,0.00020947328307425076,UNVERIFIED,False
Hangdian__90,q_001004,q_001005,Hangdian_90_000050,Hangdian_90_000051,50,51,1,True,2.1111111010441164e-06,-0.00018050000000258137,0.00018051234525930026,UNVERIFIED,False
Hangdian__90,q_001005,q_001006,Hangdian_90_000051,Hangdian_90_000052,51,52,1,True,0.0002062222222463106,-2.7777780076121417e-08,0.00020622222411712028,UNVERIFIED,False
Hangdian__90,q_001006,q_001007,Hangdian_90_000052,Hangdian_90_000053,52,53,1,True,0.00020749999997349278,-1.9444444276928152e-07,0.00020750009107863262,UNVERIFIED,False
Hangdian__90,q_001007,q_001008,Hangdian_90_000053,Hangdian_90_000054,53,54,1,True,0.0002064722222172577,-1.8333333322573253e-06,0.00020648036143527018,UNVERIFIED,False
Hangdian__90,q_001008,q_001009,Hangdian_90_000054,Hangdian_90_000055,54,55,1,True,0.00020794444444049986,1.3611111029376843e-06,0.0002079488990043051,UNVERIFIED,False
Hangdian__90,q_001009,q_001010,Hangdian_90_000055,Hangdian_90_000056,55,56,1,True,0.00020777777778846485,-6.3888888135466e-07,0.00020777876003508008,UNVERIFIED,False
Hangdian__90,q_001010,q_001011,Hangdian_90_000056,Hangdian_90_000057,56,57,1,True,0.00020955555555701721,8.333333312293689e-08,0.00020955557212647567,UNVERIFIED,False
Hangdian__90,q_001011,q_001012,Hangdian_90_000057,Hangdian_90_000058,57,58,1,True,0.00020700000000317686,-1.3888888972246605e-07,0.00020700004659767327,UNVERIFIED,False
Hangdian__90,q_001012,q_001013,Hangdian_90_000058,Hangdian_90_000059,58,59,1,True,0.00020686111109569083,-7.777777781825534e-07,0.000206862573275148,UNVERIFIED,False
Hangdian__90,q_001013,q_001014,Hangdian_90_000059,Hangdian_90_000060,59,60,1,True,0.0002074166666830024,2.2222222284540294e-07,0.00020741678572527356,UNVERIFIED,False
Hangdian__90,q_001014,q_001015,Hangdian_90_000060,Hangdian_90_000061,60,61,1,True,0.00020755555556206673,2.499999993688107e-07,0.00020755570612410987,UNVERIFIED,False
Hangdian__90,q_001015,q_001016,Hangdian_90_000061,Hangdian_90_000062,61,62,1,True,0.00020758333332082657,2.7777783628835095e-08,0.00020758333517936994,UNVERIFIED,False
Hangdian__90,q_001016,q_001017,Hangdian_90_000062,Hangdian_90_000063,62,63,1,True,0.00020891666667921527,-6.666666720889225e-07,0.000208917730364864,UNVERIFIED,False
Hangdian__90,q_001017,q_001018,Hangdian_90_000063,Hangdian_90_000064,63,64,1,True,0.00020727777777551637,-2.499999993688107e-07,0.00020727792853933105,UNVERIFIED,False
Hangdian__90,q_001018,q_001019,Hangdian_90_000064,Hangdian_90_000065,64,65,1,True,0.00020794444444049986,-4.722222222142136e-07,0.00020794498062587442,UNVERIFIED,False
Hangdian__90,q_001019,q_001020,Hangdian_90_000065,Hangdian_90_000066,65,66,1,True,0.00020888888890624457,2.49999995816097e-07,0.00020888903850724982,UNVERIFIED,False
Hangdian__90,q_001020,q_001021,Hangdian_90_000066,Hangdian_90_000067,66,67,1,True,0.0002080000000006521,8.888888984870391e-07,0.00020800189932725405,UNVERIFIED,False
Hangdian__90,q_001021,q_001022,Hangdian_90_000067,Hangdian_90_000068,67,68,1,True,3.7222221891397567e-06,-0.0001796111111183052,0.0001796496762456796,UNVERIFIED,False
Hangdian__90,q_001022,q_001023,Hangdian_90_000068,Hangdian_90_000069,68,69,1,True,-0.0002047222221932543,-5.277777752610291e-07,0.00020472290250268593,UNVERIFIED,False
Hangdian__90,q_001023,q_001024,Hangdian_90_000069,Hangdian_90_000070,69,70,1,True,-0.00020691666668426478,3.611111090151553e-07,0.00020691698178970278,UNVERIFIED,False
Hangdian__90,q_001024,q_001025,Hangdian_90_000070,Hangdian_90_000071,70,71,1,True,-0.00020752777777488518,1.3888888616975237e-07,0.00020752782425088168,UNVERIFIED,False
Hangdian__90,q_001025,q_001026,Hangdian_90_000071,Hangdian_90_000072,71,72,1,True,-0.00020852777778657128,-5.5555553046815476e-08,0.00020852778518707076,UNVERIFIED,False
Hangdian__90,q_001026,q_001027,Hangdian_90_000072,Hangdian_90_000073,72,73,1,True,-0.00020819444443986868,-1.1111110964634463e-07,0.0002081944740892617,UNVERIFIED,False
Hangdian__90,q_001027,q_001028,Hangdian_90_000073,Hangdian_90_000074,73,74,1,True,-0.00020805555556080435,-4.999999987376214e-07,0.00020805615636100195,UNVERIFIED,False
Hangdian__90,q_001028,q_001029,Hangdian_90_000074,Hangdian_90_000075,74,75,1,True,-0.00020750000000191449,-8.333333312293689e-08,0.0002075000167355148,UNVERIFIED,False
Hangdian__90,q_001029,q_001030,Hangdian_90_000075,Hangdian_90_000076,75,76,1,True,-0.00020772222221410175,-3.611111090151553e-07,0.0002077225360975494,UNVERIFIED,False
Hangdian__90,q_001030,q_001031,Hangdian_90_000076,Hangdian_90_000077,76,77,1,True,-0.0002071388888822412,-3.055555595210535e-07,0.00020713911424829793,UNVERIFIED,False
Hangdian__90,q_001031,q_001032,Hangdian_90_000077,Hangdian_90_000078,77,78,1,True,-0.00020616666665773664,-1.444444439613335e-06,0.0002061717266273468,UNVERIFIED,False
Hangdian__90,q_001032,q_001033,Hangdian_90_000078,Hangdian_90_000079,78,79,1,True,-0.00020783333336282794,-2.7777778299764577e-07,0.00020783351899345085,UNVERIFIED,False
Hangdian__90,q_001033,q_001034,Hangdian_90_000079,Hangdian_90_000080,79,80,1,True,-0.00020830555556017316,-6.111111119366797e-07,0.00020830645197406517,UNVERIFIED,False
Hangdian__90,q_001034,q_001035,Hangdian_90_000080,Hangdian_90_000081,80,81,1,True,-0.00020908333331703943,3.3333333604446125e-07,0.0002090835990269852,UNVERIFIED,False
Hangdian__90,q_001035,q_001036,Hangdian_90_000081,Hangdian_90_000082,81,82,1,True,-0.00020716666665521188,-4.722222222142136e-07,0.00020716720485361296,UNVERIFIED,False
Hangdian__90,q_001036,q_001037,Hangdian_90_000082,Hangdian_90_000083,82,83,1,True,-0.00020702777779035841,-4.444444456908059e-07,0.0002070282548534845,UNVERIFIED,False
Hangdian__90,q_001037,q_001038,Hangdian_90_000083,Hangdian_90_000084,83,84,1,True,-0.0002080277777736228,2.2222222639811662e-07,0.00020802789646619442,UNVERIFIED,False
Hangdian__90,q_001038,q_001039,Hangdian_90_000084,Hangdian_90_000085,84,85,1,True,-1.0277777846567915e-06,-0.0001805277777826575,0.0001805307034227674,UNVERIFIED,False
Hangdian__90,q_001039,q_001040,Hangdian_90_000085,Hangdian_90_000086,85,86,1,True,0.00020544444444681176,-1.1388888871977088e-06,0.00020544760115892447,UNVERIFIED,False
Hangdian__90,q_001040,q_001041,Hangdian_90_000086,Hangdian_90_000087,86,87,1,True,0.0002081111111209566,-7.777777781825534e-07,0.00020811256451803043,UNVERIFIED,False
Hangdian__90,q_001041,q_001042,Hangdian_90_000087,Hangdian_90_000088,87,88,1,True,0.00020861111111969421,8.611111113054903e-07,0.000208612888372074,UNVERIFIED,False
Hangdian__90,q_001042,q_001043,Hangdian_90_000088,Hangdian_90_000089,88,89,1,True,0.00020769444444113105,-2.777777794449321e-07,0.00020769463019588356,UNVERIFIED,False
Hangdian__90,q_001043,q_001044,Hangdian_90_000089,Hangdian_90_000090,89,90,1,True,0.00020683333330850928,-1.9444444276928152e-07,0.00020683342470729973,UNVERIFIED,False
Hangdian__90,q_001044,q_001045,Hangdian_90_000090,Hangdian_90_000091,90,91,1,True,0.00020747222224315465,-1.1111111319905831e-07,0.0002074722519957607,UNVERIFIED,False
Hangdian__90,q_001045,q_001046,Hangdian_90_000091,Hangdian_90_000092,91,92,1,True,0.0002077222221998909,-1.3333333264142766e-06,0.00020772650137481296,UNVERIFIED,False
Hangdian__90,q_001046,q_001047,Hangdian_90_000092,Hangdian_90_000093,92,93,1,True,0.0002077500000012833,-1.8333333393627527e-06,0.00020775808916060628,UNVERIFIED,False
Hangdian__90,q_001047,q_001048,Hangdian_90_000093,Hangdian_90_000094,93,94,1,True,0.00020786111112158778,-5.833333318605582e-07,0.00020786192964195518,UNVERIFIED,False
Hangdian__90,q_001048,q_001049,Hangdian_90_000094,Hangdian_90_000095,94,95,1,True,0.0002089166666650044,-1.9444444454563836e-06,0.00020892571520666868,UNVERIFIED,False
Hangdian__90,q_001049,q_001050,Hangdian_90_000095,Hangdian_90_000096,95,96,1,True,0.00020783333333440623,-1.0000000010279564e-06,0.00020783573909434458,UNVERIFIED,False
Hangdian__90,q_001050,q_001051,Hangdian_90_000096,Hangdian_90_000097,96,97,1,True,0.0002083611111203254,-1.250000000396767e-06,0.00020836486058665839,UNVERIFIED,False
Hangdian__90,q_001051,q_001052,Hangdian_90_000097,Hangdian_90_000098,97,98,1,True,0.000188527777780223,1.0805555557880098e-05,0.0001888371865540884,UNVERIFIED,False
Hangdian__90,q_001052,q_001053,Hangdian_90_000098,Hangdian_90_000099,98,99,1,True,0.00020738888888161,-1.7777777792105098e-06,0.0002073965084696004,UNVERIFIED,False
Hangdian__90,q_001053,q_001054,Hangdian_90_000099,Hangdian_90_000100,99,100,1,True,0.00021158333333914925,-4.166666666804986e-06,0.00021162435601323825,UNVERIFIED,False
Hangdian__90,q_001054,q_001055,Hangdian_90_000100,Hangdian_90_000101,100,101,1,True,0.00020761111112221897,-3.6111110546244163e-07,0.00020761142517364704,UNVERIFIED,False
Hangdian__90,q_001055,q_001056,Hangdian_90_000101,Hangdian_90_000102,101,102,1,True,1.38888879064325e-07,-0.00018111111111807077,0.00018111116437299744,UNVERIFIED,False
Hangdian__90,q_001056,q_001057,Hangdian_90_000102,Hangdian_90_000103,102,103,1,True,-0.00020452777778245945,-1.6666666660114515e-06,0.00020453456838003377,UNVERIFIED,False
Hangdian__90,q_001057,q_001058,Hangdian_90_000103,Hangdian_90_000104,103,104,1,True,-0.00020691666665584307,-4.1666666561468446e-07,0.00020691708617481426,UNVERIFIED,False
Hangdian__90,q_001058,q_001059,Hangdian_90_000104,Hangdian_90_000105,104,105,1,True,-0.00020761111112221897,4.1666666561468446e-07,0.00020761152923793173,UNVERIFIED,False
Hangdian__90,q_001059,q_001060,Hangdian_90_000105,Hangdian_90_000106,105,106,1,True,-0.00020777777776004314,1.2222222238733593e-06,0.00020778137250019888,UNVERIFIED,False
Hangdian__90,q_001060,q_001061,Hangdian_90_000106,Hangdian_90_000107,106,107,1,True,-0.00020863888892108662,1.555555556365107e-06,0.0002086446877428574,UNVERIFIED,False
Hangdian__90,q_001061,q_001062,Hangdian_90_000107,Hangdian_90_000108,107,108,1,True,-0.00020766666663973865,-5.5555556599529154e-08,0.00020766667407092602,UNVERIFIED,False
Hangdian__90,q_001062,q_001063,Hangdian_90_000108,Hangdian_90_000109,108,109,1,True,-0.00020833333336156556,1.444444439613335e-06,0.00020833834070876233,UNVERIFIED,False
Hangdian__90,q_001063,q_001064,Hangdian_90_000109,Hangdian_90_000110,109,110,1,True,-0.0002095277777556248,8.61111114858204e-07,0.0002095295472327534,UNVERIFIED,False
Hangdian__90,q_001064,q_001065,Hangdian_90_000110,Hangdian_90_000111,110,111,1,True,-0.0002063888888983456,1.4999999997655777e-06,0.0002063943397011966,UNVERIFIED,False
Hangdian__90,q_001065,q_001066,Hangdian_90_000111,Hangdian_90_000112,111,112,1,True,-0.00020788888888034762,-4.444444421380922e-07,0.00020788936396739415,UNVERIFIED,False
Hangdian__90,q_001066,q_001067,Hangdian_90_000112,Hangdian_90_000113,112,113,1,True,-0.0002137500000003456,2.138888888225665e-06,0.00021376070112587094,UNVERIFIED,False
Hangdian__90,q_001067,q_001068,Hangdian_90_000113,Hangdian_90_000114,113,114,1,True,-0.0002110000000072887,1.2222222203206456e-06,0.00021100353985237233,UNVERIFIED,False
Hangdian__90,q_001068,q_001069,Hangdian_90_000114,Hangdian_90_000115,114,115,1,True,-0.00020474999999464671,0.0,0.00020474999999464671,UNVERIFIED,False
Hangdian__90,q_001069,q_001070,Hangdian_90_000115,Hangdian_90_000116,115,116,1,True,-0.00020822222222705022,1.0555555576274855e-06,0.00020822489771087974,UNVERIFIED,False
Hangdian__90,q_001070,q_001071,Hangdian_90_000116,Hangdian_90_000117,116,117,1,True,-0.00020794444444049986,2.777777758922184e-07,0.00020794462997192527,UNVERIFIED,False
Hangdian__90,q_001071,q_001072,Hangdian_90_000117,Hangdian_90_000118,117,118,1,True,-0.00020694444442881377,8.333333347820826e-07,0.00020694612227436696,UNVERIFIED,False
Hangdian__90,q_001072,q_001073,Hangdian_90_000118,Hangdian_90_000119,118,119,1,True,-3.972222245351986e-06,-0.00018022222222313644,0.00018026599216882825,UNVERIFIED,False
Hangdian__90,q_001073,q_001074,Hangdian_90_000119,Hangdian_90_000120,119,120,1,True,0.00020369444443701923,1.611111112964636e-06,0.00020370081583912284,UNVERIFIED,False
Hangdian__90,q_001074,q_001075,Hangdian_90_000120,Hangdian_90_000121,120,121,1,True,0.0002112500000066575,-5.277777777479287e-06,0.00021131591856999614,UNVERIFIED,False
Hangdian__90,q_001075,q_001076,Hangdian_90_000121,Hangdian_90_000122,121,122,1,True,0.0002080000000006521,-2.3333333309949467e-06,0.00020801308719574547,UNVERIFIED,False
Hangdian__90,q_001076,q_001077,Hangdian_90_000122,Hangdian_90_000123,122,123,1,True,0.00020794444445471072,-1.7499999991343884e-06,0.00020795180806998346,UNVERIFIED,False
Hangdian__90,q_001077,q_001078,Hangdian_90_000123,Hangdian_90_000124,123,124,1,True,0.00020694444444302462,-2.77777778379118e-06,0.0002069630864073307,UNVERIFIED,False
Hangdian__90,q_001078,q_001079,Hangdian_90_000124,Hangdian_90_000125,124,125,1,True,0.0002076388888809788,-9.166666643523058e-07,0.00020764091228248107,UNVERIFIED,False
Hangdian__90,q_001079,q_001080,Hangdian_90_000125,Hangdian_90_000126,125,126,1,True,0.00020936111111780065,-6.666666685362088e-07,0.00020936217254539325,UNVERIFIED,False
Hangdian__90,q_001080,q_001081,Hangdian_90_000126,Hangdian_90_000127,126,127,1,True,0.00020747222221473294,-2.166666664749073e-06,0.00020748353533510958,UNVERIFIED,False
Hangdian__90,q_001081,q_001082,Hangdian_90_000127,Hangdian_90_000128,127,128,1,True,0.00020733333332145776,-2.4722222242701264e-06,0.00020734807206461526,UNVERIFIED,False
Hangdian__90,q_001082,q_001083,Hangdian_90_000128,Hangdian_90_000129,128,129,1,True,0.0002083611111203254,-1.7777777756577962e-06,0.00020836869515624513,UNVERIFIED,False
Hangdian__90,q_001083,q_001084,Hangdian_90_000129,Hangdian_90_000130,129,130,1,True,0.00020827777778720247,-1.1944444473499516e-06,0.00020828120274646268,UNVERIFIED,False
Hangdian__90,q_001084,q_001085,Hangdian_90_000130,Hangdian_90_000131,130,131,1,True,0.00020569444446039142,3.3333333604446125e-07,0.00020569471454799702,UNVERIFIED,False
Hangdian__90,q_001085,q_001086,Hangdian_90_000131,Hangdian_90_000132,131,132,1,True,0.0002080000000006521,-4.3611111060215535e-06,0.00020804571442437918,UNVERIFIED,False
Hangdian__90,q_001086,q_001087,Hangdian_90_000132,Hangdian_90_000133,132,133,1,True,0.00020924999999749616,-1.6944444496402866e-06,0.00020925686043937736,UNVERIFIED,False
Hangdian__90,q_001087,q_001088,Hangdian_90_000133,Hangdian_90_000134,133,134,1,True,0.00020886111107643046,-7.222222215830243e-07,0.00020886235976120345,UNVERIFIED,False
Hangdian__90,q_001088,q_001089,Hangdian_90_000134,Hangdian_90_000135,134,135,1,True,0.00021697222224759116,-1.222222227426073e-06,0.000216975664659038,UNVERIFIED,False
Hangdian__90,q_001089,q_001090,Hangdian_90_000135,Hangdian_90_000136,135,136,1,True,-1.2500000011073098e-05,-0.00017830555555065075,0.00017874317089193372,UNVERIFIED,False
Hangdian__90,q_001090,q_001091,Hangdian_90_000136,Hangdian_90_000137,136,137,1,True,-0.0002035277777565625,-1.5833333328885146e-06,0.00020353393639137367,UNVERIFIED,False
Hangdian__90,q_001091,q_001092,Hangdian_90_000137,Hangdian_90_000138,137,138,1,True,-0.00020575000002054367,-4.7222221866149994e-07,0.00020575054192462658,UNVERIFIED,False
Hangdian__90,q_001092,q_001093,Hangdian_90_000138,Hangdian_90_000139,138,139,1,True,-0.00020700000000317686,2.499999993688107e-07,0.00020700015096930462,UNVERIFIED,False
Hangdian__90,q_001093,q_001094,Hangdian_90_000139,Hangdian_90_000140,139,140,1,True,-0.00020994444443545035,4.444444385853785e-07,0.0002099449148709463,UNVERIFIED,False
Hangdian__90,q_001094,q_001095,Hangdian_90_000140,Hangdian_90_000141,140,141,1,True,-0.00020952777778404652,5.833333318605582e-07,0.0002095285897936051,UNVERIFIED,False
Hangdian__90,q_001095,q_001096,Hangdian_90_000141,Hangdian_90_000142,141,142,1,True,-0.00020558333331166523,-1.1111110964634463e-07,0.0002055833633376347,UNVERIFIED,False
Hangdian__90,q_001096,q_001097,Hangdian_90_000142,Hangdian_90_000143,142,143,1,True,-0.0002106944444619785,5.00000002290335e-07,0.00021069503773735163,UNVERIFIED,False
Hangdian__90,q_001097,q_001098,Hangdian_90_000143,Hangdian_90_000144,143,144,1,True,-0.0002080833333479859,3.3333333249174757e-07,0.0002080836003348644,UNVERIFIED,False
Hangdian__90,q_001098,q_001099,Hangdian_90_000144,Hangdian_90_000145,144,145,1,True,-0.00020536111109947797,5.277777752610291e-07,0.0002053617892924392,UNVERIFIED,False
Hangdian__90,q_001099,q_001100,Hangdian_90_000145,Hangdian_90_000146,145,146,1,True,-0.00020874999999875854,1.250000000396767e-06,0.0002087537424801833,UNVERIFIED,False
Hangdian__90,q_001100,q_001101,Hangdian_90_000146,Hangdian_90_000147,146,147,1,True,-0.00020566666665899902,3.055555595210535e-07,0.0002056668936382902,UNVERIFIED,False
Hangdian__90,q_001101,q_001102,Hangdian_90_000147,Hangdian_90_000148,147,148,1,True,-0.0002102222222220007,4.444444421380922e-07,0.00021022269203589415,UNVERIFIED,False
Hangdian__90,q_001102,q_001103,Hangdian_90_000148,Hangdian_90_000149,148,149,1,True,-0.0002048055555690098,-8.611111113054903e-07,0.0002048073658447781,UNVERIFIED,False
Hangdian__90,q_001103,q_001104,Hangdian_90_000149,Hangdian_90_000150,149,150,1,True,-0.0002105277777673109,-4.999999987376214e-07,0.00021052837151234744,UNVERIFIED,False
Hangdian__90,q_001104,q_001105,Hangdian_90_000150,Hangdian_90_000151,150,151,1,True,-0.00020438888887497342,-1.0000000010279564e-06,0.00020439133517727285,UNVERIFIED,False
Hangdian__90,q_001105,q_001106,Hangdian_90_000151,Hangdian_90_000152,151,152,1,True,-0.00020791666668174003,8.333333312293689e-08,0.00020791668338180608,UNVERIFIED,False
Hangdian__90,q_001106,q_001107,Hangdian_90_000152,Hangdian_90_000153,152,153,1,True,-4.500000002849447e-06,-0.00018049999999547595,0.00018055608546485623,UNVERIFIED,False
Hangdian__90,q_001107,q_001108,Hangdian_90_000153,Hangdian_90_000154,153,154,1,True,0.000205500000006964,-1.6666666979858746e-07,0.00020550006759278945,UNVERIFIED,False
Hangdian__90,q_001108,q_001109,Hangdian_90_000154,Hangdian_90_000155,154,155,1,True,0.0002060277777502506,-2.2222222284540294e-07,0.00020602789759501742,UNVERIFIED,False
Hangdian__90,q_001109,q_001110,Hangdian_90_000155,Hangdian_90_000156,155,156,1,True,0.0002077500000012833,-1.1111110609363095e-07,0.00020775002971410404,UNVERIFIED,False
Hangdian__90,q_001110,q_001111,Hangdian_90_000156,Hangdian_90_000157,156,157,1,True,0.00020825000000002092,1.9444443921656784e-07,0.00020825009077704782,UNVERIFIED,False
Hangdian__90,q_001111,q_001112,Hangdian_90_000157,Hangdian_90_000158,157,158,1,True,0.00020725000000254568,-1.6666666624587378e-07,0.00020725006701767992,UNVERIFIED,False
Hangdian__90,q_001112,q_001113,Hangdian_90_000158,Hangdian_90_000159,158,159,1,True,0.00020955555555701721,-3.1388888892536215e-06,0.00020957906261902503,UNVERIFIED,False
Hangdian__90,q_001113,q_001114,Hangdian_90_000159,Hangdian_90_000160,159,160,1,True,0.00020841666668047765,-4.444444456908059e-07,0.00020841714056446178,UNVERIFIED,False
Hangdian__90,q_001114,q_001115,Hangdian_90_000160,Hangdian_90_000161,160,161,1,True,0.00020691666668426478,-1.9444443921656784e-07,0.00020691675804624204,UNVERIFIED,False
Hangdian__90,q_001115,q_001116,Hangdian_90_000161,Hangdian_90_000162,161,162,1,True,0.00020877777775751838,-4.722222257669273e-07,0.00020877831180273073,UNVERIFIED,False
Hangdian__90,q_001116,q_001117,Hangdian_90_000162,Hangdian_90_000163,162,163,1,True,0.00020722222224378584,-7.777777781825534e-07,0.0002072236818752268,UNVERIFIED,False
Hangdian__90,q_001117,q_001118,Hangdian_90_000163,Hangdian_90_000164,163,164,1,True,0.00020813888887971643,0.0,0.00020813888887971643,UNVERIFIED,False
Hangdian__90,q_001118,q_001119,Hangdian_90_000164,Hangdian_90_000165,164,165,1,True,0.00020961111111716946,0.0,0.00020961111111716946,UNVERIFIED,False
Hangdian__90,q_001119,q_001120,Hangdian_90_000165,Hangdian_90_000166,165,166,1,True,0.00020605555553743216,-8.888888878288981e-07,0.0002060574727868288,UNVERIFIED,False
Hangdian__90,q_001120,q_001121,Hangdian_90_000166,Hangdian_90_000167,166,167,1,True,0.0002080833333479859,-8.333333347820826e-07,0.00020808500201037046,UNVERIFIED,False
Hangdian__90,q_001121,q_001122,Hangdian_90_000167,Hangdian_90_000168,167,168,1,True,0.0002061111110975844,-4.1666666561468446e-07,0.00020611153225618165,UNVERIFIED,False
Hangdian__90,q_001122,q_001123,Hangdian_90_000168,Hangdian_90_000169,168,169,1,True,0.00020894444445218596,-8.611111077527767e-07,0.00020894621886928828,UNVERIFIED,False
Hangdian__90,q_001123,q_001124,Hangdian_90_000169,Hangdian_90_000170,169,170,1,True,3.61111112567869e-06,-0.00017863888889380064,0.00017867538372359423,UNVERIFIED,False
Hangdian__90,q_001124,q_001125,Hangdian_90_000170,Hangdian_90_000171,170,171,1,True,-0.00020763888892361138,1.0833333341508933e-06,0.0002076417149913396,UNVERIFIED,False
Hangdian__90,q_001125,q_001126,Hangdian_90_000171,Hangdian_90_000172,171,172,1,True,-0.00020911111107579927,7.500000016591457e-07,0.00020911245605022613,UNVERIFIED,False
Hangdian__90,q_001126,q_001127,Hangdian_90_000172,Hangdian_90_000173,172,173,1,True,-0.0002062222222463106,6.666666614307815e-07,0.00020622329982968507,UNVERIFIED,False
Hangdian__90,q_001127,q_001128,Hangdian_90_000173,Hangdian_90_000174,173,174,1,True,-0.00020730555556269792,2.4166666676705972e-06,0.0002073196412425544,UNVERIFIED,False
Hangdian__90,q_001128,q_001129,Hangdian_90_000174,Hangdian_90_000175,174,175,1,True,-0.00020986111111653827,2.638888890516e-06,0.00020987770175424667,UNVERIFIED,False
Hangdian__90,q_001129,q_001130,Hangdian_90_000175,Hangdian_90_000176,175,176,1,True,-0.00020569444443196971,9.444444444284272e-07,0.000205696612625209,UNVERIFIED,False
Jinrong__100,q_001131,q_001132,Jinrong_100_000000,Jinrong_100_000001,0,1,1,True,0.0002017777778036134,2.3055555580242526e-06,0.00020179094925639135,UNVERIFIED,False
Jinrong__100,q_001132,q_001133,Jinrong_100_000001,Jinrong_100_000002,1,2,1,True,0.00020630555553680097,-3.472222221745369e-06,0.00020633477305705223,UNVERIFIED,False
Jinrong__100,q_001133,q_001134,Jinrong_100_000002,Jinrong_100_000003,2,3,1,True,0.00020763888889518967,4.722222222142136e-06,0.00020769257946384173,UNVERIFIED,False
Jinrong__100,q_001134,q_001135,Jinrong_100_000003,Jinrong_100_000004,3,4,1,True,0.00021436111110517686,-4.472222226326039e-06,0.00021440775808232224,UNVERIFIED,False
Jinrong__100,q_001135,q_001136,Jinrong_100_000004,Jinrong_100_000005,4,5,1,True,0.0002044722222223072,-2.1111111081495437e-06,0.0002044831202095653,UNVERIFIED,False
Jinrong__100,q_001136,q_001137,Jinrong_100_000005,Jinrong_100_000006,5,6,1,True,0.00021002777778278414,9.722222245045486e-07,0.00021003002798749605,UNVERIFIED,False
Jinrong__100,q_001137,q_001138,Jinrong_100_000006,Jinrong_100_000007,6,7,1,True,0.00020655555553616978,-6.944444450596166e-07,0.00020655672290182905,UNVERIFIED,False
Jinrong__100,q_001138,q_001139,Jinrong_100_000007,Jinrong_100_000008,7,8,1,True,0.00020899999999812735,4.611111108943078e-06,0.00020905086066523682,UNVERIFIED,False
Jinrong__100,q_001139,q_001140,Jinrong_100_000008,Jinrong_100_000009,8,9,1,True,0.00020583333336787746,3.8888888553856304e-07,0.0002058337007389632,UNVERIFIED,False
Jinrong__100,q_001140,q_001141,Jinrong_100_000009,Jinrong_100_000010,9,10,1,True,0.00020849999999938973,3.3333333959717493e-07,0.00020850026645273336,UNVERIFIED,False
Jinrong__100,q_001141,q_001142,Jinrong_100_000010,Jinrong_100_000011,10,11,1,True,0.00020619444443070734,-1.1944444473499516e-06,0.0002061979039942595,UNVERIFIED,False
Jinrong__100,q_001142,q_001143,Jinrong_100_000011,Jinrong_100_000012,11,12,1,True,0.00020769444444113105,8.333333347820826e-07,0.00020769611622790864,UNVERIFIED,False
Jinrong__100,q_001143,q_001144,Jinrong_100_000012,Jinrong_100_000013,12,13,1,True,0.0002074166666830024,-1.1388888871977088e-06,0.00020741979337995952,UNVERIFIED,False
Jinrong__100,q_001144,q_001145,Jinrong_100_000013,Jinrong_100_000014,13,14,1,True,0.00021302777776099902,-4.000000000559112e-06,0.00021306532823947227,UNVERIFIED,False
Jinrong__100,q_001145,q_001146,Jinrong_100_000014,Jinrong_100_000015,14,15,1,True,0.00020369444443701923,5.833333318605582e-07,0.00020369527970054183,UNVERIFIED,False
Jinrong__100,q_001146,q_001147,Jinrong_100_000015,Jinrong_100_000016,15,16,1,True,0.00020844444443923749,-1.444444439613335e-06,0.00020844944911733754,UNVERIFIED,False
Jinrong__100,q_001147,q_001148,Jinrong_100_000016,Jinrong_100_000017,16,17,1,True,-2.155555556271338e-05,-0.0001736944444488131,0.0001750268608185585,UNVERIFIED,False
Jinrong__100,q_001148,q_001149,Jinrong_100_000017,Jinrong_100_000018,17,18,1,True,-0.00020897222219673495,-2.9999999995311555e-06,0.0002089937550498549,UNVERIFIED,False
Jinrong__100,q_001149,q_001150,Jinrong_100_000018,Jinrong_100_000019,18,19,1,True,-0.00020350000001201352,-1.4166666666426408e-06,0.0002035049310197025,UNVERIFIED,False
Jinrong__100,q_001150,q_001151,Jinrong_100_000019,Jinrong_100_000020,19,20,1,True,-0.00020886111110485217,-3.1666666657770293e-06,0.00020888511557726067,UNVERIFIED,False
Jinrong__100,q_001151,q_001152,Jinrong_100_000020,Jinrong_100_000021,20,21,1,True,-0.00020908333331703943,8.888888878288981e-07,0.00020908522280261492,UNVERIFIED,False
Jinrong__100,q_001152,q_001153,Jinrong_100_000021,Jinrong_100_000022,21,22,1,True,-0.00020877777780015094,-5.5555556599529154e-08,0.00020877778519178968,UNVERIFIED,False
Jinrong__100,q_001153,q_001154,Jinrong_100_000022,Jinrong_100_000023,22,23,1,True,-0.00020811111110674574,-5.277777788137428e-07,0.00020811178033803873,UNVERIFIED,False
Jinrong__100,q_001154,q_001155,Jinrong_100_000023,Jinrong_100_000024,23,24,1,True,-0.0002080277777736228,-8.333333312293689e-08,0.00020802779446476907,UNVERIFIED,False
Jinrong__100,q_001155,q_001156,Jinrong_100_000024,Jinrong_100_000025,24,25,1,True,-0.00020761111110800812,8.333333347820826e-07,0.00020761278356582128,UNVERIFIED,False
Jinrong__100,q_001156,q_001157,Jinrong_100_000025,Jinrong_100_000026,25,26,1,True,-0.00020822222221283937,1.333333333519704e-06,0.0002082264911125175,UNVERIFIED,False
Jinrong__100,q_001157,q_001158,Jinrong_100_000026,Jinrong_100_000027,26,27,1,True,-0.00020738888892424256,-5.5555556599529154e-08,0.00020738889636538329,UNVERIFIED,False
Jinrong__100,q_001158,q_001159,Jinrong_100_000027,Jinrong_100_000028,27,28,1,True,-0.00020694444444302462,2.7777780076121417e-08,0.00020694444630730532,UNVERIFIED,False
Jinrong__100,q_001159,q_001160,Jinrong_100_000028,Jinrong_100_000029,28,29,1,True,-0.0002090277777568872,-8.055555618113885e-07,0.0002090293299844445,UNVERIFIED,False
Jinrong__100,q_001160,q_001161,Jinrong_100_000029,Jinrong_100_000030,29,30,1,True,-0.00020844444445344834,-1.9444443921656784e-07,0.0002084445351457952,UNVERIFIED,False
Jinrong__100,q_001161,q_001162,Jinrong_100_000030,Jinrong_100_000031,30,31,1,True,-0.00020836111110611455,-1.30555556054901e-06,0.00020836520126138214,UNVERIFIED,False
Jinrong__100,q_001162,q_001163,Jinrong_100_000031,Jinrong_100_000032,31,32,1,True,-0.000208333333318933,7.222222322411653e-07,0.00020833458516705857,UNVERIFIED,False
Jinrong__100,q_001163,q_001164,Jinrong_100_000032,Jinrong_100_000033,32,33,1,True,-0.0002076944444553419,-5.000000058430487e-07,0.00020769504630014399,UNVERIFIED,False
Jinrong__100,q_001164,q_001165,Jinrong_100_000033,Jinrong_100_000034,33,34,1,True,8.55555555290266e-06,-0.00018133333333381074,0.0001815350525622248,UNVERIFIED,False
Jinrong__100,q_001165,q_001166,Jinrong_100_000034,Jinrong_100_000035,34,35,1,True,0.00020974999998202293,2.3888888911471895e-06,0.00020976360333144754,UNVERIFIED,False
Jinrong__100,q_001166,q_001167,Jinrong_100_000035,Jinrong_100_000036,35,36,1,True,0.00020961111111716946,1.6388888894880438e-06,0.0002096175180192878,UNVERIFIED,False
Jinrong__100,q_001167,q_001168,Jinrong_100_000036,Jinrong_100_000037,36,37,1,True,0.0002086944444386063,-2.805555556761874e-06,0.00020871330164012213,UNVERIFIED,False
Jinrong__100,q_001168,q_001169,Jinrong_100_000037,Jinrong_100_000038,37,38,1,True,0.00020688888892550494,4.861111115417316e-06,0.0002069459899638221,UNVERIFIED,False
Jinrong__100,q_001169,q_001170,Jinrong_100_000038,Jinrong_100_000039,38,39,1,True,0.00020424999998169824,4.166666620619708e-07,0.00020425042497784673,UNVERIFIED,False
Jinrong__100,q_001170,q_001171,Jinrong_100_000039,Jinrong_100_000040,39,40,1,True,0.00020797222221347056,-4.388888889650389e-06,0.00020801852695876604,UNVERIFIED,False
Jinrong__100,q_001171,q_001172,Jinrong_100_000040,Jinrong_100_000041,40,41,1,True,0.00020872222222578785,1.6111111165173497e-06,0.000208728440155866,UNVERIFIED,False
Jinrong__100,q_001172,q_001173,Jinrong_100_000041,Jinrong_100_000042,41,42,1,True,0.00021205555557912703,9.555555550377903e-06,0.00021227074055047858,UNVERIFIED,False
Jinrong__100,q_001173,q_001174,Jinrong_100_000042,Jinrong_100_000043,42,43,1,True,0.00020949999998265412,1.47222222324217e-06,0.0002095051728025031,UNVERIFIED,False
Jinrong__100,q_001174,q_001175,Jinrong_100_000043,Jinrong_100_000044,43,44,1,True,0.00020497222222104483,-3.611111111467835e-06,0.0002050040292425804,UNVERIFIED,False
Jinrong__100,q_001175,q_001176,Jinrong_100_000044,Jinrong_100_000045,44,45,1,True,0.0002044999999952779,2.222222221348602e-06,0.000204512073652559,UNVERIFIED,False
Jinrong__100,q_001176,q_001177,Jinrong_100_000045,Jinrong_100_000046,45,46,1,True,0.00020608333333882456,-2.083333331626136e-06,0.00020609386346471295,UNVERIFIED,False
Jinrong__100,q_001177,q_001178,Jinrong_100_000046,Jinrong_100_000047,46,47,1,True,0.00020616666665773664,-2.583333333916471e-06,0.00020618285101306661,UNVERIFIED,False
Jinrong__100,q_001178,q_001179,Jinrong_100_000047,Jinrong_100_000048,47,48,1,True,0.00020908333334546114,9.444444444284272e-07,0.0002090854663962989,UNVERIFIED,False
Jinrong__100,q_001179,q_001180,Jinrong_100_000048,Jinrong_100_000049,48,49,1,True,0.0002073055555342762,2.166666664749073e-06,0.00020731687774952384,UNVERIFIED,False
Jinrong__100,q_001180,q_001181,Jinrong_100_000049,Jinrong_100_000050,49,50,1,True,0.00021122222224789766,-7.388888889181544e-06,0.00021135142027049864,UNVERIFIED,False
Jinrong__100,q_001181,q_001182,Jinrong_100_000050,Jinrong_100_000051,50,51,1,True,-9.63888888350084e-06,-0.00017186111111655578,0.00017213119906956322,UNVERIFIED,False
Jinrong__100,q_001182,q_001183,Jinrong_100_000051,Jinrong_100_000052,51,52,1,True,-0.00020466666667573463,-4.722222211483995e-06,0.00020472113674647983,UNVERIFIED,False
Jinrong__100,q_001183,q_001184,Jinrong_100_000052,Jinrong_100_000053,52,53,1,True,-0.0002116111111263308,2.0000000020559128e-06,0.00021162056221484844,UNVERIFIED,False
Jinrong__100,q_001184,q_001185,Jinrong_100_000053,Jinrong_100_000054,53,54,1,True,-0.00020877777777172923,1.8333333287046116e-06,0.0002087858271109313,UNVERIFIED,False
Jinrong__100,q_001185,q_001186,Jinrong_100_000054,Jinrong_100_000055,54,55,1,True,-0.00020086111111083937,-9.444444408757136e-07,0.0002008633314768598,UNVERIFIED,False
Jinrong__100,q_001186,q_001187,Jinrong_100_000055,Jinrong_100_000056,55,56,1,True,-0.00020686111110990169,4.249999996375209e-06,0.00020690476502389278,UNVERIFIED,False
Jinrong__100,q_001187,q_001188,Jinrong_100_000056,Jinrong_100_000057,56,57,1,True,-0.00020947222222389428,-2.527777777316942e-06,0.0002094874734773133,UNVERIFIED,False
Jinrong__100,q_001188,q_001189,Jinrong_100_000057,Jinrong_100_000058,57,58,1,True,-0.00021155555553775685,-6.11111108383966e-07,0.00021155643818063235,UNVERIFIED,False
Jinrong__100,q_001189,q_001190,Jinrong_100_000058,Jinrong_100_000059,58,59,1,True,-0.00020252777778750897,8.888888842761844e-07,0.00020252972843263085,UNVERIFIED,False
Jinrong__100,q_001190,q_001191,Jinrong_100_000059,Jinrong_100_000060,59,60,1,True,-0.00021266666665553657,-1.1111111319905831e-07,0.00021266669568142677,UNVERIFIED,False
Jinrong__100,q_001191,q_001192,Jinrong_100_000060,Jinrong_100_000061,60,61,1,True,-0.00020766666668237121,-2.2222221929268926e-07,0.00020766678558132933,UNVERIFIED,False
Jinrong__100,q_001192,q_001193,Jinrong_100_000061,Jinrong_100_000062,61,62,1,True,-0.00020549999999275315,1.250000000396767e-06,0.00020550380166075403,UNVERIFIED,False
Jinrong__100,q_001193,q_001194,Jinrong_100_000062,Jinrong_100_000063,62,63,1,True,-0.0002118888888986703,-6.944444450596166e-07,0.00021189002688139978,UNVERIFIED,False
Jinrong__100,q_001194,q_001195,Jinrong_100_000063,Jinrong_100_000064,63,64,1,True,-0.00020780555554722469,-1.5833333364412283e-06,0.0002078115874073074,UNVERIFIED,False
Jinrong__100,q_001195,q_001196,Jinrong_100_000064,Jinrong_100_000065,64,65,1,True,-0.00020788888888034762,8.333333667565057e-08,0.00020788890558264654,UNVERIFIED,False
Jinrong__100,q_001196,q_001197,Jinrong_100_000065,Jinrong_100_000066,65,66,1,True,-0.00020730555556269792,-1.250000000396767e-06,0.00020730932412016547,UNVERIFIED,False
Jinrong__100,q_001197,q_001198,Jinrong_100_000066,Jinrong_100_000067,66,67,1,True,-0.00020913888887719168,-1.1111111071215873e-06,0.0002091418404066453,UNVERIFIED,False
Jinrong__100,q_001198,q_001199,Jinrong_100_000067,Jinrong_100_000068,67,68,1,True,1.4694444445240151e-05,-0.00017888888889672216,0.00017949139608420804,UNVERIFIED,False
Jinrong__100,q_001199,q_001200,Jinrong_100_000068,Jinrong_100_000069,68,69,1,True,0.00020727777776130552,-1.138888883644995e-06,0.0002072809065532917,UNVERIFIED,False
Jinrong__100,q_001200,q_001201,Jinrong_100_000069,Jinrong_100_000070,69,70,1,True,0.00020691666667005393,1.944444463219952e-07,0.00020691675803203788,UNVERIFIED,False
Jinrong__100,q_001201,q_001202,Jinrong_100_000070,Jinrong_100_000071,70,71,1,True,0.0002070277777619367,2.527777773764228e-06,0.00020704320907849016,UNVERIFIED,False
Jinrong__100,q_001202,q_001203,Jinrong_100_000071,Jinrong_100_000072,71,72,1,True,0.00020944444443671273,1.194444443797238e-06,0.00020944785031824168,UNVERIFIED,False
Jinrong__100,q_001203,q_001204,Jinrong_100_000072,Jinrong_100_000073,72,73,1,True,0.00020513888890150156,3.5277777783448983e-06,0.00020516922029338607,UNVERIFIED,False
Jinrong__100,q_001204,q_001205,Jinrong_100_000073,Jinrong_100_000074,73,74,1,True,0.00020816666666689798,-4.722222222142136e-07,0.00020816720227988502,UNVERIFIED,False
Jinrong__100,q_001205,q_001206,Jinrong_100_000074,Jinrong_100_000075,74,75,1,True,0.00020880555555891078,-3.3333333249174757e-07,0.00020880582162232912,UNVERIFIED,False
Jinrong__100,q_001206,q_001207,Jinrong_100_000075,Jinrong_100_000076,75,76,1,True,0.000212305555564285,1.333333333519704e-06,0.0002123097423606321,UNVERIFIED,False
Jinrong__100,q_001207,q_001208,Jinrong_100_000076,Jinrong_100_000077,76,77,1,True,0.00020411111111684477,-2.7777776523407738e-08,0.00020411111300700367,UNVERIFIED,False
Jinrong__100,q_001208,q_001209,Jinrong_100_000077,Jinrong_100_000078,77,78,1,True,0.00020780555556143554,1.4444444431660486e-06,0.00020781057562584794,UNVERIFIED,False
Jinrong__100,q_001209,q_001210,Jinrong_100_000078,Jinrong_100_000079,78,79,1,True,0.00020316666665110006,1.4999999997655777e-06,0.00020317220390131743,UNVERIFIED,False
Jinrong__100,q_001210,q_001211,Jinrong_100_000079,Jinrong_100_000080,79,80,1,True,0.00020947222222389428,5.388888894231059e-06,0.0002095415281201579,UNVERIFIED,False
Jinrong__100,q_001211,q_001212,Jinrong_100_000080,Jinrong_100_000081,80,81,1,True,0.00021027777775373124,-7.944444440965981e-06,0.00021042779762788752,UNVERIFIED,False
Jinrong__100,q_001212,q_001213,Jinrong_100_000081,Jinrong_100_000082,81,82,1,True,0.00020341666669310143,7.805555547690801e-06,0.00020356636997780455,UNVERIFIED,False
Jinrong__100,q_001213,q_001214,Jinrong_100_000082,Jinrong_100_000083,82,83,1,True,0.0002127499999886595,-2.1111111081495437e-06,0.00021276047397316442,UNVERIFIED,False
Jinrong__100,q_001214,q_001215,Jinrong_100_000083,Jinrong_100_000084,83,84,1,True,0.00020511111112853087,3.5000000018214905e-06,0.00020514097081858926,UNVERIFIED,False
Jinrong__100,q_001215,q_001216,Jinrong_100_000084,Jinrong_100_000085,84,85,1,True,-1.0583333363456404e-05,-0.00018769444444899364,0.00018799258342311914,UNVERIFIED,False
Jinrong__100,q_001216,q_001217,Jinrong_100_000085,Jinrong_100_000086,85,86,1,True,-0.00020675000000380805,-1.0277777811040778e-06,0.00020675255458818873,UNVERIFIED,False
Jinrong__100,q_001217,q_001218,Jinrong_100_000086,Jinrong_100_000087,86,87,1,True,-0.0002064166666428946,-6.11111108383966e-07,0.00020641757125969357,UNVERIFIED,False
Jinrong__100,q_001218,q_001219,Jinrong_100_000087,Jinrong_100_000088,87,88,1,True,-0.00020844444445344834,8.888888878288981e-07,0.00020844633973030472,UNVERIFIED,False
Jinrong__100,q_001219,q_001220,Jinrong_100_000088,Jinrong_100_000089,88,89,1,True,-0.0002073055555342762,1.1388888907504224e-06,0.0002073086839070673,UNVERIFIED,False
Jinrong__100,q_001220,q_001221,Jinrong_100_000089,Jinrong_100_000090,89,90,1,True,-0.00021061111112885555,1.8055555592866313e-06,0.0002106188504427104,UNVERIFIED,False
Jinrong__100,q_001221,q_001222,Jinrong_100_000090,Jinrong_100_000091,90,91,1,True,-0.00021108333331198992,2.41666666056517e-06,0.00021109716691573318,UNVERIFIED,False
Jinrong__100,q_001222,q_001223,Jinrong_100_000091,Jinrong_100_000092,91,92,1,True,-0.00020902777779951975,8.888888984870391e-07,0.00020902966778732452,UNVERIFIED,False
Jinrong__100,q_001223,q_001224,Jinrong_100_000092,Jinrong_100_000093,92,93,1,True,-0.0002071388888822412,-1.1111112030448567e-07,0.00020713891868272974,UNVERIFIED,False
Jinrong__100,q_001224,q_001225,Jinrong_100_000093,Jinrong_100_000094,93,94,1,True,-0.00020722222224378584,-2.2222222284540294e-07,0.00020722234139775877,UNVERIFIED,False
Jinrong__100,q_001225,q_001226,Jinrong_100_000094,Jinrong_100_000095,94,95,1,True,-0.00020805555551817179,-3.611111090151553e-07,0.00020805586889873623,UNVERIFIED,False
Jinrong__100,q_001226,q_001227,Jinrong_100_000095,Jinrong_100_000096,95,96,1,True,-0.00020855555555954197,-2.499999993688107e-07,0.00020855570539965787,UNVERIFIED,False
Jinrong__100,q_001227,q_001228,Jinrong_100_000096,Jinrong_100_000097,96,97,1,True,-0.000208138888922349,-1.1111111319905831e-07,0.00020813891857965778,UNVERIFIED,False
Jinrong__100,q_001228,q_001229,Jinrong_100_000097,Jinrong_100_000098,97,98,1,True,-0.0002079722221992597,-5.277777788137428e-07,0.0002079728918774802,UNVERIFIED,False
Jinrong__100,q_001229,q_001230,Jinrong_100_000098,Jinrong_100_000099,98,99,1,True,-0.00020738888889582086,1.3055555569962962e-06,0.00020739299822500164,UNVERIFIED,False
Jinrong__100,q_001230,q_001231,Jinrong_100_000099,Jinrong_100_000100,99,100,1,True,-0.00020769444444113105,9.166666679050195e-07,0.0002076964673014207,UNVERIFIED,False
Jinrong__100,q_001231,q_001232,Jinrong_100_000100,Jinrong_100_000101,100,101,1,True,-0.00020758333334924828,-3.888888890912767e-07,0.00020758369762327963,UNVERIFIED,False
Jinrong__100,q_001232,q_001233,Jinrong_100_000101,Jinrong_100_000102,101,102,1,True,6.02777778624386e-06,-0.00017758333333262044,0.00017768560544558726,UNVERIFIED,False
Jinrong__100,q_001233,q_001234,Jinrong_100_000102,Jinrong_100_000103,102,103,1,True,0.00020763888889518967,-1.6666666695641652e-06,0.0002076455777506864,UNVERIFIED,False
Jinrong__100,q_001234,q_001235,Jinrong_100_000103,Jinrong_100_000104,103,104,1,True,0.00021044444444839883,-5.416666660096325e-06,0.00021051414317546887,UNVERIFIED,False
Jinrong__100,q_001235,q_001236,Jinrong_100_000104,Jinrong_100_000105,104,105,1,True,0.00020697222221599532,1.9722222184270777e-06,0.00020698161857881536,UNVERIFIED,False
Jinrong__100,q_001236,q_001237,Jinrong_100_000105,Jinrong_100_000106,105,106,1,True,0.00020811111110674574,-1.722222219058267e-06,0.00020811823710443082,UNVERIFIED,False
Jinrong__100,q_001237,q_001238,Jinrong_100_000106,Jinrong_100_000107,106,107,1,True,0.00020697222223020617,-1.9444444490090973e-06,0.00020698135577661367,UNVERIFIED,False
Jinrong__100,q_001238,q_001239,Jinrong_100_000107,Jinrong_100_000108,107,108,1,True,0.00021047222222136952,-2.083333331626136e-06,0.0002104825327778346,UNVERIFIED,False
Jinrong__100,q_001239,q_001240,Jinrong_100_000108,Jinrong_100_000109,108,109,1,True,0.00020791666666752917,-1.722222219058267e-06,0.00020792379932924526,UNVERIFIED,False
Jinrong__100,q_001240,q_001241,Jinrong_100_000109,Jinrong_100_000110,109,110,1,True,0.00020597222221852007,-5.555556015224283e-08,0.00020597222971084153,UNVERIFIED,False
Jinrong__100,q_001241,q_001242,Jinrong_100_000110,Jinrong_100_000111,110,111,1,True,0.00020563888890023918,-3.6666666680673643e-06,0.00020567157575265385,UNVERIFIED,False
Jinrong__100,q_001242,q_001243,Jinrong_100_000111,Jinrong_100_000112,111,112,1,True,0.00021141666665869252,1.750000002687102e-06,0.00021142390934111995,UNVERIFIED,False
Jinrong__100,q_001243,q_001244,Jinrong_100_000112,Jinrong_100_000113,112,113,1,True,0.00020677777777677875,-1.555555556365107e-06,0.00020678362878959213,UNVERIFIED,False
Jinrong__100,q_001244,q_001245,Jinrong_100_000113,Jinrong_100_000114,113,114,1,True,0.00020738888889582086,-5.00000002290335e-07,0.00020738949162733733,UNVERIFIED,False
Jinrong__100,q_001245,q_001246,Jinrong_100_000114,Jinrong_100_000115,114,115,1,True,0.0002067499999895972,-7.722222221673292e-06,0.0002068941642766643,UNVERIFIED,False
Jinrong__100,q_001246,q_001247,Jinrong_100_000115,Jinrong_100_000116,115,116,1,True,0.00020852777780078213,1.47222222324217e-06,0.00020853297473734692,UNVERIFIED,False
Jinrong__100,q_001247,q_001248,Jinrong_100_000116,Jinrong_100_000117,116,117,1,True,0.00020911111109001013,-1.8611111123334467e-06,0.00020911939296935377,UNVERIFIED,False
Jinrong__100,q_001248,q_001249,Jinrong_100_000117,Jinrong_100_000118,117,118,1,True,0.00020527777778056588,6.305555555030651e-06,0.00020537459940651124,UNVERIFIED,False
Jinrong__100,q_001249,q_001250,Jinrong_100_000118,Jinrong_100_000119,118,119,1,True,-5.000000001587068e-06,-0.0001889999999988845,0.0001890661259972135,UNVERIFIED,False
Jinrong__100,q_001250,q_001251,Jinrong_100_000119,Jinrong_100_000120,119,120,1,True,-0.00020438888887497342,-1.1666666672738302e-06,0.0002043922185570154,UNVERIFIED,False
Jinrong__100,q_001251,q_001252,Jinrong_100_000120,Jinrong_100_000121,120,121,1,True,-0.0002129166666833271,1.361111117148539e-06,0.0002129210172223781,UNVERIFIED,False
Jinrong__100,q_001252,q_001253,Jinrong_100_000121,Jinrong_100_000122,121,122,1,True,-0.0002080277777736228,-5.555555588898642e-07,0.0002080285196010653,UNVERIFIED,False
Jinrong__100,q_001253,q_001254,Jinrong_100_000122,Jinrong_100_000123,122,123,1,True,-0.00020874999999875854,1.8333333287046116e-06,0.00020875805040902214,UNVERIFIED,False
Jinrong__100,q_001254,q_001255,Jinrong_100_000123,Jinrong_100_000124,123,124,1,True,-0.0002041111111026339,1.6666666979858746e-07,0.00020411117914835187,UNVERIFIED,False
Jinrong__100,q_001255,q_001256,Jinrong_100_000124,Jinrong_100_000125,124,125,1,True,-0.0002030277777862466,-7.888888887919165e-06,0.0002031809861200291,UNVERIFIED,False
Jinrong__100,q_001256,q_001257,Jinrong_100_000125,Jinrong_100_000126,125,126,1,True,-0.0002074166666545807,8.333333312293689e-08,0.00020741668339490404,UNVERIFIED,False
Jinrong__100,q_001257,q_001258,Jinrong_100_000126,Jinrong_100_000127,126,127,1,True,-0.00021191666668585185,8.861111115976428e-06,0.00021210184560595437,UNVERIFIED,False
Jinrong__100,q_001258,q_001259,Jinrong_100_000127,Jinrong_100_000128,127,128,1,True,-0.00020841666668047765,1.6111111058592087e-06,0.00020842289372618533,UNVERIFIED,False
Jinrong__100,q_001259,q_001260,Jinrong_100_000128,Jinrong_100_000129,128,129,1,True,-0.00020974999999623378,3.888888926439904e-07,0.0002097503605074158,UNVERIFIED,False
Jinrong__100,q_001260,q_001261,Jinrong_100_000129,Jinrong_100_000130,129,130,1,True,-0.00020899999999812735,1.0555555505220582e-06,0.00020900266552543648,UNVERIFIED,False
Jinrong__100,q_001261,q_001262,Jinrong_100_000130,Jinrong_100_000131,130,131,1,True,-0.00020080555553647628,-2.7777780076121417e-08,0.00020080555745775048,UNVERIFIED,False
Jinrong__100,q_001262,q_001263,Jinrong_100_000131,Jinrong_100_000132,131,132,1,True,-0.00020702777779035841,5.833333354132719e-07,0.0002070285996054512,UNVERIFIED,False
Jinrong__100,q_001263,q_001264,Jinrong_100_000132,Jinrong_100_000133,132,133,1,True,-0.00020938888887656049,1.0277777775513641e-06,0.0002093914112663665,UNVERIFIED,False
Jinrong__100,q_001264,q_001265,Jinrong_100_000133,Jinrong_100_000134,133,134,1,True,-0.00020822222224126108,-1.1666666637211165e-06,0.00020822549062541156,UNVERIFIED,False
Jinrong__100,q_001265,q_001266,Jinrong_100_000134,Jinrong_100_000135,134,135,1,True,-0.0002105833333132523,1.3888888616975237e-07,0.00021058337911488413,UNVERIFIED,False
Jinrong__100,q_001266,q_001267,Jinrong_100_000135,Jinrong_100_000136,135,136,1,True,5.861111119997986e-06,-0.0001819444444421947,0.00018203882411985592,UNVERIFIED,False
Jinrong__100,q_001267,q_001268,Jinrong_100_000136,Jinrong_100_000137,136,137,1,True,0.00020738888888161,6.944444415069029e-07,0.00020739005155655642,UNVERIFIED,False
Jinrong__100,q_001268,q_001269,Jinrong_100_000137,Jinrong_100_000138,137,138,1,True,0.00020583333331103404,1.5000000033182914e-06,0.00020583879882554016,UNVERIFIED,False
Jinrong__100,q_001269,q_001270,Jinrong_100_000138,Jinrong_100_000139,138,139,1,True,0.00020766666668237121,4.444444421380922e-07,0.00020766714227780285,UNVERIFIED,False
Jinrong__100,q_001270,q_001271,Jinrong_100_000139,Jinrong_100_000140,139,140,1,True,0.0002093611111035898,-8.055555511532475e-07,0.00020936266085975233,UNVERIFIED,False
Jinrong__100,q_001271,q_001272,Jinrong_100_000140,Jinrong_100_000141,140,141,1,True,0.00020697222221599532,-1.6666666979858746e-07,0.00020697228932107354,UNVERIFIED,False
Jinrong__100,q_001272,q_001273,Jinrong_100_000141,Jinrong_100_000142,141,142,1,True,0.00020947222223810513,-2.1666666683017866e-06,0.00020948342734885173,UNVERIFIED,False
Jinrong__100,q_001273,q_001274,Jinrong_100_000142,Jinrong_100_000143,142,143,1,True,0.00020122222220209096,-5.277777777479287e-06,0.00020129142467133595,UNVERIFIED,False
Jinrong__100,q_001274,q_001275,Jinrong_100_000143,Jinrong_100_000144,143,144,1,True,0.0002065000000186501,-1.0833333341508933e-06,0.00020650284167249462,UNVERIFIED,False
Jinrong__100,q_001275,q_001276,Jinrong_100_000144,Jinrong_100_000145,144,145,1,True,0.00020675000000380805,6.111111119366797e-07,0.00020675090316215253,UNVERIFIED,False
Jinrong__100,q_001276,q_001277,Jinrong_100_000145,Jinrong_100_000146,145,146,1,True,0.0002131388888813035,-3.305555559052209e-06,0.00021316452015077608,UNVERIFIED,False
Jinrong__100,q_001277,q_001278,Jinrong_100_000146,Jinrong_100_000147,146,147,1,True,0.00021038888890245744,2.47222222782284e-06,0.00021040341360432897,UNVERIFIED,False
Jinrong__100,q_001278,q_001279,Jinrong_100_000147,Jinrong_100_000148,147,148,1,True,0.00020758333332082657,2.499999993688107e-07,0.00020758348386272225,UNVERIFIED,False
Jinrong__100,q_001279,q_001280,Jinrong_100_000148,Jinrong_100_000149,148,149,1,True,0.0002093055555576484,-3.2777777789760876e-06,0.00020933121939754757,UNVERIFIED,False
Jinrong__100,q_001280,q_001281,Jinrong_100_000149,Jinrong_100_000150,149,150,1,True,0.0002094166666779529,-2.7222222200862234e-06,0.00020943435911120303,UNVERIFIED,False
Jinrong__100,q_001281,q_001282,Jinrong_100_000150,Jinrong_100_000151,150,151,1,True,0.00020825000000002092,-7.22222225135738e-07,0.00020825125234905838,UNVERIFIED,False
Jinrong__100,q_001282,q_001283,Jinrong_100_000151,Jinrong_100_000152,151,152,1,True,0.00020697222221599532,3.888888890912767e-07,0.000206972587565589,UNVERIFIED,False
Jinrong__100,q_001283,q_001284,Jinrong_100_000152,Jinrong_100_000153,152,153,1,True,-1.363888890182352e-05,-0.00017713888888692964,0.00017766317920878342,UNVERIFIED,False
Jinrong__100,q_001284,q_001285,Jinrong_100_000153,Jinrong_100_000154,153,154,1,True,-0.00020641666665710545,-2.138888888225665e-06,0.00020642774793982219,UNVERIFIED,False
Jinrong__100,q_001285,q_001286,Jinrong_100_000154,Jinrong_100_000155,154,155,1,True,-0.00020986111111653827,-3.61111112567869e-07,0.00020986142180091995,UNVERIFIED,False
Jinrong__100,q_001286,q_001287,Jinrong_100_000155,Jinrong_100_000156,155,156,1,True,-0.00021013888890308863,1.250000000396767e-06,0.00021014260664945034,UNVERIFIED,False
Jinrong__100,q_001287,q_001288,Jinrong_100_000156,Jinrong_100_000157,156,157,1,True,-0.0002042222221945167,2.1944444448251943e-06,0.00020423401191889653,UNVERIFIED,False
Jinrong__100,q_001288,q_001289,Jinrong_100_000157,Jinrong_100_000158,157,158,1,True,-0.0002074722222289438,-4.305555556527452e-06,0.00020751689281903434,UNVERIFIED,False
Jinrong__100,q_001289,q_001290,Jinrong_100_000158,Jinrong_100_000159,158,159,1,True,-0.0002099444444496612,5.36111110704951e-06,0.00021001288357522024,UNVERIFIED,False
Jinrong__100,q_001290,q_001291,Jinrong_100_000159,Jinrong_100_000160,159,160,1,True,-0.00020727777776130552,-1.2499999968440534e-06,0.00020728154682377606,UNVERIFIED,False
Jinrong__100,q_001291,q_001292,Jinrong_100_000160,Jinrong_100_000161,160,161,1,True,-0.00020711111112348135,-1.0277777775513641e-06,0.00020711366125382235,UNVERIFIED,False
Jinrong__100,q_001292,q_001293,Jinrong_100_000161,Jinrong_100_000162,161,162,1,True,-0.0002071666666836336,1.1111111319905831e-07,0.00020716669648012255,UNVERIFIED,False
Jinrong__100,q_001293,q_001294,Jinrong_100_000162,Jinrong_100_000163,162,163,1,True,-0.00020825000000002092,-8.333333312293689e-08,0.00020825001667335618,UNVERIFIED,False
Jinrong__100,q_001294,q_001295,Jinrong_100_000163,Jinrong_100_000164,163,164,1,True,-0.00020605555553743216,-1.0000000010279564e-06,0.00020605798205321202,UNVERIFIED,False
Jinrong__100,q_001295,q_001296,Jinrong_100_000164,Jinrong_100_000165,164,165,1,True,-0.00020677777777677875,3.611111090151553e-07,0.00020677809309386705,UNVERIFIED,False
Jinrong__100,q_001296,q_001297,Jinrong_100_000165,Jinrong_100_000166,165,166,1,True,-0.00020922222222452547,1.1111111319905831e-07,0.00020922225172827146,UNVERIFIED,False
Jinrong__100,q_001297,q_001298,Jinrong_100_000166,Jinrong_100_000167,166,167,1,True,-0.000208722222211577,-1.1111111319905831e-07,0.00020872225178600006,UNVERIFIED,False
Jinrong__100,q_001298,q_001299,Jinrong_100_000167,Jinrong_100_000168,167,168,1,True,-0.00020855555555954197,7.777777781825534e-07,0.00020855700585936074,UNVERIFIED,False
Jinrong__100,q_001299,q_001300,Jinrong_100_000168,Jinrong_100_000169,168,169,1,True,-0.0002071666666836336,8.055555653641022e-07,0.00020716823285575573,UNVERIFIED,False
Jinrong__100,q_001300,q_001301,Jinrong_100_000169,Jinrong_100_000170,169,170,1,True,-6.166666665308185e-06,-0.00018097222223190101,0.00018107725698528126,UNVERIFIED,False
Jinrong__100,q_001301,q_001302,Jinrong_100_000170,Jinrong_100_000171,170,171,1,True,0.00020158333335018597,-1.1388888871977088e-06,0.00020158655052475495,UNVERIFIED,False
Jinrong__100,q_001302,q_001303,Jinrong_100_000171,Jinrong_100_000172,171,172,1,True,0.00020591666667257869,-9.722222245045486e-07,0.0002059189618019664,UNVERIFIED,False
Jinrong__100,q_001303,q_001304,Jinrong_100_000172,Jinrong_100_000173,172,173,1,True,0.00021272222220147796,6.944444450596166e-07,0.000212723355726216,UNVERIFIED,False
Jinrong__100,q_001304,q_001305,Jinrong_100_000173,Jinrong_100_000174,173,174,1,True,0.00020952777779825738,-3.7222222211141798e-06,0.0002095608374848203,UNVERIFIED,False
Jinrong__100,q_001305,q_001306,Jinrong_100_000174,Jinrong_100_000175,174,175,1,True,0.00020861111107706165,1.6388888894880438e-06,0.00020861754869041634,UNVERIFIED,False
Jinrong__100,q_001306,q_001307,Jinrong_100_000175,Jinrong_100_000176,175,176,1,True,0.00020736111112285016,-1.0555555611801992e-06,0.00020736379771706958,UNVERIFIED,False
Jinrong__100,q_001307,q_001308,Jinrong_100_000176,Jinrong_100_000177,176,177,1,True,0.00020700000000317686,-1.38888879064325e-07,0.00020700004659766612,UNVERIFIED,False
Jinrong__100,q_001308,q_001309,Jinrong_100_000177,Jinrong_100_000178,177,178,1,True,0.00020750000000191449,-1.30555556054901e-06,0.00020750410713071726,UNVERIFIED,False
Jinrong__100,q_001309,q_001310,Jinrong_100_000178,Jinrong_100_000179,178,179,1,True,0.0002070833333362998,1.3888888901192331e-06,0.0002070879908590118,UNVERIFIED,False
Jinrong__100,q_001310,q_001311,Jinrong_100_000179,Jinrong_100_000180,179,180,1,True,0.00020872222222578785,-1.444444450271476e-06,0.00020872722024364978,UNVERIFIED,False
Jinrong__100,q_001311,q_001312,Jinrong_100_000180,Jinrong_100_000181,180,181,1,True,0.00020719444442818258,1.6666666979858746e-07,0.0002071945114612886,UNVERIFIED,False
Jinrong__100,q_001312,q_001313,Jinrong_100_000181,Jinrong_100_000182,181,182,1,True,0.00020161111112315666,1.0277777811040778e-06,0.0002016137308207979,UNVERIFIED,False
Jinrong__100,q_001313,q_001314,Jinrong_100_000182,Jinrong_100_000183,182,183,1,True,0.00021177777777836582,-1.694444446087573e-06,0.00021178455633667857,UNVERIFIED,False
Jinrong__100,q_001314,q_001315,Jinrong_100_000183,Jinrong_100_000184,183,184,1,True,0.00020966666666311085,-8.333333347820826e-07,0.00020966832272440892,UNVERIFIED,False
Jinrong__100,q_001315,q_001316,Jinrong_100_000184,Jinrong_100_000185,184,185,1,True,0.00020861111110548336,-1.0555555540747719e-06,0.00020861378160177255,UNVERIFIED,False
Jinrong__100,q_001316,q_001317,Jinrong_100_000185,Jinrong_100_000186,185,186,1,True,0.0002076666666539495,-1.8611111158861604e-06,0.0002076750061363867,UNVERIFIED,False
Jinrong__100,q_001317,q_001318,Jinrong_100_000186,Jinrong_100_000187,186,187,1,True,-1.1333333318930272e-05,-0.00017891666666614015,0.00017927525778824218,UNVERIFIED,False
Jinrong__100,q_001318,q_001319,Jinrong_100_000187,Jinrong_100_000188,187,188,1,True,-0.0001981388888765423,-3.499999994716063e-06,0.0001981697991248762,UNVERIFIED,False
Jinrong__100,q_001319,q_001320,Jinrong_100_000188,Jinrong_100_000189,188,189,1,True,-0.00021144444444587407,-1.1111111071215873e-06,0.00021144736379278105,UNVERIFIED,False
Jinrong__100,q_001320,q_001321,Jinrong_100_000189,Jinrong_100_000190,189,190,1,True,-0.00021458333335999669,1.3055555498908689e-06,0.00021458730491616068,UNVERIFIED,False
Jinrong__100,q_001321,q_001322,Jinrong_100_000190,Jinrong_100_000191,190,191,1,True,-0.00021008333331451468,5.555555517844368e-07,0.00021008406788357035,UNVERIFIED,False
Jinrong__100,q_001322,q_001323,Jinrong_100_000191,Jinrong_100_000192,191,192,1,True,-0.00021122222221947595,4.722222257669273e-07,0.00021122275008427524,UNVERIFIED,False
Jinrong__100,q_001323,q_001324,Jinrong_100_000192,Jinrong_100_000193,192,193,1,True,-0.00019525000000442105,-7.916666664442573e-06,0.0001954104298976959,UNVERIFIED,False
Jinrong__100,q_001324,q_001325,Jinrong_100_000193,Jinrong_100_000194,193,194,1,True,-0.00020633333332398252,4.1666666561468446e-07,0.0002063337540289904,UNVERIFIED,False
Jinrong__100,q_001325,q_001326,Jinrong_100_000194,Jinrong_100_000195,194,195,1,True,-0.00020847222221220818,1.250000000396767e-06,0.0002084759696801943,UNVERIFIED,False
Jinrong__100,q_001326,q_001327,Jinrong_100_000195,Jinrong_100_000196,195,196,1,True,-0.00020972222223747394,2.750000000162345e-06,0.00020974025126385565,UNVERIFIED,False
Jinrong__100,q_001327,q_001328,Jinrong_100_000196,Jinrong_100_000197,196,197,1,True,-0.00020486111112916205,1.6666666979858746e-07,0.00020486117892576356,UNVERIFIED,False
Jinrong__100,q_001328,q_001329,Jinrong_100_000197,Jinrong_100_000198,197,198,1,True,-0.00020822222219862851,9.444444408757136e-07,0.0002082243640706748,UNVERIFIED,False
Jinrong__100,q_001329,q_001330,Jinrong_100_000198,Jinrong_100_000199,198,199,1,True,-0.00020866666667984646,4.166666620619708e-07,0.00020866708268048754,UNVERIFIED,False
Jinrong__80,q_001331,q_001332,Jinrong_80_000000,Jinrong_80_000001,0,1,1,True,0.0002022500000009586,1.1666666637211165e-06,0.000202253364895351,UNVERIFIED,False
Jinrong__80,q_001332,q_001333,Jinrong_80_000001,Jinrong_80_000002,1,2,1,True,0.00020727777774709466,-5.5555556599529154e-08,0.00020727778519222422,UNVERIFIED,False
Jinrong__80,q_001333,q_001334,Jinrong_80_000002,Jinrong_80_000003,2,3,1,True,0.0002000000000066393,-2.9999999995311555e-06,0.0002000224987411489,UNVERIFIED,False
Jinrong__80,q_001334,q_001335,Jinrong_80_000003,Jinrong_80_000004,3,4,1,True,0.0002131666666826959,1.111111110674301e-06,0.000213169562443872,UNVERIFIED,False
Jinrong__80,q_001335,q_001336,Jinrong_80_000004,Jinrong_80_000005,4,5,1,True,0.0002063888888699239,8.333333312293689e-08,0.00020638890569361088,UNVERIFIED,False
Jinrong__80,q_001336,q_001337,Jinrong_80_000005,Jinrong_80_000006,5,6,1,True,0.0002087777777859401,-9.722222173991213e-07,0.0002087800414629602,UNVERIFIED,False
Jinrong__80,q_001337,q_001338,Jinrong_80_000006,Jinrong_80_000007,6,7,1,True,0.00020772222221410175,-5.277777823664564e-07,0.00020772289269830666,UNVERIFIED,False
Jinrong__80,q_001338,q_001339,Jinrong_80_000007,Jinrong_80_000008,7,8,1,True,0.0002103055555693345,8.333333312293689e-08,0.00021030557207970228,UNVERIFIED,False
Jinrong__80,q_001339,q_001340,Jinrong_80_000008,Jinrong_80_000009,8,9,1,True,0.00020825000000002092,-4.999999987376214e-07,0.0002082506002392489,UNVERIFIED,False
Jinrong__80,q_001340,q_001341,Jinrong_80_000009,Jinrong_80_000010,9,10,1,True,0.00020730555556269792,-9.166666679050195e-07,0.00020730758221767693,UNVERIFIED,False
Jinrong__80,q_001341,q_001342,Jinrong_80_000010,Jinrong_80_000011,10,11,1,True,0.00020883333331767062,-4.166666727201118e-07,0.00020883374898632997,UNVERIFIED,False
Jinrong__80,q_001342,q_001343,Jinrong_80_000011,Jinrong_80_000012,11,12,1,True,0.00020819444443986868,-6.11111108383966e-07,0.0002081953413321546,UNVERIFIED,False
Jinrong__80,q_001343,q_001344,Jinrong_80_000012,Jinrong_80_000013,12,13,1,True,0.0002118888888986703,-7.499999945537184e-07,0.00021189021624111123,UNVERIFIED,False
Jinrong__80,q_001344,q_001345,Jinrong_80_000013,Jinrong_80_000014,13,14,1,True,0.00020750000000191449,-6.388888884600874e-07,0.00020750098356346725,UNVERIFIED,False
Jinrong__80,q_001345,q_001346,Jinrong_80_000014,Jinrong_80_000015,14,15,1,True,0.00020627777777804113,-9.722222245045486e-07,0.00020628006888960632,UNVERIFIED,False
Jinrong__80,q_001346,q_001347,Jinrong_80_000015,Jinrong_80_000016,15,16,1,True,0.00020791666668174003,-1.111111110674301e-06,0.00020791963556130537,UNVERIFIED,False
Jinrong__80,q_001347,q_001348,Jinrong_80_000016,Jinrong_80_000017,16,17,1,True,-2.0444444459144506e-05,-0.00017711111111395894,0.00017828718683423147,UNVERIFIED,False
Jinrong__80,q_001348,q_001349,Jinrong_80_000017,Jinrong_80_000018,17,18,1,True,-0.00020536111109947797,-1.861111108780733e-06,0.0002053695442040308,UNVERIFIED,False
Jinrong__80,q_001349,q_001350,Jinrong_80_000018,Jinrong_80_000019,18,19,1,True,-0.00020886111111906303,-8.333333312293689e-08,0.00020886112774361342,UNVERIFIED,False
Jinrong__80,q_001350,q_001351,Jinrong_80_000019,Jinrong_80_000020,19,20,1,True,-0.0001991666666896208,2.555555560945777e-06,0.00019918306148987566,UNVERIFIED,False
Jinrong__80,q_001351,q_001352,Jinrong_80_000020,Jinrong_80_000021,20,21,1,True,-0.00021347222221379525,-1.8888888888568545e-06,0.0002134805788781041,UNVERIFIED,False
Jinrong__80,q_001352,q_001353,Jinrong_80_000021,Jinrong_80_000022,21,22,1,True,-0.0002071111111092705,-7.500000052118594e-07,0.0002071124690715757,UNVERIFIED,False
Jinrong__80,q_001353,q_001354,Jinrong_80_000022,Jinrong_80_000023,22,23,1,True,-0.000207777777774254,2.777777758922184e-07,0.00020777796345450124,UNVERIFIED,False
Jinrong__80,q_001354,q_001355,Jinrong_80_000023,Jinrong_80_000024,23,24,1,True,-0.00020922222222452547,-8.333333312293689e-07,0.00020922388180370246,UNVERIFIED,False
Jinrong__80,q_001355,q_001356,Jinrong_80_000024,Jinrong_80_000025,24,25,1,True,-0.0002077500000012833,-1.3888888972246605e-07,0.00020775004642756858,UNVERIFIED,False
Jinrong__80,q_001356,q_001357,Jinrong_80_000025,Jinrong_80_000026,25,26,1,True,-0.00020691666667005393,2.2222222284540294e-07,0.00020691678599998243,UNVERIFIED,False
Jinrong__80,q_001357,q_001358,Jinrong_80_000026,Jinrong_80_000027,26,27,1,True,-0.00021036111110106503,2.2222222639811662e-07,0.00021036122847709494,UNVERIFIED,False
Jinrong__80,q_001358,q_001359,Jinrong_80_000027,Jinrong_80_000028,27,28,1,True,-0.0002080833333479859,1.9444443921656784e-07,0.00020808342419772162,UNVERIFIED,False
Jinrong__80,q_001359,q_001360,Jinrong_80_000028,Jinrong_80_000029,28,29,1,True,-0.0002099166666766905,-3.888888890912767e-07,0.00020991702690163283,UNVERIFIED,False
Jinrong__80,q_001360,q_001361,Jinrong_80_000029,Jinrong_80_000030,29,30,1,True,-0.00020077777776350558,1.250000000396767e-06,0.00020078166884367863,UNVERIFIED,False
Jinrong__80,q_001361,q_001362,Jinrong_80_000030,Jinrong_80_000031,30,31,1,True,-0.0002157499999952961,-9.72222220951835e-07,0.00021575219051962643,UNVERIFIED,False
Jinrong__80,q_001362,q_001363,Jinrong_80_000031,Jinrong_80_000032,31,32,1,True,-0.00020816666668110884,-8.333332957022321e-08,0.00020816668336111734,UNVERIFIED,False
Jinrong__80,q_001363,q_001364,Jinrong_80_000032,Jinrong_80_000033,32,33,1,True,-0.00020722222220115327,8.055555511532475e-07,0.00020722378795333835,UNVERIFIED,False
Jinrong__80,q_001364,q_001365,Jinrong_80_000033,Jinrong_80_000034,33,34,1,True,1.300000000981072e-05,-0.00017880555554938837,0.00017927751307841283,UNVERIFIED,False
Jinrong__80,q_001365,q_001366,Jinrong_80_000034,Jinrong_80_000035,34,35,1,True,0.00021041666663279557,2.3055555509188252e-06,0.00021042929735009665,UNVERIFIED,False
Jinrong__80,q_001366,q_001367,Jinrong_80_000035,Jinrong_80_000036,35,36,1,True,0.00020447222223651806,-6.944444450596166e-07,0.00020447340149620268,UNVERIFIED,False
Jinrong__80,q_001367,q_001368,Jinrong_80_000036,Jinrong_80_000037,36,37,1,True,0.00020602777776446146,-1.194444443797238e-06,0.00020603124012656828,UNVERIFIED,False
Jinrong__80,q_001368,q_001369,Jinrong_80_000037,Jinrong_80_000038,37,38,1,True,0.00020899999999812735,1.444444439613335e-06,0.00020900499137330755,UNVERIFIED,False
Jinrong__80,q_001369,q_001370,Jinrong_80_000038,Jinrong_80_000039,38,39,1,True,0.00020686111112411254,1.9444445698013624e-07,0.0002068612025106431,UNVERIFIED,False
Jinrong__80,q_001370,q_001371,Jinrong_80_000039,Jinrong_80_000040,39,40,1,True,0.0002074444444559731,1.4999999997655777e-06,0.0002074498675238107,UNVERIFIED,False
Jinrong__80,q_001371,q_001372,Jinrong_80_000040,Jinrong_80_000041,40,41,1,True,0.00020666666665647426,-6.11111119042107e-07,0.00020666757017901493,UNVERIFIED,False
Jinrong__80,q_001372,q_001373,Jinrong_80_000041,Jinrong_80_000042,41,42,1,True,0.00020858333333251267,1.5277777762889855e-06,0.0002085889283951471,UNVERIFIED,False
Jinrong__80,q_001373,q_001374,Jinrong_80_000042,Jinrong_80_000043,42,43,1,True,0.00020777777778846485,6.944444486123302e-07,0.0002077789382873175,UNVERIFIED,False
Jinrong__80,q_001374,q_001375,Jinrong_80_000043,Jinrong_80_000044,43,44,1,True,0.00020916666666437322,9.999999974752427e-07,0.00020916905708894893,UNVERIFIED,False
Jinrong__80,q_001375,q_001376,Jinrong_80_000044,Jinrong_80_000045,44,45,1,True,0.00020758333333503742,3.6111110546244163e-07,0.00020758364742849025,UNVERIFIED,False
Jinrong__80,q_001376,q_001377,Jinrong_80_000045,Jinrong_80_000046,45,46,1,True,0.00020680555554974944,2.77777778379118e-06,0.00020682421003271505,UNVERIFIED,False
Jinrong__80,q_001377,q_001378,Jinrong_80_000046,Jinrong_80_000047,46,47,1,True,0.000208722222211577,1.1111111319905831e-07,0.00020872225178600006,UNVERIFIED,False
Jinrong__80,q_001378,q_001379,Jinrong_80_000047,Jinrong_80_000048,47,48,1,True,0.00020750000000191449,5.833333354132719e-07,0.00020750081994675278,UNVERIFIED,False
Jinrong__80,q_001379,q_001380,Jinrong_80_000048,Jinrong_80_000049,48,49,1,True,0.0002080277778020445,6.388888884600874e-07,0.00020802875886825984,UNVERIFIED,False
Jinrong__80,q_001380,q_001381,Jinrong_80_000049,Jinrong_80_000050,49,50,1,True,0.00020727777776130552,3.333333289390339e-07,0.00020727804578578345,UNVERIFIED,False
Jinrong__80,q_001381,q_001382,Jinrong_80_000050,Jinrong_80_000051,50,51,1,True,-9.444444444284272e-06,-0.00017950000000155342,0.00017974828936993768,UNVERIFIED,False
Jinrong__80,q_001382,q_001383,Jinrong_80_000051,Jinrong_80_000052,51,52,1,True,-0.0002038611111032651,-8.611111113054903e-07,0.0002038629297655751,UNVERIFIED,False
Jinrong__80,q_001383,q_001384,Jinrong_80_000052,Jinrong_80_000053,52,53,1,True,-0.00020572222223336212,-3.888888890912767e-07,0.00020572258980287237,UNVERIFIED,False
Jinrong__80,q_001384,q_001385,Jinrong_80_000053,Jinrong_80_000054,53,54,1,True,-0.0002080000000006521,-2.499999993688107e-07,0.0002080001502409817,UNVERIFIED,False
Jinrong__80,q_001385,q_001386,Jinrong_80_000054,Jinrong_80_000055,54,55,1,True,-0.0002083055555459623,8.055555547059612e-07,0.000208307113155225,UNVERIFIED,False
Jinrong__80,q_001386,q_001387,Jinrong_80_000055,Jinrong_80_000056,55,56,1,True,-0.00020955555555701721,-1.6666666624587378e-07,0.0002095556218348431,UNVERIFIED,False
Jinrong__80,q_001387,q_001388,Jinrong_80_000056,Jinrong_80_000057,56,57,1,True,-0.00020663888888350357,1.3888888972246605e-07,0.00020663893555942603,UNVERIFIED,False
Jinrong__80,q_001388,q_001389,Jinrong_80_000057,Jinrong_80_000058,57,58,1,True,-0.00020811111110674574,1.7777777756577962e-06,0.0002081187042528948,UNVERIFIED,False
Jinrong__80,q_001389,q_001390,Jinrong_80_000058,Jinrong_80_000059,58,59,1,True,-0.0002061944444449182,4.72222229319641e-07,0.00020619498518097454,UNVERIFIED,False
Jinrong__80,q_001390,q_001391,Jinrong_80_000059,Jinrong_80_000060,59,60,1,True,-0.00020797222222768141,-1.0000000010279564e-06,0.0002079746263810135,UNVERIFIED,False
Jinrong__80,q_001391,q_001392,Jinrong_80_000060,Jinrong_80_000061,60,61,1,True,-0.0002074166666545807,4.166666620619708e-07,0.00020741708516225157,UNVERIFIED,False
Jinrong__80,q_001392,q_001393,Jinrong_80_000061,Jinrong_80_000062,61,62,1,True,-0.00021050000002276192,-1.9722222219797914e-06,0.00021050923891857015,UNVERIFIED,False
Jinrong__80,q_001393,q_001394,Jinrong_80_000062,Jinrong_80_000063,62,63,1,True,-0.00020708333332208895,6.388888884600874e-07,0.00020708431886262945,UNVERIFIED,False
Jinrong__80,q_001394,q_001395,Jinrong_80_000063,Jinrong_80_000064,63,64,1,True,-0.00020988888888950896,6.666666720889225e-07,0.00020988994764810514,UNVERIFIED,False
Jinrong__80,q_001395,q_001396,Jinrong_80_000064,Jinrong_80_000065,64,65,1,True,-0.00020883333333188148,4.999999951849077e-07,0.00020883393189445986,UNVERIFIED,False
Jinrong__80,q_001396,q_001397,Jinrong_80_000065,Jinrong_80_000066,65,66,1,True,-0.00020922222223873632,-3.0555555596833983e-07,0.00020922244536070443,UNVERIFIED,False
Jinrong__80,q_001397,q_001398,Jinrong_80_000066,Jinrong_80_000067,66,67,1,True,-0.00020624999999085958,1.0277777775513641e-06,0.00020625256076807776,UNVERIFIED,False
Jinrong__80,q_001398,q_001399,Jinrong_80_000067,Jinrong_80_000068,67,68,1,True,1.2888888875295379e-05,-0.0001807500000055029,0.00018120895661757178,UNVERIFIED,False
Jinrong__80,q_001399,q_001400,Jinrong_80_000068,Jinrong_80_000069,68,69,1,True,0.00021066666667479694,1.3333333406251313e-06,0.00021067088604187153,UNVERIFIED,False
Jinrong__80,q_001400,q_001401,Jinrong_80_000069,Jinrong_80_000070,69,70,1,True,0.0002086388888926649,9.166666679050195e-07,0.00020864090259617316,UNVERIFIED,False
Jinrong__80,q_001401,q_001402,Jinrong_80_000070,Jinrong_80_000071,70,71,1,True,0.00020702777777614756,3.055555488629125e-07,0.00020702800326314163,UNVERIFIED,False
Jinrong__80,q_001402,q_001403,Jinrong_80_000071,Jinrong_80_000072,71,72,1,True,0.00020816666665268713,8.333333667565057e-08,0.00020816668333269848,UNVERIFIED,False
Jinrong__80,q_001403,q_001404,Jinrong_80_000072,Jinrong_80_000073,72,73,1,True,0.000206444444444287,2.0833333351788497e-06,0.00020645495615193103,UNVERIFIED,False
Jinrong__80,q_001404,q_001405,Jinrong_80_000073,Jinrong_80_000074,73,74,1,True,0.00020733333336409032,-5.555555553371505e-07,0.00020733407767619888,UNVERIFIED,False
Jinrong__80,q_001405,q_001406,Jinrong_80_000074,Jinrong_80_000075,74,75,1,True,0.00020947222219547257,2.1944444448251943e-06,0.00020948371645054147,UNVERIFIED,False
Jinrong__80,q_001406,q_001407,Jinrong_80_000075,Jinrong_80_000076,75,76,1,True,0.00020880555555891078,1.2222222203206456e-06,0.00020880913260540407,UNVERIFIED,False
Jinrong__80,q_001407,q_001408,Jinrong_80_000076,Jinrong_80_000077,76,77,1,True,0.00020819444443986868,6.111111154893933e-07,0.00020819534133217544,UNVERIFIED,False
Jinrong__80,q_001408,q_001409,Jinrong_80_000077,Jinrong_80_000078,77,78,1,True,0.0002065555555645915,3.8888888553856304e-07,0.0002065559216511653,UNVERIFIED,False
Jinrong__80,q_001409,q_001410,Jinrong_80_000078,Jinrong_80_000079,78,79,1,True,0.00020766666668237121,1.555555556365107e-06,0.0002076724926514246,UNVERIFIED,False
Jinrong__80,q_001410,q_001411,Jinrong_80_000079,Jinrong_80_000080,79,80,1,True,0.0002081111111209566,1.7222222226109807e-06,0.0002081182371186706,UNVERIFIED,False
Jinrong__80,q_001411,q_001412,Jinrong_80_000080,Jinrong_80_000081,80,81,1,True,0.0002073055555342762,4.999999987376214e-07,0.00020730615850807137,UNVERIFIED,False
Jinrong__80,q_001412,q_001413,Jinrong_80_000081,Jinrong_80_000082,81,82,1,True,0.0002081388888939273,6.388888884600874e-07,0.00020813986943642106,UNVERIFIED,False
Jinrong__80,q_001413,q_001414,Jinrong_80_000082,Jinrong_80_000083,82,83,1,True,0.00020750000000191449,-2.7777776523407738e-08,0.0002075000018612033,UNVERIFIED,False
Jinrong__80,q_001414,q_001415,Jinrong_80_000083,Jinrong_80_000084,83,84,1,True,0.00020730555554848706,9.444444444284272e-07,0.0002073077068914117,UNVERIFIED,False
Jinrong__80,q_001415,q_001416,Jinrong_80_000084,Jinrong_80_000085,84,85,1,True,-2.0694444444302462e-05,-0.0001783333333342796,0.00017953004709232823,UNVERIFIED,False
Jinrong__80,q_001416,q_001417,Jinrong_80_000085,Jinrong_80_000086,85,86,1,True,-0.0002057777777793035,-6.944444486123302e-07,0.0002057789495572388,UNVERIFIED,False
Jinrong__80,q_001417,q_001418,Jinrong_80_000086,Jinrong_80_000087,86,87,1,True,-0.0002057500000063328,2.7777787181548774e-08,0.00020575000188143719,UNVERIFIED,False
Jinrong__80,q_001418,q_001419,Jinrong_80_000087,Jinrong_80_000088,87,88,1,True,-0.00020877777777172923,0.0,0.00020877777777172923,UNVERIFIED,False
Jinrong__80,q_001419,q_001420,Jinrong_80_000088,Jinrong_80_000089,88,89,1,True,-0.00020694444444302462,-7.500000052118594e-07,0.00020694580349898357,UNVERIFIED,False
Jinrong__80,q_001420,q_001421,Jinrong_80_000089,Jinrong_80_000090,89,90,1,True,-0.00020888888890624457,-7.777777817352671e-07,0.0002088903368917843,UNVERIFIED,False
Jinrong__80,q_001421,q_001422,Jinrong_80_000090,Jinrong_80_000091,90,91,1,True,-0.00020913888887719168,1.00000000458067e-06,0.00020914127961929344,UNVERIFIED,False
Jinrong__80,q_001422,q_001423,Jinrong_80_000091,Jinrong_80_000092,91,92,1,True,-0.0002103055555409128,-2.9166666664082186e-06,0.00021032577976989625,UNVERIFIED,False
Jinrong__80,q_001423,q_001424,Jinrong_80_000092,Jinrong_80_000093,92,93,1,True,-0.0002052222222346245,3.194444442300437e-06,0.00020524708274227078,UNVERIFIED,False
Jinrong__80,q_001424,q_001425,Jinrong_80_000093,Jinrong_80_000094,93,94,1,True,-0.00020913888887719168,-2.9166666664082186e-06,0.00020915922591468268,UNVERIFIED,False
Jinrong__80,q_001425,q_001426,Jinrong_80_000094,Jinrong_80_000095,94,95,1,True,-0.00020858333334672352,-5.833333318605582e-07,0.0002085841490329657,UNVERIFIED,False
Jinrong__80,q_001426,q_001427,Jinrong_80_000095,Jinrong_80_000096,95,96,1,True,-0.0002076388888809788,8.055555547059612e-07,0.00020764045149122362,UNVERIFIED,False
Jinrong__80,q_001427,q_001428,Jinrong_80_000096,Jinrong_80_000097,96,97,1,True,-0.000194555555552256,4.166666663252272e-06,0.0001946001677988219,UNVERIFIED,False
Jinrong__80,q_001428,q_001429,Jinrong_80_000097,Jinrong_80_000098,97,98,1,True,-0.0002100555555699657,6.944444486123302e-07,0.00021005670348479515,UNVERIFIED,False
Jinrong__80,q_001429,q_001430,Jinrong_80_000098,Jinrong_80_000099,98,99,1,True,-0.00020197222221440825,1.0833333341508933e-06,0.00020197512757104324,UNVERIFIED,False
Jinrong__80,q_001430,q_001431,Jinrong_80_000099,Jinrong_80_000100,99,100,1,True,-0.00022772222222045002,-5.083333334710005e-06,0.0002277789515535002,UNVERIFIED,False
Jinrong__80,q_001431,q_001432,Jinrong_80_000100,Jinrong_80_000101,100,101,1,True,-0.00020969444443608154,2.9166666664082186e-06,0.00020971472759870688,UNVERIFIED,False
Jinrong__80,q_001432,q_001433,Jinrong_80_000101,Jinrong_80_000102,101,102,1,True,1.0444444441759515e-05,-0.00017686111111459013,0.00017716923842581815,UNVERIFIED,False
Jinrong__80,q_001433,q_001434,Jinrong_80_000102,Jinrong_80_000103,102,103,1,True,0.0002071388888822412,-5.999999995509597e-06,0.00020722576887857258,UNVERIFIED,False
Jinrong__80,q_001434,q_001435,Jinrong_80_000103,Jinrong_80_000104,103,104,1,True,0.0002096944444502924,3.0555555561306846e-06,0.00020971670523130332,UNVERIFIED,False
Jinrong__80,q_001435,q_001436,Jinrong_80_000104,Jinrong_80_000105,104,105,1,True,0.00020694444444302462,-2.361111111071068e-06,0.0002069579134305111,UNVERIFIED,False
Jinrong__80,q_001436,q_001437,Jinrong_80_000105,Jinrong_80_000106,105,106,1,True,0.00021474999999782085,-2.0555555515500146e-06,0.00021475983751085667,UNVERIFIED,False
Jinrong__80,q_001437,q_001438,Jinrong_80_000106,Jinrong_80_000107,106,107,1,True,0.00020297222222609435,5.833333283078446e-07,0.0002029730604616557,UNVERIFIED,False
Jinrong__80,q_001438,q_001439,Jinrong_80_000107,Jinrong_80_000108,107,108,1,True,0.00020511111111432,-1.916666665380262e-06,0.00020512006609217225,UNVERIFIED,False
Jinrong__80,q_001439,q_001440,Jinrong_80_000108,Jinrong_80_000109,108,109,1,True,0.000208333333318933,-1.0277777739986504e-06,0.0002083358684886747,UNVERIFIED,False
Jinrong__80,q_001440,q_001441,Jinrong_80_000109,Jinrong_80_000110,109,110,1,True,0.00020883333334609233,-3.4722222288507965e-06,0.0002088621972584954,UNVERIFIED,False
Jinrong__80,q_001441,q_001442,Jinrong_80_000110,Jinrong_80_000111,110,111,1,True,0.00020888888887782286,-1.194444443797238e-06,0.00020889230381739953,UNVERIFIED,False
Jinrong__80,q_001442,q_001443,Jinrong_80_000111,Jinrong_80_000112,111,112,1,True,0.000207777777774254,-9.999999974752427e-07,0.00020778018417741916,UNVERIFIED,False
Jinrong__80,q_001443,q_001444,Jinrong_80_000112,Jinrong_80_000113,112,113,1,True,0.00020802777778783366,-3.888888890912767e-07,0.00020802814128360701,UNVERIFIED,False
Jinrong__80,q_001444,q_001445,Jinrong_80_000113,Jinrong_80_000114,113,114,1,True,0.00020825000000002092,-2.777777794449321e-07,0.00020825018525922964,UNVERIFIED,False
Jinrong__80,q_001445,q_001446,Jinrong_80_000114,Jinrong_80_000115,114,115,1,True,0.00021552777778310883,-1.3888888972246605e-07,0.00021552782253400334,UNVERIFIED,False
Jinrong__80,q_001446,q_001447,Jinrong_80_000115,Jinrong_80_000116,115,116,1,True,0.00020549999999275315,-1.7777777756577962e-06,0.00020550768961486858,UNVERIFIED,False
Jinrong__80,q_001447,q_001448,Jinrong_80_000116,Jinrong_80_000117,116,117,1,True,0.00020194444444143755,-1.0555555576274855e-06,0.00020194720309599758,UNVERIFIED,False
Jinrong__80,q_001448,q_001449,Jinrong_80_000117,Jinrong_80_000118,117,118,1,True,0.00020766666668237121,-1.3055555569962962e-06,0.00020767077051496552,UNVERIFIED,False
Jinrong__80,q_001449,q_001450,Jinrong_80_000118,Jinrong_80_000119,118,119,1,True,-4.444444442697204e-06,-0.00017916666666550896,0.0001792217830801653,UNVERIFIED,False
Jinrong__80,q_001450,q_001451,Jinrong_80_000119,Jinrong_80_000120,119,120,1,True,-0.00020408333334387407,2.2222222284540294e-07,0.00020408345433048497,UNVERIFIED,False
Jinrong__80,q_001451,q_001452,Jinrong_80_000120,Jinrong_80_000121,120,121,1,True,-0.00020594444445976023,-1.1388888871977088e-06,0.00020594759350800058,UNVERIFIED,False
Jinrong__80,q_001452,q_001453,Jinrong_80_000121,Jinrong_80_000122,121,122,1,True,-0.00020772222221410175,3.888888890912767e-07,0.00020772258624456976,UNVERIFIED,False
Jinrong__80,q_001453,q_001454,Jinrong_80_000122,Jinrong_80_000123,122,123,1,True,-0.00020752777778909604,8.055555547059612e-07,0.00020752934123596147,UNVERIFIED,False
Jinrong__80,q_001454,q_001455,Jinrong_80_000123,Jinrong_80_000124,123,124,1,True,-0.0002076944444269202,6.666666649834951e-07,0.000207695514371999,UNVERIFIED,False
Jinrong__80,q_001455,q_001456,Jinrong_80_000124,Jinrong_80_000125,124,125,1,True,-0.00020944444445092358,-6.611111110998991e-06,0.00020954875829142484,UNVERIFIED,False
Jinrong__80,q_001456,q_001457,Jinrong_80_000125,Jinrong_80_000126,125,126,1,True,-0.00020611111111179525,2.9722222230077477e-06,0.00020613254044105154,UNVERIFIED,False
Jinrong__80,q_001457,q_001458,Jinrong_80_000126,Jinrong_80_000127,126,127,1,True,-0.00021019444444903002,2.499999993688107e-07,0.00021019459312084137,UNVERIFIED,False
Jinrong__80,q_001458,q_001459,Jinrong_80_000127,Jinrong_80_000128,127,128,1,True,-0.00020091666665678076,-1.3888888972246605e-07,0.00020091671466206004,UNVERIFIED,False
Jinrong__80,q_001459,q_001460,Jinrong_80_000128,Jinrong_80_000129,128,129,1,True,-0.0002108611111140135,5.5555556599529154e-08,0.00021086111843262196,UNVERIFIED,False
Jinrong__80,q_001460,q_001461,Jinrong_80_000129,Jinrong_80_000130,129,130,1,True,-0.00020458333332840084,2.499999993688107e-07,0.00020458348607783387,UNVERIFIED,False
Jinrong__80,q_001461,q_001462,Jinrong_80_000130,Jinrong_80_000131,130,131,1,True,-0.00020869444445281715,1.2777777804728885e-06,0.000208698356154346,UNVERIFIED,False
Jinrong__80,q_001462,q_001463,Jinrong_80_000131,Jinrong_80_000132,131,132,1,True,-0.00020658333332335133,-1.6666666624587378e-07,0.00020658340055475057,UNVERIFIED,False
Jinrong__80,q_001463,q_001464,Jinrong_80_000132,Jinrong_80_000133,132,133,1,True,-0.00020944444443671273,6.11111108383966e-07,0.00020944533597621608,UNVERIFIED,False
Jinrong__80,q_001464,q_001465,Jinrong_80_000133,Jinrong_80_000134,133,134,1,True,-0.00020761111112221897,-4.1666666561468446e-07,0.00020761152923793173,UNVERIFIED,False
Jinrong__80,q_001465,q_001466,Jinrong_80_000134,Jinrong_80_000135,134,135,1,True,-0.00020986111111653827,2.0833333351788497e-06,0.0002098714516956832,UNVERIFIED,False
Jinrong__80,q_001466,q_001467,Jinrong_80_000135,Jinrong_80_000136,135,136,1,True,1.9444444347982426e-06,-0.0001817222222193493,0.00018173262478844734,UNVERIFIED,False
Jinrong__80,q_001467,q_001468,Jinrong_80_000136,Jinrong_80_000137,136,137,1,True,0.00020619444445912904,-2.0833333387315633e-06,0.0002062049689110549,UNVERIFIED,False
Jinrong__80,q_001468,q_001469,Jinrong_80_000137,Jinrong_80_000138,137,138,1,True,0.00020766666666816036,-3.0555555596833983e-07,0.0002076668914614523,UNVERIFIED,False
Jinrong__80,q_001469,q_001470,Jinrong_80_000138,Jinrong_80_000139,138,139,1,True,0.00020724999998833482,-1.0555555540747719e-06,0.00020725268802283968,UNVERIFIED,False
Jinrong__80,q_001470,q_001471,Jinrong_80_000139,Jinrong_80_000140,139,140,1,True,0.00020791666668174003,-2.2222222284540294e-07,0.00020791678543773733,UNVERIFIED,False
Jinrong__80,q_001471,q_001472,Jinrong_80_000140,Jinrong_80_000141,140,141,1,True,0.000206999999988966,-4.1666666561468446e-07,0.00020700041933904907,UNVERIFIED,False
Jinrong__80,q_001472,q_001473,Jinrong_80_000141,Jinrong_80_000142,141,142,1,True,0.0002054444444610226,6.11111108383966e-07,0.00020544535335870946,UNVERIFIED,False
Jinrong__80,q_001473,q_001474,Jinrong_80_000142,Jinrong_80_000143,142,143,1,True,0.00020880555555891078,-4.444444421380922e-07,0.00020880602856030648,UNVERIFIED,False
Jinrong__80,q_001474,q_001475,Jinrong_80_000143,Jinrong_80_000144,143,144,1,True,0.0002057777777508818,-1.3888888901192331e-06,0.0002057824648225412,UNVERIFIED,False
Jinrong__80,q_001475,q_001476,Jinrong_80_000144,Jinrong_80_000145,144,145,1,True,0.00020733333336409032,-1.250000000396767e-06,0.00020733710141666877,UNVERIFIED,False
Jinrong__80,q_001476,q_001477,Jinrong_80_000145,Jinrong_80_000146,145,146,1,True,0.0002092499999832853,-9.999999974752427e-07,0.00020925238945589093,UNVERIFIED,False
Jinrong__80,q_001477,q_001478,Jinrong_80_000146,Jinrong_80_000147,146,147,1,True,0.00020747222221473294,8.499999999855845e-06,0.00020764626890632318,UNVERIFIED,False
Jinrong__80,q_001478,q_001479,Jinrong_80_000147,Jinrong_80_000148,147,148,1,True,0.00020880555555891078,1.6666666660114515e-06,0.00020881220704269417,UNVERIFIED,False
Jinrong__80,q_001479,q_001480,Jinrong_80_000148,Jinrong_80_000149,148,149,1,True,0.0002090277777853089,-5.555555553371505e-07,0.00020902851606381255,UNVERIFIED,False
Jinrong__80,q_001480,q_001481,Jinrong_80_000149,Jinrong_80_000150,149,150,1,True,0.00021108333334041163,-1.100000000064938e-05,0.00021136975567501046,UNVERIFIED,False
Jinrong__80,q_001481,q_001482,Jinrong_80_000150,Jinrong_80_000151,150,151,1,True,0.00020602777776446146,-7.222222215830243e-07,0.00020602904362128092,UNVERIFIED,False
Jinrong__80,q_001482,q_001483,Jinrong_80_000151,Jinrong_80_000152,151,152,1,True,0.00020719444442818258,-3.888888890912767e-07,0.00020719480938592862,UNVERIFIED,False
Jinrong__80,q_001483,q_001484,Jinrong_80_000152,Jinrong_80_000153,152,153,1,True,-1.5777777761627476e-05,-0.00018072222222187406,0.00018140964658999736,UNVERIFIED,False
Jinrong__80,q_001484,q_001485,Jinrong_80_000153,Jinrong_80_000154,153,154,1,True,-0.0002048333333135588,-1.2222222238733593e-06,0.00020483697972658162,UNVERIFIED,False
Jinrong__80,q_001485,q_001486,Jinrong_80_000154,Jinrong_80_000155,154,155,1,True,-0.00020397222223778044,1.1666666708265439e-06,0.00020397555872147846,UNVERIFIED,False
Jinrong__80,q_001486,q_001487,Jinrong_80_000155,Jinrong_80_000156,155,156,1,True,-0.0002067777777625679,1.1111111071215873e-06,0.00020678076299384884,UNVERIFIED,False
Jinrong__80,q_001487,q_001488,Jinrong_80_000156,Jinrong_80_000157,156,157,1,True,-0.00021241666668458947,5.972222222538903e-06,0.00021250060640776386,UNVERIFIED,False
Jinrong__80,q_001488,q_001489,Jinrong_80_000157,Jinrong_80_000158,157,158,1,True,-0.00020880555555891078,1.2777777733674611e-06,0.00020880946517891255,UNVERIFIED,False
Jinrong__80,q_001489,q_001490,Jinrong_80_000158,Jinrong_80_000159,158,159,1,True,-0.00020691666665584307,-2.7777776878679106e-07,0.00020691685310881303,UNVERIFIED,False
Jinrong__80,q_001490,q_001491,Jinrong_80_000159,Jinrong_80_000160,159,160,1,True,-0.0002061944444449182,-6.638888894627826e-06,0.00020630129365979184,UNVERIFIED,False
Jinrong__80,q_001491,q_001492,Jinrong_80_000160,Jinrong_80_000161,160,161,1,True,-0.0002080000000006521,3.888888961967041e-07,0.00020800036354498244,UNVERIFIED,False
Jinrong__80,q_001492,q_001493,Jinrong_80_000161,Jinrong_80_000162,161,162,1,True,-0.00020536111111368882,2.499999993688107e-07,0.0002053612632846042,UNVERIFIED,False
Jinrong__80,q_001493,q_001494,Jinrong_80_000162,Jinrong_80_000163,162,163,1,True,-0.00020791666666752917,4.166666620619708e-07,0.00020791708416877076,UNVERIFIED,False
Jinrong__80,q_001494,q_001495,Jinrong_80_000163,Jinrong_80_000164,163,164,1,True,-0.00020811111110674574,3.0555555596833983e-07,0.0002081113354199671,UNVERIFIED,False
Jinrong__80,q_001495,q_001496,Jinrong_80_000164,Jinrong_80_000165,164,165,1,True,-0.00020683333332272014,1.250000000396767e-06,0.00020683711048404354,UNVERIFIED,False
Jinrong__80,q_001496,q_001497,Jinrong_80_000165,Jinrong_80_000166,165,166,1,True,-0.00020838888890750695,-1.250000000396767e-06,0.00020839263787405317,UNVERIFIED,False
Jinrong__80,q_001497,q_001498,Jinrong_80_000166,Jinrong_80_000167,166,167,1,True,-0.00020691666667005393,2.2222222284540294e-07,0.00020691678599998243,UNVERIFIED,False
Jinrong__80,q_001498,q_001499,Jinrong_80_000167,Jinrong_80_000168,167,168,1,True,-0.00020758333334924828,8.055555582586749e-07,0.00020758489637770513,UNVERIFIED,False
Jinrong__80,q_001499,q_001500,Jinrong_80_000168,Jinrong_80_000169,168,169,1,True,-0.00020947222219547257,-1.4722222267948837e-06,0.0002094773957012892,UNVERIFIED,False
Jinrong__80,q_001500,q_001501,Jinrong_80_000169,Jinrong_80_000170,169,170,1,True,-7.555555555427418e-06,-0.00018133333333381074,0.00018149067248126574,UNVERIFIED,False
Jinrong__80,q_001501,q_001502,Jinrong_80_000170,Jinrong_80_000171,170,171,1,True,0.0002038333333302944,-1.9722222219797914e-06,0.00020384287438375613,UNVERIFIED,False
Jinrong__80,q_001502,q_001503,Jinrong_80_000171,Jinrong_80_000172,171,172,1,True,0.00021005555554154398,-3.3333333249174757e-07,0.00021005582002167237,UNVERIFIED,False
Jinrong__80,q_001503,q_001504,Jinrong_80_000172,Jinrong_80_000173,172,173,1,True,0.0002068055555639603,-9.166666679050195e-07,0.00020680758711879581,UNVERIFIED,False
Jinrong__80,q_001504,q_001505,Jinrong_80_000173,Jinrong_80_000174,173,174,1,True,0.00020947222223810513,-5.5555553046815476e-08,0.00020947222960523808,UNVERIFIED,False
Jinrong__80,q_001505,q_001506,Jinrong_80_000174,Jinrong_80_000175,174,175,1,True,0.00020750000000191449,-1.1666666637211165e-06,0.00020750327976178773,UNVERIFIED,False
Jinrong__80,q_001506,q_001507,Jinrong_80_000175,Jinrong_80_000176,175,176,1,True,0.0002061944444449182,-3.055555595210535e-07,0.00020619467084323107,UNVERIFIED,False
Jinrong__80,q_001507,q_001508,Jinrong_80_000176,Jinrong_80_000177,176,177,1,True,0.000208722222211577,-1.083333337703607e-06,0.00020872503361135075,UNVERIFIED,False
Jinrong__80,q_001508,q_001509,Jinrong_80_000177,Jinrong_80_000178,177,178,1,True,0.0002067222222166265,5.555556015224283e-08,0.00020672222968176542,UNVERIFIED,False
Jinrong__80,q_001509,q_001510,Jinrong_80_000178,Jinrong_80_000179,178,179,1,True,0.00020613888888476595,-2.1666666683017866e-06,0.00020615027517589544,UNVERIFIED,False
Jinrong__80,q_001510,q_001511,Jinrong_80_000179,Jinrong_80_000180,179,180,1,True,0.00020861111111969421,-1.111111110674301e-06,0.0002086140701163123,UNVERIFIED,False
Jinrong__80,q_001511,q_001512,Jinrong_80_000180,Jinrong_80_000181,180,181,1,True,0.00020841666668047765,1.3888888972246605e-07,0.00020841671295825825,UNVERIFIED,False
Jinrong__80,q_001512,q_001513,Jinrong_80_000181,Jinrong_80_000182,181,182,1,True,0.00020613888888476595,7.027777776613675e-06,0.00020625865114249958,UNVERIFIED,False
Jinrong__80,q_001513,q_001514,Jinrong_80_000182,Jinrong_80_000183,182,183,1,True,0.0002124999999892907,-8.91666666547053e-06,0.00021268699287890566,UNVERIFIED,False
Jinrong__80,q_001514,q_001515,Jinrong_80_000183,Jinrong_80_000184,183,184,1,True,0.00020838888887908524,-2.027777782132034e-06,0.0002083987545332108,UNVERIFIED,False
Jinrong__80,q_001515,q_001516,Jinrong_80_000184,Jinrong_80_000185,184,185,1,True,0.0002051666666886831,-5.833333318605582e-07,0.0002051674959585978,UNVERIFIED,False
Jinrong__80,q_001516,q_001517,Jinrong_80_000185,Jinrong_80_000186,185,186,1,True,0.00020847222221220818,-2.0555555515500146e-06,0.0002084823559506219,UNVERIFIED,False
Jinrong__80,q_001517,q_001518,Jinrong_80_000186,Jinrong_80_000187,186,187,1,True,-1.2305555557645675e-05,-0.00017897222221918696,0.00017939476866301408,UNVERIFIED,False
Jinrong__80,q_001518,q_001519,Jinrong_80_000187,Jinrong_80_000188,187,188,1,True,-0.0002048611111149512,1.083333327045466e-06,0.0002048639755016725,UNVERIFIED,False
Jinrong__80,q_001519,q_001520,Jinrong_80_000188,Jinrong_80_000189,188,189,1,True,-0.00020513888890150156,-2.27777776728999e-06,0.0002051515342650397,UNVERIFIED,False
Jinrong__80,q_001520,q_001521,Jinrong_80_000189,Jinrong_80_000190,189,190,1,True,-0.00020719444444239343,-2.7777778655035945e-07,0.00020719463064541697,UNVERIFIED,False
Jinrong__80,q_001521,q_001522,Jinrong_80_000190,Jinrong_80_000191,190,191,1,True,-0.0002085833333183018,-2.444444444194005e-06,0.00020859765637900763,UNVERIFIED,False
Jinrong__80,q_001522,q_001523,Jinrong_80_000191,Jinrong_80_000192,191,192,1,True,-0.0002093055555576484,1.0555555554958573e-05,0.00020957155183938889,UNVERIFIED,False
Jinrong__80,q_001523,q_001524,Jinrong_80_000192,Jinrong_80_000193,192,193,1,True,-0.00020919444443734392,1.111111110674301e-06,0.00020919739518299274,UNVERIFIED,False
Jinrong__80,q_001524,q_001525,Jinrong_80_000193,Jinrong_80_000194,193,194,1,True,-0.00020158333332176426,-1.0666666664604918e-05,0.0002018653463347469,UNVERIFIED,False
Jinrong__80,q_001525,q_001526,Jinrong_80_000194,Jinrong_80_000195,194,195,1,True,-0.00020977777779762619,-5.833333354132719e-07,0.00020977858883949627,UNVERIFIED,False
Jinrong__80,q_001526,q_001527,Jinrong_80_000195,Jinrong_80_000196,195,196,1,True,-0.00020755555556206673,4.722222222142136e-06,0.0002076092676818486,UNVERIFIED,False
Jinrong__80,q_001527,q_001528,Jinrong_80_000196,Jinrong_80_000197,196,197,1,True,-0.0002089444444379751,-4.000000000559112e-06,0.00020898272862009086,UNVERIFIED,False
Jinrong__80,q_001528,q_001529,Jinrong_80_000197,Jinrong_80_000198,197,198,1,True,-0.00020647222220304684,-6.666666649834951e-07,0.00020647329848168394,UNVERIFIED,False
Jinrong__80,q_001529,q_001530,Jinrong_80_000198,Jinrong_80_000199,198,199,1,True,-0.000208138888922349,1.3611111100431117e-06,0.00020814333932481197,UNVERIFIED,False
Jinrong__90,q_001531,q_001532,Jinrong_90_000000,Jinrong_90_000001,0,1,1,True,0.00020361111111810715,5.277777788137428e-07,0.0002036117951400016,UNVERIFIED,False
Jinrong__90,q_001532,q_001533,Jinrong_90_000001,Jinrong_90_000002,1,2,1,True,0.00020305555555921728,4.916666661358704e-06,0.00020311507146078867,UNVERIFIED,False
Jinrong__90,q_001533,q_001534,Jinrong_90_000002,Jinrong_90_000003,2,3,1,True,0.0002080555555465935,-1.388888879461092e-06,0.00020806019130559586,UNVERIFIED,False
Jinrong__90,q_001534,q_001535,Jinrong_90_000003,Jinrong_90_000004,3,4,1,True,0.00020977777779762619,-1.7500000062398158e-06,0.00020978507706157762,UNVERIFIED,False
Jinrong__90,q_001535,q_001536,Jinrong_90_000004,Jinrong_90_000005,4,5,1,True,0.00020805555553238264,-3.61111112567869e-07,0.0002080558689129532,UNVERIFIED,False
Jinrong__90,q_001536,q_001537,Jinrong_90_000005,Jinrong_90_000006,5,6,1,True,0.00020319444446670332,2.7777780076121417e-08,0.00020319444636538974,UNVERIFIED,False
Jinrong__90,q_001537,q_001538,Jinrong_90_000006,Jinrong_90_000007,6,7,1,True,0.00020744444444176224,-3.611111090151553e-07,0.00020744475874551383,UNVERIFIED,False
Jinrong__90,q_001538,q_001539,Jinrong_90_000007,Jinrong_90_000008,7,8,1,True,0.00020874999999875854,-2.7777777802384662e-06,0.00020876848073614484,UNVERIFIED,False
Jinrong__90,q_001539,q_001540,Jinrong_90_000008,Jinrong_90_000009,8,9,1,True,0.00020569444443196971,-8.055555547059612e-07,0.00020569602181356935,UNVERIFIED,False
Jinrong__90,q_001540,q_001541,Jinrong_90_000009,Jinrong_90_000010,9,10,1,True,0.0002070277777619367,2.2222222284540294e-07,0.00020702789702782128,UNVERIFIED,False
Jinrong__90,q_001541,q_001542,Jinrong_90_000010,Jinrong_90_000011,10,11,1,True,0.00021141666668711423,2.1944444412724806e-06,0.0002114280552327344,UNVERIFIED,False
Jinrong__90,q_001542,q_001543,Jinrong_90_000011,Jinrong_90_000012,11,12,1,True,0.00020833333333314386,-4.055555553605927e-06,0.00020837280366820237,UNVERIFIED,False
Jinrong__90,q_001543,q_001544,Jinrong_90_000012,Jinrong_90_000013,12,13,1,True,0.0002093888889049822,2.638888890516e-06,0.00020940551695559378,UNVERIFIED,False
Jinrong__90,q_001544,q_001545,Jinrong_90_000013,Jinrong_90_000014,13,14,1,True,0.0002070277777619367,-1.916666668932976e-06,0.0002070366498380556,UNVERIFIED,False
Jinrong__90,q_001545,q_001546,Jinrong_90_000014,Jinrong_90_000015,14,15,1,True,0.00020755555556206673,5.5555556599529154e-08,0.00020755556299723225,UNVERIFIED,False
Jinrong__90,q_001546,q_001547,Jinrong_90_000015,Jinrong_90_000016,15,16,1,True,0.00020861111111969421,-1.916666665380262e-06,0.00020861991586063777,UNVERIFIED,False
Jinrong__90,q_001547,q_001548,Jinrong_90_000016,Jinrong_90_000017,16,17,1,True,-1.6444444469243535e-05,-0.0001776944444458195,0.00017845373445464925,UNVERIFIED,False
Jinrong__90,q_001548,q_001549,Jinrong_90_000017,Jinrong_90_000018,17,18,1,True,-0.00020591666665836783,3.333333332022903e-06,0.00020594364452149462,UNVERIFIED,False
Jinrong__90,q_001549,q_001550,Jinrong_90_000018,Jinrong_90_000019,18,19,1,True,-0.00020472222222167602,-5.3333333269733885e-06,0.00020479168126600724,UNVERIFIED,False
Jinrong__90,q_001550,q_001551,Jinrong_90_000019,Jinrong_90_000020,19,20,1,True,-0.00020977777778341533,1.7777777721050825e-06,0.0002097853106048061,UNVERIFIED,False
Jinrong__90,q_001551,q_001552,Jinrong_90_000020,Jinrong_90_000021,20,21,1,True,-0.00020705555554911825,6.944444415069029e-07,0.00020705672009581417,UNVERIFIED,False
Jinrong__90,q_001552,q_001553,Jinrong_90_000021,Jinrong_90_000022,21,22,1,True,-0.00020849999999938973,-3.3333333249174757e-07,0.000208500266452722,UNVERIFIED,False
Jinrong__90,q_001553,q_001554,Jinrong_90_000022,Jinrong_90_000023,22,23,1,True,-0.00020652777776319908,1.1111111142270147e-06,0.00020653076660806134,UNVERIFIED,False
Jinrong__90,q_001554,q_001555,Jinrong_90_000023,Jinrong_90_000024,23,24,1,True,-0.00020947222223810513,-9.444444444284272e-07,0.0002094743513289365,UNVERIFIED,False
Jinrong__90,q_001555,q_001556,Jinrong_90_000024,Jinrong_90_000025,24,25,1,True,-0.00020861111111969421,8.055555547059612e-07,0.00020861266644752214,UNVERIFIED,False
Jinrong__90,q_001556,q_001557,Jinrong_90_000025,Jinrong_90_000026,25,26,1,True,-0.00020600000000570162,0.0,0.00020600000000570162,UNVERIFIED,False
Jinrong__90,q_001557,q_001558,Jinrong_90_000026,Jinrong_90_000027,26,27,1,True,-0.00020941666663532033,6.111111119366797e-07,0.00020941755829309065,UNVERIFIED,False
Jinrong__90,q_001558,q_001559,Jinrong_90_000027,Jinrong_90_000028,27,28,1,True,-0.000210027777796995,1.9444444276928152e-07,0.00021002786780564437,UNVERIFIED,False
Jinrong__90,q_001559,q_001560,Jinrong_90_000028,Jinrong_90_000029,28,29,1,True,-0.00020905555557249045,1.4166666666426408e-06,0.0002090603555439601,UNVERIFIED,False
Jinrong__90,q_001560,q_001561,Jinrong_90_000029,Jinrong_90_000030,29,30,1,True,-0.00020813888887971643,-6.11111108383966e-07,0.00020813978601139606,UNVERIFIED,False
Jinrong__90,q_001561,q_001562,Jinrong_90_000030,Jinrong_90_000031,30,31,1,True,-0.00020536111109947797,-2.5000000292152436e-07,0.00020536126327039768,UNVERIFIED,False
Jinrong__90,q_001562,q_001563,Jinrong_90_000031,Jinrong_90_000032,31,32,1,True,-0.00020466666667573463,-2.4166666641178836e-06,0.00020468093395800628,UNVERIFIED,False
Jinrong__90,q_001563,q_001564,Jinrong_90_000032,Jinrong_90_000033,32,33,1,True,-0.00021044444443418797,-9.444444408757136e-07,0.00021044656368901805,UNVERIFIED,False
Jinrong__90,q_001564,q_001565,Jinrong_90_000033,Jinrong_90_000034,33,34,1,True,8.83333333945302e-06,-0.0001785555555606777,0.00017877391923730977,UNVERIFIED,False
Jinrong__90,q_001565,q_001566,Jinrong_90_000034,Jinrong_90_000035,34,35,1,True,0.00020874999999875854,-8.055555547059612e-07,0.00020875155429177865,UNVERIFIED,False
Jinrong__90,q_001566,q_001567,Jinrong_90_000035,Jinrong_90_000036,35,36,1,True,0.0002050833333129276,6.944444450596166e-07,0.00020508450905865278,UNVERIFIED,False
Jinrong__90,q_001567,q_001568,Jinrong_90_000036,Jinrong_90_000037,36,37,1,True,0.0002074166666830024,9.166666714577332e-07,0.0002074186922523481,UNVERIFIED,False
Jinrong__90,q_001568,q_001569,Jinrong_90_000037,Jinrong_90_000038,37,38,1,True,0.00020558333332587608,1.8333333287046116e-06,0.00020559150773432353,UNVERIFIED,False
Jinrong__90,q_001569,q_001570,Jinrong_90_000038,Jinrong_90_000039,38,39,1,True,0.00020833333333314386,7.777777781825534e-07,0.00020833478517993836,UNVERIFIED,False
Jinrong__90,q_001570,q_001571,Jinrong_90_000039,Jinrong_90_000040,39,40,1,True,0.00020733333334987947,-8.611111077527767e-07,0.0002073351215552062,UNVERIFIED,False
Jinrong__90,q_001571,q_001572,Jinrong_90_000040,Jinrong_90_000041,40,41,1,True,0.00020736111109442845,4.999999951849077e-07,0.00020736171390666863,UNVERIFIED,False
Jinrong__90,q_001572,q_001573,Jinrong_90_000041,Jinrong_90_000042,41,42,1,True,0.00020713888889645204,8.333333347820826e-07,0.00020714056516699854,UNVERIFIED,False
Jinrong__90,q_001573,q_001574,Jinrong_90_000042,Jinrong_90_000043,42,43,1,True,0.00020688888888287238,1.3611111100431117e-06,0.00020689336617360016,UNVERIFIED,False
Jinrong__90,q_001574,q_001575,Jinrong_90_000043,Jinrong_90_000044,43,44,1,True,0.00020622222221788888,5.277777788137428e-07,0.00020622289757897438,UNVERIFIED,False
Jinrong__90,q_001575,q_001576,Jinrong_90_000044,Jinrong_90_000045,44,45,1,True,0.00020913888890561338,-1.0555555576274855e-06,0.00020914155266280716,UNVERIFIED,False
Jinrong__90,q_001576,q_001577,Jinrong_90_000045,Jinrong_90_000046,45,46,1,True,0.00020844444443923749,1.2777777769201748e-06,0.00020844836083219642,UNVERIFIED,False
Jinrong__90,q_001577,q_001578,Jinrong_90_000046,Jinrong_90_000047,46,47,1,True,0.00020761111112221897,-8.333333312293689e-08,0.00020761112784686364,UNVERIFIED,False
Jinrong__90,q_001578,q_001579,Jinrong_90_000047,Jinrong_90_000048,47,48,1,True,0.00020752777776067433,-1.9444444276928152e-07,0.00020752786885361966,UNVERIFIED,False
Jinrong__90,q_001579,q_001580,Jinrong_90_000048,Jinrong_90_000049,48,49,1,True,0.00020766666666816036,-1.194444443797238e-06,0.00020767010170603313,UNVERIFIED,False
Jinrong__90,q_001580,q_001581,Jinrong_90_000049,Jinrong_90_000050,49,50,1,True,0.00020952777776983567,6.1944444418315925e-06,0.00020961932353461257,UNVERIFIED,False
Jinrong__90,q_001581,q_001582,Jinrong_90_000050,Jinrong_90_000051,50,51,1,True,-7.583333328398112e-06,-0.0001844166666593594,0.0001845725166055848,UNVERIFIED,False
Jinrong__90,q_001582,q_001583,Jinrong_90_000051,Jinrong_90_000052,51,52,1,True,-0.0002041388888756046,0.0,0.0002041388888756046,UNVERIFIED,False
Jinrong__90,q_001583,q_001584,Jinrong_90_000052,Jinrong_90_000053,52,53,1,True,-0.00021155555556617855,-3.861111117942073e-06,0.00021159078729939912,UNVERIFIED,False
Jinrong__90,q_001584,q_001585,Jinrong_90_000053,Jinrong_90_000054,53,54,1,True,-0.00020619444443070734,1.6666666766695926e-06,0.00020620118014186818,UNVERIFIED,False
Jinrong__90,q_001585,q_001586,Jinrong_90_000054,Jinrong_90_000055,54,55,1,True,-0.00020936111111780065,-5.555556015224283e-08,0.00020936111848884534,UNVERIFIED,False
Jinrong__90,q_001586,q_001587,Jinrong_90_000055,Jinrong_90_000056,55,56,1,True,-0.000210416666689639,3.583333327839e-06,0.00021044717602884824,UNVERIFIED,False
Jinrong__90,q_001587,q_001588,Jinrong_90_000056,Jinrong_90_000057,56,57,1,True,-0.00020852777775814957,-1.250000000396767e-06,0.00020853152422776084,UNVERIFIED,False
Jinrong__90,q_001588,q_001589,Jinrong_90_000057,Jinrong_90_000058,57,58,1,True,-0.00020830555556017316,2.94444444648434e-06,0.0002083263647029123,UNVERIFIED,False
Jinrong__90,q_001589,q_001590,Jinrong_90_000058,Jinrong_90_000059,58,59,1,True,-0.00020691666668426478,-8.055555547059612e-07,0.0002069182347486051,UNVERIFIED,False
Jinrong__90,q_001590,q_001591,Jinrong_90_000059,Jinrong_90_000060,59,60,1,True,-0.00020688888886866152,-1.3888888972246605e-07,0.00020688893548818183,UNVERIFIED,False
Jinrong__90,q_001591,q_001592,Jinrong_90_000060,Jinrong_90_000061,60,61,1,True,-0.0002086944444386063,2.388888887594476e-06,0.00020870811658786967,UNVERIFIED,False
Jinrong__90,q_001592,q_001593,Jinrong_90_000061,Jinrong_90_000062,61,62,1,True,-0.00020788888888034762,1.0277777775513641e-06,0.0002078914294699653,UNVERIFIED,False
Jinrong__90,q_001593,q_001594,Jinrong_90_000062,Jinrong_90_000063,62,63,1,True,-0.00020758333334924828,-3.944444443959583e-06,0.00020762080562014158,UNVERIFIED,False
Jinrong__90,q_001594,q_001595,Jinrong_90_000063,Jinrong_90_000064,63,64,1,True,-0.00021044444446260968,1.444444450271476e-06,0.00021044940157896938,UNVERIFIED,False
Jinrong__90,q_001595,q_001596,Jinrong_90_000064,Jinrong_90_000065,64,65,1,True,-0.0002073333333072469,-1.9444444987470888e-07,0.00020733342448562902,UNVERIFIED,False
Jinrong__90,q_001596,q_001597,Jinrong_90_000065,Jinrong_90_000066,65,66,1,True,-0.0002157222222507471,1.1111110964634463e-07,0.00021572225086550394,UNVERIFIED,False
Jinrong__90,q_001597,q_001598,Jinrong_90_000066,Jinrong_90_000067,66,67,1,True,-0.00020361111107547458,-9.999999974752427e-07,0.00020361356672231887,UNVERIFIED,False
Jinrong__90,q_001598,q_001599,Jinrong_90_000067,Jinrong_90_000068,67,68,1,True,2.022222220432468e-05,-0.00017400000000122873,0.00017517116849330168,UNVERIFIED,False
Jinrong__90,q_001599,q_001600,Jinrong_90_000068,Jinrong_90_000069,68,69,1,True,0.00020349999999780266,-1.6944444425348593e-06,0.00020350705427840706,UNVERIFIED,False
Jinrong__90,q_001600,q_001601,Jinrong_90_000069,Jinrong_90_000070,69,70,1,True,0.00020808333333377504,-6.944444486123302e-07,0.0002080844921285273,UNVERIFIED,False
Jinrong__90,q_001601,q_001602,Jinrong_90_000070,Jinrong_90_000071,70,71,1,True,0.00020433333332903203,-3.055555595210535e-07,0.00020433356178942621,UNVERIFIED,False
Jinrong__90,q_001602,q_001603,Jinrong_90_000071,Jinrong_90_000072,71,72,1,True,0.00021019444444903002,-7.499999945537184e-07,0.00021019578249153382,UNVERIFIED,False
Jinrong__90,q_001603,q_001604,Jinrong_90_000072,Jinrong_90_000073,72,73,1,True,0.0002070555555633291,4.027777784187947e-06,0.00020709472731945077,UNVERIFIED,False
Jinrong__90,q_001604,q_001605,Jinrong_90_000073,Jinrong_90_000074,73,74,1,True,0.0002079722221992597,-6.111111154893933e-07,0.00020797312004990868,UNVERIFIED,False
Jinrong__90,q_001605,q_001606,Jinrong_90_000074,Jinrong_90_000075,74,75,1,True,0.00020780555556143554,6.111111154893933e-07,0.00020780645413218606,UNVERIFIED,False
Jinrong__90,q_001606,q_001607,Jinrong_90_000075,Jinrong_90_000076,75,76,1,True,0.00020686111112411254,1.3055555498908689e-06,0.0002068652309374301,UNVERIFIED,False
Jinrong__90,q_001607,q_001608,Jinrong_90_000076,Jinrong_90_000077,76,77,1,True,0.00020808333333377504,-7.222222215830243e-07,0.00020808458668587705,UNVERIFIED,False
Jinrong__90,q_001608,q_001609,Jinrong_90_000077,Jinrong_90_000078,77,78,1,True,0.00021052777778152176,-9.444444444284272e-07,0.0002105298961975102,UNVERIFIED,False
Jinrong__90,q_001609,q_001610,Jinrong_90_000078,Jinrong_90_000079,78,79,1,True,0.00020716666664100103,1.5277777762889855e-06,0.00020717229996328507,UNVERIFIED,False
Jinrong__90,q_001610,q_001611,Jinrong_90_000079,Jinrong_90_000080,79,80,1,True,0.0002080277778020445,9.444444444284272e-07,0.0002080299216761027,UNVERIFIED,False
Jinrong__90,q_001611,q_001612,Jinrong_90_000080,Jinrong_90_000081,80,81,1,True,0.00020786111112158778,7.777777781825534e-07,0.0002078625662666881,UNVERIFIED,False
Jinrong__90,q_001612,q_001613,Jinrong_90_000081,Jinrong_90_000082,81,82,1,True,0.00020844444443923749,1.6666666660114515e-06,0.00020845110744574603,UNVERIFIED,False
Jinrong__90,q_001613,q_001614,Jinrong_90_000082,Jinrong_90_000083,82,83,1,True,0.00020788888888034762,-3.305555548394068e-06,0.00020791516735772078,UNVERIFIED,False
Jinrong__90,q_001614,q_001615,Jinrong_90_000083,Jinrong_90_000084,83,84,1,True,0.0002099722222226319,-3.888888961967041e-07,0.00020997258235227735,UNVERIFIED,False
Jinrong__90,q_001615,q_001616,Jinrong_90_000084,Jinrong_90_000085,84,85,1,True,-2.277777778658674e-05,-0.00017497222222218056,0.0001764485922592279,UNVERIFIED,False
Jinrong__90,q_001616,q_001617,Jinrong_90_000085,Jinrong_90_000086,85,86,1,True,-0.0002070555555633291,-2.3333333309949467e-06,0.0002070687024493861,UNVERIFIED,False
Jinrong__90,q_001617,q_001618,Jinrong_90_000086,Jinrong_90_000087,86,87,1,True,-0.0002032777777571937,-2.500000000793534e-06,0.0002032931502286956,UNVERIFIED,False
Jinrong__90,q_001618,q_001619,Jinrong_90_000087,Jinrong_90_000088,87,88,1,True,-0.00020633333333819337,2.499999993688107e-07,0.000206333484792095,UNVERIFIED,False
Jinrong__90,q_001619,q_001620,Jinrong_90_000088,Jinrong_90_000089,88,89,1,True,-0.00021013888890308863,2.5555555573930633e-06,0.00021015442772787715,UNVERIFIED,False
Jinrong__90,q_001620,q_001621,Jinrong_90_000089,Jinrong_90_000090,89,90,1,True,-0.00020955555555701721,7.499999945537184e-07,0.00020955689767889285,UNVERIFIED,False
Jinrong__90,q_001621,q_001622,Jinrong_90_000090,Jinrong_90_000091,90,91,1,True,-0.000208333333318933,1.8333333393627527e-06,0.00020834139982948865,UNVERIFIED,False
Jinrong__90,q_001622,q_001623,Jinrong_90_000091,Jinrong_90_000092,91,92,1,True,-0.00020780555556143554,1.916666665380262e-06,0.00020781439443239502,UNVERIFIED,False
Jinrong__90,q_001623,q_001624,Jinrong_90_000092,Jinrong_90_000093,92,93,1,True,-0.00020761111112221897,-2.583333333916471e-06,0.00020762718288441057,UNVERIFIED,False
Jinrong__90,q_001624,q_001625,Jinrong_90_000093,Jinrong_90_000094,93,94,1,True,-0.00020580555553806335,-4.444444456908059e-07,0.00020580603543432876,UNVERIFIED,False
Jinrong__90,q_001625,q_001626,Jinrong_90_000094,Jinrong_90_000095,94,95,1,True,-0.00020677777777677875,1.6666666731168789e-06,0.00020678449448665676,UNVERIFIED,False
Jinrong__90,q_001626,q_001627,Jinrong_90_000095,Jinrong_90_000096,95,96,1,True,-0.00020805555556080435,-1.8055555592866313e-06,0.000208063389933435,UNVERIFIED,False
Jinrong__90,q_001627,q_001628,Jinrong_90_000096,Jinrong_90_000097,96,97,1,True,-0.00020886111110485217,7.777777781825534e-07,0.00020886255928295437,UNVERIFIED,False
Jinrong__90,q_001628,q_001629,Jinrong_90_000097,Jinrong_90_000098,97,98,1,True,-0.00020722222222957498,5.555555517844368e-07,0.00020722296694076765,UNVERIFIED,False
Jinrong__90,q_001629,q_001630,Jinrong_90_000098,Jinrong_90_000099,98,99,1,True,-0.00020974999998202293,5.00000002290335e-07,0.00020975059592873846,UNVERIFIED,False
Jinrong__90,q_001630,q_001631,Jinrong_90_000099,Jinrong_90_000100,99,100,1,True,-0.0002083611111203254,3.1388888892536215e-06,0.00020838475292294222,UNVERIFIED,False
Jinrong__90,q_001631,q_001632,Jinrong_90_000100,Jinrong_90_000101,100,101,1,True,-0.00020988888888950896,-3.6388888915439566e-06,0.00020992043061988426,UNVERIFIED,False
Jinrong__90,q_001632,q_001633,Jinrong_90_000101,Jinrong_90_000102,101,102,1,True,8.361111127896947e-06,-0.0001741666666639219,0.00017436724450456493,UNVERIFIED,False
Jinrong__90,q_001633,q_001634,Jinrong_90_000102,Jinrong_90_000103,102,103,1,True,0.00020569444441775886,-2.4166666676705972e-06,0.00020570864041676305,UNVERIFIED,False
Jinrong__90,q_001634,q_001635,Jinrong_90_000103,Jinrong_90_000104,103,104,1,True,0.0002081111111209566,-8.055555547059612e-07,0.0002081126701855292,UNVERIFIED,False
Jinrong__90,q_001635,q_001636,Jinrong_90_000104,Jinrong_90_000105,104,105,1,True,0.00020469444443449447,-2.94444444648434e-06,0.00020471562064347892,UNVERIFIED,False
Jinrong__90,q_001636,q_001637,Jinrong_90_000105,Jinrong_90_000106,105,106,1,True,0.0002077500000012833,-2.499999993688107e-07,0.0002077501504224074,UNVERIFIED,False
Jinrong__90,q_001637,q_001638,Jinrong_90_000106,Jinrong_90_000107,106,107,1,True,0.0002084166666662668,-1.4722222196894563e-06,0.00020842186637332925,UNVERIFIED,False
Jinrong__90,q_001638,q_001639,Jinrong_90_000107,Jinrong_90_000108,107,108,1,True,0.00020888888889203372,-1.694444446087573e-06,0.00020889576119330255,UNVERIFIED,False
Jinrong__90,q_001639,q_001640,Jinrong_90_000108,Jinrong_90_000109,108,109,1,True,0.00020755555556206673,-7.222222215830243e-07,0.00020755681210120645,UNVERIFIED,False
Jinrong__90,q_001640,q_001641,Jinrong_90_000109,Jinrong_90_000110,109,110,1,True,0.0002078333333486171,-3.444444448774675e-06,0.00020786187396528035,UNVERIFIED,False
Jinrong__90,q_001641,q_001642,Jinrong_90_000110,Jinrong_90_000111,110,111,1,True,0.00020736111109442845,-9.444444373229999e-07,0.0002073632618609456,UNVERIFIED,False
Jinrong__90,q_001642,q_001643,Jinrong_90_000111,Jinrong_90_000112,111,112,1,True,0.00020755555553364502,-8.888888949343254e-07,0.00020755745892727523,UNVERIFIED,False
Jinrong__90,q_001643,q_001644,Jinrong_90_000112,Jinrong_90_000113,112,113,1,True,0.00020755555556206673,-6.3888888135466e-07,0.00020755653886033292,UNVERIFIED,False
Jinrong__90,q_001644,q_001645,Jinrong_90_000113,Jinrong_90_000114,113,114,1,True,0.00021080555556807212,0.0,0.00021080555556807212,UNVERIFIED,False
Jinrong__90,q_001645,q_001646,Jinrong_90_000114,Jinrong_90_000115,114,115,1,True,0.0002035833333309256,2.6111111104398788e-06,0.00020360007738545147,UNVERIFIED,False
Jinrong__90,q_001646,q_001647,Jinrong_90_000115,Jinrong_90_000116,115,116,1,True,0.00021097222222010714,-6.027777782691146e-06,0.00021105831576483257,UNVERIFIED,False
Jinrong__90,q_001647,q_001648,Jinrong_90_000116,Jinrong_90_000117,116,117,1,True,0.00020633333332398252,-1.694444446087573e-06,0.00020634029073975481,UNVERIFIED,False
Jinrong__90,q_001648,q_001649,Jinrong_90_000117,Jinrong_90_000118,117,118,1,True,0.00020569444446039142,-2.4444444406412913e-06,0.0002057089686680978,UNVERIFIED,False
Jinrong__90,q_001649,q_001650,Jinrong_90_000118,Jinrong_90_000119,118,119,1,True,-6.666666664045806e-06,-0.0001796666666677993,0.00017979030996115335,UNVERIFIED,False
Jinrong__90,q_001650,q_001651,Jinrong_90_000119,Jinrong_90_000120,119,120,1,True,-0.00020380555555732371,4.444444456908059e-07,0.00020380604016293204,UNVERIFIED,False
Jinrong__90,q_001651,q_001652,Jinrong_90_000120,Jinrong_90_000121,120,121,1,True,-0.00020625000000507043,2.4722222207174127e-06,0.00020626481615825846,UNVERIFIED,False
Jinrong__90,q_001652,q_001653,Jinrong_90_000121,Jinrong_90_000122,121,122,1,True,-0.00020891666667921527,2.694444440010102e-06,0.00020893404137955747,UNVERIFIED,False
Jinrong__90,q_001653,q_001654,Jinrong_90_000122,Jinrong_90_000123,122,123,1,True,-0.00020713888886803034,3.305555559052209e-06,0.0002071652624815179,UNVERIFIED,False
Jinrong__90,q_001654,q_001655,Jinrong_90_000123,Jinrong_90_000124,123,124,1,True,-0.00020755555556206673,-2.7777776523407738e-08,0.0002075555574208579,UNVERIFIED,False
Jinrong__90,q_001655,q_001656,Jinrong_90_000124,Jinrong_90_000125,124,125,1,True,-0.0002054166666596302,-4.722222222142136e-06,0.00020547093790672423,UNVERIFIED,False
Jinrong__90,q_001656,q_001657,Jinrong_90_000125,Jinrong_90_000126,125,126,1,True,-0.00020558333334008694,-3.61111112567869e-07,0.00020558365048917903,UNVERIFIED,False
Jinrong__90,q_001657,q_001658,Jinrong_90_000126,Jinrong_90_000127,126,127,1,True,-0.00020369444445123008,-4.1666666561468446e-07,0.0002036948706065165,UNVERIFIED,False
Jinrong__90,q_001658,q_001659,Jinrong_90_000127,Jinrong_90_000128,127,128,1,True,-0.00021291666665490538,-2.499999993688107e-07,0.00021291681342589124,UNVERIFIED,False
Jinrong__90,q_001659,q_001660,Jinrong_90_000128,Jinrong_90_000129,128,129,1,True,-0.00020686111109569083,8.333333312293689e-08,0.00020686112788097274,UNVERIFIED,False
Jinrong__90,q_001660,q_001661,Jinrong_90_000129,Jinrong_90_000130,129,130,1,True,-0.00020794444448313243,2.7777777766857525e-06,0.00020796299680658385,UNVERIFIED,False
Jinrong__90,q_001661,q_001662,Jinrong_90_000130,Jinrong_90_000131,130,131,1,True,-0.0002067777777625679,1.1666666672738302e-06,0.0002067810689776471,UNVERIFIED,False
Jinrong__90,q_001662,q_001663,Jinrong_90_000131,Jinrong_90_000132,131,132,1,True,-0.00019322222223649987,-2.222222221348602e-06,0.00019323500055013949,UNVERIFIED,False
Jinrong__90,q_001663,q_001664,Jinrong_90_000132,Jinrong_90_000133,132,133,1,True,-0.00021358333331988888,2.527777777316942e-06,0.0002135982910337212,UNVERIFIED,False
Jinrong__90,q_001664,q_001665,Jinrong_90_000133,Jinrong_90_000134,133,134,1,True,-0.00022599999999783904,3.750000004743015e-06,0.00022603110958241749,UNVERIFIED,False
Jinrong__90,q_001665,q_001666,Jinrong_90_000134,Jinrong_90_000135,134,135,1,True,-0.00018905555556614217,-2.7222222271916507e-06,0.00018907515327053656,UNVERIFIED,False
Jinrong__90,q_001666,q_001667,Jinrong_90_000135,Jinrong_90_000136,135,136,1,True,-3.5555555371047376e-06,-0.0001801666666629842,0.0001802017473600861,UNVERIFIED,False
Jinrong__90,q_001667,q_001668,Jinrong_90_000136,Jinrong_90_000137,136,137,1,True,0.00020219444444080636,-2.8333333368379954e-06,0.00020221429509439725,UNVERIFIED,False
Jinrong__90,q_001668,q_001669,Jinrong_90_000137,Jinrong_90_000138,137,138,1,True,0.00020794444444049986,-5.833333354132719e-07,0.00020794526263285813,UNVERIFIED,False
Jinrong__90,q_001669,q_001670,Jinrong_90_000138,Jinrong_90_000139,138,139,1,True,0.00020872222222578785,-1.916666665380262e-06,0.00020873102227981672,UNVERIFIED,False
Jinrong__90,q_001670,q_001671,Jinrong_90_000139,Jinrong_90_000140,139,140,1,True,0.00020772222221410175,-1.1111110964634463e-07,0.00020772225193089775,UNVERIFIED,False
Jinrong__90,q_001671,q_001672,Jinrong_90_000140,Jinrong_90_000141,140,141,1,True,0.0002074444444559731,-1.833333335810039e-06,0.00020745254552973676,UNVERIFIED,False
Jinrong__90,q_001672,q_001673,Jinrong_90_000141,Jinrong_90_000142,141,142,1,True,0.00020888888887782286,1.555555556365107e-06,0.00020889468075970812,UNVERIFIED,False
Jinrong__90,q_001673,q_001674,Jinrong_90_000142,Jinrong_90_000143,142,143,1,True,0.00020847222222641903,-1.861111108780733e-06,0.00020848052948556293,UNVERIFIED,False
Jinrong__90,q_001674,q_001675,Jinrong_90_000143,Jinrong_90_000144,143,144,1,True,0.00020913888890561338,-2.5000000292152436e-07,0.0002091390383277975,UNVERIFIED,False
Jinrong__90,q_001675,q_001676,Jinrong_90_000144,Jinrong_90_000145,144,145,1,True,0.00021077777776667972,-2.083333331626136e-06,0.0002107880733771019,UNVERIFIED,False
Jinrong__90,q_001676,q_001677,Jinrong_90_000145,Jinrong_90_000146,145,146,1,True,0.00020158333335018597,-4.444444456908059e-07,0.00020158382329799559,UNVERIFIED,False
Jinrong__90,q_001677,q_001678,Jinrong_90_000146,Jinrong_90_000147,146,147,1,True,0.00021258333332241364,-1.0833333341508933e-06,0.000212586093659913,UNVERIFIED,False
Jinrong__90,q_001678,q_001679,Jinrong_90_000147,Jinrong_90_000148,147,148,1,True,0.0002034722222106211,3.94444445106501e-06,0.00020351045145976143,UNVERIFIED,False
Jinrong__90,q_001679,q_001680,Jinrong_90_000148,Jinrong_90_000149,148,149,1,True,0.00020547222221978245,-7.500000052118594e-07,0.00020547359101340368,UNVERIFIED,False
Jinrong__90,q_001680,q_001681,Jinrong_90_000149,Jinrong_90_000150,149,150,1,True,0.0002090277777853089,-3.8888888873600536e-06,0.0002090639503660129,UNVERIFIED,False
Jinrong__90,q_001681,q_001682,Jinrong_90_000150,Jinrong_90_000151,150,151,1,True,0.00020694444444302462,-1.8333333393627527e-06,0.00020695256508911728,UNVERIFIED,False
Jinrong__90,q_001682,q_001683,Jinrong_90_000151,Jinrong_90_000152,151,152,1,True,0.00020791666665331832,-7.49999998106432e-07,0.00020791801935432207,UNVERIFIED,False
Jinrong__90,q_001683,q_001684,Jinrong_90_000152,Jinrong_90_000153,152,153,1,True,-1.1666666637211165e-05,-0.0001794999999980007,0.00017987874001589534,UNVERIFIED,False
Jinrong__90,q_001684,q_001685,Jinrong_90_000153,Jinrong_90_000154,153,154,1,True,-0.00020333333334576764,-1.1111110964634463e-07,0.00020333336370399166,UNVERIFIED,False
Jinrong__90,q_001685,q_001686,Jinrong_90_000154,Jinrong_90_000155,154,155,1,True,-0.00020877777777172923,-8.611111113054903e-07,0.00020877955360534606,UNVERIFIED,False
Jinrong__90,q_001686,q_001687,Jinrong_90_000155,Jinrong_90_000156,155,156,1,True,-0.00020600000000570162,1.6111111094119224e-06,0.00020600630010112785,UNVERIFIED,False
Jinrong__90,q_001687,q_001688,Jinrong_90_000156,Jinrong_90_000157,156,157,1,True,-0.00020825000000002092,2.9166666664082186e-06,0.0002082704238350987,UNVERIFIED,False
Jinrong__90,q_001688,q_001689,Jinrong_90_000157,Jinrong_90_000158,157,158,1,True,-0.00020780555556143554,1.333333333519704e-06,0.00020780983302042075,UNVERIFIED,False
Jinrong__90,q_001689,q_001690,Jinrong_90_000158,Jinrong_90_000159,158,159,1,True,-0.00020444444444933652,-7.027777776613675e-06,0.00020456519871834338,UNVERIFIED,False
Jinrong__90,q_001690,q_001691,Jinrong_90_000159,Jinrong_90_000160,159,160,1,True,-0.00021124999999244665,8.055555547059612e-07,0.0002112515358916011,UNVERIFIED,False
Jinrong__90,q_001691,q_001692,Jinrong_90_000160,Jinrong_90_000161,160,161,1,True,-0.0002109444444329256,-2.7777776523407738e-08,0.0002109444462618547,UNVERIFIED,False
Jinrong__90,q_001692,q_001693,Jinrong_90_000161,Jinrong_90_000162,161,162,1,True,-0.00020616666668615835,-1.1111110254091727e-07,0.00020616669662716777,UNVERIFIED,False
Jinrong__90,q_001693,q_001694,Jinrong_90_000162,Jinrong_90_000163,162,163,1,True,-0.00020644444443007615,-8.888888984870391e-07,0.00020644635806794134,UNVERIFIED,False
Jinrong__90,q_001694,q_001695,Jinrong_90_000163,Jinrong_90_000164,163,164,1,True,-0.00020650000000443924,1.1388888907504224e-06,0.00020650314058081267,UNVERIFIED,False
Jinrong__90,q_001695,q_001696,Jinrong_90_000164,Jinrong_90_000165,164,165,1,True,-0.00020886111111906303,2.083333331626136e-06,0.00020887150120507168,UNVERIFIED,False
Jinrong__90,q_001696,q_001697,Jinrong_90_000165,Jinrong_90_000166,165,166,1,True,-0.00020816666668110884,5.5555556599529154e-08,0.00020816667409444706,UNVERIFIED,False
Jinrong__90,q_001697,q_001698,Jinrong_90_000166,Jinrong_90_000167,166,167,1,True,-0.00020727777776130552,-1.0000000010279564e-06,0.000207280189969199,UNVERIFIED,False
Jinrong__90,q_001698,q_001699,Jinrong_90_000167,Jinrong_90_000168,167,168,1,True,-0.00020702777777614756,-3.0555555596833983e-07,0.00020702800326315212,UNVERIFIED,False
Jinrong__90,q_001699,q_001700,Jinrong_90_000168,Jinrong_90_000169,168,169,1,True,-0.00020813888890813814,-3.0555555596833983e-07,0.00020813911319142315,UNVERIFIED,False
Jinrong__90,q_001700,q_001701,Jinrong_90_000169,Jinrong_90_000170,169,170,1,True,-7.749999994643986e-06,-0.0001814444444434571,0.0001816098811169474,UNVERIFIED,False
Jinrong__90,q_001701,q_001702,Jinrong_90_000170,Jinrong_90_000171,170,171,1,True,0.00020566666667320987,-2.277777781500845e-06,0.0002056792795886137,UNVERIFIED,False
Jinrong__90,q_001702,q_001703,Jinrong_90_000171,Jinrong_90_000172,171,172,1,True,0.00020588888888539714,-8.333332957022321e-08,0.0002058889057499389,UNVERIFIED,False
Jinrong__90,q_001703,q_001704,Jinrong_90_000172,Jinrong_90_000173,172,173,1,True,0.00020700000000317686,-1.2777777733674611e-06,0.0002070039437241555,UNVERIFIED,False
Jinrong__90,q_001704,q_001705,Jinrong_90_000173,Jinrong_90_000174,173,174,1,True,0.0002077777778026757,5.833333283078446e-07,0.00020777859665131534,UNVERIFIED,False
Jinrong__90,q_001705,q_001706,Jinrong_90_000174,Jinrong_90_000175,174,175,1,True,0.0002077500000012833,8.055555618113885e-07,0.00020775156177582968,UNVERIFIED,False
Jinrong__90,q_001706,q_001707,Jinrong_90_000175,Jinrong_90_000176,175,176,1,True,0.00021055555555449246,1.666666626931601e-07,0.00021055562151753966,UNVERIFIED,False
Jinrong__90,q_001707,q_001708,Jinrong_90_000176,Jinrong_90_000177,176,177,1,True,0.0002099722221942102,-1.7222222226109807e-06,0.00020997928503202126,UNVERIFIED,False
Jinrong__90,q_001708,q_001709,Jinrong_90_000177,Jinrong_90_000178,177,178,1,True,0.00020925000001170702,-1.0000000010279564e-06,0.00020925238948432928,UNVERIFIED,False
Jinrong__90,q_001709,q_001710,Jinrong_90_000178,Jinrong_90_000179,178,179,1,True,0.00020372222223841163,-2.500000000793534e-06,0.00020373756117554942,UNVERIFIED,False
Jinrong__90,q_001710,q_001711,Jinrong_90_000179,Jinrong_90_000180,179,180,1,True,0.00020786111109316607,4.166666727201118e-07,0.00020786152870601546,UNVERIFIED,False
Jinrong__90,q_001711,q_001712,Jinrong_90_000180,Jinrong_90_000181,180,181,1,True,0.00020533333332650727,5.944444438910068e-06,0.00020541936178136139,UNVERIFIED,False
Jinrong__90,q_001712,q_001713,Jinrong_90_000181,Jinrong_90_000182,181,182,1,True,0.0002080000000006521,-1.1666666708265439e-06,0.00020800327187665125,UNVERIFIED,False
Jinrong__90,q_001713,q_001714,Jinrong_90_000182,Jinrong_90_000183,182,183,1,True,0.00021219444445819136,-4.805555551712359e-06,0.000212248853054807,UNVERIFIED,False
Jinrong__90,q_001714,q_001715,Jinrong_90_000183,Jinrong_90_000184,183,184,1,True,0.0002074166666545807,1.6666666624587378e-07,0.00020741673361586593,UNVERIFIED,False
Jinrong__90,q_001715,q_001716,Jinrong_90_000184,Jinrong_90_000185,184,185,1,True,0.0002038888889046575,-1.2777777804728885e-06,0.00020389289280117647,UNVERIFIED,False
Jinrong__90,q_001716,q_001717,Jinrong_90_000185,Jinrong_90_000186,185,186,1,True,0.00021044444443418797,-1.6944444389821456e-06,0.00021045126593862727,UNVERIFIED,False
Jinrong__90,q_001717,q_001718,Jinrong_90_000186,Jinrong_90_000187,186,187,1,True,-1.1888888892030991e-05,-0.00017897222222273967,0.00017936666916245272,UNVERIFIED,False
Jinrong__90,q_001718,q_001719,Jinrong_90_000187,Jinrong_90_000188,187,188,1,True,-0.00020502777778119707,-1.6666666695641652e-06,0.0002050345518191589,UNVERIFIED,False
Jinrong__90,q_001719,q_001720,Jinrong_90_000188,Jinrong_90_000189,188,189,1,True,-0.00020847222219799733,3.0555555596833983e-07,0.00020847244612266858,UNVERIFIED,False
Jinrong__90,q_001720,q_001721,Jinrong_90_000189,Jinrong_90_000190,189,190,1,True,-0.00020750000000191449,1.0277777775513641e-06,0.00020750254535295353,UNVERIFIED,False
Jinrong__90,q_001721,q_001722,Jinrong_90_000190,Jinrong_90_000191,190,191,1,True,-0.00020152777779003372,-2.444444444194005e-06,0.00020154260226966893,UNVERIFIED,False
Jinrong__90,q_001722,q_001723,Jinrong_90_000191,Jinrong_90_000192,191,192,1,True,-0.00021736111111181344,1.0083333339849787e-05,0.00021759486720739679,UNVERIFIED,False
Jinrong__90,q_001723,q_001724,Jinrong_90_000192,Jinrong_90_000193,192,193,1,True,-0.00020377777778435302,-4.611111116048505e-06,0.0002038299415308107,UNVERIFIED,False
Jinrong__90,q_001724,q_001725,Jinrong_90_000193,Jinrong_90_000194,193,194,1,True,-0.00020727777777551637,-3.88888888380734e-06,0.0002073142556996671,UNVERIFIED,False
Jinrong__90,q_001725,q_001726,Jinrong_90_000194,Jinrong_90_000195,194,195,1,True,-0.00020652777777740994,1.138888883644995e-06,0.00020653091793134632,UNVERIFIED,False
Jinrong__90,q_001726,q_001727,Jinrong_90_000195,Jinrong_90_000196,195,196,1,True,-0.00020500000000822638,7.500000052118594e-07,0.00020500137195487408,UNVERIFIED,False
Jinrong__90,q_001727,q_001728,Jinrong_90_000196,Jinrong_90_000197,196,197,1,True,-0.00021219444442976965,-1.1944444509026653e-06,0.00021219780617245997,UNVERIFIED,False
Jinrong__90,q_001728,q_001729,Jinrong_90_000197,Jinrong_90_000198,197,198,1,True,-0.00020852777778657128,1.944444463219952e-07,0.00020852786844268166,UNVERIFIED,False
Jinrong__90,q_001729,q_001730,Jinrong_90_000198,Jinrong_90_000199,198,199,1,True,-0.0002083888888932961,2.7777776523407738e-08,0.00020838889074465406,UNVERIFIED,False
Ligong__100,q_001731,q_001732,Ligong_100_000000,Ligong_100_000001,0,1,1,True,0.00020761111110800812,-1.0000000010279564e-06,0.0002076135194429875,UNVERIFIED,False
Ligong__100,q_001732,q_001733,Ligong_100_000001,Ligong_100_000002,1,2,1,True,0.0002077500000012833,-1.3611111100431117e-06,0.00020775445873431235,UNVERIFIED,False
Ligong__100,q_001733,q_001734,Ligong_100_000002,Ligong_100_000003,2,3,1,True,0.00020727777778972722,-2.7777776523407738e-08,0.0002072777796510094,UNVERIFIED,False
Ligong__100,q_001734,q_001735,Ligong_100_000003,Ligong_100_000004,3,4,1,True,0.00020822222221283937,2.388888887594476e-06,0.0002082359253668068,UNVERIFIED,False
Ligong__100,q_001735,q_001736,Ligong_100_000004,Ligong_100_000005,4,5,1,True,0.0002067777777625679,-2.4722222207174127e-06,0.00020679255610184455,UNVERIFIED,False
Ligong__100,q_001736,q_001737,Ligong_100_000005,Ligong_100_000006,5,6,1,True,0.00020791666668174003,3.0555555596833983e-07,0.0002079168912047397,UNVERIFIED,False
Ligong__100,q_001737,q_001738,Ligong_100_000006,Ligong_100_000007,6,7,1,True,0.00020625000000507043,-3.61111112567869e-07,0.0002062503161290357,UNVERIFIED,False
Ligong__100,q_001738,q_001739,Ligong_100_000007,Ligong_100_000008,7,8,1,True,0.0002086388888926649,-9.444444479811409e-07,0.00020864102648731646,UNVERIFIED,False
Ligong__100,q_001739,q_001740,Ligong_100_000008,Ligong_100_000009,8,9,1,True,0.0002063611110969532,2.277777781500845e-06,0.0002063736815700853,UNVERIFIED,False
Ligong__100,q_001740,q_001741,Ligong_100_000009,Ligong_100_000010,9,10,1,True,0.0002070555555633291,3.888888890912767e-07,0.00020705592076588133,UNVERIFIED,False
Ligong__100,q_001741,q_001742,Ligong_100_000010,Ligong_100_000011,10,11,1,True,0.0002065555555645915,-6.388888884600874e-07,0.00020655654362331113,UNVERIFIED,False
Ligong__100,q_001742,q_001743,Ligong_100_000011,Ligong_100_000012,11,12,1,True,0.0002095833333299879,7.777777781825534e-07,0.00020958477651771622,UNVERIFIED,False
Ligong__100,q_001743,q_001744,Ligong_100_000012,Ligong_100_000013,12,13,1,True,0.00020769444444113105,5.638888886494442e-06,0.00020777097804935198,UNVERIFIED,False
Ligong__100,q_001744,q_001745,Ligong_100_000013,Ligong_100_000014,13,14,1,True,0.000211527777778997,-3.0555555490252573e-06,0.00021154984564360693,UNVERIFIED,False
Ligong__100,q_001745,q_001746,Ligong_100_000014,Ligong_100_000015,14,15,1,True,0.00020836111110611455,1.444444439613335e-06,0.00020836611778577086,UNVERIFIED,False
Ligong__100,q_001746,q_001747,Ligong_100_000015,Ligong_100_000016,15,16,1,True,0.00020725000000254568,8.333333312293689e-07,0.00020725167537440106,UNVERIFIED,False
Ligong__100,q_001747,q_001748,Ligong_100_000016,Ligong_100_000017,16,17,1,True,6.416666650466141e-06,-0.00017713888888692964,0.00017725506922793268,UNVERIFIED,False
Ligong__100,q_001748,q_001749,Ligong_100_000017,Ligong_100_000018,17,18,1,True,-0.00020397222220935873,-6.666666685362088e-07,0.0002039733116794228,UNVERIFIED,False
Ligong__100,q_001749,q_001750,Ligong_100_000018,Ligong_100_000019,18,19,1,True,-0.00020441666666215497,8.333334378107793e-08,0.00020441668364816205,UNVERIFIED,False
Ligong__100,q_001750,q_001751,Ligong_100_000019,Ligong_100_000020,19,20,1,True,-0.00020941666666374203,0.0,0.00020941666666374203,UNVERIFIED,False
Ligong__100,q_001751,q_001752,Ligong_100_000020,Ligong_100_000021,20,21,1,True,-0.00020977777778341533,1.6111111058592087e-06,0.00020978396442708247,UNVERIFIED,False
Ligong__100,q_001752,q_001753,Ligong_100_000021,Ligong_100_000022,21,22,1,True,-0.00020702777777614756,-3.6111111612058266e-07,0.0002070280927124822,UNVERIFIED,False
Ligong__100,q_001753,q_001754,Ligong_100_000022,Ligong_100_000023,22,23,1,True,-0.00020713888889645204,5.277777788137428e-07,0.0002071395612688231,UNVERIFIED,False
Ligong__100,q_001754,q_001755,Ligong_100_000023,Ligong_100_000024,23,24,1,True,-0.0002079722221992597,1.1944444402445242e-06,0.00020797565219039243,UNVERIFIED,False
Ligong__100,q_001755,q_001756,Ligong_100_000024,Ligong_100_000025,24,25,1,True,-0.00020766666668237121,3.6111111612058266e-07,0.00020766698064980202,UNVERIFIED,False
Ligong__100,q_001756,q_001757,Ligong_100_000025,Ligong_100_000026,25,26,1,True,-0.00020880555555891078,-1.3888888901192331e-06,0.0002088101746673626,UNVERIFIED,False
Ligong__100,q_001757,q_001758,Ligong_100_000026,Ligong_100_000027,26,27,1,True,-0.00020697222220178446,2.5000000647423803e-07,0.000206972373188182,UNVERIFIED,False
Ligong__100,q_001758,q_001759,Ligong_100_000027,Ligong_100_000028,27,28,1,True,-0.00020924999999749616,3.6111110546244163e-07,0.00020925031158921276,UNVERIFIED,False
Ligong__100,q_001759,q_001760,Ligong_100_000028,Ligong_100_000029,28,29,1,True,-0.00020761111113642983,8.333333347820826e-07,0.00020761278359424275,UNVERIFIED,False
Ligong__100,q_001760,q_001761,Ligong_100_000029,Ligong_100_000030,29,30,1,True,-0.0002077222222283126,3.333333289390339e-07,0.0002077224896793235,UNVERIFIED,False
Ligong__100,q_001761,q_001762,Ligong_100_000030,Ligong_100_000031,30,31,1,True,-0.00020883333331767062,1.1111111319905831e-07,0.00020883336287635842,UNVERIFIED,False
Ligong__100,q_001762,q_001763,Ligong_100_000031,Ligong_100_000032,31,32,1,True,-0.0002096666666773217,-2.2222222284540294e-07,0.00020966678444211295,UNVERIFIED,False
Ligong__100,q_001763,q_001764,Ligong_100_000032,Ligong_100_000033,32,33,1,True,-0.00020349999999780266,-1.0277777775513641e-06,0.0002035025953796799,UNVERIFIED,False
Ligong__100,q_001764,q_001765,Ligong_100_000033,Ligong_100_000034,33,34,1,True,-8.277777780563156e-06,-0.00018022222221958373,0.00018041222515879958,UNVERIFIED,False
Ligong__100,q_001765,q_001766,Ligong_100_000034,Ligong_100_000035,34,35,1,True,0.00020452777778245945,1.1111110964634463e-07,0.00020452780796339115,UNVERIFIED,False
Ligong__100,q_001766,q_001767,Ligong_100_000035,Ligong_100_000036,35,36,1,True,0.0002096944444502924,4.083333333682049e-06,0.00020973419760361142,UNVERIFIED,False
Ligong__100,q_001767,q_001768,Ligong_100_000036,Ligong_100_000037,36,37,1,True,0.0002067222222166265,5.5555556599529154e-08,0.00020672222968176447,UNVERIFIED,False
Ligong__100,q_001768,q_001769,Ligong_100_000037,Ligong_100_000038,37,38,1,True,0.0002032777777856154,-5.333333334078816e-06,0.0002033477302206996,UNVERIFIED,False
Ligong__100,q_001769,q_001770,Ligong_100_000038,Ligong_100_000039,38,39,1,True,0.00020958333334419876,2.3333333345476603e-06,0.00020959632167601521,UNVERIFIED,False
Ligong__100,q_001770,q_001771,Ligong_100_000039,Ligong_100_000040,39,40,1,True,0.00020688888888287238,-1.666666626931601e-07,0.00020688895601497429,UNVERIFIED,False
Ligong__100,q_001771,q_001772,Ligong_100_000040,Ligong_100_000041,40,41,1,True,0.00020880555555891078,1.7499999991343884e-06,0.00020881288880780885,UNVERIFIED,False
Ligong__100,q_001772,q_001773,Ligong_100_000041,Ligong_100_000042,41,42,1,True,0.00020966666663468914,3.444444438116534e-06,0.0002096949577247606,UNVERIFIED,False
Ligong__100,q_001773,q_001774,Ligong_100_000042,Ligong_100_000043,42,43,1,True,0.00020686111112411254,-4.722222222142136e-07,0.00020686165011748694,UNVERIFIED,False
Ligong__100,q_001774,q_001775,Ligong_100_000043,Ligong_100_000044,43,44,1,True,0.00020861111111969421,-1.0555555505220582e-06,0.00020861378161596527,UNVERIFIED,False
Ligong__100,q_001775,q_001776,Ligong_100_000044,Ligong_100_000045,44,45,1,True,0.00020783333333440623,2.5555555538403496e-06,0.0002078490445228921,UNVERIFIED,False
Ligong__100,q_001776,q_001777,Ligong_100_000045,Ligong_100_000046,45,46,1,True,0.0002118333333243072,4.388888886097675e-06,0.0002118787942502542,UNVERIFIED,False
Ligong__100,q_001777,q_001778,Ligong_100_000046,Ligong_100_000047,46,47,1,True,0.00020463888890276394,-1.2777777769201748e-06,0.0002046428781252965,UNVERIFIED,False
Ligong__100,q_001778,q_001779,Ligong_100_000047,Ligong_100_000048,47,48,1,True,0.00020891666665079356,1.6666666660114515e-06,0.00020892331459713726,UNVERIFIED,False
Ligong__100,q_001779,q_001780,Ligong_100_000048,Ligong_100_000049,48,49,1,True,0.00020786111112158778,9.722222245045486e-07,0.00020786338478133873,UNVERIFIED,False
Ligong__100,q_001780,q_001781,Ligong_100_000049,Ligong_100_000050,49,50,1,True,0.00020794444444049986,1.8888888888568545e-06,0.00020795302324059294,UNVERIFIED,False
Ligong__100,q_001781,q_001782,Ligong_100_000050,Ligong_100_000051,50,51,1,True,5.555556015224283e-08,-0.00017977777778099835,0.00017977778636498528,UNVERIFIED,False
Ligong__100,q_001782,q_001783,Ligong_100_000051,Ligong_100_000052,51,52,1,True,-0.00020280555555984847,-2.027777775026607e-06,0.00020281569280665557,UNVERIFIED,False
Ligong__100,q_001783,q_001784,Ligong_100_000052,Ligong_100_000053,52,53,1,True,-0.0002073333333356686,8.611111113054903e-07,0.00020733512154101023,UNVERIFIED,False
Ligong__100,q_001784,q_001785,Ligong_100_000053,Ligong_100_000054,53,54,1,True,-0.0002070277777619367,-8.055555582586749e-07,0.00020702934498472263,UNVERIFIED,False
Ligong__100,q_001785,q_001786,Ligong_100_000054,Ligong_100_000055,54,55,1,True,-0.0002080277778020445,8.333333347820826e-07,0.00020802944691005566,UNVERIFIED,False
Ligong__100,q_001786,q_001787,Ligong_100_000055,Ligong_100_000056,55,56,1,True,-0.00020650000000443924,-2.499999993688107e-07,0.00020650015133610216,UNVERIFIED,False
Ligong__100,q_001787,q_001788,Ligong_100_000056,Ligong_100_000057,56,57,1,True,-0.0002083611110919037,-1.6666666979858746e-07,0.0002083611777496745,UNVERIFIED,False
Ligong__100,q_001788,q_001789,Ligong_100_000057,Ligong_100_000058,57,58,1,True,-0.0002074444444559731,-1.3888888616975237e-07,0.00020744449095063964,UNVERIFIED,False
Ligong__100,q_001789,q_001790,Ligong_100_000058,Ligong_100_000059,58,59,1,True,-0.0002082777777729916,4.444444456908059e-07,0.000208278251972982,UNVERIFIED,False
Ligong__100,q_001790,q_001791,Ligong_100_000059,Ligong_100_000060,59,60,1,True,-0.00020719444442818258,-1.0277777704459368e-06,0.00020719699353284222,UNVERIFIED,False
Ligong__100,q_001791,q_001792,Ligong_100_000060,Ligong_100_000061,60,61,1,True,-0.00020830555556017316,4.4444443503266484e-07,0.00020830602969690583,UNVERIFIED,False
Ligong__100,q_001792,q_001793,Ligong_100_000061,Ligong_100_000062,61,62,1,True,-0.00020752777778909604,6.944444450596166e-07,0.0002075289396859332,UNVERIFIED,False
Ligong__100,q_001793,q_001794,Ligong_100_000062,Ligong_100_000063,62,63,1,True,-0.0002099444444496612,-7.777777781825534e-07,0.0002099458851550778,UNVERIFIED,False
Ligong__100,q_001794,q_001795,Ligong_100_000063,Ligong_100_000064,63,64,1,True,-0.00020722222220115327,1.1111110964634463e-07,0.00020722225198965198,UNVERIFIED,False
Ligong__100,q_001795,q_001796,Ligong_100_000064,Ligong_100_000065,64,65,1,True,-0.00020666666668489597,3.0555555596833983e-07,0.00020666689256589618,UNVERIFIED,False
Ligong__100,q_001796,q_001797,Ligong_100_000065,Ligong_100_000066,65,66,1,True,-0.00020736111112285016,5.00000002290335e-07,0.00020736171393510738,UNVERIFIED,False
Ligong__100,q_001797,q_001798,Ligong_100_000066,Ligong_100_000067,66,67,1,True,-0.00020958333331577705,-3.0555555596833983e-07,0.00020958355605330751,UNVERIFIED,False
Ligong__100,q_001798,q_001799,Ligong_100_000067,Ligong_100_000068,67,68,1,True,-8.305555567744705e-06,-0.00017797222222171172,0.00017816591743603273,UNVERIFIED,False
Ligong__100,q_001799,q_001800,Ligong_100_000068,Ligong_100_000069,68,69,1,True,0.00020761111112221897,-3.5277777783448983e-06,0.0002076410813819263,UNVERIFIED,False
Ligong__100,q_001800,q_001801,Ligong_100_000069,Ligong_100_000070,69,70,1,True,0.00020627777776383027,7.222222215830243e-07,0.00020627904208649384,UNVERIFIED,False
Ligong__100,q_001801,q_001802,Ligong_100_000070,Ligong_100_000071,70,71,1,True,0.000209083333359672,-6.111111119366797e-07,0.0002090842264389709,UNVERIFIED,False
Ligong__100,q_001802,q_001803,Ligong_100_000071,Ligong_100_000072,71,72,1,True,0.00020719444444239343,2.2222221929268926e-07,0.0002071945636123371,UNVERIFIED,False
Ligong__100,q_001803,q_001804,Ligong_100_000072,Ligong_100_000073,72,73,1,True,0.0002086666666372139,1.5833333364412283e-06,0.0002086726736061539,UNVERIFIED,False
Ligong__100,q_001804,q_001805,Ligong_100_000073,Ligong_100_000074,73,74,1,True,0.0002096666666773217,1.9444444454563836e-06,0.00020967568285278242,UNVERIFIED,False
Ligong__100,q_001805,q_001806,Ligong_100_000074,Ligong_100_000075,74,75,1,True,0.00020633333332398252,-2.361111111071068e-06,0.00020634684220085487,UNVERIFIED,False
Ligong__100,q_001806,q_001807,Ligong_100_000075,Ligong_100_000076,75,76,1,True,0.0002062500000192813,-3.1388888892536215e-06,0.0002062738837841878,UNVERIFIED,False
Ligong__100,q_001807,q_001808,Ligong_100_000076,Ligong_100_000077,76,77,1,True,0.00020822222222705022,-6.944444450596166e-07,0.00020822338024885286,UNVERIFIED,False
Ligong__100,q_001808,q_001809,Ligong_100_000077,Ligong_100_000078,77,78,1,True,0.00021069444443355678,-1.8333333322573253e-06,0.00021070242055152644,UNVERIFIED,False
Ligong__100,q_001809,q_001810,Ligong_100_000078,Ligong_100_000079,78,79,1,True,0.00020813888887971643,6.944444450596166e-07,0.00020814004736515802,UNVERIFIED,False
Ligong__100,q_001810,q_001811,Ligong_100_000079,Ligong_100_000080,79,80,1,True,0.00020952777778404652,1.7777777756577962e-06,0.0002095353195929994,UNVERIFIED,False
Ligong__100,q_001811,q_001812,Ligong_100_000080,Ligong_100_000081,80,81,1,True,0.0002039166666776282,-8.888888878288981e-07,0.000203918604036929,UNVERIFIED,False
Ligong__100,q_001812,q_001813,Ligong_100_000081,Ligong_100_000082,81,82,1,True,0.0002086111110912725,-1.8611111123334467e-06,0.00020861941281987085,UNVERIFIED,False
Ligong__100,q_001813,q_001814,Ligong_100_000082,Ligong_100_000083,82,83,1,True,0.0002061111111260061,1.6666666731168789e-06,0.00020611784956038164,UNVERIFIED,False
Ligong__100,q_001814,q_001815,Ligong_100_000083,Ligong_100_000084,83,84,1,True,0.00021097222222010714,4.166666620619708e-07,0.00021097263367460137,UNVERIFIED,False
Ligong__100,q_001815,q_001816,Ligong_100_000084,Ligong_100_000085,84,85,1,True,-6.805555557320986e-06,-0.00017622222222257733,0.00017635358570640747,UNVERIFIED,False
Ligong__100,q_001816,q_001817,Ligong_100_000085,Ligong_100_000086,85,86,1,True,-0.00020066666665741195,-2.4444444406412913e-06,0.00020068155474786483,UNVERIFIED,False
Ligong__100,q_001817,q_001818,Ligong_100_000086,Ligong_100_000087,86,87,1,True,-0.00020636111111116406,-2.2222222639811662e-07,0.0002063612307623506,UNVERIFIED,False
Ligong__100,q_001818,q_001819,Ligong_100_000087,Ligong_100_000088,87,88,1,True,-0.00020880555557312164,-2.2222222284540294e-07,0.0002088056738235729,UNVERIFIED,False
Ligong__100,q_001819,q_001820,Ligong_100_000088,Ligong_100_000089,88,89,1,True,-0.00020602777776446146,-6.972222220014146e-06,0.00020614571810553714,UNVERIFIED,False
Ligong__100,q_001820,q_001821,Ligong_100_000089,Ligong_100_000090,89,90,1,True,-0.00020952777779825738,5.611111109971034e-06,0.00020960289653762984,UNVERIFIED,False
Ligong__100,q_001821,q_001822,Ligong_100_000090,Ligong_100_000091,90,91,1,True,-0.00020588888887118628,-1.6111111094119224e-06,0.0002058951923664527,UNVERIFIED,False
Ligong__100,q_001822,q_001823,Ligong_100_000091,Ligong_100_000092,91,92,1,True,-0.00020819444443986868,-2.5000000292152436e-07,0.00020819459453988478,UNVERIFIED,False
Ligong__100,q_001823,q_001824,Ligong_100_000092,Ligong_100_000093,92,93,1,True,-0.00020880555557312164,-1.1388888871977088e-06,0.00020880866147288376,UNVERIFIED,False
Ligong__100,q_001824,q_001825,Ligong_100_000093,Ligong_100_000094,93,94,1,True,-0.0002080833333195642,-8.611111113054903e-07,0.0002080851150796877,UNVERIFIED,False
Ligong__100,q_001825,q_001826,Ligong_100_000094,Ligong_100_000095,94,95,1,True,-0.00020883333333188148,5.833333318605582e-07,0.00020883414804164757,UNVERIFIED,False
Ligong__100,q_001826,q_001827,Ligong_100_000095,Ligong_100_000096,95,96,1,True,-0.00020702777777614756,-1.7222222226109807e-06,0.00020703494106144016,UNVERIFIED,False
Ligong__100,q_001827,q_001828,Ligong_100_000096,Ligong_100_000097,96,97,1,True,-0.00020791666666752917,2.3888888911471895e-06,0.00020793038995844422,UNVERIFIED,False
Ligong__100,q_001828,q_001829,Ligong_100_000097,Ligong_100_000098,97,98,1,True,-0.00020727777777551637,-1.944444463219952e-07,0.00020727786897833315,UNVERIFIED,False
Ligong__100,q_001829,q_001830,Ligong_100_000098,Ligong_100_000099,98,99,1,True,-0.00020722222224378584,-1.1666666672738302e-06,0.0002072255064000701,UNVERIFIED,False
Ligong__100,q_001830,q_001831,Ligong_100_000099,Ligong_100_000100,99,100,1,True,-0.000208333333318933,2.7777783628835095e-08,0.00020833333517078563,UNVERIFIED,False
Ligong__100,q_001831,q_001832,Ligong_100_000100,Ligong_100_000101,100,101,1,True,-0.0002093055555576484,-8.055555582586749e-07,0.00020930710572518384,UNVERIFIED,False
Ligong__100,q_001832,q_001833,Ligong_100_000101,Ligong_100_000102,101,102,1,True,-1.0749999987069714e-05,-0.00017936111111183095,0.0001796829727019023,UNVERIFIED,False
Ligong__100,q_001833,q_001834,Ligong_100_000102,Ligong_100_000103,102,103,1,True,0.00020438888888918427,-5.916666665939374e-06,0.00020447450903667957,UNVERIFIED,False
Ligong__100,q_001834,q_001835,Ligong_100_000103,Ligong_100_000104,103,104,1,True,0.0002086944444386063,3.555555554868306e-06,0.00020872473048214073,UNVERIFIED,False
Ligong__100,q_001835,q_001836,Ligong_100_000104,Ligong_100_000105,104,105,1,True,0.0002064166666713163,-1.6944444496402866e-06,0.0002064236212784046,UNVERIFIED,False
Ligong__100,q_001836,q_001837,Ligong_100_000105,Ligong_100_000106,105,106,1,True,0.00020744444444176224,1.94444444190367e-06,0.00020745355719760275,UNVERIFIED,False
Ligong__100,q_001837,q_001838,Ligong_100_000106,Ligong_100_000107,106,107,1,True,0.0002112777777796282,-1.444444439613335e-06,0.00021128271534424456,UNVERIFIED,False
Ligong__100,q_001838,q_001839,Ligong_100_000107,Ligong_100_000108,107,108,1,True,0.00020602777777867232,5.00000002290335e-07,0.0002060283844920895,UNVERIFIED,False
Ligong__100,q_001839,q_001840,Ligong_100_000108,Ligong_100_000109,108,109,1,True,0.000212861111108964,2.083333331626136e-06,0.00021287130595811494,UNVERIFIED,False
Ligong__100,q_001840,q_001841,Ligong_100_000109,Ligong_100_000110,109,110,1,True,0.00020572222221915126,-8.333333667565057e-08,0.00020572223909735878,UNVERIFIED,False
Ligong__100,q_001841,q_001842,Ligong_100_000110,Ligong_100_000111,110,111,1,True,0.0002070833333362998,-1.7777777685523688e-06,0.0002070909641666372,UNVERIFIED,False
Ligong__100,q_001842,q_001843,Ligong_100_000111,Ligong_100_000112,111,112,1,True,0.00020836111110611455,-3.6111111612058266e-07,0.00020836142402712838,UNVERIFIED,False
Ligong__100,q_001843,q_001844,Ligong_100_000112,Ligong_100_000113,112,113,1,True,0.00020786111109316607,-8.055555547059612e-07,0.0002078626720328526,UNVERIFIED,False
Ligong__100,q_001844,q_001845,Ligong_100_000113,Ligong_100_000114,113,114,1,True,0.000204166666676997,7.500000016591457e-07,0.00020416804422337617,UNVERIFIED,False
Ligong__100,q_001845,q_001846,Ligong_100_000114,Ligong_100_000115,114,115,1,True,0.0002090277777853089,-3.000000003083869e-06,0.0002090493049160484,UNVERIFIED,False
Ligong__100,q_001846,q_001847,Ligong_100_000115,Ligong_100_000116,115,116,1,True,0.00020750000000191449,3.0555555596833983e-07,0.0002075002249757631,UNVERIFIED,False
Ligong__100,q_001847,q_001848,Ligong_100_000116,Ligong_100_000117,116,117,1,True,0.0002061111110975844,-2.166666664749073e-06,0.00020612249892313289,UNVERIFIED,False
Ligong__100,q_001848,q_001849,Ligong_100_000117,Ligong_100_000118,117,118,1,True,0.00020608333336724627,1.111111110674301e-06,0.0002060863286578123,UNVERIFIED,False
Ligong__100,q_001849,q_001850,Ligong_100_000118,Ligong_100_000119,118,119,1,True,8.83333331103131e-06,-0.00017449999999996635,0.0001747234322504341,UNVERIFIED,False
Ligong__100,q_001850,q_001851,Ligong_100_000119,Ligong_100_000120,119,120,1,True,-0.00020488888887371104,-4.444444446249918e-06,0.00020493708759114276,UNVERIFIED,False
Ligong__100,q_001851,q_001852,Ligong_100_000120,Ligong_100_000121,120,121,1,True,-0.00020558333334008694,-1.1666666637211165e-06,0.00020558664367688272,UNVERIFIED,False
Ligong__100,q_001852,q_001853,Ligong_100_000121,Ligong_100_000122,121,122,1,True,-0.00020766666666816036,-9.722222245045486e-07,0.000207668942456783,UNVERIFIED,False
Ligong__100,q_001853,q_001854,Ligong_100_000122,Ligong_100_000123,122,123,1,True,-0.00020786111112158778,6.111111119366797e-07,0.00020786200945216565,UNVERIFIED,False
Ligong__100,q_001854,q_001855,Ligong_100_000123,Ligong_100_000124,123,124,1,True,-0.00020891666667921527,-8.055555547059612e-07,0.00020891821973228198,UNVERIFIED,False
Ligong__100,q_001855,q_001856,Ligong_100_000124,Ligong_100_000125,124,125,1,True,-0.00020569444443196971,-2.1666666683017866e-06,0.00020570585532412103,UNVERIFIED,False
Ligong__100,q_001856,q_001857,Ligong_100_000125,Ligong_100_000126,125,126,1,True,-0.0002080000000006521,1.0555555576274855e-06,0.0002080026783428678,UNVERIFIED,False
Ligong__100,q_001857,q_001858,Ligong_100_000126,Ligong_100_000127,126,127,1,True,-0.0002071388888822412,-1.3888888972246605e-07,0.0002071389354454955,UNVERIFIED,False
Ligong__100,q_001858,q_001859,Ligong_100_000127,Ligong_100_000128,127,128,1,True,-0.00020805555556080435,-1.944444463219952e-07,0.0002080556464226762,UNVERIFIED,False
Ligong__100,q_001859,q_001860,Ligong_100_000128,Ligong_100_000129,128,129,1,True,-0.00020691666665584307,-5.555555553371505e-07,0.00020691741246676255,UNVERIFIED,False
Ligong__100,q_001860,q_001861,Ligong_100_000129,Ligong_100_000130,129,130,1,True,-0.00020694444445723548,4.1666666916739814e-07,0.00020694486391990263,UNVERIFIED,False
Ligong__100,q_001861,q_001862,Ligong_100_000130,Ligong_100_000131,130,131,1,True,-0.00020858333333251267,-3.3333333604446125e-07,0.00020858359967939716,UNVERIFIED,False
Ligong__100,q_001862,q_001863,Ligong_100_000131,Ligong_100_000132,131,132,1,True,-0.00020899999999812735,-1.0555555540747719e-06,0.00020900266552545442,UNVERIFIED,False
Ligong__100,q_001863,q_001864,Ligong_100_000132,Ligong_100_000133,132,133,1,True,-0.0002086944444386063,1.0833333341508933e-06,0.0002086972562125612,UNVERIFIED,False
Ligong__100,q_001864,q_001865,Ligong_100_000133,Ligong_100_000134,133,134,1,True,-0.00020700000000317686,-1.30555556054901e-06,0.00020700411705238352,UNVERIFIED,False
Ligong__100,q_001865,q_001866,Ligong_100_000134,Ligong_100_000135,134,135,1,True,-0.00020722222221536413,-2.777777297069406e-08,0.00020722222407714482,UNVERIFIED,False
Ligong__100,q_001866,q_001867,Ligong_100_000135,Ligong_100_000136,135,136,1,True,-8.527777779931967e-06,-0.00017511111111900846,0.0001753186362917463,UNVERIFIED,False
Ligong__100,q_001867,q_001868,Ligong_100_000136,Ligong_100_000137,136,137,1,True,0.00020877777775751838,-5.722222216064665e-06,0.00020885618092950412,UNVERIFIED,False
Ligong__100,q_001868,q_001869,Ligong_100_000137,Ligong_100_000138,137,138,1,True,0.00020719444444239343,-1.6388888894880438e-06,0.00020720092607076868,UNVERIFIED,False
Ligong__100,q_001869,q_001870,Ligong_100_000138,Ligong_100_000139,138,139,1,True,0.00020697222224441703,-2.2222221573997558e-07,0.00020697234154230733,UNVERIFIED,False
Ligong__100,q_001870,q_001871,Ligong_100_000139,Ligong_100_000140,139,140,1,True,0.0002081111111209566,1.38888879064325e-07,0.0002081111574666766,UNVERIFIED,False
Ligong__100,q_001871,q_001872,Ligong_100_000140,Ligong_100_000141,140,141,1,True,0.00020627777774961942,7.500000016591457e-07,0.00020627914119785324,UNVERIFIED,False
Ligong__100,q_001872,q_001873,Ligong_100_000141,Ligong_100_000142,141,142,1,True,0.00020797222224189227,-6.694444440569214e-06,0.00020807993851065725,UNVERIFIED,False
Ligong__100,q_001873,q_001874,Ligong_100_000142,Ligong_100_000143,142,143,1,True,0.00020902777777109804,3.7499999976375875e-06,0.00020906141293865264,UNVERIFIED,False
Ligong__100,q_001874,q_001875,Ligong_100_000143,Ligong_100_000144,143,144,1,True,0.00020505555555416777,-5.222222224432471e-06,0.00020512204286372965,UNVERIFIED,False
Ligong__100,q_001875,q_001876,Ligong_100_000144,Ligong_100_000145,144,145,1,True,0.0002096666666773217,-2.9444444393789126e-06,0.00020968734074482348,UNVERIFIED,False
Ligong__100,q_001876,q_001877,Ligong_100_000145,Ligong_100_000146,145,146,1,True,0.00020905555554406874,4.472222219220612e-06,0.00020910338609266303,UNVERIFIED,False
Ligong__100,q_001877,q_001878,Ligong_100_000146,Ligong_100_000147,146,147,1,True,0.00020705555557753996,-1.2499999932913397e-06,0.00020705932868505823,UNVERIFIED,False
Ligong__100,q_001878,q_001879,Ligong_100_000147,Ligong_100_000148,147,148,1,True,0.00020936111107516808,-2.7777778655035945e-07,0.00020936129535118847,UNVERIFIED,False
Ligong__100,q_001879,q_001880,Ligong_100_000148,Ligong_100_000149,148,149,1,True,0.0002084722222406299,1.805555562839345e-06,0.00020848004095557222,UNVERIFIED,False
Ligong__100,q_001880,q_001881,Ligong_100_000149,Ligong_100_000150,149,150,1,True,0.00020822222222705022,2.2222221929268926e-07,0.00020822234080877547,UNVERIFIED,False
Ligong__100,q_001881,q_001882,Ligong_100_000150,Ligong_100_000151,150,151,1,True,0.00020511111110010916,-4.388888889650389e-06,0.0002051580616071594,UNVERIFIED,False
Ligong__100,q_001882,q_001883,Ligong_100_000151,Ligong_100_000152,151,152,1,True,0.00020586111111242644,-1.3611111100431117e-06,0.00020586561075589256,UNVERIFIED,False
Ligong__100,q_001883,q_001884,Ligong_100_000152,Ligong_100_000153,152,153,1,True,1.3388888888243855e-05,-0.0001733333333255871,0.00017384966720537838,UNVERIFIED,False
Ligong__100,q_001884,q_001885,Ligong_100_000153,Ligong_100_000154,153,154,1,True,-0.0002009999999899037,-4.2499999999279225e-06,0.0002010449265610567,UNVERIFIED,False
Ligong__100,q_001885,q_001886,Ligong_100_000154,Ligong_100_000155,154,155,1,True,-0.0002080000000006521,4.722222115560726e-07,0.00020800053604279093,UNVERIFIED,False
Ligong__100,q_001886,q_001887,Ligong_100_000155,Ligong_100_000156,155,156,1,True,-0.00020652777777740994,2.4999999972408204e-06,0.00020654290835964674,UNVERIFIED,False
Ligong__100,q_001887,q_001888,Ligong_100_000156,Ligong_100_000157,156,157,1,True,-0.00020977777779762619,8.055555618113885e-07,0.0002097793244756818,UNVERIFIED,False
Ligong__100,q_001888,q_001889,Ligong_100_000157,Ligong_100_000158,157,158,1,True,-0.00020722222220115327,3.611111090151553e-07,0.00020722253684195933,UNVERIFIED,False
Ligong__100,q_001889,q_001890,Ligong_100_000158,Ligong_100_000159,158,159,1,True,-0.00020666666667068512,8.333333312293689e-08,0.00020666668347175962,UNVERIFIED,False
Ligong__100,q_001890,q_001891,Ligong_100_000159,Ligong_100_000160,159,160,1,True,-0.00020697222223020617,-7.222222215830243e-07,0.0002069734823107714,UNVERIFIED,False
Ligong__100,q_001891,q_001892,Ligong_100_000160,Ligong_100_000161,160,161,1,True,-0.00020469444443449447,-1.0416666661683394e-05,0.00020495931919941327,UNVERIFIED,False
Ligong__100,q_001892,q_001893,Ligong_100_000161,Ligong_100_000162,161,162,1,True,-0.0002121388888980391,1.2305555550540248e-05,0.00021249549378822604,UNVERIFIED,False
Ligong__100,q_001893,q_001894,Ligong_100_000162,Ligong_100_000163,162,163,1,True,-0.00020788888888034762,2.499999993688107e-07,0.00020788903920097664,UNVERIFIED,False
Ligong__100,q_001894,q_001895,Ligong_100_000163,Ligong_100_000164,163,164,1,True,-0.00020844444443923749,-1.1111110964634463e-07,0.0002084444740530702,UNVERIFIED,False
Ligong__100,q_001895,q_001896,Ligong_100_000164,Ligong_100_000165,164,165,1,True,-0.00020708333332208895,7.49999998106432e-07,0.00020708469146652186,UNVERIFIED,False
Ligong__100,q_001896,q_001897,Ligong_100_000165,Ligong_100_000166,165,166,1,True,-0.00020880555555891078,6.388888884600874e-07,0.00020880653297077937,UNVERIFIED,False
Ligong__100,q_001897,q_001898,Ligong_100_000166,Ligong_100_000167,166,167,1,True,-0.00020766666668237121,3.0555555241562615e-07,0.0002076668914756579,UNVERIFIED,False
Ligong__100,q_001898,q_001899,Ligong_100_000167,Ligong_100_000168,167,168,1,True,-0.00021019444443481916,8.333333667565057e-08,0.0002101944609539159,UNVERIFIED,False
Ligong__100,q_001899,q_001900,Ligong_100_000168,Ligong_100_000169,168,169,1,True,-0.00020658333332335133,-1.6666666624587378e-07,0.00020658340055475057,UNVERIFIED,False
Ligong__100,q_001900,q_001901,Ligong_100_000169,Ligong_100_000170,169,170,1,True,-7.0555555566897965e-06,-0.0001812777777772112,0.00018141503129580388,UNVERIFIED,False
Ligong__100,q_001901,q_001902,Ligong_100_000170,Ligong_100_000171,170,171,1,True,0.00021022222220778986,3.888888890912767e-07,0.00021022258190915038,UNVERIFIED,False
Ligong__100,q_001902,q_001903,Ligong_100_000171,Ligong_100_000172,171,172,1,True,0.00021516666666343554,-3.61111112567869e-07,0.00021516696968700748,UNVERIFIED,False
Ligong__100,q_001903,q_001904,Ligong_100_000172,Ligong_100_000173,172,173,1,True,0.00020194444444143755,-2.9999999995311555e-06,0.0002019667265684079,UNVERIFIED,False
Ligong__100,q_001904,q_001905,Ligong_100_000173,Ligong_100_000174,173,174,1,True,0.0002065555555645915,-1.7777777756577962e-06,0.00020656320589208685,UNVERIFIED,False
Ligong__100,q_001905,q_001906,Ligong_100_000174,Ligong_100_000175,174,175,1,True,0.0002074166666545807,-6.111111119366797e-07,0.00020741756691005847,UNVERIFIED,False
Ligong__100,q_001906,q_001907,Ligong_100_000175,Ligong_100_000176,175,176,1,True,0.000209638888904351,1.999999998503199e-06,0.0002096484289019234,UNVERIFIED,False
Ligong__100,q_001907,q_001908,Ligong_100_000176,Ligong_100_000177,176,177,1,True,0.00020744444444176224,-8.611111113054903e-07,0.00020744623168931605,UNVERIFIED,False
Ligong__100,q_001908,q_001909,Ligong_100_000177,Ligong_100_000178,177,178,1,True,0.0002070555555633291,-1.1666666672738302e-06,0.00020705884236311037,UNVERIFIED,False
Ligong__100,q_001909,q_001910,Ligong_100_000178,Ligong_100_000179,178,179,1,True,0.00021069444443355678,-2.4444444406412913e-06,0.0002107086239900696,UNVERIFIED,False
Ligong__100,q_001910,q_001911,Ligong_100_000179,Ligong_100_000180,179,180,1,True,0.00020691666665584307,1.333333333519704e-06,0.00020692096248989264,UNVERIFIED,False
Ligong__100,q_001911,q_001912,Ligong_100_000180,Ligong_100_000181,180,181,1,True,0.00020663888889771442,-3.111111112730214e-06,0.0002066623076839067,UNVERIFIED,False
Ligong__100,q_001912,q_001913,Ligong_100_000181,Ligong_100_000182,181,182,1,True,0.00020977777776920448,9.722222173991213e-07,0.00020978003065550766,UNVERIFIED,False
Ligong__100,q_001913,q_001914,Ligong_100_000182,Ligong_100_000183,182,183,1,True,0.0002061666666719475,-2.7222222165335097e-06,0.00020618463798357552,UNVERIFIED,False
Ligong__100,q_001914,q_001915,Ligong_100_000183,Ligong_100_000184,183,184,1,True,0.00020625000000507043,-3.166666669329743e-06,0.00020627430833694777,UNVERIFIED,False
Ligong__100,q_001915,q_001916,Ligong_100_000184,Ligong_100_000185,184,185,1,True,0.00020722222221536413,1.0277777811040778e-06,0.00020722477097837768,UNVERIFIED,False
Ligong__100,q_001916,q_001917,Ligong_100_000185,Ligong_100_000186,185,186,1,True,0.00021002777778278414,2.4722222207174127e-06,0.0002100423274558801,UNVERIFIED,False
Ligong__100,q_001917,q_001918,Ligong_100_000186,Ligong_100_000187,186,187,1,True,2.111111115254971e-06,-0.00017758333333262044,0.00017759588133643621,UNVERIFIED,False
Ligong__100,q_001918,q_001919,Ligong_100_000187,Ligong_100_000188,187,188,1,True,-0.00020636111111116406,-2.8333333332852817e-06,0.00020638056099548646,UNVERIFIED,False
Ligong__100,q_001919,q_001920,Ligong_100_000188,Ligong_100_000189,188,189,1,True,-0.00020466666667573463,1.4722222196894563e-06,0.00020467196165185992,UNVERIFIED,False
Ligong__100,q_001920,q_001921,Ligong_100_000189,Ligong_100_000190,189,190,1,True,-0.00021172222220400272,7.500000002380602e-06,0.00021185501970696094,UNVERIFIED,False
Ligong__100,q_001921,q_001922,Ligong_100_000190,Ligong_100_000191,190,191,1,True,-0.00020177777778940253,-5.250000000955879e-06,0.000201846065380625,UNVERIFIED,False
Ligong__100,q_001922,q_001923,Ligong_100_000191,Ligong_100_000192,191,192,1,True,-0.0002076944444553419,1.1666666672738302e-06,0.00020769772114475794,UNVERIFIED,False
Ligong__100,q_001923,q_001924,Ligong_100_000192,Ligong_100_000193,192,193,1,True,-0.00020783333332019538,-6.944444415069029e-07,0.00020783449350881528,UNVERIFIED,False
Ligong__100,q_001924,q_001925,Ligong_100_000193,Ligong_100_000194,193,194,1,True,-0.00020830555556017316,-1.30555556054901e-06,0.00020830964680627266,UNVERIFIED,False
Ligong__100,q_001925,q_001926,Ligong_100_000194,Ligong_100_000195,194,195,1,True,-0.00020844444445344834,2.1666666683017866e-06,0.00020845570481029834,UNVERIFIED,False
Ligong__100,q_001926,q_001927,Ligong_100_000195,Ligong_100_000196,195,196,1,True,-0.00020672222223083736,5.833333318605582e-07,0.00020672304526063795,UNVERIFIED,False
Ligong__100,q_001927,q_001928,Ligong_100_000196,Ligong_100_000197,196,197,1,True,-0.00021080555555386127,9.166666679050195e-07,0.00021080754856065315,UNVERIFIED,False
Ligong__100,q_001928,q_001929,Ligong_100_000197,Ligong_100_000198,197,198,1,True,-0.00020622222220367803,-3.0555555596833983e-07,0.00020622244857149025,UNVERIFIED,False
Ligong__100,q_001929,q_001930,Ligong_100_000198,Ligong_100_000199,198,199,1,True,-0.00020969444443608154,-4.999999987376214e-07,0.0002096950405406757,UNVERIFIED,False
Ligong__80,q_001931,q_001932,Ligong_80_000000,Ligong_80_000001,0,1,1,True,0.00021247222223053086,4.388888889650389e-06,0.00021251754648796836,UNVERIFIED,False
Ligong__80,q_001932,q_001933,Ligong_80_000001,Ligong_80_000002,1,2,1,True,0.00020661111111053287,5.555556015224283e-08,0.00020661111857968637,UNVERIFIED,False
Ligong__80,q_001933,q_001934,Ligong_80_000002,Ligong_80_000003,2,3,1,True,0.00019888888888885958,-3.666666671620078e-06,0.0001989226849002544,UNVERIFIED,False
Ligong__80,q_001934,q_001935,Ligong_80_000003,Ligong_80_000004,3,4,1,True,0.00021461111111875653,4.222222223404515e-06,0.0002146526407387784,UNVERIFIED,False
Ligong__80,q_001935,q_001936,Ligong_80_000004,Ligong_80_000005,4,5,1,True,0.00020866666665142475,-8.333333347820826e-07,0.00020866833064905579,UNVERIFIED,False
Ligong__80,q_001936,q_001937,Ligong_80_000005,Ligong_80_000006,5,6,1,True,0.0002141111111200189,8.305555557086564e-06,0.0002142721404153161,UNVERIFIED,False
Ligong__80,q_001937,q_001938,Ligong_80_000006,Ligong_80_000007,6,7,1,True,0.0002018888888812853,-7.083333333213204e-06,0.00020201311112110862,UNVERIFIED,False
Ligong__80,q_001938,q_001939,Ligong_80_000007,Ligong_80_000008,7,8,1,True,0.00020677777780520046,-8.333333312293689e-08,0.00020677779459724697,UNVERIFIED,False
Ligong__80,q_001939,q_001940,Ligong_80_000008,Ligong_80_000009,8,9,1,True,0.00020791666665331832,4.444444421380922e-07,0.0002079171416768931,UNVERIFIED,False
Ligong__80,q_001940,q_001941,Ligong_80_000009,Ligong_80_000010,9,10,1,True,0.00020655555555038063,-1.2222222203206456e-06,0.0002065591715607957,UNVERIFIED,False
Ligong__80,q_001941,q_001942,Ligong_80_000010,Ligong_80_000011,10,11,1,True,0.00020719444442818258,5.555555553371505e-07,0.00020719518923922512,UNVERIFIED,False
Ligong__80,q_001942,q_001943,Ligong_80_000011,Ligong_80_000012,11,12,1,True,0.00020819444446829038,1.9444444276928152e-07,0.00020819453526954395,UNVERIFIED,False
Ligong__80,q_001943,q_001944,Ligong_80_000012,Ligong_80_000013,12,13,1,True,0.0002051666666602614,-1.2777777769201748e-06,0.0002051706456209806,UNVERIFIED,False
Ligong__80,q_001944,q_001945,Ligong_80_000013,Ligong_80_000014,13,14,1,True,0.00021008333331451468,1.3055555569962962e-06,0.00021008738994011486,UNVERIFIED,False
Ligong__80,q_001945,q_001946,Ligong_80_000014,Ligong_80_000015,14,15,1,True,0.00020772222224252346,9.72222220951835e-07,0.00020772449742247355,UNVERIFIED,False
Ligong__80,q_001946,q_001947,Ligong_80_000015,Ligong_80_000016,15,16,1,True,0.00020913888887719168,1.111111110674301e-06,0.0002091418404066642,UNVERIFIED,False
Ligong__80,q_001947,q_001948,Ligong_80_000016,Ligong_80_000017,16,17,1,True,9.555555564588758e-06,-0.00017430555555364435,0.0001745672802646949,UNVERIFIED,False
Ligong__80,q_001948,q_001949,Ligong_80_000017,Ligong_80_000018,17,18,1,True,-0.0002112777777796282,-3.3888888850697185e-06,0.0002113049548670672,UNVERIFIED,False
Ligong__80,q_001949,q_001950,Ligong_80_000018,Ligong_80_000019,18,19,1,True,-0.0002084166666662668,1.3055555498908689e-06,0.00020842075573121699,UNVERIFIED,False
Ligong__80,q_001950,q_001951,Ligong_80_000019,Ligong_80_000020,19,20,1,True,-0.00020663888886929271,3.61111112567869e-07,0.00020663920439832205,UNVERIFIED,False
Ligong__80,q_001951,q_001952,Ligong_80_000020,Ligong_80_000021,20,21,1,True,-0.00020822222224126108,2.1111111081495437e-06,0.00020823292397025036,UNVERIFIED,False
Ligong__80,q_001952,q_001953,Ligong_80_000021,Ligong_80_000022,21,22,1,True,-0.0002096944444502924,-2.7777776523407738e-08,0.00020969444629012385,UNVERIFIED,False
Ligong__80,q_001953,q_001954,Ligong_80_000022,Ligong_80_000023,22,23,1,True,-0.00020591666665836783,-1.3888888616975237e-07,0.00020591671349799677,UNVERIFIED,False
Ligong__80,q_001954,q_001955,Ligong_80_000023,Ligong_80_000024,23,24,1,True,-0.00021038888890245744,1.0555555540747719e-06,0.00021039153683344373,UNVERIFIED,False
Ligong__80,q_001955,q_001956,Ligong_80_000024,Ligong_80_000025,24,25,1,True,-0.00020724999998833482,-1.1111110254091727e-07,0.00020725002977283716,UNVERIFIED,False
Ligong__80,q_001956,q_001957,Ligong_80_000025,Ligong_80_000026,25,26,1,True,-0.0002055277777799347,2.055555547997301e-06,0.0002055380566896776,UNVERIFIED,False
Ligong__80,q_001957,q_001958,Ligong_80_000026,Ligong_80_000027,26,27,1,True,-0.0002102222222220007,-6.388888884600874e-07,0.00021022319304721837,UNVERIFIED,False
Ligong__80,q_001958,q_001959,Ligong_80_000027,Ligong_80_000028,27,28,1,True,-0.00020863888887845405,8.888888878288981e-07,0.00020864078238899222,UNVERIFIED,False
Ligong__80,q_001959,q_001960,Ligong_80_000028,Ligong_80_000029,28,29,1,True,-0.0002083611111203254,1.1111110964634463e-07,0.00020836114074600207,UNVERIFIED,False
Ligong__80,q_001960,q_001961,Ligong_80_000029,Ligong_80_000030,29,30,1,True,-0.00020761111110800812,-2.7777776523407738e-08,0.00020761111296630188,UNVERIFIED,False
Ligong__80,q_001961,q_001962,Ligong_80_000030,Ligong_80_000031,30,31,1,True,-0.00020361111108968544,2.3333333309949467e-06,0.00020362448036424736,UNVERIFIED,False
Ligong__80,q_001962,q_001963,Ligong_80_000031,Ligong_80_000032,31,32,1,True,-0.00021216666668522066,-1.999999998503199e-06,0.00021217609302725775,UNVERIFIED,False
Ligong__80,q_001963,q_001964,Ligong_80_000032,Ligong_80_000033,32,33,1,True,-0.00021225000000413274,-2.527777777316942e-06,0.00021226505167418834,UNVERIFIED,False
Ligong__80,q_001964,q_001965,Ligong_80_000033,Ligong_80_000034,33,34,1,True,-1.222222238084214e-06,-0.00017755555555609703,0.0001775597621535733,UNVERIFIED,False
Ligong__80,q_001965,q_001966,Ligong_80_000034,Ligong_80_000035,34,35,1,True,0.00020413888890402632,-6.666666685362088e-07,0.00020413997748461063,UNVERIFIED,False
Ligong__80,q_001966,q_001967,Ligong_80_000035,Ligong_80_000036,35,36,1,True,0.00020680555557817115,-5.5555553046815476e-08,0.00020680556304030002,UNVERIFIED,False
Ligong__80,q_001967,q_001968,Ligong_80_000036,Ligong_80_000037,36,37,1,True,0.00020780555551880298,2.277777781500845e-06,0.00020781803862056873,UNVERIFIED,False
Ligong__80,q_001968,q_001969,Ligong_80_000037,Ligong_80_000038,37,38,1,True,0.0002096666666773217,-5.555556015224283e-08,0.00020966667403762428,UNVERIFIED,False
Ligong__80,q_001969,q_001970,Ligong_80_000038,Ligong_80_000039,38,39,1,True,0.00020977777778341533,-3.3333333249174757e-07,0.0002097780426137553,UNVERIFIED,False
Ligong__80,q_001970,q_001971,Ligong_80_000039,Ligong_80_000040,39,40,1,True,0.00020655555553616978,1.47222222324217e-06,0.00020656080209258078,UNVERIFIED,False
Ligong__80,q_001971,q_001972,Ligong_80_000040,Ligong_80_000041,40,41,1,True,0.00020819444448250124,1.94444444190367e-06,0.00020820352441196796,UNVERIFIED,False
Ligong__80,q_001972,q_001973,Ligong_80_000041,Ligong_80_000042,41,42,1,True,0.00020716666665521188,2.0833333351788497e-06,0.0002071771417189096,UNVERIFIED,False
Ligong__80,q_001973,q_001974,Ligong_80_000042,Ligong_80_000043,42,43,1,True,0.00020638888888413476,4.4444445279623324e-07,0.0002063893674240496,UNVERIFIED,False
Ligong__80,q_001974,q_001975,Ligong_80_000043,Ligong_80_000044,43,44,1,True,0.00021072222222073833,2.055555547997301e-06,0.00021073224776065275,UNVERIFIED,False
Ligong__80,q_001975,q_001976,Ligong_80_000044,Ligong_80_000045,44,45,1,True,0.00020938888887656049,2.4999999972408204e-06,0.00020940381272781735,UNVERIFIED,False
Ligong__80,q_001976,q_001977,Ligong_80_000045,Ligong_80_000046,45,46,1,True,0.00020755555556206673,-4.1666666561468446e-07,0.00020755597378969463,UNVERIFIED,False
Ligong__80,q_001977,q_001978,Ligong_80_000046,Ligong_80_000047,46,47,1,True,0.00021008333334293638,4.722222222142136e-07,0.00021008386406934368,UNVERIFIED,False
Ligong__80,q_001978,q_001979,Ligong_80_000047,Ligong_80_000048,47,48,1,True,0.00020169444444206874,6.388888884600874e-07,0.0002016954563142327,UNVERIFIED,False
Ligong__80,q_001979,q_001980,Ligong_80_000048,Ligong_80_000049,48,49,1,True,0.00021302777777520987,1.7777777792105098e-06,0.00021303519567826454,UNVERIFIED,False
Ligong__80,q_001980,q_001981,Ligong_80_000049,Ligong_80_000050,49,50,1,True,0.00020830555556017316,1.2777777733674611e-06,0.0002083094745643378,UNVERIFIED,False
Ligong__80,q_001981,q_001982,Ligong_80_000050,Ligong_80_000051,50,51,1,True,-1.1111111177797284e-06,-0.0001784722222133439,0.00017847568089150202,UNVERIFIED,False
Ligong__80,q_001982,q_001983,Ligong_80_000051,Ligong_80_000052,51,52,1,True,-0.0002022222221995662,-3.972222227588418e-06,0.00020226123133402523,UNVERIFIED,False
Ligong__80,q_001983,q_001984,Ligong_80_000052,Ligong_80_000053,52,53,1,True,-0.00020980555555638603,1.6666666624587378e-07,0.00020980562175523663,UNVERIFIED,False
Ligong__80,q_001984,q_001985,Ligong_80_000053,Ligong_80_000054,53,54,1,True,-0.0002026944444679657,1.8611111123334467e-06,0.00020270298851459906,UNVERIFIED,False
Ligong__80,q_001985,q_001986,Ligong_80_000054,Ligong_80_000055,54,55,1,True,-0.000207777777774254,-2.2222222284540294e-07,0.00020777789660963362,UNVERIFIED,False
Ligong__80,q_001986,q_001987,Ligong_80_000055,Ligong_80_000056,55,56,1,True,-0.00021038888888824658,-6.666666649834951e-07,0.00021038994513063872,UNVERIFIED,False
Ligong__80,q_001987,q_001988,Ligong_80_000056,Ligong_80_000057,56,57,1,True,-0.00020833333333314386,1.999999998503199e-06,0.00020834293311195568,UNVERIFIED,False
Ligong__80,q_001988,q_001989,Ligong_80_000057,Ligong_80_000058,57,58,1,True,-0.00020933333334482995,-3.2777777825288013e-06,0.00020935899377970207,UNVERIFIED,False
Ligong__80,q_001989,q_001990,Ligong_80_000058,Ligong_80_000059,58,59,1,True,-0.00020419444443575685,4.7222223287235465e-07,0.00020419499046809306,UNVERIFIED,False
Ligong__80,q_001990,q_001991,Ligong_80_000059,Ligong_80_000060,59,60,1,True,-0.00021013888887466692,-1.3888889327517973e-07,0.00021013893477317403,UNVERIFIED,False
Ligong__80,q_001991,q_001992,Ligong_80_000060,Ligong_80_000061,60,61,1,True,-0.00020541666668805192,2.1944444519306217e-06,0.00020542838786224952,UNVERIFIED,False
Ligong__80,q_001992,q_001993,Ligong_80_000061,Ligong_80_000062,61,62,1,True,-0.00021072222219231662,-2.2777777886062722e-06,0.00021073453252213394,UNVERIFIED,False
Ligong__80,q_001993,q_001994,Ligong_80_000062,Ligong_80_000063,62,63,1,True,-0.00020483333337040222,1.8055555592866313e-06,0.0002048412909803783,UNVERIFIED,False
Ligong__80,q_001994,q_001995,Ligong_80_000063,Ligong_80_000064,63,64,1,True,-0.0002080000000006521,1.999999998503199e-06,0.00020800961516301427,UNVERIFIED,False
Ligong__80,q_001995,q_001996,Ligong_80_000064,Ligong_80_000065,64,65,1,True,-0.00020791666665331832,-8.333333347820826e-07,0.0002079183366532975,UNVERIFIED,False
Ligong__80,q_001996,q_001997,Ligong_80_000065,Ligong_80_000066,65,66,1,True,-0.0002045833333426117,1.916666668932976e-06,0.00020459231142126033,UNVERIFIED,False
Ligong__80,q_001997,q_001998,Ligong_80_000066,Ligong_80_000067,66,67,1,True,-0.00021377777775910545,-2.444444444194005e-06,0.0002137917528162914,UNVERIFIED,False
Ligong__80,q_001998,q_001999,Ligong_80_000067,Ligong_80_000068,67,68,1,True,-5.4444444543833015e-06,-0.00017794444444874102,0.00017802771493671411,UNVERIFIED,False
Ligong__80,q_001999,q_002000,Ligong_80_000068,Ligong_80_000069,68,69,1,True,0.00020697222223020617,-2.694444440010102e-06,0.00020698976014709073,UNVERIFIED,False
Ligong__80,q_002000,q_002001,Ligong_80_000069,Ligong_80_000070,69,70,1,True,0.0002077500000012833,5.833333354132719e-07,0.00020775081895942893,UNVERIFIED,False
Ligong__80,q_002001,q_002002,Ligong_80_000070,Ligong_80_000071,70,71,1,True,0.00020594444444554938,1.583333329335801e-06,0.00020595053081363436,UNVERIFIED,False
Ligong__80,q_002002,q_002003,Ligong_80_000071,Ligong_80_000072,71,72,1,True,0.00020733333332145776,1.944444463219952e-07,0.00020733342449983652,UNVERIFIED,False
Ligong__80,q_002003,q_002004,Ligong_80_000072,Ligong_80_000073,72,73,1,True,0.00020727777778972722,2.2222221929268926e-07,0.0002072778969117602,UNVERIFIED,False
Ligong__80,q_002004,q_002005,Ligong_80_000073,Ligong_80_000074,73,74,1,True,0.0002078333333486171,1.1111110964634463e-07,0.000207833363049526,UNVERIFIED,False
Ligong__80,q_002005,q_002006,Ligong_80_000074,Ligong_80_000075,74,75,1,True,0.00020816666665268713,1.3888889327517973e-07,0.00020816671298604789,UNVERIFIED,False
Ligong__80,q_002006,q_002007,Ligong_80_000075,Ligong_80_000076,75,76,1,True,0.00020761111110800812,7.222222215830243e-07,0.00020761236731090717,UNVERIFIED,False
Ligong__80,q_002007,q_002008,Ligong_80_000076,Ligong_80_000077,76,77,1,True,0.00020858333333251267,-2.277777777948131e-06,0.00020859576988929522,UNVERIFIED,False
Ligong__80,q_002008,q_002009,Ligong_80_000077,Ligong_80_000078,77,78,1,True,0.00020616666665773664,1.4444444431660486e-06,0.0002061717266273717,UNVERIFIED,False
Ligong__80,q_002009,q_002010,Ligong_80_000078,Ligong_80_000079,78,79,1,True,0.00020913888889140253,-9.72222220951835e-07,0.00020914114865988788,UNVERIFIED,False
Ligong__80,q_002010,q_002011,Ligong_80_000079,Ligong_80_000080,79,80,1,True,0.00020783333333440623,7.777777781825534e-07,0.00020783478867399138,UNVERIFIED,False
Ligong__80,q_002011,q_002012,Ligong_80_000080,Ligong_80_000081,80,81,1,True,0.00020744444444176224,-1.1111111071215873e-06,0.00020744742007950775,UNVERIFIED,False
Ligong__80,q_002012,q_002013,Ligong_80_000081,Ligong_80_000082,81,82,1,True,0.00020738888889582086,6.944444379541892e-07,0.00020739005157075527,UNVERIFIED,False
Ligong__80,q_002013,q_002014,Ligong_80_000082,Ligong_80_000083,82,83,1,True,0.00020980555555638603,1.1944444509026653e-06,0.0002098089555759479,UNVERIFIED,False
Ligong__80,q_002014,q_002015,Ligong_80_000083,Ligong_80_000084,83,84,1,True,0.0002096111111029586,-1.30555556054901e-06,0.00020961517686736935,UNVERIFIED,False
Ligong__80,q_002015,q_002016,Ligong_80_000084,Ligong_80_000085,84,85,1,True,-3.3888888992805732e-06,-0.00017438888889032,0.00017442181382032479,UNVERIFIED,False
Ligong__80,q_002016,q_002017,Ligong_80_000085,Ligong_80_000086,85,86,1,True,-0.00020502777775277536,-2.9166666699609323e-06,0.0002050485225372402,UNVERIFIED,False
Ligong__80,q_002017,q_002018,Ligong_80_000086,Ligong_80_000087,86,87,1,True,-0.00020750000000191449,-2.1944444412724806e-06,0.00020751160350014248,UNVERIFIED,False
Ligong__80,q_002018,q_002019,Ligong_80_000087,Ligong_80_000088,87,88,1,True,-0.00020616666668615835,2.583333333916471e-06,0.00020618285104148607,UNVERIFIED,False
Ligong__80,q_002019,q_002020,Ligong_80_000088,Ligong_80_000089,88,89,1,True,-0.00020847222221220818,-4.999999987376214e-07,0.0002084728218116094,UNVERIFIED,False
Ligong__80,q_002020,q_002021,Ligong_80_000089,Ligong_80_000090,89,90,1,True,-0.00020797222222768141,1.3888888972246605e-07,0.00020797226860435936,UNVERIFIED,False
Ligong__80,q_002021,q_002022,Ligong_80_000090,Ligong_80_000091,90,91,1,True,-0.0002085833333183018,-1.333333333519704e-06,0.00020858759482757374,UNVERIFIED,False
Ligong__80,q_002022,q_002023,Ligong_80_000091,Ligong_80_000092,91,92,1,True,-0.00020688888889708323,3.3333333249174757e-07,0.00020688915742537163,UNVERIFIED,False
Ligong__80,q_002023,q_002024,Ligong_80_000092,Ligong_80_000093,92,93,1,True,-0.00020791666666752917,1.1111110964634463e-07,0.00020791669635653392,UNVERIFIED,False
Ligong__80,q_002024,q_002025,Ligong_80_000093,Ligong_80_000094,93,94,1,True,-0.00021019444444903002,-6.666666614307815e-07,0.00021019550166850344,UNVERIFIED,False
Ligong__80,q_002025,q_002026,Ligong_80_000094,Ligong_80_000095,94,95,1,True,-0.00020963888886171844,-1.6666666695641652e-06,0.00020964551390612529,UNVERIFIED,False
Ligong__80,q_002026,q_002027,Ligong_80_000095,Ligong_80_000096,95,96,1,True,-0.00019866666667667232,3.8055555542371167e-06,0.00019870311195725247,UNVERIFIED,False
Ligong__80,q_002027,q_002028,Ligong_80_000096,Ligong_80_000097,96,97,1,True,-0.0002110000000072887,-3.249999998899966e-06,0.0002110250281437457,UNVERIFIED,False
Ligong__80,q_002028,q_002029,Ligong_80_000097,Ligong_80_000098,97,98,1,True,-0.00021091666667416575,-1.944444463219952e-07,0.0002109167563034854,UNVERIFIED,False
Ligong__80,q_002029,q_002030,Ligong_80_000098,Ligong_80_000099,98,99,1,True,-0.00020991666666247966,-3.0555555596833983e-07,0.00020991688904631848,UNVERIFIED,False
Ligong__80,q_002030,q_002031,Ligong_80_000099,Ligong_80_000100,99,100,1,True,-0.00020386111111747596,1.6666667690401482e-07,0.00020386117924664585,UNVERIFIED,False
Ligong__80,q_002031,q_002032,Ligong_80_000100,Ligong_80_000101,100,101,1,True,-0.00020663888888350357,6.666666578780678e-07,0.00020663996429403885,UNVERIFIED,False
Ligong__80,q_002032,q_002033,Ligong_80_000101,Ligong_80_000102,101,102,1,True,-1.0166666655209156e-05,-0.0001790555555558626,0.00017934395190888583,UNVERIFIED,False
Ligong__80,q_002033,q_002034,Ligong_80_000102,Ligong_80_000103,102,103,1,True,0.00020652777774898823,-1.6388888930407575e-06,0.0002065342802992743,UNVERIFIED,False
Ligong__80,q_002034,q_002035,Ligong_80_000103,Ligong_80_000104,103,104,1,True,0.00020769444446955276,1.2222222309787867e-06,0.0002076980406520438,UNVERIFIED,False
Ligong__80,q_002035,q_002036,Ligong_80_000104,Ligong_80_000105,104,105,1,True,0.00020677777777677875,-2.2222222284540294e-06,0.00020678971844348434,UNVERIFIED,False
Ligong__80,q_002036,q_002037,Ligong_80_000105,Ligong_80_000106,105,106,1,True,0.00020719444444239343,-2.1666666683017866e-06,0.0002072057727290521,UNVERIFIED,False
Ligong__80,q_002037,q_002038,Ligong_80_000106,Ligong_80_000107,106,107,1,True,0.0002081111111209566,1.5555555599178206e-06,0.00020811692464837918,UNVERIFIED,False
Ligong__80,q_002038,q_002039,Ligong_80_000107,Ligong_80_000108,107,108,1,True,0.00020844444443923749,2.777777758922184e-07,0.0002084446295256252,UNVERIFIED,False
Ligong__80,q_002039,q_002040,Ligong_80_000108,Ligong_80_000109,108,109,1,True,0.0002082777777729916,1.1111111319905831e-07,0.0002082778074105236,UNVERIFIED,False
Ligong__80,q_002040,q_002041,Ligong_80_000109,Ligong_80_000110,109,110,1,True,0.00020894444442376425,-1.916666668932976e-06,0.00020895323511895025,UNVERIFIED,False
Ligong__80,q_002041,q_002042,Ligong_80_000110,Ligong_80_000111,110,111,1,True,0.00020763888892361138,2.388888887594476e-06,0.00020765263057218682,UNVERIFIED,False
Ligong__80,q_002042,q_002043,Ligong_80_000111,Ligong_80_000112,111,112,1,True,0.0002077500000012833,-2.2222221929268926e-07,0.00020775011885254834,UNVERIFIED,False
Ligong__80,q_002043,q_002044,Ligong_80_000112,Ligong_80_000113,112,113,1,True,0.0002073055555342762,-7.777777781825534e-07,0.00020730701457897442,UNVERIFIED,False
Ligong__80,q_002044,q_002045,Ligong_80_000113,Ligong_80_000114,113,114,1,True,0.00020977777778341533,1.1666666672738302e-06,0.00020978102193206256,UNVERIFIED,False
Ligong__80,q_002045,q_002046,Ligong_80_000114,Ligong_80_000115,114,115,1,True,0.00020644444443007615,-3.3333333249174757e-07,0.0002064447135364656,UNVERIFIED,False
Ligong__80,q_002046,q_002047,Ligong_80_000115,Ligong_80_000116,115,116,1,True,0.0002083333333473547,-5.277777788137428e-07,0.00020833400186480322,UNVERIFIED,False
Ligong__80,q_002047,q_002048,Ligong_80_000116,Ligong_80_000117,116,117,1,True,0.00020750000000191449,-1.1111110964634463e-07,0.0002075000297505357,UNVERIFIED,False
Ligong__80,q_002048,q_002049,Ligong_80_000117,Ligong_80_000118,117,118,1,True,0.00020874999999875854,-4.7222221866149994e-07,0.00020875053411501847,UNVERIFIED,False
Ligong__80,q_002049,q_002050,Ligong_80_000118,Ligong_80_000119,118,119,1,True,7.722222221673292e-06,-0.0001750277777823328,0.00017519804711086986,UNVERIFIED,False
Ligong__80,q_002050,q_002051,Ligong_80_000119,Ligong_80_000120,119,120,1,True,-0.0002062222222463106,-4.805555555265073e-06,0.00020627820610137528,UNVERIFIED,False
Ligong__80,q_002051,q_002052,Ligong_80_000120,Ligong_80_000121,120,121,1,True,-0.00020963888886171844,-8.611111113054903e-07,0.0002096406574009964,UNVERIFIED,False
Ligong__80,q_002052,q_002053,Ligong_80_000121,Ligong_80_000122,121,122,1,True,-0.00020466666667573463,-1.3055555569962962e-06,0.00020467083066101206,UNVERIFIED,False
Ligong__80,q_002053,q_002054,Ligong_80_000122,Ligong_80_000123,122,123,1,True,-0.00020655555553616978,2.6944444435628156e-06,0.00020657312882782012,UNVERIFIED,False
Ligong__80,q_002054,q_002055,Ligong_80_000123,Ligong_80_000124,123,124,1,True,-0.00020908333334546114,-4.1666666561468446e-07,0.00020908374851709414,UNVERIFIED,False
Ligong__80,q_002055,q_002056,Ligong_80_000124,Ligong_80_000125,124,125,1,True,-0.00020697222221599532,-3.0555555596833983e-07,0.0002069724477635251,UNVERIFIED,False
Ligong__80,q_002056,q_002057,Ligong_80_000125,Ligong_80_000126,125,126,1,True,-0.00020886111111906303,2.499999993688107e-07,0.00020886126073996891,UNVERIFIED,False
Ligong__80,q_002057,q_002058,Ligong_80_000126,Ligong_80_000127,126,127,1,True,-0.0002048055555690098,8.611111113054903e-07,0.0002048073658447781,UNVERIFIED,False
Ligong__80,q_002058,q_002059,Ligong_80_000127,Ligong_80_000128,127,128,1,True,-0.00021166666665806133,8.055555618113885e-07,0.00021166819953384123,UNVERIFIED,False
Ligong__80,q_002059,q_002060,Ligong_80_000128,Ligong_80_000129,128,129,1,True,-0.00020308333333218798,5.833333283078446e-07,0.00020308417110913516,UNVERIFIED,False
Ligong__80,q_002060,q_002061,Ligong_80_000129,Ligong_80_000130,129,130,1,True,-0.00021008333332872553,-2.361111111071068e-06,0.00021009660108670778,UNVERIFIED,False
Ligong__80,q_002061,q_002062,Ligong_80_000130,Ligong_80_000131,130,131,1,True,-0.00020786111110737693,-2.2222222284540294e-07,0.00020786122989511444,UNVERIFIED,False
Ligong__80,q_002062,q_002063,Ligong_80_000131,Ligong_80_000132,131,132,1,True,-0.00020505555556837862,1.0555555576274855e-06,0.00020505827236907964,UNVERIFIED,False
Ligong__80,q_002063,q_002064,Ligong_80_000132,Ligong_80_000133,132,133,1,True,-0.0002099999999956026,-1.611111112964636e-06,0.00021000618009280443,UNVERIFIED,False
Ligong__80,q_002064,q_002065,Ligong_80_000133,Ligong_80_000134,133,134,1,True,-0.0002066944444436558,0.0,0.0002066944444436558,UNVERIFIED,False
Ligong__80,q_002065,q_002066,Ligong_80_000134,Ligong_80_000135,134,135,1,True,-0.00020719444444239343,-7.49999998106432e-07,0.00020719580185850583,UNVERIFIED,False
Ligong__80,q_002066,q_002067,Ligong_80_000135,Ligong_80_000136,135,136,1,True,-4.222222230509942e-06,-0.0001779444444451883,0.00017799452932455682,UNVERIFIED,False
Ligong__80,q_002067,q_002068,Ligong_80_000136,Ligong_80_000137,136,137,1,True,0.00020613888891318766,-2.1388888846729515e-06,0.00020614998512739335,UNVERIFIED,False
Ligong__80,q_002068,q_002069,Ligong_80_000137,Ligong_80_000138,137,138,1,True,0.00020622222220367803,-1.4722222267948837e-06,0.0002062274772403237,UNVERIFIED,False
Ligong__80,q_002069,q_002070,Ligong_80_000138,Ligong_80_000139,138,139,1,True,0.00020949999999686497,0.0,0.00020949999999686497,UNVERIFIED,False
Ligong__80,q_002070,q_002071,Ligong_80_000139,Ligong_80_000140,139,140,1,True,0.00020880555555891078,-4.722222222142136e-07,0.00020880608953307021,UNVERIFIED,False
Ligong__80,q_002071,q_002072,Ligong_80_000140,Ligong_80_000141,140,141,1,True,0.00020688888888287238,3.5277777783448983e-06,0.00020691896374968365,UNVERIFIED,False
Ligong__80,q_002072,q_002073,Ligong_80_000141,Ligong_80_000142,141,142,1,True,0.00020791666668174003,1.861111108780733e-06,0.00020792499613708066,UNVERIFIED,False
Ligong__80,q_002073,q_002074,Ligong_80_000142,Ligong_80_000143,142,143,1,True,0.00020691666665584307,2.7777777233950474e-07,0.0002069168531088178,UNVERIFIED,False
Ligong__80,q_002074,q_002075,Ligong_80_000143,Ligong_80_000144,143,144,1,True,0.0002070833333362998,-8.888888807234707e-07,0.00020708524107023013,UNVERIFIED,False
Ligong__80,q_002075,q_002076,Ligong_80_000144,Ligong_80_000145,144,145,1,True,0.0002074722222289438,-8.888888913816118e-07,0.00020747412638706894,UNVERIFIED,False
Ligong__80,q_002076,q_002077,Ligong_80_000145,Ligong_80_000146,145,146,1,True,0.000208722222211577,5.5555556599529154e-08,0.00020872222960518314,UNVERIFIED,False
Ligong__80,q_002077,q_002078,Ligong_80_000146,Ligong_80_000147,146,147,1,True,0.00020522222222041364,-4.805555555265073e-06,0.00020527847879716856,UNVERIFIED,False
Ligong__80,q_002078,q_002079,Ligong_80_000147,Ligong_80_000148,147,148,1,True,0.00020763888890940052,5.555555553371505e-07,0.00020763963212620427,UNVERIFIED,False
Ligong__80,q_002079,q_002080,Ligong_80_000148,Ligong_80_000149,148,149,1,True,0.000211166666630902,-1.6666666624587378e-07,0.00021116673240305665,UNVERIFIED,False
Ligong__80,q_002080,q_002081,Ligong_80_000149,Ligong_80_000150,149,150,1,True,0.0002068611111383234,-1.1388888907504224e-06,0.00020686424623237159,UNVERIFIED,False
Ligong__80,q_002081,q_002082,Ligong_80_000150,Ligong_80_000151,150,151,1,True,0.00020547222221978245,-2.777777758922184e-07,0.00020547240998350228,UNVERIFIED,False
Ligong__80,q_002082,q_002083,Ligong_80_000151,Ligong_80_000152,151,152,1,True,0.0002071111111092705,-2.0555555551027282e-06,0.00020712131144224802,UNVERIFIED,False
Ligong__80,q_002083,q_002084,Ligong_80_000152,Ligong_80_000153,152,153,1,True,1.713888889298687e-05,-0.00018047222222250525,0.00018128420920316107,UNVERIFIED,False
Ligong__80,q_002084,q_002085,Ligong_80_000153,Ligong_80_000154,153,154,1,True,-0.00020491666667510344,-2.1666666683017866e-06,0.00020492812087580118,UNVERIFIED,False
Ligong__80,q_002085,q_002086,Ligong_80_000154,Ligong_80_000155,154,155,1,True,-0.00020711111112348135,1.9166666724856896e-06,0.0002071199796300117,UNVERIFIED,False
Ligong__80,q_002086,q_002087,Ligong_80_000155,Ligong_80_000156,155,156,1,True,-0.00020561111109884678,-6.111111154893933e-07,0.00020561201925981318,UNVERIFIED,False
Ligong__80,q_002087,q_002088,Ligong_80_000156,Ligong_80_000157,156,157,1,True,-0.00020444444443512566,2.7777777766857525e-06,0.00020446331433722736,UNVERIFIED,False
Ligong__80,q_002088,q_002089,Ligong_80_000157,Ligong_80_000158,157,158,1,True,-0.00020777777778846485,1.6388888894880438e-06,0.00020778424122032152,UNVERIFIED,False
Ligong__80,q_002089,q_002090,Ligong_80_000158,Ligong_80_000159,158,159,1,True,-0.00021199999999055308,-2.8333333332852817e-06,0.0002120189325833238,UNVERIFIED,False
Ligong__80,q_002090,q_002091,Ligong_80_000159,Ligong_80_000160,159,160,1,True,-0.0002048055555690098,3.2777777825288013e-06,0.00020483178322497318,UNVERIFIED,False
Ligong__80,q_002091,q_002092,Ligong_80_000160,Ligong_80_000161,160,161,1,True,-0.0002111666666593237,-3.444444448774675e-06,0.0002111947568136355,UNVERIFIED,False
Ligong__80,q_002092,q_002093,Ligong_80_000161,Ligong_80_000162,161,162,1,True,-0.00021125000002086836,-1.111111110674301e-06,0.00021125292205486092,UNVERIFIED,False
Ligong__80,q_002093,q_002094,Ligong_80_000162,Ligong_80_000163,162,163,1,True,-0.0002015555555345827,7.249999999459078e-06,0.0002016859054739483,UNVERIFIED,False
Ligong__80,q_002094,q_002095,Ligong_80_000163,Ligong_80_000164,163,164,1,True,-0.00020566666665899902,-3.333333289390339e-07,0.00020566693678307168,UNVERIFIED,False
Ligong__80,q_002095,q_002096,Ligong_80_000164,Ligong_80_000165,164,165,1,True,-0.0002071388888822412,1.6388888894880438e-06,0.00020714537224896323,UNVERIFIED,False
Ligong__80,q_002096,q_002097,Ligong_80_000165,Ligong_80_000166,165,166,1,True,-0.00021049999999434021,-4.166666727201118e-07,0.0002105004123718844,UNVERIFIED,False
Ligong__80,q_002097,q_002098,Ligong_80_000166,Ligong_80_000167,166,167,1,True,-0.0002110277778086811,-1.0277777775513641e-06,0.0002110302806092768,UNVERIFIED,False
Ligong__80,q_002098,q_002099,Ligong_80_000167,Ligong_80_000168,167,168,1,True,-0.0002083611111203254,-3.5277777783448983e-06,0.00020839097351696876,UNVERIFIED,False
Ligong__80,q_002099,q_002100,Ligong_80_000168,Ligong_80_000169,168,169,1,True,-0.00020513888887307985,1.6388888894880438e-06,0.00020514543544732818,UNVERIFIED,False
Ligong__80,q_002100,q_002101,Ligong_80_000169,Ligong_80_000170,169,170,1,True,-7.50000000948603e-06,-0.00017894444444266355,0.00017910154716538828,UNVERIFIED,False
Ligong__80,q_002101,q_002102,Ligong_80_000170,Ligong_80_000171,170,171,1,True,0.00020636111112537492,-3.916666667436175e-06,0.00020639827630744193,UNVERIFIED,False
Ligong__80,q_002102,q_002103,Ligong_80_000171,Ligong_80_000172,171,172,1,True,0.00020700000000317686,1.3888888972246605e-07,0.00020700004659767327,UNVERIFIED,False
Ligong__80,q_002103,q_002104,Ligong_80_000172,Ligong_80_000173,172,173,1,True,0.00020861111111969421,-8.333332957022321e-08,0.00020861112776416607,UNVERIFIED,False
Ligong__80,q_002104,q_002105,Ligong_80_000173,Ligong_80_000174,173,174,1,True,0.000208333333318933,-8.055555618113885e-07,0.0002083348907205435,UNVERIFIED,False
Ligong__80,q_002105,q_002106,Ligong_80_000174,Ligong_80_000175,174,175,1,True,0.00020658333333756218,-1.38888879064325e-07,0.0002065833800260298,UNVERIFIED,False
Ligong__80,q_002106,q_002107,Ligong_80_000175,Ligong_80_000176,175,176,1,True,0.0002111666666593237,-5.555556015224283e-08,0.00021116667396734313,UNVERIFIED,False
Ligong__80,q_002107,q_002108,Ligong_80_000176,Ligong_80_000177,176,177,1,True,0.00020652777777740994,-2.3055555580242526e-06,0.00020654064631472994,UNVERIFIED,False
Ligong__80,q_002108,q_002109,Ligong_80_000177,Ligong_80_000178,177,178,1,True,0.00020702777779035841,-5.833333389659856e-07,0.00020702859960546123,UNVERIFIED,False
Ligong__80,q_002109,q_002110,Ligong_80_000178,Ligong_80_000179,178,179,1,True,0.00020969444443608154,-1.138888883644995e-06,0.00020969753717019706,UNVERIFIED,False
Ligong__80,q_002110,q_002111,Ligong_80_000179,Ligong_80_000180,179,180,1,True,0.00020788888889455848,-5.555555553371505e-07,0.0002078896312175986,UNVERIFIED,False
Ligong__80,q_002111,q_002112,Ligong_80_000180,Ligong_80_000181,180,181,1,True,0.00020727777778972722,5.277777752610291e-07,0.00020727844971155974,UNVERIFIED,False
Ligong__80,q_002112,q_002113,Ligong_80_000181,Ligong_80_000182,181,182,1,True,0.0002090555555582796,-2.138888888225665e-06,0.00020906649697035893,UNVERIFIED,False
Ligong__80,q_002113,q_002114,Ligong_80_000182,Ligong_80_000183,182,183,1,True,0.00020666666662805255,-1.0277777775513641e-06,0.00020666922224247769,UNVERIFIED,False
Ligong__80,q_002114,q_002115,Ligong_80_000183,Ligong_80_000184,183,184,1,True,0.00020772222224252346,-1.916666665380262e-06,0.00020773106465928125,UNVERIFIED,False
Ligong__80,q_002115,q_002116,Ligong_80_000184,Ligong_80_000185,184,185,1,True,0.00020827777775878076,3.888888926439904e-07,0.0002082781408182503,UNVERIFIED,False
Ligong__80,q_002116,q_002117,Ligong_80_000185,Ligong_80_000186,185,186,1,True,0.00020830555556017316,-9.166666714577332e-07,0.00020830757248602112,UNVERIFIED,False
Ligong__80,q_002117,q_002118,Ligong_80_000186,Ligong_80_000187,186,187,1,True,6.444444451858544e-06,-0.00017530555555822502,0.00017542396835629678,UNVERIFIED,False
Ligong__80,q_002118,q_002119,Ligong_80_000187,Ligong_80_000188,187,188,1,True,-0.00020441666666215497,-5.5555553046815476e-08,0.00020441667421148904,UNVERIFIED,False
Ligong__80,q_002119,q_002120,Ligong_80_000188,Ligong_80_000189,188,189,1,True,-0.00020647222223146855,-1.8333333322573253e-06,0.0002064803614494805,UNVERIFIED,False
Ligong__80,q_002120,q_002121,Ligong_80_000189,Ligong_80_000190,189,190,1,True,-0.0002096666666489,8.055555547059612e-07,0.00020966821414657177,UNVERIFIED,False
Ligong__80,q_002121,q_002122,Ligong_80_000190,Ligong_80_000191,190,191,1,True,-0.00020872222222578785,7.222222215830243e-07,0.00020872347174146112,UNVERIFIED,False
Ligong__80,q_002122,q_002123,Ligong_80_000191,Ligong_80_000192,191,192,1,True,-0.00020822222224126108,3.6666666680673643e-06,0.00020825450362367637,UNVERIFIED,False
Ligong__80,q_002123,q_002124,Ligong_80_000192,Ligong_80_000193,192,193,1,True,-0.00020686111109569083,-3.3333333284701894e-06,0.00020688796580473797,UNVERIFIED,False
Ligong__80,q_002124,q_002125,Ligong_80_000193,Ligong_80_000194,193,194,1,True,-0.00021011111111590708,2.3611111039656407e-06,0.00021012437711985329,UNVERIFIED,False
Ligong__80,q_002125,q_002126,Ligong_80_000194,Ligong_80_000195,194,195,1,True,-0.0001997499999788488,1.4444444467187623e-06,0.00019975522248819866,UNVERIFIED,False
Ligong__80,q_002126,q_002127,Ligong_80_000195,Ligong_80_000196,195,196,1,True,-0.0002099722222510536,-2.2222222284540294e-07,0.00020997233984447136,UNVERIFIED,False
Ligong__80,q_002127,q_002128,Ligong_80_000196,Ligong_80_000197,196,197,1,True,-0.00020966666663468914,-2.2222222639811662e-07,0.00020966678439948415,UNVERIFIED,False
Ligong__80,q_002128,q_002129,Ligong_80_000197,Ligong_80_000198,197,198,1,True,-0.0002061111111260061,5.277777823664564e-07,0.00020611178685117548,UNVERIFIED,False
Ligong__80,q_002129,q_002130,Ligong_80_000198,Ligong_80_000199,198,199,1,True,-0.00020861111111969421,6.944444450596166e-07,0.00020861226698274643,UNVERIFIED,False
Ligong__90,q_002131,q_002132,Ligong_90_000000,Ligong_90_000001,0,1,1,True,0.000198527777797608,-4.000000000559112e-06,0.000198568070336751,UNVERIFIED,False
Ligong__90,q_002132,q_002133,Ligong_90_000001,Ligong_90_000002,1,2,1,True,0.0002076388888809788,1.0833333341508933e-06,0.00020764171494870763,UNVERIFIED,False
Ligong__90,q_002133,q_002134,Ligong_90_000002,Ligong_90_000003,2,3,1,True,0.00020938888887656049,2.222222221348602e-06,0.00020940068064970958,UNVERIFIED,False
Ligong__90,q_002134,q_002135,Ligong_90_000003,Ligong_90_000004,3,4,1,True,0.00020613888888476595,1.3055555569962962e-06,0.0002061430231318981,UNVERIFIED,False
Ligong__90,q_002135,q_002136,Ligong_90_000004,Ligong_90_000005,4,5,1,True,0.00020672222224504821,6.666666649834951e-07,0.0002067232972220918,UNVERIFIED,False
Ligong__90,q_002136,q_002137,Ligong_90_000005,Ligong_90_000006,5,6,1,True,0.00020849999999938973,1.3888888901192331e-06,0.00020850462587696853,UNVERIFIED,False
Ligong__90,q_002137,q_002138,Ligong_90_000006,Ligong_90_000007,6,7,1,True,0.00020630555555101182,-1.7499999991343884e-06,0.00020631297766066147,UNVERIFIED,False
Ligong__90,q_002138,q_002139,Ligong_90_000007,Ligong_90_000008,7,8,1,True,0.0002080833333195642,8.888888842761844e-07,0.00020808523188546908,UNVERIFIED,False
Ligong__90,q_002139,q_002140,Ligong_90_000008,Ligong_90_000009,8,9,1,True,0.00020747222224315465,3.3333333391283304e-06,0.0002074989978618275,UNVERIFIED,False
Ligong__90,q_002140,q_002141,Ligong_90_000009,Ligong_90_000010,9,10,1,True,0.00020880555554469993,-1.3888888972246605e-07,0.00020880560173629074,UNVERIFIED,False
Ligong__90,q_002141,q_002142,Ligong_90_000010,Ligong_90_000011,10,11,1,True,0.0002081388888939273,5.277777752610291e-07,0.0002081395580358973,UNVERIFIED,False
Ligong__90,q_002142,q_002143,Ligong_90_000011,Ligong_90_000012,11,12,1,True,0.00020725000000254568,6.666666720889225e-07,0.00020725107224211616,UNVERIFIED,False
Ligong__90,q_002143,q_002144,Ligong_90_000012,Ligong_90_000013,12,13,1,True,0.00020827777775878076,6.11111108383966e-07,0.00020827867429221568,UNVERIFIED,False
Ligong__90,q_002144,q_002145,Ligong_90_000013,Ligong_90_000014,13,14,1,True,0.00020949999999686497,1.9999999949504854e-06,0.00020950954631869696,UNVERIFIED,False
Ligong__90,q_002145,q_002146,Ligong_90_000014,Ligong_90_000015,14,15,1,True,0.00020641666668552716,1.3611111135958254e-06,0.00020642115421881443,UNVERIFIED,False
Ligong__90,q_002146,q_002147,Ligong_90_000015,Ligong_90_000016,15,16,1,True,0.0002090277777853089,-3.888888890912767e-07,0.00020902813954210218,UNVERIFIED,False
Ligong__90,q_002147,q_002148,Ligong_90_000016,Ligong_90_000017,16,17,1,True,9.305555551009093e-06,-0.00017413888888739848,0.0001743873446871952,UNVERIFIED,False
Ligong__90,q_002148,q_002149,Ligong_90_000017,Ligong_90_000018,17,18,1,True,-0.00020558333334008694,-2.9722222230077477e-06,0.00020560481767741787,UNVERIFIED,False
Ligong__90,q_002149,q_002150,Ligong_90_000018,Ligong_90_000019,18,19,1,True,-0.00021330555556176023,-1.916666665380262e-06,0.00021331416653522418,UNVERIFIED,False
Ligong__90,q_002150,q_002151,Ligong_90_000019,Ligong_90_000020,19,20,1,True,-0.00020399999999654028,-1.611111112964636e-06,0.00020400636185571947,UNVERIFIED,False
Ligong__90,q_002151,q_002152,Ligong_90_000020,Ligong_90_000021,20,21,1,True,-0.00020688888888287238,1.944444463219952e-07,0.00020688898025712297,UNVERIFIED,False
Ligong__90,q_002152,q_002153,Ligong_90_000021,Ligong_90_000022,21,22,1,True,-0.0002080000000006521,-8.333333312293689e-08,0.00020800001669402744,UNVERIFIED,False
Ligong__90,q_002153,q_002154,Ligong_90_000022,Ligong_90_000023,22,23,1,True,-0.00020458333332840084,1.9444444490090973e-06,0.00020459257352107102,UNVERIFIED,False
Ligong__90,q_002154,q_002155,Ligong_90_000023,Ligong_90_000024,23,24,1,True,-0.00020608333333882456,1.8055555592866313e-06,0.00020609124268371702,UNVERIFIED,False
Ligong__90,q_002155,q_002156,Ligong_90_000024,Ligong_90_000025,24,25,1,True,-0.00020930555557185926,-1.2222222309787867e-06,0.00020930912407352568,UNVERIFIED,False
Ligong__90,q_002156,q_002157,Ligong_90_000025,Ligong_90_000026,25,26,1,True,-0.0002085833333183018,-2.499999993688107e-07,0.000208583483138463,UNVERIFIED,False
Ligong__90,q_002157,q_002158,Ligong_90_000026,Ligong_90_000027,26,27,1,True,-0.00020822222221283937,3.3333333604446125e-07,0.00020822248902163757,UNVERIFIED,False
Ligong__90,q_002158,q_002159,Ligong_90_000027,Ligong_90_000028,27,28,1,True,-0.0002073888889100317,-3.888888926439904e-07,0.00020738925352560653,UNVERIFIED,False
Ligong__90,q_002159,q_002160,Ligong_90_000028,Ligong_90_000029,28,29,1,True,-0.0002086111110912725,-7.222222215830243e-07,0.00020861236127246293,UNVERIFIED,False
Ligong__90,q_002160,q_002161,Ligong_90_000029,Ligong_90_000030,29,30,1,True,-0.00020675000000380805,-1.2222222238733593e-06,0.00020675361261351436,UNVERIFIED,False
Ligong__90,q_002161,q_002162,Ligong_90_000030,Ligong_90_000031,30,31,1,True,-0.00020788888889455848,4.166666727201118e-07,0.00020788930645160717,UNVERIFIED,False
Ligong__90,q_002162,q_002163,Ligong_90_000031,Ligong_90_000032,31,32,1,True,-0.00020794444444049986,3.527777771239471e-06,0.0002079743666649123,UNVERIFIED,False
Ligong__90,q_002163,q_002164,Ligong_90_000032,Ligong_90_000033,32,33,1,True,-0.00022574999999847023,-1.0444444441759515e-05,0.0002259914797486983,UNVERIFIED,False
Ligong__90,q_002164,q_002165,Ligong_90_000033,Ligong_90_000034,33,34,1,True,1.7749999997818122e-05,-0.00016944444444533246,0.0001703716004893712,UNVERIFIED,False
Ligong__90,q_002165,q_002166,Ligong_90_000034,Ligong_90_000035,34,35,1,True,0.00020702777777614756,-4.055555557158641e-06,0.0002070674969709325,UNVERIFIED,False
Ligong__90,q_002166,q_002167,Ligong_90_000035,Ligong_90_000036,35,36,1,True,0.00020697222221599532,3.277777775423374e-06,0.00020699817534503148,UNVERIFIED,False
Ligong__90,q_002167,q_002168,Ligong_90_000036,Ligong_90_000037,36,37,1,True,0.00020847222222641903,3.6111111612058266e-07,0.00020847253498065309,UNVERIFIED,False
Ligong__90,q_002168,q_002169,Ligong_90_000037,Ligong_90_000038,37,38,1,True,0.00020569444444618057,6.11111108383966e-07,0.00020569535223920266,UNVERIFIED,False
Ligong__90,q_002169,q_002170,Ligong_90_000038,Ligong_90_000039,38,39,1,True,0.00020883333333188148,-9.166666643523058e-07,0.00020883534516043554,UNVERIFIED,False
Ligong__90,q_002170,q_002171,Ligong_90_000039,Ligong_90_000040,39,40,1,True,0.0002084166666662668,1.9444444276928152e-07,0.00020841675737070446,UNVERIFIED,False
Ligong__90,q_002171,q_002172,Ligong_90_000040,Ligong_90_000041,40,41,1,True,0.00020830555557438402,6.944444450596166e-07,0.00020830671313291864,UNVERIFIED,False
Ligong__90,q_002172,q_002173,Ligong_90_000041,Ligong_90_000042,41,42,1,True,0.0002073611110802176,-1.0000000010279564e-06,0.00020736352231871545,UNVERIFIED,False
Ligong__90,q_002173,q_002174,Ligong_90_000042,Ligong_90_000043,42,43,1,True,0.00021030555555512365,5.7222222231700925e-06,0.0002103833893740676,UNVERIFIED,False
Ligong__90,q_002174,q_002175,Ligong_90_000043,Ligong_90_000044,43,44,1,True,0.00020602777780709403,7.49999998106432e-07,0.00020602914290975067,UNVERIFIED,False
Ligong__90,q_002175,q_002176,Ligong_90_000044,Ligong_90_000045,44,45,1,True,0.00020880555555891078,6.666666685362088e-07,0.00020880661981056137,UNVERIFIED,False
Ligong__90,q_002176,q_002177,Ligong_90_000045,Ligong_90_000046,45,46,1,True,0.00021044444443418797,2.3888888911471895e-06,0.00021045800289689218,UNVERIFIED,False
Ligong__90,q_002177,q_002178,Ligong_90_000046,Ligong_90_000047,46,47,1,True,0.00020638888888413476,-8.333332957022321e-08,0.0002063889057078203,UNVERIFIED,False
Ligong__90,q_002178,q_002179,Ligong_90_000047,Ligong_90_000048,47,48,1,True,0.00020886111110485217,1.9444443921656784e-07,0.00020886120161627277,UNVERIFIED,False
Ligong__90,q_002179,q_002180,Ligong_90_000048,Ligong_90_000049,48,49,1,True,0.00020952777776983567,3.638888887991243e-06,0.00020955937385262627,UNVERIFIED,False
Ligong__90,q_002180,q_002181,Ligong_90_000049,Ligong_90_000050,49,50,1,True,0.00020566666668742073,0.0,0.00020566666668742073,UNVERIFIED,False
Ligong__90,q_002181,q_002182,Ligong_90_000050,Ligong_90_000051,50,51,1,True,2.3333333132313783e-06,-0.00018024999999965985,0.00018026510184788406,UNVERIFIED,False
Ligong__90,q_002182,q_002183,Ligong_90_000051,Ligong_90_000052,51,52,1,True,-0.0002050833333129276,-5.027777778110476e-06,0.0002051449540011341,UNVERIFIED,False
Ligong__90,q_002183,q_002184,Ligong_90_000052,Ligong_90_000053,52,53,1,True,-0.00020747222224315465,-1.9444444454563836e-06,0.0002074813337790039,UNVERIFIED,False
Ligong__90,q_002184,q_002185,Ligong_90_000053,Ligong_90_000054,53,54,1,True,-0.00020772222221410175,2.2222222284540294e-07,0.00020772234108126404,UNVERIFIED,False
Ligong__90,q_002185,q_002186,Ligong_90_000054,Ligong_90_000055,54,55,1,True,-0.00020663888888350357,5.305555557555408e-06,0.00020670698904193645,UNVERIFIED,False
Ligong__90,q_002186,q_002187,Ligong_90_000055,Ligong_90_000056,55,56,1,True,-0.00020883333334609233,-1.944444463219952e-07,0.00020883342386955882,UNVERIFIED,False
Ligong__90,q_002187,q_002188,Ligong_90_000056,Ligong_90_000057,56,57,1,True,-0.00020983333331514586,-1.3055555498908689e-06,0.00020983739477376036,UNVERIFIED,False
Ligong__90,q_002188,q_002189,Ligong_90_000057,Ligong_90_000058,57,58,1,True,-0.00021233333333725568,-2.138888888225665e-06,0.00021234410585600514,UNVERIFIED,False
Ligong__90,q_002189,q_002190,Ligong_90_000058,Ligong_90_000059,58,59,1,True,-0.00020449999998106705,9.722222173991213e-07,0.00020450231100967154,UNVERIFIED,False
Ligong__90,q_002190,q_002191,Ligong_90_000059,Ligong_90_000060,59,60,1,True,-0.00020563888891445004,7.777777817352671e-07,0.0002056403597843752,UNVERIFIED,False
Ligong__90,q_002191,q_002192,Ligong_90_000060,Ligong_90_000061,60,61,1,True,-0.00020658333332335133,1.666666626931601e-07,0.0002065834005547477,UNVERIFIED,False
Ligong__90,q_002192,q_002193,Ligong_90_000061,Ligong_90_000062,61,62,1,True,-0.00020852777778657128,1.1388888871977088e-06,0.00020853088782361002,UNVERIFIED,False
Ligong__90,q_002193,q_002194,Ligong_90_000062,Ligong_90_000063,62,63,1,True,-0.00020744444444176224,-1.7222222226109807e-06,0.00020745159333959197,UNVERIFIED,False
Ligong__90,q_002194,q_002195,Ligong_90_000063,Ligong_90_000064,63,64,1,True,-0.00020880555555891078,-7.22222225135738e-07,0.00020880680457592337,UNVERIFIED,False
Ligong__90,q_002195,q_002196,Ligong_90_000064,Ligong_90_000065,64,65,1,True,-0.00020838888887908524,-2.7777777233950474e-07,0.0002083890740148114,UNVERIFIED,False
Ligong__90,q_002196,q_002197,Ligong_90_000065,Ligong_90_000066,65,66,1,True,-0.00020772222221410175,-1.3888888972246605e-07,0.00020772226864659542,UNVERIFIED,False
Ligong__90,q_002197,q_002198,Ligong_90_000066,Ligong_90_000067,66,67,1,True,-0.0002087222222399987,-5.833333318605582e-07,0.00020872303738346534,UNVERIFIED,False
Ligong__90,q_002198,q_002199,Ligong_90_000067,Ligong_90_000068,67,68,1,True,-4.972222200194665e-06,-0.0001732777777796457,0.00017334910229320597,UNVERIFIED,False
Ligong__90,q_002199,q_002200,Ligong_90_000068,Ligong_90_000069,68,69,1,True,0.00020536111109947797,-5.66666666301785e-06,0.00020543927828699625,UNVERIFIED,False
Ligong__90,q_002200,q_002201,Ligong_90_000069,Ligong_90_000070,69,70,1,True,0.00020752777777488518,2.49999995816097e-07,0.0002075279283570769,UNVERIFIED,False
Ligong__90,q_002201,q_002202,Ligong_90_000070,Ligong_90_000071,70,71,1,True,0.00020675000000380805,-8.888888878288981e-07,0.00020675191081349052,UNVERIFIED,False
Ligong__90,q_002202,q_002203,Ligong_90_000071,Ligong_90_000072,71,72,1,True,0.00020677777777677875,6.666666649834951e-07,0.00020677885246500691,UNVERIFIED,False
Ligong__90,q_002203,q_002204,Ligong_90_000072,Ligong_90_000073,72,73,1,True,0.00020861111110548336,-1.5833333328885146e-06,0.00020861711967407506,UNVERIFIED,False
Ligong__90,q_002204,q_002205,Ligong_90_000073,Ligong_90_000074,73,74,1,True,0.00020886111111906303,3.5000000018214905e-06,0.0002088904347688097,UNVERIFIED,False
Ligong__90,q_002205,q_002206,Ligong_90_000074,Ligong_90_000075,74,75,1,True,0.00020594444443133852,-4.8611111083118885e-06,0.0002060018072574608,UNVERIFIED,False
Ligong__90,q_002206,q_002207,Ligong_90_000075,Ligong_90_000076,75,76,1,True,0.00020952777778404652,1.6666666624587378e-06,0.00020953440634149928,UNVERIFIED,False
Ligong__90,q_002207,q_002208,Ligong_90_000076,Ligong_90_000077,76,77,1,True,0.00020791666666752917,-1.0555555540747719e-06,0.0002079193460831968,UNVERIFIED,False
Ligong__90,q_002208,q_002209,Ligong_90_000077,Ligong_90_000078,77,78,1,True,0.00020627777777804113,-4.444444421380922e-07,0.00020627825657569695,UNVERIFIED,False
Ligong__90,q_002209,q_002210,Ligong_90_000078,Ligong_90_000079,78,79,1,True,0.00020694444445723548,-2.0000000020559128e-06,0.00020695410866112816,UNVERIFIED,False
Ligong__90,q_002210,q_002211,Ligong_90_000079,Ligong_90_000080,79,80,1,True,0.00021049999998012936,4.694444442066015e-06,0.00021055233981187222,UNVERIFIED,False
Ligong__90,q_002211,q_002212,Ligong_90_000080,Ligong_90_000081,80,81,1,True,0.00021011111111590708,4.1666666561468446e-07,0.00021011152425669393,UNVERIFIED,False
Ligong__90,q_002212,q_002213,Ligong_90_000081,Ligong_90_000082,81,82,1,True,0.0002078333333486171,4.72222229319641e-07,0.0002078338698206605,UNVERIFIED,False
Ligong__90,q_002213,q_002214,Ligong_90_000082,Ligong_90_000083,82,83,1,True,0.00020841666665205594,9.72222210293694e-07,0.0002084189342511385,UNVERIFIED,False
Ligong__90,q_002214,q_002215,Ligong_90_000083,Ligong_90_000084,83,84,1,True,0.00020761111110800812,-1.1388888800922814e-06,0.00020761423487656834,UNVERIFIED,False
Ligong__90,q_002215,q_002216,Ligong_90_000084,Ligong_90_000085,84,85,1,True,-3.8055555648952577e-06,-0.0001790000000028158,0.00017904044865383231,UNVERIFIED,False
Ligong__90,q_002216,q_002217,Ligong_90_000085,Ligong_90_000086,85,86,1,True,-0.00020433333331482118,-1.1499999999387e-05,0.00020465669083499742,UNVERIFIED,False
Ligong__90,q_002217,q_002218,Ligong_90_000086,Ligong_90_000087,86,87,1,True,-0.00020405555557090338,-2.666666667039408e-06,0.00020407297927570701,UNVERIFIED,False
Ligong__90,q_002218,q_002219,Ligong_90_000087,Ligong_90_000088,87,88,1,True,-0.000207777777774254,-3.0555555596833983e-07,0.00020777800244733575,UNVERIFIED,False
Ligong__90,q_002219,q_002220,Ligong_90_000088,Ligong_90_000089,88,89,1,True,-0.00020863888887845405,-8.333333667565057e-08,0.00020863890552071275,UNVERIFIED,False
Ligong__90,q_002220,q_002221,Ligong_90_000089,Ligong_90_000090,89,90,1,True,-0.00021208333333788687,-1.4722222090313153e-06,0.0002120884431503565,UNVERIFIED,False
Ligong__90,q_002221,q_002222,Ligong_90_000090,Ligong_90_000091,90,91,1,True,-0.00020694444444302462,-3.6111111967329634e-07,0.00020694475950618527,UNVERIFIED,False
Ligong__90,q_002222,q_002223,Ligong_90_000091,Ligong_90_000092,91,92,1,True,-0.00020725000000254568,1.30555556054901e-06,0.0002072541120855672,UNVERIFIED,False
Ligong__90,q_002223,q_002224,Ligong_90_000092,Ligong_90_000093,92,93,1,True,-0.0002064722222172577,-1.5555555599178206e-06,0.00020647808188869015,UNVERIFIED,False
Ligong__90,q_002224,q_002225,Ligong_90_000093,Ligong_90_000094,93,94,1,True,-0.00021252777777647225,-1.0833333341508933e-06,0.00021253053883552465,UNVERIFIED,False
Ligong__90,q_002225,q_002226,Ligong_90_000094,Ligong_90_000095,94,95,1,True,-0.00020700000000317686,8.333333312293689e-08,0.00020700001677719648,UNVERIFIED,False
Ligong__90,q_002226,q_002227,Ligong_90_000095,Ligong_90_000096,95,96,1,True,-0.00020694444444302462,1.4166666630899272e-06,0.00020694929337948078,UNVERIFIED,False
Ligong__90,q_002227,q_002228,Ligong_90_000096,Ligong_90_000097,96,97,1,True,-0.00020855555555954197,-1.1666666637211165e-06,0.00020855881871993196,UNVERIFIED,False
Ligong__90,q_002228,q_002229,Ligong_90_000097,Ligong_90_000098,97,98,1,True,-0.00020786111112158778,-3.0555555596833983e-07,0.00020786133570459622,UNVERIFIED,False
Ligong__90,q_002229,q_002230,Ligong_90_000098,Ligong_90_000099,98,99,1,True,-0.00020641666665710545,-1.6666666624587378e-07,0.0002064167339427892,UNVERIFIED,False
Ligong__90,q_002230,q_002231,Ligong_90_000099,Ligong_90_000100,99,100,1,True,-0.00020655555553616978,4.166666727201118e-07,0.0002065559757885786,UNVERIFIED,False
Ligong__90,q_002231,q_002232,Ligong_90_000100,Ligong_90_000101,100,101,1,True,-0.00020888888890624457,8.611111113054903e-07,0.0002088906637952769,UNVERIFIED,False
Ligong__90,q_002232,q_002233,Ligong_90_000101,Ligong_90_000102,101,102,1,True,-9.305555536798238e-06,-0.00018052777778976292,0.0001807674525946484,UNVERIFIED,False
Ligong__90,q_002233,q_002234,Ligong_90_000102,Ligong_90_000103,102,103,1,True,0.00020686111109569083,-6.944444379541892e-07,0.00020686227673701445,UNVERIFIED,False
Ligong__90,q_002234,q_002235,Ligong_90_000103,Ligong_90_000104,103,104,1,True,0.00020627777777804113,-5.555555553371505e-07,0.00020627852589889714,UNVERIFIED,False
Ligong__90,q_002235,q_002236,Ligong_90_000104,Ligong_90_000105,104,105,1,True,0.0002061666666435258,-1.3611111100431117e-06,0.00020617115961830493,UNVERIFIED,False
Ligong__90,q_002236,q_002237,Ligong_90_000105,Ligong_90_000106,105,106,1,True,0.00020844444448187005,-8.611111077527767e-07,0.00020844622315526685,UNVERIFIED,False
Ligong__90,q_002237,q_002238,Ligong_90_000106,Ligong_90_000107,106,107,1,True,0.00020630555553680097,-2.6388888976214275e-06,0.00020632243208134704,UNVERIFIED,False
Ligong__90,q_002238,q_002239,Ligong_90_000107,Ligong_90_000108,107,108,1,True,0.000209638888904351,1.5555555599178206e-06,0.00020964466006590966,UNVERIFIED,False
Ligong__90,q_002239,q_002240,Ligong_90_000108,Ligong_90_000109,108,109,1,True,0.00020511111110010916,-3.3611111120990245e-06,0.00020513864814956053,UNVERIFIED,False
Ligong__90,q_002240,q_002241,Ligong_90_000109,Ligong_90_000110,109,110,1,True,0.00020808333333377504,-2.2222222284540294e-07,0.00020808345199465348,UNVERIFIED,False
Ligong__90,q_002241,q_002242,Ligong_90_000110,Ligong_90_000111,110,111,1,True,0.0002077222221998909,2.2500000014247235e-06,0.00020773440758735,UNVERIFIED,False
Ligong__90,q_002242,q_002243,Ligong_90_000111,Ligong_90_000112,111,112,1,True,0.0002097222222516848,-7.49999998106432e-07,0.00020972356330699283,UNVERIFIED,False
Ligong__90,q_002243,q_002244,Ligong_90_000112,Ligong_90_000113,112,113,1,True,0.00020772222221410175,3.388888888622432e-06,0.0002077498644270655,UNVERIFIED,False
Ligong__90,q_002244,q_002245,Ligong_90_000113,Ligong_90_000114,113,114,1,True,0.00020630555553680097,-2.583333333916471e-06,0.00020632172899736514,UNVERIFIED,False
Ligong__90,q_002245,q_002246,Ligong_90_000114,Ligong_90_000115,114,115,1,True,0.00020902777779951975,2.277777777948131e-06,0.0002090401879146953,UNVERIFIED,False
Ligong__90,q_002246,q_002247,Ligong_90_000115,Ligong_90_000116,115,116,1,True,0.00020855555554533112,-6.944444450596166e-07,0.00020855671171628344,UNVERIFIED,False
Ligong__90,q_002247,q_002248,Ligong_90_000116,Ligong_90_000117,116,117,1,True,0.00020786111112158778,-1.0555555576274855e-06,0.00020786379125339822,UNVERIFIED,False
Ligong__90,q_002248,q_002249,Ligong_90_000117,Ligong_90_000118,117,118,1,True,0.00020677777777677875,-9.72222220951835e-07,0.00020678006334835523,UNVERIFIED,False
Ligong__90,q_002249,q_002250,Ligong_90_000118,Ligong_90_000119,118,119,1,True,9.138888884763219e-06,-0.00017538888888779525,0.00017562682493099804,UNVERIFIED,False
Ligong__90,q_002250,q_002251,Ligong_90_000119,Ligong_90_000120,119,120,1,True,-0.0002074722222289438,-3.5000000018214905e-06,0.0002075017421532383,UNVERIFIED,False
Ligong__90,q_002251,q_002252,Ligong_90_000120,Ligong_90_000121,120,121,1,True,-0.0002049166666608926,2.7777777802384662e-06,0.0002049354930821105,UNVERIFIED,False
Ligong__90,q_002252,q_002253,Ligong_90_000121,Ligong_90_000122,121,122,1,True,-0.0002099444444496612,-2.2500000014247235e-06,0.00020995650086454406,UNVERIFIED,False
Ligong__90,q_002253,q_002254,Ligong_90_000122,Ligong_90_000123,122,123,1,True,-0.00020533333332650727,1.2777777733674611e-06,0.00020533730905759103,UNVERIFIED,False
Ligong__90,q_002254,q_002255,Ligong_90_000123,Ligong_90_000124,123,124,1,True,-0.00020722222221536413,-7.499999945537184e-07,0.00020722357944950563,UNVERIFIED,False
Ligong__90,q_002255,q_002256,Ligong_90_000124,Ligong_90_000125,124,125,1,True,-0.0002090277777853089,-3.194444442300437e-06,0.0002090521857363836,UNVERIFIED,False
Ligong__90,q_002256,q_002257,Ligong_90_000125,Ligong_90_000126,125,126,1,True,-0.00020722222221536413,-1.6666666624587378e-07,0.00020722228923948164,UNVERIFIED,False
Ligong__90,q_002257,q_002258,Ligong_90_000126,Ligong_90_000127,126,127,1,True,-0.00021094444444713645,1.9444443921656784e-07,0.0002109445340646469,UNVERIFIED,False
Ligong__90,q_002258,q_002259,Ligong_90_000127,Ligong_90_000128,127,128,1,True,-0.000213250000001608,-2.2777777743954175e-06,0.00021326216441805922,UNVERIFIED,False
Ligong__90,q_002259,q_002260,Ligong_90_000128,Ligong_90_000129,128,129,1,True,-0.00020594444443133852,6.944444415069029e-07,0.00020594561526095917,UNVERIFIED,False
Ligong__90,q_002260,q_002261,Ligong_90_000129,Ligong_90_000130,129,130,1,True,-0.0001996944444613291,2.5555555573930633e-06,0.00019971079593483618,UNVERIFIED,False
Ligong__90,q_002261,q_002262,Ligong_90_000130,Ligong_90_000131,130,131,1,True,-0.0002073333333356686,-6.388888920128011e-07,0.0002073343176878729,UNVERIFIED,False
Ligong__90,q_002262,q_002263,Ligong_90_000131,Ligong_90_000132,131,132,1,True,-0.00020913888889140253,-1.0833333305981796e-06,0.00020914169469007276,UNVERIFIED,False
Ligong__90,q_002263,q_002264,Ligong_90_000132,Ligong_90_000133,132,133,1,True,-0.000207777777774254,-3.666666671620078e-06,0.00020781012819708292,UNVERIFIED,False
Ligong__90,q_002264,q_002265,Ligong_90_000133,Ligong_90_000134,133,134,1,True,-0.00020819444443986868,5.555556015224283e-08,0.00020819445185221873,UNVERIFIED,False
Ligong__90,q_002265,q_002266,Ligong_90_000134,Ligong_90_000135,134,135,1,True,-0.0002083611111203254,1.0277777739986504e-06,0.00020836364595209337,UNVERIFIED,False
Ligong__90,q_002266,q_002267,Ligong_90_000135,Ligong_90_000136,135,136,1,True,-4.166666656146845e-06,-0.00017850000000052546,0.0001785486239409619,UNVERIFIED,False
Ligong__90,q_002267,q_002268,Ligong_90_000136,Ligong_90_000137,136,137,1,True,0.00020558333331166523,3.055555595210535e-07,0.0002055835603829625,UNVERIFIED,False
Ligong__90,q_002268,q_002269,Ligong_90_000137,Ligong_90_000138,137,138,1,True,0.00020663888892613613,-2.138888888225665e-06,0.00020664995829252955,UNVERIFIED,False
Ligong__90,q_002269,q_002270,Ligong_90_000138,Ligong_90_000139,138,139,1,True,0.0002086944444386063,-9.722222138464076e-07,0.00020869670901950424,UNVERIFIED,False
Ligong__90,q_002270,q_002271,Ligong_90_000139,Ligong_90_000140,139,140,1,True,0.00020691666665584307,-7.777777888406945e-07,0.00020691812844275895,UNVERIFIED,False
Ligong__90,q_002271,q_002272,Ligong_90_000140,Ligong_90_000141,140,141,1,True,0.00020769444444113105,-1.4166666630899272e-06,0.00020769927586812713,UNVERIFIED,False
Ligong__90,q_002272,q_002273,Ligong_90_000141,Ligong_90_000142,141,142,1,True,0.0002084166666662668,1.3888889327517973e-07,0.00020841671294404978,UNVERIFIED,False
Ligong__90,q_002273,q_002274,Ligong_90_000142,Ligong_90_000143,142,143,1,True,0.00021055555555449246,2.7222222165335097e-06,0.00021057315229785857,UNVERIFIED,False
Ligong__90,q_002274,q_002275,Ligong_90_000143,Ligong_90_000144,143,144,1,True,0.00020494444444807414,-3.722222217561466e-06,0.00020497824335369513,UNVERIFIED,False
Ligong__90,q_002275,q_002276,Ligong_90_000144,Ligong_90_000145,144,145,1,True,0.00020766666666816036,-1.00000000458067e-06,0.0002076690743588799,UNVERIFIED,False
Ligong__90,q_002276,q_002277,Ligong_90_000145,Ligong_90_000146,145,146,1,True,0.00020813888887971643,-9.722222245045486e-07,0.0002081411595051223,UNVERIFIED,False
Ligong__90,q_002277,q_002278,Ligong_90_000146,Ligong_90_000147,146,147,1,True,0.00020666666668489597,1.944444463219952e-07,0.0002066667581573984,UNVERIFIED,False
Ligong__90,q_002278,q_002279,Ligong_90_000147,Ligong_90_000148,147,148,1,True,0.00020722222221536413,-1.8333333322573253e-06,0.00020723033197623584,UNVERIFIED,False
Ligong__90,q_002279,q_002280,Ligong_90_000148,Ligong_90_000149,148,149,1,True,0.0002083888888648744,-2.027777782132034e-06,0.00020839875451900063,UNVERIFIED,False
Ligong__90,q_002280,q_002281,Ligong_90_000149,Ligong_90_000150,149,150,1,True,0.00020841666668047765,1.0555555576274855e-06,0.00020841933966821928,UNVERIFIED,False
Ligong__90,q_002281,q_002282,Ligong_90_000150,Ligong_90_000151,150,151,1,True,0.0002068055555639603,-7.222222215830243e-07,0.00020680681666003086,UNVERIFIED,False
Ligong__90,q_002282,q_002283,Ligong_90_000151,Ligong_90_000152,151,152,1,True,0.00020727777777551637,-2.277777777948131e-06,0.00020729029266022578,UNVERIFIED,False
Ligong__90,q_002283,q_002284,Ligong_90_000152,Ligong_90_000153,152,153,1,True,1.4055555539016495e-05,-0.00017691666666053152,0.00017747412651928732,UNVERIFIED,False
Ligong__90,q_002284,q_002285,Ligong_90_000153,Ligong_90_000154,153,154,1,True,-0.00020600000000570162,-2.77777778379118e-06,0.00020601872742972955,UNVERIFIED,False
Ligong__90,q_002285,q_002286,Ligong_90_000154,Ligong_90_000155,154,155,1,True,-0.00020474999999464671,1.9722222219797914e-06,0.0002047594983347554,UNVERIFIED,False
Ligong__90,q_002286,q_002287,Ligong_90_000155,Ligong_90_000156,155,156,1,True,-0.00020802777775941195,-1.833333335810039e-06,0.0002080358561177363,UNVERIFIED,False
Ligong__90,q_002287,q_002288,Ligong_90_000156,Ligong_90_000157,156,157,1,True,-0.00020633333333819337,1.7777777863159372e-06,0.00020634099190492309,UNVERIFIED,False
Ligong__90,q_002288,q_002289,Ligong_90_000157,Ligong_90_000158,157,158,1,True,-0.0002093055555576484,-6.388888884600874e-07,0.00020930653063463557,UNVERIFIED,False
Ligong__90,q_002289,q_002290,Ligong_90_000158,Ligong_90_000159,158,159,1,True,-0.0002073611111086393,2.8888888827793835e-06,0.00020738123367167654,UNVERIFIED,False
Ligong__90,q_002290,q_002291,Ligong_90_000159,Ligong_90_000160,159,160,1,True,-0.00020844444443923749,2.361111111071068e-06,0.00020845781650794768,UNVERIFIED,False
Ligong__90,q_002291,q_002292,Ligong_90_000160,Ligong_90_000161,160,161,1,True,-0.00020463888887434223,-2.7777783628835095e-08,0.00020463889075962723,UNVERIFIED,False
Ligong__90,q_002292,q_002293,Ligong_90_000161,Ligong_90_000162,161,162,1,True,-0.00020952777779825738,1.6388888965934711e-06,0.00020953418724850437,UNVERIFIED,False
Ligong__90,q_002293,q_002294,Ligong_90_000162,Ligong_90_000163,162,163,1,True,-0.00020647222220304684,-2.638888890516e-06,0.00020648908512568127,UNVERIFIED,False
Ligong__90,q_002294,q_002295,Ligong_90_000163,Ligong_90_000164,163,164,1,True,-0.00020894444448060767,5.00000002290335e-07,0.00020894504272490417,UNVERIFIED,False
Ligong__90,q_002295,q_002296,Ligong_90_000164,Ligong_90_000165,164,165,1,True,-0.00021024999998076055,3.888888890912767e-07,0.00021025035963459816,UNVERIFIED,False
Ligong__90,q_002296,q_002297,Ligong_90_000165,Ligong_90_000166,165,166,1,True,-0.0002067222222166265,-1.1111111071215873e-06,0.0002067252082501616,UNVERIFIED,False
Ligong__90,q_002297,q_002298,Ligong_90_000166,Ligong_90_000167,166,167,1,True,-0.0002080277778020445,1.8333333287046116e-06,0.0002080358561603046,UNVERIFIED,False
Ligong__90,q_002298,q_002299,Ligong_90_000167,Ligong_90_000168,167,168,1,True,-0.00020941666663532033,-3.333333289390339e-07,0.00020941693192231872,UNVERIFIED,False
Ligong__90,q_002299,q_002300,Ligong_90_000168,Ligong_90_000169,168,169,1,True,-0.00020663888888350357,2.3055555509188252e-06,0.00020665175050167686,UNVERIFIED,False
Ligong__90,q_002300,q_002301,Ligong_90_000169,Ligong_90_000170,169,170,1,True,-6.94444446480702e-06,-0.00018133333334091617,0.0001814662588181412,UNVERIFIED,False
Ligong__90,q_002301,q_002302,Ligong_90_000170,Ligong_90_000171,170,171,1,True,0.0002077500000012833,-3.6111111043624078e-06,0.00020778138180294514,UNVERIFIED,False
Ligong__90,q_002302,q_002303,Ligong_90_000171,Ligong_90_000172,171,172,1,True,0.00020299999999906504,-2.666666667039408e-06,0.00020301751429552454,UNVERIFIED,False
Ligong__90,q_002303,q_002304,Ligong_90_000172,Ligong_90_000173,172,173,1,True,0.00021113888888635302,1.5277777798416992e-06,0.00021114441623000193,UNVERIFIED,False
Ligong__90,q_002304,q_002305,Ligong_90_000173,Ligong_90_000174,173,174,1,True,0.00020958333334419876,-6.388888920128011e-07,0.00020958430712885416,UNVERIFIED,False
Ligong__90,q_002305,q_002306,Ligong_90_000174,Ligong_90_000175,174,175,1,True,0.0002089722222109458,-5.5555556599529154e-08,0.00020897222959570676,UNVERIFIED,False
Ligong__90,q_002306,q_002307,Ligong_90_000175,Ligong_90_000176,175,176,1,True,0.00020802777778783366,-1.6388888859353301e-06,0.00020803423345239298,UNVERIFIED,False
Ligong__90,q_002307,q_002308,Ligong_90_000176,Ligong_90_000177,176,177,1,True,0.0002064722222172577,-2.500000000793534e-06,0.0002064873568704307,UNVERIFIED,False
Ligong__90,q_002308,q_002309,Ligong_90_000177,Ligong_90_000178,177,178,1,True,0.00020825000000002092,1.250000000396767e-06,0.0002082537514668336,UNVERIFIED,False
Ligong__90,q_002309,q_002310,Ligong_90_000178,Ligong_90_000179,178,179,1,True,0.00020694444445723548,-2.8333333332852817e-06,0.00020696383952152446,UNVERIFIED,False
Ligong__90,q_002310,q_002311,Ligong_90_000179,Ligong_90_000180,179,180,1,True,0.00020730555556269792,-2.583333333916471e-06,0.00020732165101183464,UNVERIFIED,False
Ligong__90,q_002311,q_002312,Ligong_90_000180,Ligong_90_000181,180,181,1,True,0.00020794444444049986,-3.1388888892536215e-06,0.00020796813360976054,UNVERIFIED,False
Ligong__90,q_002312,q_002313,Ligong_90_000181,Ligong_90_000182,181,182,1,True,0.00020619444443070734,3.4166666722512673e-06,0.00020622274977615183,UNVERIFIED,False
Ligong__90,q_002313,q_002314,Ligong_90_000182,Ligong_90_000183,182,183,1,True,0.00021041666666121728,-2.250000004977437e-06,0.0002104286960203865,UNVERIFIED,False
Ligong__90,q_002314,q_002315,Ligong_90_000183,Ligong_90_000184,183,184,1,True,0.0002087777777859401,-8.055555547059612e-07,0.00020877933187216376,UNVERIFIED,False
Ligong__90,q_002315,q_002316,Ligong_90_000184,Ligong_90_000185,184,185,1,True,0.00020855555554533112,1.3888888972246605e-07,0.00020855560179229275,UNVERIFIED,False
Ligong__90,q_002316,q_002317,Ligong_90_000185,Ligong_90_000186,185,186,1,True,0.00020944444445092358,-6.388888920128011e-07,0.0002094454188813218,UNVERIFIED,False
Ligong__90,q_002317,q_002318,Ligong_90_000186,Ligong_90_000187,186,187,1,True,4.6111111231539326e-06,-0.00017669444443768612,0.00017675460118744466,UNVERIFIED,False
Ligong__90,q_002318,q_002319,Ligong_90_000187,Ligong_90_000188,187,188,1,True,-0.0002016666666833089,5.833333283078446e-07,0.00020166751034544144,UNVERIFIED,False
Ligong__90,q_002319,q_002320,Ligong_90_000188,Ligong_90_000189,188,189,1,True,-0.0002087222222399987,-1.7499999991343884e-06,0.00020872955841662766,UNVERIFIED,False
Ligong__90,q_002320,q_002321,Ligong_90_000189,Ligong_90_000190,189,190,1,True,-0.00020627777776383027,6.944444415069029e-07,0.00020627894670146657,UNVERIFIED,False
Ligong__90,q_002321,q_002322,Ligong_90_000190,Ligong_90_000191,190,191,1,True,-0.00020794444444049986,2.4444444477467187e-06,0.00020795881150440887,UNVERIFIED,False
Ligong__90,q_002322,q_002323,Ligong_90_000191,Ligong_90_000192,191,192,1,True,-0.00020944444443671273,-4.1666666916739814e-07,0.00020944485889254108,UNVERIFIED,False
Ligong__90,q_002323,q_002324,Ligong_90_000192,Ligong_90_000193,192,193,1,True,-0.00020888888889203372,2.638888890516e-06,0.0002089055567406595,UNVERIFIED,False
Ligong__90,q_002324,q_002325,Ligong_90_000193,Ligong_90_000194,193,194,1,True,-0.0002068055555639603,-2.6111111104398788e-06,0.00020682203875155406,UNVERIFIED,False
Ligong__90,q_002325,q_002326,Ligong_90_000194,Ligong_90_000195,194,195,1,True,-0.00020469444442028362,8.333333312293689e-08,0.00020469446138323574,UNVERIFIED,False
Ligong__90,q_002326,q_002327,Ligong_90_000195,Ligong_90_000196,195,196,1,True,-0.00020858333334672352,2.277777777948131e-06,0.0002085957699035052,UNVERIFIED,False
Ligong__90,q_002327,q_002328,Ligong_90_000196,Ligong_90_000197,196,197,1,True,-0.00020755555557627758,-8.888888913816118e-07,0.00020755745896989218,UNVERIFIED,False
Ligong__90,q_002328,q_002329,Ligong_90_000197,Ligong_90_000198,197,198,1,True,-0.0002086666666372139,1.1666666672738302e-06,0.0002086699280600793,UNVERIFIED,False
Ligong__90,q_002329,q_002330,Ligong_90_000198,Ligong_90_000199,198,199,1,True,-0.00020822222224126108,1.0555555540747719e-06,0.00020822489772507238,UNVERIFIED,False
