provenance_label,evaluation_type,asset_name,query_index,query_label,candidate_rank,gallery_index,gallery_label,score,is_positive
PUBLISHED_PRECOMPUTED_FEATURE_EVALUATION,FEATURE_SEARCH_ONLY,second_S2D.mat,0,0,1,39,0,0.9996427893638611,True
PUBLISHED_PRECOMPUTED_FEATURE_EVALUATION,FEATURE_SEARCH_ONLY,second_S2D.mat,0,0,2,41,0,0.9996049404144287,True
PUBLISHED_PRECOMPUTED_FEATURE_EVALUATION,FEATURE_SEARCH_ONLY,second_S2D.mat,0,0,3,38,0,0.9996031522750854,True
PUBLISHED_PRECOMPUTED_FEATURE_EVALUATION,FEATURE_SEARCH_ONLY,second_S2D.mat,0,0,4,40,0,0.9995949268341064,True
PUBLISHED_PRECOMPUTED_FEATURE_EVALUATION,FEATURE_SEARCH_ONLY,second_S2D.mat,0,0,5,42,0,0.9995580911636353,True
PUBLISHED_PRECOMPUTED_FEATURE_EVALUATION,FEATURE_SEARCH_ONLY,second_S2D.mat,0,0,6,37,0,0.9995508193969727,True
PUBLISHED_PRECOMPUTED_FEATURE_EVALUATION,FEATURE_SEARCH_ONLY,second_S2D.mat,0,0,7,20,0,0.9995473027229309,True
PUBLISHED_PRECOMPUTED_FEATURE_EVALUATION,FEATURE_SEARCH_ONLY,second_S2D.mat,0,0,8,21,0,0.9995464086532593,True
PUBLISHED_PRECOMPUTED_FEATURE_EVALUATION,FEATURE_SEARCH_ONLY,second_S2D.mat,0,0,9,35,0,0.9995422959327698,True
PUBLISHED_PRECOMPUTED_FEATURE_EVALUATION,FEATURE_SEARCH_ONLY,second_S2D.mat,0,0,10,36,0,0.9995397925376892,True
PUBLISHED_PRECOMPUTED_FEATURE_EVALUATION,FEATURE_SEARCH_ONLY,second_S2D.mat,1,1,1,90,1,0.9996620416641235,True
PUBLISHED_PRECOMPUTED_FEATURE_EVALUATION,FEATURE_SEARCH_ONLY,second_S2D.mat,1,1,2,89,1,0.9996610283851624,True
PUBLISHED_PRECOMPUTED_FEATURE_EVALUATION,FEATURE_SEARCH_ONLY,second_S2D.mat,1,1,3,91,1,0.9996437430381775,True
PUBLISHED_PRECOMPUTED_FEATURE_EVALUATION,FEATURE_SEARCH_ONLY,second_S2D.mat,1,1,4,95,1,0.9996171593666077,True
PUBLISHED_PRECOMPUTED_FEATURE_EVALUATION,FEATURE_SEARCH_ONLY,second_S2D.mat,1,1,5,92,1,0.999616801738739,True
PUBLISHED_PRECOMPUTED_FEATURE_EVALUATION,FEATURE_SEARCH_ONLY,second_S2D.mat,1,1,6,88,1,0.999606192111969,True
PUBLISHED_PRECOMPUTED_FEATURE_EVALUATION,FEATURE_SEARCH_ONLY,second_S2D.mat,1,1,7,94,1,0.9995929598808289,True
PUBLISHED_PRECOMPUTED_FEATURE_EVALUATION,FEATURE_SEARCH_ONLY,second_S2D.mat,1,1,8,87,1,0.9995781779289246,True
PUBLISHED_PRECOMPUTED_FEATURE_EVALUATION,FEATURE_SEARCH_ONLY,second_S2D.mat,1,1,9,93,1,0.9995771050453186,True
PUBLISHED_PRECOMPUTED_FEATURE_EVALUATION,FEATURE_SEARCH_ONLY,second_S2D.mat,1,1,10,86,1,0.9995754957199097,True
PUBLISHED_PRECOMPUTED_FEATURE_EVALUATION,FEATURE_SEARCH_ONLY,second_S2D.mat,2,3,1,192,3,0.9996544718742371,True
PUBLISHED_PRECOMPUTED_FEATURE_EVALUATION,FEATURE_SEARCH_ONLY,second_S2D.mat,2,3,2,190,3,0.9996060729026794,True
PUBLISHED_PRECOMPUTED_FEATURE_EVALUATION,FEATURE_SEARCH_ONLY,second_S2D.mat,2,3,3,198,3,0.9996039271354675,True
PUBLISHED_PRECOMPUTED_FEATURE_EVALUATION,FEATURE_SEARCH_ONLY,second_S2D.mat,2,3,4,195,3,0.9995945692062378,True
PUBLISHED_PRECOMPUTED_FEATURE_EVALUATION,FEATURE_SEARCH_ONLY,second_S2D.mat,2,3,5,188,3,0.9995911121368408,True
PUBLISHED_PRECOMPUTED_FEATURE_EVALUATION,FEATURE_SEARCH_ONLY,second_S2D.mat,2,3,6,193,3,0.9995904564857483,True
PUBLISHED_PRECOMPUTED_FEATURE_EVALUATION,FEATURE_SEARCH_ONLY,second_S2D.mat,2,3,7,191,3,0.9995875954627991,True
PUBLISHED_PRECOMPUTED_FEATURE_EVALUATION,FEATURE_SEARCH_ONLY,second_S2D.mat,2,3,8,197,3,0.9995783567428589,True
PUBLISHED_PRECOMPUTED_FEATURE_EVALUATION,FEATURE_SEARCH_ONLY,second_S2D.mat,2,3,9,211,3,0.9995756149291992,True
PUBLISHED_PRECOMPUTED_FEATURE_EVALUATION,FEATURE_SEARCH_ONLY,second_S2D.mat,2,3,10,196,3,0.9995749592781067,True
PUBLISHED_PRECOMPUTED_FEATURE_EVALUATION,FEATURE_SEARCH_ONLY,second_S2D.mat,3,4,1,243,4,0.9994938373565674,True
PUBLISHED_PRECOMPUTED_FEATURE_EVALUATION,FEATURE_SEARCH_ONLY,second_S2D.mat,3,4,2,261,4,0.9994440078735352,True
PUBLISHED_PRECOMPUTED_FEATURE_EVALUATION,FEATURE_SEARCH_ONLY,second_S2D.mat,3,4,3,260,4,0.9994395971298218,True
PUBLISHED_PRECOMPUTED_FEATURE_EVALUATION,FEATURE_SEARCH_ONLY,second_S2D.mat,3,4,4,245,4,0.9994307160377502,True
PUBLISHED_PRECOMPUTED_FEATURE_EVALUATION,FEATURE_SEARCH_ONLY,second_S2D.mat,3,4,5,241,4,0.999428391456604,True
PUBLISHED_PRECOMPUTED_FEATURE_EVALUATION,FEATURE_SEARCH_ONLY,second_S2D.mat,3,4,6,262,4,0.999426007270813,True
PUBLISHED_PRECOMPUTED_FEATURE_EVALUATION,FEATURE_SEARCH_ONLY,second_S2D.mat,3,4,7,263,4,0.9994251728057861,True
PUBLISHED_PRECOMPUTED_FEATURE_EVALUATION,FEATURE_SEARCH_ONLY,second_S2D.mat,3,4,8,226,4,0.9994050860404968,True
PUBLISHED_PRECOMPUTED_FEATURE_EVALUATION,FEATURE_SEARCH_ONLY,second_S2D.mat,3,4,9,244,4,0.9993996024131775,True
PUBLISHED_PRECOMPUTED_FEATURE_EVALUATION,FEATURE_SEARCH_ONLY,second_S2D.mat,3,4,10,259,4,0.9993778467178345,True
PUBLISHED_PRECOMPUTED_FEATURE_EVALUATION,FEATURE_SEARCH_ONLY,second_S2D.mat,4,5,1,301,5,0.9992678761482239,True
PUBLISHED_PRECOMPUTED_FEATURE_EVALUATION,FEATURE_SEARCH_ONLY,second_S2D.mat,4,5,2,319,5,0.9991946220397949,True
PUBLISHED_PRECOMPUTED_FEATURE_EVALUATION,FEATURE_SEARCH_ONLY,second_S2D.mat,4,5,3,318,5,0.9991933107376099,True
PUBLISHED_PRECOMPUTED_FEATURE_EVALUATION,FEATURE_SEARCH_ONLY,second_S2D.mat,4,5,4,302,5,0.9991120100021362,True
PUBLISHED_PRECOMPUTED_FEATURE_EVALUATION,FEATURE_SEARCH_ONLY,second_S2D.mat,4,5,5,312,5,0.9991087913513184,True
PUBLISHED_PRECOMPUTED_FEATURE_EVALUATION,FEATURE_SEARCH_ONLY,second_S2D.mat,4,5,6,300,5,0.9990988969802856,True
PUBLISHED_PRECOMPUTED_FEATURE_EVALUATION,FEATURE_SEARCH_ONLY,second_S2D.mat,4,5,7,283,5,0.9990854263305664,True
PUBLISHED_PRECOMPUTED_FEATURE_EVALUATION,FEATURE_SEARCH_ONLY,second_S2D.mat,4,5,8,292,5,0.9990818500518799,True
PUBLISHED_PRECOMPUTED_FEATURE_EVALUATION,FEATURE_SEARCH_ONLY,second_S2D.mat,4,5,9,310,5,0.9990783333778381,True
PUBLISHED_PRECOMPUTED_FEATURE_EVALUATION,FEATURE_SEARCH_ONLY,second_S2D.mat,4,5,10,313,5,0.9990519285202026,True
PUBLISHED_PRECOMPUTED_FEATURE_EVALUATION,FEATURE_SEARCH_ONLY,second_S2D.mat,5,6,1,359,6,0.9994207620620728,True
PUBLISHED_PRECOMPUTED_FEATURE_EVALUATION,FEATURE_SEARCH_ONLY,second_S2D.mat,5,6,2,351,6,0.9993848204612732,True
PUBLISHED_PRECOMPUTED_FEATURE_EVALUATION,FEATURE_SEARCH_ONLY,second_S2D.mat,5,6,3,352,6,0.9993802309036255,True
PUBLISHED_PRECOMPUTED_FEATURE_EVALUATION,FEATURE_SEARCH_ONLY,second_S2D.mat,5,6,4,370,6,0.9993140697479248,True
PUBLISHED_PRECOMPUTED_FEATURE_EVALUATION,FEATURE_SEARCH_ONLY,second_S2D.mat,5,6,5,358,6,0.9992865324020386,True
PUBLISHED_PRECOMPUTED_FEATURE_EVALUATION,FEATURE_SEARCH_ONLY,second_S2D.mat,5,6,6,369,6,0.9992837905883789,True
PUBLISHED_PRECOMPUTED_FEATURE_EVALUATION,FEATURE_SEARCH_ONLY,second_S2D.mat,5,6,7,368,6,0.9992689490318298,True
PUBLISHED_PRECOMPUTED_FEATURE_EVALUATION,FEATURE_SEARCH_ONLY,second_S2D.mat,5,6,8,362,6,0.999266505241394,True
PUBLISHED_PRECOMPUTED_FEATURE_EVALUATION,FEATURE_SEARCH_ONLY,second_S2D.mat,5,6,9,334,6,0.9992496371269226,True
PUBLISHED_PRECOMPUTED_FEATURE_EVALUATION,FEATURE_SEARCH_ONLY,second_S2D.mat,5,6,10,360,6,0.999244213104248,True
PUBLISHED_PRECOMPUTED_FEATURE_EVALUATION,FEATURE_SEARCH_ONLY,second_S2D.mat,6,7,1,418,7,0.9996448755264282,True
PUBLISHED_PRECOMPUTED_FEATURE_EVALUATION,FEATURE_SEARCH_ONLY,second_S2D.mat,6,7,2,421,7,0.9996329545974731,True
PUBLISHED_PRECOMPUTED_FEATURE_EVALUATION,FEATURE_SEARCH_ONLY,second_S2D.mat,6,7,3,417,7,0.9996169209480286,True
PUBLISHED_PRECOMPUTED_FEATURE_EVALUATION,FEATURE_SEARCH_ONLY,second_S2D.mat,6,7,4,408,7,0.9996077418327332,True
PUBLISHED_PRECOMPUTED_FEATURE_EVALUATION,FEATURE_SEARCH_ONLY,second_S2D.mat,6,7,5,420,7,0.9996052980422974,True
PUBLISHED_PRECOMPUTED_FEATURE_EVALUATION,FEATURE_SEARCH_ONLY,second_S2D.mat,6,7,6,404,7,0.9996011257171631,True
PUBLISHED_PRECOMPUTED_FEATURE_EVALUATION,FEATURE_SEARCH_ONLY,second_S2D.mat,6,7,7,403,7,0.9995945692062378,True
PUBLISHED_PRECOMPUTED_FEATURE_EVALUATION,FEATURE_SEARCH_ONLY,second_S2D.mat,6,7,8,422,7,0.9995938539505005,True
PUBLISHED_PRECOMPUTED_FEATURE_EVALUATION,FEATURE_SEARCH_ONLY,second_S2D.mat,6,7,9,424,7,0.999579906463623,True
PUBLISHED_PRECOMPUTED_FEATURE_EVALUATION,FEATURE_SEARCH_ONLY,second_S2D.mat,6,7,10,406,7,0.9995790123939514,True
PUBLISHED_PRECOMPUTED_FEATURE_EVALUATION,FEATURE_SEARCH_ONLY,second_S2D.mat,7,8,1,467,8,0.9993394613265991,True
PUBLISHED_PRECOMPUTED_FEATURE_EVALUATION,FEATURE_SEARCH_ONLY,second_S2D.mat,7,8,2,450,8,0.9993383884429932,True
PUBLISHED_PRECOMPUTED_FEATURE_EVALUATION,FEATURE_SEARCH_ONLY,second_S2D.mat,7,8,3,449,8,0.999313473701477,True
PUBLISHED_PRECOMPUTED_FEATURE_EVALUATION,FEATURE_SEARCH_ONLY,second_S2D.mat,7,8,4,455,8,0.9992886781692505,True
PUBLISHED_PRECOMPUTED_FEATURE_EVALUATION,FEATURE_SEARCH_ONLY,second_S2D.mat,7,8,5,453,8,0.999286413192749,True
PUBLISHED_PRECOMPUTED_FEATURE_EVALUATION,FEATURE_SEARCH_ONLY,second_S2D.mat,7,8,6,452,8,0.9992736577987671,True
PUBLISHED_PRECOMPUTED_FEATURE_EVALUATION,FEATURE_SEARCH_ONLY,second_S2D.mat,7,8,7,473,8,0.9992733597755432,True
PUBLISHED_PRECOMPUTED_FEATURE_EVALUATION,FEATURE_SEARCH_ONLY,second_S2D.mat,7,8,8,472,8,0.9992639422416687,True
PUBLISHED_PRECOMPUTED_FEATURE_EVALUATION,FEATURE_SEARCH_ONLY,second_S2D.mat,7,8,9,468,8,0.9992485046386719,True
PUBLISHED_PRECOMPUTED_FEATURE_EVALUATION,FEATURE_SEARCH_ONLY,second_S2D.mat,7,8,10,454,8,0.9992464780807495,True
PUBLISHED_PRECOMPUTED_FEATURE_EVALUATION,FEATURE_SEARCH_ONLY,second_S2D.mat,8,10,1,552,10,0.9992632269859314,True
PUBLISHED_PRECOMPUTED_FEATURE_EVALUATION,FEATURE_SEARCH_ONLY,second_S2D.mat,8,10,2,551,10,0.999232292175293,True
PUBLISHED_PRECOMPUTED_FEATURE_EVALUATION,FEATURE_SEARCH_ONLY,second_S2D.mat,8,10,3,569,10,0.9991971254348755,True
PUBLISHED_PRECOMPUTED_FEATURE_EVALUATION,FEATURE_SEARCH_ONLY,second_S2D.mat,8,10,4,570,10,0.9991964101791382,True
PUBLISHED_PRECOMPUTED_FEATURE_EVALUATION,FEATURE_SEARCH_ONLY,second_S2D.mat,8,10,5,549,10,0.9991459846496582,True
PUBLISHED_PRECOMPUTED_FEATURE_EVALUATION,FEATURE_SEARCH_ONLY,second_S2D.mat,8,10,6,575,10,0.9991300702095032,True
PUBLISHED_PRECOMPUTED_FEATURE_EVALUATION,FEATURE_SEARCH_ONLY,second_S2D.mat,8,10,7,588,10,0.9991269111633301,True
PUBLISHED_PRECOMPUTED_FEATURE_EVALUATION,FEATURE_SEARCH_ONLY,second_S2D.mat,8,10,8,587,10,0.9991154670715332,True
PUBLISHED_PRECOMPUTED_FEATURE_EVALUATION,FEATURE_SEARCH_ONLY,second_S2D.mat,8,10,9,576,10,0.999111533164978,True
PUBLISHED_PRECOMPUTED_FEATURE_EVALUATION,FEATURE_SEARCH_ONLY,second_S2D.mat,8,10,10,571,10,0.9991093873977661,True
PUBLISHED_PRECOMPUTED_FEATURE_EVALUATION,FEATURE_SEARCH_ONLY,second_S2D.mat,9,11,1,626,11,0.999667763710022,True
PUBLISHED_PRECOMPUTED_FEATURE_EVALUATION,FEATURE_SEARCH_ONLY,second_S2D.mat,9,11,2,636,11,0.9996302127838135,True
PUBLISHED_PRECOMPUTED_FEATURE_EVALUATION,FEATURE_SEARCH_ONLY,second_S2D.mat,9,11,3,637,11,0.9996294975280762,True
PUBLISHED_PRECOMPUTED_FEATURE_EVALUATION,FEATURE_SEARCH_ONLY,second_S2D.mat,9,11,4,638,11,0.9996230602264404,True
PUBLISHED_PRECOMPUTED_FEATURE_EVALUATION,FEATURE_SEARCH_ONLY,second_S2D.mat,9,11,5,625,11,0.999617338180542,True
PUBLISHED_PRECOMPUTED_FEATURE_EVALUATION,FEATURE_SEARCH_ONLY,second_S2D.mat,9,11,6,627,11,0.9996093511581421,True
PUBLISHED_PRECOMPUTED_FEATURE_EVALUATION,FEATURE_SEARCH_ONLY,second_S2D.mat,9,11,7,624,11,0.9996092915534973,True
PUBLISHED_PRECOMPUTED_FEATURE_EVALUATION,FEATURE_SEARCH_ONLY,second_S2D.mat,9,11,8,608,11,0.9996076822280884,True
PUBLISHED_PRECOMPUTED_FEATURE_EVALUATION,FEATURE_SEARCH_ONLY,second_S2D.mat,9,11,9,639,11,0.999600887298584,True
PUBLISHED_PRECOMPUTED_FEATURE_EVALUATION,FEATURE_SEARCH_ONLY,second_S2D.mat,9,11,10,635,11,0.9995770454406738,True
PUBLISHED_PRECOMPUTED_FEATURE_EVALUATION,FEATURE_SEARCH_ONLY,second_S2D.mat,10,12,1,688,12,0.9993916153907776,True
PUBLISHED_PRECOMPUTED_FEATURE_EVALUATION,FEATURE_SEARCH_ONLY,second_S2D.mat,10,12,2,669,12,0.9993667006492615,True
PUBLISHED_PRECOMPUTED_FEATURE_EVALUATION,FEATURE_SEARCH_ONLY,second_S2D.mat,10,12,3,665,12,0.9993629455566406,True
PUBLISHED_PRECOMPUTED_FEATURE_EVALUATION,FEATURE_SEARCH_ONLY,second_S2D.mat,10,12,4,674,12,0.9993625283241272,True
PUBLISHED_PRECOMPUTED_FEATURE_EVALUATION,FEATURE_SEARCH_ONLY,second_S2D.mat,10,12,5,671,12,0.999354362487793,True
PUBLISHED_PRECOMPUTED_FEATURE_EVALUATION,FEATURE_SEARCH_ONLY,second_S2D.mat,10,12,6,689,12,0.9993530511856079,True
PUBLISHED_PRECOMPUTED_FEATURE_EVALUATION,FEATURE_SEARCH_ONLY,second_S2D.mat,10,12,7,678,12,0.9993404746055603,True
PUBLISHED_PRECOMPUTED_FEATURE_EVALUATION,FEATURE_SEARCH_ONLY,second_S2D.mat,10,12,8,677,12,0.9993257522583008,True
PUBLISHED_PRECOMPUTED_FEATURE_EVALUATION,FEATURE_SEARCH_ONLY,second_S2D.mat,10,12,9,670,12,0.9993090629577637,True
PUBLISHED_PRECOMPUTED_FEATURE_EVALUATION,FEATURE_SEARCH_ONLY,second_S2D.mat,10,12,10,668,12,0.9993056058883667,True
PUBLISHED_PRECOMPUTED_FEATURE_EVALUATION,FEATURE_SEARCH_ONLY,second_S2D.mat,11,13,1,737,13,0.9991858601570129,True
PUBLISHED_PRECOMPUTED_FEATURE_EVALUATION,FEATURE_SEARCH_ONLY,second_S2D.mat,11,13,2,739,13,0.9991557002067566,True
PUBLISHED_PRECOMPUTED_FEATURE_EVALUATION,FEATURE_SEARCH_ONLY,second_S2D.mat,11,13,3,736,13,0.999153733253479,True
PUBLISHED_PRECOMPUTED_FEATURE_EVALUATION,FEATURE_SEARCH_ONLY,second_S2D.mat,11,13,4,754,13,0.9991055727005005,True
PUBLISHED_PRECOMPUTED_FEATURE_EVALUATION,FEATURE_SEARCH_ONLY,second_S2D.mat,11,13,5,749,13,0.9990719556808472,True
PUBLISHED_PRECOMPUTED_FEATURE_EVALUATION,FEATURE_SEARCH_ONLY,second_S2D.mat,11,13,6,735,13,0.9990692138671875,True
PUBLISHED_PRECOMPUTED_FEATURE_EVALUATION,FEATURE_SEARCH_ONLY,second_S2D.mat,11,13,7,746,13,0.9990668892860413,True
PUBLISHED_PRECOMPUTED_FEATURE_EVALUATION,FEATURE_SEARCH_ONLY,second_S2D.mat,11,13,8,747,13,0.9990664124488831,True
PUBLISHED_PRECOMPUTED_FEATURE_EVALUATION,FEATURE_SEARCH_ONLY,second_S2D.mat,11,13,9,755,13,0.9990663528442383,True
PUBLISHED_PRECOMPUTED_FEATURE_EVALUATION,FEATURE_SEARCH_ONLY,second_S2D.mat,11,13,10,748,13,0.9990648627281189,True
PUBLISHED_PRECOMPUTED_FEATURE_EVALUATION,FEATURE_SEARCH_ONLY,second_S2D.mat,12,15,1,851,15,0.9995229244232178,True
PUBLISHED_PRECOMPUTED_FEATURE_EVALUATION,FEATURE_SEARCH_ONLY,second_S2D.mat,12,15,2,850,15,0.9995171427726746,True
PUBLISHED_PRECOMPUTED_FEATURE_EVALUATION,FEATURE_SEARCH_ONLY,second_S2D.mat,12,15,3,852,15,0.9995129108428955,True
PUBLISHED_PRECOMPUTED_FEATURE_EVALUATION,FEATURE_SEARCH_ONLY,second_S2D.mat,12,15,4,848,15,0.9994899034500122,True
PUBLISHED_PRECOMPUTED_FEATURE_EVALUATION,FEATURE_SEARCH_ONLY,second_S2D.mat,12,15,5,846,15,0.9994809031486511,True
PUBLISHED_PRECOMPUTED_FEATURE_EVALUATION,FEATURE_SEARCH_ONLY,second_S2D.mat,12,15,6,847,15,0.9994685649871826,True
PUBLISHED_PRECOMPUTED_FEATURE_EVALUATION,FEATURE_SEARCH_ONLY,second_S2D.mat,12,15,7,849,15,0.9994666576385498,True
PUBLISHED_PRECOMPUTED_FEATURE_EVALUATION,FEATURE_SEARCH_ONLY,second_S2D.mat,12,15,8,858,15,0.9994529485702515,True
PUBLISHED_PRECOMPUTED_FEATURE_EVALUATION,FEATURE_SEARCH_ONLY,second_S2D.mat,12,15,9,854,15,0.9994442462921143,True
PUBLISHED_PRECOMPUTED_FEATURE_EVALUATION,FEATURE_SEARCH_ONLY,second_S2D.mat,12,15,10,853,15,0.999443769454956,True
PUBLISHED_PRECOMPUTED_FEATURE_EVALUATION,FEATURE_SEARCH_ONLY,second_S2D.mat,13,16,1,896,16,0.9994980692863464,True
PUBLISHED_PRECOMPUTED_FEATURE_EVALUATION,FEATURE_SEARCH_ONLY,second_S2D.mat,13,16,2,895,16,0.9994606375694275,True
PUBLISHED_PRECOMPUTED_FEATURE_EVALUATION,FEATURE_SEARCH_ONLY,second_S2D.mat,13,16,3,894,16,0.9993932247161865,True
PUBLISHED_PRECOMPUTED_FEATURE_EVALUATION,FEATURE_SEARCH_ONLY,second_S2D.mat,13,16,4,886,16,0.9993683099746704,True
PUBLISHED_PRECOMPUTED_FEATURE_EVALUATION,FEATURE_SEARCH_ONLY,second_S2D.mat,13,16,5,897,16,0.9993594288825989,True
PUBLISHED_PRECOMPUTED_FEATURE_EVALUATION,FEATURE_SEARCH_ONLY,second_S2D.mat,13,16,6,913,16,0.9993565678596497,True
PUBLISHED_PRECOMPUTED_FEATURE_EVALUATION,FEATURE_SEARCH_ONLY,second_S2D.mat,13,16,7,902,16,0.9993348717689514,True
PUBLISHED_PRECOMPUTED_FEATURE_EVALUATION,FEATURE_SEARCH_ONLY,second_S2D.mat,13,16,8,885,16,0.9993202686309814,True
PUBLISHED_PRECOMPUTED_FEATURE_EVALUATION,FEATURE_SEARCH_ONLY,second_S2D.mat,13,16,9,893,16,0.9993101358413696,True
PUBLISHED_PRECOMPUTED_FEATURE_EVALUATION,FEATURE_SEARCH_ONLY,second_S2D.mat,13,16,10,875,16,0.999309778213501,True
PUBLISHED_PRECOMPUTED_FEATURE_EVALUATION,FEATURE_SEARCH_ONLY,second_S2D.mat,14,17,1,949,17,0.9994807243347168,True
PUBLISHED_PRECOMPUTED_FEATURE_EVALUATION,FEATURE_SEARCH_ONLY,second_S2D.mat,14,17,2,950,17,0.9994768500328064,True
PUBLISHED_PRECOMPUTED_FEATURE_EVALUATION,FEATURE_SEARCH_ONLY,second_S2D.mat,14,17,3,951,17,0.9994431734085083,True
PUBLISHED_PRECOMPUTED_FEATURE_EVALUATION,FEATURE_SEARCH_ONLY,second_S2D.mat,14,17,4,968,17,0.9994127750396729,True
PUBLISHED_PRECOMPUTED_FEATURE_EVALUATION,FEATURE_SEARCH_ONLY,second_S2D.mat,14,17,5,934,17,0.9993953108787537,True
PUBLISHED_PRECOMPUTED_FEATURE_EVALUATION,FEATURE_SEARCH_ONLY,second_S2D.mat,14,17,6,957,17,0.9993948936462402,True
PUBLISHED_PRECOMPUTED_FEATURE_EVALUATION,FEATURE_SEARCH_ONLY,second_S2D.mat,14,17,7,948,17,0.9993940591812134,True
PUBLISHED_PRECOMPUTED_FEATURE_EVALUATION,FEATURE_SEARCH_ONLY,second_S2D.mat,14,17,8,933,17,0.9993918538093567,True
PUBLISHED_PRECOMPUTED_FEATURE_EVALUATION,FEATURE_SEARCH_ONLY,second_S2D.mat,14,17,9,967,17,0.9993887543678284,True
PUBLISHED_PRECOMPUTED_FEATURE_EVALUATION,FEATURE_SEARCH_ONLY,second_S2D.mat,14,17,10,960,17,0.9993816018104553,True
PUBLISHED_PRECOMPUTED_FEATURE_EVALUATION,FEATURE_SEARCH_ONLY,second_S2D.mat,15,18,1,1003,18,0.9994146227836609,True
PUBLISHED_PRECOMPUTED_FEATURE_EVALUATION,FEATURE_SEARCH_ONLY,second_S2D.mat,15,18,2,993,18,0.9993996620178223,True
PUBLISHED_PRECOMPUTED_FEATURE_EVALUATION,FEATURE_SEARCH_ONLY,second_S2D.mat,15,18,3,1013,18,0.9993922114372253,True
PUBLISHED_PRECOMPUTED_FEATURE_EVALUATION,FEATURE_SEARCH_ONLY,second_S2D.mat,15,18,4,1014,18,0.9993734359741211,True
PUBLISHED_PRECOMPUTED_FEATURE_EVALUATION,FEATURE_SEARCH_ONLY,second_S2D.mat,15,18,5,1020,18,0.9993723630905151,True
PUBLISHED_PRECOMPUTED_FEATURE_EVALUATION,FEATURE_SEARCH_ONLY,second_S2D.mat,15,18,6,1011,18,0.9993646740913391,True
PUBLISHED_PRECOMPUTED_FEATURE_EVALUATION,FEATURE_SEARCH_ONLY,second_S2D.mat,15,18,7,992,18,0.9993555545806885,True
PUBLISHED_PRECOMPUTED_FEATURE_EVALUATION,FEATURE_SEARCH_ONLY,second_S2D.mat,15,18,8,1002,18,0.9993523955345154,True
PUBLISHED_PRECOMPUTED_FEATURE_EVALUATION,FEATURE_SEARCH_ONLY,second_S2D.mat,15,18,9,1004,18,0.9993249177932739,True
PUBLISHED_PRECOMPUTED_FEATURE_EVALUATION,FEATURE_SEARCH_ONLY,second_S2D.mat,15,18,10,998,18,0.9993245005607605,True
PUBLISHED_PRECOMPUTED_FEATURE_EVALUATION,FEATURE_SEARCH_ONLY,second_S2D.mat,16,20,1,1121,20,0.999198853969574,True
PUBLISHED_PRECOMPUTED_FEATURE_EVALUATION,FEATURE_SEARCH_ONLY,second_S2D.mat,16,20,2,1120,20,0.9991316795349121,True
PUBLISHED_PRECOMPUTED_FEATURE_EVALUATION,FEATURE_SEARCH_ONLY,second_S2D.mat,16,20,3,1103,20,0.9991271495819092,True
PUBLISHED_PRECOMPUTED_FEATURE_EVALUATION,FEATURE_SEARCH_ONLY,second_S2D.mat,16,20,4,1123,20,0.9990788698196411,True
PUBLISHED_PRECOMPUTED_FEATURE_EVALUATION,FEATURE_SEARCH_ONLY,second_S2D.mat,16,20,5,1122,20,0.999061644077301,True
PUBLISHED_PRECOMPUTED_FEATURE_EVALUATION,FEATURE_SEARCH_ONLY,second_S2D.mat,16,20,6,1102,20,0.9990085959434509,True
PUBLISHED_PRECOMPUTED_FEATURE_EVALUATION,FEATURE_SEARCH_ONLY,second_S2D.mat,16,20,7,1119,20,0.9990004301071167,True
PUBLISHED_PRECOMPUTED_FEATURE_EVALUATION,FEATURE_SEARCH_ONLY,second_S2D.mat,16,20,8,1104,20,0.9989861249923706,True
PUBLISHED_PRECOMPUTED_FEATURE_EVALUATION,FEATURE_SEARCH_ONLY,second_S2D.mat,16,20,9,1105,20,0.9989283084869385,True
PUBLISHED_PRECOMPUTED_FEATURE_EVALUATION,FEATURE_SEARCH_ONLY,second_S2D.mat,16,20,10,1106,20,0.9988880753517151,True
PUBLISHED_PRECOMPUTED_FEATURE_EVALUATION,FEATURE_SEARCH_ONLY,second_S2D.mat,17,21,1,1171,21,0.9994179606437683,True
PUBLISHED_PRECOMPUTED_FEATURE_EVALUATION,FEATURE_SEARCH_ONLY,second_S2D.mat,17,21,2,1172,21,0.9993888735771179,True
PUBLISHED_PRECOMPUTED_FEATURE_EVALUATION,FEATURE_SEARCH_ONLY,second_S2D.mat,17,21,3,1170,21,0.9993875026702881,True
PUBLISHED_PRECOMPUTED_FEATURE_EVALUATION,FEATURE_SEARCH_ONLY,second_S2D.mat,17,21,4,1174,21,0.9993792176246643,True
PUBLISHED_PRECOMPUTED_FEATURE_EVALUATION,FEATURE_SEARCH_ONLY,second_S2D.mat,17,21,5,1173,21,0.9993709325790405,True
PUBLISHED_PRECOMPUTED_FEATURE_EVALUATION,FEATURE_SEARCH_ONLY,second_S2D.mat,17,21,6,1169,21,0.999356746673584,True
PUBLISHED_PRECOMPUTED_FEATURE_EVALUATION,FEATURE_SEARCH_ONLY,second_S2D.mat,17,21,7,1175,21,0.9993221759796143,True
PUBLISHED_PRECOMPUTED_FEATURE_EVALUATION,FEATURE_SEARCH_ONLY,second_S2D.mat,17,21,8,1176,21,0.9993135929107666,True
PUBLISHED_PRECOMPUTED_FEATURE_EVALUATION,FEATURE_SEARCH_ONLY,second_S2D.mat,17,21,9,1168,21,0.9993125200271606,True
PUBLISHED_PRECOMPUTED_FEATURE_EVALUATION,FEATURE_SEARCH_ONLY,second_S2D.mat,17,21,10,1154,21,0.9992456436157227,True
PUBLISHED_PRECOMPUTED_FEATURE_EVALUATION,FEATURE_SEARCH_ONLY,second_S2D.mat,18,23,1,1283,23,0.9995855093002319,True
PUBLISHED_PRECOMPUTED_FEATURE_EVALUATION,FEATURE_SEARCH_ONLY,second_S2D.mat,18,23,2,1282,23,0.9995808601379395,True
PUBLISHED_PRECOMPUTED_FEATURE_EVALUATION,FEATURE_SEARCH_ONLY,second_S2D.mat,18,23,3,1280,23,0.9995535612106323,True
PUBLISHED_PRECOMPUTED_FEATURE_EVALUATION,FEATURE_SEARCH_ONLY,second_S2D.mat,18,23,4,1277,23,0.9995490908622742,True
PUBLISHED_PRECOMPUTED_FEATURE_EVALUATION,FEATURE_SEARCH_ONLY,second_S2D.mat,18,23,5,1274,23,0.9995465874671936,True
PUBLISHED_PRECOMPUTED_FEATURE_EVALUATION,FEATURE_SEARCH_ONLY,second_S2D.mat,18,23,6,1284,23,0.9995442032814026,True
PUBLISHED_PRECOMPUTED_FEATURE_EVALUATION,FEATURE_SEARCH_ONLY,second_S2D.mat,18,23,7,1281,23,0.9995406270027161,True
PUBLISHED_PRECOMPUTED_FEATURE_EVALUATION,FEATURE_SEARCH_ONLY,second_S2D.mat,18,23,8,1278,23,0.9995378255844116,True
PUBLISHED_PRECOMPUTED_FEATURE_EVALUATION,FEATURE_SEARCH_ONLY,second_S2D.mat,18,23,9,1290,23,0.999534010887146,True
PUBLISHED_PRECOMPUTED_FEATURE_EVALUATION,FEATURE_SEARCH_ONLY,second_S2D.mat,18,23,10,1279,23,0.9995333552360535,True
PUBLISHED_PRECOMPUTED_FEATURE_EVALUATION,FEATURE_SEARCH_ONLY,second_S2D.mat,19,24,1,1323,24,0.9995436668395996,True
PUBLISHED_PRECOMPUTED_FEATURE_EVALUATION,FEATURE_SEARCH_ONLY,second_S2D.mat,19,24,2,1333,24,0.9995236396789551,True
PUBLISHED_PRECOMPUTED_FEATURE_EVALUATION,FEATURE_SEARCH_ONLY,second_S2D.mat,19,24,3,1330,24,0.9994959235191345,True
PUBLISHED_PRECOMPUTED_FEATURE_EVALUATION,FEATURE_SEARCH_ONLY,second_S2D.mat,19,24,4,1322,24,0.9994905591011047,True
PUBLISHED_PRECOMPUTED_FEATURE_EVALUATION,FEATURE_SEARCH_ONLY,second_S2D.mat,19,24,5,1332,24,0.9994844198226929,True
PUBLISHED_PRECOMPUTED_FEATURE_EVALUATION,FEATURE_SEARCH_ONLY,second_S2D.mat,19,24,6,1329,24,0.9994710683822632,True
PUBLISHED_PRECOMPUTED_FEATURE_EVALUATION,FEATURE_SEARCH_ONLY,second_S2D.mat,19,24,7,1324,24,0.9994698762893677,True
PUBLISHED_PRECOMPUTED_FEATURE_EVALUATION,FEATURE_SEARCH_ONLY,second_S2D.mat,19,24,8,1331,24,0.9994668364524841,True
PUBLISHED_PRECOMPUTED_FEATURE_EVALUATION,FEATURE_SEARCH_ONLY,second_S2D.mat,19,24,9,1334,24,0.9994443655014038,True
PUBLISHED_PRECOMPUTED_FEATURE_EVALUATION,FEATURE_SEARCH_ONLY,second_S2D.mat,19,24,10,1321,24,0.9994325041770935,True
PUBLISHED_PRECOMPUTED_FEATURE_EVALUATION,FEATURE_SEARCH_ONLY,second_S2D.mat,20,25,1,1391,25,0.999462366104126,True
PUBLISHED_PRECOMPUTED_FEATURE_EVALUATION,FEATURE_SEARCH_ONLY,second_S2D.mat,20,25,2,1382,25,0.9994574785232544,True
PUBLISHED_PRECOMPUTED_FEATURE_EVALUATION,FEATURE_SEARCH_ONLY,second_S2D.mat,20,25,3,1381,25,0.999449610710144,True
PUBLISHED_PRECOMPUTED_FEATURE_EVALUATION,FEATURE_SEARCH_ONLY,second_S2D.mat,20,25,4,1373,25,0.9994484186172485,True
PUBLISHED_PRECOMPUTED_FEATURE_EVALUATION,FEATURE_SEARCH_ONLY,second_S2D.mat,20,25,5,1384,25,0.999441921710968,True
PUBLISHED_PRECOMPUTED_FEATURE_EVALUATION,FEATURE_SEARCH_ONLY,second_S2D.mat,20,25,6,1390,25,0.9994335174560547,True
PUBLISHED_PRECOMPUTED_FEATURE_EVALUATION,FEATURE_SEARCH_ONLY,second_S2D.mat,20,25,7,1386,25,0.9994275569915771,True
PUBLISHED_PRECOMPUTED_FEATURE_EVALUATION,FEATURE_SEARCH_ONLY,second_S2D.mat,20,25,8,1388,25,0.9994235038757324,True
PUBLISHED_PRECOMPUTED_FEATURE_EVALUATION,FEATURE_SEARCH_ONLY,second_S2D.mat,20,25,9,1392,25,0.9994139075279236,True
PUBLISHED_PRECOMPUTED_FEATURE_EVALUATION,FEATURE_SEARCH_ONLY,second_S2D.mat,20,25,10,1400,25,0.9993979334831238,True
PUBLISHED_PRECOMPUTED_FEATURE_EVALUATION,FEATURE_SEARCH_ONLY,second_S2D.mat,21,26,1,1434,26,0.9993239641189575,True
PUBLISHED_PRECOMPUTED_FEATURE_EVALUATION,FEATURE_SEARCH_ONLY,second_S2D.mat,21,26,2,1438,26,0.9993147253990173,True
PUBLISHED_PRECOMPUTED_FEATURE_EVALUATION,FEATURE_SEARCH_ONLY,second_S2D.mat,21,26,3,1437,26,0.9993120431900024,True
PUBLISHED_PRECOMPUTED_FEATURE_EVALUATION,FEATURE_SEARCH_ONLY,second_S2D.mat,21,26,4,1416,26,0.9992616176605225,True
PUBLISHED_PRECOMPUTED_FEATURE_EVALUATION,FEATURE_SEARCH_ONLY,second_S2D.mat,21,26,5,1440,26,0.9992365837097168,True
PUBLISHED_PRECOMPUTED_FEATURE_EVALUATION,FEATURE_SEARCH_ONLY,second_S2D.mat,21,26,6,1439,26,0.9992325901985168,True
PUBLISHED_PRECOMPUTED_FEATURE_EVALUATION,FEATURE_SEARCH_ONLY,second_S2D.mat,21,26,7,1435,26,0.9992318153381348,True
PUBLISHED_PRECOMPUTED_FEATURE_EVALUATION,FEATURE_SEARCH_ONLY,second_S2D.mat,21,26,8,1446,26,0.999226987361908,True
PUBLISHED_PRECOMPUTED_FEATURE_EVALUATION,FEATURE_SEARCH_ONLY,second_S2D.mat,21,26,9,1419,26,0.9991940259933472,True
PUBLISHED_PRECOMPUTED_FEATURE_EVALUATION,FEATURE_SEARCH_ONLY,second_S2D.mat,21,26,10,1415,26,0.9991910457611084,True
PUBLISHED_PRECOMPUTED_FEATURE_EVALUATION,FEATURE_SEARCH_ONLY,second_S2D.mat,22,27,1,1487,27,0.9992193579673767,True
PUBLISHED_PRECOMPUTED_FEATURE_EVALUATION,FEATURE_SEARCH_ONLY,second_S2D.mat,22,27,2,1486,27,0.9991400241851807,True
PUBLISHED_PRECOMPUTED_FEATURE_EVALUATION,FEATURE_SEARCH_ONLY,second_S2D.mat,22,27,3,1469,27,0.9991333484649658,True
PUBLISHED_PRECOMPUTED_FEATURE_EVALUATION,FEATURE_SEARCH_ONLY,second_S2D.mat,22,27,4,1488,27,0.9991322755813599,True
PUBLISHED_PRECOMPUTED_FEATURE_EVALUATION,FEATURE_SEARCH_ONLY,second_S2D.mat,22,27,5,1485,27,0.9991177320480347,True
PUBLISHED_PRECOMPUTED_FEATURE_EVALUATION,FEATURE_SEARCH_ONLY,second_S2D.mat,22,27,6,1490,27,0.9990634918212891,True
PUBLISHED_PRECOMPUTED_FEATURE_EVALUATION,FEATURE_SEARCH_ONLY,second_S2D.mat,22,27,7,1489,27,0.9990582466125488,True
PUBLISHED_PRECOMPUTED_FEATURE_EVALUATION,FEATURE_SEARCH_ONLY,second_S2D.mat,22,27,8,1468,27,0.9990576505661011,True
PUBLISHED_PRECOMPUTED_FEATURE_EVALUATION,FEATURE_SEARCH_ONLY,second_S2D.mat,22,27,9,1471,27,0.9990554451942444,True
PUBLISHED_PRECOMPUTED_FEATURE_EVALUATION,FEATURE_SEARCH_ONLY,second_S2D.mat,22,27,10,1470,27,0.9990503787994385,True
PUBLISHED_PRECOMPUTED_FEATURE_EVALUATION,FEATURE_SEARCH_ONLY,second_S2D.mat,23,28,1,1553,28,0.9993582963943481,True
PUBLISHED_PRECOMPUTED_FEATURE_EVALUATION,FEATURE_SEARCH_ONLY,second_S2D.mat,23,28,2,1551,28,0.9993486404418945,True
PUBLISHED_PRECOMPUTED_FEATURE_EVALUATION,FEATURE_SEARCH_ONLY,second_S2D.mat,23,28,3,1552,28,0.999340832233429,True
PUBLISHED_PRECOMPUTED_FEATURE_EVALUATION,FEATURE_SEARCH_ONLY,second_S2D.mat,23,28,4,1554,28,0.999324381351471,True
PUBLISHED_PRECOMPUTED_FEATURE_EVALUATION,FEATURE_SEARCH_ONLY,second_S2D.mat,23,28,5,1549,28,0.99931800365448,True
PUBLISHED_PRECOMPUTED_FEATURE_EVALUATION,FEATURE_SEARCH_ONLY,second_S2D.mat,23,28,6,1546,28,0.9992989301681519,True
PUBLISHED_PRECOMPUTED_FEATURE_EVALUATION,FEATURE_SEARCH_ONLY,second_S2D.mat,23,28,7,1545,28,0.9992853999137878,True
PUBLISHED_PRECOMPUTED_FEATURE_EVALUATION,FEATURE_SEARCH_ONLY,second_S2D.mat,23,28,8,1542,28,0.9992833733558655,True
PUBLISHED_PRECOMPUTED_FEATURE_EVALUATION,FEATURE_SEARCH_ONLY,second_S2D.mat,23,28,9,1547,28,0.9992770552635193,True
PUBLISHED_PRECOMPUTED_FEATURE_EVALUATION,FEATURE_SEARCH_ONLY,second_S2D.mat,23,28,10,1550,28,0.9992733001708984,True
PUBLISHED_PRECOMPUTED_FEATURE_EVALUATION,FEATURE_SEARCH_ONLY,second_S2D.mat,24,29,1,1590,29,0.9994785189628601,True
PUBLISHED_PRECOMPUTED_FEATURE_EVALUATION,FEATURE_SEARCH_ONLY,second_S2D.mat,24,29,2,1591,29,0.9994703531265259,True
PUBLISHED_PRECOMPUTED_FEATURE_EVALUATION,FEATURE_SEARCH_ONLY,second_S2D.mat,24,29,3,1603,29,0.9994657039642334,True
PUBLISHED_PRECOMPUTED_FEATURE_EVALUATION,FEATURE_SEARCH_ONLY,second_S2D.mat,24,29,4,1588,29,0.9994326233863831,True
PUBLISHED_PRECOMPUTED_FEATURE_EVALUATION,FEATURE_SEARCH_ONLY,second_S2D.mat,24,29,5,1602,29,0.9994319081306458,True
PUBLISHED_PRECOMPUTED_FEATURE_EVALUATION,FEATURE_SEARCH_ONLY,second_S2D.mat,24,29,6,1570,29,0.9994293451309204,True
PUBLISHED_PRECOMPUTED_FEATURE_EVALUATION,FEATURE_SEARCH_ONLY,second_S2D.mat,24,29,7,1589,29,0.9994231462478638,True
PUBLISHED_PRECOMPUTED_FEATURE_EVALUATION,FEATURE_SEARCH_ONLY,second_S2D.mat,24,29,8,1572,29,0.9994215965270996,True
PUBLISHED_PRECOMPUTED_FEATURE_EVALUATION,FEATURE_SEARCH_ONLY,second_S2D.mat,24,29,9,1601,29,0.9994122385978699,True
PUBLISHED_PRECOMPUTED_FEATURE_EVALUATION,FEATURE_SEARCH_ONLY,second_S2D.mat,24,29,10,1571,29,0.999402642250061,True
PUBLISHED_PRECOMPUTED_FEATURE_EVALUATION,FEATURE_SEARCH_ONLY,second_S2D.mat,25,30,1,1642,30,0.9991959929466248,True
PUBLISHED_PRECOMPUTED_FEATURE_EVALUATION,FEATURE_SEARCH_ONLY,second_S2D.mat,25,30,2,1660,30,0.9991365671157837,True
PUBLISHED_PRECOMPUTED_FEATURE_EVALUATION,FEATURE_SEARCH_ONLY,second_S2D.mat,25,30,3,1643,30,0.9991356134414673,True
PUBLISHED_PRECOMPUTED_FEATURE_EVALUATION,FEATURE_SEARCH_ONLY,second_S2D.mat,25,30,4,1661,30,0.9991295337677002,True
PUBLISHED_PRECOMPUTED_FEATURE_EVALUATION,FEATURE_SEARCH_ONLY,second_S2D.mat,25,30,5,1659,30,0.999085009098053,True
PUBLISHED_PRECOMPUTED_FEATURE_EVALUATION,FEATURE_SEARCH_ONLY,second_S2D.mat,25,30,6,1639,30,0.9990828633308411,True
PUBLISHED_PRECOMPUTED_FEATURE_EVALUATION,FEATURE_SEARCH_ONLY,second_S2D.mat,25,30,7,1657,30,0.9990801811218262,True
PUBLISHED_PRECOMPUTED_FEATURE_EVALUATION,FEATURE_SEARCH_ONLY,second_S2D.mat,25,30,8,1656,30,0.9990769624710083,True
PUBLISHED_PRECOMPUTED_FEATURE_EVALUATION,FEATURE_SEARCH_ONLY,second_S2D.mat,25,30,9,1638,30,0.9990758895874023,True
PUBLISHED_PRECOMPUTED_FEATURE_EVALUATION,FEATURE_SEARCH_ONLY,second_S2D.mat,25,30,10,1654,30,0.9990431666374207,True
PUBLISHED_PRECOMPUTED_FEATURE_EVALUATION,FEATURE_SEARCH_ONLY,second_S2D.mat,26,31,1,1718,31,0.999377965927124,True
PUBLISHED_PRECOMPUTED_FEATURE_EVALUATION,FEATURE_SEARCH_ONLY,second_S2D.mat,26,31,2,1719,31,0.9993616342544556,True
PUBLISHED_PRECOMPUTED_FEATURE_EVALUATION,FEATURE_SEARCH_ONLY,second_S2D.mat,26,31,3,1705,31,0.9993276596069336,True
PUBLISHED_PRECOMPUTED_FEATURE_EVALUATION,FEATURE_SEARCH_ONLY,second_S2D.mat,26,31,4,1704,31,0.9993260502815247,True
PUBLISHED_PRECOMPUTED_FEATURE_EVALUATION,FEATURE_SEARCH_ONLY,second_S2D.mat,26,31,5,1701,31,0.999309778213501,True
PUBLISHED_PRECOMPUTED_FEATURE_EVALUATION,FEATURE_SEARCH_ONLY,second_S2D.mat,26,31,6,1684,31,0.9993064403533936,True
PUBLISHED_PRECOMPUTED_FEATURE_EVALUATION,FEATURE_SEARCH_ONLY,second_S2D.mat,26,31,7,1717,31,0.9992837905883789,True
PUBLISHED_PRECOMPUTED_FEATURE_EVALUATION,FEATURE_SEARCH_ONLY,second_S2D.mat,26,31,8,1686,31,0.9992775321006775,True
PUBLISHED_PRECOMPUTED_FEATURE_EVALUATION,FEATURE_SEARCH_ONLY,second_S2D.mat,26,31,9,1687,31,0.9992770552635193,True
PUBLISHED_PRECOMPUTED_FEATURE_EVALUATION,FEATURE_SEARCH_ONLY,second_S2D.mat,26,31,10,1702,31,0.9992742538452148,True
PUBLISHED_PRECOMPUTED_FEATURE_EVALUATION,FEATURE_SEARCH_ONLY,second_S2D.mat,27,32,1,39222,726,0.9987717866897583,False
PUBLISHED_PRECOMPUTED_FEATURE_EVALUATION,FEATURE_SEARCH_ONLY,second_S2D.mat,27,32,2,39204,726,0.9987686276435852,False
PUBLISHED_PRECOMPUTED_FEATURE_EVALUATION,FEATURE_SEARCH_ONLY,second_S2D.mat,27,32,3,39221,726,0.9987257719039917,False
PUBLISHED_PRECOMPUTED_FEATURE_EVALUATION,FEATURE_SEARCH_ONLY,second_S2D.mat,27,32,4,39205,726,0.9987055063247681,False
PUBLISHED_PRECOMPUTED_FEATURE_EVALUATION,FEATURE_SEARCH_ONLY,second_S2D.mat,27,32,5,39240,726,0.9986817836761475,False
PUBLISHED_PRECOMPUTED_FEATURE_EVALUATION,FEATURE_SEARCH_ONLY,second_S2D.mat,27,32,6,39235,726,0.9986777305603027,False
PUBLISHED_PRECOMPUTED_FEATURE_EVALUATION,FEATURE_SEARCH_ONLY,second_S2D.mat,27,32,7,38391,710,0.9986648559570312,False
PUBLISHED_PRECOMPUTED_FEATURE_EVALUATION,FEATURE_SEARCH_ONLY,second_S2D.mat,27,32,8,39239,726,0.998630940914154,False
PUBLISHED_PRECOMPUTED_FEATURE_EVALUATION,FEATURE_SEARCH_ONLY,second_S2D.mat,27,32,9,39223,726,0.9986299872398376,False
PUBLISHED_PRECOMPUTED_FEATURE_EVALUATION,FEATURE_SEARCH_ONLY,second_S2D.mat,27,32,10,38390,710,0.9986283779144287,False
PUBLISHED_PRECOMPUTED_FEATURE_EVALUATION,FEATURE_SEARCH_ONLY,second_S2D.mat,28,33,1,1809,33,0.9994053244590759,True
PUBLISHED_PRECOMPUTED_FEATURE_EVALUATION,FEATURE_SEARCH_ONLY,second_S2D.mat,28,33,2,1818,33,0.9994045495986938,True
PUBLISHED_PRECOMPUTED_FEATURE_EVALUATION,FEATURE_SEARCH_ONLY,second_S2D.mat,28,33,3,1827,33,0.999399721622467,True
PUBLISHED_PRECOMPUTED_FEATURE_EVALUATION,FEATURE_SEARCH_ONLY,second_S2D.mat,28,33,4,1817,33,0.9993885159492493,True
PUBLISHED_PRECOMPUTED_FEATURE_EVALUATION,FEATURE_SEARCH_ONLY,second_S2D.mat,28,33,5,1810,33,0.999354898929596,True
PUBLISHED_PRECOMPUTED_FEATURE_EVALUATION,FEATURE_SEARCH_ONLY,second_S2D.mat,28,33,6,1808,33,0.9993500113487244,True
PUBLISHED_PRECOMPUTED_FEATURE_EVALUATION,FEATURE_SEARCH_ONLY,second_S2D.mat,28,33,7,1825,33,0.9993430972099304,True
PUBLISHED_PRECOMPUTED_FEATURE_EVALUATION,FEATURE_SEARCH_ONLY,second_S2D.mat,28,33,8,1824,33,0.99933922290802,True
PUBLISHED_PRECOMPUTED_FEATURE_EVALUATION,FEATURE_SEARCH_ONLY,second_S2D.mat,28,33,9,1792,33,0.999338686466217,True
PUBLISHED_PRECOMPUTED_FEATURE_EVALUATION,FEATURE_SEARCH_ONLY,second_S2D.mat,28,33,10,1829,33,0.9993249177932739,True
PUBLISHED_PRECOMPUTED_FEATURE_EVALUATION,FEATURE_SEARCH_ONLY,second_S2D.mat,29,34,1,1878,34,0.9993755221366882,True
PUBLISHED_PRECOMPUTED_FEATURE_EVALUATION,FEATURE_SEARCH_ONLY,second_S2D.mat,29,34,2,1879,34,0.999363899230957,True
PUBLISHED_PRECOMPUTED_FEATURE_EVALUATION,FEATURE_SEARCH_ONLY,second_S2D.mat,29,34,3,1860,34,0.9993525743484497,True
PUBLISHED_PRECOMPUTED_FEATURE_EVALUATION,FEATURE_SEARCH_ONLY,second_S2D.mat,29,34,4,1861,34,0.9993492364883423,True
PUBLISHED_PRECOMPUTED_FEATURE_EVALUATION,FEATURE_SEARCH_ONLY,second_S2D.mat,29,34,5,1880,34,0.9993413686752319,True
PUBLISHED_PRECOMPUTED_FEATURE_EVALUATION,FEATURE_SEARCH_ONLY,second_S2D.mat,29,34,6,1862,34,0.9993299841880798,True
PUBLISHED_PRECOMPUTED_FEATURE_EVALUATION,FEATURE_SEARCH_ONLY,second_S2D.mat,29,34,7,1856,34,0.999312162399292,True
PUBLISHED_PRECOMPUTED_FEATURE_EVALUATION,FEATURE_SEARCH_ONLY,second_S2D.mat,29,34,8,1874,34,0.9993073344230652,True
PUBLISHED_PRECOMPUTED_FEATURE_EVALUATION,FEATURE_SEARCH_ONLY,second_S2D.mat,29,34,9,1863,34,0.9993016123771667,True
PUBLISHED_PRECOMPUTED_FEATURE_EVALUATION,FEATURE_SEARCH_ONLY,second_S2D.mat,29,34,10,1881,34,0.9992978572845459,True
PUBLISHED_PRECOMPUTED_FEATURE_EVALUATION,FEATURE_SEARCH_ONLY,second_S2D.mat,30,35,1,1925,35,0.9991375803947449,True
PUBLISHED_PRECOMPUTED_FEATURE_EVALUATION,FEATURE_SEARCH_ONLY,second_S2D.mat,30,35,2,1942,35,0.99906325340271,True
PUBLISHED_PRECOMPUTED_FEATURE_EVALUATION,FEATURE_SEARCH_ONLY,second_S2D.mat,30,35,3,1926,35,0.9990140795707703,True
PUBLISHED_PRECOMPUTED_FEATURE_EVALUATION,FEATURE_SEARCH_ONLY,second_S2D.mat,30,35,4,1928,35,0.9989238381385803,True
PUBLISHED_PRECOMPUTED_FEATURE_EVALUATION,FEATURE_SEARCH_ONLY,second_S2D.mat,30,35,5,1927,35,0.9989089965820312,True
PUBLISHED_PRECOMPUTED_FEATURE_EVALUATION,FEATURE_SEARCH_ONLY,second_S2D.mat,30,35,6,1916,35,0.9988925457000732,True
PUBLISHED_PRECOMPUTED_FEATURE_EVALUATION,FEATURE_SEARCH_ONLY,second_S2D.mat,30,35,7,1898,35,0.998887836933136,True
PUBLISHED_PRECOMPUTED_FEATURE_EVALUATION,FEATURE_SEARCH_ONLY,second_S2D.mat,30,35,8,1931,35,0.9988491535186768,True
PUBLISHED_PRECOMPUTED_FEATURE_EVALUATION,FEATURE_SEARCH_ONLY,second_S2D.mat,30,35,9,1943,35,0.9988451600074768,True
PUBLISHED_PRECOMPUTED_FEATURE_EVALUATION,FEATURE_SEARCH_ONLY,second_S2D.mat,30,35,10,1908,35,0.9988189935684204,True
PUBLISHED_PRECOMPUTED_FEATURE_EVALUATION,FEATURE_SEARCH_ONLY,second_S2D.mat,31,36,1,1976,36,0.9996211528778076,True
PUBLISHED_PRECOMPUTED_FEATURE_EVALUATION,FEATURE_SEARCH_ONLY,second_S2D.mat,31,36,2,1977,36,0.9995736479759216,True
PUBLISHED_PRECOMPUTED_FEATURE_EVALUATION,FEATURE_SEARCH_ONLY,second_S2D.mat,31,36,3,1975,36,0.9995254874229431,True
PUBLISHED_PRECOMPUTED_FEATURE_EVALUATION,FEATURE_SEARCH_ONLY,second_S2D.mat,31,36,4,1974,36,0.9995139837265015,True
PUBLISHED_PRECOMPUTED_FEATURE_EVALUATION,FEATURE_SEARCH_ONLY,second_S2D.mat,31,36,5,1985,36,0.9995043277740479,True
PUBLISHED_PRECOMPUTED_FEATURE_EVALUATION,FEATURE_SEARCH_ONLY,second_S2D.mat,31,36,6,1983,36,0.999481737613678,True
PUBLISHED_PRECOMPUTED_FEATURE_EVALUATION,FEATURE_SEARCH_ONLY,second_S2D.mat,31,36,7,1973,36,0.9994766116142273,True
PUBLISHED_PRECOMPUTED_FEATURE_EVALUATION,FEATURE_SEARCH_ONLY,second_S2D.mat,31,36,8,1987,36,0.9994725584983826,True
PUBLISHED_PRECOMPUTED_FEATURE_EVALUATION,FEATURE_SEARCH_ONLY,second_S2D.mat,31,36,9,1988,36,0.9994655847549438,True
PUBLISHED_PRECOMPUTED_FEATURE_EVALUATION,FEATURE_SEARCH_ONLY,second_S2D.mat,31,36,10,1994,36,0.9994602203369141,True
PUBLISHED_PRECOMPUTED_FEATURE_EVALUATION,FEATURE_SEARCH_ONLY,second_S2D.mat,32,37,1,2034,37,0.9991550445556641,True
PUBLISHED_PRECOMPUTED_FEATURE_EVALUATION,FEATURE_SEARCH_ONLY,second_S2D.mat,32,37,2,2020,37,0.9990979433059692,True
PUBLISHED_PRECOMPUTED_FEATURE_EVALUATION,FEATURE_SEARCH_ONLY,second_S2D.mat,32,37,3,2038,37,0.9990902543067932,True
PUBLISHED_PRECOMPUTED_FEATURE_EVALUATION,FEATURE_SEARCH_ONLY,second_S2D.mat,32,37,4,2033,37,0.9990447163581848,True
PUBLISHED_PRECOMPUTED_FEATURE_EVALUATION,FEATURE_SEARCH_ONLY,second_S2D.mat,32,37,5,2018,37,0.9990334510803223,True
PUBLISHED_PRECOMPUTED_FEATURE_EVALUATION,FEATURE_SEARCH_ONLY,second_S2D.mat,32,37,6,2029,37,0.999001681804657,True
PUBLISHED_PRECOMPUTED_FEATURE_EVALUATION,FEATURE_SEARCH_ONLY,second_S2D.mat,32,37,7,2037,37,0.9989848732948303,True
PUBLISHED_PRECOMPUTED_FEATURE_EVALUATION,FEATURE_SEARCH_ONLY,second_S2D.mat,32,37,8,2040,37,0.9989749789237976,True
PUBLISHED_PRECOMPUTED_FEATURE_EVALUATION,FEATURE_SEARCH_ONLY,second_S2D.mat,32,37,9,2036,37,0.998957097530365,True
PUBLISHED_PRECOMPUTED_FEATURE_EVALUATION,FEATURE_SEARCH_ONLY,second_S2D.mat,32,37,10,2016,37,0.998950183391571,True
PUBLISHED_PRECOMPUTED_FEATURE_EVALUATION,FEATURE_SEARCH_ONLY,second_S2D.mat,33,38,1,2080,38,0.9992519617080688,True
PUBLISHED_PRECOMPUTED_FEATURE_EVALUATION,FEATURE_SEARCH_ONLY,second_S2D.mat,33,38,2,2082,38,0.9992257356643677,True
PUBLISHED_PRECOMPUTED_FEATURE_EVALUATION,FEATURE_SEARCH_ONLY,second_S2D.mat,33,38,3,2092,38,0.9992156028747559,True
PUBLISHED_PRECOMPUTED_FEATURE_EVALUATION,FEATURE_SEARCH_ONLY,second_S2D.mat,33,38,4,2086,38,0.9992130994796753,True
PUBLISHED_PRECOMPUTED_FEATURE_EVALUATION,FEATURE_SEARCH_ONLY,second_S2D.mat,33,38,5,2085,38,0.9992117881774902,True
PUBLISHED_PRECOMPUTED_FEATURE_EVALUATION,FEATURE_SEARCH_ONLY,second_S2D.mat,33,38,6,2103,38,0.9992040395736694,True
PUBLISHED_PRECOMPUTED_FEATURE_EVALUATION,FEATURE_SEARCH_ONLY,second_S2D.mat,33,38,7,2083,38,0.9991796612739563,True
PUBLISHED_PRECOMPUTED_FEATURE_EVALUATION,FEATURE_SEARCH_ONLY,second_S2D.mat,33,38,8,2093,38,0.9991730451583862,True
PUBLISHED_PRECOMPUTED_FEATURE_EVALUATION,FEATURE_SEARCH_ONLY,second_S2D.mat,33,38,9,2084,38,0.999170184135437,True
PUBLISHED_PRECOMPUTED_FEATURE_EVALUATION,FEATURE_SEARCH_ONLY,second_S2D.mat,33,38,10,2088,38,0.9991616606712341,True
PUBLISHED_PRECOMPUTED_FEATURE_EVALUATION,FEATURE_SEARCH_ONLY,second_S2D.mat,34,39,1,2147,39,0.9992280006408691,True
PUBLISHED_PRECOMPUTED_FEATURE_EVALUATION,FEATURE_SEARCH_ONLY,second_S2D.mat,34,39,2,2146,39,0.9992077350616455,True
PUBLISHED_PRECOMPUTED_FEATURE_EVALUATION,FEATURE_SEARCH_ONLY,second_S2D.mat,34,39,3,2129,39,0.9991765022277832,True
PUBLISHED_PRECOMPUTED_FEATURE_EVALUATION,FEATURE_SEARCH_ONLY,second_S2D.mat,34,39,4,2128,39,0.9991635084152222,True
PUBLISHED_PRECOMPUTED_FEATURE_EVALUATION,FEATURE_SEARCH_ONLY,second_S2D.mat,34,39,5,2148,39,0.9991421699523926,True
PUBLISHED_PRECOMPUTED_FEATURE_EVALUATION,FEATURE_SEARCH_ONLY,second_S2D.mat,34,39,6,2139,39,0.9991350769996643,True
PUBLISHED_PRECOMPUTED_FEATURE_EVALUATION,FEATURE_SEARCH_ONLY,second_S2D.mat,34,39,7,2137,39,0.9991331696510315,True
PUBLISHED_PRECOMPUTED_FEATURE_EVALUATION,FEATURE_SEARCH_ONLY,second_S2D.mat,34,39,8,2138,39,0.9991188049316406,True
PUBLISHED_PRECOMPUTED_FEATURE_EVALUATION,FEATURE_SEARCH_ONLY,second_S2D.mat,34,39,9,2151,39,0.9991122484207153,True
PUBLISHED_PRECOMPUTED_FEATURE_EVALUATION,FEATURE_SEARCH_ONLY,second_S2D.mat,34,39,10,2136,39,0.9991079568862915,True
PUBLISHED_PRECOMPUTED_FEATURE_EVALUATION,FEATURE_SEARCH_ONLY,second_S2D.mat,35,40,1,2195,40,0.9994237422943115,True
PUBLISHED_PRECOMPUTED_FEATURE_EVALUATION,FEATURE_SEARCH_ONLY,second_S2D.mat,35,40,2,2187,40,0.9993950724601746,True
PUBLISHED_PRECOMPUTED_FEATURE_EVALUATION,FEATURE_SEARCH_ONLY,second_S2D.mat,35,40,3,2209,40,0.9993785619735718,True
PUBLISHED_PRECOMPUTED_FEATURE_EVALUATION,FEATURE_SEARCH_ONLY,second_S2D.mat,35,40,4,2205,40,0.9993551969528198,True
PUBLISHED_PRECOMPUTED_FEATURE_EVALUATION,FEATURE_SEARCH_ONLY,second_S2D.mat,35,40,5,2196,40,0.9993464946746826,True
PUBLISHED_PRECOMPUTED_FEATURE_EVALUATION,FEATURE_SEARCH_ONLY,second_S2D.mat,35,40,6,2204,40,0.9993440508842468,True
PUBLISHED_PRECOMPUTED_FEATURE_EVALUATION,FEATURE_SEARCH_ONLY,second_S2D.mat,35,40,7,2191,40,0.999341607093811,True
PUBLISHED_PRECOMPUTED_FEATURE_EVALUATION,FEATURE_SEARCH_ONLY,second_S2D.mat,35,40,8,2207,40,0.9993391036987305,True
PUBLISHED_PRECOMPUTED_FEATURE_EVALUATION,FEATURE_SEARCH_ONLY,second_S2D.mat,35,40,9,2208,40,0.9993348121643066,True
PUBLISHED_PRECOMPUTED_FEATURE_EVALUATION,FEATURE_SEARCH_ONLY,second_S2D.mat,35,40,10,2194,40,0.999333381652832,True
PUBLISHED_PRECOMPUTED_FEATURE_EVALUATION,FEATURE_SEARCH_ONLY,second_S2D.mat,36,41,1,2244,41,0.9994308352470398,True
PUBLISHED_PRECOMPUTED_FEATURE_EVALUATION,FEATURE_SEARCH_ONLY,second_S2D.mat,36,41,2,2245,41,0.9993663430213928,True
PUBLISHED_PRECOMPUTED_FEATURE_EVALUATION,FEATURE_SEARCH_ONLY,second_S2D.mat,36,41,3,2226,41,0.9993510246276855,True
PUBLISHED_PRECOMPUTED_FEATURE_EVALUATION,FEATURE_SEARCH_ONLY,second_S2D.mat,36,41,4,2246,41,0.9993230700492859,True
PUBLISHED_PRECOMPUTED_FEATURE_EVALUATION,FEATURE_SEARCH_ONLY,second_S2D.mat,36,41,5,2262,41,0.9993018507957458,True
PUBLISHED_PRECOMPUTED_FEATURE_EVALUATION,FEATURE_SEARCH_ONLY,second_S2D.mat,36,41,6,2243,41,0.999287486076355,True
PUBLISHED_PRECOMPUTED_FEATURE_EVALUATION,FEATURE_SEARCH_ONLY,second_S2D.mat,36,41,7,2238,41,0.9992772340774536,True
PUBLISHED_PRECOMPUTED_FEATURE_EVALUATION,FEATURE_SEARCH_ONLY,second_S2D.mat,36,41,8,2256,41,0.9992689490318298,True
PUBLISHED_PRECOMPUTED_FEATURE_EVALUATION,FEATURE_SEARCH_ONLY,second_S2D.mat,36,41,9,2228,41,0.999239981174469,True
PUBLISHED_PRECOMPUTED_FEATURE_EVALUATION,FEATURE_SEARCH_ONLY,second_S2D.mat,36,41,10,2261,41,0.999233603477478,True
PUBLISHED_PRECOMPUTED_FEATURE_EVALUATION,FEATURE_SEARCH_ONLY,second_S2D.mat,37,42,1,2293,42,0.9993981122970581,True
PUBLISHED_PRECOMPUTED_FEATURE_EVALUATION,FEATURE_SEARCH_ONLY,second_S2D.mat,37,42,2,2301,42,0.9993878602981567,True
PUBLISHED_PRECOMPUTED_FEATURE_EVALUATION,FEATURE_SEARCH_ONLY,second_S2D.mat,37,42,3,2302,42,0.9993652105331421,True
PUBLISHED_PRECOMPUTED_FEATURE_EVALUATION,FEATURE_SEARCH_ONLY,second_S2D.mat,37,42,4,2310,42,0.9993520379066467,True
PUBLISHED_PRECOMPUTED_FEATURE_EVALUATION,FEATURE_SEARCH_ONLY,second_S2D.mat,37,42,5,2274,42,0.999345064163208,True
PUBLISHED_PRECOMPUTED_FEATURE_EVALUATION,FEATURE_SEARCH_ONLY,second_S2D.mat,37,42,6,2292,42,0.9993298053741455,True
PUBLISHED_PRECOMPUTED_FEATURE_EVALUATION,FEATURE_SEARCH_ONLY,second_S2D.mat,37,42,7,2270,42,0.9993252158164978,True
PUBLISHED_PRECOMPUTED_FEATURE_EVALUATION,FEATURE_SEARCH_ONLY,second_S2D.mat,37,42,8,2309,42,0.9993191957473755,True
PUBLISHED_PRECOMPUTED_FEATURE_EVALUATION,FEATURE_SEARCH_ONLY,second_S2D.mat,37,42,9,2318,42,0.9993166923522949,True
PUBLISHED_PRECOMPUTED_FEATURE_EVALUATION,FEATURE_SEARCH_ONLY,second_S2D.mat,37,42,10,2276,42,0.9993146657943726,True
PUBLISHED_PRECOMPUTED_FEATURE_EVALUATION,FEATURE_SEARCH_ONLY,second_S2D.mat,38,43,1,2352,43,0.9992612600326538,True
PUBLISHED_PRECOMPUTED_FEATURE_EVALUATION,FEATURE_SEARCH_ONLY,second_S2D.mat,38,43,2,2360,43,0.9992542266845703,True
PUBLISHED_PRECOMPUTED_FEATURE_EVALUATION,FEATURE_SEARCH_ONLY,second_S2D.mat,38,43,3,2359,43,0.999253511428833,True
PUBLISHED_PRECOMPUTED_FEATURE_EVALUATION,FEATURE_SEARCH_ONLY,second_S2D.mat,38,43,4,2369,43,0.9992378354072571,True
PUBLISHED_PRECOMPUTED_FEATURE_EVALUATION,FEATURE_SEARCH_ONLY,second_S2D.mat,38,43,5,2351,43,0.9992368817329407,True
PUBLISHED_PRECOMPUTED_FEATURE_EVALUATION,FEATURE_SEARCH_ONLY,second_S2D.mat,38,43,6,2362,43,0.9992334842681885,True
PUBLISHED_PRECOMPUTED_FEATURE_EVALUATION,FEATURE_SEARCH_ONLY,second_S2D.mat,38,43,7,2350,43,0.9992300271987915,True
PUBLISHED_PRECOMPUTED_FEATURE_EVALUATION,FEATURE_SEARCH_ONLY,second_S2D.mat,38,43,8,2341,43,0.999224841594696,True
PUBLISHED_PRECOMPUTED_FEATURE_EVALUATION,FEATURE_SEARCH_ONLY,second_S2D.mat,38,43,9,2358,43,0.9992246627807617,True
PUBLISHED_PRECOMPUTED_FEATURE_EVALUATION,FEATURE_SEARCH_ONLY,second_S2D.mat,38,43,10,2367,43,0.9992207288742065,True
PUBLISHED_PRECOMPUTED_FEATURE_EVALUATION,FEATURE_SEARCH_ONLY,second_S2D.mat,39,44,1,2404,44,0.999364972114563,True
PUBLISHED_PRECOMPUTED_FEATURE_EVALUATION,FEATURE_SEARCH_ONLY,second_S2D.mat,39,44,2,2406,44,0.9993216395378113,True
PUBLISHED_PRECOMPUTED_FEATURE_EVALUATION,FEATURE_SEARCH_ONLY,second_S2D.mat,39,44,3,2418,44,0.999313473701477,True
PUBLISHED_PRECOMPUTED_FEATURE_EVALUATION,FEATURE_SEARCH_ONLY,second_S2D.mat,39,44,4,2407,44,0.9993079304695129,True
PUBLISHED_PRECOMPUTED_FEATURE_EVALUATION,FEATURE_SEARCH_ONLY,second_S2D.mat,39,44,5,2400,44,0.9992903470993042,True
PUBLISHED_PRECOMPUTED_FEATURE_EVALUATION,FEATURE_SEARCH_ONLY,second_S2D.mat,39,44,6,2405,44,0.9992778897285461,True
PUBLISHED_PRECOMPUTED_FEATURE_EVALUATION,FEATURE_SEARCH_ONLY,second_S2D.mat,39,44,7,2402,44,0.9992773532867432,True
PUBLISHED_PRECOMPUTED_FEATURE_EVALUATION,FEATURE_SEARCH_ONLY,second_S2D.mat,39,44,8,2385,44,0.9992677569389343,True
PUBLISHED_PRECOMPUTED_FEATURE_EVALUATION,FEATURE_SEARCH_ONLY,second_S2D.mat,39,44,9,2401,44,0.9992637038230896,True
PUBLISHED_PRECOMPUTED_FEATURE_EVALUATION,FEATURE_SEARCH_ONLY,second_S2D.mat,39,44,10,2416,44,0.9992635846138,True
PUBLISHED_PRECOMPUTED_FEATURE_EVALUATION,FEATURE_SEARCH_ONLY,second_S2D.mat,40,45,1,1704,31,0.9987097978591919,False
PUBLISHED_PRECOMPUTED_FEATURE_EVALUATION,FEATURE_SEARCH_ONLY,second_S2D.mat,40,45,2,43370,803,0.9986831545829773,False
PUBLISHED_PRECOMPUTED_FEATURE_EVALUATION,FEATURE_SEARCH_ONLY,second_S2D.mat,40,45,3,1706,31,0.99868243932724,False
PUBLISHED_PRECOMPUTED_FEATURE_EVALUATION,FEATURE_SEARCH_ONLY,second_S2D.mat,40,45,4,2794,51,0.9986588954925537,False
PUBLISHED_PRECOMPUTED_FEATURE_EVALUATION,FEATURE_SEARCH_ONLY,second_S2D.mat,40,45,5,1686,31,0.998645007610321,False
PUBLISHED_PRECOMPUTED_FEATURE_EVALUATION,FEATURE_SEARCH_ONLY,second_S2D.mat,40,45,6,43384,803,0.9986345171928406,False
PUBLISHED_PRECOMPUTED_FEATURE_EVALUATION,FEATURE_SEARCH_ONLY,second_S2D.mat,40,45,7,40678,753,0.9986233711242676,False
PUBLISHED_PRECOMPUTED_FEATURE_EVALUATION,FEATURE_SEARCH_ONLY,second_S2D.mat,40,45,8,43371,803,0.9986159801483154,False
PUBLISHED_PRECOMPUTED_FEATURE_EVALUATION,FEATURE_SEARCH_ONLY,second_S2D.mat,40,45,9,43388,803,0.9986096024513245,False
PUBLISHED_PRECOMPUTED_FEATURE_EVALUATION,FEATURE_SEARCH_ONLY,second_S2D.mat,40,45,10,1705,31,0.9986073970794678,False
PUBLISHED_PRECOMPUTED_FEATURE_EVALUATION,FEATURE_SEARCH_ONLY,second_S2D.mat,41,46,1,2525,46,0.9995236992835999,True
PUBLISHED_PRECOMPUTED_FEATURE_EVALUATION,FEATURE_SEARCH_ONLY,second_S2D.mat,41,46,2,2520,46,0.9995070695877075,True
PUBLISHED_PRECOMPUTED_FEATURE_EVALUATION,FEATURE_SEARCH_ONLY,second_S2D.mat,41,46,3,2519,46,0.9995039105415344,True
PUBLISHED_PRECOMPUTED_FEATURE_EVALUATION,FEATURE_SEARCH_ONLY,second_S2D.mat,41,46,4,2524,46,0.9994993209838867,True
PUBLISHED_PRECOMPUTED_FEATURE_EVALUATION,FEATURE_SEARCH_ONLY,second_S2D.mat,41,46,5,2507,46,0.9994908571243286,True
PUBLISHED_PRECOMPUTED_FEATURE_EVALUATION,FEATURE_SEARCH_ONLY,second_S2D.mat,41,46,6,2527,46,0.9994747638702393,True
PUBLISHED_PRECOMPUTED_FEATURE_EVALUATION,FEATURE_SEARCH_ONLY,second_S2D.mat,41,46,7,2522,46,0.999474048614502,True
PUBLISHED_PRECOMPUTED_FEATURE_EVALUATION,FEATURE_SEARCH_ONLY,second_S2D.mat,41,46,8,2508,46,0.9994590878486633,True
PUBLISHED_PRECOMPUTED_FEATURE_EVALUATION,FEATURE_SEARCH_ONLY,second_S2D.mat,41,46,9,2526,46,0.9994585514068604,True
PUBLISHED_PRECOMPUTED_FEATURE_EVALUATION,FEATURE_SEARCH_ONLY,second_S2D.mat,41,46,10,2509,46,0.9994496703147888,True
PUBLISHED_PRECOMPUTED_FEATURE_EVALUATION,FEATURE_SEARCH_ONLY,second_S2D.mat,42,47,1,2577,47,0.9993520975112915,True
PUBLISHED_PRECOMPUTED_FEATURE_EVALUATION,FEATURE_SEARCH_ONLY,second_S2D.mat,42,47,2,2578,47,0.9993404746055603,True
PUBLISHED_PRECOMPUTED_FEATURE_EVALUATION,FEATURE_SEARCH_ONLY,second_S2D.mat,42,47,3,2576,47,0.999298095703125,True
PUBLISHED_PRECOMPUTED_FEATURE_EVALUATION,FEATURE_SEARCH_ONLY,second_S2D.mat,42,47,4,2583,47,0.999296247959137,True
PUBLISHED_PRECOMPUTED_FEATURE_EVALUATION,FEATURE_SEARCH_ONLY,second_S2D.mat,42,47,5,2579,47,0.9992759227752686,True
PUBLISHED_PRECOMPUTED_FEATURE_EVALUATION,FEATURE_SEARCH_ONLY,second_S2D.mat,42,47,6,2581,47,0.9992731809616089,True
PUBLISHED_PRECOMPUTED_FEATURE_EVALUATION,FEATURE_SEARCH_ONLY,second_S2D.mat,42,47,7,2582,47,0.9992386102676392,True
PUBLISHED_PRECOMPUTED_FEATURE_EVALUATION,FEATURE_SEARCH_ONLY,second_S2D.mat,42,47,8,2560,47,0.999225378036499,True
PUBLISHED_PRECOMPUTED_FEATURE_EVALUATION,FEATURE_SEARCH_ONLY,second_S2D.mat,42,47,9,2585,47,0.9992237091064453,True
PUBLISHED_PRECOMPUTED_FEATURE_EVALUATION,FEATURE_SEARCH_ONLY,second_S2D.mat,42,47,10,2575,47,0.9991979598999023,True
PUBLISHED_PRECOMPUTED_FEATURE_EVALUATION,FEATURE_SEARCH_ONLY,second_S2D.mat,43,49,1,2678,49,0.9996394515037537,True
PUBLISHED_PRECOMPUTED_FEATURE_EVALUATION,FEATURE_SEARCH_ONLY,second_S2D.mat,43,49,2,2677,49,0.9996365308761597,True
PUBLISHED_PRECOMPUTED_FEATURE_EVALUATION,FEATURE_SEARCH_ONLY,second_S2D.mat,43,49,3,2679,49,0.9996305704116821,True
PUBLISHED_PRECOMPUTED_FEATURE_EVALUATION,FEATURE_SEARCH_ONLY,second_S2D.mat,43,49,4,2681,49,0.9996227025985718,True
PUBLISHED_PRECOMPUTED_FEATURE_EVALUATION,FEATURE_SEARCH_ONLY,second_S2D.mat,43,49,5,2673,49,0.9996194839477539,True
PUBLISHED_PRECOMPUTED_FEATURE_EVALUATION,FEATURE_SEARCH_ONLY,second_S2D.mat,43,49,6,2680,49,0.9995965957641602,True
PUBLISHED_PRECOMPUTED_FEATURE_EVALUATION,FEATURE_SEARCH_ONLY,second_S2D.mat,43,49,7,2676,49,0.9995837807655334,True
PUBLISHED_PRECOMPUTED_FEATURE_EVALUATION,FEATURE_SEARCH_ONLY,second_S2D.mat,43,49,8,2674,49,0.9995755553245544,True
PUBLISHED_PRECOMPUTED_FEATURE_EVALUATION,FEATURE_SEARCH_ONLY,second_S2D.mat,43,49,9,2661,49,0.999569296836853,True
PUBLISHED_PRECOMPUTED_FEATURE_EVALUATION,FEATURE_SEARCH_ONLY,second_S2D.mat,43,49,10,2662,49,0.9995624423027039,True
PUBLISHED_PRECOMPUTED_FEATURE_EVALUATION,FEATURE_SEARCH_ONLY,second_S2D.mat,44,50,1,2740,50,0.999426007270813,True
PUBLISHED_PRECOMPUTED_FEATURE_EVALUATION,FEATURE_SEARCH_ONLY,second_S2D.mat,44,50,2,2736,50,0.9994114637374878,True
PUBLISHED_PRECOMPUTED_FEATURE_EVALUATION,FEATURE_SEARCH_ONLY,second_S2D.mat,44,50,3,2753,50,0.9994066953659058,True
PUBLISHED_PRECOMPUTED_FEATURE_EVALUATION,FEATURE_SEARCH_ONLY,second_S2D.mat,44,50,4,2741,50,0.9993977546691895,True
PUBLISHED_PRECOMPUTED_FEATURE_EVALUATION,FEATURE_SEARCH_ONLY,second_S2D.mat,44,50,5,2752,50,0.9993895292282104,True
PUBLISHED_PRECOMPUTED_FEATURE_EVALUATION,FEATURE_SEARCH_ONLY,second_S2D.mat,44,50,6,2743,50,0.999389111995697,True
PUBLISHED_PRECOMPUTED_FEATURE_EVALUATION,FEATURE_SEARCH_ONLY,second_S2D.mat,44,50,7,2744,50,0.9993621706962585,True
PUBLISHED_PRECOMPUTED_FEATURE_EVALUATION,FEATURE_SEARCH_ONLY,second_S2D.mat,44,50,8,2739,50,0.9993584156036377,True
PUBLISHED_PRECOMPUTED_FEATURE_EVALUATION,FEATURE_SEARCH_ONLY,second_S2D.mat,44,50,9,2737,50,0.999343752861023,True
PUBLISHED_PRECOMPUTED_FEATURE_EVALUATION,FEATURE_SEARCH_ONLY,second_S2D.mat,44,50,10,2751,50,0.9993342161178589,True
PUBLISHED_PRECOMPUTED_FEATURE_EVALUATION,FEATURE_SEARCH_ONLY,second_S2D.mat,45,51,1,2794,51,0.9990755319595337,True
PUBLISHED_PRECOMPUTED_FEATURE_EVALUATION,FEATURE_SEARCH_ONLY,second_S2D.mat,45,51,2,2804,51,0.9990620017051697,True
PUBLISHED_PRECOMPUTED_FEATURE_EVALUATION,FEATURE_SEARCH_ONLY,second_S2D.mat,45,51,3,2793,51,0.9990053772926331,True
PUBLISHED_PRECOMPUTED_FEATURE_EVALUATION,FEATURE_SEARCH_ONLY,second_S2D.mat,45,51,4,2775,51,0.9989644289016724,True
PUBLISHED_PRECOMPUTED_FEATURE_EVALUATION,FEATURE_SEARCH_ONLY,second_S2D.mat,45,51,5,2803,51,0.9989625215530396,True
PUBLISHED_PRECOMPUTED_FEATURE_EVALUATION,FEATURE_SEARCH_ONLY,second_S2D.mat,45,51,6,2787,51,0.9989609122276306,True
PUBLISHED_PRECOMPUTED_FEATURE_EVALUATION,FEATURE_SEARCH_ONLY,second_S2D.mat,45,51,7,2786,51,0.9989542961120605,True
PUBLISHED_PRECOMPUTED_FEATURE_EVALUATION,FEATURE_SEARCH_ONLY,second_S2D.mat,45,51,8,2795,51,0.9989508390426636,True
PUBLISHED_PRECOMPUTED_FEATURE_EVALUATION,FEATURE_SEARCH_ONLY,second_S2D.mat,45,51,9,2776,51,0.9989506602287292,True
PUBLISHED_PRECOMPUTED_FEATURE_EVALUATION,FEATURE_SEARCH_ONLY,second_S2D.mat,45,51,10,2777,51,0.9989449977874756,True
PUBLISHED_PRECOMPUTED_FEATURE_EVALUATION,FEATURE_SEARCH_ONLY,second_S2D.mat,46,54,1,2951,54,0.9995357990264893,True
PUBLISHED_PRECOMPUTED_FEATURE_EVALUATION,FEATURE_SEARCH_ONLY,second_S2D.mat,46,54,2,2942,54,0.999529242515564,True
PUBLISHED_PRECOMPUTED_FEATURE_EVALUATION,FEATURE_SEARCH_ONLY,second_S2D.mat,46,54,3,2943,54,0.9995236396789551,True
PUBLISHED_PRECOMPUTED_FEATURE_EVALUATION,FEATURE_SEARCH_ONLY,second_S2D.mat,46,54,4,2940,54,0.9994933009147644,True
PUBLISHED_PRECOMPUTED_FEATURE_EVALUATION,FEATURE_SEARCH_ONLY,second_S2D.mat,46,54,5,2941,54,0.9994723200798035,True
PUBLISHED_PRECOMPUTED_FEATURE_EVALUATION,FEATURE_SEARCH_ONLY,second_S2D.mat,46,54,6,2939,54,0.9994702339172363,True
PUBLISHED_PRECOMPUTED_FEATURE_EVALUATION,FEATURE_SEARCH_ONLY,second_S2D.mat,46,54,7,2952,54,0.9994587302207947,True
PUBLISHED_PRECOMPUTED_FEATURE_EVALUATION,FEATURE_SEARCH_ONLY,second_S2D.mat,46,54,8,2957,54,0.9994414448738098,True
PUBLISHED_PRECOMPUTED_FEATURE_EVALUATION,FEATURE_SEARCH_ONLY,second_S2D.mat,46,54,9,2944,54,0.999435544013977,True
PUBLISHED_PRECOMPUTED_FEATURE_EVALUATION,FEATURE_SEARCH_ONLY,second_S2D.mat,46,54,10,2960,54,0.9994283318519592,True
PUBLISHED_PRECOMPUTED_FEATURE_EVALUATION,FEATURE_SEARCH_ONLY,second_S2D.mat,47,55,1,2992,55,0.9991224408149719,True
PUBLISHED_PRECOMPUTED_FEATURE_EVALUATION,FEATURE_SEARCH_ONLY,second_S2D.mat,47,55,2,3003,55,0.9991158246994019,True
PUBLISHED_PRECOMPUTED_FEATURE_EVALUATION,FEATURE_SEARCH_ONLY,second_S2D.mat,47,55,3,3010,55,0.99905925989151,True
PUBLISHED_PRECOMPUTED_FEATURE_EVALUATION,FEATURE_SEARCH_ONLY,second_S2D.mat,47,55,4,2991,55,0.9990251064300537,True
PUBLISHED_PRECOMPUTED_FEATURE_EVALUATION,FEATURE_SEARCH_ONLY,second_S2D.mat,47,55,5,2985,55,0.9989424347877502,True
PUBLISHED_PRECOMPUTED_FEATURE_EVALUATION,FEATURE_SEARCH_ONLY,second_S2D.mat,47,55,6,2974,55,0.9989330172538757,True
PUBLISHED_PRECOMPUTED_FEATURE_EVALUATION,FEATURE_SEARCH_ONLY,second_S2D.mat,47,55,7,2973,55,0.9989107847213745,True
PUBLISHED_PRECOMPUTED_FEATURE_EVALUATION,FEATURE_SEARCH_ONLY,second_S2D.mat,47,55,8,2995,55,0.9988672733306885,True
PUBLISHED_PRECOMPUTED_FEATURE_EVALUATION,FEATURE_SEARCH_ONLY,second_S2D.mat,47,55,9,2984,55,0.9988517761230469,True
PUBLISHED_PRECOMPUTED_FEATURE_EVALUATION,FEATURE_SEARCH_ONLY,second_S2D.mat,47,55,10,3004,55,0.9988260269165039,True
PUBLISHED_PRECOMPUTED_FEATURE_EVALUATION,FEATURE_SEARCH_ONLY,second_S2D.mat,48,56,1,3065,56,0.9990524649620056,True
PUBLISHED_PRECOMPUTED_FEATURE_EVALUATION,FEATURE_SEARCH_ONLY,second_S2D.mat,48,56,2,3047,56,0.9989011883735657,True
PUBLISHED_PRECOMPUTED_FEATURE_EVALUATION,FEATURE_SEARCH_ONLY,second_S2D.mat,48,56,3,3033,56,0.9988527297973633,True
PUBLISHED_PRECOMPUTED_FEATURE_EVALUATION,FEATURE_SEARCH_ONLY,second_S2D.mat,48,56,4,3029,56,0.9988402724266052,True
PUBLISHED_PRECOMPUTED_FEATURE_EVALUATION,FEATURE_SEARCH_ONLY,second_S2D.mat,48,56,5,3064,56,0.9988217353820801,True
PUBLISHED_PRECOMPUTED_FEATURE_EVALUATION,FEATURE_SEARCH_ONLY,second_S2D.mat,48,56,6,3066,56,0.9987912178039551,True
PUBLISHED_PRECOMPUTED_FEATURE_EVALUATION,FEATURE_SEARCH_ONLY,second_S2D.mat,48,56,7,3057,56,0.998782217502594,True
PUBLISHED_PRECOMPUTED_FEATURE_EVALUATION,FEATURE_SEARCH_ONLY,second_S2D.mat,48,56,8,3046,56,0.9987430572509766,True
PUBLISHED_PRECOMPUTED_FEATURE_EVALUATION,FEATURE_SEARCH_ONLY,second_S2D.mat,48,56,9,3048,56,0.9987411499023438,True
PUBLISHED_PRECOMPUTED_FEATURE_EVALUATION,FEATURE_SEARCH_ONLY,second_S2D.mat,48,56,10,3075,56,0.9987346529960632,True
PUBLISHED_PRECOMPUTED_FEATURE_EVALUATION,FEATURE_SEARCH_ONLY,second_S2D.mat,49,57,1,3098,57,0.9987622499465942,True
PUBLISHED_PRECOMPUTED_FEATURE_EVALUATION,FEATURE_SEARCH_ONLY,second_S2D.mat,49,57,2,3080,57,0.9987084865570068,True
PUBLISHED_PRECOMPUTED_FEATURE_EVALUATION,FEATURE_SEARCH_ONLY,second_S2D.mat,49,57,3,13096,242,0.9987056851387024,False
PUBLISHED_PRECOMPUTED_FEATURE_EVALUATION,FEATURE_SEARCH_ONLY,second_S2D.mat,49,57,4,6384,118,0.9986964464187622,False
PUBLISHED_PRECOMPUTED_FEATURE_EVALUATION,FEATURE_SEARCH_ONLY,second_S2D.mat,49,57,5,13078,242,0.9986944794654846,False
PUBLISHED_PRECOMPUTED_FEATURE_EVALUATION,FEATURE_SEARCH_ONLY,second_S2D.mat,49,57,6,6381,118,0.998685359954834,False
PUBLISHED_PRECOMPUTED_FEATURE_EVALUATION,FEATURE_SEARCH_ONLY,second_S2D.mat,49,57,7,13097,242,0.9986798763275146,False
PUBLISHED_PRECOMPUTED_FEATURE_EVALUATION,FEATURE_SEARCH_ONLY,second_S2D.mat,49,57,8,3099,57,0.9986779689788818,True
PUBLISHED_PRECOMPUTED_FEATURE_EVALUATION,FEATURE_SEARCH_ONLY,second_S2D.mat,49,57,9,6386,118,0.9986684322357178,False
PUBLISHED_PRECOMPUTED_FEATURE_EVALUATION,FEATURE_SEARCH_ONLY,second_S2D.mat,49,57,10,6385,118,0.9986647963523865,False
PUBLISHED_PRECOMPUTED_FEATURE_EVALUATION,FEATURE_SEARCH_ONLY,second_S2D.mat,50,58,1,3165,58,0.9996770620346069,True
PUBLISHED_PRECOMPUTED_FEATURE_EVALUATION,FEATURE_SEARCH_ONLY,second_S2D.mat,50,58,2,3167,58,0.9996724128723145,True
PUBLISHED_PRECOMPUTED_FEATURE_EVALUATION,FEATURE_SEARCH_ONLY,second_S2D.mat,50,58,3,3168,58,0.999671459197998,True
PUBLISHED_PRECOMPUTED_FEATURE_EVALUATION,FEATURE_SEARCH_ONLY,second_S2D.mat,50,58,4,3166,58,0.9996556043624878,True
PUBLISHED_PRECOMPUTED_FEATURE_EVALUATION,FEATURE_SEARCH_ONLY,second_S2D.mat,50,58,5,3164,58,0.9996362924575806,True
PUBLISHED_PRECOMPUTED_FEATURE_EVALUATION,FEATURE_SEARCH_ONLY,second_S2D.mat,50,58,6,3147,58,0.9996136426925659,True
PUBLISHED_PRECOMPUTED_FEATURE_EVALUATION,FEATURE_SEARCH_ONLY,second_S2D.mat,50,58,7,3182,58,0.9996094107627869,True
PUBLISHED_PRECOMPUTED_FEATURE_EVALUATION,FEATURE_SEARCH_ONLY,second_S2D.mat,50,58,8,3148,58,0.9996025562286377,True
PUBLISHED_PRECOMPUTED_FEATURE_EVALUATION,FEATURE_SEARCH_ONLY,second_S2D.mat,50,58,9,3149,58,0.9995942711830139,True
PUBLISHED_PRECOMPUTED_FEATURE_EVALUATION,FEATURE_SEARCH_ONLY,second_S2D.mat,50,58,10,3172,58,0.99958735704422,True
PUBLISHED_PRECOMPUTED_FEATURE_EVALUATION,FEATURE_SEARCH_ONLY,second_S2D.mat,51,59,1,3204,59,0.9989542961120605,True
PUBLISHED_PRECOMPUTED_FEATURE_EVALUATION,FEATURE_SEARCH_ONLY,second_S2D.mat,51,59,2,3222,59,0.9989373683929443,True
PUBLISHED_PRECOMPUTED_FEATURE_EVALUATION,FEATURE_SEARCH_ONLY,second_S2D.mat,51,59,3,3206,59,0.9988938570022583,True
PUBLISHED_PRECOMPUTED_FEATURE_EVALUATION,FEATURE_SEARCH_ONLY,second_S2D.mat,51,59,4,3205,59,0.9988905787467957,True
PUBLISHED_PRECOMPUTED_FEATURE_EVALUATION,FEATURE_SEARCH_ONLY,second_S2D.mat,51,59,5,3187,59,0.9988292455673218,True
PUBLISHED_PRECOMPUTED_FEATURE_EVALUATION,FEATURE_SEARCH_ONLY,second_S2D.mat,51,59,6,3223,59,0.9988064169883728,True
PUBLISHED_PRECOMPUTED_FEATURE_EVALUATION,FEATURE_SEARCH_ONLY,second_S2D.mat,51,59,7,3203,59,0.998796284198761,True
PUBLISHED_PRECOMPUTED_FEATURE_EVALUATION,FEATURE_SEARCH_ONLY,second_S2D.mat,51,59,8,3188,59,0.998772144317627,True
PUBLISHED_PRECOMPUTED_FEATURE_EVALUATION,FEATURE_SEARCH_ONLY,second_S2D.mat,51,59,9,3221,59,0.9987679719924927,True
PUBLISHED_PRECOMPUTED_FEATURE_EVALUATION,FEATURE_SEARCH_ONLY,second_S2D.mat,51,59,10,3207,59,0.9987377524375916,True
PUBLISHED_PRECOMPUTED_FEATURE_EVALUATION,FEATURE_SEARCH_ONLY,second_S2D.mat,52,60,1,3262,60,0.9991782307624817,True
PUBLISHED_PRECOMPUTED_FEATURE_EVALUATION,FEATURE_SEARCH_ONLY,second_S2D.mat,52,60,2,3265,60,0.9991361498832703,True
PUBLISHED_PRECOMPUTED_FEATURE_EVALUATION,FEATURE_SEARCH_ONLY,second_S2D.mat,52,60,3,3280,60,0.9990960359573364,True
PUBLISHED_PRECOMPUTED_FEATURE_EVALUATION,FEATURE_SEARCH_ONLY,second_S2D.mat,52,60,4,3244,60,0.9990922212600708,True
PUBLISHED_PRECOMPUTED_FEATURE_EVALUATION,FEATURE_SEARCH_ONLY,second_S2D.mat,52,60,5,3274,60,0.9990841150283813,True
PUBLISHED_PRECOMPUTED_FEATURE_EVALUATION,FEATURE_SEARCH_ONLY,second_S2D.mat,52,60,6,3279,60,0.9990416169166565,True
PUBLISHED_PRECOMPUTED_FEATURE_EVALUATION,FEATURE_SEARCH_ONLY,second_S2D.mat,52,60,7,3245,60,0.9990353584289551,True
PUBLISHED_PRECOMPUTED_FEATURE_EVALUATION,FEATURE_SEARCH_ONLY,second_S2D.mat,52,60,8,3263,60,0.9990302324295044,True
PUBLISHED_PRECOMPUTED_FEATURE_EVALUATION,FEATURE_SEARCH_ONLY,second_S2D.mat,52,60,9,3247,60,0.9989846348762512,True
PUBLISHED_PRECOMPUTED_FEATURE_EVALUATION,FEATURE_SEARCH_ONLY,second_S2D.mat,52,60,10,3256,60,0.998984158039093,True
PUBLISHED_PRECOMPUTED_FEATURE_EVALUATION,FEATURE_SEARCH_ONLY,second_S2D.mat,53,61,1,3331,61,0.9993059635162354,True
PUBLISHED_PRECOMPUTED_FEATURE_EVALUATION,FEATURE_SEARCH_ONLY,second_S2D.mat,53,61,2,3343,61,0.9992557168006897,True
PUBLISHED_PRECOMPUTED_FEATURE_EVALUATION,FEATURE_SEARCH_ONLY,second_S2D.mat,53,61,3,3330,61,0.9992268085479736,True
PUBLISHED_PRECOMPUTED_FEATURE_EVALUATION,FEATURE_SEARCH_ONLY,second_S2D.mat,53,61,4,3312,61,0.999222457408905,True
PUBLISHED_PRECOMPUTED_FEATURE_EVALUATION,FEATURE_SEARCH_ONLY,second_S2D.mat,53,61,5,3313,61,0.9991738796234131,True
PUBLISHED_PRECOMPUTED_FEATURE_EVALUATION,FEATURE_SEARCH_ONLY,second_S2D.mat,53,61,6,3342,61,0.9991532564163208,True
PUBLISHED_PRECOMPUTED_FEATURE_EVALUATION,FEATURE_SEARCH_ONLY,second_S2D.mat,53,61,7,3324,61,0.9991526007652283,True
PUBLISHED_PRECOMPUTED_FEATURE_EVALUATION,FEATURE_SEARCH_ONLY,second_S2D.mat,53,61,8,3337,61,0.9991243481636047,True
PUBLISHED_PRECOMPUTED_FEATURE_EVALUATION,FEATURE_SEARCH_ONLY,second_S2D.mat,53,61,9,3325,61,0.9991224408149719,True
PUBLISHED_PRECOMPUTED_FEATURE_EVALUATION,FEATURE_SEARCH_ONLY,second_S2D.mat,53,61,10,3316,61,0.9990993738174438,True
PUBLISHED_PRECOMPUTED_FEATURE_EVALUATION,FEATURE_SEARCH_ONLY,second_S2D.mat,54,62,1,3369,62,0.9990181922912598,True
PUBLISHED_PRECOMPUTED_FEATURE_EVALUATION,FEATURE_SEARCH_ONLY,second_S2D.mat,54,62,2,3374,62,0.9990041851997375,True
PUBLISHED_PRECOMPUTED_FEATURE_EVALUATION,FEATURE_SEARCH_ONLY,second_S2D.mat,54,62,3,3355,62,0.9989686012268066,True
PUBLISHED_PRECOMPUTED_FEATURE_EVALUATION,FEATURE_SEARCH_ONLY,second_S2D.mat,54,62,4,3375,62,0.9989674687385559,True
PUBLISHED_PRECOMPUTED_FEATURE_EVALUATION,FEATURE_SEARCH_ONLY,second_S2D.mat,54,62,5,3363,62,0.9989417195320129,True
PUBLISHED_PRECOMPUTED_FEATURE_EVALUATION,FEATURE_SEARCH_ONLY,second_S2D.mat,54,62,6,3357,62,0.9989413619041443,True
PUBLISHED_PRECOMPUTED_FEATURE_EVALUATION,FEATURE_SEARCH_ONLY,second_S2D.mat,54,62,7,3351,62,0.9989385604858398,True
PUBLISHED_PRECOMPUTED_FEATURE_EVALUATION,FEATURE_SEARCH_ONLY,second_S2D.mat,54,62,8,3356,62,0.9989365935325623,True
PUBLISHED_PRECOMPUTED_FEATURE_EVALUATION,FEATURE_SEARCH_ONLY,second_S2D.mat,54,62,9,3360,62,0.998931884765625,True
PUBLISHED_PRECOMPUTED_FEATURE_EVALUATION,FEATURE_SEARCH_ONLY,second_S2D.mat,54,62,10,3368,62,0.9989280104637146,True
PUBLISHED_PRECOMPUTED_FEATURE_EVALUATION,FEATURE_SEARCH_ONLY,second_S2D.mat,55,63,1,3437,63,0.9993095993995667,True
PUBLISHED_PRECOMPUTED_FEATURE_EVALUATION,FEATURE_SEARCH_ONLY,second_S2D.mat,55,63,2,3436,63,0.9992630481719971,True
PUBLISHED_PRECOMPUTED_FEATURE_EVALUATION,FEATURE_SEARCH_ONLY,second_S2D.mat,55,63,3,3455,63,0.9992488026618958,True
PUBLISHED_PRECOMPUTED_FEATURE_EVALUATION,FEATURE_SEARCH_ONLY,second_S2D.mat,55,63,4,3432,63,0.9992338418960571,True
PUBLISHED_PRECOMPUTED_FEATURE_EVALUATION,FEATURE_SEARCH_ONLY,second_S2D.mat,55,63,5,3434,63,0.9992035031318665,True
PUBLISHED_PRECOMPUTED_FEATURE_EVALUATION,FEATURE_SEARCH_ONLY,second_S2D.mat,55,63,6,3454,63,0.999199628829956,True
PUBLISHED_PRECOMPUTED_FEATURE_EVALUATION,FEATURE_SEARCH_ONLY,second_S2D.mat,55,63,7,3445,63,0.9991808533668518,True
PUBLISHED_PRECOMPUTED_FEATURE_EVALUATION,FEATURE_SEARCH_ONLY,second_S2D.mat,55,63,8,3433,63,0.999180793762207,True
PUBLISHED_PRECOMPUTED_FEATURE_EVALUATION,FEATURE_SEARCH_ONLY,second_S2D.mat,55,63,9,3442,63,0.9991782903671265,True
PUBLISHED_PRECOMPUTED_FEATURE_EVALUATION,FEATURE_SEARCH_ONLY,second_S2D.mat,55,63,10,3449,63,0.9991739392280579,True
PUBLISHED_PRECOMPUTED_FEATURE_EVALUATION,FEATURE_SEARCH_ONLY,second_S2D.mat,56,64,1,3481,64,0.9992775321006775,True
PUBLISHED_PRECOMPUTED_FEATURE_EVALUATION,FEATURE_SEARCH_ONLY,second_S2D.mat,56,64,2,3480,64,0.9992510080337524,True
PUBLISHED_PRECOMPUTED_FEATURE_EVALUATION,FEATURE_SEARCH_ONLY,second_S2D.mat,56,64,3,3482,64,0.9992176294326782,True
PUBLISHED_PRECOMPUTED_FEATURE_EVALUATION,FEATURE_SEARCH_ONLY,second_S2D.mat,56,64,4,3485,64,0.9992061257362366,True
PUBLISHED_PRECOMPUTED_FEATURE_EVALUATION,FEATURE_SEARCH_ONLY,second_S2D.mat,56,64,5,3483,64,0.9991879463195801,True
PUBLISHED_PRECOMPUTED_FEATURE_EVALUATION,FEATURE_SEARCH_ONLY,second_S2D.mat,56,64,6,3465,64,0.9991694688796997,True
PUBLISHED_PRECOMPUTED_FEATURE_EVALUATION,FEATURE_SEARCH_ONLY,second_S2D.mat,56,64,7,3479,64,0.9991646409034729,True
PUBLISHED_PRECOMPUTED_FEATURE_EVALUATION,FEATURE_SEARCH_ONLY,second_S2D.mat,56,64,8,3464,64,0.9991579055786133,True
PUBLISHED_PRECOMPUTED_FEATURE_EVALUATION,FEATURE_SEARCH_ONLY,second_S2D.mat,56,64,9,3484,64,0.9991576671600342,True
PUBLISHED_PRECOMPUTED_FEATURE_EVALUATION,FEATURE_SEARCH_ONLY,second_S2D.mat,56,64,10,3500,64,0.999146044254303,True
PUBLISHED_PRECOMPUTED_FEATURE_EVALUATION,FEATURE_SEARCH_ONLY,second_S2D.mat,57,65,1,3539,65,0.999281644821167,True
PUBLISHED_PRECOMPUTED_FEATURE_EVALUATION,FEATURE_SEARCH_ONLY,second_S2D.mat,57,65,2,3524,65,0.9992517232894897,True
PUBLISHED_PRECOMPUTED_FEATURE_EVALUATION,FEATURE_SEARCH_ONLY,second_S2D.mat,57,65,3,3541,65,0.9992172718048096,True
PUBLISHED_PRECOMPUTED_FEATURE_EVALUATION,FEATURE_SEARCH_ONLY,second_S2D.mat,57,65,4,3542,65,0.9992060661315918,True
PUBLISHED_PRECOMPUTED_FEATURE_EVALUATION,FEATURE_SEARCH_ONLY,second_S2D.mat,57,65,5,3537,65,0.999205470085144,True
PUBLISHED_PRECOMPUTED_FEATURE_EVALUATION,FEATURE_SEARCH_ONLY,second_S2D.mat,57,65,6,3554,65,0.9992039799690247,True
PUBLISHED_PRECOMPUTED_FEATURE_EVALUATION,FEATURE_SEARCH_ONLY,second_S2D.mat,57,65,7,3555,65,0.9991779327392578,True
PUBLISHED_PRECOMPUTED_FEATURE_EVALUATION,FEATURE_SEARCH_ONLY,second_S2D.mat,57,65,8,3556,65,0.9991746544837952,True
PUBLISHED_PRECOMPUTED_FEATURE_EVALUATION,FEATURE_SEARCH_ONLY,second_S2D.mat,57,65,9,3536,65,0.9991673231124878,True
PUBLISHED_PRECOMPUTED_FEATURE_EVALUATION,FEATURE_SEARCH_ONLY,second_S2D.mat,57,65,10,3521,65,0.9991649389266968,True
PUBLISHED_PRECOMPUTED_FEATURE_EVALUATION,FEATURE_SEARCH_ONLY,second_S2D.mat,58,66,1,3582,66,0.9986608028411865,True
PUBLISHED_PRECOMPUTED_FEATURE_EVALUATION,FEATURE_SEARCH_ONLY,second_S2D.mat,58,66,2,3599,66,0.9986597299575806,True
PUBLISHED_PRECOMPUTED_FEATURE_EVALUATION,FEATURE_SEARCH_ONLY,second_S2D.mat,58,66,3,3584,66,0.998633861541748,True
PUBLISHED_PRECOMPUTED_FEATURE_EVALUATION,FEATURE_SEARCH_ONLY,second_S2D.mat,58,66,4,3592,66,0.9985998272895813,True
PUBLISHED_PRECOMPUTED_FEATURE_EVALUATION,FEATURE_SEARCH_ONLY,second_S2D.mat,58,66,5,3581,66,0.9985969662666321,True
PUBLISHED_PRECOMPUTED_FEATURE_EVALUATION,FEATURE_SEARCH_ONLY,second_S2D.mat,58,66,6,3566,66,0.9985924959182739,True
PUBLISHED_PRECOMPUTED_FEATURE_EVALUATION,FEATURE_SEARCH_ONLY,second_S2D.mat,58,66,7,3598,66,0.9985812902450562,True
PUBLISHED_PRECOMPUTED_FEATURE_EVALUATION,FEATURE_SEARCH_ONLY,second_S2D.mat,58,66,8,3590,66,0.998578667640686,True
PUBLISHED_PRECOMPUTED_FEATURE_EVALUATION,FEATURE_SEARCH_ONLY,second_S2D.mat,58,66,9,3595,66,0.9985652565956116,True
PUBLISHED_PRECOMPUTED_FEATURE_EVALUATION,FEATURE_SEARCH_ONLY,second_S2D.mat,58,66,10,3583,66,0.9985598921775818,True
PUBLISHED_PRECOMPUTED_FEATURE_EVALUATION,FEATURE_SEARCH_ONLY,second_S2D.mat,59,67,1,3653,67,0.9988458752632141,True
PUBLISHED_PRECOMPUTED_FEATURE_EVALUATION,FEATURE_SEARCH_ONLY,second_S2D.mat,59,67,2,3668,67,0.9988412857055664,True
PUBLISHED_PRECOMPUTED_FEATURE_EVALUATION,FEATURE_SEARCH_ONLY,second_S2D.mat,59,67,3,3650,67,0.9988247156143188,True
PUBLISHED_PRECOMPUTED_FEATURE_EVALUATION,FEATURE_SEARCH_ONLY,second_S2D.mat,59,67,4,3652,67,0.9988126754760742,True
PUBLISHED_PRECOMPUTED_FEATURE_EVALUATION,FEATURE_SEARCH_ONLY,second_S2D.mat,59,67,5,3637,67,0.9987609386444092,True
PUBLISHED_PRECOMPUTED_FEATURE_EVALUATION,FEATURE_SEARCH_ONLY,second_S2D.mat,59,67,6,3626,67,0.9987577199935913,True
PUBLISHED_PRECOMPUTED_FEATURE_EVALUATION,FEATURE_SEARCH_ONLY,second_S2D.mat,59,67,7,3654,67,0.9987571239471436,True
PUBLISHED_PRECOMPUTED_FEATURE_EVALUATION,FEATURE_SEARCH_ONLY,second_S2D.mat,59,67,8,3649,67,0.9987496733665466,True
PUBLISHED_PRECOMPUTED_FEATURE_EVALUATION,FEATURE_SEARCH_ONLY,second_S2D.mat,59,67,9,3635,67,0.998749315738678,True
PUBLISHED_PRECOMPUTED_FEATURE_EVALUATION,FEATURE_SEARCH_ONLY,second_S2D.mat,59,67,10,3651,67,0.9987459182739258,True
PUBLISHED_PRECOMPUTED_FEATURE_EVALUATION,FEATURE_SEARCH_ONLY,second_S2D.mat,60,68,1,3704,68,0.9993666410446167,True
PUBLISHED_PRECOMPUTED_FEATURE_EVALUATION,FEATURE_SEARCH_ONLY,second_S2D.mat,60,68,2,3722,68,0.9993075132369995,True
PUBLISHED_PRECOMPUTED_FEATURE_EVALUATION,FEATURE_SEARCH_ONLY,second_S2D.mat,60,68,3,3723,68,0.9992243051528931,True
PUBLISHED_PRECOMPUTED_FEATURE_EVALUATION,FEATURE_SEARCH_ONLY,second_S2D.mat,60,68,4,3705,68,0.9992145895957947,True
PUBLISHED_PRECOMPUTED_FEATURE_EVALUATION,FEATURE_SEARCH_ONLY,second_S2D.mat,60,68,5,3686,68,0.999208927154541,True
PUBLISHED_PRECOMPUTED_FEATURE_EVALUATION,FEATURE_SEARCH_ONLY,second_S2D.mat,60,68,6,3694,68,0.999199628829956,True
PUBLISHED_PRECOMPUTED_FEATURE_EVALUATION,FEATURE_SEARCH_ONLY,second_S2D.mat,60,68,7,3703,68,0.9991930723190308,True
PUBLISHED_PRECOMPUTED_FEATURE_EVALUATION,FEATURE_SEARCH_ONLY,second_S2D.mat,60,68,8,3687,68,0.9991825819015503,True
PUBLISHED_PRECOMPUTED_FEATURE_EVALUATION,FEATURE_SEARCH_ONLY,second_S2D.mat,60,68,9,3685,68,0.9991649389266968,True
PUBLISHED_PRECOMPUTED_FEATURE_EVALUATION,FEATURE_SEARCH_ONLY,second_S2D.mat,60,68,10,3706,68,0.9991456866264343,True
PUBLISHED_PRECOMPUTED_FEATURE_EVALUATION,FEATURE_SEARCH_ONLY,second_S2D.mat,61,69,1,3739,69,0.9993138909339905,True
PUBLISHED_PRECOMPUTED_FEATURE_EVALUATION,FEATURE_SEARCH_ONLY,second_S2D.mat,61,69,2,3740,69,0.9992873072624207,True
PUBLISHED_PRECOMPUTED_FEATURE_EVALUATION,FEATURE_SEARCH_ONLY,second_S2D.mat,61,69,3,3757,69,0.9992061853408813,True
PUBLISHED_PRECOMPUTED_FEATURE_EVALUATION,FEATURE_SEARCH_ONLY,second_S2D.mat,61,69,4,3741,69,0.9991623163223267,True
PUBLISHED_PRECOMPUTED_FEATURE_EVALUATION,FEATURE_SEARCH_ONLY,second_S2D.mat,61,69,5,3758,69,0.9991551637649536,True
PUBLISHED_PRECOMPUTED_FEATURE_EVALUATION,FEATURE_SEARCH_ONLY,second_S2D.mat,61,69,6,3738,69,0.9991217255592346,True
PUBLISHED_PRECOMPUTED_FEATURE_EVALUATION,FEATURE_SEARCH_ONLY,second_S2D.mat,61,69,7,3759,69,0.9991053342819214,True
PUBLISHED_PRECOMPUTED_FEATURE_EVALUATION,FEATURE_SEARCH_ONLY,second_S2D.mat,61,69,8,3736,69,0.999104380607605,True
PUBLISHED_PRECOMPUTED_FEATURE_EVALUATION,FEATURE_SEARCH_ONLY,second_S2D.mat,61,69,9,3737,69,0.9990851879119873,True
PUBLISHED_PRECOMPUTED_FEATURE_EVALUATION,FEATURE_SEARCH_ONLY,second_S2D.mat,61,69,10,3755,69,0.9990634918212891,True
PUBLISHED_PRECOMPUTED_FEATURE_EVALUATION,FEATURE_SEARCH_ONLY,second_S2D.mat,62,70,1,3811,70,0.9994608163833618,True
PUBLISHED_PRECOMPUTED_FEATURE_EVALUATION,FEATURE_SEARCH_ONLY,second_S2D.mat,62,70,2,3831,70,0.9994587302207947,True
PUBLISHED_PRECOMPUTED_FEATURE_EVALUATION,FEATURE_SEARCH_ONLY,second_S2D.mat,62,70,3,3830,70,0.999427855014801,True
PUBLISHED_PRECOMPUTED_FEATURE_EVALUATION,FEATURE_SEARCH_ONLY,second_S2D.mat,62,70,4,3812,70,0.999398946762085,True
PUBLISHED_PRECOMPUTED_FEATURE_EVALUATION,FEATURE_SEARCH_ONLY,second_S2D.mat,62,70,5,3813,70,0.999398946762085,True
PUBLISHED_PRECOMPUTED_FEATURE_EVALUATION,FEATURE_SEARCH_ONLY,second_S2D.mat,62,70,6,3820,70,0.9993875026702881,True
PUBLISHED_PRECOMPUTED_FEATURE_EVALUATION,FEATURE_SEARCH_ONLY,second_S2D.mat,62,70,7,3821,70,0.9993792176246643,True
PUBLISHED_PRECOMPUTED_FEATURE_EVALUATION,FEATURE_SEARCH_ONLY,second_S2D.mat,62,70,8,3829,70,0.9993556141853333,True
PUBLISHED_PRECOMPUTED_FEATURE_EVALUATION,FEATURE_SEARCH_ONLY,second_S2D.mat,62,70,9,3810,70,0.999354362487793,True
PUBLISHED_PRECOMPUTED_FEATURE_EVALUATION,FEATURE_SEARCH_ONLY,second_S2D.mat,62,70,10,3823,70,0.9993537068367004,True
PUBLISHED_PRECOMPUTED_FEATURE_EVALUATION,FEATURE_SEARCH_ONLY,second_S2D.mat,63,71,1,3839,71,0.998481810092926,True
PUBLISHED_PRECOMPUTED_FEATURE_EVALUATION,FEATURE_SEARCH_ONLY,second_S2D.mat,63,71,2,3884,71,0.9983910918235779,True
PUBLISHED_PRECOMPUTED_FEATURE_EVALUATION,FEATURE_SEARCH_ONLY,second_S2D.mat,63,71,3,3866,71,0.9983899593353271,True
PUBLISHED_PRECOMPUTED_FEATURE_EVALUATION,FEATURE_SEARCH_ONLY,second_S2D.mat,63,71,4,3883,71,0.9983753561973572,True
PUBLISHED_PRECOMPUTED_FEATURE_EVALUATION,FEATURE_SEARCH_ONLY,second_S2D.mat,63,71,5,3882,71,0.9983518123626709,True
PUBLISHED_PRECOMPUTED_FEATURE_EVALUATION,FEATURE_SEARCH_ONLY,second_S2D.mat,63,71,6,3864,71,0.9983291625976562,True
PUBLISHED_PRECOMPUTED_FEATURE_EVALUATION,FEATURE_SEARCH_ONLY,second_S2D.mat,63,71,7,3865,71,0.998266875743866,True
PUBLISHED_PRECOMPUTED_FEATURE_EVALUATION,FEATURE_SEARCH_ONLY,second_S2D.mat,63,71,8,3857,71,0.9982026219367981,True
PUBLISHED_PRECOMPUTED_FEATURE_EVALUATION,FEATURE_SEARCH_ONLY,second_S2D.mat,63,71,9,3867,71,0.9981985092163086,True
PUBLISHED_PRECOMPUTED_FEATURE_EVALUATION,FEATURE_SEARCH_ONLY,second_S2D.mat,63,71,10,3846,71,0.9981580972671509,True
PUBLISHED_PRECOMPUTED_FEATURE_EVALUATION,FEATURE_SEARCH_ONLY,second_S2D.mat,64,72,1,40869,756,0.9982063174247742,False
PUBLISHED_PRECOMPUTED_FEATURE_EVALUATION,FEATURE_SEARCH_ONLY,second_S2D.mat,64,72,2,5212,96,0.9982041716575623,False
PUBLISHED_PRECOMPUTED_FEATURE_EVALUATION,FEATURE_SEARCH_ONLY,second_S2D.mat,64,72,3,5213,96,0.9982014298439026,False
PUBLISHED_PRECOMPUTED_FEATURE_EVALUATION,FEATURE_SEARCH_ONLY,second_S2D.mat,64,72,4,5231,96,0.9981921911239624,False
PUBLISHED_PRECOMPUTED_FEATURE_EVALUATION,FEATURE_SEARCH_ONLY,second_S2D.mat,64,72,5,5196,96,0.9981919527053833,False
PUBLISHED_PRECOMPUTED_FEATURE_EVALUATION,FEATURE_SEARCH_ONLY,second_S2D.mat,64,72,6,5230,96,0.9981881380081177,False
PUBLISHED_PRECOMPUTED_FEATURE_EVALUATION,FEATURE_SEARCH_ONLY,second_S2D.mat,64,72,7,5215,96,0.9981855154037476,False
PUBLISHED_PRECOMPUTED_FEATURE_EVALUATION,FEATURE_SEARCH_ONLY,second_S2D.mat,64,72,8,40868,756,0.9981644153594971,False
PUBLISHED_PRECOMPUTED_FEATURE_EVALUATION,FEATURE_SEARCH_ONLY,second_S2D.mat,64,72,9,6103,113,0.998155415058136,False
PUBLISHED_PRECOMPUTED_FEATURE_EVALUATION,FEATURE_SEARCH_ONLY,second_S2D.mat,64,72,10,5227,96,0.9981463551521301,False
PUBLISHED_PRECOMPUTED_FEATURE_EVALUATION,FEATURE_SEARCH_ONLY,second_S2D.mat,65,73,1,3974,73,0.9994451999664307,True
PUBLISHED_PRECOMPUTED_FEATURE_EVALUATION,FEATURE_SEARCH_ONLY,second_S2D.mat,65,73,2,3981,73,0.9993962049484253,True
PUBLISHED_PRECOMPUTED_FEATURE_EVALUATION,FEATURE_SEARCH_ONLY,second_S2D.mat,65,73,3,3963,73,0.9993828535079956,True
PUBLISHED_PRECOMPUTED_FEATURE_EVALUATION,FEATURE_SEARCH_ONLY,second_S2D.mat,65,73,4,3973,73,0.9993773102760315,True
PUBLISHED_PRECOMPUTED_FEATURE_EVALUATION,FEATURE_SEARCH_ONLY,second_S2D.mat,65,73,5,3980,73,0.9993715286254883,True
PUBLISHED_PRECOMPUTED_FEATURE_EVALUATION,FEATURE_SEARCH_ONLY,second_S2D.mat,65,73,6,3983,73,0.9993324279785156,True
PUBLISHED_PRECOMPUTED_FEATURE_EVALUATION,FEATURE_SEARCH_ONLY,second_S2D.mat,65,73,7,3971,73,0.999328076839447,True
PUBLISHED_PRECOMPUTED_FEATURE_EVALUATION,FEATURE_SEARCH_ONLY,second_S2D.mat,65,73,8,3962,73,0.9993104934692383,True
PUBLISHED_PRECOMPUTED_FEATURE_EVALUATION,FEATURE_SEARCH_ONLY,second_S2D.mat,65,73,9,3956,73,0.9993026256561279,True
PUBLISHED_PRECOMPUTED_FEATURE_EVALUATION,FEATURE_SEARCH_ONLY,second_S2D.mat,65,73,10,3975,73,0.999302327632904,True
PUBLISHED_PRECOMPUTED_FEATURE_EVALUATION,FEATURE_SEARCH_ONLY,second_S2D.mat,66,74,1,19022,352,0.9984181523323059,False
PUBLISHED_PRECOMPUTED_FEATURE_EVALUATION,FEATURE_SEARCH_ONLY,second_S2D.mat,66,74,2,19023,352,0.9983700513839722,False
PUBLISHED_PRECOMPUTED_FEATURE_EVALUATION,FEATURE_SEARCH_ONLY,second_S2D.mat,66,74,3,14389,266,0.9983657598495483,False
PUBLISHED_PRECOMPUTED_FEATURE_EVALUATION,FEATURE_SEARCH_ONLY,second_S2D.mat,66,74,4,5580,103,0.9983450174331665,False
PUBLISHED_PRECOMPUTED_FEATURE_EVALUATION,FEATURE_SEARCH_ONLY,second_S2D.mat,66,74,5,5615,103,0.9983449578285217,False
PUBLISHED_PRECOMPUTED_FEATURE_EVALUATION,FEATURE_SEARCH_ONLY,second_S2D.mat,66,74,6,14371,266,0.998344898223877,False
PUBLISHED_PRECOMPUTED_FEATURE_EVALUATION,FEATURE_SEARCH_ONLY,second_S2D.mat,66,74,7,5579,103,0.9983380436897278,False
PUBLISHED_PRECOMPUTED_FEATURE_EVALUATION,FEATURE_SEARCH_ONLY,second_S2D.mat,66,74,8,19021,352,0.9983264803886414,False
PUBLISHED_PRECOMPUTED_FEATURE_EVALUATION,FEATURE_SEARCH_ONLY,second_S2D.mat,66,74,9,5597,103,0.998319685459137,False
PUBLISHED_PRECOMPUTED_FEATURE_EVALUATION,FEATURE_SEARCH_ONLY,second_S2D.mat,66,74,10,38387,710,0.998299241065979,False
PUBLISHED_PRECOMPUTED_FEATURE_EVALUATION,FEATURE_SEARCH_ONLY,second_S2D.mat,67,75,1,4074,75,0.9989782571792603,True
PUBLISHED_PRECOMPUTED_FEATURE_EVALUATION,FEATURE_SEARCH_ONLY,second_S2D.mat,67,75,2,4092,75,0.9989566802978516,True
PUBLISHED_PRECOMPUTED_FEATURE_EVALUATION,FEATURE_SEARCH_ONLY,second_S2D.mat,67,75,3,4056,75,0.9989563822746277,True
PUBLISHED_PRECOMPUTED_FEATURE_EVALUATION,FEATURE_SEARCH_ONLY,second_S2D.mat,67,75,4,4053,75,0.9989485740661621,True
PUBLISHED_PRECOMPUTED_FEATURE_EVALUATION,FEATURE_SEARCH_ONLY,second_S2D.mat,67,75,5,4073,75,0.9989027380943298,True
PUBLISHED_PRECOMPUTED_FEATURE_EVALUATION,FEATURE_SEARCH_ONLY,second_S2D.mat,67,75,6,4055,75,0.9989001750946045,True
PUBLISHED_PRECOMPUTED_FEATURE_EVALUATION,FEATURE_SEARCH_ONLY,second_S2D.mat,67,75,7,4081,75,0.9988968372344971,True
PUBLISHED_PRECOMPUTED_FEATURE_EVALUATION,FEATURE_SEARCH_ONLY,second_S2D.mat,67,75,8,4063,75,0.9988912343978882,True
PUBLISHED_PRECOMPUTED_FEATURE_EVALUATION,FEATURE_SEARCH_ONLY,second_S2D.mat,67,75,9,4093,75,0.9988670349121094,True
PUBLISHED_PRECOMPUTED_FEATURE_EVALUATION,FEATURE_SEARCH_ONLY,second_S2D.mat,67,75,10,4075,75,0.9988319277763367,True
PUBLISHED_PRECOMPUTED_FEATURE_EVALUATION,FEATURE_SEARCH_ONLY,second_S2D.mat,68,76,1,4142,76,0.9992315769195557,True
PUBLISHED_PRECOMPUTED_FEATURE_EVALUATION,FEATURE_SEARCH_ONLY,second_S2D.mat,68,76,2,4130,76,0.9992220401763916,True
PUBLISHED_PRECOMPUTED_FEATURE_EVALUATION,FEATURE_SEARCH_ONLY,second_S2D.mat,68,76,3,4135,76,0.9992046356201172,True
PUBLISHED_PRECOMPUTED_FEATURE_EVALUATION,FEATURE_SEARCH_ONLY,second_S2D.mat,68,76,4,4141,76,0.9992009401321411,True
PUBLISHED_PRECOMPUTED_FEATURE_EVALUATION,FEATURE_SEARCH_ONLY,second_S2D.mat,68,76,5,4144,76,0.9991951584815979,True
PUBLISHED_PRECOMPUTED_FEATURE_EVALUATION,FEATURE_SEARCH_ONLY,second_S2D.mat,68,76,6,4143,76,0.9991918802261353,True
PUBLISHED_PRECOMPUTED_FEATURE_EVALUATION,FEATURE_SEARCH_ONLY,second_S2D.mat,68,76,7,4129,76,0.9991858005523682,True
PUBLISHED_PRECOMPUTED_FEATURE_EVALUATION,FEATURE_SEARCH_ONLY,second_S2D.mat,68,76,8,4148,76,0.9991812109947205,True
PUBLISHED_PRECOMPUTED_FEATURE_EVALUATION,FEATURE_SEARCH_ONLY,second_S2D.mat,68,76,9,4128,76,0.9991708993911743,True
PUBLISHED_PRECOMPUTED_FEATURE_EVALUATION,FEATURE_SEARCH_ONLY,second_S2D.mat,68,76,10,4131,76,0.9991689920425415,True
PUBLISHED_PRECOMPUTED_FEATURE_EVALUATION,FEATURE_SEARCH_ONLY,second_S2D.mat,69,77,1,4196,77,0.9994325041770935,True
PUBLISHED_PRECOMPUTED_FEATURE_EVALUATION,FEATURE_SEARCH_ONLY,second_S2D.mat,69,77,2,4197,77,0.9994316101074219,True
PUBLISHED_PRECOMPUTED_FEATURE_EVALUATION,FEATURE_SEARCH_ONLY,second_S2D.mat,69,77,3,4179,77,0.9994019269943237,True
PUBLISHED_PRECOMPUTED_FEATURE_EVALUATION,FEATURE_SEARCH_ONLY,second_S2D.mat,69,77,4,4180,77,0.9993851780891418,True
PUBLISHED_PRECOMPUTED_FEATURE_EVALUATION,FEATURE_SEARCH_ONLY,second_S2D.mat,69,77,5,4195,77,0.9993601441383362,True
PUBLISHED_PRECOMPUTED_FEATURE_EVALUATION,FEATURE_SEARCH_ONLY,second_S2D.mat,69,77,6,4178,77,0.9993526935577393,True
PUBLISHED_PRECOMPUTED_FEATURE_EVALUATION,FEATURE_SEARCH_ONLY,second_S2D.mat,69,77,7,4184,77,0.9993506073951721,True
PUBLISHED_PRECOMPUTED_FEATURE_EVALUATION,FEATURE_SEARCH_ONLY,second_S2D.mat,69,77,8,4181,77,0.9993494749069214,True
PUBLISHED_PRECOMPUTED_FEATURE_EVALUATION,FEATURE_SEARCH_ONLY,second_S2D.mat,69,77,9,4185,77,0.9993274211883545,True
PUBLISHED_PRECOMPUTED_FEATURE_EVALUATION,FEATURE_SEARCH_ONLY,second_S2D.mat,69,77,10,4182,77,0.9993195533752441,True
PUBLISHED_PRECOMPUTED_FEATURE_EVALUATION,FEATURE_SEARCH_ONLY,second_S2D.mat,70,78,1,5222,96,0.9985803365707397,False
PUBLISHED_PRECOMPUTED_FEATURE_EVALUATION,FEATURE_SEARCH_ONLY,second_S2D.mat,70,78,2,5185,96,0.9985348582267761,False
PUBLISHED_PRECOMPUTED_FEATURE_EVALUATION,FEATURE_SEARCH_ONLY,second_S2D.mat,70,78,3,5204,96,0.9985226392745972,False
PUBLISHED_PRECOMPUTED_FEATURE_EVALUATION,FEATURE_SEARCH_ONLY,second_S2D.mat,70,78,4,5203,96,0.9985193610191345,False
PUBLISHED_PRECOMPUTED_FEATURE_EVALUATION,FEATURE_SEARCH_ONLY,second_S2D.mat,70,78,5,5200,96,0.9985088109970093,False
PUBLISHED_PRECOMPUTED_FEATURE_EVALUATION,FEATURE_SEARCH_ONLY,second_S2D.mat,70,78,6,5184,96,0.9984922409057617,False
PUBLISHED_PRECOMPUTED_FEATURE_EVALUATION,FEATURE_SEARCH_ONLY,second_S2D.mat,70,78,7,5218,96,0.9984881281852722,False
PUBLISHED_PRECOMPUTED_FEATURE_EVALUATION,FEATURE_SEARCH_ONLY,second_S2D.mat,70,78,8,5217,96,0.9984849691390991,False
PUBLISHED_PRECOMPUTED_FEATURE_EVALUATION,FEATURE_SEARCH_ONLY,second_S2D.mat,70,78,9,5220,96,0.9984827041625977,False
PUBLISHED_PRECOMPUTED_FEATURE_EVALUATION,FEATURE_SEARCH_ONLY,second_S2D.mat,70,78,10,5202,96,0.9984745979309082,False
PUBLISHED_PRECOMPUTED_FEATURE_EVALUATION,FEATURE_SEARCH_ONLY,second_S2D.mat,71,79,1,6368,117,0.9987914562225342,False
PUBLISHED_PRECOMPUTED_FEATURE_EVALUATION,FEATURE_SEARCH_ONLY,second_S2D.mat,71,79,2,6367,117,0.9987780451774597,False
PUBLISHED_PRECOMPUTED_FEATURE_EVALUATION,FEATURE_SEARCH_ONLY,second_S2D.mat,71,79,3,6366,117,0.9987608790397644,False
PUBLISHED_PRECOMPUTED_FEATURE_EVALUATION,FEATURE_SEARCH_ONLY,second_S2D.mat,71,79,4,6365,117,0.9987292885780334,False
PUBLISHED_PRECOMPUTED_FEATURE_EVALUATION,FEATURE_SEARCH_ONLY,second_S2D.mat,71,79,5,6371,117,0.9986918568611145,False
PUBLISHED_PRECOMPUTED_FEATURE_EVALUATION,FEATURE_SEARCH_ONLY,second_S2D.mat,71,79,6,6370,117,0.9986574649810791,False
PUBLISHED_PRECOMPUTED_FEATURE_EVALUATION,FEATURE_SEARCH_ONLY,second_S2D.mat,71,79,7,6364,117,0.9986426830291748,False
PUBLISHED_PRECOMPUTED_FEATURE_EVALUATION,FEATURE_SEARCH_ONLY,second_S2D.mat,71,79,8,6369,117,0.9985942244529724,False
PUBLISHED_PRECOMPUTED_FEATURE_EVALUATION,FEATURE_SEARCH_ONLY,second_S2D.mat,71,79,9,6363,117,0.9985755085945129,False
PUBLISHED_PRECOMPUTED_FEATURE_EVALUATION,FEATURE_SEARCH_ONLY,second_S2D.mat,71,79,10,6360,117,0.998563826084137,False
PUBLISHED_PRECOMPUTED_FEATURE_EVALUATION,FEATURE_SEARCH_ONLY,second_S2D.mat,72,80,1,4368,80,0.9991877675056458,True
PUBLISHED_PRECOMPUTED_FEATURE_EVALUATION,FEATURE_SEARCH_ONLY,second_S2D.mat,72,80,2,4350,80,0.9991765022277832,True
PUBLISHED_PRECOMPUTED_FEATURE_EVALUATION,FEATURE_SEARCH_ONLY,second_S2D.mat,72,80,3,4332,80,0.9991468191146851,True
PUBLISHED_PRECOMPUTED_FEATURE_EVALUATION,FEATURE_SEARCH_ONLY,second_S2D.mat,72,80,4,4349,80,0.9991336464881897,True
PUBLISHED_PRECOMPUTED_FEATURE_EVALUATION,FEATURE_SEARCH_ONLY,second_S2D.mat,72,80,5,4353,80,0.9991128444671631,True
PUBLISHED_PRECOMPUTED_FEATURE_EVALUATION,FEATURE_SEARCH_ONLY,second_S2D.mat,72,80,6,4352,80,0.9991003274917603,True
PUBLISHED_PRECOMPUTED_FEATURE_EVALUATION,FEATURE_SEARCH_ONLY,second_S2D.mat,72,80,7,4334,80,0.999087929725647,True
PUBLISHED_PRECOMPUTED_FEATURE_EVALUATION,FEATURE_SEARCH_ONLY,second_S2D.mat,72,80,8,4346,80,0.9990849494934082,True
PUBLISHED_PRECOMPUTED_FEATURE_EVALUATION,FEATURE_SEARCH_ONLY,second_S2D.mat,72,80,9,4336,80,0.9990848302841187,True
PUBLISHED_PRECOMPUTED_FEATURE_EVALUATION,FEATURE_SEARCH_ONLY,second_S2D.mat,72,80,10,4333,80,0.9990846514701843,True
PUBLISHED_PRECOMPUTED_FEATURE_EVALUATION,FEATURE_SEARCH_ONLY,second_S2D.mat,73,81,1,4409,81,0.9991623759269714,True
PUBLISHED_PRECOMPUTED_FEATURE_EVALUATION,FEATURE_SEARCH_ONLY,second_S2D.mat,73,81,2,4410,81,0.9991017580032349,True
PUBLISHED_PRECOMPUTED_FEATURE_EVALUATION,FEATURE_SEARCH_ONLY,second_S2D.mat,73,81,3,4424,81,0.9990378618240356,True
PUBLISHED_PRECOMPUTED_FEATURE_EVALUATION,FEATURE_SEARCH_ONLY,second_S2D.mat,73,81,4,4407,81,0.9990202188491821,True
PUBLISHED_PRECOMPUTED_FEATURE_EVALUATION,FEATURE_SEARCH_ONLY,second_S2D.mat,73,81,5,4406,81,0.9990049004554749,True
PUBLISHED_PRECOMPUTED_FEATURE_EVALUATION,FEATURE_SEARCH_ONLY,second_S2D.mat,73,81,6,4388,81,0.9989798665046692,True
PUBLISHED_PRECOMPUTED_FEATURE_EVALUATION,FEATURE_SEARCH_ONLY,second_S2D.mat,73,81,7,4392,81,0.998975396156311,True
PUBLISHED_PRECOMPUTED_FEATURE_EVALUATION,FEATURE_SEARCH_ONLY,second_S2D.mat,73,81,8,4425,81,0.9989554286003113,True
PUBLISHED_PRECOMPUTED_FEATURE_EVALUATION,FEATURE_SEARCH_ONLY,second_S2D.mat,73,81,9,4423,81,0.998953640460968,True
PUBLISHED_PRECOMPUTED_FEATURE_EVALUATION,FEATURE_SEARCH_ONLY,second_S2D.mat,73,81,10,4391,81,0.9989515542984009,True
PUBLISHED_PRECOMPUTED_FEATURE_EVALUATION,FEATURE_SEARCH_ONLY,second_S2D.mat,74,82,1,4465,82,0.9990630149841309,True
PUBLISHED_PRECOMPUTED_FEATURE_EVALUATION,FEATURE_SEARCH_ONLY,second_S2D.mat,74,82,2,4464,82,0.9990591406822205,True
PUBLISHED_PRECOMPUTED_FEATURE_EVALUATION,FEATURE_SEARCH_ONLY,second_S2D.mat,74,82,3,4454,82,0.9990242719650269,True
PUBLISHED_PRECOMPUTED_FEATURE_EVALUATION,FEATURE_SEARCH_ONLY,second_S2D.mat,74,82,4,4473,82,0.9989425539970398,True
PUBLISHED_PRECOMPUTED_FEATURE_EVALUATION,FEATURE_SEARCH_ONLY,second_S2D.mat,74,82,5,4455,82,0.9989208579063416,True
PUBLISHED_PRECOMPUTED_FEATURE_EVALUATION,FEATURE_SEARCH_ONLY,second_S2D.mat,74,82,6,4472,82,0.9988810420036316,True
PUBLISHED_PRECOMPUTED_FEATURE_EVALUATION,FEATURE_SEARCH_ONLY,second_S2D.mat,74,82,7,4456,82,0.9988606572151184,True
PUBLISHED_PRECOMPUTED_FEATURE_EVALUATION,FEATURE_SEARCH_ONLY,second_S2D.mat,74,82,8,4463,82,0.9988500475883484,True
PUBLISHED_PRECOMPUTED_FEATURE_EVALUATION,FEATURE_SEARCH_ONLY,second_S2D.mat,74,82,9,4474,82,0.9988110065460205,True
PUBLISHED_PRECOMPUTED_FEATURE_EVALUATION,FEATURE_SEARCH_ONLY,second_S2D.mat,74,82,10,4448,82,0.9987730383872986,True
PUBLISHED_PRECOMPUTED_FEATURE_EVALUATION,FEATURE_SEARCH_ONLY,second_S2D.mat,75,83,1,4513,83,0.9990900754928589,True
PUBLISHED_PRECOMPUTED_FEATURE_EVALUATION,FEATURE_SEARCH_ONLY,second_S2D.mat,75,83,2,4514,83,0.999053418636322,True
PUBLISHED_PRECOMPUTED_FEATURE_EVALUATION,FEATURE_SEARCH_ONLY,second_S2D.mat,75,83,3,4515,83,0.9989939332008362,True
PUBLISHED_PRECOMPUTED_FEATURE_EVALUATION,FEATURE_SEARCH_ONLY,second_S2D.mat,75,83,4,4518,83,0.9989886283874512,True
PUBLISHED_PRECOMPUTED_FEATURE_EVALUATION,FEATURE_SEARCH_ONLY,second_S2D.mat,75,83,5,4519,83,0.9989656209945679,True
PUBLISHED_PRECOMPUTED_FEATURE_EVALUATION,FEATURE_SEARCH_ONLY,second_S2D.mat,75,83,6,4483,83,0.9989614486694336,True
PUBLISHED_PRECOMPUTED_FEATURE_EVALUATION,FEATURE_SEARCH_ONLY,second_S2D.mat,75,83,7,4517,83,0.998957633972168,True
PUBLISHED_PRECOMPUTED_FEATURE_EVALUATION,FEATURE_SEARCH_ONLY,second_S2D.mat,75,83,8,4532,83,0.9989491105079651,True
PUBLISHED_PRECOMPUTED_FEATURE_EVALUATION,FEATURE_SEARCH_ONLY,second_S2D.mat,75,83,9,4495,83,0.9989333152770996,True
PUBLISHED_PRECOMPUTED_FEATURE_EVALUATION,FEATURE_SEARCH_ONLY,second_S2D.mat,75,83,10,4500,83,0.9989244937896729,True
PUBLISHED_PRECOMPUTED_FEATURE_EVALUATION,FEATURE_SEARCH_ONLY,second_S2D.mat,76,84,1,4553,84,0.9988980889320374,True
PUBLISHED_PRECOMPUTED_FEATURE_EVALUATION,FEATURE_SEARCH_ONLY,second_S2D.mat,76,84,2,4572,84,0.9988524913787842,True
PUBLISHED_PRECOMPUTED_FEATURE_EVALUATION,FEATURE_SEARCH_ONLY,second_S2D.mat,76,84,3,4554,84,0.9988316893577576,True
PUBLISHED_PRECOMPUTED_FEATURE_EVALUATION,FEATURE_SEARCH_ONLY,second_S2D.mat,76,84,4,4547,84,0.9988032579421997,True
PUBLISHED_PRECOMPUTED_FEATURE_EVALUATION,FEATURE_SEARCH_ONLY,second_S2D.mat,76,84,5,4562,84,0.9987843632698059,True
PUBLISHED_PRECOMPUTED_FEATURE_EVALUATION,FEATURE_SEARCH_ONLY,second_S2D.mat,76,84,6,4546,84,0.9987819194793701,True
PUBLISHED_PRECOMPUTED_FEATURE_EVALUATION,FEATURE_SEARCH_ONLY,second_S2D.mat,76,84,7,4571,84,0.998774528503418,True
PUBLISHED_PRECOMPUTED_FEATURE_EVALUATION,FEATURE_SEARCH_ONLY,second_S2D.mat,76,84,8,4552,84,0.9987724423408508,True
PUBLISHED_PRECOMPUTED_FEATURE_EVALUATION,FEATURE_SEARCH_ONLY,second_S2D.mat,76,84,9,4545,84,0.998770534992218,True
PUBLISHED_PRECOMPUTED_FEATURE_EVALUATION,FEATURE_SEARCH_ONLY,second_S2D.mat,76,84,10,4580,84,0.99876469373703,True
PUBLISHED_PRECOMPUTED_FEATURE_EVALUATION,FEATURE_SEARCH_ONLY,second_S2D.mat,77,86,1,4688,86,0.9992190599441528,True
PUBLISHED_PRECOMPUTED_FEATURE_EVALUATION,FEATURE_SEARCH_ONLY,second_S2D.mat,77,86,2,4687,86,0.9991883635520935,True
PUBLISHED_PRECOMPUTED_FEATURE_EVALUATION,FEATURE_SEARCH_ONLY,second_S2D.mat,77,86,3,4669,86,0.9990981221199036,True
PUBLISHED_PRECOMPUTED_FEATURE_EVALUATION,FEATURE_SEARCH_ONLY,second_S2D.mat,77,86,4,4689,86,0.9990848302841187,True
PUBLISHED_PRECOMPUTED_FEATURE_EVALUATION,FEATURE_SEARCH_ONLY,second_S2D.mat,77,86,5,4672,86,0.9990454316139221,True
PUBLISHED_PRECOMPUTED_FEATURE_EVALUATION,FEATURE_SEARCH_ONLY,second_S2D.mat,77,86,6,4670,86,0.9990419149398804,True
PUBLISHED_PRECOMPUTED_FEATURE_EVALUATION,FEATURE_SEARCH_ONLY,second_S2D.mat,77,86,7,4668,86,0.9990415573120117,True
PUBLISHED_PRECOMPUTED_FEATURE_EVALUATION,FEATURE_SEARCH_ONLY,second_S2D.mat,77,86,8,4671,86,0.9990413784980774,True
PUBLISHED_PRECOMPUTED_FEATURE_EVALUATION,FEATURE_SEARCH_ONLY,second_S2D.mat,77,86,9,4680,86,0.999016523361206,True
PUBLISHED_PRECOMPUTED_FEATURE_EVALUATION,FEATURE_SEARCH_ONLY,second_S2D.mat,77,86,10,4690,86,0.9990131855010986,True
PUBLISHED_PRECOMPUTED_FEATURE_EVALUATION,FEATURE_SEARCH_ONLY,second_S2D.mat,78,87,1,4747,87,0.9988661408424377,True
PUBLISHED_PRECOMPUTED_FEATURE_EVALUATION,FEATURE_SEARCH_ONLY,second_S2D.mat,78,87,2,4734,87,0.9988596439361572,True
PUBLISHED_PRECOMPUTED_FEATURE_EVALUATION,FEATURE_SEARCH_ONLY,second_S2D.mat,78,87,3,4729,87,0.9988335967063904,True
PUBLISHED_PRECOMPUTED_FEATURE_EVALUATION,FEATURE_SEARCH_ONLY,second_S2D.mat,78,87,4,4733,87,0.9988178610801697,True
PUBLISHED_PRECOMPUTED_FEATURE_EVALUATION,FEATURE_SEARCH_ONLY,second_S2D.mat,78,87,5,4738,87,0.9988062977790833,True
PUBLISHED_PRECOMPUTED_FEATURE_EVALUATION,FEATURE_SEARCH_ONLY,second_S2D.mat,78,87,6,4730,87,0.998802900314331,True
PUBLISHED_PRECOMPUTED_FEATURE_EVALUATION,FEATURE_SEARCH_ONLY,second_S2D.mat,78,87,7,4732,87,0.998799204826355,True
PUBLISHED_PRECOMPUTED_FEATURE_EVALUATION,FEATURE_SEARCH_ONLY,second_S2D.mat,78,87,8,4735,87,0.9987910389900208,True
PUBLISHED_PRECOMPUTED_FEATURE_EVALUATION,FEATURE_SEARCH_ONLY,second_S2D.mat,78,87,9,4739,87,0.9987773895263672,True
PUBLISHED_PRECOMPUTED_FEATURE_EVALUATION,FEATURE_SEARCH_ONLY,second_S2D.mat,78,87,10,4748,87,0.9987753033638,True
PUBLISHED_PRECOMPUTED_FEATURE_EVALUATION,FEATURE_SEARCH_ONLY,second_S2D.mat,79,88,1,4802,88,0.9993084669113159,True
PUBLISHED_PRECOMPUTED_FEATURE_EVALUATION,FEATURE_SEARCH_ONLY,second_S2D.mat,79,88,2,4783,88,0.9992656111717224,True
PUBLISHED_PRECOMPUTED_FEATURE_EVALUATION,FEATURE_SEARCH_ONLY,second_S2D.mat,79,88,3,4803,88,0.9992455244064331,True
PUBLISHED_PRECOMPUTED_FEATURE_EVALUATION,FEATURE_SEARCH_ONLY,second_S2D.mat,79,88,4,4801,88,0.9992227554321289,True
PUBLISHED_PRECOMPUTED_FEATURE_EVALUATION,FEATURE_SEARCH_ONLY,second_S2D.mat,79,88,5,4804,88,0.999193549156189,True
PUBLISHED_PRECOMPUTED_FEATURE_EVALUATION,FEATURE_SEARCH_ONLY,second_S2D.mat,79,88,6,4784,88,0.9991880059242249,True
PUBLISHED_PRECOMPUTED_FEATURE_EVALUATION,FEATURE_SEARCH_ONLY,second_S2D.mat,79,88,7,4785,88,0.9991722106933594,True
PUBLISHED_PRECOMPUTED_FEATURE_EVALUATION,FEATURE_SEARCH_ONLY,second_S2D.mat,79,88,8,4786,88,0.9991710186004639,True
PUBLISHED_PRECOMPUTED_FEATURE_EVALUATION,FEATURE_SEARCH_ONLY,second_S2D.mat,79,88,9,4800,88,0.9991567730903625,True
PUBLISHED_PRECOMPUTED_FEATURE_EVALUATION,FEATURE_SEARCH_ONLY,second_S2D.mat,79,88,10,4799,88,0.9990671873092651,True
PUBLISHED_PRECOMPUTED_FEATURE_EVALUATION,FEATURE_SEARCH_ONLY,second_S2D.mat,80,89,1,4833,89,0.9995048642158508,True
PUBLISHED_PRECOMPUTED_FEATURE_EVALUATION,FEATURE_SEARCH_ONLY,second_S2D.mat,80,89,2,4832,89,0.9994604587554932,True
PUBLISHED_PRECOMPUTED_FEATURE_EVALUATION,FEATURE_SEARCH_ONLY,second_S2D.mat,80,89,3,4824,89,0.9994527101516724,True
PUBLISHED_PRECOMPUTED_FEATURE_EVALUATION,FEATURE_SEARCH_ONLY,second_S2D.mat,80,89,4,4834,89,0.9994199872016907,True
PUBLISHED_PRECOMPUTED_FEATURE_EVALUATION,FEATURE_SEARCH_ONLY,second_S2D.mat,80,89,5,4842,89,0.9994146227836609,True
PUBLISHED_PRECOMPUTED_FEATURE_EVALUATION,FEATURE_SEARCH_ONLY,second_S2D.mat,80,89,6,4830,89,0.999394953250885,True
PUBLISHED_PRECOMPUTED_FEATURE_EVALUATION,FEATURE_SEARCH_ONLY,second_S2D.mat,80,89,7,4835,89,0.9993926882743835,True
PUBLISHED_PRECOMPUTED_FEATURE_EVALUATION,FEATURE_SEARCH_ONLY,second_S2D.mat,80,89,8,4826,89,0.9993902444839478,True
PUBLISHED_PRECOMPUTED_FEATURE_EVALUATION,FEATURE_SEARCH_ONLY,second_S2D.mat,80,89,9,4848,89,0.9993826150894165,True
PUBLISHED_PRECOMPUTED_FEATURE_EVALUATION,FEATURE_SEARCH_ONLY,second_S2D.mat,80,89,10,4825,89,0.9993807673454285,True
PUBLISHED_PRECOMPUTED_FEATURE_EVALUATION,FEATURE_SEARCH_ONLY,second_S2D.mat,81,90,1,4889,90,0.9991780519485474,True
PUBLISHED_PRECOMPUTED_FEATURE_EVALUATION,FEATURE_SEARCH_ONLY,second_S2D.mat,81,90,2,4885,90,0.9991520643234253,True
PUBLISHED_PRECOMPUTED_FEATURE_EVALUATION,FEATURE_SEARCH_ONLY,second_S2D.mat,81,90,3,4884,90,0.9991180300712585,True
PUBLISHED_PRECOMPUTED_FEATURE_EVALUATION,FEATURE_SEARCH_ONLY,second_S2D.mat,81,90,4,4882,90,0.9991090297698975,True
PUBLISHED_PRECOMPUTED_FEATURE_EVALUATION,FEATURE_SEARCH_ONLY,second_S2D.mat,81,90,5,4871,90,0.999098002910614,True
PUBLISHED_PRECOMPUTED_FEATURE_EVALUATION,FEATURE_SEARCH_ONLY,second_S2D.mat,81,90,6,4907,90,0.9990939497947693,True
PUBLISHED_PRECOMPUTED_FEATURE_EVALUATION,FEATURE_SEARCH_ONLY,second_S2D.mat,81,90,7,4890,90,0.9990929365158081,True
PUBLISHED_PRECOMPUTED_FEATURE_EVALUATION,FEATURE_SEARCH_ONLY,second_S2D.mat,81,90,8,4906,90,0.9990535974502563,True
PUBLISHED_PRECOMPUTED_FEATURE_EVALUATION,FEATURE_SEARCH_ONLY,second_S2D.mat,81,90,9,4888,90,0.999038577079773,True
PUBLISHED_PRECOMPUTED_FEATURE_EVALUATION,FEATURE_SEARCH_ONLY,second_S2D.mat,81,90,10,4870,90,0.9990293979644775,True
PUBLISHED_PRECOMPUTED_FEATURE_EVALUATION,FEATURE_SEARCH_ONLY,second_S2D.mat,82,91,1,4946,91,0.999403178691864,True
PUBLISHED_PRECOMPUTED_FEATURE_EVALUATION,FEATURE_SEARCH_ONLY,second_S2D.mat,82,91,2,4945,91,0.9993585348129272,True
PUBLISHED_PRECOMPUTED_FEATURE_EVALUATION,FEATURE_SEARCH_ONLY,second_S2D.mat,82,91,3,4936,91,0.9993290305137634,True
PUBLISHED_PRECOMPUTED_FEATURE_EVALUATION,FEATURE_SEARCH_ONLY,second_S2D.mat,82,91,4,4963,91,0.9993207454681396,True
PUBLISHED_PRECOMPUTED_FEATURE_EVALUATION,FEATURE_SEARCH_ONLY,second_S2D.mat,82,91,5,4928,91,0.9993072152137756,True
PUBLISHED_PRECOMPUTED_FEATURE_EVALUATION,FEATURE_SEARCH_ONLY,second_S2D.mat,82,91,6,4937,91,0.9992820024490356,True
PUBLISHED_PRECOMPUTED_FEATURE_EVALUATION,FEATURE_SEARCH_ONLY,second_S2D.mat,82,91,7,4935,91,0.9992616772651672,True
PUBLISHED_PRECOMPUTED_FEATURE_EVALUATION,FEATURE_SEARCH_ONLY,second_S2D.mat,82,91,8,4919,91,0.9992583990097046,True
PUBLISHED_PRECOMPUTED_FEATURE_EVALUATION,FEATURE_SEARCH_ONLY,second_S2D.mat,82,91,9,4944,91,0.9992551207542419,True
PUBLISHED_PRECOMPUTED_FEATURE_EVALUATION,FEATURE_SEARCH_ONLY,second_S2D.mat,82,91,10,4918,91,0.99924635887146,True
PUBLISHED_PRECOMPUTED_FEATURE_EVALUATION,FEATURE_SEARCH_ONLY,second_S2D.mat,83,92,1,5005,92,0.9992779493331909,True
PUBLISHED_PRECOMPUTED_FEATURE_EVALUATION,FEATURE_SEARCH_ONLY,second_S2D.mat,83,92,2,5004,92,0.9992668032646179,True
PUBLISHED_PRECOMPUTED_FEATURE_EVALUATION,FEATURE_SEARCH_ONLY,second_S2D.mat,83,92,3,5002,92,0.9992000460624695,True
PUBLISHED_PRECOMPUTED_FEATURE_EVALUATION,FEATURE_SEARCH_ONLY,second_S2D.mat,83,92,4,4985,92,0.9991933107376099,True
PUBLISHED_PRECOMPUTED_FEATURE_EVALUATION,FEATURE_SEARCH_ONLY,second_S2D.mat,83,92,5,5006,92,0.9991905093193054,True
PUBLISHED_PRECOMPUTED_FEATURE_EVALUATION,FEATURE_SEARCH_ONLY,second_S2D.mat,83,92,6,5000,92,0.9991706609725952,True
PUBLISHED_PRECOMPUTED_FEATURE_EVALUATION,FEATURE_SEARCH_ONLY,second_S2D.mat,83,92,7,4989,92,0.9991700053215027,True
PUBLISHED_PRECOMPUTED_FEATURE_EVALUATION,FEATURE_SEARCH_ONLY,second_S2D.mat,83,92,8,4982,92,0.9991583228111267,True
PUBLISHED_PRECOMPUTED_FEATURE_EVALUATION,FEATURE_SEARCH_ONLY,second_S2D.mat,83,92,9,5001,92,0.9991515874862671,True
PUBLISHED_PRECOMPUTED_FEATURE_EVALUATION,FEATURE_SEARCH_ONLY,second_S2D.mat,83,92,10,5007,92,0.9991421103477478,True
PUBLISHED_PRECOMPUTED_FEATURE_EVALUATION,FEATURE_SEARCH_ONLY,second_S2D.mat,84,93,1,5072,93,0.9992321729660034,True
PUBLISHED_PRECOMPUTED_FEATURE_EVALUATION,FEATURE_SEARCH_ONLY,second_S2D.mat,84,93,2,3981,73,0.999113142490387,False
PUBLISHED_PRECOMPUTED_FEATURE_EVALUATION,FEATURE_SEARCH_ONLY,second_S2D.mat,84,93,3,5049,93,0.9991069436073303,True
PUBLISHED_PRECOMPUTED_FEATURE_EVALUATION,FEATURE_SEARCH_ONLY,second_S2D.mat,84,93,4,5073,93,0.9990833401679993,True
PUBLISHED_PRECOMPUTED_FEATURE_EVALUATION,FEATURE_SEARCH_ONLY,second_S2D.mat,84,93,5,3979,73,0.9990658760070801,False
PUBLISHED_PRECOMPUTED_FEATURE_EVALUATION,FEATURE_SEARCH_ONLY,second_S2D.mat,84,93,6,5071,93,0.9990643262863159,True
PUBLISHED_PRECOMPUTED_FEATURE_EVALUATION,FEATURE_SEARCH_ONLY,second_S2D.mat,84,93,7,5074,93,0.9990633726119995,True
PUBLISHED_PRECOMPUTED_FEATURE_EVALUATION,FEATURE_SEARCH_ONLY,second_S2D.mat,84,93,8,5067,93,0.9990299940109253,True
PUBLISHED_PRECOMPUTED_FEATURE_EVALUATION,FEATURE_SEARCH_ONLY,second_S2D.mat,84,93,9,3963,73,0.9990249276161194,False
PUBLISHED_PRECOMPUTED_FEATURE_EVALUATION,FEATURE_SEARCH_ONLY,second_S2D.mat,84,93,10,5060,93,0.9990204572677612,True
PUBLISHED_PRECOMPUTED_FEATURE_EVALUATION,FEATURE_SEARCH_ONLY,second_S2D.mat,85,94,1,5108,94,0.9993419051170349,True
PUBLISHED_PRECOMPUTED_FEATURE_EVALUATION,FEATURE_SEARCH_ONLY,second_S2D.mat,85,94,2,5125,94,0.9993023872375488,True
PUBLISHED_PRECOMPUTED_FEATURE_EVALUATION,FEATURE_SEARCH_ONLY,second_S2D.mat,85,94,3,5124,94,0.999271810054779,True
PUBLISHED_PRECOMPUTED_FEATURE_EVALUATION,FEATURE_SEARCH_ONLY,second_S2D.mat,85,94,4,5112,94,0.9992614984512329,True
PUBLISHED_PRECOMPUTED_FEATURE_EVALUATION,FEATURE_SEARCH_ONLY,second_S2D.mat,85,94,5,5090,94,0.9992489814758301,True
PUBLISHED_PRECOMPUTED_FEATURE_EVALUATION,FEATURE_SEARCH_ONLY,second_S2D.mat,85,94,6,5110,94,0.9992485046386719,True
PUBLISHED_PRECOMPUTED_FEATURE_EVALUATION,FEATURE_SEARCH_ONLY,second_S2D.mat,85,94,7,5111,94,0.9992344975471497,True
PUBLISHED_PRECOMPUTED_FEATURE_EVALUATION,FEATURE_SEARCH_ONLY,second_S2D.mat,85,94,8,5122,94,0.9992333650588989,True
PUBLISHED_PRECOMPUTED_FEATURE_EVALUATION,FEATURE_SEARCH_ONLY,second_S2D.mat,85,94,9,5127,94,0.9992229342460632,True
PUBLISHED_PRECOMPUTED_FEATURE_EVALUATION,FEATURE_SEARCH_ONLY,second_S2D.mat,85,94,10,5104,94,0.9992157816886902,True
PUBLISHED_PRECOMPUTED_FEATURE_EVALUATION,FEATURE_SEARCH_ONLY,second_S2D.mat,86,95,1,5183,95,0.999337911605835,True
PUBLISHED_PRECOMPUTED_FEATURE_EVALUATION,FEATURE_SEARCH_ONLY,second_S2D.mat,86,95,2,5166,95,0.9993140697479248,True
PUBLISHED_PRECOMPUTED_FEATURE_EVALUATION,FEATURE_SEARCH_ONLY,second_S2D.mat,86,95,3,5148,95,0.9992726445198059,True
PUBLISHED_PRECOMPUTED_FEATURE_EVALUATION,FEATURE_SEARCH_ONLY,second_S2D.mat,86,95,4,5167,95,0.999271810054779,True
PUBLISHED_PRECOMPUTED_FEATURE_EVALUATION,FEATURE_SEARCH_ONLY,second_S2D.mat,86,95,5,5157,95,0.9992575645446777,True
PUBLISHED_PRECOMPUTED_FEATURE_EVALUATION,FEATURE_SEARCH_ONLY,second_S2D.mat,86,95,6,5165,95,0.9992554783821106,True
PUBLISHED_PRECOMPUTED_FEATURE_EVALUATION,FEATURE_SEARCH_ONLY,second_S2D.mat,86,95,7,5158,95,0.9991763234138489,True
PUBLISHED_PRECOMPUTED_FEATURE_EVALUATION,FEATURE_SEARCH_ONLY,second_S2D.mat,86,95,8,5149,95,0.9991653561592102,True
PUBLISHED_PRECOMPUTED_FEATURE_EVALUATION,FEATURE_SEARCH_ONLY,second_S2D.mat,86,95,9,5182,95,0.9991626739501953,True
PUBLISHED_PRECOMPUTED_FEATURE_EVALUATION,FEATURE_SEARCH_ONLY,second_S2D.mat,86,95,10,5156,95,0.9991390705108643,True
PUBLISHED_PRECOMPUTED_FEATURE_EVALUATION,FEATURE_SEARCH_ONLY,second_S2D.mat,87,96,1,5231,96,0.9993412494659424,True
PUBLISHED_PRECOMPUTED_FEATURE_EVALUATION,FEATURE_SEARCH_ONLY,second_S2D.mat,87,96,2,5223,96,0.9993289709091187,True
PUBLISHED_PRECOMPUTED_FEATURE_EVALUATION,FEATURE_SEARCH_ONLY,second_S2D.mat,87,96,3,5222,96,0.9993197917938232,True
PUBLISHED_PRECOMPUTED_FEATURE_EVALUATION,FEATURE_SEARCH_ONLY,second_S2D.mat,87,96,4,5227,96,0.9993114471435547,True
PUBLISHED_PRECOMPUTED_FEATURE_EVALUATION,FEATURE_SEARCH_ONLY,second_S2D.mat,87,96,5,5237,96,0.999302864074707,True
PUBLISHED_PRECOMPUTED_FEATURE_EVALUATION,FEATURE_SEARCH_ONLY,second_S2D.mat,87,96,6,5226,96,0.9993023872375488,True
PUBLISHED_PRECOMPUTED_FEATURE_EVALUATION,FEATURE_SEARCH_ONLY,second_S2D.mat,87,96,7,5225,96,0.9992580413818359,True
PUBLISHED_PRECOMPUTED_FEATURE_EVALUATION,FEATURE_SEARCH_ONLY,second_S2D.mat,87,96,8,5224,96,0.9992576241493225,True
PUBLISHED_PRECOMPUTED_FEATURE_EVALUATION,FEATURE_SEARCH_ONLY,second_S2D.mat,87,96,9,5219,96,0.999243974685669,True
PUBLISHED_PRECOMPUTED_FEATURE_EVALUATION,FEATURE_SEARCH_ONLY,second_S2D.mat,87,96,10,5232,96,0.9992389678955078,True
PUBLISHED_PRECOMPUTED_FEATURE_EVALUATION,FEATURE_SEARCH_ONLY,second_S2D.mat,88,97,1,5276,97,0.9991468191146851,True
PUBLISHED_PRECOMPUTED_FEATURE_EVALUATION,FEATURE_SEARCH_ONLY,second_S2D.mat,88,97,2,5262,97,0.9991379380226135,True
PUBLISHED_PRECOMPUTED_FEATURE_EVALUATION,FEATURE_SEARCH_ONLY,second_S2D.mat,88,97,3,5275,97,0.9991198182106018,True
PUBLISHED_PRECOMPUTED_FEATURE_EVALUATION,FEATURE_SEARCH_ONLY,second_S2D.mat,88,97,4,5277,97,0.999108076095581,True
PUBLISHED_PRECOMPUTED_FEATURE_EVALUATION,FEATURE_SEARCH_ONLY,second_S2D.mat,88,97,5,5258,97,0.9990895390510559,True
PUBLISHED_PRECOMPUTED_FEATURE_EVALUATION,FEATURE_SEARCH_ONLY,second_S2D.mat,88,97,6,5261,97,0.9990739822387695,True
PUBLISHED_PRECOMPUTED_FEATURE_EVALUATION,FEATURE_SEARCH_ONLY,second_S2D.mat,88,97,7,5280,97,0.9990723133087158,True
PUBLISHED_PRECOMPUTED_FEATURE_EVALUATION,FEATURE_SEARCH_ONLY,second_S2D.mat,88,97,8,5260,97,0.9990674257278442,True
PUBLISHED_PRECOMPUTED_FEATURE_EVALUATION,FEATURE_SEARCH_ONLY,second_S2D.mat,88,97,9,5278,97,0.999054491519928,True
PUBLISHED_PRECOMPUTED_FEATURE_EVALUATION,FEATURE_SEARCH_ONLY,second_S2D.mat,88,97,10,5274,97,0.9990352392196655,True
PUBLISHED_PRECOMPUTED_FEATURE_EVALUATION,FEATURE_SEARCH_ONLY,second_S2D.mat,89,98,1,5317,98,0.9994606971740723,True
PUBLISHED_PRECOMPUTED_FEATURE_EVALUATION,FEATURE_SEARCH_ONLY,second_S2D.mat,89,98,2,5316,98,0.9994469881057739,True
PUBLISHED_PRECOMPUTED_FEATURE_EVALUATION,FEATURE_SEARCH_ONLY,second_S2D.mat,89,98,3,5323,98,0.9994363188743591,True
PUBLISHED_PRECOMPUTED_FEATURE_EVALUATION,FEATURE_SEARCH_ONLY,second_S2D.mat,89,98,4,5318,98,0.9994218945503235,True
PUBLISHED_PRECOMPUTED_FEATURE_EVALUATION,FEATURE_SEARCH_ONLY,second_S2D.mat,89,98,5,5332,98,0.9994065761566162,True
PUBLISHED_PRECOMPUTED_FEATURE_EVALUATION,FEATURE_SEARCH_ONLY,second_S2D.mat,89,98,6,5341,98,0.9994062781333923,True
PUBLISHED_PRECOMPUTED_FEATURE_EVALUATION,FEATURE_SEARCH_ONLY,second_S2D.mat,89,98,7,5319,98,0.9993889331817627,True
PUBLISHED_PRECOMPUTED_FEATURE_EVALUATION,FEATURE_SEARCH_ONLY,second_S2D.mat,89,98,8,5324,98,0.9993784427642822,True
PUBLISHED_PRECOMPUTED_FEATURE_EVALUATION,FEATURE_SEARCH_ONLY,second_S2D.mat,89,98,9,5315,98,0.9993773102760315,True
PUBLISHED_PRECOMPUTED_FEATURE_EVALUATION,FEATURE_SEARCH_ONLY,second_S2D.mat,89,98,10,5340,98,0.9993747472763062,True
PUBLISHED_PRECOMPUTED_FEATURE_EVALUATION,FEATURE_SEARCH_ONLY,second_S2D.mat,90,99,1,5359,99,0.9994818568229675,True
PUBLISHED_PRECOMPUTED_FEATURE_EVALUATION,FEATURE_SEARCH_ONLY,second_S2D.mat,90,99,2,5377,99,0.9994174838066101,True
PUBLISHED_PRECOMPUTED_FEATURE_EVALUATION,FEATURE_SEARCH_ONLY,second_S2D.mat,90,99,3,5358,99,0.9993630647659302,True
PUBLISHED_PRECOMPUTED_FEATURE_EVALUATION,FEATURE_SEARCH_ONLY,second_S2D.mat,90,99,4,5357,99,0.9993355870246887,True
PUBLISHED_PRECOMPUTED_FEATURE_EVALUATION,FEATURE_SEARCH_ONLY,second_S2D.mat,90,99,5,5376,99,0.9993224143981934,True
PUBLISHED_PRECOMPUTED_FEATURE_EVALUATION,FEATURE_SEARCH_ONLY,second_S2D.mat,90,99,6,5360,99,0.9992853999137878,True
PUBLISHED_PRECOMPUTED_FEATURE_EVALUATION,FEATURE_SEARCH_ONLY,second_S2D.mat,90,99,7,5378,99,0.9992676973342896,True
PUBLISHED_PRECOMPUTED_FEATURE_EVALUATION,FEATURE_SEARCH_ONLY,second_S2D.mat,90,99,8,5375,99,0.9992644786834717,True
PUBLISHED_PRECOMPUTED_FEATURE_EVALUATION,FEATURE_SEARCH_ONLY,second_S2D.mat,90,99,9,5362,99,0.9992451667785645,True
PUBLISHED_PRECOMPUTED_FEATURE_EVALUATION,FEATURE_SEARCH_ONLY,second_S2D.mat,90,99,10,5394,99,0.9992445707321167,True
PUBLISHED_PRECOMPUTED_FEATURE_EVALUATION,FEATURE_SEARCH_ONLY,second_S2D.mat,91,100,1,5421,100,0.9995412826538086,True
PUBLISHED_PRECOMPUTED_FEATURE_EVALUATION,FEATURE_SEARCH_ONLY,second_S2D.mat,91,100,2,5422,100,0.9994934797286987,True
PUBLISHED_PRECOMPUTED_FEATURE_EVALUATION,FEATURE_SEARCH_ONLY,second_S2D.mat,91,100,3,5439,100,0.9994928240776062,True
PUBLISHED_PRECOMPUTED_FEATURE_EVALUATION,FEATURE_SEARCH_ONLY,second_S2D.mat,91,100,4,5440,100,0.9994815587997437,True
PUBLISHED_PRECOMPUTED_FEATURE_EVALUATION,FEATURE_SEARCH_ONLY,second_S2D.mat,91,100,5,5429,100,0.9994619488716125,True
PUBLISHED_PRECOMPUTED_FEATURE_EVALUATION,FEATURE_SEARCH_ONLY,second_S2D.mat,91,100,6,5445,100,0.9994587302207947,True
PUBLISHED_PRECOMPUTED_FEATURE_EVALUATION,FEATURE_SEARCH_ONLY,second_S2D.mat,91,100,7,5428,100,0.9994561672210693,True
PUBLISHED_PRECOMPUTED_FEATURE_EVALUATION,FEATURE_SEARCH_ONLY,second_S2D.mat,91,100,8,5446,100,0.9994418621063232,True
PUBLISHED_PRECOMPUTED_FEATURE_EVALUATION,FEATURE_SEARCH_ONLY,second_S2D.mat,91,100,9,5443,100,0.9994310140609741,True
PUBLISHED_PRECOMPUTED_FEATURE_EVALUATION,FEATURE_SEARCH_ONLY,second_S2D.mat,91,100,10,5430,100,0.9994298219680786,True
PUBLISHED_PRECOMPUTED_FEATURE_EVALUATION,FEATURE_SEARCH_ONLY,second_S2D.mat,92,101,1,5485,101,0.999125599861145,True
PUBLISHED_PRECOMPUTED_FEATURE_EVALUATION,FEATURE_SEARCH_ONLY,second_S2D.mat,92,101,2,5486,101,0.9990829229354858,True
PUBLISHED_PRECOMPUTED_FEATURE_EVALUATION,FEATURE_SEARCH_ONLY,second_S2D.mat,92,101,3,5490,101,0.9990450143814087,True
PUBLISHED_PRECOMPUTED_FEATURE_EVALUATION,FEATURE_SEARCH_ONLY,second_S2D.mat,92,101,4,5468,101,0.9989667534828186,True
PUBLISHED_PRECOMPUTED_FEATURE_EVALUATION,FEATURE_SEARCH_ONLY,second_S2D.mat,92,101,5,5489,101,0.9989504814147949,True
PUBLISHED_PRECOMPUTED_FEATURE_EVALUATION,FEATURE_SEARCH_ONLY,second_S2D.mat,92,101,6,5476,101,0.9989489912986755,True
PUBLISHED_PRECOMPUTED_FEATURE_EVALUATION,FEATURE_SEARCH_ONLY,second_S2D.mat,92,101,7,5493,101,0.9989191293716431,True
PUBLISHED_PRECOMPUTED_FEATURE_EVALUATION,FEATURE_SEARCH_ONLY,second_S2D.mat,92,101,8,5494,101,0.9989174008369446,True
PUBLISHED_PRECOMPUTED_FEATURE_EVALUATION,FEATURE_SEARCH_ONLY,second_S2D.mat,92,101,9,5487,101,0.9989050030708313,True
PUBLISHED_PRECOMPUTED_FEATURE_EVALUATION,FEATURE_SEARCH_ONLY,second_S2D.mat,92,101,10,5481,101,0.9989007711410522,True
PUBLISHED_PRECOMPUTED_FEATURE_EVALUATION,FEATURE_SEARCH_ONLY,second_S2D.mat,93,102,1,4125,76,0.9989210367202759,False
PUBLISHED_PRECOMPUTED_FEATURE_EVALUATION,FEATURE_SEARCH_ONLY,second_S2D.mat,93,102,2,4119,76,0.9988914728164673,False
PUBLISHED_PRECOMPUTED_FEATURE_EVALUATION,FEATURE_SEARCH_ONLY,second_S2D.mat,93,102,3,4123,76,0.9988812208175659,False
PUBLISHED_PRECOMPUTED_FEATURE_EVALUATION,FEATURE_SEARCH_ONLY,second_S2D.mat,93,102,4,4139,76,0.998875617980957,False
PUBLISHED_PRECOMPUTED_FEATURE_EVALUATION,FEATURE_SEARCH_ONLY,second_S2D.mat,93,102,5,4124,76,0.9988744854927063,False
PUBLISHED_PRECOMPUTED_FEATURE_EVALUATION,FEATURE_SEARCH_ONLY,second_S2D.mat,93,102,6,4126,76,0.9988659620285034,False
PUBLISHED_PRECOMPUTED_FEATURE_EVALUATION,FEATURE_SEARCH_ONLY,second_S2D.mat,93,102,7,4141,76,0.998852014541626,False
PUBLISHED_PRECOMPUTED_FEATURE_EVALUATION,FEATURE_SEARCH_ONLY,second_S2D.mat,93,102,8,4108,76,0.9988358020782471,False
PUBLISHED_PRECOMPUTED_FEATURE_EVALUATION,FEATURE_SEARCH_ONLY,second_S2D.mat,93,102,9,4118,76,0.998828649520874,False
PUBLISHED_PRECOMPUTED_FEATURE_EVALUATION,FEATURE_SEARCH_ONLY,second_S2D.mat,93,102,10,4106,76,0.9988284111022949,False
PUBLISHED_PRECOMPUTED_FEATURE_EVALUATION,FEATURE_SEARCH_ONLY,second_S2D.mat,94,103,1,5604,103,0.9995295405387878,True
PUBLISHED_PRECOMPUTED_FEATURE_EVALUATION,FEATURE_SEARCH_ONLY,second_S2D.mat,94,103,2,5603,103,0.9995265603065491,True
PUBLISHED_PRECOMPUTED_FEATURE_EVALUATION,FEATURE_SEARCH_ONLY,second_S2D.mat,94,103,3,5586,103,0.9994875192642212,True
PUBLISHED_PRECOMPUTED_FEATURE_EVALUATION,FEATURE_SEARCH_ONLY,second_S2D.mat,94,103,4,5605,103,0.9994540214538574,True
PUBLISHED_PRECOMPUTED_FEATURE_EVALUATION,FEATURE_SEARCH_ONLY,second_S2D.mat,94,103,5,5601,103,0.999440610408783,True
PUBLISHED_PRECOMPUTED_FEATURE_EVALUATION,FEATURE_SEARCH_ONLY,second_S2D.mat,94,103,6,5587,103,0.9994399547576904,True
PUBLISHED_PRECOMPUTED_FEATURE_EVALUATION,FEATURE_SEARCH_ONLY,second_S2D.mat,94,103,7,5584,103,0.9994395971298218,True
PUBLISHED_PRECOMPUTED_FEATURE_EVALUATION,FEATURE_SEARCH_ONLY,second_S2D.mat,94,103,8,5600,103,0.9994381666183472,True
PUBLISHED_PRECOMPUTED_FEATURE_EVALUATION,FEATURE_SEARCH_ONLY,second_S2D.mat,94,103,9,5585,103,0.9994347095489502,True
PUBLISHED_PRECOMPUTED_FEATURE_EVALUATION,FEATURE_SEARCH_ONLY,second_S2D.mat,94,103,10,5583,103,0.9994340538978577,True
PUBLISHED_PRECOMPUTED_FEATURE_EVALUATION,FEATURE_SEARCH_ONLY,second_S2D.mat,95,104,1,5659,104,0.9995104074478149,True
PUBLISHED_PRECOMPUTED_FEATURE_EVALUATION,FEATURE_SEARCH_ONLY,second_S2D.mat,95,104,2,5660,104,0.9994956254959106,True
PUBLISHED_PRECOMPUTED_FEATURE_EVALUATION,FEATURE_SEARCH_ONLY,second_S2D.mat,95,104,3,5646,104,0.9994890093803406,True
PUBLISHED_PRECOMPUTED_FEATURE_EVALUATION,FEATURE_SEARCH_ONLY,second_S2D.mat,95,104,4,5643,104,0.9994775056838989,True
PUBLISHED_PRECOMPUTED_FEATURE_EVALUATION,FEATURE_SEARCH_ONLY,second_S2D.mat,95,104,5,5649,104,0.9994732141494751,True
PUBLISHED_PRECOMPUTED_FEATURE_EVALUATION,FEATURE_SEARCH_ONLY,second_S2D.mat,95,104,6,5644,104,0.9994432330131531,True
PUBLISHED_PRECOMPUTED_FEATURE_EVALUATION,FEATURE_SEARCH_ONLY,second_S2D.mat,95,104,7,5645,104,0.9994367361068726,True
PUBLISHED_PRECOMPUTED_FEATURE_EVALUATION,FEATURE_SEARCH_ONLY,second_S2D.mat,95,104,8,5663,104,0.999431848526001,True
PUBLISHED_PRECOMPUTED_FEATURE_EVALUATION,FEATURE_SEARCH_ONLY,second_S2D.mat,95,104,9,5664,104,0.9994266629219055,True
PUBLISHED_PRECOMPUTED_FEATURE_EVALUATION,FEATURE_SEARCH_ONLY,second_S2D.mat,95,104,10,5648,104,0.9994258880615234,True
PUBLISHED_PRECOMPUTED_FEATURE_EVALUATION,FEATURE_SEARCH_ONLY,second_S2D.mat,96,105,1,5705,105,0.9994323253631592,True
PUBLISHED_PRECOMPUTED_FEATURE_EVALUATION,FEATURE_SEARCH_ONLY,second_S2D.mat,96,105,2,5706,105,0.9994038939476013,True
PUBLISHED_PRECOMPUTED_FEATURE_EVALUATION,FEATURE_SEARCH_ONLY,second_S2D.mat,96,105,3,5723,105,0.9993617534637451,True
PUBLISHED_PRECOMPUTED_FEATURE_EVALUATION,FEATURE_SEARCH_ONLY,second_S2D.mat,96,105,4,5718,105,0.9993589520454407,True
PUBLISHED_PRECOMPUTED_FEATURE_EVALUATION,FEATURE_SEARCH_ONLY,second_S2D.mat,96,105,5,5715,105,0.9993569254875183,True
PUBLISHED_PRECOMPUTED_FEATURE_EVALUATION,FEATURE_SEARCH_ONLY,second_S2D.mat,96,105,6,5697,105,0.9993516206741333,True
PUBLISHED_PRECOMPUTED_FEATURE_EVALUATION,FEATURE_SEARCH_ONLY,second_S2D.mat,96,105,7,5688,105,0.999342143535614,True
PUBLISHED_PRECOMPUTED_FEATURE_EVALUATION,FEATURE_SEARCH_ONLY,second_S2D.mat,96,105,8,5717,105,0.9993267059326172,True
PUBLISHED_PRECOMPUTED_FEATURE_EVALUATION,FEATURE_SEARCH_ONLY,second_S2D.mat,96,105,9,5714,105,0.9993244409561157,True
PUBLISHED_PRECOMPUTED_FEATURE_EVALUATION,FEATURE_SEARCH_ONLY,second_S2D.mat,96,105,10,5673,105,0.9993101358413696,True
PUBLISHED_PRECOMPUTED_FEATURE_EVALUATION,FEATURE_SEARCH_ONLY,second_S2D.mat,97,107,1,5809,107,0.9995110630989075,True
PUBLISHED_PRECOMPUTED_FEATURE_EVALUATION,FEATURE_SEARCH_ONLY,second_S2D.mat,97,107,2,5826,107,0.9994797706604004,True
PUBLISHED_PRECOMPUTED_FEATURE_EVALUATION,FEATURE_SEARCH_ONLY,second_S2D.mat,97,107,3,5793,107,0.9994651079177856,True
PUBLISHED_PRECOMPUTED_FEATURE_EVALUATION,FEATURE_SEARCH_ONLY,second_S2D.mat,97,107,4,5820,107,0.999463677406311,True
PUBLISHED_PRECOMPUTED_FEATURE_EVALUATION,FEATURE_SEARCH_ONLY,second_S2D.mat,97,107,5,5827,107,0.9994492530822754,True
PUBLISHED_PRECOMPUTED_FEATURE_EVALUATION,FEATURE_SEARCH_ONLY,second_S2D.mat,97,107,6,5808,107,0.9994485378265381,True
PUBLISHED_PRECOMPUTED_FEATURE_EVALUATION,FEATURE_SEARCH_ONLY,second_S2D.mat,97,107,7,5810,107,0.99944669008255,True
PUBLISHED_PRECOMPUTED_FEATURE_EVALUATION,FEATURE_SEARCH_ONLY,second_S2D.mat,97,107,8,5811,107,0.9994440078735352,True
PUBLISHED_PRECOMPUTED_FEATURE_EVALUATION,FEATURE_SEARCH_ONLY,second_S2D.mat,97,107,9,5807,107,0.9994281530380249,True
PUBLISHED_PRECOMPUTED_FEATURE_EVALUATION,FEATURE_SEARCH_ONLY,second_S2D.mat,97,107,10,5791,107,0.9994217753410339,True
PUBLISHED_PRECOMPUTED_FEATURE_EVALUATION,FEATURE_SEARCH_ONLY,second_S2D.mat,98,108,1,5849,108,0.9991679191589355,True
PUBLISHED_PRECOMPUTED_FEATURE_EVALUATION,FEATURE_SEARCH_ONLY,second_S2D.mat,98,108,2,6250,115,0.9991664886474609,False
PUBLISHED_PRECOMPUTED_FEATURE_EVALUATION,FEATURE_SEARCH_ONLY,second_S2D.mat,98,108,3,5850,108,0.9991597533226013,True
PUBLISHED_PRECOMPUTED_FEATURE_EVALUATION,FEATURE_SEARCH_ONLY,second_S2D.mat,98,108,4,6249,115,0.9991579055786133,False
PUBLISHED_PRECOMPUTED_FEATURE_EVALUATION,FEATURE_SEARCH_ONLY,second_S2D.mat,98,108,5,6251,115,0.9991517066955566,False
PUBLISHED_PRECOMPUTED_FEATURE_EVALUATION,FEATURE_SEARCH_ONLY,second_S2D.mat,98,108,6,5861,108,0.999148428440094,True
PUBLISHED_PRECOMPUTED_FEATURE_EVALUATION,FEATURE_SEARCH_ONLY,second_S2D.mat,98,108,7,5866,108,0.9991350769996643,True
PUBLISHED_PRECOMPUTED_FEATURE_EVALUATION,FEATURE_SEARCH_ONLY,second_S2D.mat,98,108,8,5867,108,0.9991288781166077,True
PUBLISHED_PRECOMPUTED_FEATURE_EVALUATION,FEATURE_SEARCH_ONLY,second_S2D.mat,98,108,9,5848,108,0.9991117715835571,True
PUBLISHED_PRECOMPUTED_FEATURE_EVALUATION,FEATURE_SEARCH_ONLY,second_S2D.mat,98,108,10,5843,108,0.9991096258163452,True
PUBLISHED_PRECOMPUTED_FEATURE_EVALUATION,FEATURE_SEARCH_ONLY,second_S2D.mat,99,110,1,5976,110,0.9993770122528076,True
PUBLISHED_PRECOMPUTED_FEATURE_EVALUATION,FEATURE_SEARCH_ONLY,second_S2D.mat,99,110,2,5993,110,0.9993298649787903,True
PUBLISHED_PRECOMPUTED_FEATURE_EVALUATION,FEATURE_SEARCH_ONLY,second_S2D.mat,99,110,3,5975,110,0.9993149042129517,True
PUBLISHED_PRECOMPUTED_FEATURE_EVALUATION,FEATURE_SEARCH_ONLY,second_S2D.mat,99,110,4,5977,110,0.999291718006134,True
PUBLISHED_PRECOMPUTED_FEATURE_EVALUATION,FEATURE_SEARCH_ONLY,second_S2D.mat,99,110,5,5967,110,0.9992831945419312,True
PUBLISHED_PRECOMPUTED_FEATURE_EVALUATION,FEATURE_SEARCH_ONLY,second_S2D.mat,99,110,6,5974,110,0.9992631077766418,True
PUBLISHED_PRECOMPUTED_FEATURE_EVALUATION,FEATURE_SEARCH_ONLY,second_S2D.mat,99,110,7,5985,110,0.999259352684021,True
PUBLISHED_PRECOMPUTED_FEATURE_EVALUATION,FEATURE_SEARCH_ONLY,second_S2D.mat,99,110,8,5966,110,0.9992376565933228,True
PUBLISHED_PRECOMPUTED_FEATURE_EVALUATION,FEATURE_SEARCH_ONLY,second_S2D.mat,99,110,9,5958,110,0.9992303848266602,True
PUBLISHED_PRECOMPUTED_FEATURE_EVALUATION,FEATURE_SEARCH_ONLY,second_S2D.mat,99,110,10,5959,110,0.9991979002952576,True
PUBLISHED_PRECOMPUTED_FEATURE_EVALUATION,FEATURE_SEARCH_ONLY,second_S2D.mat,100,111,1,6030,111,0.9990426301956177,True
PUBLISHED_PRECOMPUTED_FEATURE_EVALUATION,FEATURE_SEARCH_ONLY,second_S2D.mat,100,111,2,6031,111,0.9990204572677612,True
PUBLISHED_PRECOMPUTED_FEATURE_EVALUATION,FEATURE_SEARCH_ONLY,second_S2D.mat,100,111,3,6029,111,0.9990038871765137,True
PUBLISHED_PRECOMPUTED_FEATURE_EVALUATION,FEATURE_SEARCH_ONLY,second_S2D.mat,100,111,4,6038,111,0.9989770650863647,True
PUBLISHED_PRECOMPUTED_FEATURE_EVALUATION,FEATURE_SEARCH_ONLY,second_S2D.mat,100,111,5,6037,111,0.9989355802536011,True
PUBLISHED_PRECOMPUTED_FEATURE_EVALUATION,FEATURE_SEARCH_ONLY,second_S2D.mat,100,111,6,6039,111,0.9989200234413147,True
PUBLISHED_PRECOMPUTED_FEATURE_EVALUATION,FEATURE_SEARCH_ONLY,second_S2D.mat,100,111,7,6047,111,0.9988967776298523,True
PUBLISHED_PRECOMPUTED_FEATURE_EVALUATION,FEATURE_SEARCH_ONLY,second_S2D.mat,100,111,8,6013,111,0.9988816976547241,True
PUBLISHED_PRECOMPUTED_FEATURE_EVALUATION,FEATURE_SEARCH_ONLY,second_S2D.mat,100,111,9,6032,111,0.9988669753074646,True
PUBLISHED_PRECOMPUTED_FEATURE_EVALUATION,FEATURE_SEARCH_ONLY,second_S2D.mat,100,111,10,6012,111,0.9988533854484558,True
PUBLISHED_PRECOMPUTED_FEATURE_EVALUATION,FEATURE_SEARCH_ONLY,second_S2D.mat,101,113,1,6138,113,0.9994155168533325,True
PUBLISHED_PRECOMPUTED_FEATURE_EVALUATION,FEATURE_SEARCH_ONLY,second_S2D.mat,101,113,2,6139,113,0.9993095993995667,True
PUBLISHED_PRECOMPUTED_FEATURE_EVALUATION,FEATURE_SEARCH_ONLY,second_S2D.mat,101,113,3,6137,113,0.9992655515670776,True
PUBLISHED_PRECOMPUTED_FEATURE_EVALUATION,FEATURE_SEARCH_ONLY,second_S2D.mat,101,113,4,6121,113,0.9992634057998657,True
PUBLISHED_PRECOMPUTED_FEATURE_EVALUATION,FEATURE_SEARCH_ONLY,second_S2D.mat,101,113,5,6120,113,0.9992533922195435,True
PUBLISHED_PRECOMPUTED_FEATURE_EVALUATION,FEATURE_SEARCH_ONLY,second_S2D.mat,101,113,6,6136,113,0.9992486238479614,True
PUBLISHED_PRECOMPUTED_FEATURE_EVALUATION,FEATURE_SEARCH_ONLY,second_S2D.mat,101,113,7,6129,113,0.9992409944534302,True
PUBLISHED_PRECOMPUTED_FEATURE_EVALUATION,FEATURE_SEARCH_ONLY,second_S2D.mat,101,113,8,6119,113,0.9992347955703735,True
PUBLISHED_PRECOMPUTED_FEATURE_EVALUATION,FEATURE_SEARCH_ONLY,second_S2D.mat,101,113,9,6128,113,0.9991968274116516,True
PUBLISHED_PRECOMPUTED_FEATURE_EVALUATION,FEATURE_SEARCH_ONLY,second_S2D.mat,101,113,10,6147,113,0.9991934895515442,True
PUBLISHED_PRECOMPUTED_FEATURE_EVALUATION,FEATURE_SEARCH_ONLY,second_S2D.mat,102,114,1,6202,114,0.9991870522499084,True
PUBLISHED_PRECOMPUTED_FEATURE_EVALUATION,FEATURE_SEARCH_ONLY,second_S2D.mat,102,114,2,6203,114,0.9991604685783386,True
PUBLISHED_PRECOMPUTED_FEATURE_EVALUATION,FEATURE_SEARCH_ONLY,second_S2D.mat,102,114,3,6185,114,0.9991516470909119,True
PUBLISHED_PRECOMPUTED_FEATURE_EVALUATION,FEATURE_SEARCH_ONLY,second_S2D.mat,102,114,4,6184,114,0.999151349067688,True
PUBLISHED_PRECOMPUTED_FEATURE_EVALUATION,FEATURE_SEARCH_ONLY,second_S2D.mat,102,114,5,6176,114,0.9991481304168701,True
PUBLISHED_PRECOMPUTED_FEATURE_EVALUATION,FEATURE_SEARCH_ONLY,second_S2D.mat,102,114,6,6187,114,0.999143123626709,True
PUBLISHED_PRECOMPUTED_FEATURE_EVALUATION,FEATURE_SEARCH_ONLY,second_S2D.mat,102,114,7,6173,114,0.9991371631622314,True
PUBLISHED_PRECOMPUTED_FEATURE_EVALUATION,FEATURE_SEARCH_ONLY,second_S2D.mat,102,114,8,6191,114,0.9991320371627808,True
PUBLISHED_PRECOMPUTED_FEATURE_EVALUATION,FEATURE_SEARCH_ONLY,second_S2D.mat,102,114,9,6190,114,0.9991286993026733,True
PUBLISHED_PRECOMPUTED_FEATURE_EVALUATION,FEATURE_SEARCH_ONLY,second_S2D.mat,102,114,10,6194,114,0.9991212487220764,True
PUBLISHED_PRECOMPUTED_FEATURE_EVALUATION,FEATURE_SEARCH_ONLY,second_S2D.mat,103,115,1,6245,115,0.9993417263031006,True
PUBLISHED_PRECOMPUTED_FEATURE_EVALUATION,FEATURE_SEARCH_ONLY,second_S2D.mat,103,115,2,6247,115,0.9993029832839966,True
PUBLISHED_PRECOMPUTED_FEATURE_EVALUATION,FEATURE_SEARCH_ONLY,second_S2D.mat,103,115,3,6246,115,0.999294638633728,True
PUBLISHED_PRECOMPUTED_FEATURE_EVALUATION,FEATURE_SEARCH_ONLY,second_S2D.mat,103,115,4,6228,115,0.9992775917053223,True
PUBLISHED_PRECOMPUTED_FEATURE_EVALUATION,FEATURE_SEARCH_ONLY,second_S2D.mat,103,115,5,6249,115,0.9992713928222656,True
PUBLISHED_PRECOMPUTED_FEATURE_EVALUATION,FEATURE_SEARCH_ONLY,second_S2D.mat,103,115,6,6254,115,0.9992677569389343,True
PUBLISHED_PRECOMPUTED_FEATURE_EVALUATION,FEATURE_SEARCH_ONLY,second_S2D.mat,103,115,7,6239,115,0.9992669224739075,True
PUBLISHED_PRECOMPUTED_FEATURE_EVALUATION,FEATURE_SEARCH_ONLY,second_S2D.mat,103,115,8,6255,115,0.9992666840553284,True
PUBLISHED_PRECOMPUTED_FEATURE_EVALUATION,FEATURE_SEARCH_ONLY,second_S2D.mat,103,115,9,6227,115,0.9992445707321167,True
PUBLISHED_PRECOMPUTED_FEATURE_EVALUATION,FEATURE_SEARCH_ONLY,second_S2D.mat,103,115,10,6240,115,0.9992368221282959,True
PUBLISHED_PRECOMPUTED_FEATURE_EVALUATION,FEATURE_SEARCH_ONLY,second_S2D.mat,104,116,1,6295,116,0.9990609884262085,True
PUBLISHED_PRECOMPUTED_FEATURE_EVALUATION,FEATURE_SEARCH_ONLY,second_S2D.mat,104,116,2,6293,116,0.9990204572677612,True
PUBLISHED_PRECOMPUTED_FEATURE_EVALUATION,FEATURE_SEARCH_ONLY,second_S2D.mat,104,116,3,6294,116,0.9990183115005493,True
PUBLISHED_PRECOMPUTED_FEATURE_EVALUATION,FEATURE_SEARCH_ONLY,second_S2D.mat,104,116,4,6280,116,0.9989609718322754,True
PUBLISHED_PRECOMPUTED_FEATURE_EVALUATION,FEATURE_SEARCH_ONLY,second_S2D.mat,104,116,5,6312,116,0.9989457130432129,True
PUBLISHED_PRECOMPUTED_FEATURE_EVALUATION,FEATURE_SEARCH_ONLY,second_S2D.mat,104,116,6,6297,116,0.9989299774169922,True
PUBLISHED_PRECOMPUTED_FEATURE_EVALUATION,FEATURE_SEARCH_ONLY,second_S2D.mat,104,116,7,6291,116,0.9989199042320251,True
PUBLISHED_PRECOMPUTED_FEATURE_EVALUATION,FEATURE_SEARCH_ONLY,second_S2D.mat,104,116,8,6292,116,0.9989181756973267,True
PUBLISHED_PRECOMPUTED_FEATURE_EVALUATION,FEATURE_SEARCH_ONLY,second_S2D.mat,104,116,9,6298,116,0.9989160299301147,True
PUBLISHED_PRECOMPUTED_FEATURE_EVALUATION,FEATURE_SEARCH_ONLY,second_S2D.mat,104,116,10,6296,116,0.9989064931869507,True
PUBLISHED_PRECOMPUTED_FEATURE_EVALUATION,FEATURE_SEARCH_ONLY,second_S2D.mat,105,117,1,6349,117,0.999455988407135,True
PUBLISHED_PRECOMPUTED_FEATURE_EVALUATION,FEATURE_SEARCH_ONLY,second_S2D.mat,105,117,2,6348,117,0.9993569254875183,True
PUBLISHED_PRECOMPUTED_FEATURE_EVALUATION,FEATURE_SEARCH_ONLY,second_S2D.mat,105,117,3,6330,117,0.9993532299995422,True
PUBLISHED_PRECOMPUTED_FEATURE_EVALUATION,FEATURE_SEARCH_ONLY,second_S2D.mat,105,117,4,6350,117,0.999348521232605,True
PUBLISHED_PRECOMPUTED_FEATURE_EVALUATION,FEATURE_SEARCH_ONLY,second_S2D.mat,105,117,5,6331,117,0.9993290305137634,True
PUBLISHED_PRECOMPUTED_FEATURE_EVALUATION,FEATURE_SEARCH_ONLY,second_S2D.mat,105,117,6,6353,117,0.9993195533752441,True
PUBLISHED_PRECOMPUTED_FEATURE_EVALUATION,FEATURE_SEARCH_ONLY,second_S2D.mat,105,117,7,6351,117,0.999318540096283,True
PUBLISHED_PRECOMPUTED_FEATURE_EVALUATION,FEATURE_SEARCH_ONLY,second_S2D.mat,105,117,8,6354,117,0.9993159770965576,True
PUBLISHED_PRECOMPUTED_FEATURE_EVALUATION,FEATURE_SEARCH_ONLY,second_S2D.mat,105,117,9,6352,117,0.9993152618408203,True
PUBLISHED_PRECOMPUTED_FEATURE_EVALUATION,FEATURE_SEARCH_ONLY,second_S2D.mat,105,117,10,6332,117,0.9992722868919373,True
PUBLISHED_PRECOMPUTED_FEATURE_EVALUATION,FEATURE_SEARCH_ONLY,second_S2D.mat,106,118,1,6417,118,0.9992697238922119,True
PUBLISHED_PRECOMPUTED_FEATURE_EVALUATION,FEATURE_SEARCH_ONLY,second_S2D.mat,106,118,2,6395,118,0.9992228746414185,True
PUBLISHED_PRECOMPUTED_FEATURE_EVALUATION,FEATURE_SEARCH_ONLY,second_S2D.mat,106,118,3,6399,118,0.9992161393165588,True
PUBLISHED_PRECOMPUTED_FEATURE_EVALUATION,FEATURE_SEARCH_ONLY,second_S2D.mat,106,118,4,6394,118,0.9992008805274963,True
PUBLISHED_PRECOMPUTED_FEATURE_EVALUATION,FEATURE_SEARCH_ONLY,second_S2D.mat,106,118,5,6403,118,0.9991976022720337,True
PUBLISHED_PRECOMPUTED_FEATURE_EVALUATION,FEATURE_SEARCH_ONLY,second_S2D.mat,106,118,6,6416,118,0.9991883635520935,True
PUBLISHED_PRECOMPUTED_FEATURE_EVALUATION,FEATURE_SEARCH_ONLY,second_S2D.mat,106,118,7,6398,118,0.9991819858551025,True
PUBLISHED_PRECOMPUTED_FEATURE_EVALUATION,FEATURE_SEARCH_ONLY,second_S2D.mat,106,118,8,6411,118,0.9991636872291565,True
PUBLISHED_PRECOMPUTED_FEATURE_EVALUATION,FEATURE_SEARCH_ONLY,second_S2D.mat,106,118,9,6404,118,0.9991456866264343,True
PUBLISHED_PRECOMPUTED_FEATURE_EVALUATION,FEATURE_SEARCH_ONLY,second_S2D.mat,106,118,10,6397,118,0.9991442561149597,True
PUBLISHED_PRECOMPUTED_FEATURE_EVALUATION,FEATURE_SEARCH_ONLY,second_S2D.mat,107,119,1,6464,119,0.9992493391036987,True
PUBLISHED_PRECOMPUTED_FEATURE_EVALUATION,FEATURE_SEARCH_ONLY,second_S2D.mat,107,119,2,6450,119,0.9991927742958069,True
PUBLISHED_PRECOMPUTED_FEATURE_EVALUATION,FEATURE_SEARCH_ONLY,second_S2D.mat,107,119,3,6468,119,0.9991815090179443,True
PUBLISHED_PRECOMPUTED_FEATURE_EVALUATION,FEATURE_SEARCH_ONLY,second_S2D.mat,107,119,4,6467,119,0.9991798400878906,True
PUBLISHED_PRECOMPUTED_FEATURE_EVALUATION,FEATURE_SEARCH_ONLY,second_S2D.mat,107,119,5,6465,119,0.9991779327392578,True
PUBLISHED_PRECOMPUTED_FEATURE_EVALUATION,FEATURE_SEARCH_ONLY,second_S2D.mat,107,119,6,6454,119,0.9991713762283325,True
PUBLISHED_PRECOMPUTED_FEATURE_EVALUATION,FEATURE_SEARCH_ONLY,second_S2D.mat,107,119,7,6448,119,0.999167799949646,True
PUBLISHED_PRECOMPUTED_FEATURE_EVALUATION,FEATURE_SEARCH_ONLY,second_S2D.mat,107,119,8,6438,119,0.9991655349731445,True
PUBLISHED_PRECOMPUTED_FEATURE_EVALUATION,FEATURE_SEARCH_ONLY,second_S2D.mat,107,119,9,6446,119,0.9991642236709595,True
PUBLISHED_PRECOMPUTED_FEATURE_EVALUATION,FEATURE_SEARCH_ONLY,second_S2D.mat,107,119,10,6447,119,0.9991641044616699,True
PUBLISHED_PRECOMPUTED_FEATURE_EVALUATION,FEATURE_SEARCH_ONLY,second_S2D.mat,108,120,1,6520,120,0.9990023970603943,True
PUBLISHED_PRECOMPUTED_FEATURE_EVALUATION,FEATURE_SEARCH_ONLY,second_S2D.mat,108,120,2,6506,120,0.998981773853302,True
PUBLISHED_PRECOMPUTED_FEATURE_EVALUATION,FEATURE_SEARCH_ONLY,second_S2D.mat,108,120,3,6502,120,0.998969554901123,True
PUBLISHED_PRECOMPUTED_FEATURE_EVALUATION,FEATURE_SEARCH_ONLY,second_S2D.mat,108,120,4,6491,120,0.9989553689956665,True
PUBLISHED_PRECOMPUTED_FEATURE_EVALUATION,FEATURE_SEARCH_ONLY,second_S2D.mat,108,120,5,6494,120,0.9989233016967773,True
PUBLISHED_PRECOMPUTED_FEATURE_EVALUATION,FEATURE_SEARCH_ONLY,second_S2D.mat,108,120,6,6489,120,0.9989147782325745,True
PUBLISHED_PRECOMPUTED_FEATURE_EVALUATION,FEATURE_SEARCH_ONLY,second_S2D.mat,108,120,7,6490,120,0.9989103078842163,True
PUBLISHED_PRECOMPUTED_FEATURE_EVALUATION,FEATURE_SEARCH_ONLY,second_S2D.mat,108,120,8,6507,120,0.9989073276519775,True
PUBLISHED_PRECOMPUTED_FEATURE_EVALUATION,FEATURE_SEARCH_ONLY,second_S2D.mat,108,120,9,6501,120,0.9989023804664612,True
PUBLISHED_PRECOMPUTED_FEATURE_EVALUATION,FEATURE_SEARCH_ONLY,second_S2D.mat,108,120,10,6503,120,0.9988978505134583,True
PUBLISHED_PRECOMPUTED_FEATURE_EVALUATION,FEATURE_SEARCH_ONLY,second_S2D.mat,109,121,1,6565,121,0.999579131603241,True
PUBLISHED_PRECOMPUTED_FEATURE_EVALUATION,FEATURE_SEARCH_ONLY,second_S2D.mat,109,121,2,6574,121,0.9995425343513489,True
PUBLISHED_PRECOMPUTED_FEATURE_EVALUATION,FEATURE_SEARCH_ONLY,second_S2D.mat,109,121,3,6566,121,0.9995385408401489,True
PUBLISHED_PRECOMPUTED_FEATURE_EVALUATION,FEATURE_SEARCH_ONLY,second_S2D.mat,109,121,4,6573,121,0.9995253086090088,True
PUBLISHED_PRECOMPUTED_FEATURE_EVALUATION,FEATURE_SEARCH_ONLY,second_S2D.mat,109,121,5,6571,121,0.999525249004364,True
PUBLISHED_PRECOMPUTED_FEATURE_EVALUATION,FEATURE_SEARCH_ONLY,second_S2D.mat,109,121,6,6570,121,0.9995183944702148,True
PUBLISHED_PRECOMPUTED_FEATURE_EVALUATION,FEATURE_SEARCH_ONLY,second_S2D.mat,109,121,7,6563,121,0.9995149970054626,True
PUBLISHED_PRECOMPUTED_FEATURE_EVALUATION,FEATURE_SEARCH_ONLY,second_S2D.mat,109,121,8,6557,121,0.9995142221450806,True
PUBLISHED_PRECOMPUTED_FEATURE_EVALUATION,FEATURE_SEARCH_ONLY,second_S2D.mat,109,121,9,6575,121,0.9995137453079224,True
PUBLISHED_PRECOMPUTED_FEATURE_EVALUATION,FEATURE_SEARCH_ONLY,second_S2D.mat,109,121,10,6579,121,0.9994947910308838,True
PUBLISHED_PRECOMPUTED_FEATURE_EVALUATION,FEATURE_SEARCH_ONLY,second_S2D.mat,110,122,1,6635,122,0.9992512464523315,True
PUBLISHED_PRECOMPUTED_FEATURE_EVALUATION,FEATURE_SEARCH_ONLY,second_S2D.mat,110,122,2,6636,122,0.9992465972900391,True
PUBLISHED_PRECOMPUTED_FEATURE_EVALUATION,FEATURE_SEARCH_ONLY,second_S2D.mat,110,122,3,6627,122,0.9992325901985168,True
PUBLISHED_PRECOMPUTED_FEATURE_EVALUATION,FEATURE_SEARCH_ONLY,second_S2D.mat,110,122,4,6618,122,0.9991794228553772,True
PUBLISHED_PRECOMPUTED_FEATURE_EVALUATION,FEATURE_SEARCH_ONLY,second_S2D.mat,110,122,5,6639,122,0.9991738796234131,True
PUBLISHED_PRECOMPUTED_FEATURE_EVALUATION,FEATURE_SEARCH_ONLY,second_S2D.mat,110,122,6,6626,122,0.9991631507873535,True
PUBLISHED_PRECOMPUTED_FEATURE_EVALUATION,FEATURE_SEARCH_ONLY,second_S2D.mat,110,122,7,6629,122,0.9991598129272461,True
PUBLISHED_PRECOMPUTED_FEATURE_EVALUATION,FEATURE_SEARCH_ONLY,second_S2D.mat,110,122,8,6630,122,0.9991434812545776,True
PUBLISHED_PRECOMPUTED_FEATURE_EVALUATION,FEATURE_SEARCH_ONLY,second_S2D.mat,110,122,9,6619,122,0.9991316795349121,True
PUBLISHED_PRECOMPUTED_FEATURE_EVALUATION,FEATURE_SEARCH_ONLY,second_S2D.mat,110,122,10,6628,122,0.9991235733032227,True
PUBLISHED_PRECOMPUTED_FEATURE_EVALUATION,FEATURE_SEARCH_ONLY,second_S2D.mat,111,124,1,6733,124,0.9991652965545654,True
PUBLISHED_PRECOMPUTED_FEATURE_EVALUATION,FEATURE_SEARCH_ONLY,second_S2D.mat,111,124,2,6732,124,0.9991604089736938,True
PUBLISHED_PRECOMPUTED_FEATURE_EVALUATION,FEATURE_SEARCH_ONLY,second_S2D.mat,111,124,3,6727,124,0.999153733253479,True
PUBLISHED_PRECOMPUTED_FEATURE_EVALUATION,FEATURE_SEARCH_ONLY,second_S2D.mat,111,124,4,6715,124,0.9991486072540283,True
PUBLISHED_PRECOMPUTED_FEATURE_EVALUATION,FEATURE_SEARCH_ONLY,second_S2D.mat,111,124,5,6718,124,0.9991183280944824,True
PUBLISHED_PRECOMPUTED_FEATURE_EVALUATION,FEATURE_SEARCH_ONLY,second_S2D.mat,111,124,6,6744,124,0.9991176724433899,True
PUBLISHED_PRECOMPUTED_FEATURE_EVALUATION,FEATURE_SEARCH_ONLY,second_S2D.mat,111,124,7,6717,124,0.9991148114204407,True
PUBLISHED_PRECOMPUTED_FEATURE_EVALUATION,FEATURE_SEARCH_ONLY,second_S2D.mat,111,124,8,6742,124,0.9991134405136108,True
PUBLISHED_PRECOMPUTED_FEATURE_EVALUATION,FEATURE_SEARCH_ONLY,second_S2D.mat,111,124,9,6721,124,0.999093234539032,True
PUBLISHED_PRECOMPUTED_FEATURE_EVALUATION,FEATURE_SEARCH_ONLY,second_S2D.mat,111,124,10,6719,124,0.9990885257720947,True
PUBLISHED_PRECOMPUTED_FEATURE_EVALUATION,FEATURE_SEARCH_ONLY,second_S2D.mat,112,125,1,6787,125,0.9992296695709229,True
PUBLISHED_PRECOMPUTED_FEATURE_EVALUATION,FEATURE_SEARCH_ONLY,second_S2D.mat,112,125,2,6788,125,0.9992069005966187,True
PUBLISHED_PRECOMPUTED_FEATURE_EVALUATION,FEATURE_SEARCH_ONLY,second_S2D.mat,112,125,3,6769,125,0.9991757869720459,True
PUBLISHED_PRECOMPUTED_FEATURE_EVALUATION,FEATURE_SEARCH_ONLY,second_S2D.mat,112,125,4,6786,125,0.9991308450698853,True
PUBLISHED_PRECOMPUTED_FEATURE_EVALUATION,FEATURE_SEARCH_ONLY,second_S2D.mat,112,125,5,6770,125,0.9991286396980286,True
PUBLISHED_PRECOMPUTED_FEATURE_EVALUATION,FEATURE_SEARCH_ONLY,second_S2D.mat,112,125,6,6776,125,0.999076247215271,True
PUBLISHED_PRECOMPUTED_FEATURE_EVALUATION,FEATURE_SEARCH_ONLY,second_S2D.mat,112,125,7,6771,125,0.9990614056587219,True
PUBLISHED_PRECOMPUTED_FEATURE_EVALUATION,FEATURE_SEARCH_ONLY,second_S2D.mat,112,125,8,6775,125,0.9990592002868652,True
PUBLISHED_PRECOMPUTED_FEATURE_EVALUATION,FEATURE_SEARCH_ONLY,second_S2D.mat,112,125,9,6789,125,0.9990549087524414,True
PUBLISHED_PRECOMPUTED_FEATURE_EVALUATION,FEATURE_SEARCH_ONLY,second_S2D.mat,112,125,10,6784,125,0.9990417957305908,True
PUBLISHED_PRECOMPUTED_FEATURE_EVALUATION,FEATURE_SEARCH_ONLY,second_S2D.mat,113,126,1,6850,126,0.9995944499969482,True
PUBLISHED_PRECOMPUTED_FEATURE_EVALUATION,FEATURE_SEARCH_ONLY,second_S2D.mat,113,126,2,6841,126,0.9995696544647217,True
PUBLISHED_PRECOMPUTED_FEATURE_EVALUATION,FEATURE_SEARCH_ONLY,second_S2D.mat,113,126,3,6840,126,0.9995646476745605,True
PUBLISHED_PRECOMPUTED_FEATURE_EVALUATION,FEATURE_SEARCH_ONLY,second_S2D.mat,113,126,4,6849,126,0.9995590448379517,True
PUBLISHED_PRECOMPUTED_FEATURE_EVALUATION,FEATURE_SEARCH_ONLY,second_S2D.mat,113,126,5,6832,126,0.9995509386062622,True
PUBLISHED_PRECOMPUTED_FEATURE_EVALUATION,FEATURE_SEARCH_ONLY,second_S2D.mat,113,126,6,6842,126,0.9995405673980713,True
PUBLISHED_PRECOMPUTED_FEATURE_EVALUATION,FEATURE_SEARCH_ONLY,second_S2D.mat,113,126,7,6851,126,0.9995208978652954,True
PUBLISHED_PRECOMPUTED_FEATURE_EVALUATION,FEATURE_SEARCH_ONLY,second_S2D.mat,113,126,8,6824,126,0.9995112419128418,True
PUBLISHED_PRECOMPUTED_FEATURE_EVALUATION,FEATURE_SEARCH_ONLY,second_S2D.mat,113,126,9,6843,126,0.9994938373565674,True
PUBLISHED_PRECOMPUTED_FEATURE_EVALUATION,FEATURE_SEARCH_ONLY,second_S2D.mat,113,126,10,6825,126,0.9994922280311584,True
PUBLISHED_PRECOMPUTED_FEATURE_EVALUATION,FEATURE_SEARCH_ONLY,second_S2D.mat,114,127,1,7536,139,0.9989531636238098,False
PUBLISHED_PRECOMPUTED_FEATURE_EVALUATION,FEATURE_SEARCH_ONLY,second_S2D.mat,114,127,2,7537,139,0.9989372491836548,False
PUBLISHED_PRECOMPUTED_FEATURE_EVALUATION,FEATURE_SEARCH_ONLY,second_S2D.mat,114,127,3,7007,129,0.9989172220230103,False
PUBLISHED_PRECOMPUTED_FEATURE_EVALUATION,FEATURE_SEARCH_ONLY,second_S2D.mat,114,127,4,7554,139,0.9989020228385925,False
PUBLISHED_PRECOMPUTED_FEATURE_EVALUATION,FEATURE_SEARCH_ONLY,second_S2D.mat,114,127,5,6961,128,0.9988995790481567,False
PUBLISHED_PRECOMPUTED_FEATURE_EVALUATION,FEATURE_SEARCH_ONLY,second_S2D.mat,114,127,6,6944,128,0.9988971948623657,False
PUBLISHED_PRECOMPUTED_FEATURE_EVALUATION,FEATURE_SEARCH_ONLY,second_S2D.mat,114,127,7,7538,139,0.9988645911216736,False
PUBLISHED_PRECOMPUTED_FEATURE_EVALUATION,FEATURE_SEARCH_ONLY,second_S2D.mat,114,127,8,6960,128,0.998863697052002,False
PUBLISHED_PRECOMPUTED_FEATURE_EVALUATION,FEATURE_SEARCH_ONLY,second_S2D.mat,114,127,9,7011,129,0.9988620281219482,False
PUBLISHED_PRECOMPUTED_FEATURE_EVALUATION,FEATURE_SEARCH_ONLY,second_S2D.mat,114,127,10,7006,129,0.9988542795181274,False
PUBLISHED_PRECOMPUTED_FEATURE_EVALUATION,FEATURE_SEARCH_ONLY,second_S2D.mat,115,129,1,7011,129,0.9991787075996399,True
PUBLISHED_PRECOMPUTED_FEATURE_EVALUATION,FEATURE_SEARCH_ONLY,second_S2D.mat,115,129,2,6993,129,0.9991666674613953,True
PUBLISHED_PRECOMPUTED_FEATURE_EVALUATION,FEATURE_SEARCH_ONLY,second_S2D.mat,115,129,3,6999,129,0.9991580247879028,True
PUBLISHED_PRECOMPUTED_FEATURE_EVALUATION,FEATURE_SEARCH_ONLY,second_S2D.mat,115,129,4,7002,129,0.9991523027420044,True
PUBLISHED_PRECOMPUTED_FEATURE_EVALUATION,FEATURE_SEARCH_ONLY,second_S2D.mat,115,129,5,7006,129,0.9991438388824463,True
PUBLISHED_PRECOMPUTED_FEATURE_EVALUATION,FEATURE_SEARCH_ONLY,second_S2D.mat,115,129,6,7007,129,0.9991382956504822,True
PUBLISHED_PRECOMPUTED_FEATURE_EVALUATION,FEATURE_SEARCH_ONLY,second_S2D.mat,115,129,7,7001,129,0.9991158246994019,True
PUBLISHED_PRECOMPUTED_FEATURE_EVALUATION,FEATURE_SEARCH_ONLY,second_S2D.mat,115,129,8,6998,129,0.9991014003753662,True
PUBLISHED_PRECOMPUTED_FEATURE_EVALUATION,FEATURE_SEARCH_ONLY,second_S2D.mat,115,129,9,7012,129,0.9990893602371216,True
PUBLISHED_PRECOMPUTED_FEATURE_EVALUATION,FEATURE_SEARCH_ONLY,second_S2D.mat,115,129,10,7009,129,0.999088704586029,True
PUBLISHED_PRECOMPUTED_FEATURE_EVALUATION,FEATURE_SEARCH_ONLY,second_S2D.mat,116,131,1,7537,139,0.9991027116775513,False
PUBLISHED_PRECOMPUTED_FEATURE_EVALUATION,FEATURE_SEARCH_ONLY,second_S2D.mat,116,131,2,7554,139,0.9990670084953308,False
PUBLISHED_PRECOMPUTED_FEATURE_EVALUATION,FEATURE_SEARCH_ONLY,second_S2D.mat,116,131,3,7524,139,0.9990581274032593,False
PUBLISHED_PRECOMPUTED_FEATURE_EVALUATION,FEATURE_SEARCH_ONLY,second_S2D.mat,116,131,4,7536,139,0.9990571737289429,False
PUBLISHED_PRECOMPUTED_FEATURE_EVALUATION,FEATURE_SEARCH_ONLY,second_S2D.mat,116,131,5,7520,139,0.9990350008010864,False
PUBLISHED_PRECOMPUTED_FEATURE_EVALUATION,FEATURE_SEARCH_ONLY,second_S2D.mat,116,131,6,7538,139,0.9990333318710327,False
PUBLISHED_PRECOMPUTED_FEATURE_EVALUATION,FEATURE_SEARCH_ONLY,second_S2D.mat,116,131,7,7525,139,0.9990252256393433,False
PUBLISHED_PRECOMPUTED_FEATURE_EVALUATION,FEATURE_SEARCH_ONLY,second_S2D.mat,116,131,8,7507,139,0.9990243911743164,False
PUBLISHED_PRECOMPUTED_FEATURE_EVALUATION,FEATURE_SEARCH_ONLY,second_S2D.mat,116,131,9,7527,139,0.9990187287330627,False
PUBLISHED_PRECOMPUTED_FEATURE_EVALUATION,FEATURE_SEARCH_ONLY,second_S2D.mat,116,131,10,7556,139,0.9990186095237732,False
PUBLISHED_PRECOMPUTED_FEATURE_EVALUATION,FEATURE_SEARCH_ONLY,second_S2D.mat,117,132,1,7523,139,0.9991639852523804,False
PUBLISHED_PRECOMPUTED_FEATURE_EVALUATION,FEATURE_SEARCH_ONLY,second_S2D.mat,117,132,2,7524,139,0.9991467595100403,False
PUBLISHED_PRECOMPUTED_FEATURE_EVALUATION,FEATURE_SEARCH_ONLY,second_S2D.mat,117,132,3,7542,139,0.9990824460983276,False
PUBLISHED_PRECOMPUTED_FEATURE_EVALUATION,FEATURE_SEARCH_ONLY,second_S2D.mat,117,132,4,7520,139,0.9990692138671875,False
PUBLISHED_PRECOMPUTED_FEATURE_EVALUATION,FEATURE_SEARCH_ONLY,second_S2D.mat,117,132,5,7537,139,0.999064028263092,False
PUBLISHED_PRECOMPUTED_FEATURE_EVALUATION,FEATURE_SEARCH_ONLY,second_S2D.mat,117,132,6,7541,139,0.9990604519844055,False
PUBLISHED_PRECOMPUTED_FEATURE_EVALUATION,FEATURE_SEARCH_ONLY,second_S2D.mat,117,132,7,7506,139,0.9990533590316772,False
PUBLISHED_PRECOMPUTED_FEATURE_EVALUATION,FEATURE_SEARCH_ONLY,second_S2D.mat,117,132,8,7538,139,0.9990372061729431,False
PUBLISHED_PRECOMPUTED_FEATURE_EVALUATION,FEATURE_SEARCH_ONLY,second_S2D.mat,117,132,9,7519,139,0.9990301132202148,False
PUBLISHED_PRECOMPUTED_FEATURE_EVALUATION,FEATURE_SEARCH_ONLY,second_S2D.mat,117,132,10,7540,139,0.9990271329879761,False
PUBLISHED_PRECOMPUTED_FEATURE_EVALUATION,FEATURE_SEARCH_ONLY,second_S2D.mat,118,134,1,7253,134,0.9987727403640747,True
PUBLISHED_PRECOMPUTED_FEATURE_EVALUATION,FEATURE_SEARCH_ONLY,second_S2D.mat,118,134,2,7271,134,0.9987543821334839,True
PUBLISHED_PRECOMPUTED_FEATURE_EVALUATION,FEATURE_SEARCH_ONLY,second_S2D.mat,118,134,3,1689,31,0.9987446069717407,False
PUBLISHED_PRECOMPUTED_FEATURE_EVALUATION,FEATURE_SEARCH_ONLY,second_S2D.mat,118,134,4,7252,134,0.9987306594848633,True
PUBLISHED_PRECOMPUTED_FEATURE_EVALUATION,FEATURE_SEARCH_ONLY,second_S2D.mat,118,134,5,7270,134,0.9987246990203857,True
PUBLISHED_PRECOMPUTED_FEATURE_EVALUATION,FEATURE_SEARCH_ONLY,second_S2D.mat,118,134,6,7275,134,0.9987111687660217,True
PUBLISHED_PRECOMPUTED_FEATURE_EVALUATION,FEATURE_SEARCH_ONLY,second_S2D.mat,118,134,7,1687,31,0.99869304895401,False
PUBLISHED_PRECOMPUTED_FEATURE_EVALUATION,FEATURE_SEARCH_ONLY,second_S2D.mat,118,134,8,7256,134,0.9986846446990967,True
PUBLISHED_PRECOMPUTED_FEATURE_EVALUATION,FEATURE_SEARCH_ONLY,second_S2D.mat,118,134,9,1691,31,0.9986793994903564,False
PUBLISHED_PRECOMPUTED_FEATURE_EVALUATION,FEATURE_SEARCH_ONLY,second_S2D.mat,118,134,10,1706,31,0.9986553192138672,False
PUBLISHED_PRECOMPUTED_FEATURE_EVALUATION,FEATURE_SEARCH_ONLY,second_S2D.mat,119,135,1,7342,135,0.9994707107543945,True
PUBLISHED_PRECOMPUTED_FEATURE_EVALUATION,FEATURE_SEARCH_ONLY,second_S2D.mat,119,135,2,7335,135,0.9994592666625977,True
PUBLISHED_PRECOMPUTED_FEATURE_EVALUATION,FEATURE_SEARCH_ONLY,second_S2D.mat,119,135,3,7343,135,0.999426007270813,True
PUBLISHED_PRECOMPUTED_FEATURE_EVALUATION,FEATURE_SEARCH_ONLY,second_S2D.mat,119,135,4,7325,135,0.9994143843650818,True
PUBLISHED_PRECOMPUTED_FEATURE_EVALUATION,FEATURE_SEARCH_ONLY,second_S2D.mat,119,135,5,7338,135,0.9994100332260132,True
PUBLISHED_PRECOMPUTED_FEATURE_EVALUATION,FEATURE_SEARCH_ONLY,second_S2D.mat,119,135,6,7336,135,0.9993969202041626,True
PUBLISHED_PRECOMPUTED_FEATURE_EVALUATION,FEATURE_SEARCH_ONLY,second_S2D.mat,119,135,7,7326,135,0.999396800994873,True
PUBLISHED_PRECOMPUTED_FEATURE_EVALUATION,FEATURE_SEARCH_ONLY,second_S2D.mat,119,135,8,7334,135,0.9993869066238403,True
PUBLISHED_PRECOMPUTED_FEATURE_EVALUATION,FEATURE_SEARCH_ONLY,second_S2D.mat,119,135,9,7339,135,0.9993617534637451,True
PUBLISHED_PRECOMPUTED_FEATURE_EVALUATION,FEATURE_SEARCH_ONLY,second_S2D.mat,119,135,10,7324,135,0.9993592500686646,True
PUBLISHED_PRECOMPUTED_FEATURE_EVALUATION,FEATURE_SEARCH_ONLY,second_S2D.mat,120,136,1,5706,105,0.9994494915008545,False
PUBLISHED_PRECOMPUTED_FEATURE_EVALUATION,FEATURE_SEARCH_ONLY,second_S2D.mat,120,136,2,5705,105,0.9993950128555298,False
PUBLISHED_PRECOMPUTED_FEATURE_EVALUATION,FEATURE_SEARCH_ONLY,second_S2D.mat,120,136,3,7379,136,0.9993652105331421,True
PUBLISHED_PRECOMPUTED_FEATURE_EVALUATION,FEATURE_SEARCH_ONLY,second_S2D.mat,120,136,4,7371,136,0.9993540644645691,True
PUBLISHED_PRECOMPUTED_FEATURE_EVALUATION,FEATURE_SEARCH_ONLY,second_S2D.mat,120,136,5,5723,105,0.9993498921394348,False
PUBLISHED_PRECOMPUTED_FEATURE_EVALUATION,FEATURE_SEARCH_ONLY,second_S2D.mat,120,136,6,5697,105,0.9993430972099304,False
PUBLISHED_PRECOMPUTED_FEATURE_EVALUATION,FEATURE_SEARCH_ONLY,second_S2D.mat,120,136,7,7380,136,0.9993420243263245,True
PUBLISHED_PRECOMPUTED_FEATURE_EVALUATION,FEATURE_SEARCH_ONLY,second_S2D.mat,120,136,8,5688,105,0.9993072152137756,False
PUBLISHED_PRECOMPUTED_FEATURE_EVALUATION,FEATURE_SEARCH_ONLY,second_S2D.mat,120,136,9,7362,136,0.9993047714233398,True
PUBLISHED_PRECOMPUTED_FEATURE_EVALUATION,FEATURE_SEARCH_ONLY,second_S2D.mat,120,136,10,5708,105,0.9992903470993042,False
PUBLISHED_PRECOMPUTED_FEATURE_EVALUATION,FEATURE_SEARCH_ONLY,second_S2D.mat,121,138,1,7482,138,0.9995012283325195,True
PUBLISHED_PRECOMPUTED_FEATURE_EVALUATION,FEATURE_SEARCH_ONLY,second_S2D.mat,121,138,2,7470,138,0.999500572681427,True
PUBLISHED_PRECOMPUTED_FEATURE_EVALUATION,FEATURE_SEARCH_ONLY,second_S2D.mat,121,138,3,7480,138,0.9994904398918152,True
PUBLISHED_PRECOMPUTED_FEATURE_EVALUATION,FEATURE_SEARCH_ONLY,second_S2D.mat,121,138,4,7491,138,0.9994884729385376,True
PUBLISHED_PRECOMPUTED_FEATURE_EVALUATION,FEATURE_SEARCH_ONLY,second_S2D.mat,121,138,5,7488,138,0.9994866847991943,True
PUBLISHED_PRECOMPUTED_FEATURE_EVALUATION,FEATURE_SEARCH_ONLY,second_S2D.mat,121,138,6,7483,138,0.9994763135910034,True
PUBLISHED_PRECOMPUTED_FEATURE_EVALUATION,FEATURE_SEARCH_ONLY,second_S2D.mat,121,138,7,7464,138,0.9994682669639587,True
PUBLISHED_PRECOMPUTED_FEATURE_EVALUATION,FEATURE_SEARCH_ONLY,second_S2D.mat,121,138,8,7481,138,0.9994571805000305,True
PUBLISHED_PRECOMPUTED_FEATURE_EVALUATION,FEATURE_SEARCH_ONLY,second_S2D.mat,121,138,9,7452,138,0.999442458152771,True
PUBLISHED_PRECOMPUTED_FEATURE_EVALUATION,FEATURE_SEARCH_ONLY,second_S2D.mat,121,138,10,7473,138,0.9994379878044128,True
PUBLISHED_PRECOMPUTED_FEATURE_EVALUATION,FEATURE_SEARCH_ONLY,second_S2D.mat,122,139,1,7537,139,0.9992446899414062,True
PUBLISHED_PRECOMPUTED_FEATURE_EVALUATION,FEATURE_SEARCH_ONLY,second_S2D.mat,122,139,2,7538,139,0.9992313981056213,True
PUBLISHED_PRECOMPUTED_FEATURE_EVALUATION,FEATURE_SEARCH_ONLY,second_S2D.mat,122,139,3,7554,139,0.9992090463638306,True
PUBLISHED_PRECOMPUTED_FEATURE_EVALUATION,FEATURE_SEARCH_ONLY,second_S2D.mat,122,139,4,7536,139,0.9991968870162964,True
PUBLISHED_PRECOMPUTED_FEATURE_EVALUATION,FEATURE_SEARCH_ONLY,second_S2D.mat,122,139,5,7553,139,0.9991825819015503,True
PUBLISHED_PRECOMPUTED_FEATURE_EVALUATION,FEATURE_SEARCH_ONLY,second_S2D.mat,122,139,6,7530,139,0.9991549849510193,True
PUBLISHED_PRECOMPUTED_FEATURE_EVALUATION,FEATURE_SEARCH_ONLY,second_S2D.mat,122,139,7,7520,139,0.9991464614868164,True
PUBLISHED_PRECOMPUTED_FEATURE_EVALUATION,FEATURE_SEARCH_ONLY,second_S2D.mat,122,139,8,7552,139,0.9991378784179688,True
PUBLISHED_PRECOMPUTED_FEATURE_EVALUATION,FEATURE_SEARCH_ONLY,second_S2D.mat,122,139,9,7527,139,0.999137282371521,True
PUBLISHED_PRECOMPUTED_FEATURE_EVALUATION,FEATURE_SEARCH_ONLY,second_S2D.mat,122,139,10,7547,139,0.9991329908370972,True
PUBLISHED_PRECOMPUTED_FEATURE_EVALUATION,FEATURE_SEARCH_ONLY,second_S2D.mat,123,143,1,7757,143,0.9995946884155273,True
PUBLISHED_PRECOMPUTED_FEATURE_EVALUATION,FEATURE_SEARCH_ONLY,second_S2D.mat,123,143,2,7739,143,0.9995753765106201,True
PUBLISHED_PRECOMPUTED_FEATURE_EVALUATION,FEATURE_SEARCH_ONLY,second_S2D.mat,123,143,3,7756,143,0.9995261430740356,True
PUBLISHED_PRECOMPUTED_FEATURE_EVALUATION,FEATURE_SEARCH_ONLY,second_S2D.mat,123,143,4,7738,143,0.9995138049125671,True
PUBLISHED_PRECOMPUTED_FEATURE_EVALUATION,FEATURE_SEARCH_ONLY,second_S2D.mat,123,143,5,7749,143,0.9994880557060242,True
PUBLISHED_PRECOMPUTED_FEATURE_EVALUATION,FEATURE_SEARCH_ONLY,second_S2D.mat,123,143,6,7748,143,0.9994490146636963,True
PUBLISHED_PRECOMPUTED_FEATURE_EVALUATION,FEATURE_SEARCH_ONLY,second_S2D.mat,123,143,7,7766,143,0.9994406700134277,True
PUBLISHED_PRECOMPUTED_FEATURE_EVALUATION,FEATURE_SEARCH_ONLY,second_S2D.mat,123,143,8,7758,143,0.9994308948516846,True
PUBLISHED_PRECOMPUTED_FEATURE_EVALUATION,FEATURE_SEARCH_ONLY,second_S2D.mat,123,143,9,7767,143,0.9994284510612488,True
PUBLISHED_PRECOMPUTED_FEATURE_EVALUATION,FEATURE_SEARCH_ONLY,second_S2D.mat,123,143,10,7774,143,0.9994276762008667,True
PUBLISHED_PRECOMPUTED_FEATURE_EVALUATION,FEATURE_SEARCH_ONLY,second_S2D.mat,124,144,1,7811,144,0.9996709823608398,True
PUBLISHED_PRECOMPUTED_FEATURE_EVALUATION,FEATURE_SEARCH_ONLY,second_S2D.mat,124,144,2,7794,144,0.9996306896209717,True
PUBLISHED_PRECOMPUTED_FEATURE_EVALUATION,FEATURE_SEARCH_ONLY,second_S2D.mat,124,144,3,7812,144,0.9996305704116821,True
PUBLISHED_PRECOMPUTED_FEATURE_EVALUATION,FEATURE_SEARCH_ONLY,second_S2D.mat,124,144,4,7814,144,0.9996225833892822,True
PUBLISHED_PRECOMPUTED_FEATURE_EVALUATION,FEATURE_SEARCH_ONLY,second_S2D.mat,124,144,5,7813,144,0.999601423740387,True
PUBLISHED_PRECOMPUTED_FEATURE_EVALUATION,FEATURE_SEARCH_ONLY,second_S2D.mat,124,144,6,7796,144,0.9995928406715393,True
PUBLISHED_PRECOMPUTED_FEATURE_EVALUATION,FEATURE_SEARCH_ONLY,second_S2D.mat,124,144,7,7815,144,0.9995889663696289,True
PUBLISHED_PRECOMPUTED_FEATURE_EVALUATION,FEATURE_SEARCH_ONLY,second_S2D.mat,124,144,8,7810,144,0.999576210975647,True
PUBLISHED_PRECOMPUTED_FEATURE_EVALUATION,FEATURE_SEARCH_ONLY,second_S2D.mat,124,144,9,7793,144,0.9995725154876709,True
PUBLISHED_PRECOMPUTED_FEATURE_EVALUATION,FEATURE_SEARCH_ONLY,second_S2D.mat,124,144,10,7817,144,0.9995336532592773,True
PUBLISHED_PRECOMPUTED_FEATURE_EVALUATION,FEATURE_SEARCH_ONLY,second_S2D.mat,125,145,1,7866,145,0.9995297789573669,True
PUBLISHED_PRECOMPUTED_FEATURE_EVALUATION,FEATURE_SEARCH_ONLY,second_S2D.mat,125,145,2,7867,145,0.999433159828186,True
PUBLISHED_PRECOMPUTED_FEATURE_EVALUATION,FEATURE_SEARCH_ONLY,second_S2D.mat,125,145,3,7848,145,0.9994094371795654,True
PUBLISHED_PRECOMPUTED_FEATURE_EVALUATION,FEATURE_SEARCH_ONLY,second_S2D.mat,125,145,4,7849,145,0.9994076490402222,True
PUBLISHED_PRECOMPUTED_FEATURE_EVALUATION,FEATURE_SEARCH_ONLY,second_S2D.mat,125,145,5,7865,145,0.9993933439254761,True
PUBLISHED_PRECOMPUTED_FEATURE_EVALUATION,FEATURE_SEARCH_ONLY,second_S2D.mat,125,145,6,7871,145,0.9993652105331421,True
PUBLISHED_PRECOMPUTED_FEATURE_EVALUATION,FEATURE_SEARCH_ONLY,second_S2D.mat,125,145,7,7868,145,0.9993603229522705,True
PUBLISHED_PRECOMPUTED_FEATURE_EVALUATION,FEATURE_SEARCH_ONLY,second_S2D.mat,125,145,8,7883,145,0.9993582963943481,True
PUBLISHED_PRECOMPUTED_FEATURE_EVALUATION,FEATURE_SEARCH_ONLY,second_S2D.mat,125,145,9,7869,145,0.999320924282074,True
PUBLISHED_PRECOMPUTED_FEATURE_EVALUATION,FEATURE_SEARCH_ONLY,second_S2D.mat,125,145,10,7870,145,0.9993169903755188,True
PUBLISHED_PRECOMPUTED_FEATURE_EVALUATION,FEATURE_SEARCH_ONLY,second_S2D.mat,126,146,1,7911,146,0.9992856383323669,True
PUBLISHED_PRECOMPUTED_FEATURE_EVALUATION,FEATURE_SEARCH_ONLY,second_S2D.mat,126,146,2,7912,146,0.9992420673370361,True
PUBLISHED_PRECOMPUTED_FEATURE_EVALUATION,FEATURE_SEARCH_ONLY,second_S2D.mat,126,146,3,7916,146,0.9992368817329407,True
PUBLISHED_PRECOMPUTED_FEATURE_EVALUATION,FEATURE_SEARCH_ONLY,second_S2D.mat,126,146,4,7915,146,0.9992251396179199,True
PUBLISHED_PRECOMPUTED_FEATURE_EVALUATION,FEATURE_SEARCH_ONLY,second_S2D.mat,126,146,5,7913,146,0.9991855621337891,True
PUBLISHED_PRECOMPUTED_FEATURE_EVALUATION,FEATURE_SEARCH_ONLY,second_S2D.mat,126,146,6,7896,146,0.999183714389801,True
PUBLISHED_PRECOMPUTED_FEATURE_EVALUATION,FEATURE_SEARCH_ONLY,second_S2D.mat,126,146,7,7893,146,0.9991815090179443,True
PUBLISHED_PRECOMPUTED_FEATURE_EVALUATION,FEATURE_SEARCH_ONLY,second_S2D.mat,126,146,8,7895,146,0.9991693496704102,True
PUBLISHED_PRECOMPUTED_FEATURE_EVALUATION,FEATURE_SEARCH_ONLY,second_S2D.mat,126,146,9,7910,146,0.9991638660430908,True
PUBLISHED_PRECOMPUTED_FEATURE_EVALUATION,FEATURE_SEARCH_ONLY,second_S2D.mat,126,146,10,7897,146,0.9991598725318909,True
PUBLISHED_PRECOMPUTED_FEATURE_EVALUATION,FEATURE_SEARCH_ONLY,second_S2D.mat,127,147,1,7974,147,0.9994631409645081,True
PUBLISHED_PRECOMPUTED_FEATURE_EVALUATION,FEATURE_SEARCH_ONLY,second_S2D.mat,127,147,2,7972,147,0.9994419813156128,True
PUBLISHED_PRECOMPUTED_FEATURE_EVALUATION,FEATURE_SEARCH_ONLY,second_S2D.mat,127,147,3,7973,147,0.9993983507156372,True
PUBLISHED_PRECOMPUTED_FEATURE_EVALUATION,FEATURE_SEARCH_ONLY,second_S2D.mat,127,147,4,7990,147,0.999390184879303,True
PUBLISHED_PRECOMPUTED_FEATURE_EVALUATION,FEATURE_SEARCH_ONLY,second_S2D.mat,127,147,5,7989,147,0.9993900060653687,True
PUBLISHED_PRECOMPUTED_FEATURE_EVALUATION,FEATURE_SEARCH_ONLY,second_S2D.mat,127,147,6,7971,147,0.9993642568588257,True
PUBLISHED_PRECOMPUTED_FEATURE_EVALUATION,FEATURE_SEARCH_ONLY,second_S2D.mat,127,147,7,7975,147,0.9993556141853333,True
PUBLISHED_PRECOMPUTED_FEATURE_EVALUATION,FEATURE_SEARCH_ONLY,second_S2D.mat,127,147,8,7958,147,0.9993369579315186,True
PUBLISHED_PRECOMPUTED_FEATURE_EVALUATION,FEATURE_SEARCH_ONLY,second_S2D.mat,127,147,9,7976,147,0.9993293285369873,True
PUBLISHED_PRECOMPUTED_FEATURE_EVALUATION,FEATURE_SEARCH_ONLY,second_S2D.mat,127,147,10,7955,147,0.9993219971656799,True
PUBLISHED_PRECOMPUTED_FEATURE_EVALUATION,FEATURE_SEARCH_ONLY,second_S2D.mat,128,148,1,8006,148,0.9994094371795654,True
PUBLISHED_PRECOMPUTED_FEATURE_EVALUATION,FEATURE_SEARCH_ONLY,second_S2D.mat,128,148,2,8024,148,0.9993726015090942,True
PUBLISHED_PRECOMPUTED_FEATURE_EVALUATION,FEATURE_SEARCH_ONLY,second_S2D.mat,128,148,3,8023,148,0.9993649125099182,True
PUBLISHED_PRECOMPUTED_FEATURE_EVALUATION,FEATURE_SEARCH_ONLY,second_S2D.mat,128,148,4,8008,148,0.999347984790802,True
PUBLISHED_PRECOMPUTED_FEATURE_EVALUATION,FEATURE_SEARCH_ONLY,second_S2D.mat,128,148,5,8027,148,0.9993234276771545,True
PUBLISHED_PRECOMPUTED_FEATURE_EVALUATION,FEATURE_SEARCH_ONLY,second_S2D.mat,128,148,6,8005,148,0.9993144869804382,True
PUBLISHED_PRECOMPUTED_FEATURE_EVALUATION,FEATURE_SEARCH_ONLY,second_S2D.mat,128,148,7,8026,148,0.9992973804473877,True
PUBLISHED_PRECOMPUTED_FEATURE_EVALUATION,FEATURE_SEARCH_ONLY,second_S2D.mat,128,148,8,8030,148,0.9992815256118774,True
PUBLISHED_PRECOMPUTED_FEATURE_EVALUATION,FEATURE_SEARCH_ONLY,second_S2D.mat,128,148,9,8025,148,0.9992720484733582,True
PUBLISHED_PRECOMPUTED_FEATURE_EVALUATION,FEATURE_SEARCH_ONLY,second_S2D.mat,128,148,10,8007,148,0.99925297498703,True
PUBLISHED_PRECOMPUTED_FEATURE_EVALUATION,FEATURE_SEARCH_ONLY,second_S2D.mat,129,149,1,8069,149,0.9995154738426208,True
PUBLISHED_PRECOMPUTED_FEATURE_EVALUATION,FEATURE_SEARCH_ONLY,second_S2D.mat,129,149,2,8072,149,0.9995148777961731,True
PUBLISHED_PRECOMPUTED_FEATURE_EVALUATION,FEATURE_SEARCH_ONLY,second_S2D.mat,129,149,3,8082,149,0.9995082020759583,True
PUBLISHED_PRECOMPUTED_FEATURE_EVALUATION,FEATURE_SEARCH_ONLY,second_S2D.mat,129,149,4,8083,149,0.9994931817054749,True
PUBLISHED_PRECOMPUTED_FEATURE_EVALUATION,FEATURE_SEARCH_ONLY,second_S2D.mat,129,149,5,8084,149,0.9994926452636719,True
PUBLISHED_PRECOMPUTED_FEATURE_EVALUATION,FEATURE_SEARCH_ONLY,second_S2D.mat,129,149,6,8068,149,0.9994850754737854,True
PUBLISHED_PRECOMPUTED_FEATURE_EVALUATION,FEATURE_SEARCH_ONLY,second_S2D.mat,129,149,7,8085,149,0.9994843602180481,True
PUBLISHED_PRECOMPUTED_FEATURE_EVALUATION,FEATURE_SEARCH_ONLY,second_S2D.mat,129,149,8,8086,149,0.9994839429855347,True
PUBLISHED_PRECOMPUTED_FEATURE_EVALUATION,FEATURE_SEARCH_ONLY,second_S2D.mat,129,149,9,8067,149,0.9994833469390869,True
PUBLISHED_PRECOMPUTED_FEATURE_EVALUATION,FEATURE_SEARCH_ONLY,second_S2D.mat,129,149,10,8073,149,0.9994797706604004,True
PUBLISHED_PRECOMPUTED_FEATURE_EVALUATION,FEATURE_SEARCH_ONLY,second_S2D.mat,130,150,1,8126,150,0.9994358420372009,True
PUBLISHED_PRECOMPUTED_FEATURE_EVALUATION,FEATURE_SEARCH_ONLY,second_S2D.mat,130,150,2,8127,150,0.9994145035743713,True
PUBLISHED_PRECOMPUTED_FEATURE_EVALUATION,FEATURE_SEARCH_ONLY,second_S2D.mat,130,150,3,8144,150,0.9993933439254761,True
PUBLISHED_PRECOMPUTED_FEATURE_EVALUATION,FEATURE_SEARCH_ONLY,second_S2D.mat,130,150,4,8108,150,0.9993834495544434,True
PUBLISHED_PRECOMPUTED_FEATURE_EVALUATION,FEATURE_SEARCH_ONLY,second_S2D.mat,130,150,5,8137,150,0.9993820786476135,True
PUBLISHED_PRECOMPUTED_FEATURE_EVALUATION,FEATURE_SEARCH_ONLY,second_S2D.mat,130,150,6,8125,150,0.9993698000907898,True
PUBLISHED_PRECOMPUTED_FEATURE_EVALUATION,FEATURE_SEARCH_ONLY,second_S2D.mat,130,150,7,8128,150,0.9993524551391602,True
PUBLISHED_PRECOMPUTED_FEATURE_EVALUATION,FEATURE_SEARCH_ONLY,second_S2D.mat,130,150,8,8135,150,0.9993175864219666,True
PUBLISHED_PRECOMPUTED_FEATURE_EVALUATION,FEATURE_SEARCH_ONLY,second_S2D.mat,130,150,9,8110,150,0.9993112683296204,True
PUBLISHED_PRECOMPUTED_FEATURE_EVALUATION,FEATURE_SEARCH_ONLY,second_S2D.mat,130,150,10,8129,150,0.9993036985397339,True
PUBLISHED_PRECOMPUTED_FEATURE_EVALUATION,FEATURE_SEARCH_ONLY,second_S2D.mat,131,151,1,8188,151,0.9995163679122925,True
PUBLISHED_PRECOMPUTED_FEATURE_EVALUATION,FEATURE_SEARCH_ONLY,second_S2D.mat,131,151,2,8189,151,0.9995149374008179,True
PUBLISHED_PRECOMPUTED_FEATURE_EVALUATION,FEATURE_SEARCH_ONLY,second_S2D.mat,131,151,3,8190,151,0.9995149374008179,True
PUBLISHED_PRECOMPUTED_FEATURE_EVALUATION,FEATURE_SEARCH_ONLY,second_S2D.mat,131,151,4,8192,151,0.999505877494812,True
PUBLISHED_PRECOMPUTED_FEATURE_EVALUATION,FEATURE_SEARCH_ONLY,second_S2D.mat,131,151,5,8191,151,0.9994850754737854,True
PUBLISHED_PRECOMPUTED_FEATURE_EVALUATION,FEATURE_SEARCH_ONLY,second_S2D.mat,131,151,6,8193,151,0.9994841814041138,True
PUBLISHED_PRECOMPUTED_FEATURE_EVALUATION,FEATURE_SEARCH_ONLY,second_S2D.mat,131,151,7,8194,151,0.9994746446609497,True
PUBLISHED_PRECOMPUTED_FEATURE_EVALUATION,FEATURE_SEARCH_ONLY,second_S2D.mat,131,151,8,8195,151,0.9994624853134155,True
PUBLISHED_PRECOMPUTED_FEATURE_EVALUATION,FEATURE_SEARCH_ONLY,second_S2D.mat,131,151,9,8197,151,0.9994351267814636,True
PUBLISHED_PRECOMPUTED_FEATURE_EVALUATION,FEATURE_SEARCH_ONLY,second_S2D.mat,131,151,10,8196,151,0.9994257688522339,True
PUBLISHED_PRECOMPUTED_FEATURE_EVALUATION,FEATURE_SEARCH_ONLY,second_S2D.mat,132,152,1,8241,152,0.9993975162506104,True
PUBLISHED_PRECOMPUTED_FEATURE_EVALUATION,FEATURE_SEARCH_ONLY,second_S2D.mat,132,152,2,8259,152,0.9993959665298462,True
PUBLISHED_PRECOMPUTED_FEATURE_EVALUATION,FEATURE_SEARCH_ONLY,second_S2D.mat,132,152,3,8242,152,0.9993740320205688,True
PUBLISHED_PRECOMPUTED_FEATURE_EVALUATION,FEATURE_SEARCH_ONLY,second_S2D.mat,132,152,4,8245,152,0.999353289604187,True
PUBLISHED_PRECOMPUTED_FEATURE_EVALUATION,FEATURE_SEARCH_ONLY,second_S2D.mat,132,152,5,8227,152,0.9993504285812378,True
PUBLISHED_PRECOMPUTED_FEATURE_EVALUATION,FEATURE_SEARCH_ONLY,second_S2D.mat,132,152,6,8246,152,0.9993370175361633,True
PUBLISHED_PRECOMPUTED_FEATURE_EVALUATION,FEATURE_SEARCH_ONLY,second_S2D.mat,132,152,7,8243,152,0.9993314743041992,True
PUBLISHED_PRECOMPUTED_FEATURE_EVALUATION,FEATURE_SEARCH_ONLY,second_S2D.mat,132,152,8,8228,152,0.9993273019790649,True
PUBLISHED_PRECOMPUTED_FEATURE_EVALUATION,FEATURE_SEARCH_ONLY,second_S2D.mat,132,152,9,8240,152,0.9993191957473755,True
PUBLISHED_PRECOMPUTED_FEATURE_EVALUATION,FEATURE_SEARCH_ONLY,second_S2D.mat,132,152,10,8260,152,0.9993172287940979,True
PUBLISHED_PRECOMPUTED_FEATURE_EVALUATION,FEATURE_SEARCH_ONLY,second_S2D.mat,133,153,1,8294,153,0.9994813799858093,True
PUBLISHED_PRECOMPUTED_FEATURE_EVALUATION,FEATURE_SEARCH_ONLY,second_S2D.mat,133,153,2,8295,153,0.9994605779647827,True
PUBLISHED_PRECOMPUTED_FEATURE_EVALUATION,FEATURE_SEARCH_ONLY,second_S2D.mat,133,153,3,8292,153,0.9994602203369141,True
PUBLISHED_PRECOMPUTED_FEATURE_EVALUATION,FEATURE_SEARCH_ONLY,second_S2D.mat,133,153,4,8312,153,0.9994008541107178,True
PUBLISHED_PRECOMPUTED_FEATURE_EVALUATION,FEATURE_SEARCH_ONLY,second_S2D.mat,133,153,5,8293,153,0.9993590712547302,True
PUBLISHED_PRECOMPUTED_FEATURE_EVALUATION,FEATURE_SEARCH_ONLY,second_S2D.mat,133,153,6,8309,153,0.9993574619293213,True
PUBLISHED_PRECOMPUTED_FEATURE_EVALUATION,FEATURE_SEARCH_ONLY,second_S2D.mat,133,153,7,8310,153,0.9993518590927124,True
PUBLISHED_PRECOMPUTED_FEATURE_EVALUATION,FEATURE_SEARCH_ONLY,second_S2D.mat,133,153,8,8297,153,0.9993504285812378,True
PUBLISHED_PRECOMPUTED_FEATURE_EVALUATION,FEATURE_SEARCH_ONLY,second_S2D.mat,133,153,9,8291,153,0.9993457198143005,True
PUBLISHED_PRECOMPUTED_FEATURE_EVALUATION,FEATURE_SEARCH_ONLY,second_S2D.mat,133,153,10,8300,153,0.999331533908844,True
PUBLISHED_PRECOMPUTED_FEATURE_EVALUATION,FEATURE_SEARCH_ONLY,second_S2D.mat,134,154,1,8346,154,0.9996185302734375,True
PUBLISHED_PRECOMPUTED_FEATURE_EVALUATION,FEATURE_SEARCH_ONLY,second_S2D.mat,134,154,2,8347,154,0.9995958209037781,True
PUBLISHED_PRECOMPUTED_FEATURE_EVALUATION,FEATURE_SEARCH_ONLY,second_S2D.mat,134,154,3,8345,154,0.9995934963226318,True
PUBLISHED_PRECOMPUTED_FEATURE_EVALUATION,FEATURE_SEARCH_ONLY,second_S2D.mat,134,154,4,8361,154,0.999552309513092,True
PUBLISHED_PRECOMPUTED_FEATURE_EVALUATION,FEATURE_SEARCH_ONLY,second_S2D.mat,134,154,5,8364,154,0.9995417594909668,True
PUBLISHED_PRECOMPUTED_FEATURE_EVALUATION,FEATURE_SEARCH_ONLY,second_S2D.mat,134,154,6,8363,154,0.9995341897010803,True
PUBLISHED_PRECOMPUTED_FEATURE_EVALUATION,FEATURE_SEARCH_ONLY,second_S2D.mat,134,154,7,8343,154,0.9995316863059998,True
PUBLISHED_PRECOMPUTED_FEATURE_EVALUATION,FEATURE_SEARCH_ONLY,second_S2D.mat,134,154,8,8344,154,0.9995051622390747,True
PUBLISHED_PRECOMPUTED_FEATURE_EVALUATION,FEATURE_SEARCH_ONLY,second_S2D.mat,134,154,9,8362,154,0.9994807243347168,True
PUBLISHED_PRECOMPUTED_FEATURE_EVALUATION,FEATURE_SEARCH_ONLY,second_S2D.mat,134,154,10,8348,154,0.999467134475708,True
PUBLISHED_PRECOMPUTED_FEATURE_EVALUATION,FEATURE_SEARCH_ONLY,second_S2D.mat,135,155,1,8406,155,0.9995216131210327,True
PUBLISHED_PRECOMPUTED_FEATURE_EVALUATION,FEATURE_SEARCH_ONLY,second_S2D.mat,135,155,2,8405,155,0.9995061159133911,True
PUBLISHED_PRECOMPUTED_FEATURE_EVALUATION,FEATURE_SEARCH_ONLY,second_S2D.mat,135,155,3,8407,155,0.9994690418243408,True
PUBLISHED_PRECOMPUTED_FEATURE_EVALUATION,FEATURE_SEARCH_ONLY,second_S2D.mat,135,155,4,8401,155,0.999452531337738,True
PUBLISHED_PRECOMPUTED_FEATURE_EVALUATION,FEATURE_SEARCH_ONLY,second_S2D.mat,135,155,5,8408,155,0.9994387030601501,True
PUBLISHED_PRECOMPUTED_FEATURE_EVALUATION,FEATURE_SEARCH_ONLY,second_S2D.mat,135,155,6,8410,155,0.9993884563446045,True
PUBLISHED_PRECOMPUTED_FEATURE_EVALUATION,FEATURE_SEARCH_ONLY,second_S2D.mat,135,155,7,8411,155,0.999386191368103,True
PUBLISHED_PRECOMPUTED_FEATURE_EVALUATION,FEATURE_SEARCH_ONLY,second_S2D.mat,135,155,8,8409,155,0.9993805885314941,True
PUBLISHED_PRECOMPUTED_FEATURE_EVALUATION,FEATURE_SEARCH_ONLY,second_S2D.mat,135,155,9,8400,155,0.9993726015090942,True
PUBLISHED_PRECOMPUTED_FEATURE_EVALUATION,FEATURE_SEARCH_ONLY,second_S2D.mat,135,155,10,8423,155,0.9993574023246765,True
PUBLISHED_PRECOMPUTED_FEATURE_EVALUATION,FEATURE_SEARCH_ONLY,second_S2D.mat,136,156,1,8460,156,0.9995916485786438,True
PUBLISHED_PRECOMPUTED_FEATURE_EVALUATION,FEATURE_SEARCH_ONLY,second_S2D.mat,136,156,2,8462,156,0.9995390772819519,True
PUBLISHED_PRECOMPUTED_FEATURE_EVALUATION,FEATURE_SEARCH_ONLY,second_S2D.mat,136,156,3,8461,156,0.9995320439338684,True
PUBLISHED_PRECOMPUTED_FEATURE_EVALUATION,FEATURE_SEARCH_ONLY,second_S2D.mat,136,156,4,8459,156,0.9994983077049255,True
PUBLISHED_PRECOMPUTED_FEATURE_EVALUATION,FEATURE_SEARCH_ONLY,second_S2D.mat,136,156,5,8442,156,0.9994970560073853,True
PUBLISHED_PRECOMPUTED_FEATURE_EVALUATION,FEATURE_SEARCH_ONLY,second_S2D.mat,136,156,6,8458,156,0.9994317889213562,True
PUBLISHED_PRECOMPUTED_FEATURE_EVALUATION,FEATURE_SEARCH_ONLY,second_S2D.mat,136,156,7,8444,156,0.9994093179702759,True
PUBLISHED_PRECOMPUTED_FEATURE_EVALUATION,FEATURE_SEARCH_ONLY,second_S2D.mat,136,156,8,8441,156,0.9993941783905029,True
PUBLISHED_PRECOMPUTED_FEATURE_EVALUATION,FEATURE_SEARCH_ONLY,second_S2D.mat,136,156,9,8466,156,0.9993859529495239,True
PUBLISHED_PRECOMPUTED_FEATURE_EVALUATION,FEATURE_SEARCH_ONLY,second_S2D.mat,136,156,10,8467,156,0.9993504285812378,True
PUBLISHED_PRECOMPUTED_FEATURE_EVALUATION,FEATURE_SEARCH_ONLY,second_S2D.mat,137,157,1,8518,157,0.9995880126953125,True
PUBLISHED_PRECOMPUTED_FEATURE_EVALUATION,FEATURE_SEARCH_ONLY,second_S2D.mat,137,157,2,8514,157,0.9995831847190857,True
PUBLISHED_PRECOMPUTED_FEATURE_EVALUATION,FEATURE_SEARCH_ONLY,second_S2D.mat,137,157,3,8515,157,0.9995632171630859,True
PUBLISHED_PRECOMPUTED_FEATURE_EVALUATION,FEATURE_SEARCH_ONLY,second_S2D.mat,137,157,4,8519,157,0.9995483160018921,True
PUBLISHED_PRECOMPUTED_FEATURE_EVALUATION,FEATURE_SEARCH_ONLY,second_S2D.mat,137,157,5,8513,157,0.999531090259552,True
PUBLISHED_PRECOMPUTED_FEATURE_EVALUATION,FEATURE_SEARCH_ONLY,second_S2D.mat,137,157,6,8496,157,0.9995183944702148,True
PUBLISHED_PRECOMPUTED_FEATURE_EVALUATION,FEATURE_SEARCH_ONLY,second_S2D.mat,137,157,7,8517,157,0.9995167255401611,True
PUBLISHED_PRECOMPUTED_FEATURE_EVALUATION,FEATURE_SEARCH_ONLY,second_S2D.mat,137,157,8,8500,157,0.9994974136352539,True
PUBLISHED_PRECOMPUTED_FEATURE_EVALUATION,FEATURE_SEARCH_ONLY,second_S2D.mat,137,157,9,8501,157,0.9994671940803528,True
PUBLISHED_PRECOMPUTED_FEATURE_EVALUATION,FEATURE_SEARCH_ONLY,second_S2D.mat,137,157,10,8498,157,0.9994656443595886,True
PUBLISHED_PRECOMPUTED_FEATURE_EVALUATION,FEATURE_SEARCH_ONLY,second_S2D.mat,138,158,1,8564,158,0.9995023608207703,True
PUBLISHED_PRECOMPUTED_FEATURE_EVALUATION,FEATURE_SEARCH_ONLY,second_S2D.mat,138,158,2,8549,158,0.9994617700576782,True
PUBLISHED_PRECOMPUTED_FEATURE_EVALUATION,FEATURE_SEARCH_ONLY,second_S2D.mat,138,158,3,8563,158,0.9994606375694275,True
PUBLISHED_PRECOMPUTED_FEATURE_EVALUATION,FEATURE_SEARCH_ONLY,second_S2D.mat,138,158,4,8567,158,0.9994430541992188,True
PUBLISHED_PRECOMPUTED_FEATURE_EVALUATION,FEATURE_SEARCH_ONLY,second_S2D.mat,138,158,5,8561,158,0.9994330406188965,True
PUBLISHED_PRECOMPUTED_FEATURE_EVALUATION,FEATURE_SEARCH_ONLY,second_S2D.mat,138,158,6,8560,158,0.9994312524795532,True
PUBLISHED_PRECOMPUTED_FEATURE_EVALUATION,FEATURE_SEARCH_ONLY,second_S2D.mat,138,158,7,8559,158,0.9994268417358398,True
PUBLISHED_PRECOMPUTED_FEATURE_EVALUATION,FEATURE_SEARCH_ONLY,second_S2D.mat,138,158,8,8280,153,0.9994125366210938,False
PUBLISHED_PRECOMPUTED_FEATURE_EVALUATION,FEATURE_SEARCH_ONLY,second_S2D.mat,138,158,9,8565,158,0.9994093775749207,True
PUBLISHED_PRECOMPUTED_FEATURE_EVALUATION,FEATURE_SEARCH_ONLY,second_S2D.mat,138,158,10,8546,158,0.999404788017273,True
PUBLISHED_PRECOMPUTED_FEATURE_EVALUATION,FEATURE_SEARCH_ONLY,second_S2D.mat,139,159,1,8634,159,0.9994758367538452,True
PUBLISHED_PRECOMPUTED_FEATURE_EVALUATION,FEATURE_SEARCH_ONLY,second_S2D.mat,139,159,2,8632,159,0.9994131922721863,True
PUBLISHED_PRECOMPUTED_FEATURE_EVALUATION,FEATURE_SEARCH_ONLY,second_S2D.mat,139,159,3,8616,159,0.9993654489517212,True
PUBLISHED_PRECOMPUTED_FEATURE_EVALUATION,FEATURE_SEARCH_ONLY,second_S2D.mat,139,159,4,8626,159,0.9993531107902527,True
PUBLISHED_PRECOMPUTED_FEATURE_EVALUATION,FEATURE_SEARCH_ONLY,second_S2D.mat,139,159,5,8636,159,0.9993298649787903,True
PUBLISHED_PRECOMPUTED_FEATURE_EVALUATION,FEATURE_SEARCH_ONLY,second_S2D.mat,139,159,6,8617,159,0.999321699142456,True
PUBLISHED_PRECOMPUTED_FEATURE_EVALUATION,FEATURE_SEARCH_ONLY,second_S2D.mat,139,159,7,8618,159,0.999286413192749,True
PUBLISHED_PRECOMPUTED_FEATURE_EVALUATION,FEATURE_SEARCH_ONLY,second_S2D.mat,139,159,8,8631,159,0.9992811679840088,True
PUBLISHED_PRECOMPUTED_FEATURE_EVALUATION,FEATURE_SEARCH_ONLY,second_S2D.mat,139,159,9,8625,159,0.9992629289627075,True
PUBLISHED_PRECOMPUTED_FEATURE_EVALUATION,FEATURE_SEARCH_ONLY,second_S2D.mat,139,159,10,8635,159,0.9992589354515076,True
PUBLISHED_PRECOMPUTED_FEATURE_EVALUATION,FEATURE_SEARCH_ONLY,second_S2D.mat,140,160,1,8675,160,0.9992389678955078,True
PUBLISHED_PRECOMPUTED_FEATURE_EVALUATION,FEATURE_SEARCH_ONLY,second_S2D.mat,140,160,2,8677,160,0.999226450920105,True
PUBLISHED_PRECOMPUTED_FEATURE_EVALUATION,FEATURE_SEARCH_ONLY,second_S2D.mat,140,160,3,8658,160,0.9992091655731201,True
PUBLISHED_PRECOMPUTED_FEATURE_EVALUATION,FEATURE_SEARCH_ONLY,second_S2D.mat,140,160,4,8676,160,0.99920654296875,True
PUBLISHED_PRECOMPUTED_FEATURE_EVALUATION,FEATURE_SEARCH_ONLY,second_S2D.mat,140,160,5,8659,160,0.9991995692253113,True
PUBLISHED_PRECOMPUTED_FEATURE_EVALUATION,FEATURE_SEARCH_ONLY,second_S2D.mat,140,160,6,8693,160,0.9991881251335144,True
PUBLISHED_PRECOMPUTED_FEATURE_EVALUATION,FEATURE_SEARCH_ONLY,second_S2D.mat,140,160,7,8666,160,0.9991729259490967,True
PUBLISHED_PRECOMPUTED_FEATURE_EVALUATION,FEATURE_SEARCH_ONLY,second_S2D.mat,140,160,8,8665,160,0.999138355255127,True
PUBLISHED_PRECOMPUTED_FEATURE_EVALUATION,FEATURE_SEARCH_ONLY,second_S2D.mat,140,160,9,8689,160,0.9991289973258972,True
PUBLISHED_PRECOMPUTED_FEATURE_EVALUATION,FEATURE_SEARCH_ONLY,second_S2D.mat,140,160,10,8691,160,0.9991257190704346,True
PUBLISHED_PRECOMPUTED_FEATURE_EVALUATION,FEATURE_SEARCH_ONLY,second_S2D.mat,141,161,1,8737,161,0.9994294047355652,True
PUBLISHED_PRECOMPUTED_FEATURE_EVALUATION,FEATURE_SEARCH_ONLY,second_S2D.mat,141,161,2,8720,161,0.9994215369224548,True
PUBLISHED_PRECOMPUTED_FEATURE_EVALUATION,FEATURE_SEARCH_ONLY,second_S2D.mat,141,161,3,8719,161,0.9993929862976074,True
PUBLISHED_PRECOMPUTED_FEATURE_EVALUATION,FEATURE_SEARCH_ONLY,second_S2D.mat,141,161,4,8738,161,0.9993768930435181,True
PUBLISHED_PRECOMPUTED_FEATURE_EVALUATION,FEATURE_SEARCH_ONLY,second_S2D.mat,141,161,5,8729,161,0.9993323087692261,True
PUBLISHED_PRECOMPUTED_FEATURE_EVALUATION,FEATURE_SEARCH_ONLY,second_S2D.mat,141,161,6,8735,161,0.999297022819519,True
PUBLISHED_PRECOMPUTED_FEATURE_EVALUATION,FEATURE_SEARCH_ONLY,second_S2D.mat,141,161,7,8736,161,0.9992850422859192,True
PUBLISHED_PRECOMPUTED_FEATURE_EVALUATION,FEATURE_SEARCH_ONLY,second_S2D.mat,141,161,8,8730,161,0.999276340007782,True
PUBLISHED_PRECOMPUTED_FEATURE_EVALUATION,FEATURE_SEARCH_ONLY,second_S2D.mat,141,161,9,8718,161,0.9992734789848328,True
PUBLISHED_PRECOMPUTED_FEATURE_EVALUATION,FEATURE_SEARCH_ONLY,second_S2D.mat,141,161,10,8733,161,0.9992706179618835,True
PUBLISHED_PRECOMPUTED_FEATURE_EVALUATION,FEATURE_SEARCH_ONLY,second_S2D.mat,142,162,1,8779,162,0.999412477016449,True
PUBLISHED_PRECOMPUTED_FEATURE_EVALUATION,FEATURE_SEARCH_ONLY,second_S2D.mat,142,162,2,8778,162,0.9993751049041748,True
PUBLISHED_PRECOMPUTED_FEATURE_EVALUATION,FEATURE_SEARCH_ONLY,second_S2D.mat,142,162,3,8797,162,0.9993433952331543,True
PUBLISHED_PRECOMPUTED_FEATURE_EVALUATION,FEATURE_SEARCH_ONLY,second_S2D.mat,142,162,4,8788,162,0.9993259906768799,True
PUBLISHED_PRECOMPUTED_FEATURE_EVALUATION,FEATURE_SEARCH_ONLY,second_S2D.mat,142,162,5,8786,162,0.9993250966072083,True
PUBLISHED_PRECOMPUTED_FEATURE_EVALUATION,FEATURE_SEARCH_ONLY,second_S2D.mat,142,162,6,8796,162,0.9993175268173218,True
PUBLISHED_PRECOMPUTED_FEATURE_EVALUATION,FEATURE_SEARCH_ONLY,second_S2D.mat,142,162,7,8761,162,0.9992896914482117,True
PUBLISHED_PRECOMPUTED_FEATURE_EVALUATION,FEATURE_SEARCH_ONLY,second_S2D.mat,142,162,8,8770,162,0.9992605447769165,True
PUBLISHED_PRECOMPUTED_FEATURE_EVALUATION,FEATURE_SEARCH_ONLY,second_S2D.mat,142,162,9,8787,162,0.9992488622665405,True
PUBLISHED_PRECOMPUTED_FEATURE_EVALUATION,FEATURE_SEARCH_ONLY,second_S2D.mat,142,162,10,8785,162,0.9992343783378601,True
PUBLISHED_PRECOMPUTED_FEATURE_EVALUATION,FEATURE_SEARCH_ONLY,second_S2D.mat,143,163,1,8834,163,0.9993544816970825,True
PUBLISHED_PRECOMPUTED_FEATURE_EVALUATION,FEATURE_SEARCH_ONLY,second_S2D.mat,143,163,2,8852,163,0.999322235584259,True
PUBLISHED_PRECOMPUTED_FEATURE_EVALUATION,FEATURE_SEARCH_ONLY,second_S2D.mat,143,163,3,8833,163,0.999319314956665,True
PUBLISHED_PRECOMPUTED_FEATURE_EVALUATION,FEATURE_SEARCH_ONLY,second_S2D.mat,143,163,4,8851,163,0.9992969632148743,True
PUBLISHED_PRECOMPUTED_FEATURE_EVALUATION,FEATURE_SEARCH_ONLY,second_S2D.mat,143,163,5,8815,163,0.9992155432701111,True
PUBLISHED_PRECOMPUTED_FEATURE_EVALUATION,FEATURE_SEARCH_ONLY,second_S2D.mat,143,163,6,8840,163,0.9991718530654907,True
PUBLISHED_PRECOMPUTED_FEATURE_EVALUATION,FEATURE_SEARCH_ONLY,second_S2D.mat,143,163,7,8853,163,0.9991499781608582,True
PUBLISHED_PRECOMPUTED_FEATURE_EVALUATION,FEATURE_SEARCH_ONLY,second_S2D.mat,143,163,8,8839,163,0.9991455078125,True
PUBLISHED_PRECOMPUTED_FEATURE_EVALUATION,FEATURE_SEARCH_ONLY,second_S2D.mat,143,163,9,8841,163,0.9991275668144226,True
PUBLISHED_PRECOMPUTED_FEATURE_EVALUATION,FEATURE_SEARCH_ONLY,second_S2D.mat,143,163,10,8832,163,0.9991229772567749,True
PUBLISHED_PRECOMPUTED_FEATURE_EVALUATION,FEATURE_SEARCH_ONLY,second_S2D.mat,144,164,1,8883,164,0.9994956254959106,True
PUBLISHED_PRECOMPUTED_FEATURE_EVALUATION,FEATURE_SEARCH_ONLY,second_S2D.mat,144,164,2,8882,164,0.9994814395904541,True
PUBLISHED_PRECOMPUTED_FEATURE_EVALUATION,FEATURE_SEARCH_ONLY,second_S2D.mat,144,164,3,8901,164,0.9994792342185974,True
PUBLISHED_PRECOMPUTED_FEATURE_EVALUATION,FEATURE_SEARCH_ONLY,second_S2D.mat,144,164,4,8891,164,0.9994027614593506,True
PUBLISHED_PRECOMPUTED_FEATURE_EVALUATION,FEATURE_SEARCH_ONLY,second_S2D.mat,144,164,5,8900,164,0.999376118183136,True
PUBLISHED_PRECOMPUTED_FEATURE_EVALUATION,FEATURE_SEARCH_ONLY,second_S2D.mat,144,164,6,8884,164,0.9993038773536682,True
PUBLISHED_PRECOMPUTED_FEATURE_EVALUATION,FEATURE_SEARCH_ONLY,second_S2D.mat,144,164,7,8887,164,0.9992836117744446,True
PUBLISHED_PRECOMPUTED_FEATURE_EVALUATION,FEATURE_SEARCH_ONLY,second_S2D.mat,144,164,8,8865,164,0.9992754459381104,True
PUBLISHED_PRECOMPUTED_FEATURE_EVALUATION,FEATURE_SEARCH_ONLY,second_S2D.mat,144,164,9,8892,164,0.999260663986206,True
PUBLISHED_PRECOMPUTED_FEATURE_EVALUATION,FEATURE_SEARCH_ONLY,second_S2D.mat,144,164,10,8873,164,0.9992528557777405,True
PUBLISHED_PRECOMPUTED_FEATURE_EVALUATION,FEATURE_SEARCH_ONLY,second_S2D.mat,145,165,1,8929,165,0.9996583461761475,True
PUBLISHED_PRECOMPUTED_FEATURE_EVALUATION,FEATURE_SEARCH_ONLY,second_S2D.mat,145,165,2,8948,165,0.9996396899223328,True
PUBLISHED_PRECOMPUTED_FEATURE_EVALUATION,FEATURE_SEARCH_ONLY,second_S2D.mat,145,165,3,8947,165,0.9996296763420105,True
PUBLISHED_PRECOMPUTED_FEATURE_EVALUATION,FEATURE_SEARCH_ONLY,second_S2D.mat,145,165,4,8945,165,0.9996196031570435,True
PUBLISHED_PRECOMPUTED_FEATURE_EVALUATION,FEATURE_SEARCH_ONLY,second_S2D.mat,145,165,5,8928,165,0.9995788335800171,True
PUBLISHED_PRECOMPUTED_FEATURE_EVALUATION,FEATURE_SEARCH_ONLY,second_S2D.mat,145,165,6,8949,165,0.9995760917663574,True
PUBLISHED_PRECOMPUTED_FEATURE_EVALUATION,FEATURE_SEARCH_ONLY,second_S2D.mat,145,165,7,8931,165,0.9995692372322083,True
PUBLISHED_PRECOMPUTED_FEATURE_EVALUATION,FEATURE_SEARCH_ONLY,second_S2D.mat,145,165,8,8927,165,0.9995443820953369,True
PUBLISHED_PRECOMPUTED_FEATURE_EVALUATION,FEATURE_SEARCH_ONLY,second_S2D.mat,145,165,9,8930,165,0.9995387196540833,True
PUBLISHED_PRECOMPUTED_FEATURE_EVALUATION,FEATURE_SEARCH_ONLY,second_S2D.mat,145,165,10,8938,165,0.9995379447937012,True
PUBLISHED_PRECOMPUTED_FEATURE_EVALUATION,FEATURE_SEARCH_ONLY,second_S2D.mat,146,166,1,9038,167,0.9993265271186829,False
PUBLISHED_PRECOMPUTED_FEATURE_EVALUATION,FEATURE_SEARCH_ONLY,second_S2D.mat,146,166,2,9040,167,0.99928879737854,False
PUBLISHED_PRECOMPUTED_FEATURE_EVALUATION,FEATURE_SEARCH_ONLY,second_S2D.mat,146,166,3,9008,166,0.9992824196815491,True
PUBLISHED_PRECOMPUTED_FEATURE_EVALUATION,FEATURE_SEARCH_ONLY,second_S2D.mat,146,166,4,9010,166,0.9992780685424805,True
PUBLISHED_PRECOMPUTED_FEATURE_EVALUATION,FEATURE_SEARCH_ONLY,second_S2D.mat,146,166,5,8991,166,0.999260425567627,True
PUBLISHED_PRECOMPUTED_FEATURE_EVALUATION,FEATURE_SEARCH_ONLY,second_S2D.mat,146,166,6,9011,166,0.9992421865463257,True
PUBLISHED_PRECOMPUTED_FEATURE_EVALUATION,FEATURE_SEARCH_ONLY,second_S2D.mat,146,166,7,9037,167,0.9992402791976929,False
PUBLISHED_PRECOMPUTED_FEATURE_EVALUATION,FEATURE_SEARCH_ONLY,second_S2D.mat,146,166,8,8989,166,0.9992328882217407,True
PUBLISHED_PRECOMPUTED_FEATURE_EVALUATION,FEATURE_SEARCH_ONLY,second_S2D.mat,146,166,9,9009,166,0.9992268085479736,True
PUBLISHED_PRECOMPUTED_FEATURE_EVALUATION,FEATURE_SEARCH_ONLY,second_S2D.mat,146,166,10,9056,167,0.9992113709449768,False
PUBLISHED_PRECOMPUTED_FEATURE_EVALUATION,FEATURE_SEARCH_ONLY,second_S2D.mat,147,167,1,9055,167,0.9993388056755066,True
PUBLISHED_PRECOMPUTED_FEATURE_EVALUATION,FEATURE_SEARCH_ONLY,second_S2D.mat,147,167,2,9054,167,0.9993370175361633,True
PUBLISHED_PRECOMPUTED_FEATURE_EVALUATION,FEATURE_SEARCH_ONLY,second_S2D.mat,147,167,3,9052,167,0.999303936958313,True
PUBLISHED_PRECOMPUTED_FEATURE_EVALUATION,FEATURE_SEARCH_ONLY,second_S2D.mat,147,167,4,9053,167,0.9993008375167847,True
PUBLISHED_PRECOMPUTED_FEATURE_EVALUATION,FEATURE_SEARCH_ONLY,second_S2D.mat,147,167,5,9044,167,0.9992951154708862,True
PUBLISHED_PRECOMPUTED_FEATURE_EVALUATION,FEATURE_SEARCH_ONLY,second_S2D.mat,147,167,6,9061,167,0.9992942810058594,True
PUBLISHED_PRECOMPUTED_FEATURE_EVALUATION,FEATURE_SEARCH_ONLY,second_S2D.mat,147,167,7,9040,167,0.9992885589599609,True
PUBLISHED_PRECOMPUTED_FEATURE_EVALUATION,FEATURE_SEARCH_ONLY,second_S2D.mat,147,167,8,9051,167,0.9992722272872925,True
PUBLISHED_PRECOMPUTED_FEATURE_EVALUATION,FEATURE_SEARCH_ONLY,second_S2D.mat,147,167,9,9050,167,0.9992675185203552,True
PUBLISHED_PRECOMPUTED_FEATURE_EVALUATION,FEATURE_SEARCH_ONLY,second_S2D.mat,147,167,10,9049,167,0.9992435574531555,True
PUBLISHED_PRECOMPUTED_FEATURE_EVALUATION,FEATURE_SEARCH_ONLY,second_S2D.mat,148,168,1,9090,168,0.9996508359909058,True
PUBLISHED_PRECOMPUTED_FEATURE_EVALUATION,FEATURE_SEARCH_ONLY,second_S2D.mat,148,168,2,9108,168,0.9996281862258911,True
PUBLISHED_PRECOMPUTED_FEATURE_EVALUATION,FEATURE_SEARCH_ONLY,second_S2D.mat,148,168,3,9107,168,0.9995827078819275,True
PUBLISHED_PRECOMPUTED_FEATURE_EVALUATION,FEATURE_SEARCH_ONLY,second_S2D.mat,148,168,4,9089,168,0.9995784759521484,True
PUBLISHED_PRECOMPUTED_FEATURE_EVALUATION,FEATURE_SEARCH_ONLY,second_S2D.mat,148,168,5,9109,168,0.9995737671852112,True
PUBLISHED_PRECOMPUTED_FEATURE_EVALUATION,FEATURE_SEARCH_ONLY,second_S2D.mat,148,168,6,9110,168,0.999561071395874,True
PUBLISHED_PRECOMPUTED_FEATURE_EVALUATION,FEATURE_SEARCH_ONLY,second_S2D.mat,148,168,7,9091,168,0.999550461769104,True
PUBLISHED_PRECOMPUTED_FEATURE_EVALUATION,FEATURE_SEARCH_ONLY,second_S2D.mat,148,168,8,9073,168,0.9995115995407104,True
PUBLISHED_PRECOMPUTED_FEATURE_EVALUATION,FEATURE_SEARCH_ONLY,second_S2D.mat,148,168,9,9098,168,0.9994894862174988,True
PUBLISHED_PRECOMPUTED_FEATURE_EVALUATION,FEATURE_SEARCH_ONLY,second_S2D.mat,148,168,10,9092,168,0.9994838833808899,True
PUBLISHED_PRECOMPUTED_FEATURE_EVALUATION,FEATURE_SEARCH_ONLY,second_S2D.mat,149,169,1,9167,169,0.9994827508926392,True
PUBLISHED_PRECOMPUTED_FEATURE_EVALUATION,FEATURE_SEARCH_ONLY,second_S2D.mat,149,169,2,9161,169,0.9994651675224304,True
PUBLISHED_PRECOMPUTED_FEATURE_EVALUATION,FEATURE_SEARCH_ONLY,second_S2D.mat,149,169,3,9143,169,0.9994294047355652,True
PUBLISHED_PRECOMPUTED_FEATURE_EVALUATION,FEATURE_SEARCH_ONLY,second_S2D.mat,149,169,4,9162,169,0.9994286894798279,True
PUBLISHED_PRECOMPUTED_FEATURE_EVALUATION,FEATURE_SEARCH_ONLY,second_S2D.mat,149,169,5,9144,169,0.9994118213653564,True
PUBLISHED_PRECOMPUTED_FEATURE_EVALUATION,FEATURE_SEARCH_ONLY,second_S2D.mat,149,169,6,9158,169,0.9994025230407715,True
PUBLISHED_PRECOMPUTED_FEATURE_EVALUATION,FEATURE_SEARCH_ONLY,second_S2D.mat,149,169,7,9152,169,0.9993882775306702,True
PUBLISHED_PRECOMPUTED_FEATURE_EVALUATION,FEATURE_SEARCH_ONLY,second_S2D.mat,149,169,8,9141,169,0.9993880987167358,True
PUBLISHED_PRECOMPUTED_FEATURE_EVALUATION,FEATURE_SEARCH_ONLY,second_S2D.mat,149,169,9,9142,169,0.9993869066238403,True
PUBLISHED_PRECOMPUTED_FEATURE_EVALUATION,FEATURE_SEARCH_ONLY,second_S2D.mat,149,169,10,9159,169,0.999383807182312,True
PUBLISHED_PRECOMPUTED_FEATURE_EVALUATION,FEATURE_SEARCH_ONLY,second_S2D.mat,150,170,1,9220,170,0.9991911053657532,True
PUBLISHED_PRECOMPUTED_FEATURE_EVALUATION,FEATURE_SEARCH_ONLY,second_S2D.mat,150,170,2,9216,170,0.9991663694381714,True
PUBLISHED_PRECOMPUTED_FEATURE_EVALUATION,FEATURE_SEARCH_ONLY,second_S2D.mat,150,170,3,9229,170,0.9991500377655029,True
PUBLISHED_PRECOMPUTED_FEATURE_EVALUATION,FEATURE_SEARCH_ONLY,second_S2D.mat,150,170,4,9212,170,0.9990931749343872,True
PUBLISHED_PRECOMPUTED_FEATURE_EVALUATION,FEATURE_SEARCH_ONLY,second_S2D.mat,150,170,5,9211,170,0.9990878701210022,True
PUBLISHED_PRECOMPUTED_FEATURE_EVALUATION,FEATURE_SEARCH_ONLY,second_S2D.mat,150,170,6,9228,170,0.9990835785865784,True
PUBLISHED_PRECOMPUTED_FEATURE_EVALUATION,FEATURE_SEARCH_ONLY,second_S2D.mat,150,170,7,9219,170,0.9990581274032593,True
PUBLISHED_PRECOMPUTED_FEATURE_EVALUATION,FEATURE_SEARCH_ONLY,second_S2D.mat,150,170,8,9221,170,0.9990488886833191,True
PUBLISHED_PRECOMPUTED_FEATURE_EVALUATION,FEATURE_SEARCH_ONLY,second_S2D.mat,150,170,9,9210,170,0.9990456104278564,True
PUBLISHED_PRECOMPUTED_FEATURE_EVALUATION,FEATURE_SEARCH_ONLY,second_S2D.mat,150,170,10,9194,170,0.9990454912185669,True
PUBLISHED_PRECOMPUTED_FEATURE_EVALUATION,FEATURE_SEARCH_ONLY,second_S2D.mat,151,171,1,9275,171,0.9990823268890381,True
PUBLISHED_PRECOMPUTED_FEATURE_EVALUATION,FEATURE_SEARCH_ONLY,second_S2D.mat,151,171,2,9255,171,0.9990564584732056,True
PUBLISHED_PRECOMPUTED_FEATURE_EVALUATION,FEATURE_SEARCH_ONLY,second_S2D.mat,151,171,3,9276,171,0.9989780187606812,True
PUBLISHED_PRECOMPUTED_FEATURE_EVALUATION,FEATURE_SEARCH_ONLY,second_S2D.mat,151,171,4,9257,171,0.9989619851112366,True
PUBLISHED_PRECOMPUTED_FEATURE_EVALUATION,FEATURE_SEARCH_ONLY,second_S2D.mat,151,171,5,9258,171,0.9989557266235352,True
PUBLISHED_PRECOMPUTED_FEATURE_EVALUATION,FEATURE_SEARCH_ONLY,second_S2D.mat,151,171,6,9237,171,0.9989420175552368,True
PUBLISHED_PRECOMPUTED_FEATURE_EVALUATION,FEATURE_SEARCH_ONLY,second_S2D.mat,151,171,7,9253,171,0.998887300491333,True
PUBLISHED_PRECOMPUTED_FEATURE_EVALUATION,FEATURE_SEARCH_ONLY,second_S2D.mat,151,171,8,9273,171,0.9988752007484436,True
PUBLISHED_PRECOMPUTED_FEATURE_EVALUATION,FEATURE_SEARCH_ONLY,second_S2D.mat,151,171,9,9259,171,0.9988635182380676,True
PUBLISHED_PRECOMPUTED_FEATURE_EVALUATION,FEATURE_SEARCH_ONLY,second_S2D.mat,151,171,10,9254,171,0.9988456964492798,True
PUBLISHED_PRECOMPUTED_FEATURE_EVALUATION,FEATURE_SEARCH_ONLY,second_S2D.mat,152,172,1,9324,172,0.9995284080505371,True
PUBLISHED_PRECOMPUTED_FEATURE_EVALUATION,FEATURE_SEARCH_ONLY,second_S2D.mat,152,172,2,9306,172,0.9995182752609253,True
PUBLISHED_PRECOMPUTED_FEATURE_EVALUATION,FEATURE_SEARCH_ONLY,second_S2D.mat,152,172,3,9326,172,0.9995031356811523,True
PUBLISHED_PRECOMPUTED_FEATURE_EVALUATION,FEATURE_SEARCH_ONLY,second_S2D.mat,152,172,4,9323,172,0.9994333982467651,True
PUBLISHED_PRECOMPUTED_FEATURE_EVALUATION,FEATURE_SEARCH_ONLY,second_S2D.mat,152,172,5,9327,172,0.9994141459465027,True
PUBLISHED_PRECOMPUTED_FEATURE_EVALUATION,FEATURE_SEARCH_ONLY,second_S2D.mat,152,172,6,9320,172,0.9994133710861206,True
PUBLISHED_PRECOMPUTED_FEATURE_EVALUATION,FEATURE_SEARCH_ONLY,second_S2D.mat,152,172,7,9325,172,0.9994127154350281,True
PUBLISHED_PRECOMPUTED_FEATURE_EVALUATION,FEATURE_SEARCH_ONLY,second_S2D.mat,152,172,8,9309,172,0.9994021654129028,True
PUBLISHED_PRECOMPUTED_FEATURE_EVALUATION,FEATURE_SEARCH_ONLY,second_S2D.mat,152,172,9,9319,172,0.9993920922279358,True
PUBLISHED_PRECOMPUTED_FEATURE_EVALUATION,FEATURE_SEARCH_ONLY,second_S2D.mat,152,172,10,9321,172,0.999384880065918,True
PUBLISHED_PRECOMPUTED_FEATURE_EVALUATION,FEATURE_SEARCH_ONLY,second_S2D.mat,153,173,1,9383,173,0.9994845390319824,True
PUBLISHED_PRECOMPUTED_FEATURE_EVALUATION,FEATURE_SEARCH_ONLY,second_S2D.mat,153,173,2,9384,173,0.9994708299636841,True
PUBLISHED_PRECOMPUTED_FEATURE_EVALUATION,FEATURE_SEARCH_ONLY,second_S2D.mat,153,173,3,9385,173,0.9994624853134155,True
PUBLISHED_PRECOMPUTED_FEATURE_EVALUATION,FEATURE_SEARCH_ONLY,second_S2D.mat,153,173,4,9387,173,0.9994391202926636,True
PUBLISHED_PRECOMPUTED_FEATURE_EVALUATION,FEATURE_SEARCH_ONLY,second_S2D.mat,153,173,5,9365,173,0.999430775642395,True
PUBLISHED_PRECOMPUTED_FEATURE_EVALUATION,FEATURE_SEARCH_ONLY,second_S2D.mat,153,173,6,9390,173,0.9994152188301086,True
PUBLISHED_PRECOMPUTED_FEATURE_EVALUATION,FEATURE_SEARCH_ONLY,second_S2D.mat,153,173,7,9366,173,0.999413251876831,True
PUBLISHED_PRECOMPUTED_FEATURE_EVALUATION,FEATURE_SEARCH_ONLY,second_S2D.mat,153,173,8,9364,173,0.9994125962257385,True
PUBLISHED_PRECOMPUTED_FEATURE_EVALUATION,FEATURE_SEARCH_ONLY,second_S2D.mat,153,173,9,9372,173,0.9994083642959595,True
PUBLISHED_PRECOMPUTED_FEATURE_EVALUATION,FEATURE_SEARCH_ONLY,second_S2D.mat,153,173,10,9367,173,0.9993880987167358,True
PUBLISHED_PRECOMPUTED_FEATURE_EVALUATION,FEATURE_SEARCH_ONLY,second_S2D.mat,154,174,1,9431,174,0.9995924830436707,True
PUBLISHED_PRECOMPUTED_FEATURE_EVALUATION,FEATURE_SEARCH_ONLY,second_S2D.mat,154,174,2,9432,174,0.9995510578155518,True
PUBLISHED_PRECOMPUTED_FEATURE_EVALUATION,FEATURE_SEARCH_ONLY,second_S2D.mat,154,174,3,9430,174,0.9995168447494507,True
PUBLISHED_PRECOMPUTED_FEATURE_EVALUATION,FEATURE_SEARCH_ONLY,second_S2D.mat,154,174,4,9413,174,0.999482274055481,True
PUBLISHED_PRECOMPUTED_FEATURE_EVALUATION,FEATURE_SEARCH_ONLY,second_S2D.mat,154,174,5,9429,174,0.9994628429412842,True
PUBLISHED_PRECOMPUTED_FEATURE_EVALUATION,FEATURE_SEARCH_ONLY,second_S2D.mat,154,174,6,9437,174,0.9994456768035889,True
PUBLISHED_PRECOMPUTED_FEATURE_EVALUATION,FEATURE_SEARCH_ONLY,second_S2D.mat,154,174,7,9436,174,0.999435544013977,True
PUBLISHED_PRECOMPUTED_FEATURE_EVALUATION,FEATURE_SEARCH_ONLY,second_S2D.mat,154,174,8,9414,174,0.9994326829910278,True
PUBLISHED_PRECOMPUTED_FEATURE_EVALUATION,FEATURE_SEARCH_ONLY,second_S2D.mat,154,174,9,9435,174,0.9994229674339294,True
PUBLISHED_PRECOMPUTED_FEATURE_EVALUATION,FEATURE_SEARCH_ONLY,second_S2D.mat,154,174,10,9428,174,0.9994229078292847,True
PUBLISHED_PRECOMPUTED_FEATURE_EVALUATION,FEATURE_SEARCH_ONLY,second_S2D.mat,155,175,1,9484,175,0.999667763710022,True
PUBLISHED_PRECOMPUTED_FEATURE_EVALUATION,FEATURE_SEARCH_ONLY,second_S2D.mat,155,175,2,9485,175,0.9996397495269775,True
PUBLISHED_PRECOMPUTED_FEATURE_EVALUATION,FEATURE_SEARCH_ONLY,second_S2D.mat,155,175,3,9486,175,0.9996376633644104,True
PUBLISHED_PRECOMPUTED_FEATURE_EVALUATION,FEATURE_SEARCH_ONLY,second_S2D.mat,155,175,4,9493,175,0.9996269345283508,True
PUBLISHED_PRECOMPUTED_FEATURE_EVALUATION,FEATURE_SEARCH_ONLY,second_S2D.mat,155,175,5,9474,175,0.9996196031570435,True
PUBLISHED_PRECOMPUTED_FEATURE_EVALUATION,FEATURE_SEARCH_ONLY,second_S2D.mat,155,175,6,9473,175,0.999613881111145,True
PUBLISHED_PRECOMPUTED_FEATURE_EVALUATION,FEATURE_SEARCH_ONLY,second_S2D.mat,155,175,7,9491,175,0.9996111392974854,True
PUBLISHED_PRECOMPUTED_FEATURE_EVALUATION,FEATURE_SEARCH_ONLY,second_S2D.mat,155,175,8,9475,175,0.999599039554596,True
PUBLISHED_PRECOMPUTED_FEATURE_EVALUATION,FEATURE_SEARCH_ONLY,second_S2D.mat,155,175,9,9490,175,0.9995902180671692,True
PUBLISHED_PRECOMPUTED_FEATURE_EVALUATION,FEATURE_SEARCH_ONLY,second_S2D.mat,155,175,10,9476,175,0.9995867013931274,True
PUBLISHED_PRECOMPUTED_FEATURE_EVALUATION,FEATURE_SEARCH_ONLY,second_S2D.mat,156,176,1,9530,176,0.9996036291122437,True
PUBLISHED_PRECOMPUTED_FEATURE_EVALUATION,FEATURE_SEARCH_ONLY,second_S2D.mat,156,176,2,9531,176,0.9995219707489014,True
PUBLISHED_PRECOMPUTED_FEATURE_EVALUATION,FEATURE_SEARCH_ONLY,second_S2D.mat,156,176,3,9548,176,0.9995148181915283,True
PUBLISHED_PRECOMPUTED_FEATURE_EVALUATION,FEATURE_SEARCH_ONLY,second_S2D.mat,156,176,4,9549,176,0.9995023608207703,True
PUBLISHED_PRECOMPUTED_FEATURE_EVALUATION,FEATURE_SEARCH_ONLY,second_S2D.mat,156,176,5,9547,176,0.9994984865188599,True
PUBLISHED_PRECOMPUTED_FEATURE_EVALUATION,FEATURE_SEARCH_ONLY,second_S2D.mat,156,176,6,9539,176,0.9994853734970093,True
PUBLISHED_PRECOMPUTED_FEATURE_EVALUATION,FEATURE_SEARCH_ONLY,second_S2D.mat,156,176,7,9532,176,0.9994795322418213,True
PUBLISHED_PRECOMPUTED_FEATURE_EVALUATION,FEATURE_SEARCH_ONLY,second_S2D.mat,156,176,8,9538,176,0.9994767904281616,True
PUBLISHED_PRECOMPUTED_FEATURE_EVALUATION,FEATURE_SEARCH_ONLY,second_S2D.mat,156,176,9,9518,176,0.9994666576385498,True
PUBLISHED_PRECOMPUTED_FEATURE_EVALUATION,FEATURE_SEARCH_ONLY,second_S2D.mat,156,176,10,9519,176,0.9994603395462036,True
PUBLISHED_PRECOMPUTED_FEATURE_EVALUATION,FEATURE_SEARCH_ONLY,second_S2D.mat,157,177,1,9593,177,0.9996037483215332,True
PUBLISHED_PRECOMPUTED_FEATURE_EVALUATION,FEATURE_SEARCH_ONLY,second_S2D.mat,157,177,2,9595,177,0.9995900392532349,True
PUBLISHED_PRECOMPUTED_FEATURE_EVALUATION,FEATURE_SEARCH_ONLY,second_S2D.mat,157,177,3,9596,177,0.9995214939117432,True
PUBLISHED_PRECOMPUTED_FEATURE_EVALUATION,FEATURE_SEARCH_ONLY,second_S2D.mat,157,177,4,9577,177,0.9995173811912537,True
PUBLISHED_PRECOMPUTED_FEATURE_EVALUATION,FEATURE_SEARCH_ONLY,second_S2D.mat,157,177,5,9594,177,0.9995083808898926,True
PUBLISHED_PRECOMPUTED_FEATURE_EVALUATION,FEATURE_SEARCH_ONLY,second_S2D.mat,157,177,6,9591,177,0.9994917511940002,True
PUBLISHED_PRECOMPUTED_FEATURE_EVALUATION,FEATURE_SEARCH_ONLY,second_S2D.mat,157,177,7,9592,177,0.9994670152664185,True
PUBLISHED_PRECOMPUTED_FEATURE_EVALUATION,FEATURE_SEARCH_ONLY,second_S2D.mat,157,177,8,9610,177,0.9994656443595886,True
PUBLISHED_PRECOMPUTED_FEATURE_EVALUATION,FEATURE_SEARCH_ONLY,second_S2D.mat,157,177,9,9575,177,0.9994634985923767,True
PUBLISHED_PRECOMPUTED_FEATURE_EVALUATION,FEATURE_SEARCH_ONLY,second_S2D.mat,157,177,10,9608,177,0.9994524121284485,True
PUBLISHED_PRECOMPUTED_FEATURE_EVALUATION,FEATURE_SEARCH_ONLY,second_S2D.mat,158,178,1,9635,178,0.999517023563385,True
PUBLISHED_PRECOMPUTED_FEATURE_EVALUATION,FEATURE_SEARCH_ONLY,second_S2D.mat,158,178,2,9651,178,0.9994440078735352,True
PUBLISHED_PRECOMPUTED_FEATURE_EVALUATION,FEATURE_SEARCH_ONLY,second_S2D.mat,158,178,3,9634,178,0.9994349479675293,True
PUBLISHED_PRECOMPUTED_FEATURE_EVALUATION,FEATURE_SEARCH_ONLY,second_S2D.mat,158,178,4,9633,178,0.9994325041770935,True
PUBLISHED_PRECOMPUTED_FEATURE_EVALUATION,FEATURE_SEARCH_ONLY,second_S2D.mat,158,178,5,9623,178,0.9994322657585144,True
PUBLISHED_PRECOMPUTED_FEATURE_EVALUATION,FEATURE_SEARCH_ONLY,second_S2D.mat,158,178,6,9618,178,0.9994280338287354,True
PUBLISHED_PRECOMPUTED_FEATURE_EVALUATION,FEATURE_SEARCH_ONLY,second_S2D.mat,158,178,7,9617,178,0.9994118213653564,True
PUBLISHED_PRECOMPUTED_FEATURE_EVALUATION,FEATURE_SEARCH_ONLY,second_S2D.mat,158,178,8,9642,178,0.999405026435852,True
PUBLISHED_PRECOMPUTED_FEATURE_EVALUATION,FEATURE_SEARCH_ONLY,second_S2D.mat,158,178,9,9641,178,0.9993956685066223,True
PUBLISHED_PRECOMPUTED_FEATURE_EVALUATION,FEATURE_SEARCH_ONLY,second_S2D.mat,158,178,10,9653,178,0.9993953108787537,True
PUBLISHED_PRECOMPUTED_FEATURE_EVALUATION,FEATURE_SEARCH_ONLY,second_S2D.mat,159,179,1,9707,179,0.9994301199913025,True
PUBLISHED_PRECOMPUTED_FEATURE_EVALUATION,FEATURE_SEARCH_ONLY,second_S2D.mat,159,179,2,9706,179,0.9994263052940369,True
PUBLISHED_PRECOMPUTED_FEATURE_EVALUATION,FEATURE_SEARCH_ONLY,second_S2D.mat,159,179,3,9705,179,0.9993918538093567,True
PUBLISHED_PRECOMPUTED_FEATURE_EVALUATION,FEATURE_SEARCH_ONLY,second_S2D.mat,159,179,4,9708,179,0.9993690252304077,True
PUBLISHED_PRECOMPUTED_FEATURE_EVALUATION,FEATURE_SEARCH_ONLY,second_S2D.mat,159,179,5,9695,179,0.9993563294410706,True
PUBLISHED_PRECOMPUTED_FEATURE_EVALUATION,FEATURE_SEARCH_ONLY,second_S2D.mat,159,179,6,9690,179,0.9993451833724976,True
PUBLISHED_PRECOMPUTED_FEATURE_EVALUATION,FEATURE_SEARCH_ONLY,second_S2D.mat,159,179,7,9689,179,0.9993413686752319,True
PUBLISHED_PRECOMPUTED_FEATURE_EVALUATION,FEATURE_SEARCH_ONLY,second_S2D.mat,159,179,8,9697,179,0.9993273019790649,True
PUBLISHED_PRECOMPUTED_FEATURE_EVALUATION,FEATURE_SEARCH_ONLY,second_S2D.mat,159,179,9,9696,179,0.999322772026062,True
PUBLISHED_PRECOMPUTED_FEATURE_EVALUATION,FEATURE_SEARCH_ONLY,second_S2D.mat,159,179,10,9691,179,0.9993187189102173,True
PUBLISHED_PRECOMPUTED_FEATURE_EVALUATION,FEATURE_SEARCH_ONLY,second_S2D.mat,160,180,1,9761,180,0.9993610978126526,True
PUBLISHED_PRECOMPUTED_FEATURE_EVALUATION,FEATURE_SEARCH_ONLY,second_S2D.mat,160,180,2,9762,180,0.9993438124656677,True
PUBLISHED_PRECOMPUTED_FEATURE_EVALUATION,FEATURE_SEARCH_ONLY,second_S2D.mat,160,180,3,9760,180,0.9993349313735962,True
PUBLISHED_PRECOMPUTED_FEATURE_EVALUATION,FEATURE_SEARCH_ONLY,second_S2D.mat,160,180,4,9751,180,0.9992990493774414,True
PUBLISHED_PRECOMPUTED_FEATURE_EVALUATION,FEATURE_SEARCH_ONLY,second_S2D.mat,160,180,5,9743,180,0.9992985129356384,True
PUBLISHED_PRECOMPUTED_FEATURE_EVALUATION,FEATURE_SEARCH_ONLY,second_S2D.mat,160,180,6,9744,180,0.9992573857307434,True
PUBLISHED_PRECOMPUTED_FEATURE_EVALUATION,FEATURE_SEARCH_ONLY,second_S2D.mat,160,180,7,9758,180,0.9991942644119263,True
PUBLISHED_PRECOMPUTED_FEATURE_EVALUATION,FEATURE_SEARCH_ONLY,second_S2D.mat,160,180,8,9759,180,0.9991901516914368,True
PUBLISHED_PRECOMPUTED_FEATURE_EVALUATION,FEATURE_SEARCH_ONLY,second_S2D.mat,160,180,9,9742,180,0.9991735219955444,True
PUBLISHED_PRECOMPUTED_FEATURE_EVALUATION,FEATURE_SEARCH_ONLY,second_S2D.mat,160,180,10,9750,180,0.9991719126701355,True
PUBLISHED_PRECOMPUTED_FEATURE_EVALUATION,FEATURE_SEARCH_ONLY,second_S2D.mat,161,181,1,9796,181,0.9991651773452759,True
PUBLISHED_PRECOMPUTED_FEATURE_EVALUATION,FEATURE_SEARCH_ONLY,second_S2D.mat,161,181,2,9806,181,0.9991374611854553,True
PUBLISHED_PRECOMPUTED_FEATURE_EVALUATION,FEATURE_SEARCH_ONLY,second_S2D.mat,161,181,3,9814,181,0.9991138577461243,True
PUBLISHED_PRECOMPUTED_FEATURE_EVALUATION,FEATURE_SEARCH_ONLY,second_S2D.mat,161,181,4,9805,181,0.9991132020950317,True
PUBLISHED_PRECOMPUTED_FEATURE_EVALUATION,FEATURE_SEARCH_ONLY,second_S2D.mat,161,181,5,9795,181,0.9990650415420532,True
PUBLISHED_PRECOMPUTED_FEATURE_EVALUATION,FEATURE_SEARCH_ONLY,second_S2D.mat,161,181,6,9824,181,0.9990575313568115,True
PUBLISHED_PRECOMPUTED_FEATURE_EVALUATION,FEATURE_SEARCH_ONLY,second_S2D.mat,161,181,7,9816,181,0.9990571737289429,True
PUBLISHED_PRECOMPUTED_FEATURE_EVALUATION,FEATURE_SEARCH_ONLY,second_S2D.mat,161,181,8,9804,181,0.999048113822937,True
PUBLISHED_PRECOMPUTED_FEATURE_EVALUATION,FEATURE_SEARCH_ONLY,second_S2D.mat,161,181,9,9778,181,0.9990416765213013,True
PUBLISHED_PRECOMPUTED_FEATURE_EVALUATION,FEATURE_SEARCH_ONLY,second_S2D.mat,161,181,10,9798,181,0.9990394115447998,True
PUBLISHED_PRECOMPUTED_FEATURE_EVALUATION,FEATURE_SEARCH_ONLY,second_S2D.mat,162,182,1,9846,182,0.9993858933448792,True
PUBLISHED_PRECOMPUTED_FEATURE_EVALUATION,FEATURE_SEARCH_ONLY,second_S2D.mat,162,182,2,9859,182,0.9993520975112915,True
PUBLISHED_PRECOMPUTED_FEATURE_EVALUATION,FEATURE_SEARCH_ONLY,second_S2D.mat,162,182,3,9867,182,0.9993489980697632,True
PUBLISHED_PRECOMPUTED_FEATURE_EVALUATION,FEATURE_SEARCH_ONLY,second_S2D.mat,162,182,4,9864,182,0.9992891550064087,True
PUBLISHED_PRECOMPUTED_FEATURE_EVALUATION,FEATURE_SEARCH_ONLY,second_S2D.mat,162,182,5,9866,182,0.999244213104248,True
PUBLISHED_PRECOMPUTED_FEATURE_EVALUATION,FEATURE_SEARCH_ONLY,second_S2D.mat,162,182,6,9828,182,0.9992356300354004,True
PUBLISHED_PRECOMPUTED_FEATURE_EVALUATION,FEATURE_SEARCH_ONLY,second_S2D.mat,162,182,7,9865,182,0.9992314577102661,True
PUBLISHED_PRECOMPUTED_FEATURE_EVALUATION,FEATURE_SEARCH_ONLY,second_S2D.mat,162,182,8,9849,182,0.9992262125015259,True
PUBLISHED_PRECOMPUTED_FEATURE_EVALUATION,FEATURE_SEARCH_ONLY,second_S2D.mat,162,182,9,9848,182,0.999222457408905,True
PUBLISHED_PRECOMPUTED_FEATURE_EVALUATION,FEATURE_SEARCH_ONLY,second_S2D.mat,162,182,10,9877,182,0.9992054104804993,True
PUBLISHED_PRECOMPUTED_FEATURE_EVALUATION,FEATURE_SEARCH_ONLY,second_S2D.mat,163,183,1,9916,183,0.9996128678321838,True
PUBLISHED_PRECOMPUTED_FEATURE_EVALUATION,FEATURE_SEARCH_ONLY,second_S2D.mat,163,183,2,9921,183,0.9996116757392883,True
PUBLISHED_PRECOMPUTED_FEATURE_EVALUATION,FEATURE_SEARCH_ONLY,second_S2D.mat,163,183,3,9925,183,0.9995862245559692,True
PUBLISHED_PRECOMPUTED_FEATURE_EVALUATION,FEATURE_SEARCH_ONLY,second_S2D.mat,163,183,4,9900,183,0.9995708465576172,True
PUBLISHED_PRECOMPUTED_FEATURE_EVALUATION,FEATURE_SEARCH_ONLY,second_S2D.mat,163,183,5,9903,183,0.9995481967926025,True
PUBLISHED_PRECOMPUTED_FEATURE_EVALUATION,FEATURE_SEARCH_ONLY,second_S2D.mat,163,183,6,9933,183,0.9995461702346802,True
PUBLISHED_PRECOMPUTED_FEATURE_EVALUATION,FEATURE_SEARCH_ONLY,second_S2D.mat,163,183,7,9909,183,0.9995434880256653,True
PUBLISHED_PRECOMPUTED_FEATURE_EVALUATION,FEATURE_SEARCH_ONLY,second_S2D.mat,163,183,8,9902,183,0.9995427131652832,True
PUBLISHED_PRECOMPUTED_FEATURE_EVALUATION,FEATURE_SEARCH_ONLY,second_S2D.mat,163,183,9,9910,183,0.9995363354682922,True
PUBLISHED_PRECOMPUTED_FEATURE_EVALUATION,FEATURE_SEARCH_ONLY,second_S2D.mat,163,183,10,9919,183,0.9995318651199341,True
PUBLISHED_PRECOMPUTED_FEATURE_EVALUATION,FEATURE_SEARCH_ONLY,second_S2D.mat,164,184,1,9976,184,0.9996206760406494,True
PUBLISHED_PRECOMPUTED_FEATURE_EVALUATION,FEATURE_SEARCH_ONLY,second_S2D.mat,164,184,2,9972,184,0.9996105432510376,True
PUBLISHED_PRECOMPUTED_FEATURE_EVALUATION,FEATURE_SEARCH_ONLY,second_S2D.mat,164,184,3,9971,184,0.9995967149734497,True
PUBLISHED_PRECOMPUTED_FEATURE_EVALUATION,FEATURE_SEARCH_ONLY,second_S2D.mat,164,184,4,9973,184,0.9995912313461304,True
PUBLISHED_PRECOMPUTED_FEATURE_EVALUATION,FEATURE_SEARCH_ONLY,second_S2D.mat,164,184,5,9975,184,0.9995905756950378,True
PUBLISHED_PRECOMPUTED_FEATURE_EVALUATION,FEATURE_SEARCH_ONLY,second_S2D.mat,164,184,6,9954,184,0.9995787143707275,True
PUBLISHED_PRECOMPUTED_FEATURE_EVALUATION,FEATURE_SEARCH_ONLY,second_S2D.mat,164,184,7,9974,184,0.9995678067207336,True
PUBLISHED_PRECOMPUTED_FEATURE_EVALUATION,FEATURE_SEARCH_ONLY,second_S2D.mat,164,184,8,9955,184,0.999555230140686,True
PUBLISHED_PRECOMPUTED_FEATURE_EVALUATION,FEATURE_SEARCH_ONLY,second_S2D.mat,164,184,9,9970,184,0.9995455145835876,True
PUBLISHED_PRECOMPUTED_FEATURE_EVALUATION,FEATURE_SEARCH_ONLY,second_S2D.mat,164,184,10,9956,184,0.9995310306549072,True
PUBLISHED_PRECOMPUTED_FEATURE_EVALUATION,FEATURE_SEARCH_ONLY,second_S2D.mat,165,185,1,10026,185,0.9994081258773804,True
PUBLISHED_PRECOMPUTED_FEATURE_EVALUATION,FEATURE_SEARCH_ONLY,second_S2D.mat,165,185,2,10025,185,0.999406099319458,True
PUBLISHED_PRECOMPUTED_FEATURE_EVALUATION,FEATURE_SEARCH_ONLY,second_S2D.mat,165,185,3,10007,185,0.9993417859077454,True
PUBLISHED_PRECOMPUTED_FEATURE_EVALUATION,FEATURE_SEARCH_ONLY,second_S2D.mat,165,185,4,10009,185,0.9993416666984558,True
PUBLISHED_PRECOMPUTED_FEATURE_EVALUATION,FEATURE_SEARCH_ONLY,second_S2D.mat,165,185,5,10006,185,0.9993342757225037,True
PUBLISHED_PRECOMPUTED_FEATURE_EVALUATION,FEATURE_SEARCH_ONLY,second_S2D.mat,165,185,6,10017,185,0.9993211627006531,True
PUBLISHED_PRECOMPUTED_FEATURE_EVALUATION,FEATURE_SEARCH_ONLY,second_S2D.mat,165,185,7,9997,185,0.9993155002593994,True
PUBLISHED_PRECOMPUTED_FEATURE_EVALUATION,FEATURE_SEARCH_ONLY,second_S2D.mat,165,185,8,10008,185,0.9993135333061218,True
PUBLISHED_PRECOMPUTED_FEATURE_EVALUATION,FEATURE_SEARCH_ONLY,second_S2D.mat,165,185,9,10024,185,0.9993055462837219,True
PUBLISHED_PRECOMPUTED_FEATURE_EVALUATION,FEATURE_SEARCH_ONLY,second_S2D.mat,165,185,10,10042,185,0.9993031620979309,True
PUBLISHED_PRECOMPUTED_FEATURE_EVALUATION,FEATURE_SEARCH_ONLY,second_S2D.mat,166,186,1,10076,186,0.9995274543762207,True
PUBLISHED_PRECOMPUTED_FEATURE_EVALUATION,FEATURE_SEARCH_ONLY,second_S2D.mat,166,186,2,10075,186,0.9994831085205078,True
PUBLISHED_PRECOMPUTED_FEATURE_EVALUATION,FEATURE_SEARCH_ONLY,second_S2D.mat,166,186,3,10074,186,0.999415934085846,True
PUBLISHED_PRECOMPUTED_FEATURE_EVALUATION,FEATURE_SEARCH_ONLY,second_S2D.mat,166,186,4,10077,186,0.9994057416915894,True
PUBLISHED_PRECOMPUTED_FEATURE_EVALUATION,FEATURE_SEARCH_ONLY,second_S2D.mat,166,186,5,10078,186,0.9993157386779785,True
PUBLISHED_PRECOMPUTED_FEATURE_EVALUATION,FEATURE_SEARCH_ONLY,second_S2D.mat,166,186,6,10085,186,0.9993120431900024,True
PUBLISHED_PRECOMPUTED_FEATURE_EVALUATION,FEATURE_SEARCH_ONLY,second_S2D.mat,166,186,7,10086,186,0.9992998838424683,True
PUBLISHED_PRECOMPUTED_FEATURE_EVALUATION,FEATURE_SEARCH_ONLY,second_S2D.mat,166,186,8,10057,186,0.9992979764938354,True
PUBLISHED_PRECOMPUTED_FEATURE_EVALUATION,FEATURE_SEARCH_ONLY,second_S2D.mat,166,186,9,10087,186,0.9992970824241638,True
PUBLISHED_PRECOMPUTED_FEATURE_EVALUATION,FEATURE_SEARCH_ONLY,second_S2D.mat,166,186,10,10072,186,0.9992743134498596,True
PUBLISHED_PRECOMPUTED_FEATURE_EVALUATION,FEATURE_SEARCH_ONLY,second_S2D.mat,167,187,1,10134,187,0.9995977282524109,True
PUBLISHED_PRECOMPUTED_FEATURE_EVALUATION,FEATURE_SEARCH_ONLY,second_S2D.mat,167,187,2,10135,187,0.9995917677879333,True
PUBLISHED_PRECOMPUTED_FEATURE_EVALUATION,FEATURE_SEARCH_ONLY,second_S2D.mat,167,187,3,10133,187,0.9995665550231934,True
PUBLISHED_PRECOMPUTED_FEATURE_EVALUATION,FEATURE_SEARCH_ONLY,second_S2D.mat,167,187,4,10131,187,0.9995629787445068,True
PUBLISHED_PRECOMPUTED_FEATURE_EVALUATION,FEATURE_SEARCH_ONLY,second_S2D.mat,167,187,5,10130,187,0.9995595216751099,True
PUBLISHED_PRECOMPUTED_FEATURE_EVALUATION,FEATURE_SEARCH_ONLY,second_S2D.mat,167,187,6,10116,187,0.9995424747467041,True
PUBLISHED_PRECOMPUTED_FEATURE_EVALUATION,FEATURE_SEARCH_ONLY,second_S2D.mat,167,187,7,10136,187,0.9995354413986206,True
PUBLISHED_PRECOMPUTED_FEATURE_EVALUATION,FEATURE_SEARCH_ONLY,second_S2D.mat,167,187,8,10132,187,0.9995250105857849,True
PUBLISHED_PRECOMPUTED_FEATURE_EVALUATION,FEATURE_SEARCH_ONLY,second_S2D.mat,167,187,9,10115,187,0.9995104670524597,True
PUBLISHED_PRECOMPUTED_FEATURE_EVALUATION,FEATURE_SEARCH_ONLY,second_S2D.mat,167,187,10,10140,187,0.9994790554046631,True
PUBLISHED_PRECOMPUTED_FEATURE_EVALUATION,FEATURE_SEARCH_ONLY,second_S2D.mat,168,188,1,10187,188,0.9992721676826477,True
PUBLISHED_PRECOMPUTED_FEATURE_EVALUATION,FEATURE_SEARCH_ONLY,second_S2D.mat,168,188,2,10186,188,0.9992488026618958,True
PUBLISHED_PRECOMPUTED_FEATURE_EVALUATION,FEATURE_SEARCH_ONLY,second_S2D.mat,168,188,3,10188,188,0.9992450475692749,True
PUBLISHED_PRECOMPUTED_FEATURE_EVALUATION,FEATURE_SEARCH_ONLY,second_S2D.mat,168,188,4,10242,189,0.9992246031761169,False
PUBLISHED_PRECOMPUTED_FEATURE_EVALUATION,FEATURE_SEARCH_ONLY,second_S2D.mat,168,188,5,10241,189,0.9991583824157715,False
PUBLISHED_PRECOMPUTED_FEATURE_EVALUATION,FEATURE_SEARCH_ONLY,second_S2D.mat,168,188,6,10193,188,0.9991459846496582,True
PUBLISHED_PRECOMPUTED_FEATURE_EVALUATION,FEATURE_SEARCH_ONLY,second_S2D.mat,168,188,7,10185,188,0.9991459250450134,True
PUBLISHED_PRECOMPUTED_FEATURE_EVALUATION,FEATURE_SEARCH_ONLY,second_S2D.mat,168,188,8,10168,188,0.9991416931152344,True
PUBLISHED_PRECOMPUTED_FEATURE_EVALUATION,FEATURE_SEARCH_ONLY,second_S2D.mat,168,188,9,10169,188,0.9991403222084045,True
PUBLISHED_PRECOMPUTED_FEATURE_EVALUATION,FEATURE_SEARCH_ONLY,second_S2D.mat,168,188,10,10204,188,0.9991379976272583,True
PUBLISHED_PRECOMPUTED_FEATURE_EVALUATION,FEATURE_SEARCH_ONLY,second_S2D.mat,169,189,1,10228,189,0.9993308782577515,True
PUBLISHED_PRECOMPUTED_FEATURE_EVALUATION,FEATURE_SEARCH_ONLY,second_S2D.mat,169,189,2,10242,189,0.9992591142654419,True
PUBLISHED_PRECOMPUTED_FEATURE_EVALUATION,FEATURE_SEARCH_ONLY,second_S2D.mat,169,189,3,10249,189,0.9992308020591736,True
PUBLISHED_PRECOMPUTED_FEATURE_EVALUATION,FEATURE_SEARCH_ONLY,second_S2D.mat,169,189,4,10246,189,0.9992156624794006,True
PUBLISHED_PRECOMPUTED_FEATURE_EVALUATION,FEATURE_SEARCH_ONLY,second_S2D.mat,169,189,5,10243,189,0.9992139935493469,True
PUBLISHED_PRECOMPUTED_FEATURE_EVALUATION,FEATURE_SEARCH_ONLY,second_S2D.mat,169,189,6,10229,189,0.9991596341133118,True
PUBLISHED_PRECOMPUTED_FEATURE_EVALUATION,FEATURE_SEARCH_ONLY,second_S2D.mat,169,189,7,10241,189,0.9991527795791626,True
PUBLISHED_PRECOMPUTED_FEATURE_EVALUATION,FEATURE_SEARCH_ONLY,second_S2D.mat,169,189,8,10248,189,0.999150276184082,True
PUBLISHED_PRECOMPUTED_FEATURE_EVALUATION,FEATURE_SEARCH_ONLY,second_S2D.mat,169,189,9,10210,189,0.9991483092308044,True
PUBLISHED_PRECOMPUTED_FEATURE_EVALUATION,FEATURE_SEARCH_ONLY,second_S2D.mat,169,189,10,10245,189,0.9991415739059448,True
PUBLISHED_PRECOMPUTED_FEATURE_EVALUATION,FEATURE_SEARCH_ONLY,second_S2D.mat,170,190,1,10299,190,0.9993429780006409,True
PUBLISHED_PRECOMPUTED_FEATURE_EVALUATION,FEATURE_SEARCH_ONLY,second_S2D.mat,170,190,2,10300,190,0.9993273019790649,True
PUBLISHED_PRECOMPUTED_FEATURE_EVALUATION,FEATURE_SEARCH_ONLY,second_S2D.mat,170,190,3,10296,190,0.9992835521697998,True
PUBLISHED_PRECOMPUTED_FEATURE_EVALUATION,FEATURE_SEARCH_ONLY,second_S2D.mat,170,190,4,10301,190,0.9992717504501343,True
PUBLISHED_PRECOMPUTED_FEATURE_EVALUATION,FEATURE_SEARCH_ONLY,second_S2D.mat,170,190,5,10307,190,0.9992703199386597,True
PUBLISHED_PRECOMPUTED_FEATURE_EVALUATION,FEATURE_SEARCH_ONLY,second_S2D.mat,170,190,6,10309,190,0.9992529153823853,True
PUBLISHED_PRECOMPUTED_FEATURE_EVALUATION,FEATURE_SEARCH_ONLY,second_S2D.mat,170,190,7,10291,190,0.9992449283599854,True
PUBLISHED_PRECOMPUTED_FEATURE_EVALUATION,FEATURE_SEARCH_ONLY,second_S2D.mat,170,190,8,10298,190,0.999235987663269,True
PUBLISHED_PRECOMPUTED_FEATURE_EVALUATION,FEATURE_SEARCH_ONLY,second_S2D.mat,170,190,9,10297,190,0.999230146408081,True
PUBLISHED_PRECOMPUTED_FEATURE_EVALUATION,FEATURE_SEARCH_ONLY,second_S2D.mat,170,190,10,10308,190,0.9992254972457886,True
PUBLISHED_PRECOMPUTED_FEATURE_EVALUATION,FEATURE_SEARCH_ONLY,second_S2D.mat,171,191,1,10350,191,0.999620258808136,True
PUBLISHED_PRECOMPUTED_FEATURE_EVALUATION,FEATURE_SEARCH_ONLY,second_S2D.mat,171,191,2,10340,191,0.9995893239974976,True
PUBLISHED_PRECOMPUTED_FEATURE_EVALUATION,FEATURE_SEARCH_ONLY,second_S2D.mat,171,191,3,10349,191,0.9995743036270142,True
PUBLISHED_PRECOMPUTED_FEATURE_EVALUATION,FEATURE_SEARCH_ONLY,second_S2D.mat,171,191,4,10332,191,0.9995595216751099,True
PUBLISHED_PRECOMPUTED_FEATURE_EVALUATION,FEATURE_SEARCH_ONLY,second_S2D.mat,171,191,5,10331,191,0.9995393753051758,True
PUBLISHED_PRECOMPUTED_FEATURE_EVALUATION,FEATURE_SEARCH_ONLY,second_S2D.mat,171,191,6,10358,191,0.9995285868644714,True
PUBLISHED_PRECOMPUTED_FEATURE_EVALUATION,FEATURE_SEARCH_ONLY,second_S2D.mat,171,191,7,10339,191,0.999514639377594,True
PUBLISHED_PRECOMPUTED_FEATURE_EVALUATION,FEATURE_SEARCH_ONLY,second_S2D.mat,171,191,8,10351,191,0.9995027184486389,True
PUBLISHED_PRECOMPUTED_FEATURE_EVALUATION,FEATURE_SEARCH_ONLY,second_S2D.mat,171,191,9,10341,191,0.9994910955429077,True
PUBLISHED_PRECOMPUTED_FEATURE_EVALUATION,FEATURE_SEARCH_ONLY,second_S2D.mat,171,191,10,10333,191,0.999478816986084,True
PUBLISHED_PRECOMPUTED_FEATURE_EVALUATION,FEATURE_SEARCH_ONLY,second_S2D.mat,172,192,1,10406,192,0.9994246959686279,True
PUBLISHED_PRECOMPUTED_FEATURE_EVALUATION,FEATURE_SEARCH_ONLY,second_S2D.mat,172,192,2,10404,192,0.9994216561317444,True
PUBLISHED_PRECOMPUTED_FEATURE_EVALUATION,FEATURE_SEARCH_ONLY,second_S2D.mat,172,192,3,10405,192,0.9994103908538818,True
PUBLISHED_PRECOMPUTED_FEATURE_EVALUATION,FEATURE_SEARCH_ONLY,second_S2D.mat,172,192,4,10407,192,0.9993912577629089,True
PUBLISHED_PRECOMPUTED_FEATURE_EVALUATION,FEATURE_SEARCH_ONLY,second_S2D.mat,172,192,5,10403,192,0.999356746673584,True
PUBLISHED_PRECOMPUTED_FEATURE_EVALUATION,FEATURE_SEARCH_ONLY,second_S2D.mat,172,192,6,10416,192,0.9993497729301453,True
PUBLISHED_PRECOMPUTED_FEATURE_EVALUATION,FEATURE_SEARCH_ONLY,second_S2D.mat,172,192,7,10408,192,0.9993478655815125,True
PUBLISHED_PRECOMPUTED_FEATURE_EVALUATION,FEATURE_SEARCH_ONLY,second_S2D.mat,172,192,8,10387,192,0.9993426203727722,True
PUBLISHED_PRECOMPUTED_FEATURE_EVALUATION,FEATURE_SEARCH_ONLY,second_S2D.mat,172,192,9,10417,192,0.999336302280426,True
PUBLISHED_PRECOMPUTED_FEATURE_EVALUATION,FEATURE_SEARCH_ONLY,second_S2D.mat,172,192,10,10401,192,0.9993242621421814,True
PUBLISHED_PRECOMPUTED_FEATURE_EVALUATION,FEATURE_SEARCH_ONLY,second_S2D.mat,173,193,1,10466,193,0.9994407892227173,True
PUBLISHED_PRECOMPUTED_FEATURE_EVALUATION,FEATURE_SEARCH_ONLY,second_S2D.mat,173,193,2,10465,193,0.9994083642959595,True
PUBLISHED_PRECOMPUTED_FEATURE_EVALUATION,FEATURE_SEARCH_ONLY,second_S2D.mat,173,193,3,10449,193,0.9994016289710999,True
PUBLISHED_PRECOMPUTED_FEATURE_EVALUATION,FEATURE_SEARCH_ONLY,second_S2D.mat,173,193,4,10464,193,0.999383807182312,True
PUBLISHED_PRECOMPUTED_FEATURE_EVALUATION,FEATURE_SEARCH_ONLY,second_S2D.mat,173,193,5,10448,193,0.9993812441825867,True
PUBLISHED_PRECOMPUTED_FEATURE_EVALUATION,FEATURE_SEARCH_ONLY,second_S2D.mat,173,193,6,10467,193,0.9993782043457031,True
PUBLISHED_PRECOMPUTED_FEATURE_EVALUATION,FEATURE_SEARCH_ONLY,second_S2D.mat,173,193,7,10462,193,0.9993665218353271,True
PUBLISHED_PRECOMPUTED_FEATURE_EVALUATION,FEATURE_SEARCH_ONLY,second_S2D.mat,173,193,8,10450,193,0.9993574023246765,True
PUBLISHED_PRECOMPUTED_FEATURE_EVALUATION,FEATURE_SEARCH_ONLY,second_S2D.mat,173,193,9,10447,193,0.9993534684181213,True
PUBLISHED_PRECOMPUTED_FEATURE_EVALUATION,FEATURE_SEARCH_ONLY,second_S2D.mat,173,193,10,10458,193,0.9993534088134766,True
PUBLISHED_PRECOMPUTED_FEATURE_EVALUATION,FEATURE_SEARCH_ONLY,second_S2D.mat,174,194,1,10515,194,0.9994229674339294,True
PUBLISHED_PRECOMPUTED_FEATURE_EVALUATION,FEATURE_SEARCH_ONLY,second_S2D.mat,174,194,2,10513,194,0.9993732571601868,True
PUBLISHED_PRECOMPUTED_FEATURE_EVALUATION,FEATURE_SEARCH_ONLY,second_S2D.mat,174,194,3,10514,194,0.9993706345558167,True
PUBLISHED_PRECOMPUTED_FEATURE_EVALUATION,FEATURE_SEARCH_ONLY,second_S2D.mat,174,194,4,10512,194,0.9993647933006287,True
PUBLISHED_PRECOMPUTED_FEATURE_EVALUATION,FEATURE_SEARCH_ONLY,second_S2D.mat,174,194,5,10497,194,0.9993101358413696,True
PUBLISHED_PRECOMPUTED_FEATURE_EVALUATION,FEATURE_SEARCH_ONLY,second_S2D.mat,174,194,6,10496,194,0.9992734789848328,True
PUBLISHED_PRECOMPUTED_FEATURE_EVALUATION,FEATURE_SEARCH_ONLY,second_S2D.mat,174,194,7,10516,194,0.9992403984069824,True
PUBLISHED_PRECOMPUTED_FEATURE_EVALUATION,FEATURE_SEARCH_ONLY,second_S2D.mat,174,194,8,11865,219,0.9992078542709351,False
PUBLISHED_PRECOMPUTED_FEATURE_EVALUATION,FEATURE_SEARCH_ONLY,second_S2D.mat,174,194,9,11847,219,0.9991928339004517,False
PUBLISHED_PRECOMPUTED_FEATURE_EVALUATION,FEATURE_SEARCH_ONLY,second_S2D.mat,174,194,10,10511,194,0.9991858005523682,True
PUBLISHED_PRECOMPUTED_FEATURE_EVALUATION,FEATURE_SEARCH_ONLY,second_S2D.mat,175,195,1,10566,195,0.9993796348571777,True
PUBLISHED_PRECOMPUTED_FEATURE_EVALUATION,FEATURE_SEARCH_ONLY,second_S2D.mat,175,195,2,10567,195,0.9993423819541931,True
PUBLISHED_PRECOMPUTED_FEATURE_EVALUATION,FEATURE_SEARCH_ONLY,second_S2D.mat,175,195,3,10564,195,0.9993070363998413,True
PUBLISHED_PRECOMPUTED_FEATURE_EVALUATION,FEATURE_SEARCH_ONLY,second_S2D.mat,175,195,4,10569,195,0.9992653131484985,True
PUBLISHED_PRECOMPUTED_FEATURE_EVALUATION,FEATURE_SEARCH_ONLY,second_S2D.mat,175,195,5,10570,195,0.9992488026618958,True
PUBLISHED_PRECOMPUTED_FEATURE_EVALUATION,FEATURE_SEARCH_ONLY,second_S2D.mat,175,195,6,10563,195,0.9992430210113525,True
PUBLISHED_PRECOMPUTED_FEATURE_EVALUATION,FEATURE_SEARCH_ONLY,second_S2D.mat,175,195,7,10565,195,0.9992403984069824,True
PUBLISHED_PRECOMPUTED_FEATURE_EVALUATION,FEATURE_SEARCH_ONLY,second_S2D.mat,175,195,8,10568,195,0.999198853969574,True
PUBLISHED_PRECOMPUTED_FEATURE_EVALUATION,FEATURE_SEARCH_ONLY,second_S2D.mat,175,195,9,10582,195,0.9991716146469116,True
PUBLISHED_PRECOMPUTED_FEATURE_EVALUATION,FEATURE_SEARCH_ONLY,second_S2D.mat,175,195,10,10546,195,0.9991707801818848,True
PUBLISHED_PRECOMPUTED_FEATURE_EVALUATION,FEATURE_SEARCH_ONLY,second_S2D.mat,176,196,1,10619,196,0.9992873072624207,True
PUBLISHED_PRECOMPUTED_FEATURE_EVALUATION,FEATURE_SEARCH_ONLY,second_S2D.mat,176,196,2,10601,196,0.999272346496582,True
PUBLISHED_PRECOMPUTED_FEATURE_EVALUATION,FEATURE_SEARCH_ONLY,second_S2D.mat,176,196,3,10620,196,0.9992329478263855,True
PUBLISHED_PRECOMPUTED_FEATURE_EVALUATION,FEATURE_SEARCH_ONLY,second_S2D.mat,176,196,4,10614,196,0.9992303848266602,True
PUBLISHED_PRECOMPUTED_FEATURE_EVALUATION,FEATURE_SEARCH_ONLY,second_S2D.mat,176,196,5,10618,196,0.9992272257804871,True
PUBLISHED_PRECOMPUTED_FEATURE_EVALUATION,FEATURE_SEARCH_ONLY,second_S2D.mat,176,196,6,10607,196,0.9991978406906128,True
PUBLISHED_PRECOMPUTED_FEATURE_EVALUATION,FEATURE_SEARCH_ONLY,second_S2D.mat,176,196,7,10602,196,0.9991765022277832,True
PUBLISHED_PRECOMPUTED_FEATURE_EVALUATION,FEATURE_SEARCH_ONLY,second_S2D.mat,176,196,8,10606,196,0.9991713762283325,True
PUBLISHED_PRECOMPUTED_FEATURE_EVALUATION,FEATURE_SEARCH_ONLY,second_S2D.mat,176,196,9,10600,196,0.9991661310195923,True
PUBLISHED_PRECOMPUTED_FEATURE_EVALUATION,FEATURE_SEARCH_ONLY,second_S2D.mat,176,196,10,10597,196,0.9991605877876282,True
PUBLISHED_PRECOMPUTED_FEATURE_EVALUATION,FEATURE_SEARCH_ONLY,second_S2D.mat,177,197,1,10676,197,0.999477744102478,True
PUBLISHED_PRECOMPUTED_FEATURE_EVALUATION,FEATURE_SEARCH_ONLY,second_S2D.mat,177,197,2,10673,197,0.9994748830795288,True
PUBLISHED_PRECOMPUTED_FEATURE_EVALUATION,FEATURE_SEARCH_ONLY,second_S2D.mat,177,197,3,10674,197,0.9994637966156006,True
PUBLISHED_PRECOMPUTED_FEATURE_EVALUATION,FEATURE_SEARCH_ONLY,second_S2D.mat,177,197,4,10678,197,0.999455988407135,True
PUBLISHED_PRECOMPUTED_FEATURE_EVALUATION,FEATURE_SEARCH_ONLY,second_S2D.mat,177,197,5,10679,197,0.999435305595398,True
PUBLISHED_PRECOMPUTED_FEATURE_EVALUATION,FEATURE_SEARCH_ONLY,second_S2D.mat,177,197,6,10660,197,0.9994217157363892,True
PUBLISHED_PRECOMPUTED_FEATURE_EVALUATION,FEATURE_SEARCH_ONLY,second_S2D.mat,177,197,7,10691,197,0.9993908405303955,True
PUBLISHED_PRECOMPUTED_FEATURE_EVALUATION,FEATURE_SEARCH_ONLY,second_S2D.mat,177,197,8,10661,197,0.9993887543678284,True
PUBLISHED_PRECOMPUTED_FEATURE_EVALUATION,FEATURE_SEARCH_ONLY,second_S2D.mat,177,197,9,10658,197,0.9993727207183838,True
PUBLISHED_PRECOMPUTED_FEATURE_EVALUATION,FEATURE_SEARCH_ONLY,second_S2D.mat,177,197,10,10677,197,0.9993659257888794,True
PUBLISHED_PRECOMPUTED_FEATURE_EVALUATION,FEATURE_SEARCH_ONLY,second_S2D.mat,178,198,1,10730,198,0.9995269179344177,True
PUBLISHED_PRECOMPUTED_FEATURE_EVALUATION,FEATURE_SEARCH_ONLY,second_S2D.mat,178,198,2,10729,198,0.9995129108428955,True
PUBLISHED_PRECOMPUTED_FEATURE_EVALUATION,FEATURE_SEARCH_ONLY,second_S2D.mat,178,198,3,10731,198,0.9994744658470154,True
PUBLISHED_PRECOMPUTED_FEATURE_EVALUATION,FEATURE_SEARCH_ONLY,second_S2D.mat,178,198,4,10719,198,0.9994552135467529,True
PUBLISHED_PRECOMPUTED_FEATURE_EVALUATION,FEATURE_SEARCH_ONLY,second_S2D.mat,178,198,5,10736,198,0.999453604221344,True
PUBLISHED_PRECOMPUTED_FEATURE_EVALUATION,FEATURE_SEARCH_ONLY,second_S2D.mat,178,198,6,10728,198,0.9994397163391113,True
PUBLISHED_PRECOMPUTED_FEATURE_EVALUATION,FEATURE_SEARCH_ONLY,second_S2D.mat,178,198,7,10739,198,0.9994229674339294,True
PUBLISHED_PRECOMPUTED_FEATURE_EVALUATION,FEATURE_SEARCH_ONLY,second_S2D.mat,178,198,8,10738,198,0.9994066953659058,True
PUBLISHED_PRECOMPUTED_FEATURE_EVALUATION,FEATURE_SEARCH_ONLY,second_S2D.mat,178,198,9,10737,198,0.9993991255760193,True
PUBLISHED_PRECOMPUTED_FEATURE_EVALUATION,FEATURE_SEARCH_ONLY,second_S2D.mat,178,198,10,10711,198,0.9993988275527954,True
PUBLISHED_PRECOMPUTED_FEATURE_EVALUATION,FEATURE_SEARCH_ONLY,second_S2D.mat,179,199,1,10779,199,0.9995452761650085,True
PUBLISHED_PRECOMPUTED_FEATURE_EVALUATION,FEATURE_SEARCH_ONLY,second_S2D.mat,179,199,2,10780,199,0.9995437860488892,True
PUBLISHED_PRECOMPUTED_FEATURE_EVALUATION,FEATURE_SEARCH_ONLY,second_S2D.mat,179,199,3,10798,199,0.9995436668395996,True
PUBLISHED_PRECOMPUTED_FEATURE_EVALUATION,FEATURE_SEARCH_ONLY,second_S2D.mat,179,199,4,10778,199,0.9995162487030029,True
PUBLISHED_PRECOMPUTED_FEATURE_EVALUATION,FEATURE_SEARCH_ONLY,second_S2D.mat,179,199,5,10760,199,0.9995005130767822,True
PUBLISHED_PRECOMPUTED_FEATURE_EVALUATION,FEATURE_SEARCH_ONLY,second_S2D.mat,179,199,6,10797,199,0.9994881749153137,True
PUBLISHED_PRECOMPUTED_FEATURE_EVALUATION,FEATURE_SEARCH_ONLY,second_S2D.mat,179,199,7,10781,199,0.9994760751724243,True
PUBLISHED_PRECOMPUTED_FEATURE_EVALUATION,FEATURE_SEARCH_ONLY,second_S2D.mat,179,199,8,10796,199,0.9994665384292603,True
PUBLISHED_PRECOMPUTED_FEATURE_EVALUATION,FEATURE_SEARCH_ONLY,second_S2D.mat,179,199,9,10777,199,0.999448835849762,True
PUBLISHED_PRECOMPUTED_FEATURE_EVALUATION,FEATURE_SEARCH_ONLY,second_S2D.mat,179,199,10,10799,199,0.9994356632232666,True
PUBLISHED_PRECOMPUTED_FEATURE_EVALUATION,FEATURE_SEARCH_ONLY,second_S2D.mat,180,200,1,10838,200,0.9996498227119446,True
PUBLISHED_PRECOMPUTED_FEATURE_EVALUATION,FEATURE_SEARCH_ONLY,second_S2D.mat,180,200,2,10839,200,0.9996346235275269,True
PUBLISHED_PRECOMPUTED_FEATURE_EVALUATION,FEATURE_SEARCH_ONLY,second_S2D.mat,180,200,3,10837,200,0.9996173977851868,True
PUBLISHED_PRECOMPUTED_FEATURE_EVALUATION,FEATURE_SEARCH_ONLY,second_S2D.mat,180,200,4,10840,200,0.9996016025543213,True
PUBLISHED_PRECOMPUTED_FEATURE_EVALUATION,FEATURE_SEARCH_ONLY,second_S2D.mat,180,200,5,10836,200,0.9996011257171631,True
PUBLISHED_PRECOMPUTED_FEATURE_EVALUATION,FEATURE_SEARCH_ONLY,second_S2D.mat,180,200,6,10835,200,0.9995758533477783,True
PUBLISHED_PRECOMPUTED_FEATURE_EVALUATION,FEATURE_SEARCH_ONLY,second_S2D.mat,180,200,7,10822,200,0.9995729327201843,True
PUBLISHED_PRECOMPUTED_FEATURE_EVALUATION,FEATURE_SEARCH_ONLY,second_S2D.mat,180,200,8,10821,200,0.9995728731155396,True
PUBLISHED_PRECOMPUTED_FEATURE_EVALUATION,FEATURE_SEARCH_ONLY,second_S2D.mat,180,200,9,10841,200,0.9995509386062622,True
PUBLISHED_PRECOMPUTED_FEATURE_EVALUATION,FEATURE_SEARCH_ONLY,second_S2D.mat,180,200,10,10853,200,0.9995335340499878,True
PUBLISHED_PRECOMPUTED_FEATURE_EVALUATION,FEATURE_SEARCH_ONLY,second_S2D.mat,181,201,1,10892,201,0.9996070861816406,True
PUBLISHED_PRECOMPUTED_FEATURE_EVALUATION,FEATURE_SEARCH_ONLY,second_S2D.mat,181,201,2,10891,201,0.9995862245559692,True
PUBLISHED_PRECOMPUTED_FEATURE_EVALUATION,FEATURE_SEARCH_ONLY,second_S2D.mat,181,201,3,10897,201,0.9995322823524475,True
PUBLISHED_PRECOMPUTED_FEATURE_EVALUATION,FEATURE_SEARCH_ONLY,second_S2D.mat,181,201,4,10900,201,0.9995266199111938,True
PUBLISHED_PRECOMPUTED_FEATURE_EVALUATION,FEATURE_SEARCH_ONLY,second_S2D.mat,181,201,5,10893,201,0.9995237588882446,True
PUBLISHED_PRECOMPUTED_FEATURE_EVALUATION,FEATURE_SEARCH_ONLY,second_S2D.mat,181,201,6,10886,201,0.9995151162147522,True
PUBLISHED_PRECOMPUTED_FEATURE_EVALUATION,FEATURE_SEARCH_ONLY,second_S2D.mat,181,201,7,10898,201,0.99951171875,True
PUBLISHED_PRECOMPUTED_FEATURE_EVALUATION,FEATURE_SEARCH_ONLY,second_S2D.mat,181,201,8,10880,201,0.9994989633560181,True
PUBLISHED_PRECOMPUTED_FEATURE_EVALUATION,FEATURE_SEARCH_ONLY,second_S2D.mat,181,201,9,10894,201,0.9994987845420837,True
PUBLISHED_PRECOMPUTED_FEATURE_EVALUATION,FEATURE_SEARCH_ONLY,second_S2D.mat,181,201,10,10841,200,0.9994909763336182,False
PUBLISHED_PRECOMPUTED_FEATURE_EVALUATION,FEATURE_SEARCH_ONLY,second_S2D.mat,182,202,1,10943,202,0.9995872974395752,True
PUBLISHED_PRECOMPUTED_FEATURE_EVALUATION,FEATURE_SEARCH_ONLY,second_S2D.mat,182,202,2,10944,202,0.9995549917221069,True
PUBLISHED_PRECOMPUTED_FEATURE_EVALUATION,FEATURE_SEARCH_ONLY,second_S2D.mat,182,202,3,10926,202,0.9995489120483398,True
PUBLISHED_PRECOMPUTED_FEATURE_EVALUATION,FEATURE_SEARCH_ONLY,second_S2D.mat,182,202,4,10946,202,0.9995185136795044,True
PUBLISHED_PRECOMPUTED_FEATURE_EVALUATION,FEATURE_SEARCH_ONLY,second_S2D.mat,182,202,5,10925,202,0.9994800686836243,True
PUBLISHED_PRECOMPUTED_FEATURE_EVALUATION,FEATURE_SEARCH_ONLY,second_S2D.mat,182,202,6,10927,202,0.9994629621505737,True
PUBLISHED_PRECOMPUTED_FEATURE_EVALUATION,FEATURE_SEARCH_ONLY,second_S2D.mat,182,202,7,10941,202,0.9994446039199829,True
PUBLISHED_PRECOMPUTED_FEATURE_EVALUATION,FEATURE_SEARCH_ONLY,second_S2D.mat,182,202,8,10942,202,0.9994445443153381,True
PUBLISHED_PRECOMPUTED_FEATURE_EVALUATION,FEATURE_SEARCH_ONLY,second_S2D.mat,182,202,9,10947,202,0.9994382262229919,True
PUBLISHED_PRECOMPUTED_FEATURE_EVALUATION,FEATURE_SEARCH_ONLY,second_S2D.mat,182,202,10,10924,202,0.9994349479675293,True
PUBLISHED_PRECOMPUTED_FEATURE_EVALUATION,FEATURE_SEARCH_ONLY,second_S2D.mat,183,203,1,11000,203,0.9993606805801392,True
PUBLISHED_PRECOMPUTED_FEATURE_EVALUATION,FEATURE_SEARCH_ONLY,second_S2D.mat,183,203,2,10998,203,0.9993422627449036,True
PUBLISHED_PRECOMPUTED_FEATURE_EVALUATION,FEATURE_SEARCH_ONLY,second_S2D.mat,183,203,3,11001,203,0.9993380904197693,True
PUBLISHED_PRECOMPUTED_FEATURE_EVALUATION,FEATURE_SEARCH_ONLY,second_S2D.mat,183,203,4,11008,203,0.999321460723877,True
PUBLISHED_PRECOMPUTED_FEATURE_EVALUATION,FEATURE_SEARCH_ONLY,second_S2D.mat,183,203,5,11009,203,0.9992987513542175,True
PUBLISHED_PRECOMPUTED_FEATURE_EVALUATION,FEATURE_SEARCH_ONLY,second_S2D.mat,183,203,6,10990,203,0.9992870092391968,True
PUBLISHED_PRECOMPUTED_FEATURE_EVALUATION,FEATURE_SEARCH_ONLY,second_S2D.mat,183,203,7,11003,203,0.9992813467979431,True
PUBLISHED_PRECOMPUTED_FEATURE_EVALUATION,FEATURE_SEARCH_ONLY,second_S2D.mat,183,203,8,11002,203,0.9992760419845581,True
PUBLISHED_PRECOMPUTED_FEATURE_EVALUATION,FEATURE_SEARCH_ONLY,second_S2D.mat,183,203,9,10982,203,0.9992756843566895,True
PUBLISHED_PRECOMPUTED_FEATURE_EVALUATION,FEATURE_SEARCH_ONLY,second_S2D.mat,183,203,10,10984,203,0.9992678165435791,True
PUBLISHED_PRECOMPUTED_FEATURE_EVALUATION,FEATURE_SEARCH_ONLY,second_S2D.mat,184,204,1,11052,204,0.9995325207710266,True
PUBLISHED_PRECOMPUTED_FEATURE_EVALUATION,FEATURE_SEARCH_ONLY,second_S2D.mat,184,204,2,11051,204,0.9994649887084961,True
PUBLISHED_PRECOMPUTED_FEATURE_EVALUATION,FEATURE_SEARCH_ONLY,second_S2D.mat,184,204,3,11055,204,0.9993797540664673,True
PUBLISHED_PRECOMPUTED_FEATURE_EVALUATION,FEATURE_SEARCH_ONLY,second_S2D.mat,184,204,4,11034,204,0.9993794560432434,True
PUBLISHED_PRECOMPUTED_FEATURE_EVALUATION,FEATURE_SEARCH_ONLY,second_S2D.mat,184,204,5,11039,204,0.9993714094161987,True
PUBLISHED_PRECOMPUTED_FEATURE_EVALUATION,FEATURE_SEARCH_ONLY,second_S2D.mat,184,204,6,11056,204,0.9993617534637451,True
PUBLISHED_PRECOMPUTED_FEATURE_EVALUATION,FEATURE_SEARCH_ONLY,second_S2D.mat,184,204,7,11053,204,0.9993547201156616,True
PUBLISHED_PRECOMPUTED_FEATURE_EVALUATION,FEATURE_SEARCH_ONLY,second_S2D.mat,184,204,8,11047,204,0.9993443489074707,True
PUBLISHED_PRECOMPUTED_FEATURE_EVALUATION,FEATURE_SEARCH_ONLY,second_S2D.mat,184,204,9,11038,204,0.9993369579315186,True
PUBLISHED_PRECOMPUTED_FEATURE_EVALUATION,FEATURE_SEARCH_ONLY,second_S2D.mat,184,204,10,11050,204,0.9993300437927246,True
PUBLISHED_PRECOMPUTED_FEATURE_EVALUATION,FEATURE_SEARCH_ONLY,second_S2D.mat,185,205,1,11105,205,0.9993241429328918,True
PUBLISHED_PRECOMPUTED_FEATURE_EVALUATION,FEATURE_SEARCH_ONLY,second_S2D.mat,185,205,2,11106,205,0.9992715120315552,True
PUBLISHED_PRECOMPUTED_FEATURE_EVALUATION,FEATURE_SEARCH_ONLY,second_S2D.mat,185,205,3,11093,205,0.9992508888244629,True
PUBLISHED_PRECOMPUTED_FEATURE_EVALUATION,FEATURE_SEARCH_ONLY,second_S2D.mat,185,205,4,11087,205,0.9992437958717346,True
PUBLISHED_PRECOMPUTED_FEATURE_EVALUATION,FEATURE_SEARCH_ONLY,second_S2D.mat,185,205,5,11110,205,0.9992176294326782,True
PUBLISHED_PRECOMPUTED_FEATURE_EVALUATION,FEATURE_SEARCH_ONLY,second_S2D.mat,185,205,6,11107,205,0.9992164969444275,True
PUBLISHED_PRECOMPUTED_FEATURE_EVALUATION,FEATURE_SEARCH_ONLY,second_S2D.mat,185,205,7,11109,205,0.9991983771324158,True
PUBLISHED_PRECOMPUTED_FEATURE_EVALUATION,FEATURE_SEARCH_ONLY,second_S2D.mat,185,205,8,11083,205,0.999189019203186,True
PUBLISHED_PRECOMPUTED_FEATURE_EVALUATION,FEATURE_SEARCH_ONLY,second_S2D.mat,185,205,9,11092,205,0.9991778135299683,True
PUBLISHED_PRECOMPUTED_FEATURE_EVALUATION,FEATURE_SEARCH_ONLY,second_S2D.mat,185,205,10,11101,205,0.9991755485534668,True
PUBLISHED_PRECOMPUTED_FEATURE_EVALUATION,FEATURE_SEARCH_ONLY,second_S2D.mat,186,208,1,11258,208,0.9995037317276001,True
PUBLISHED_PRECOMPUTED_FEATURE_EVALUATION,FEATURE_SEARCH_ONLY,second_S2D.mat,186,208,2,11269,208,0.9994592666625977,True
PUBLISHED_PRECOMPUTED_FEATURE_EVALUATION,FEATURE_SEARCH_ONLY,second_S2D.mat,186,208,3,11277,208,0.9994419813156128,True
PUBLISHED_PRECOMPUTED_FEATURE_EVALUATION,FEATURE_SEARCH_ONLY,second_S2D.mat,186,208,4,11259,208,0.9994269609451294,True
PUBLISHED_PRECOMPUTED_FEATURE_EVALUATION,FEATURE_SEARCH_ONLY,second_S2D.mat,186,208,5,11257,208,0.9994199872016907,True
PUBLISHED_PRECOMPUTED_FEATURE_EVALUATION,FEATURE_SEARCH_ONLY,second_S2D.mat,186,208,6,11276,208,0.9994087219238281,True
PUBLISHED_PRECOMPUTED_FEATURE_EVALUATION,FEATURE_SEARCH_ONLY,second_S2D.mat,186,208,7,11266,208,0.999396562576294,True
PUBLISHED_PRECOMPUTED_FEATURE_EVALUATION,FEATURE_SEARCH_ONLY,second_S2D.mat,186,208,8,11251,208,0.9993947744369507,True
PUBLISHED_PRECOMPUTED_FEATURE_EVALUATION,FEATURE_SEARCH_ONLY,second_S2D.mat,186,208,9,11267,208,0.9993821382522583,True
PUBLISHED_PRECOMPUTED_FEATURE_EVALUATION,FEATURE_SEARCH_ONLY,second_S2D.mat,186,208,10,11278,208,0.9993718266487122,True
PUBLISHED_PRECOMPUTED_FEATURE_EVALUATION,FEATURE_SEARCH_ONLY,second_S2D.mat,187,209,1,11312,209,0.9995352029800415,True
PUBLISHED_PRECOMPUTED_FEATURE_EVALUATION,FEATURE_SEARCH_ONLY,second_S2D.mat,187,209,2,11329,209,0.9995094537734985,True
PUBLISHED_PRECOMPUTED_FEATURE_EVALUATION,FEATURE_SEARCH_ONLY,second_S2D.mat,187,209,3,11331,209,0.9995080828666687,True
PUBLISHED_PRECOMPUTED_FEATURE_EVALUATION,FEATURE_SEARCH_ONLY,second_S2D.mat,187,209,4,11313,209,0.999482274055481,True
PUBLISHED_PRECOMPUTED_FEATURE_EVALUATION,FEATURE_SEARCH_ONLY,second_S2D.mat,187,209,5,11321,209,0.9994580149650574,True
PUBLISHED_PRECOMPUTED_FEATURE_EVALUATION,FEATURE_SEARCH_ONLY,second_S2D.mat,187,209,6,11330,209,0.9994409084320068,True
PUBLISHED_PRECOMPUTED_FEATURE_EVALUATION,FEATURE_SEARCH_ONLY,second_S2D.mat,187,209,7,11300,209,0.9994199275970459,True
PUBLISHED_PRECOMPUTED_FEATURE_EVALUATION,FEATURE_SEARCH_ONLY,second_S2D.mat,187,209,8,11318,209,0.9994140267372131,True
PUBLISHED_PRECOMPUTED_FEATURE_EVALUATION,FEATURE_SEARCH_ONLY,second_S2D.mat,187,209,9,11319,209,0.9994131326675415,True
PUBLISHED_PRECOMPUTED_FEATURE_EVALUATION,FEATURE_SEARCH_ONLY,second_S2D.mat,187,209,10,11322,209,0.9994121789932251,True
PUBLISHED_PRECOMPUTED_FEATURE_EVALUATION,FEATURE_SEARCH_ONLY,second_S2D.mat,188,210,1,11379,210,0.9996204376220703,True
PUBLISHED_PRECOMPUTED_FEATURE_EVALUATION,FEATURE_SEARCH_ONLY,second_S2D.mat,188,210,2,11372,210,0.9996011257171631,True
PUBLISHED_PRECOMPUTED_FEATURE_EVALUATION,FEATURE_SEARCH_ONLY,second_S2D.mat,188,210,3,11375,210,0.999568521976471,True
PUBLISHED_PRECOMPUTED_FEATURE_EVALUATION,FEATURE_SEARCH_ONLY,second_S2D.mat,188,210,4,11361,210,0.9995631575584412,True
PUBLISHED_PRECOMPUTED_FEATURE_EVALUATION,FEATURE_SEARCH_ONLY,second_S2D.mat,188,210,5,11373,210,0.9995571970939636,True
PUBLISHED_PRECOMPUTED_FEATURE_EVALUATION,FEATURE_SEARCH_ONLY,second_S2D.mat,188,210,6,11376,210,0.9995423555374146,True
PUBLISHED_PRECOMPUTED_FEATURE_EVALUATION,FEATURE_SEARCH_ONLY,second_S2D.mat,188,210,7,11354,210,0.9995290637016296,True
PUBLISHED_PRECOMPUTED_FEATURE_EVALUATION,FEATURE_SEARCH_ONLY,second_S2D.mat,188,210,8,11371,210,0.9995242357254028,True
PUBLISHED_PRECOMPUTED_FEATURE_EVALUATION,FEATURE_SEARCH_ONLY,second_S2D.mat,188,210,9,11353,210,0.9995162487030029,True
PUBLISHED_PRECOMPUTED_FEATURE_EVALUATION,FEATURE_SEARCH_ONLY,second_S2D.mat,188,210,10,11355,210,0.9994797706604004,True
PUBLISHED_PRECOMPUTED_FEATURE_EVALUATION,FEATURE_SEARCH_ONLY,second_S2D.mat,189,211,1,11434,211,0.9994986057281494,True
PUBLISHED_PRECOMPUTED_FEATURE_EVALUATION,FEATURE_SEARCH_ONLY,second_S2D.mat,189,211,2,11432,211,0.9994720816612244,True
PUBLISHED_PRECOMPUTED_FEATURE_EVALUATION,FEATURE_SEARCH_ONLY,second_S2D.mat,189,211,3,11433,211,0.9994679689407349,True
PUBLISHED_PRECOMPUTED_FEATURE_EVALUATION,FEATURE_SEARCH_ONLY,second_S2D.mat,189,211,4,11415,211,0.9994547367095947,True
PUBLISHED_PRECOMPUTED_FEATURE_EVALUATION,FEATURE_SEARCH_ONLY,second_S2D.mat,189,211,5,11430,211,0.99945467710495,True
PUBLISHED_PRECOMPUTED_FEATURE_EVALUATION,FEATURE_SEARCH_ONLY,second_S2D.mat,189,211,6,11431,211,0.9994535446166992,True
PUBLISHED_PRECOMPUTED_FEATURE_EVALUATION,FEATURE_SEARCH_ONLY,second_S2D.mat,189,211,7,11425,211,0.9994266629219055,True
PUBLISHED_PRECOMPUTED_FEATURE_EVALUATION,FEATURE_SEARCH_ONLY,second_S2D.mat,189,211,8,11416,211,0.9994222521781921,True
PUBLISHED_PRECOMPUTED_FEATURE_EVALUATION,FEATURE_SEARCH_ONLY,second_S2D.mat,189,211,9,11429,211,0.9994103312492371,True
PUBLISHED_PRECOMPUTED_FEATURE_EVALUATION,FEATURE_SEARCH_ONLY,second_S2D.mat,189,211,10,11414,211,0.9993925094604492,True
PUBLISHED_PRECOMPUTED_FEATURE_EVALUATION,FEATURE_SEARCH_ONLY,second_S2D.mat,190,212,1,11483,212,0.9995419383049011,True
PUBLISHED_PRECOMPUTED_FEATURE_EVALUATION,FEATURE_SEARCH_ONLY,second_S2D.mat,190,212,2,11482,212,0.9995188117027283,True
PUBLISHED_PRECOMPUTED_FEATURE_EVALUATION,FEATURE_SEARCH_ONLY,second_S2D.mat,190,212,3,11469,212,0.9994982481002808,True
PUBLISHED_PRECOMPUTED_FEATURE_EVALUATION,FEATURE_SEARCH_ONLY,second_S2D.mat,190,212,4,11464,212,0.9994916915893555,True
PUBLISHED_PRECOMPUTED_FEATURE_EVALUATION,FEATURE_SEARCH_ONLY,second_S2D.mat,190,212,5,11470,212,0.9994677901268005,True
PUBLISHED_PRECOMPUTED_FEATURE_EVALUATION,FEATURE_SEARCH_ONLY,second_S2D.mat,190,212,6,11485,212,0.9994649887084961,True
PUBLISHED_PRECOMPUTED_FEATURE_EVALUATION,FEATURE_SEARCH_ONLY,second_S2D.mat,190,212,7,11465,212,0.9994637966156006,True
PUBLISHED_PRECOMPUTED_FEATURE_EVALUATION,FEATURE_SEARCH_ONLY,second_S2D.mat,190,212,8,11487,212,0.9994385838508606,True
PUBLISHED_PRECOMPUTED_FEATURE_EVALUATION,FEATURE_SEARCH_ONLY,second_S2D.mat,190,212,9,11486,212,0.9994350671768188,True
PUBLISHED_PRECOMPUTED_FEATURE_EVALUATION,FEATURE_SEARCH_ONLY,second_S2D.mat,190,212,10,11463,212,0.9994306564331055,True
PUBLISHED_PRECOMPUTED_FEATURE_EVALUATION,FEATURE_SEARCH_ONLY,second_S2D.mat,191,213,1,11520,213,0.9994826316833496,True
PUBLISHED_PRECOMPUTED_FEATURE_EVALUATION,FEATURE_SEARCH_ONLY,second_S2D.mat,191,213,2,11537,213,0.9994582533836365,True
PUBLISHED_PRECOMPUTED_FEATURE_EVALUATION,FEATURE_SEARCH_ONLY,second_S2D.mat,191,213,3,11536,213,0.9994543790817261,True
PUBLISHED_PRECOMPUTED_FEATURE_EVALUATION,FEATURE_SEARCH_ONLY,second_S2D.mat,191,213,4,11519,213,0.999454140663147,True
PUBLISHED_PRECOMPUTED_FEATURE_EVALUATION,FEATURE_SEARCH_ONLY,second_S2D.mat,191,213,5,11534,213,0.999401330947876,True
PUBLISHED_PRECOMPUTED_FEATURE_EVALUATION,FEATURE_SEARCH_ONLY,second_S2D.mat,191,213,6,11538,213,0.9993864893913269,True
PUBLISHED_PRECOMPUTED_FEATURE_EVALUATION,FEATURE_SEARCH_ONLY,second_S2D.mat,191,213,7,11535,213,0.9993845224380493,True
PUBLISHED_PRECOMPUTED_FEATURE_EVALUATION,FEATURE_SEARCH_ONLY,second_S2D.mat,191,213,8,11542,213,0.9993687868118286,True
PUBLISHED_PRECOMPUTED_FEATURE_EVALUATION,FEATURE_SEARCH_ONLY,second_S2D.mat,191,213,9,11524,213,0.9993630647659302,True
PUBLISHED_PRECOMPUTED_FEATURE_EVALUATION,FEATURE_SEARCH_ONLY,second_S2D.mat,191,213,10,11518,213,0.9993545413017273,True
PUBLISHED_PRECOMPUTED_FEATURE_EVALUATION,FEATURE_SEARCH_ONLY,second_S2D.mat,192,215,1,11645,215,0.9996289014816284,True
PUBLISHED_PRECOMPUTED_FEATURE_EVALUATION,FEATURE_SEARCH_ONLY,second_S2D.mat,192,215,2,11644,215,0.9996167421340942,True
PUBLISHED_PRECOMPUTED_FEATURE_EVALUATION,FEATURE_SEARCH_ONLY,second_S2D.mat,192,215,3,11646,215,0.9996144771575928,True
PUBLISHED_PRECOMPUTED_FEATURE_EVALUATION,FEATURE_SEARCH_ONLY,second_S2D.mat,192,215,4,11627,215,0.9995273351669312,True
PUBLISHED_PRECOMPUTED_FEATURE_EVALUATION,FEATURE_SEARCH_ONLY,second_S2D.mat,192,215,5,11628,215,0.9995139241218567,True
PUBLISHED_PRECOMPUTED_FEATURE_EVALUATION,FEATURE_SEARCH_ONLY,second_S2D.mat,192,215,6,11647,215,0.9995007514953613,True
PUBLISHED_PRECOMPUTED_FEATURE_EVALUATION,FEATURE_SEARCH_ONLY,second_S2D.mat,192,215,7,11643,215,0.9994953870773315,True
PUBLISHED_PRECOMPUTED_FEATURE_EVALUATION,FEATURE_SEARCH_ONLY,second_S2D.mat,192,215,8,11641,215,0.9994938373565674,True
PUBLISHED_PRECOMPUTED_FEATURE_EVALUATION,FEATURE_SEARCH_ONLY,second_S2D.mat,192,215,9,11642,215,0.9994907379150391,True
PUBLISHED_PRECOMPUTED_FEATURE_EVALUATION,FEATURE_SEARCH_ONLY,second_S2D.mat,192,215,10,11656,215,0.99949049949646,True
PUBLISHED_PRECOMPUTED_FEATURE_EVALUATION,FEATURE_SEARCH_ONLY,second_S2D.mat,193,216,1,11701,216,0.9994778037071228,True
PUBLISHED_PRECOMPUTED_FEATURE_EVALUATION,FEATURE_SEARCH_ONLY,second_S2D.mat,193,216,2,11699,216,0.9994490742683411,True
PUBLISHED_PRECOMPUTED_FEATURE_EVALUATION,FEATURE_SEARCH_ONLY,second_S2D.mat,193,216,3,11698,216,0.999447226524353,True
PUBLISHED_PRECOMPUTED_FEATURE_EVALUATION,FEATURE_SEARCH_ONLY,second_S2D.mat,193,216,4,11706,216,0.9994392395019531,True
PUBLISHED_PRECOMPUTED_FEATURE_EVALUATION,FEATURE_SEARCH_ONLY,second_S2D.mat,193,216,5,11703,216,0.999421238899231,True
PUBLISHED_PRECOMPUTED_FEATURE_EVALUATION,FEATURE_SEARCH_ONLY,second_S2D.mat,193,216,6,11691,216,0.9994103312492371,True
PUBLISHED_PRECOMPUTED_FEATURE_EVALUATION,FEATURE_SEARCH_ONLY,second_S2D.mat,193,216,7,11707,216,0.9994088411331177,True
PUBLISHED_PRECOMPUTED_FEATURE_EVALUATION,FEATURE_SEARCH_ONLY,second_S2D.mat,193,216,8,11690,216,0.9994024038314819,True
PUBLISHED_PRECOMPUTED_FEATURE_EVALUATION,FEATURE_SEARCH_ONLY,second_S2D.mat,193,216,9,11705,216,0.9993957877159119,True
PUBLISHED_PRECOMPUTED_FEATURE_EVALUATION,FEATURE_SEARCH_ONLY,second_S2D.mat,193,216,10,11700,216,0.9993908405303955,True
PUBLISHED_PRECOMPUTED_FEATURE_EVALUATION,FEATURE_SEARCH_ONLY,second_S2D.mat,194,217,1,11749,217,0.9995327591896057,True
PUBLISHED_PRECOMPUTED_FEATURE_EVALUATION,FEATURE_SEARCH_ONLY,second_S2D.mat,194,217,2,11750,217,0.9995275735855103,True
PUBLISHED_PRECOMPUTED_FEATURE_EVALUATION,FEATURE_SEARCH_ONLY,second_S2D.mat,194,217,3,11758,217,0.999510645866394,True
PUBLISHED_PRECOMPUTED_FEATURE_EVALUATION,FEATURE_SEARCH_ONLY,second_S2D.mat,194,217,4,11744,217,0.9995087385177612,True
PUBLISHED_PRECOMPUTED_FEATURE_EVALUATION,FEATURE_SEARCH_ONLY,second_S2D.mat,194,217,5,11741,217,0.9995083212852478,True
PUBLISHED_PRECOMPUTED_FEATURE_EVALUATION,FEATURE_SEARCH_ONLY,second_S2D.mat,194,217,6,11761,217,0.9995079040527344,True
PUBLISHED_PRECOMPUTED_FEATURE_EVALUATION,FEATURE_SEARCH_ONLY,second_S2D.mat,194,217,7,11767,217,0.999504029750824,True
PUBLISHED_PRECOMPUTED_FEATURE_EVALUATION,FEATURE_SEARCH_ONLY,second_S2D.mat,194,217,8,11759,217,0.9994997382164001,True
PUBLISHED_PRECOMPUTED_FEATURE_EVALUATION,FEATURE_SEARCH_ONLY,second_S2D.mat,194,217,9,11740,217,0.9994991421699524,True
PUBLISHED_PRECOMPUTED_FEATURE_EVALUATION,FEATURE_SEARCH_ONLY,second_S2D.mat,194,217,10,11743,217,0.9994953870773315,True
PUBLISHED_PRECOMPUTED_FEATURE_EVALUATION,FEATURE_SEARCH_ONLY,second_S2D.mat,195,218,1,11811,218,0.9994661211967468,True
PUBLISHED_PRECOMPUTED_FEATURE_EVALUATION,FEATURE_SEARCH_ONLY,second_S2D.mat,195,218,2,11822,218,0.9994253516197205,True
PUBLISHED_PRECOMPUTED_FEATURE_EVALUATION,FEATURE_SEARCH_ONLY,second_S2D.mat,195,218,3,11805,218,0.9994038939476013,True
PUBLISHED_PRECOMPUTED_FEATURE_EVALUATION,FEATURE_SEARCH_ONLY,second_S2D.mat,195,218,4,11812,218,0.9993735551834106,True
PUBLISHED_PRECOMPUTED_FEATURE_EVALUATION,FEATURE_SEARCH_ONLY,second_S2D.mat,195,218,5,11804,218,0.9993561506271362,True
PUBLISHED_PRECOMPUTED_FEATURE_EVALUATION,FEATURE_SEARCH_ONLY,second_S2D.mat,195,218,6,11823,218,0.9993505477905273,True
PUBLISHED_PRECOMPUTED_FEATURE_EVALUATION,FEATURE_SEARCH_ONLY,second_S2D.mat,195,218,7,11807,218,0.9992742538452148,True
PUBLISHED_PRECOMPUTED_FEATURE_EVALUATION,FEATURE_SEARCH_ONLY,second_S2D.mat,195,218,8,11821,218,0.9992355108261108,True
PUBLISHED_PRECOMPUTED_FEATURE_EVALUATION,FEATURE_SEARCH_ONLY,second_S2D.mat,195,218,9,11810,218,0.999221682548523,True
PUBLISHED_PRECOMPUTED_FEATURE_EVALUATION,FEATURE_SEARCH_ONLY,second_S2D.mat,195,218,10,11803,218,0.9992164969444275,True
PUBLISHED_PRECOMPUTED_FEATURE_EVALUATION,FEATURE_SEARCH_ONLY,second_S2D.mat,196,219,1,11862,219,0.9994902610778809,True
PUBLISHED_PRECOMPUTED_FEATURE_EVALUATION,FEATURE_SEARCH_ONLY,second_S2D.mat,196,219,2,11864,219,0.999488890171051,True
PUBLISHED_PRECOMPUTED_FEATURE_EVALUATION,FEATURE_SEARCH_ONLY,second_S2D.mat,196,219,3,11865,219,0.9994795322418213,True
PUBLISHED_PRECOMPUTED_FEATURE_EVALUATION,FEATURE_SEARCH_ONLY,second_S2D.mat,196,219,4,11863,219,0.9994791746139526,True
PUBLISHED_PRECOMPUTED_FEATURE_EVALUATION,FEATURE_SEARCH_ONLY,second_S2D.mat,196,219,5,11861,219,0.9994063377380371,True
PUBLISHED_PRECOMPUTED_FEATURE_EVALUATION,FEATURE_SEARCH_ONLY,second_S2D.mat,196,219,6,11859,219,0.9993968605995178,True
PUBLISHED_PRECOMPUTED_FEATURE_EVALUATION,FEATURE_SEARCH_ONLY,second_S2D.mat,196,219,7,11860,219,0.9993893504142761,True
PUBLISHED_PRECOMPUTED_FEATURE_EVALUATION,FEATURE_SEARCH_ONLY,second_S2D.mat,196,219,8,11878,219,0.9993807077407837,True
PUBLISHED_PRECOMPUTED_FEATURE_EVALUATION,FEATURE_SEARCH_ONLY,second_S2D.mat,196,219,9,11845,219,0.999372124671936,True
PUBLISHED_PRECOMPUTED_FEATURE_EVALUATION,FEATURE_SEARCH_ONLY,second_S2D.mat,196,219,10,11847,219,0.9993340969085693,True
PUBLISHED_PRECOMPUTED_FEATURE_EVALUATION,FEATURE_SEARCH_ONLY,second_S2D.mat,197,220,1,11919,220,0.9991593360900879,True
PUBLISHED_PRECOMPUTED_FEATURE_EVALUATION,FEATURE_SEARCH_ONLY,second_S2D.mat,197,220,2,11916,220,0.9991436004638672,True
PUBLISHED_PRECOMPUTED_FEATURE_EVALUATION,FEATURE_SEARCH_ONLY,second_S2D.mat,197,220,3,11918,220,0.9990482330322266,True
PUBLISHED_PRECOMPUTED_FEATURE_EVALUATION,FEATURE_SEARCH_ONLY,second_S2D.mat,197,220,4,11917,220,0.9990119934082031,True
PUBLISHED_PRECOMPUTED_FEATURE_EVALUATION,FEATURE_SEARCH_ONLY,second_S2D.mat,197,220,5,11901,220,0.998991072177887,True
PUBLISHED_PRECOMPUTED_FEATURE_EVALUATION,FEATURE_SEARCH_ONLY,second_S2D.mat,197,220,6,11915,220,0.998945951461792,True
PUBLISHED_PRECOMPUTED_FEATURE_EVALUATION,FEATURE_SEARCH_ONLY,second_S2D.mat,197,220,7,11900,220,0.9988936185836792,True
PUBLISHED_PRECOMPUTED_FEATURE_EVALUATION,FEATURE_SEARCH_ONLY,second_S2D.mat,197,220,8,11899,220,0.9988934993743896,True
PUBLISHED_PRECOMPUTED_FEATURE_EVALUATION,FEATURE_SEARCH_ONLY,second_S2D.mat,197,220,9,11920,220,0.9988743662834167,True
PUBLISHED_PRECOMPUTED_FEATURE_EVALUATION,FEATURE_SEARCH_ONLY,second_S2D.mat,197,220,10,11914,220,0.9988174438476562,True
PUBLISHED_PRECOMPUTED_FEATURE_EVALUATION,FEATURE_SEARCH_ONLY,second_S2D.mat,198,221,1,11974,221,0.9990429878234863,True
PUBLISHED_PRECOMPUTED_FEATURE_EVALUATION,FEATURE_SEARCH_ONLY,second_S2D.mat,198,221,2,11971,221,0.9989953637123108,True
PUBLISHED_PRECOMPUTED_FEATURE_EVALUATION,FEATURE_SEARCH_ONLY,second_S2D.mat,198,221,3,11973,221,0.9989683628082275,True
PUBLISHED_PRECOMPUTED_FEATURE_EVALUATION,FEATURE_SEARCH_ONLY,second_S2D.mat,198,221,4,11953,221,0.998968243598938,True
PUBLISHED_PRECOMPUTED_FEATURE_EVALUATION,FEATURE_SEARCH_ONLY,second_S2D.mat,198,221,5,11972,221,0.9989358186721802,True
PUBLISHED_PRECOMPUTED_FEATURE_EVALUATION,FEATURE_SEARCH_ONLY,second_S2D.mat,198,221,6,11954,221,0.9989291429519653,True
PUBLISHED_PRECOMPUTED_FEATURE_EVALUATION,FEATURE_SEARCH_ONLY,second_S2D.mat,198,221,7,11975,221,0.998890221118927,True
PUBLISHED_PRECOMPUTED_FEATURE_EVALUATION,FEATURE_SEARCH_ONLY,second_S2D.mat,198,221,8,11916,220,0.9988625049591064,False
PUBLISHED_PRECOMPUTED_FEATURE_EVALUATION,FEATURE_SEARCH_ONLY,second_S2D.mat,198,221,9,11957,221,0.9988358616828918,True
PUBLISHED_PRECOMPUTED_FEATURE_EVALUATION,FEATURE_SEARCH_ONLY,second_S2D.mat,198,221,10,11970,221,0.9988000988960266,True
PUBLISHED_PRECOMPUTED_FEATURE_EVALUATION,FEATURE_SEARCH_ONLY,second_S2D.mat,199,222,1,12025,222,0.9996355175971985,True
PUBLISHED_PRECOMPUTED_FEATURE_EVALUATION,FEATURE_SEARCH_ONLY,second_S2D.mat,199,222,2,12024,222,0.999627947807312,True
PUBLISHED_PRECOMPUTED_FEATURE_EVALUATION,FEATURE_SEARCH_ONLY,second_S2D.mat,199,222,3,12023,222,0.9996083974838257,True
PUBLISHED_PRECOMPUTED_FEATURE_EVALUATION,FEATURE_SEARCH_ONLY,second_S2D.mat,199,222,4,12007,222,0.999603807926178,True
PUBLISHED_PRECOMPUTED_FEATURE_EVALUATION,FEATURE_SEARCH_ONLY,second_S2D.mat,199,222,5,12026,222,0.9995986223220825,True
PUBLISHED_PRECOMPUTED_FEATURE_EVALUATION,FEATURE_SEARCH_ONLY,second_S2D.mat,199,222,6,12014,222,0.9995964765548706,True
PUBLISHED_PRECOMPUTED_FEATURE_EVALUATION,FEATURE_SEARCH_ONLY,second_S2D.mat,199,222,7,12029,222,0.9995747804641724,True
PUBLISHED_PRECOMPUTED_FEATURE_EVALUATION,FEATURE_SEARCH_ONLY,second_S2D.mat,199,222,8,12022,222,0.9995744228363037,True
PUBLISHED_PRECOMPUTED_FEATURE_EVALUATION,FEATURE_SEARCH_ONLY,second_S2D.mat,199,222,9,12015,222,0.9995700120925903,True
PUBLISHED_PRECOMPUTED_FEATURE_EVALUATION,FEATURE_SEARCH_ONLY,second_S2D.mat,199,222,10,12033,222,0.9995448589324951,True
PUBLISHED_PRECOMPUTED_FEATURE_EVALUATION,FEATURE_SEARCH_ONLY,second_S2D.mat,200,223,1,12069,223,0.9996213912963867,True
PUBLISHED_PRECOMPUTED_FEATURE_EVALUATION,FEATURE_SEARCH_ONLY,second_S2D.mat,200,223,2,12087,223,0.999457836151123,True
PUBLISHED_PRECOMPUTED_FEATURE_EVALUATION,FEATURE_SEARCH_ONLY,second_S2D.mat,200,223,3,12078,223,0.9994385838508606,True
PUBLISHED_PRECOMPUTED_FEATURE_EVALUATION,FEATURE_SEARCH_ONLY,second_S2D.mat,200,223,4,12068,223,0.9994274973869324,True
PUBLISHED_PRECOMPUTED_FEATURE_EVALUATION,FEATURE_SEARCH_ONLY,second_S2D.mat,200,223,5,12060,223,0.9994260668754578,True
PUBLISHED_PRECOMPUTED_FEATURE_EVALUATION,FEATURE_SEARCH_ONLY,second_S2D.mat,200,223,6,12088,223,0.9994242191314697,True
PUBLISHED_PRECOMPUTED_FEATURE_EVALUATION,FEATURE_SEARCH_ONLY,second_S2D.mat,200,223,7,12086,223,0.9994158744812012,True
PUBLISHED_PRECOMPUTED_FEATURE_EVALUATION,FEATURE_SEARCH_ONLY,second_S2D.mat,200,223,8,12051,223,0.999406635761261,True
PUBLISHED_PRECOMPUTED_FEATURE_EVALUATION,FEATURE_SEARCH_ONLY,second_S2D.mat,200,223,9,12070,223,0.999392032623291,True
PUBLISHED_PRECOMPUTED_FEATURE_EVALUATION,FEATURE_SEARCH_ONLY,second_S2D.mat,200,223,10,12089,223,0.999381422996521,True
PUBLISHED_PRECOMPUTED_FEATURE_EVALUATION,FEATURE_SEARCH_ONLY,second_S2D.mat,201,225,1,12184,225,0.9994596838951111,True
PUBLISHED_PRECOMPUTED_FEATURE_EVALUATION,FEATURE_SEARCH_ONLY,second_S2D.mat,201,225,2,12185,225,0.9994305372238159,True
PUBLISHED_PRECOMPUTED_FEATURE_EVALUATION,FEATURE_SEARCH_ONLY,second_S2D.mat,201,225,3,12186,225,0.9993728995323181,True
PUBLISHED_PRECOMPUTED_FEATURE_EVALUATION,FEATURE_SEARCH_ONLY,second_S2D.mat,201,225,4,12187,225,0.9993412494659424,True
PUBLISHED_PRECOMPUTED_FEATURE_EVALUATION,FEATURE_SEARCH_ONLY,second_S2D.mat,201,225,5,12168,225,0.9993408918380737,True
PUBLISHED_PRECOMPUTED_FEATURE_EVALUATION,FEATURE_SEARCH_ONLY,second_S2D.mat,201,225,6,12167,225,0.9993042945861816,True
PUBLISHED_PRECOMPUTED_FEATURE_EVALUATION,FEATURE_SEARCH_ONLY,second_S2D.mat,201,225,7,12181,225,0.999298095703125,True
PUBLISHED_PRECOMPUTED_FEATURE_EVALUATION,FEATURE_SEARCH_ONLY,second_S2D.mat,201,225,8,12183,225,0.9992926120758057,True
PUBLISHED_PRECOMPUTED_FEATURE_EVALUATION,FEATURE_SEARCH_ONLY,second_S2D.mat,201,225,9,12166,225,0.9992679357528687,True
PUBLISHED_PRECOMPUTED_FEATURE_EVALUATION,FEATURE_SEARCH_ONLY,second_S2D.mat,201,225,10,12169,225,0.9992642402648926,True
PUBLISHED_PRECOMPUTED_FEATURE_EVALUATION,FEATURE_SEARCH_ONLY,second_S2D.mat,202,226,1,12242,226,0.9995369911193848,True
PUBLISHED_PRECOMPUTED_FEATURE_EVALUATION,FEATURE_SEARCH_ONLY,second_S2D.mat,202,226,2,12243,226,0.9995293617248535,True
PUBLISHED_PRECOMPUTED_FEATURE_EVALUATION,FEATURE_SEARCH_ONLY,second_S2D.mat,202,226,3,12241,226,0.9995158910751343,True
PUBLISHED_PRECOMPUTED_FEATURE_EVALUATION,FEATURE_SEARCH_ONLY,second_S2D.mat,202,226,4,12244,226,0.9995090961456299,True
PUBLISHED_PRECOMPUTED_FEATURE_EVALUATION,FEATURE_SEARCH_ONLY,second_S2D.mat,202,226,5,12253,226,0.9994510412216187,True
PUBLISHED_PRECOMPUTED_FEATURE_EVALUATION,FEATURE_SEARCH_ONLY,second_S2D.mat,202,226,6,12245,226,0.9994478225708008,True
PUBLISHED_PRECOMPUTED_FEATURE_EVALUATION,FEATURE_SEARCH_ONLY,second_S2D.mat,202,226,7,12236,226,0.9994322061538696,True
PUBLISHED_PRECOMPUTED_FEATURE_EVALUATION,FEATURE_SEARCH_ONLY,second_S2D.mat,202,226,8,12225,226,0.999431312084198,True
PUBLISHED_PRECOMPUTED_FEATURE_EVALUATION,FEATURE_SEARCH_ONLY,second_S2D.mat,202,226,9,12224,226,0.9994305968284607,True
PUBLISHED_PRECOMPUTED_FEATURE_EVALUATION,FEATURE_SEARCH_ONLY,second_S2D.mat,202,226,10,12234,226,0.999422013759613,True
PUBLISHED_PRECOMPUTED_FEATURE_EVALUATION,FEATURE_SEARCH_ONLY,second_S2D.mat,203,227,1,12293,227,0.9994534254074097,True
PUBLISHED_PRECOMPUTED_FEATURE_EVALUATION,FEATURE_SEARCH_ONLY,second_S2D.mat,203,227,2,12294,227,0.9994120001792908,True
PUBLISHED_PRECOMPUTED_FEATURE_EVALUATION,FEATURE_SEARCH_ONLY,second_S2D.mat,203,227,3,12276,227,0.9994076490402222,True
PUBLISHED_PRECOMPUTED_FEATURE_EVALUATION,FEATURE_SEARCH_ONLY,second_S2D.mat,203,227,4,12296,227,0.999367892742157,True
PUBLISHED_PRECOMPUTED_FEATURE_EVALUATION,FEATURE_SEARCH_ONLY,second_S2D.mat,203,227,5,12295,227,0.9993637800216675,True
PUBLISHED_PRECOMPUTED_FEATURE_EVALUATION,FEATURE_SEARCH_ONLY,second_S2D.mat,203,227,6,12275,227,0.9993338584899902,True
PUBLISHED_PRECOMPUTED_FEATURE_EVALUATION,FEATURE_SEARCH_ONLY,second_S2D.mat,203,227,7,12292,227,0.9993139505386353,True
PUBLISHED_PRECOMPUTED_FEATURE_EVALUATION,FEATURE_SEARCH_ONLY,second_S2D.mat,203,227,8,12284,227,0.9992895126342773,True
PUBLISHED_PRECOMPUTED_FEATURE_EVALUATION,FEATURE_SEARCH_ONLY,second_S2D.mat,203,227,9,12297,227,0.9992769956588745,True
PUBLISHED_PRECOMPUTED_FEATURE_EVALUATION,FEATURE_SEARCH_ONLY,second_S2D.mat,203,227,10,12303,227,0.9992722868919373,True
PUBLISHED_PRECOMPUTED_FEATURE_EVALUATION,FEATURE_SEARCH_ONLY,second_S2D.mat,204,228,1,12351,228,0.9994531869888306,True
PUBLISHED_PRECOMPUTED_FEATURE_EVALUATION,FEATURE_SEARCH_ONLY,second_S2D.mat,204,228,2,12347,228,0.9994433522224426,True
PUBLISHED_PRECOMPUTED_FEATURE_EVALUATION,FEATURE_SEARCH_ONLY,second_S2D.mat,204,228,3,12348,228,0.9994244575500488,True
PUBLISHED_PRECOMPUTED_FEATURE_EVALUATION,FEATURE_SEARCH_ONLY,second_S2D.mat,204,228,4,12338,228,0.9994196891784668,True
PUBLISHED_PRECOMPUTED_FEATURE_EVALUATION,FEATURE_SEARCH_ONLY,second_S2D.mat,204,228,5,12352,228,0.9994099736213684,True
PUBLISHED_PRECOMPUTED_FEATURE_EVALUATION,FEATURE_SEARCH_ONLY,second_S2D.mat,204,228,6,12365,228,0.999406099319458,True
PUBLISHED_PRECOMPUTED_FEATURE_EVALUATION,FEATURE_SEARCH_ONLY,second_S2D.mat,204,228,7,12354,228,0.9993871450424194,True
PUBLISHED_PRECOMPUTED_FEATURE_EVALUATION,FEATURE_SEARCH_ONLY,second_S2D.mat,204,228,8,12362,228,0.9993810653686523,True
PUBLISHED_PRECOMPUTED_FEATURE_EVALUATION,FEATURE_SEARCH_ONLY,second_S2D.mat,204,228,9,12350,228,0.9993648529052734,True
PUBLISHED_PRECOMPUTED_FEATURE_EVALUATION,FEATURE_SEARCH_ONLY,second_S2D.mat,204,228,10,12363,228,0.9993645548820496,True
PUBLISHED_PRECOMPUTED_FEATURE_EVALUATION,FEATURE_SEARCH_ONLY,second_S2D.mat,205,229,1,12405,229,0.9995192885398865,True
PUBLISHED_PRECOMPUTED_FEATURE_EVALUATION,FEATURE_SEARCH_ONLY,second_S2D.mat,205,229,2,12404,229,0.999515950679779,True
PUBLISHED_PRECOMPUTED_FEATURE_EVALUATION,FEATURE_SEARCH_ONLY,second_S2D.mat,205,229,3,12403,229,0.9995080828666687,True
PUBLISHED_PRECOMPUTED_FEATURE_EVALUATION,FEATURE_SEARCH_ONLY,second_S2D.mat,205,229,4,12402,229,0.9994970560073853,True
PUBLISHED_PRECOMPUTED_FEATURE_EVALUATION,FEATURE_SEARCH_ONLY,second_S2D.mat,205,229,5,12385,229,0.9993948340415955,True
PUBLISHED_PRECOMPUTED_FEATURE_EVALUATION,FEATURE_SEARCH_ONLY,second_S2D.mat,205,229,6,12384,229,0.9993584156036377,True
PUBLISHED_PRECOMPUTED_FEATURE_EVALUATION,FEATURE_SEARCH_ONLY,second_S2D.mat,205,229,7,12410,229,0.9993181228637695,True
PUBLISHED_PRECOMPUTED_FEATURE_EVALUATION,FEATURE_SEARCH_ONLY,second_S2D.mat,205,229,8,12406,229,0.9993070363998413,True
PUBLISHED_PRECOMPUTED_FEATURE_EVALUATION,FEATURE_SEARCH_ONLY,second_S2D.mat,205,229,9,12392,229,0.9993025660514832,True
PUBLISHED_PRECOMPUTED_FEATURE_EVALUATION,FEATURE_SEARCH_ONLY,second_S2D.mat,205,229,10,12411,229,0.9992807507514954,True
PUBLISHED_PRECOMPUTED_FEATURE_EVALUATION,FEATURE_SEARCH_ONLY,second_S2D.mat,206,231,1,12509,231,0.999455451965332,True
PUBLISHED_PRECOMPUTED_FEATURE_EVALUATION,FEATURE_SEARCH_ONLY,second_S2D.mat,206,231,2,12510,231,0.9994481801986694,True
PUBLISHED_PRECOMPUTED_FEATURE_EVALUATION,FEATURE_SEARCH_ONLY,second_S2D.mat,206,231,3,12492,231,0.9994222521781921,True
PUBLISHED_PRECOMPUTED_FEATURE_EVALUATION,FEATURE_SEARCH_ONLY,second_S2D.mat,206,231,4,12491,231,0.9993703365325928,True
PUBLISHED_PRECOMPUTED_FEATURE_EVALUATION,FEATURE_SEARCH_ONLY,second_S2D.mat,206,231,5,12511,231,0.9993339776992798,True
PUBLISHED_PRECOMPUTED_FEATURE_EVALUATION,FEATURE_SEARCH_ONLY,second_S2D.mat,206,231,6,12507,231,0.9993270635604858,True
PUBLISHED_PRECOMPUTED_FEATURE_EVALUATION,FEATURE_SEARCH_ONLY,second_S2D.mat,206,231,7,12508,231,0.9993250370025635,True
PUBLISHED_PRECOMPUTED_FEATURE_EVALUATION,FEATURE_SEARCH_ONLY,second_S2D.mat,206,231,8,12490,231,0.9993220567703247,True
PUBLISHED_PRECOMPUTED_FEATURE_EVALUATION,FEATURE_SEARCH_ONLY,second_S2D.mat,206,231,9,12493,231,0.999312698841095,True
PUBLISHED_PRECOMPUTED_FEATURE_EVALUATION,FEATURE_SEARCH_ONLY,second_S2D.mat,206,231,10,12527,231,0.9993001222610474,True
PUBLISHED_PRECOMPUTED_FEATURE_EVALUATION,FEATURE_SEARCH_ONLY,second_S2D.mat,207,232,1,12560,232,0.9995750188827515,True
PUBLISHED_PRECOMPUTED_FEATURE_EVALUATION,FEATURE_SEARCH_ONLY,second_S2D.mat,207,232,2,11371,210,0.9995564222335815,False
PUBLISHED_PRECOMPUTED_FEATURE_EVALUATION,FEATURE_SEARCH_ONLY,second_S2D.mat,207,232,3,12563,232,0.9995472431182861,True
PUBLISHED_PRECOMPUTED_FEATURE_EVALUATION,FEATURE_SEARCH_ONLY,second_S2D.mat,207,232,4,12561,232,0.9995399713516235,True
PUBLISHED_PRECOMPUTED_FEATURE_EVALUATION,FEATURE_SEARCH_ONLY,second_S2D.mat,207,232,5,12572,232,0.9995337724685669,True
PUBLISHED_PRECOMPUTED_FEATURE_EVALUATION,FEATURE_SEARCH_ONLY,second_S2D.mat,207,232,6,12559,232,0.9995208978652954,True
PUBLISHED_PRECOMPUTED_FEATURE_EVALUATION,FEATURE_SEARCH_ONLY,second_S2D.mat,207,232,7,12558,232,0.9995172023773193,True
PUBLISHED_PRECOMPUTED_FEATURE_EVALUATION,FEATURE_SEARCH_ONLY,second_S2D.mat,207,232,8,12562,232,0.9995072484016418,True
PUBLISHED_PRECOMPUTED_FEATURE_EVALUATION,FEATURE_SEARCH_ONLY,second_S2D.mat,207,232,9,12564,232,0.9994919896125793,True
PUBLISHED_PRECOMPUTED_FEATURE_EVALUATION,FEATURE_SEARCH_ONLY,second_S2D.mat,207,232,10,11372,210,0.999488353729248,False
PUBLISHED_PRECOMPUTED_FEATURE_EVALUATION,FEATURE_SEARCH_ONLY,second_S2D.mat,208,233,1,12625,233,0.9996488690376282,True
PUBLISHED_PRECOMPUTED_FEATURE_EVALUATION,FEATURE_SEARCH_ONLY,second_S2D.mat,208,233,2,12626,233,0.9996320009231567,True
PUBLISHED_PRECOMPUTED_FEATURE_EVALUATION,FEATURE_SEARCH_ONLY,second_S2D.mat,208,233,3,12607,233,0.9996232390403748,True
PUBLISHED_PRECOMPUTED_FEATURE_EVALUATION,FEATURE_SEARCH_ONLY,second_S2D.mat,208,233,4,12608,233,0.9995496869087219,True
PUBLISHED_PRECOMPUTED_FEATURE_EVALUATION,FEATURE_SEARCH_ONLY,second_S2D.mat,208,233,5,12624,233,0.9995314478874207,True
PUBLISHED_PRECOMPUTED_FEATURE_EVALUATION,FEATURE_SEARCH_ONLY,second_S2D.mat,208,233,6,12606,233,0.9995207786560059,True
PUBLISHED_PRECOMPUTED_FEATURE_EVALUATION,FEATURE_SEARCH_ONLY,second_S2D.mat,208,233,7,12613,233,0.9995147585868835,True
PUBLISHED_PRECOMPUTED_FEATURE_EVALUATION,FEATURE_SEARCH_ONLY,second_S2D.mat,208,233,8,12630,233,0.9995098114013672,True
PUBLISHED_PRECOMPUTED_FEATURE_EVALUATION,FEATURE_SEARCH_ONLY,second_S2D.mat,208,233,9,12612,233,0.999506413936615,True
PUBLISHED_PRECOMPUTED_FEATURE_EVALUATION,FEATURE_SEARCH_ONLY,second_S2D.mat,208,233,10,12614,233,0.999496579170227,True
PUBLISHED_PRECOMPUTED_FEATURE_EVALUATION,FEATURE_SEARCH_ONLY,second_S2D.mat,209,234,1,12670,234,0.9993011951446533,True
PUBLISHED_PRECOMPUTED_FEATURE_EVALUATION,FEATURE_SEARCH_ONLY,second_S2D.mat,209,234,2,12652,234,0.9992448687553406,True
PUBLISHED_PRECOMPUTED_FEATURE_EVALUATION,FEATURE_SEARCH_ONLY,second_S2D.mat,209,234,3,12669,234,0.9992337226867676,True
PUBLISHED_PRECOMPUTED_FEATURE_EVALUATION,FEATURE_SEARCH_ONLY,second_S2D.mat,209,234,4,12689,234,0.9992308020591736,True
PUBLISHED_PRECOMPUTED_FEATURE_EVALUATION,FEATURE_SEARCH_ONLY,second_S2D.mat,209,234,5,12662,234,0.9992192983627319,True
PUBLISHED_PRECOMPUTED_FEATURE_EVALUATION,FEATURE_SEARCH_ONLY,second_S2D.mat,209,234,6,12671,234,0.9992105960845947,True
PUBLISHED_PRECOMPUTED_FEATURE_EVALUATION,FEATURE_SEARCH_ONLY,second_S2D.mat,209,234,7,12657,234,0.9991968870162964,True
PUBLISHED_PRECOMPUTED_FEATURE_EVALUATION,FEATURE_SEARCH_ONLY,second_S2D.mat,209,234,8,12672,234,0.9991934299468994,True
PUBLISHED_PRECOMPUTED_FEATURE_EVALUATION,FEATURE_SEARCH_ONLY,second_S2D.mat,209,234,9,12668,234,0.9991905093193054,True
PUBLISHED_PRECOMPUTED_FEATURE_EVALUATION,FEATURE_SEARCH_ONLY,second_S2D.mat,209,234,10,12674,234,0.9991810917854309,True
PUBLISHED_PRECOMPUTED_FEATURE_EVALUATION,FEATURE_SEARCH_ONLY,second_S2D.mat,210,235,1,12726,235,0.9995343089103699,True
PUBLISHED_PRECOMPUTED_FEATURE_EVALUATION,FEATURE_SEARCH_ONLY,second_S2D.mat,210,235,2,12727,235,0.9994560480117798,True
PUBLISHED_PRECOMPUTED_FEATURE_EVALUATION,FEATURE_SEARCH_ONLY,second_S2D.mat,210,235,3,12725,235,0.9994486570358276,True
PUBLISHED_PRECOMPUTED_FEATURE_EVALUATION,FEATURE_SEARCH_ONLY,second_S2D.mat,210,235,4,12729,235,0.9994324445724487,True
PUBLISHED_PRECOMPUTED_FEATURE_EVALUATION,FEATURE_SEARCH_ONLY,second_S2D.mat,210,235,5,12733,235,0.9994311928749084,True
PUBLISHED_PRECOMPUTED_FEATURE_EVALUATION,FEATURE_SEARCH_ONLY,second_S2D.mat,210,235,6,12724,235,0.9994187355041504,True
PUBLISHED_PRECOMPUTED_FEATURE_EVALUATION,FEATURE_SEARCH_ONLY,second_S2D.mat,210,235,7,12736,235,0.9994115829467773,True
PUBLISHED_PRECOMPUTED_FEATURE_EVALUATION,FEATURE_SEARCH_ONLY,second_S2D.mat,210,235,8,12734,235,0.9994106292724609,True
PUBLISHED_PRECOMPUTED_FEATURE_EVALUATION,FEATURE_SEARCH_ONLY,second_S2D.mat,210,235,9,12723,235,0.999400794506073,True
PUBLISHED_PRECOMPUTED_FEATURE_EVALUATION,FEATURE_SEARCH_ONLY,second_S2D.mat,210,235,10,12742,235,0.9993963837623596,True
PUBLISHED_PRECOMPUTED_FEATURE_EVALUATION,FEATURE_SEARCH_ONLY,second_S2D.mat,211,236,1,12781,236,0.9993232488632202,True
PUBLISHED_PRECOMPUTED_FEATURE_EVALUATION,FEATURE_SEARCH_ONLY,second_S2D.mat,211,236,2,12780,236,0.9992672801017761,True
PUBLISHED_PRECOMPUTED_FEATURE_EVALUATION,FEATURE_SEARCH_ONLY,second_S2D.mat,211,236,3,12764,236,0.9992592334747314,True
PUBLISHED_PRECOMPUTED_FEATURE_EVALUATION,FEATURE_SEARCH_ONLY,second_S2D.mat,211,236,4,12785,236,0.9991967678070068,True
PUBLISHED_PRECOMPUTED_FEATURE_EVALUATION,FEATURE_SEARCH_ONLY,second_S2D.mat,211,236,5,12768,236,0.9991923570632935,True
PUBLISHED_PRECOMPUTED_FEATURE_EVALUATION,FEATURE_SEARCH_ONLY,second_S2D.mat,211,236,6,12784,236,0.9991708397865295,True
PUBLISHED_PRECOMPUTED_FEATURE_EVALUATION,FEATURE_SEARCH_ONLY,second_S2D.mat,211,236,7,12782,236,0.9991701245307922,True
PUBLISHED_PRECOMPUTED_FEATURE_EVALUATION,FEATURE_SEARCH_ONLY,second_S2D.mat,211,236,8,12770,236,0.9991310238838196,True
PUBLISHED_PRECOMPUTED_FEATURE_EVALUATION,FEATURE_SEARCH_ONLY,second_S2D.mat,211,236,9,12767,236,0.9991304874420166,True
PUBLISHED_PRECOMPUTED_FEATURE_EVALUATION,FEATURE_SEARCH_ONLY,second_S2D.mat,211,236,10,12794,236,0.999129056930542,True
PUBLISHED_PRECOMPUTED_FEATURE_EVALUATION,FEATURE_SEARCH_ONLY,second_S2D.mat,212,237,1,12825,237,0.9994844198226929,True
PUBLISHED_PRECOMPUTED_FEATURE_EVALUATION,FEATURE_SEARCH_ONLY,second_S2D.mat,212,237,2,12837,237,0.9994769096374512,True
PUBLISHED_PRECOMPUTED_FEATURE_EVALUATION,FEATURE_SEARCH_ONLY,second_S2D.mat,212,237,3,12834,237,0.9994627833366394,True
PUBLISHED_PRECOMPUTED_FEATURE_EVALUATION,FEATURE_SEARCH_ONLY,second_S2D.mat,212,237,4,12835,237,0.9994621276855469,True
PUBLISHED_PRECOMPUTED_FEATURE_EVALUATION,FEATURE_SEARCH_ONLY,second_S2D.mat,212,237,5,12824,237,0.9994459748268127,True
PUBLISHED_PRECOMPUTED_FEATURE_EVALUATION,FEATURE_SEARCH_ONLY,second_S2D.mat,212,237,6,12841,237,0.9994413256645203,True
PUBLISHED_PRECOMPUTED_FEATURE_EVALUATION,FEATURE_SEARCH_ONLY,second_S2D.mat,212,237,7,12840,237,0.9994410276412964,True
PUBLISHED_PRECOMPUTED_FEATURE_EVALUATION,FEATURE_SEARCH_ONLY,second_S2D.mat,212,237,8,12838,237,0.9994390606880188,True
PUBLISHED_PRECOMPUTED_FEATURE_EVALUATION,FEATURE_SEARCH_ONLY,second_S2D.mat,212,237,9,12836,237,0.99941486120224,True
PUBLISHED_PRECOMPUTED_FEATURE_EVALUATION,FEATURE_SEARCH_ONLY,second_S2D.mat,212,237,10,12843,237,0.9994103312492371,True
PUBLISHED_PRECOMPUTED_FEATURE_EVALUATION,FEATURE_SEARCH_ONLY,second_S2D.mat,213,238,1,12876,238,0.9992384314537048,True
PUBLISHED_PRECOMPUTED_FEATURE_EVALUATION,FEATURE_SEARCH_ONLY,second_S2D.mat,213,238,2,12888,238,0.9992287158966064,True
PUBLISHED_PRECOMPUTED_FEATURE_EVALUATION,FEATURE_SEARCH_ONLY,second_S2D.mat,213,238,3,12874,238,0.9992079734802246,True
PUBLISHED_PRECOMPUTED_FEATURE_EVALUATION,FEATURE_SEARCH_ONLY,second_S2D.mat,213,238,4,12875,238,0.9991998076438904,True
PUBLISHED_PRECOMPUTED_FEATURE_EVALUATION,FEATURE_SEARCH_ONLY,second_S2D.mat,213,238,5,12889,238,0.9991916418075562,True
PUBLISHED_PRECOMPUTED_FEATURE_EVALUATION,FEATURE_SEARCH_ONLY,second_S2D.mat,213,238,6,12871,238,0.9991832375526428,True
PUBLISHED_PRECOMPUTED_FEATURE_EVALUATION,FEATURE_SEARCH_ONLY,second_S2D.mat,213,238,7,12877,238,0.9991729855537415,True
PUBLISHED_PRECOMPUTED_FEATURE_EVALUATION,FEATURE_SEARCH_ONLY,second_S2D.mat,213,238,8,12870,238,0.9991690516471863,True
PUBLISHED_PRECOMPUTED_FEATURE_EVALUATION,FEATURE_SEARCH_ONLY,second_S2D.mat,213,238,9,12863,238,0.9991673231124878,True
PUBLISHED_PRECOMPUTED_FEATURE_EVALUATION,FEATURE_SEARCH_ONLY,second_S2D.mat,213,238,10,12880,238,0.9991550445556641,True
PUBLISHED_PRECOMPUTED_FEATURE_EVALUATION,FEATURE_SEARCH_ONLY,second_S2D.mat,214,239,1,12994,240,0.9994492530822754,False
PUBLISHED_PRECOMPUTED_FEATURE_EVALUATION,FEATURE_SEARCH_ONLY,second_S2D.mat,214,239,2,12998,240,0.999447762966156,False
PUBLISHED_PRECOMPUTED_FEATURE_EVALUATION,FEATURE_SEARCH_ONLY,second_S2D.mat,214,239,3,12944,239,0.9994438290596008,True
PUBLISHED_PRECOMPUTED_FEATURE_EVALUATION,FEATURE_SEARCH_ONLY,second_S2D.mat,214,239,4,12940,239,0.9994356632232666,True
PUBLISHED_PRECOMPUTED_FEATURE_EVALUATION,FEATURE_SEARCH_ONLY,second_S2D.mat,214,239,5,12945,239,0.9994063973426819,True
PUBLISHED_PRECOMPUTED_FEATURE_EVALUATION,FEATURE_SEARCH_ONLY,second_S2D.mat,214,239,6,12999,240,0.9994028806686401,False
PUBLISHED_PRECOMPUTED_FEATURE_EVALUATION,FEATURE_SEARCH_ONLY,second_S2D.mat,214,239,7,12938,239,0.9993964433670044,True
PUBLISHED_PRECOMPUTED_FEATURE_EVALUATION,FEATURE_SEARCH_ONLY,second_S2D.mat,214,239,8,12997,240,0.9993865489959717,False
PUBLISHED_PRECOMPUTED_FEATURE_EVALUATION,FEATURE_SEARCH_ONLY,second_S2D.mat,214,239,9,12992,240,0.999380350112915,False
PUBLISHED_PRECOMPUTED_FEATURE_EVALUATION,FEATURE_SEARCH_ONLY,second_S2D.mat,214,239,10,12943,239,0.9993652105331421,True
PUBLISHED_PRECOMPUTED_FEATURE_EVALUATION,FEATURE_SEARCH_ONLY,second_S2D.mat,215,241,1,13040,241,0.9996156692504883,True
PUBLISHED_PRECOMPUTED_FEATURE_EVALUATION,FEATURE_SEARCH_ONLY,second_S2D.mat,215,241,2,13058,241,0.9995243549346924,True
PUBLISHED_PRECOMPUTED_FEATURE_EVALUATION,FEATURE_SEARCH_ONLY,second_S2D.mat,215,241,3,13038,241,0.99952232837677,True
PUBLISHED_PRECOMPUTED_FEATURE_EVALUATION,FEATURE_SEARCH_ONLY,second_S2D.mat,215,241,4,13039,241,0.9995198249816895,True
PUBLISHED_PRECOMPUTED_FEATURE_EVALUATION,FEATURE_SEARCH_ONLY,second_S2D.mat,215,241,5,13049,241,0.9995024800300598,True
PUBLISHED_PRECOMPUTED_FEATURE_EVALUATION,FEATURE_SEARCH_ONLY,second_S2D.mat,215,241,6,13053,241,0.9994974136352539,True
PUBLISHED_PRECOMPUTED_FEATURE_EVALUATION,FEATURE_SEARCH_ONLY,second_S2D.mat,215,241,7,13057,241,0.9994946718215942,True
PUBLISHED_PRECOMPUTED_FEATURE_EVALUATION,FEATURE_SEARCH_ONLY,second_S2D.mat,215,241,8,13055,241,0.9994921684265137,True
PUBLISHED_PRECOMPUTED_FEATURE_EVALUATION,FEATURE_SEARCH_ONLY,second_S2D.mat,215,241,9,13022,241,0.9994807839393616,True
PUBLISHED_PRECOMPUTED_FEATURE_EVALUATION,FEATURE_SEARCH_ONLY,second_S2D.mat,215,241,10,13041,241,0.9994794130325317,True
PUBLISHED_PRECOMPUTED_FEATURE_EVALUATION,FEATURE_SEARCH_ONLY,second_S2D.mat,216,242,1,13100,242,0.9994952082633972,True
PUBLISHED_PRECOMPUTED_FEATURE_EVALUATION,FEATURE_SEARCH_ONLY,second_S2D.mat,216,242,2,13106,242,0.9994377493858337,True
PUBLISHED_PRECOMPUTED_FEATURE_EVALUATION,FEATURE_SEARCH_ONLY,second_S2D.mat,216,242,3,13082,242,0.999404788017273,True
PUBLISHED_PRECOMPUTED_FEATURE_EVALUATION,FEATURE_SEARCH_ONLY,second_S2D.mat,216,242,4,13078,242,0.9993723034858704,True
PUBLISHED_PRECOMPUTED_FEATURE_EVALUATION,FEATURE_SEARCH_ONLY,second_S2D.mat,216,242,5,13096,242,0.9993707537651062,True
PUBLISHED_PRECOMPUTED_FEATURE_EVALUATION,FEATURE_SEARCH_ONLY,second_S2D.mat,216,242,6,13097,242,0.999367356300354,True
PUBLISHED_PRECOMPUTED_FEATURE_EVALUATION,FEATURE_SEARCH_ONLY,second_S2D.mat,216,242,7,13108,242,0.9993651509284973,True
PUBLISHED_PRECOMPUTED_FEATURE_EVALUATION,FEATURE_SEARCH_ONLY,second_S2D.mat,216,242,8,13107,242,0.9993573427200317,True
PUBLISHED_PRECOMPUTED_FEATURE_EVALUATION,FEATURE_SEARCH_ONLY,second_S2D.mat,216,242,9,13090,242,0.999356746673584,True
PUBLISHED_PRECOMPUTED_FEATURE_EVALUATION,FEATURE_SEARCH_ONLY,second_S2D.mat,216,242,10,13089,242,0.9993506073951721,True
PUBLISHED_PRECOMPUTED_FEATURE_EVALUATION,FEATURE_SEARCH_ONLY,second_S2D.mat,217,243,1,13166,243,0.9993197321891785,True
PUBLISHED_PRECOMPUTED_FEATURE_EVALUATION,FEATURE_SEARCH_ONLY,second_S2D.mat,217,243,2,13169,243,0.9993012547492981,True
PUBLISHED_PRECOMPUTED_FEATURE_EVALUATION,FEATURE_SEARCH_ONLY,second_S2D.mat,217,243,3,13153,243,0.9993001818656921,True
PUBLISHED_PRECOMPUTED_FEATURE_EVALUATION,FEATURE_SEARCH_ONLY,second_S2D.mat,217,243,4,13165,243,0.9992905855178833,True
PUBLISHED_PRECOMPUTED_FEATURE_EVALUATION,FEATURE_SEARCH_ONLY,second_S2D.mat,217,243,5,13154,243,0.9992870092391968,True
PUBLISHED_PRECOMPUTED_FEATURE_EVALUATION,FEATURE_SEARCH_ONLY,second_S2D.mat,217,243,6,13170,243,0.9992817044258118,True
PUBLISHED_PRECOMPUTED_FEATURE_EVALUATION,FEATURE_SEARCH_ONLY,second_S2D.mat,217,243,7,13156,243,0.9992796778678894,True
PUBLISHED_PRECOMPUTED_FEATURE_EVALUATION,FEATURE_SEARCH_ONLY,second_S2D.mat,217,243,8,13155,243,0.9992741346359253,True
PUBLISHED_PRECOMPUTED_FEATURE_EVALUATION,FEATURE_SEARCH_ONLY,second_S2D.mat,217,243,9,13171,243,0.9992690682411194,True
PUBLISHED_PRECOMPUTED_FEATURE_EVALUATION,FEATURE_SEARCH_ONLY,second_S2D.mat,217,243,10,13148,243,0.9992648363113403,True
PUBLISHED_PRECOMPUTED_FEATURE_EVALUATION,FEATURE_SEARCH_ONLY,second_S2D.mat,218,244,1,13216,244,0.9988462924957275,True
PUBLISHED_PRECOMPUTED_FEATURE_EVALUATION,FEATURE_SEARCH_ONLY,second_S2D.mat,218,244,2,13209,244,0.9987865686416626,True
PUBLISHED_PRECOMPUTED_FEATURE_EVALUATION,FEATURE_SEARCH_ONLY,second_S2D.mat,218,244,3,13194,244,0.9987797737121582,True
PUBLISHED_PRECOMPUTED_FEATURE_EVALUATION,FEATURE_SEARCH_ONLY,second_S2D.mat,218,244,4,13195,244,0.9987786412239075,True
PUBLISHED_PRECOMPUTED_FEATURE_EVALUATION,FEATURE_SEARCH_ONLY,second_S2D.mat,218,244,5,13202,244,0.9987738132476807,True
PUBLISHED_PRECOMPUTED_FEATURE_EVALUATION,FEATURE_SEARCH_ONLY,second_S2D.mat,218,244,6,13220,244,0.9987599849700928,True
PUBLISHED_PRECOMPUTED_FEATURE_EVALUATION,FEATURE_SEARCH_ONLY,second_S2D.mat,218,244,7,13176,244,0.9987444877624512,True
PUBLISHED_PRECOMPUTED_FEATURE_EVALUATION,FEATURE_SEARCH_ONLY,second_S2D.mat,218,244,8,13213,244,0.9987427592277527,True
PUBLISHED_PRECOMPUTED_FEATURE_EVALUATION,FEATURE_SEARCH_ONLY,second_S2D.mat,218,244,9,13193,244,0.9987236261367798,True
PUBLISHED_PRECOMPUTED_FEATURE_EVALUATION,FEATURE_SEARCH_ONLY,second_S2D.mat,218,244,10,13211,244,0.9987235069274902,True
PUBLISHED_PRECOMPUTED_FEATURE_EVALUATION,FEATURE_SEARCH_ONLY,second_S2D.mat,219,245,1,13247,245,0.9994962811470032,True
PUBLISHED_PRECOMPUTED_FEATURE_EVALUATION,FEATURE_SEARCH_ONLY,second_S2D.mat,219,245,2,13265,245,0.9994730353355408,True
PUBLISHED_PRECOMPUTED_FEATURE_EVALUATION,FEATURE_SEARCH_ONLY,second_S2D.mat,219,245,3,13267,245,0.9994488954544067,True
PUBLISHED_PRECOMPUTED_FEATURE_EVALUATION,FEATURE_SEARCH_ONLY,second_S2D.mat,219,245,4,13249,245,0.9994482398033142,True
PUBLISHED_PRECOMPUTED_FEATURE_EVALUATION,FEATURE_SEARCH_ONLY,second_S2D.mat,219,245,5,13273,245,0.9994412660598755,True
PUBLISHED_PRECOMPUTED_FEATURE_EVALUATION,FEATURE_SEARCH_ONLY,second_S2D.mat,219,245,6,13266,245,0.9994245767593384,True
PUBLISHED_PRECOMPUTED_FEATURE_EVALUATION,FEATURE_SEARCH_ONLY,second_S2D.mat,219,245,7,13248,245,0.9994049072265625,True
PUBLISHED_PRECOMPUTED_FEATURE_EVALUATION,FEATURE_SEARCH_ONLY,second_S2D.mat,219,245,8,13257,245,0.9993999004364014,True
PUBLISHED_PRECOMPUTED_FEATURE_EVALUATION,FEATURE_SEARCH_ONLY,second_S2D.mat,219,245,9,13268,245,0.9993999004364014,True
PUBLISHED_PRECOMPUTED_FEATURE_EVALUATION,FEATURE_SEARCH_ONLY,second_S2D.mat,219,245,10,13246,245,0.9993991255760193,True
PUBLISHED_PRECOMPUTED_FEATURE_EVALUATION,FEATURE_SEARCH_ONLY,second_S2D.mat,220,246,1,13320,246,0.9995840787887573,True
PUBLISHED_PRECOMPUTED_FEATURE_EVALUATION,FEATURE_SEARCH_ONLY,second_S2D.mat,220,246,2,13319,246,0.9995371699333191,True
PUBLISHED_PRECOMPUTED_FEATURE_EVALUATION,FEATURE_SEARCH_ONLY,second_S2D.mat,220,246,3,13329,246,0.9995255470275879,True
PUBLISHED_PRECOMPUTED_FEATURE_EVALUATION,FEATURE_SEARCH_ONLY,second_S2D.mat,220,246,4,13302,246,0.9995244145393372,True
PUBLISHED_PRECOMPUTED_FEATURE_EVALUATION,FEATURE_SEARCH_ONLY,second_S2D.mat,220,246,5,13301,246,0.9995212554931641,True
PUBLISHED_PRECOMPUTED_FEATURE_EVALUATION,FEATURE_SEARCH_ONLY,second_S2D.mat,220,246,6,13323,246,0.9994970560073853,True
PUBLISHED_PRECOMPUTED_FEATURE_EVALUATION,FEATURE_SEARCH_ONLY,second_S2D.mat,220,246,7,13321,246,0.9994958639144897,True
PUBLISHED_PRECOMPUTED_FEATURE_EVALUATION,FEATURE_SEARCH_ONLY,second_S2D.mat,220,246,8,13318,246,0.9994944930076599,True
PUBLISHED_PRECOMPUTED_FEATURE_EVALUATION,FEATURE_SEARCH_ONLY,second_S2D.mat,220,246,9,13322,246,0.9994819760322571,True
PUBLISHED_PRECOMPUTED_FEATURE_EVALUATION,FEATURE_SEARCH_ONLY,second_S2D.mat,220,246,10,13303,246,0.9994779229164124,True
PUBLISHED_PRECOMPUTED_FEATURE_EVALUATION,FEATURE_SEARCH_ONLY,second_S2D.mat,221,247,1,13376,247,0.9996993541717529,True
PUBLISHED_PRECOMPUTED_FEATURE_EVALUATION,FEATURE_SEARCH_ONLY,second_S2D.mat,221,247,2,13359,247,0.9996703863143921,True
PUBLISHED_PRECOMPUTED_FEATURE_EVALUATION,FEATURE_SEARCH_ONLY,second_S2D.mat,221,247,3,13374,247,0.9996658563613892,True
PUBLISHED_PRECOMPUTED_FEATURE_EVALUATION,FEATURE_SEARCH_ONLY,second_S2D.mat,221,247,4,13356,247,0.9996638894081116,True
PUBLISHED_PRECOMPUTED_FEATURE_EVALUATION,FEATURE_SEARCH_ONLY,second_S2D.mat,221,247,5,13369,247,0.9996600151062012,True
PUBLISHED_PRECOMPUTED_FEATURE_EVALUATION,FEATURE_SEARCH_ONLY,second_S2D.mat,221,247,6,13357,247,0.999650239944458,True
PUBLISHED_PRECOMPUTED_FEATURE_EVALUATION,FEATURE_SEARCH_ONLY,second_S2D.mat,221,247,7,13375,247,0.9996473789215088,True
PUBLISHED_PRECOMPUTED_FEATURE_EVALUATION,FEATURE_SEARCH_ONLY,second_S2D.mat,221,247,8,13370,247,0.9996462464332581,True
PUBLISHED_PRECOMPUTED_FEATURE_EVALUATION,FEATURE_SEARCH_ONLY,second_S2D.mat,221,247,9,13380,247,0.9996423721313477,True
PUBLISHED_PRECOMPUTED_FEATURE_EVALUATION,FEATURE_SEARCH_ONLY,second_S2D.mat,221,247,10,13377,247,0.9996320009231567,True
PUBLISHED_PRECOMPUTED_FEATURE_EVALUATION,FEATURE_SEARCH_ONLY,second_S2D.mat,222,248,1,13428,248,0.99964439868927,True
PUBLISHED_PRECOMPUTED_FEATURE_EVALUATION,FEATURE_SEARCH_ONLY,second_S2D.mat,222,248,2,13430,248,0.9996300935745239,True
PUBLISHED_PRECOMPUTED_FEATURE_EVALUATION,FEATURE_SEARCH_ONLY,second_S2D.mat,222,248,3,13431,248,0.9996137619018555,True
PUBLISHED_PRECOMPUTED_FEATURE_EVALUATION,FEATURE_SEARCH_ONLY,second_S2D.mat,222,248,4,13429,248,0.9996045827865601,True
PUBLISHED_PRECOMPUTED_FEATURE_EVALUATION,FEATURE_SEARCH_ONLY,second_S2D.mat,222,248,5,13413,248,0.9996037483215332,True
PUBLISHED_PRECOMPUTED_FEATURE_EVALUATION,FEATURE_SEARCH_ONLY,second_S2D.mat,222,248,6,13432,248,0.9995746612548828,True
PUBLISHED_PRECOMPUTED_FEATURE_EVALUATION,FEATURE_SEARCH_ONLY,second_S2D.mat,222,248,7,13427,248,0.9995416402816772,True
PUBLISHED_PRECOMPUTED_FEATURE_EVALUATION,FEATURE_SEARCH_ONLY,second_S2D.mat,222,248,8,13414,248,0.9994961023330688,True
PUBLISHED_PRECOMPUTED_FEATURE_EVALUATION,FEATURE_SEARCH_ONLY,second_S2D.mat,222,248,9,13426,248,0.9994703531265259,True
PUBLISHED_PRECOMPUTED_FEATURE_EVALUATION,FEATURE_SEARCH_ONLY,second_S2D.mat,222,248,10,13409,248,0.9994550347328186,True
PUBLISHED_PRECOMPUTED_FEATURE_EVALUATION,FEATURE_SEARCH_ONLY,second_S2D.mat,223,249,1,13484,249,0.9994738101959229,True
PUBLISHED_PRECOMPUTED_FEATURE_EVALUATION,FEATURE_SEARCH_ONLY,second_S2D.mat,223,249,2,13483,249,0.9994637370109558,True
PUBLISHED_PRECOMPUTED_FEATURE_EVALUATION,FEATURE_SEARCH_ONLY,second_S2D.mat,223,249,3,13473,249,0.9994573593139648,True
PUBLISHED_PRECOMPUTED_FEATURE_EVALUATION,FEATURE_SEARCH_ONLY,second_S2D.mat,223,249,4,13490,249,0.9994223117828369,True
PUBLISHED_PRECOMPUTED_FEATURE_EVALUATION,FEATURE_SEARCH_ONLY,second_S2D.mat,223,249,5,13472,249,0.9994192123413086,True
PUBLISHED_PRECOMPUTED_FEATURE_EVALUATION,FEATURE_SEARCH_ONLY,second_S2D.mat,223,249,6,13465,249,0.9993953108787537,True
PUBLISHED_PRECOMPUTED_FEATURE_EVALUATION,FEATURE_SEARCH_ONLY,second_S2D.mat,223,249,7,13494,249,0.9993901252746582,True
PUBLISHED_PRECOMPUTED_FEATURE_EVALUATION,FEATURE_SEARCH_ONLY,second_S2D.mat,223,249,8,13466,249,0.9993882775306702,True
PUBLISHED_PRECOMPUTED_FEATURE_EVALUATION,FEATURE_SEARCH_ONLY,second_S2D.mat,223,249,9,13474,249,0.9993836879730225,True
PUBLISHED_PRECOMPUTED_FEATURE_EVALUATION,FEATURE_SEARCH_ONLY,second_S2D.mat,223,249,10,13463,249,0.9993801116943359,True
PUBLISHED_PRECOMPUTED_FEATURE_EVALUATION,FEATURE_SEARCH_ONLY,second_S2D.mat,224,250,1,13548,250,0.9996185898780823,True
PUBLISHED_PRECOMPUTED_FEATURE_EVALUATION,FEATURE_SEARCH_ONLY,second_S2D.mat,224,250,2,13530,250,0.9996156692504883,True
PUBLISHED_PRECOMPUTED_FEATURE_EVALUATION,FEATURE_SEARCH_ONLY,second_S2D.mat,224,250,3,13531,250,0.9996087551116943,True
PUBLISHED_PRECOMPUTED_FEATURE_EVALUATION,FEATURE_SEARCH_ONLY,second_S2D.mat,224,250,4,13549,250,0.9995926022529602,True
PUBLISHED_PRECOMPUTED_FEATURE_EVALUATION,FEATURE_SEARCH_ONLY,second_S2D.mat,224,250,5,13533,250,0.9995896816253662,True
PUBLISHED_PRECOMPUTED_FEATURE_EVALUATION,FEATURE_SEARCH_ONLY,second_S2D.mat,224,250,6,13534,250,0.9995846748352051,True
PUBLISHED_PRECOMPUTED_FEATURE_EVALUATION,FEATURE_SEARCH_ONLY,second_S2D.mat,224,250,7,13528,250,0.9995747804641724,True
PUBLISHED_PRECOMPUTED_FEATURE_EVALUATION,FEATURE_SEARCH_ONLY,second_S2D.mat,224,250,8,13550,250,0.9995614886283875,True
PUBLISHED_PRECOMPUTED_FEATURE_EVALUATION,FEATURE_SEARCH_ONLY,second_S2D.mat,224,250,9,13535,250,0.9995489716529846,True
PUBLISHED_PRECOMPUTED_FEATURE_EVALUATION,FEATURE_SEARCH_ONLY,second_S2D.mat,224,250,10,13529,250,0.9995415806770325,True
PUBLISHED_PRECOMPUTED_FEATURE_EVALUATION,FEATURE_SEARCH_ONLY,second_S2D.mat,225,251,1,13586,251,0.9994577765464783,True
PUBLISHED_PRECOMPUTED_FEATURE_EVALUATION,FEATURE_SEARCH_ONLY,second_S2D.mat,225,251,2,13601,251,0.9994497895240784,True
PUBLISHED_PRECOMPUTED_FEATURE_EVALUATION,FEATURE_SEARCH_ONLY,second_S2D.mat,225,251,3,13589,251,0.9994333982467651,True
PUBLISHED_PRECOMPUTED_FEATURE_EVALUATION,FEATURE_SEARCH_ONLY,second_S2D.mat,225,251,4,13602,251,0.9994099736213684,True
PUBLISHED_PRECOMPUTED_FEATURE_EVALUATION,FEATURE_SEARCH_ONLY,second_S2D.mat,225,251,5,13587,251,0.9994035959243774,True
PUBLISHED_PRECOMPUTED_FEATURE_EVALUATION,FEATURE_SEARCH_ONLY,second_S2D.mat,225,251,6,13588,251,0.9993934035301208,True
PUBLISHED_PRECOMPUTED_FEATURE_EVALUATION,FEATURE_SEARCH_ONLY,second_S2D.mat,225,251,7,13571,251,0.9993634819984436,True
PUBLISHED_PRECOMPUTED_FEATURE_EVALUATION,FEATURE_SEARCH_ONLY,second_S2D.mat,225,251,8,13603,251,0.9993590116500854,True
PUBLISHED_PRECOMPUTED_FEATURE_EVALUATION,FEATURE_SEARCH_ONLY,second_S2D.mat,225,251,9,13604,251,0.999337375164032,True
PUBLISHED_PRECOMPUTED_FEATURE_EVALUATION,FEATURE_SEARCH_ONLY,second_S2D.mat,225,251,10,13568,251,0.9993033409118652,True
PUBLISHED_PRECOMPUTED_FEATURE_EVALUATION,FEATURE_SEARCH_ONLY,second_S2D.mat,226,253,1,13696,253,0.9995914697647095,True
PUBLISHED_PRECOMPUTED_FEATURE_EVALUATION,FEATURE_SEARCH_ONLY,second_S2D.mat,226,253,2,13698,253,0.9995847344398499,True
PUBLISHED_PRECOMPUTED_FEATURE_EVALUATION,FEATURE_SEARCH_ONLY,second_S2D.mat,226,253,3,13679,253,0.9995815753936768,True
PUBLISHED_PRECOMPUTED_FEATURE_EVALUATION,FEATURE_SEARCH_ONLY,second_S2D.mat,226,253,4,13709,253,0.9995579123497009,True
PUBLISHED_PRECOMPUTED_FEATURE_EVALUATION,FEATURE_SEARCH_ONLY,second_S2D.mat,226,253,5,13697,253,0.9995485544204712,True
PUBLISHED_PRECOMPUTED_FEATURE_EVALUATION,FEATURE_SEARCH_ONLY,second_S2D.mat,226,253,6,13695,253,0.9995473623275757,True
PUBLISHED_PRECOMPUTED_FEATURE_EVALUATION,FEATURE_SEARCH_ONLY,second_S2D.mat,226,253,7,13706,253,0.9995467066764832,True
PUBLISHED_PRECOMPUTED_FEATURE_EVALUATION,FEATURE_SEARCH_ONLY,second_S2D.mat,226,253,8,13680,253,0.9995416402816772,True
PUBLISHED_PRECOMPUTED_FEATURE_EVALUATION,FEATURE_SEARCH_ONLY,second_S2D.mat,226,253,9,13694,253,0.9995317459106445,True
PUBLISHED_PRECOMPUTED_FEATURE_EVALUATION,FEATURE_SEARCH_ONLY,second_S2D.mat,226,253,10,13688,253,0.9995253086090088,True
PUBLISHED_PRECOMPUTED_FEATURE_EVALUATION,FEATURE_SEARCH_ONLY,second_S2D.mat,227,255,1,13819,255,0.9995222687721252,True
PUBLISHED_PRECOMPUTED_FEATURE_EVALUATION,FEATURE_SEARCH_ONLY,second_S2D.mat,227,255,2,13817,255,0.999515950679779,True
PUBLISHED_PRECOMPUTED_FEATURE_EVALUATION,FEATURE_SEARCH_ONLY,second_S2D.mat,227,255,3,13818,255,0.9995129108428955,True
PUBLISHED_PRECOMPUTED_FEATURE_EVALUATION,FEATURE_SEARCH_ONLY,second_S2D.mat,227,255,4,13800,255,0.9995065331459045,True
PUBLISHED_PRECOMPUTED_FEATURE_EVALUATION,FEATURE_SEARCH_ONLY,second_S2D.mat,227,255,5,13801,255,0.9994586706161499,True
PUBLISHED_PRECOMPUTED_FEATURE_EVALUATION,FEATURE_SEARCH_ONLY,second_S2D.mat,227,255,6,13820,255,0.9994368553161621,True
PUBLISHED_PRECOMPUTED_FEATURE_EVALUATION,FEATURE_SEARCH_ONLY,second_S2D.mat,227,255,7,13799,255,0.9994162917137146,True
PUBLISHED_PRECOMPUTED_FEATURE_EVALUATION,FEATURE_SEARCH_ONLY,second_S2D.mat,227,255,8,13804,255,0.9993646144866943,True
PUBLISHED_PRECOMPUTED_FEATURE_EVALUATION,FEATURE_SEARCH_ONLY,second_S2D.mat,227,255,9,13816,255,0.9993609189987183,True
PUBLISHED_PRECOMPUTED_FEATURE_EVALUATION,FEATURE_SEARCH_ONLY,second_S2D.mat,227,255,10,13802,255,0.9993410706520081,True
PUBLISHED_PRECOMPUTED_FEATURE_EVALUATION,FEATURE_SEARCH_ONLY,second_S2D.mat,228,256,1,13867,256,0.9995885491371155,True
PUBLISHED_PRECOMPUTED_FEATURE_EVALUATION,FEATURE_SEARCH_ONLY,second_S2D.mat,228,256,2,13858,256,0.9995836019515991,True
PUBLISHED_PRECOMPUTED_FEATURE_EVALUATION,FEATURE_SEARCH_ONLY,second_S2D.mat,228,256,3,13859,256,0.9995824694633484,True
PUBLISHED_PRECOMPUTED_FEATURE_EVALUATION,FEATURE_SEARCH_ONLY,second_S2D.mat,228,256,4,13869,256,0.9995729327201843,True
PUBLISHED_PRECOMPUTED_FEATURE_EVALUATION,FEATURE_SEARCH_ONLY,second_S2D.mat,228,256,5,13868,256,0.9995728731155396,True
PUBLISHED_PRECOMPUTED_FEATURE_EVALUATION,FEATURE_SEARCH_ONLY,second_S2D.mat,228,256,6,13860,256,0.9995700120925903,True
PUBLISHED_PRECOMPUTED_FEATURE_EVALUATION,FEATURE_SEARCH_ONLY,second_S2D.mat,228,256,7,13848,256,0.9995545744895935,True
PUBLISHED_PRECOMPUTED_FEATURE_EVALUATION,FEATURE_SEARCH_ONLY,second_S2D.mat,228,256,8,13863,256,0.9995537400245667,True
PUBLISHED_PRECOMPUTED_FEATURE_EVALUATION,FEATURE_SEARCH_ONLY,second_S2D.mat,228,256,9,13850,256,0.9995499849319458,True
PUBLISHED_PRECOMPUTED_FEATURE_EVALUATION,FEATURE_SEARCH_ONLY,second_S2D.mat,228,256,10,13865,256,0.9995353817939758,True
PUBLISHED_PRECOMPUTED_FEATURE_EVALUATION,FEATURE_SEARCH_ONLY,second_S2D.mat,229,257,1,13910,257,0.9994277954101562,True
PUBLISHED_PRECOMPUTED_FEATURE_EVALUATION,FEATURE_SEARCH_ONLY,second_S2D.mat,229,257,2,13918,257,0.999426543712616,True
PUBLISHED_PRECOMPUTED_FEATURE_EVALUATION,FEATURE_SEARCH_ONLY,second_S2D.mat,229,257,3,13909,257,0.9993990659713745,True
PUBLISHED_PRECOMPUTED_FEATURE_EVALUATION,FEATURE_SEARCH_ONLY,second_S2D.mat,229,257,4,13913,257,0.9993976354598999,True
PUBLISHED_PRECOMPUTED_FEATURE_EVALUATION,FEATURE_SEARCH_ONLY,second_S2D.mat,229,257,5,13917,257,0.9993975162506104,True
PUBLISHED_PRECOMPUTED_FEATURE_EVALUATION,FEATURE_SEARCH_ONLY,second_S2D.mat,229,257,6,13911,257,0.999392032623291,True
PUBLISHED_PRECOMPUTED_FEATURE_EVALUATION,FEATURE_SEARCH_ONLY,second_S2D.mat,229,257,7,13900,257,0.9993839859962463,True
PUBLISHED_PRECOMPUTED_FEATURE_EVALUATION,FEATURE_SEARCH_ONLY,second_S2D.mat,229,257,8,13927,257,0.9993813037872314,True
PUBLISHED_PRECOMPUTED_FEATURE_EVALUATION,FEATURE_SEARCH_ONLY,second_S2D.mat,229,257,9,13912,257,0.9993777275085449,True
PUBLISHED_PRECOMPUTED_FEATURE_EVALUATION,FEATURE_SEARCH_ONLY,second_S2D.mat,229,257,10,13914,257,0.9993768930435181,True
PUBLISHED_PRECOMPUTED_FEATURE_EVALUATION,FEATURE_SEARCH_ONLY,second_S2D.mat,230,258,1,13966,258,0.9996144771575928,True
PUBLISHED_PRECOMPUTED_FEATURE_EVALUATION,FEATURE_SEARCH_ONLY,second_S2D.mat,230,258,2,13969,258,0.9995764493942261,True
PUBLISHED_PRECOMPUTED_FEATURE_EVALUATION,FEATURE_SEARCH_ONLY,second_S2D.mat,230,258,3,13965,258,0.9995481967926025,True
PUBLISHED_PRECOMPUTED_FEATURE_EVALUATION,FEATURE_SEARCH_ONLY,second_S2D.mat,230,258,4,13967,258,0.9995299577713013,True
PUBLISHED_PRECOMPUTED_FEATURE_EVALUATION,FEATURE_SEARCH_ONLY,second_S2D.mat,230,258,5,13984,258,0.999525785446167,True
PUBLISHED_PRECOMPUTED_FEATURE_EVALUATION,FEATURE_SEARCH_ONLY,second_S2D.mat,230,258,6,13983,258,0.9995033144950867,True
PUBLISHED_PRECOMPUTED_FEATURE_EVALUATION,FEATURE_SEARCH_ONLY,second_S2D.mat,230,258,7,13982,258,0.9994990825653076,True
PUBLISHED_PRECOMPUTED_FEATURE_EVALUATION,FEATURE_SEARCH_ONLY,second_S2D.mat,230,258,8,13962,258,0.999492883682251,True
PUBLISHED_PRECOMPUTED_FEATURE_EVALUATION,FEATURE_SEARCH_ONLY,second_S2D.mat,230,258,9,13968,258,0.9994896054267883,True
PUBLISHED_PRECOMPUTED_FEATURE_EVALUATION,FEATURE_SEARCH_ONLY,second_S2D.mat,230,258,10,13970,258,0.9994889497756958,True
PUBLISHED_PRECOMPUTED_FEATURE_EVALUATION,FEATURE_SEARCH_ONLY,second_S2D.mat,231,259,1,14021,259,0.999578595161438,True
PUBLISHED_PRECOMPUTED_FEATURE_EVALUATION,FEATURE_SEARCH_ONLY,second_S2D.mat,231,259,2,14012,259,0.9994651079177856,True
PUBLISHED_PRECOMPUTED_FEATURE_EVALUATION,FEATURE_SEARCH_ONLY,second_S2D.mat,231,259,3,14029,259,0.9994518160820007,True
PUBLISHED_PRECOMPUTED_FEATURE_EVALUATION,FEATURE_SEARCH_ONLY,second_S2D.mat,231,259,4,14023,259,0.9994500875473022,True
PUBLISHED_PRECOMPUTED_FEATURE_EVALUATION,FEATURE_SEARCH_ONLY,second_S2D.mat,231,259,5,14013,259,0.9994366765022278,True
PUBLISHED_PRECOMPUTED_FEATURE_EVALUATION,FEATURE_SEARCH_ONLY,second_S2D.mat,231,259,6,14003,259,0.9994335174560547,True
PUBLISHED_PRECOMPUTED_FEATURE_EVALUATION,FEATURE_SEARCH_ONLY,second_S2D.mat,231,259,7,14022,259,0.9994263648986816,True
PUBLISHED_PRECOMPUTED_FEATURE_EVALUATION,FEATURE_SEARCH_ONLY,second_S2D.mat,231,259,8,14031,259,0.9994097948074341,True
PUBLISHED_PRECOMPUTED_FEATURE_EVALUATION,FEATURE_SEARCH_ONLY,second_S2D.mat,231,259,9,14030,259,0.9994010925292969,True
PUBLISHED_PRECOMPUTED_FEATURE_EVALUATION,FEATURE_SEARCH_ONLY,second_S2D.mat,231,259,10,14024,259,0.999395489692688,True
PUBLISHED_PRECOMPUTED_FEATURE_EVALUATION,FEATURE_SEARCH_ONLY,second_S2D.mat,232,260,1,14061,260,0.9995852708816528,True
PUBLISHED_PRECOMPUTED_FEATURE_EVALUATION,FEATURE_SEARCH_ONLY,second_S2D.mat,232,260,2,14078,260,0.9995791912078857,True
PUBLISHED_PRECOMPUTED_FEATURE_EVALUATION,FEATURE_SEARCH_ONLY,second_S2D.mat,232,260,3,14071,260,0.9995750188827515,True
PUBLISHED_PRECOMPUTED_FEATURE_EVALUATION,FEATURE_SEARCH_ONLY,second_S2D.mat,232,260,4,14072,260,0.9995747804641724,True
PUBLISHED_PRECOMPUTED_FEATURE_EVALUATION,FEATURE_SEARCH_ONLY,second_S2D.mat,232,260,5,14076,260,0.9995725750923157,True
PUBLISHED_PRECOMPUTED_FEATURE_EVALUATION,FEATURE_SEARCH_ONLY,second_S2D.mat,232,260,6,14073,260,0.9995580911636353,True
PUBLISHED_PRECOMPUTED_FEATURE_EVALUATION,FEATURE_SEARCH_ONLY,second_S2D.mat,232,260,7,14077,260,0.9995373487472534,True
PUBLISHED_PRECOMPUTED_FEATURE_EVALUATION,FEATURE_SEARCH_ONLY,second_S2D.mat,232,260,8,14075,260,0.9995294213294983,True
PUBLISHED_PRECOMPUTED_FEATURE_EVALUATION,FEATURE_SEARCH_ONLY,second_S2D.mat,232,260,9,14079,260,0.9995242357254028,True
PUBLISHED_PRECOMPUTED_FEATURE_EVALUATION,FEATURE_SEARCH_ONLY,second_S2D.mat,232,260,10,14058,260,0.9995145201683044,True
PUBLISHED_PRECOMPUTED_FEATURE_EVALUATION,FEATURE_SEARCH_ONLY,second_S2D.mat,233,262,1,14189,262,0.9997382760047913,True
PUBLISHED_PRECOMPUTED_FEATURE_EVALUATION,FEATURE_SEARCH_ONLY,second_S2D.mat,233,262,2,14182,262,0.9997374415397644,True
PUBLISHED_PRECOMPUTED_FEATURE_EVALUATION,FEATURE_SEARCH_ONLY,second_S2D.mat,233,262,3,14183,262,0.9997346997261047,True
PUBLISHED_PRECOMPUTED_FEATURE_EVALUATION,FEATURE_SEARCH_ONLY,second_S2D.mat,233,262,4,14180,262,0.9997097849845886,True
PUBLISHED_PRECOMPUTED_FEATURE_EVALUATION,FEATURE_SEARCH_ONLY,second_S2D.mat,233,262,5,14181,262,0.999701976776123,True
PUBLISHED_PRECOMPUTED_FEATURE_EVALUATION,FEATURE_SEARCH_ONLY,second_S2D.mat,233,262,6,14184,262,0.9997012615203857,True
PUBLISHED_PRECOMPUTED_FEATURE_EVALUATION,FEATURE_SEARCH_ONLY,second_S2D.mat,233,262,7,14188,262,0.9996950626373291,True
PUBLISHED_PRECOMPUTED_FEATURE_EVALUATION,FEATURE_SEARCH_ONLY,second_S2D.mat,233,262,8,14190,262,0.999640166759491,True
PUBLISHED_PRECOMPUTED_FEATURE_EVALUATION,FEATURE_SEARCH_ONLY,second_S2D.mat,233,262,9,14185,262,0.9996398687362671,True
PUBLISHED_PRECOMPUTED_FEATURE_EVALUATION,FEATURE_SEARCH_ONLY,second_S2D.mat,233,262,10,14196,262,0.9996355772018433,True
PUBLISHED_PRECOMPUTED_FEATURE_EVALUATION,FEATURE_SEARCH_ONLY,second_S2D.mat,234,263,1,14233,263,0.9998012185096741,True
PUBLISHED_PRECOMPUTED_FEATURE_EVALUATION,FEATURE_SEARCH_ONLY,second_S2D.mat,234,263,2,14235,263,0.9997893571853638,True
PUBLISHED_PRECOMPUTED_FEATURE_EVALUATION,FEATURE_SEARCH_ONLY,second_S2D.mat,234,263,3,14234,263,0.9997738599777222,True
PUBLISHED_PRECOMPUTED_FEATURE_EVALUATION,FEATURE_SEARCH_ONLY,second_S2D.mat,234,263,4,14232,263,0.9997655153274536,True
PUBLISHED_PRECOMPUTED_FEATURE_EVALUATION,FEATURE_SEARCH_ONLY,second_S2D.mat,234,263,5,14236,263,0.9997576475143433,True
PUBLISHED_PRECOMPUTED_FEATURE_EVALUATION,FEATURE_SEARCH_ONLY,second_S2D.mat,234,263,6,14227,263,0.9997468590736389,True
PUBLISHED_PRECOMPUTED_FEATURE_EVALUATION,FEATURE_SEARCH_ONLY,second_S2D.mat,234,263,7,14229,263,0.9997451305389404,True
PUBLISHED_PRECOMPUTED_FEATURE_EVALUATION,FEATURE_SEARCH_ONLY,second_S2D.mat,234,263,8,14244,263,0.999740481376648,True
PUBLISHED_PRECOMPUTED_FEATURE_EVALUATION,FEATURE_SEARCH_ONLY,second_S2D.mat,234,263,9,14243,263,0.9997391700744629,True
PUBLISHED_PRECOMPUTED_FEATURE_EVALUATION,FEATURE_SEARCH_ONLY,second_S2D.mat,234,263,10,14245,263,0.9997384548187256,True
PUBLISHED_PRECOMPUTED_FEATURE_EVALUATION,FEATURE_SEARCH_ONLY,second_S2D.mat,235,264,1,14283,264,0.9998241662979126,True
PUBLISHED_PRECOMPUTED_FEATURE_EVALUATION,FEATURE_SEARCH_ONLY,second_S2D.mat,235,264,2,14292,264,0.9998124241828918,True
PUBLISHED_PRECOMPUTED_FEATURE_EVALUATION,FEATURE_SEARCH_ONLY,second_S2D.mat,235,264,3,14291,264,0.9998123049736023,True
PUBLISHED_PRECOMPUTED_FEATURE_EVALUATION,FEATURE_SEARCH_ONLY,second_S2D.mat,235,264,4,14284,264,0.9998118281364441,True
PUBLISHED_PRECOMPUTED_FEATURE_EVALUATION,FEATURE_SEARCH_ONLY,second_S2D.mat,235,264,5,14282,264,0.9998070001602173,True
PUBLISHED_PRECOMPUTED_FEATURE_EVALUATION,FEATURE_SEARCH_ONLY,second_S2D.mat,235,264,6,14289,264,0.9998001456260681,True
PUBLISHED_PRECOMPUTED_FEATURE_EVALUATION,FEATURE_SEARCH_ONLY,second_S2D.mat,235,264,7,14293,264,0.9997975826263428,True
PUBLISHED_PRECOMPUTED_FEATURE_EVALUATION,FEATURE_SEARCH_ONLY,second_S2D.mat,235,264,8,14290,264,0.9997971653938293,True
PUBLISHED_PRECOMPUTED_FEATURE_EVALUATION,FEATURE_SEARCH_ONLY,second_S2D.mat,235,264,9,14281,264,0.9997966885566711,True
PUBLISHED_PRECOMPUTED_FEATURE_EVALUATION,FEATURE_SEARCH_ONLY,second_S2D.mat,235,264,10,14297,264,0.99979567527771,True
PUBLISHED_PRECOMPUTED_FEATURE_EVALUATION,FEATURE_SEARCH_ONLY,second_S2D.mat,236,265,1,14337,265,0.9997309446334839,True
PUBLISHED_PRECOMPUTED_FEATURE_EVALUATION,FEATURE_SEARCH_ONLY,second_S2D.mat,236,265,2,14345,265,0.9997063875198364,True
PUBLISHED_PRECOMPUTED_FEATURE_EVALUATION,FEATURE_SEARCH_ONLY,second_S2D.mat,236,265,3,14355,265,0.9996767044067383,True
PUBLISHED_PRECOMPUTED_FEATURE_EVALUATION,FEATURE_SEARCH_ONLY,second_S2D.mat,236,265,4,14333,265,0.9996766448020935,True
PUBLISHED_PRECOMPUTED_FEATURE_EVALUATION,FEATURE_SEARCH_ONLY,second_S2D.mat,236,265,5,14344,265,0.999672532081604,True
PUBLISHED_PRECOMPUTED_FEATURE_EVALUATION,FEATURE_SEARCH_ONLY,second_S2D.mat,236,265,6,14332,265,0.9996591806411743,True
PUBLISHED_PRECOMPUTED_FEATURE_EVALUATION,FEATURE_SEARCH_ONLY,second_S2D.mat,236,265,7,14346,265,0.9996588230133057,True
PUBLISHED_PRECOMPUTED_FEATURE_EVALUATION,FEATURE_SEARCH_ONLY,second_S2D.mat,236,265,8,14354,265,0.9996525049209595,True
PUBLISHED_PRECOMPUTED_FEATURE_EVALUATION,FEATURE_SEARCH_ONLY,second_S2D.mat,236,265,9,14334,265,0.9996469020843506,True
PUBLISHED_PRECOMPUTED_FEATURE_EVALUATION,FEATURE_SEARCH_ONLY,second_S2D.mat,236,265,10,14335,265,0.9996426105499268,True
PUBLISHED_PRECOMPUTED_FEATURE_EVALUATION,FEATURE_SEARCH_ONLY,second_S2D.mat,237,266,1,14397,266,0.9996781945228577,True
PUBLISHED_PRECOMPUTED_FEATURE_EVALUATION,FEATURE_SEARCH_ONLY,second_S2D.mat,237,266,2,14400,266,0.9996779561042786,True
PUBLISHED_PRECOMPUTED_FEATURE_EVALUATION,FEATURE_SEARCH_ONLY,second_S2D.mat,237,266,3,14398,266,0.9996741414070129,True
PUBLISHED_PRECOMPUTED_FEATURE_EVALUATION,FEATURE_SEARCH_ONLY,second_S2D.mat,237,266,4,14406,266,0.9996702671051025,True
PUBLISHED_PRECOMPUTED_FEATURE_EVALUATION,FEATURE_SEARCH_ONLY,second_S2D.mat,237,266,5,14401,266,0.9996685981750488,True
PUBLISHED_PRECOMPUTED_FEATURE_EVALUATION,FEATURE_SEARCH_ONLY,second_S2D.mat,237,266,6,14396,266,0.9996119737625122,True
PUBLISHED_PRECOMPUTED_FEATURE_EVALUATION,FEATURE_SEARCH_ONLY,second_S2D.mat,237,266,7,14399,266,0.9995810389518738,True
PUBLISHED_PRECOMPUTED_FEATURE_EVALUATION,FEATURE_SEARCH_ONLY,second_S2D.mat,237,266,8,14405,266,0.9995771646499634,True
PUBLISHED_PRECOMPUTED_FEATURE_EVALUATION,FEATURE_SEARCH_ONLY,second_S2D.mat,237,266,9,14407,266,0.9995629787445068,True
PUBLISHED_PRECOMPUTED_FEATURE_EVALUATION,FEATURE_SEARCH_ONLY,second_S2D.mat,237,266,10,14414,266,0.9995620250701904,True
PUBLISHED_PRECOMPUTED_FEATURE_EVALUATION,FEATURE_SEARCH_ONLY,second_S2D.mat,238,267,1,14453,267,0.9993267059326172,True
PUBLISHED_PRECOMPUTED_FEATURE_EVALUATION,FEATURE_SEARCH_ONLY,second_S2D.mat,238,267,2,14454,267,0.9992750287055969,True
PUBLISHED_PRECOMPUTED_FEATURE_EVALUATION,FEATURE_SEARCH_ONLY,second_S2D.mat,238,267,3,14471,267,0.9992741346359253,True
PUBLISHED_PRECOMPUTED_FEATURE_EVALUATION,FEATURE_SEARCH_ONLY,second_S2D.mat,238,267,4,14470,267,0.9992608428001404,True
PUBLISHED_PRECOMPUTED_FEATURE_EVALUATION,FEATURE_SEARCH_ONLY,second_S2D.mat,238,267,5,14435,267,0.9992086887359619,True
PUBLISHED_PRECOMPUTED_FEATURE_EVALUATION,FEATURE_SEARCH_ONLY,second_S2D.mat,238,267,6,14452,267,0.9992035031318665,True
PUBLISHED_PRECOMPUTED_FEATURE_EVALUATION,FEATURE_SEARCH_ONLY,second_S2D.mat,238,267,7,14462,267,0.9991365671157837,True
PUBLISHED_PRECOMPUTED_FEATURE_EVALUATION,FEATURE_SEARCH_ONLY,second_S2D.mat,238,267,8,14451,267,0.9991152286529541,True
PUBLISHED_PRECOMPUTED_FEATURE_EVALUATION,FEATURE_SEARCH_ONLY,second_S2D.mat,238,267,9,14455,267,0.9990942478179932,True
PUBLISHED_PRECOMPUTED_FEATURE_EVALUATION,FEATURE_SEARCH_ONLY,second_S2D.mat,238,267,10,14468,267,0.9990851879119873,True
PUBLISHED_PRECOMPUTED_FEATURE_EVALUATION,FEATURE_SEARCH_ONLY,second_S2D.mat,239,268,1,14506,268,0.9995189905166626,True
PUBLISHED_PRECOMPUTED_FEATURE_EVALUATION,FEATURE_SEARCH_ONLY,second_S2D.mat,239,268,2,14505,268,0.9994817972183228,True
PUBLISHED_PRECOMPUTED_FEATURE_EVALUATION,FEATURE_SEARCH_ONLY,second_S2D.mat,239,268,3,14490,268,0.9994741082191467,True
PUBLISHED_PRECOMPUTED_FEATURE_EVALUATION,FEATURE_SEARCH_ONLY,second_S2D.mat,239,268,4,14488,268,0.9994204044342041,True
PUBLISHED_PRECOMPUTED_FEATURE_EVALUATION,FEATURE_SEARCH_ONLY,second_S2D.mat,239,268,5,14487,268,0.9993599057197571,True
PUBLISHED_PRECOMPUTED_FEATURE_EVALUATION,FEATURE_SEARCH_ONLY,second_S2D.mat,239,268,6,14507,268,0.999354362487793,True
PUBLISHED_PRECOMPUTED_FEATURE_EVALUATION,FEATURE_SEARCH_ONLY,second_S2D.mat,239,268,7,14489,268,0.999342143535614,True
PUBLISHED_PRECOMPUTED_FEATURE_EVALUATION,FEATURE_SEARCH_ONLY,second_S2D.mat,239,268,8,14504,268,0.9993243217468262,True
PUBLISHED_PRECOMPUTED_FEATURE_EVALUATION,FEATURE_SEARCH_ONLY,second_S2D.mat,239,268,9,14491,268,0.9992894530296326,True
PUBLISHED_PRECOMPUTED_FEATURE_EVALUATION,FEATURE_SEARCH_ONLY,second_S2D.mat,239,268,10,14508,268,0.9992783665657043,True
PUBLISHED_PRECOMPUTED_FEATURE_EVALUATION,FEATURE_SEARCH_ONLY,second_S2D.mat,240,269,1,14565,269,0.9995784163475037,True
PUBLISHED_PRECOMPUTED_FEATURE_EVALUATION,FEATURE_SEARCH_ONLY,second_S2D.mat,240,269,2,14564,269,0.9995677471160889,True
PUBLISHED_PRECOMPUTED_FEATURE_EVALUATION,FEATURE_SEARCH_ONLY,second_S2D.mat,240,269,3,14566,269,0.9995006322860718,True
PUBLISHED_PRECOMPUTED_FEATURE_EVALUATION,FEATURE_SEARCH_ONLY,second_S2D.mat,240,269,4,14561,269,0.9994975924491882,True
PUBLISHED_PRECOMPUTED_FEATURE_EVALUATION,FEATURE_SEARCH_ONLY,second_S2D.mat,240,269,5,14549,269,0.999455451965332,True
PUBLISHED_PRECOMPUTED_FEATURE_EVALUATION,FEATURE_SEARCH_ONLY,second_S2D.mat,240,269,6,14568,269,0.9994511008262634,True
PUBLISHED_PRECOMPUTED_FEATURE_EVALUATION,FEATURE_SEARCH_ONLY,second_S2D.mat,240,269,7,14567,269,0.9994441866874695,True
PUBLISHED_PRECOMPUTED_FEATURE_EVALUATION,FEATURE_SEARCH_ONLY,second_S2D.mat,240,269,8,14579,269,0.9994263648986816,True
PUBLISHED_PRECOMPUTED_FEATURE_EVALUATION,FEATURE_SEARCH_ONLY,second_S2D.mat,240,269,9,14569,269,0.9994239211082458,True
PUBLISHED_PRECOMPUTED_FEATURE_EVALUATION,FEATURE_SEARCH_ONLY,second_S2D.mat,240,269,10,14570,269,0.999414324760437,True
PUBLISHED_PRECOMPUTED_FEATURE_EVALUATION,FEATURE_SEARCH_ONLY,second_S2D.mat,241,270,1,14615,270,0.9994977116584778,True
PUBLISHED_PRECOMPUTED_FEATURE_EVALUATION,FEATURE_SEARCH_ONLY,second_S2D.mat,241,270,2,14616,270,0.9994876384735107,True
PUBLISHED_PRECOMPUTED_FEATURE_EVALUATION,FEATURE_SEARCH_ONLY,second_S2D.mat,241,270,3,14614,270,0.9994847774505615,True
PUBLISHED_PRECOMPUTED_FEATURE_EVALUATION,FEATURE_SEARCH_ONLY,second_S2D.mat,241,270,4,14600,270,0.9994467496871948,True
PUBLISHED_PRECOMPUTED_FEATURE_EVALUATION,FEATURE_SEARCH_ONLY,second_S2D.mat,241,270,5,14618,270,0.9994263648986816,True
PUBLISHED_PRECOMPUTED_FEATURE_EVALUATION,FEATURE_SEARCH_ONLY,second_S2D.mat,241,270,6,14596,270,0.9994243383407593,True
PUBLISHED_PRECOMPUTED_FEATURE_EVALUATION,FEATURE_SEARCH_ONLY,second_S2D.mat,241,270,7,14604,270,0.9994201064109802,True
PUBLISHED_PRECOMPUTED_FEATURE_EVALUATION,FEATURE_SEARCH_ONLY,second_S2D.mat,241,270,8,14623,270,0.9994192123413086,True
PUBLISHED_PRECOMPUTED_FEATURE_EVALUATION,FEATURE_SEARCH_ONLY,second_S2D.mat,241,270,9,14597,270,0.9994149208068848,True
PUBLISHED_PRECOMPUTED_FEATURE_EVALUATION,FEATURE_SEARCH_ONLY,second_S2D.mat,241,270,10,14610,270,0.9994029998779297,True
PUBLISHED_PRECOMPUTED_FEATURE_EVALUATION,FEATURE_SEARCH_ONLY,second_S2D.mat,242,271,1,14672,271,0.9996436238288879,True
PUBLISHED_PRECOMPUTED_FEATURE_EVALUATION,FEATURE_SEARCH_ONLY,second_S2D.mat,242,271,2,14654,271,0.9995744824409485,True
PUBLISHED_PRECOMPUTED_FEATURE_EVALUATION,FEATURE_SEARCH_ONLY,second_S2D.mat,242,271,3,14666,271,0.9995599389076233,True
PUBLISHED_PRECOMPUTED_FEATURE_EVALUATION,FEATURE_SEARCH_ONLY,second_S2D.mat,242,271,4,14667,271,0.9995594620704651,True
PUBLISHED_PRECOMPUTED_FEATURE_EVALUATION,FEATURE_SEARCH_ONLY,second_S2D.mat,242,271,5,14636,271,0.9995380640029907,True
PUBLISHED_PRECOMPUTED_FEATURE_EVALUATION,FEATURE_SEARCH_ONLY,second_S2D.mat,242,271,6,14674,271,0.9995293617248535,True
PUBLISHED_PRECOMPUTED_FEATURE_EVALUATION,FEATURE_SEARCH_ONLY,second_S2D.mat,242,271,7,14675,271,0.9995261430740356,True
PUBLISHED_PRECOMPUTED_FEATURE_EVALUATION,FEATURE_SEARCH_ONLY,second_S2D.mat,242,271,8,14673,271,0.9995256662368774,True
PUBLISHED_PRECOMPUTED_FEATURE_EVALUATION,FEATURE_SEARCH_ONLY,second_S2D.mat,242,271,9,14671,271,0.9995236396789551,True
PUBLISHED_PRECOMPUTED_FEATURE_EVALUATION,FEATURE_SEARCH_ONLY,second_S2D.mat,242,271,10,14681,271,0.9995216727256775,True
PUBLISHED_PRECOMPUTED_FEATURE_EVALUATION,FEATURE_SEARCH_ONLY,second_S2D.mat,243,273,1,14780,273,0.9995697140693665,True
PUBLISHED_PRECOMPUTED_FEATURE_EVALUATION,FEATURE_SEARCH_ONLY,second_S2D.mat,243,273,2,14783,273,0.9995284080505371,True
PUBLISHED_PRECOMPUTED_FEATURE_EVALUATION,FEATURE_SEARCH_ONLY,second_S2D.mat,243,273,3,14765,273,0.9995046854019165,True
PUBLISHED_PRECOMPUTED_FEATURE_EVALUATION,FEATURE_SEARCH_ONLY,second_S2D.mat,243,273,4,14779,273,0.9994985461235046,True
PUBLISHED_PRECOMPUTED_FEATURE_EVALUATION,FEATURE_SEARCH_ONLY,second_S2D.mat,243,273,5,14782,273,0.9994903802871704,True
PUBLISHED_PRECOMPUTED_FEATURE_EVALUATION,FEATURE_SEARCH_ONLY,second_S2D.mat,243,273,6,14762,273,0.9994717240333557,True
PUBLISHED_PRECOMPUTED_FEATURE_EVALUATION,FEATURE_SEARCH_ONLY,second_S2D.mat,243,273,7,14781,273,0.9994544982910156,True
PUBLISHED_PRECOMPUTED_FEATURE_EVALUATION,FEATURE_SEARCH_ONLY,second_S2D.mat,243,273,8,14763,273,0.9994339942932129,True
PUBLISHED_PRECOMPUTED_FEATURE_EVALUATION,FEATURE_SEARCH_ONLY,second_S2D.mat,243,273,9,14791,273,0.9994256496429443,True
PUBLISHED_PRECOMPUTED_FEATURE_EVALUATION,FEATURE_SEARCH_ONLY,second_S2D.mat,243,273,10,14784,273,0.9994094371795654,True
PUBLISHED_PRECOMPUTED_FEATURE_EVALUATION,FEATURE_SEARCH_ONLY,second_S2D.mat,244,274,1,14823,274,0.9996463060379028,True
PUBLISHED_PRECOMPUTED_FEATURE_EVALUATION,FEATURE_SEARCH_ONLY,second_S2D.mat,244,274,2,14822,274,0.9996250867843628,True
PUBLISHED_PRECOMPUTED_FEATURE_EVALUATION,FEATURE_SEARCH_ONLY,second_S2D.mat,244,274,3,14841,274,0.999619722366333,True
PUBLISHED_PRECOMPUTED_FEATURE_EVALUATION,FEATURE_SEARCH_ONLY,second_S2D.mat,244,274,4,14839,274,0.9996181726455688,True
PUBLISHED_PRECOMPUTED_FEATURE_EVALUATION,FEATURE_SEARCH_ONLY,second_S2D.mat,244,274,5,14840,274,0.9996042251586914,True
PUBLISHED_PRECOMPUTED_FEATURE_EVALUATION,FEATURE_SEARCH_ONLY,second_S2D.mat,244,274,6,14838,274,0.9995861053466797,True
PUBLISHED_PRECOMPUTED_FEATURE_EVALUATION,FEATURE_SEARCH_ONLY,second_S2D.mat,244,274,7,14821,274,0.9995681047439575,True
PUBLISHED_PRECOMPUTED_FEATURE_EVALUATION,FEATURE_SEARCH_ONLY,second_S2D.mat,244,274,8,14824,274,0.9995652437210083,True
PUBLISHED_PRECOMPUTED_FEATURE_EVALUATION,FEATURE_SEARCH_ONLY,second_S2D.mat,244,274,9,14830,274,0.9995651245117188,True
PUBLISHED_PRECOMPUTED_FEATURE_EVALUATION,FEATURE_SEARCH_ONLY,second_S2D.mat,244,274,10,14832,274,0.999549150466919,True
PUBLISHED_PRECOMPUTED_FEATURE_EVALUATION,FEATURE_SEARCH_ONLY,second_S2D.mat,245,276,1,14926,276,0.9995755553245544,True
PUBLISHED_PRECOMPUTED_FEATURE_EVALUATION,FEATURE_SEARCH_ONLY,second_S2D.mat,245,276,2,14927,276,0.9995602965354919,True
PUBLISHED_PRECOMPUTED_FEATURE_EVALUATION,FEATURE_SEARCH_ONLY,second_S2D.mat,245,276,3,14936,276,0.9995390772819519,True
PUBLISHED_PRECOMPUTED_FEATURE_EVALUATION,FEATURE_SEARCH_ONLY,second_S2D.mat,245,276,4,14944,276,0.9995331764221191,True
PUBLISHED_PRECOMPUTED_FEATURE_EVALUATION,FEATURE_SEARCH_ONLY,second_S2D.mat,245,276,5,14925,276,0.9994988441467285,True
PUBLISHED_PRECOMPUTED_FEATURE_EVALUATION,FEATURE_SEARCH_ONLY,second_S2D.mat,245,276,6,14934,276,0.9994961023330688,True
PUBLISHED_PRECOMPUTED_FEATURE_EVALUATION,FEATURE_SEARCH_ONLY,second_S2D.mat,245,276,7,14945,276,0.9994931221008301,True
PUBLISHED_PRECOMPUTED_FEATURE_EVALUATION,FEATURE_SEARCH_ONLY,second_S2D.mat,245,276,8,14937,276,0.9994781017303467,True
PUBLISHED_PRECOMPUTED_FEATURE_EVALUATION,FEATURE_SEARCH_ONLY,second_S2D.mat,245,276,9,14935,276,0.99947190284729,True
PUBLISHED_PRECOMPUTED_FEATURE_EVALUATION,FEATURE_SEARCH_ONLY,second_S2D.mat,245,276,10,14908,276,0.9994666576385498,True
PUBLISHED_PRECOMPUTED_FEATURE_EVALUATION,FEATURE_SEARCH_ONLY,second_S2D.mat,246,278,1,15047,278,0.9994311928749084,True
PUBLISHED_PRECOMPUTED_FEATURE_EVALUATION,FEATURE_SEARCH_ONLY,second_S2D.mat,246,278,2,15050,278,0.9994243383407593,True
PUBLISHED_PRECOMPUTED_FEATURE_EVALUATION,FEATURE_SEARCH_ONLY,second_S2D.mat,246,278,3,15049,278,0.999423623085022,True
PUBLISHED_PRECOMPUTED_FEATURE_EVALUATION,FEATURE_SEARCH_ONLY,second_S2D.mat,246,278,4,15048,278,0.9994223117828369,True
PUBLISHED_PRECOMPUTED_FEATURE_EVALUATION,FEATURE_SEARCH_ONLY,second_S2D.mat,246,278,5,15051,278,0.9994163513183594,True
PUBLISHED_PRECOMPUTED_FEATURE_EVALUATION,FEATURE_SEARCH_ONLY,second_S2D.mat,246,278,6,15029,278,0.9994149804115295,True
PUBLISHED_PRECOMPUTED_FEATURE_EVALUATION,FEATURE_SEARCH_ONLY,second_S2D.mat,246,278,7,15032,278,0.999409556388855,True
PUBLISHED_PRECOMPUTED_FEATURE_EVALUATION,FEATURE_SEARCH_ONLY,second_S2D.mat,246,278,8,15046,278,0.9994094371795654,True
PUBLISHED_PRECOMPUTED_FEATURE_EVALUATION,FEATURE_SEARCH_ONLY,second_S2D.mat,246,278,9,15064,278,0.9994032382965088,True
PUBLISHED_PRECOMPUTED_FEATURE_EVALUATION,FEATURE_SEARCH_ONLY,second_S2D.mat,246,278,10,15031,278,0.9993981122970581,True
PUBLISHED_PRECOMPUTED_FEATURE_EVALUATION,FEATURE_SEARCH_ONLY,second_S2D.mat,247,279,1,15109,279,0.9995696544647217,True
PUBLISHED_PRECOMPUTED_FEATURE_EVALUATION,FEATURE_SEARCH_ONLY,second_S2D.mat,247,279,2,15090,279,0.9995695352554321,True
PUBLISHED_PRECOMPUTED_FEATURE_EVALUATION,FEATURE_SEARCH_ONLY,second_S2D.mat,247,279,3,15089,279,0.999556839466095,True
PUBLISHED_PRECOMPUTED_FEATURE_EVALUATION,FEATURE_SEARCH_ONLY,second_S2D.mat,247,279,4,15108,279,0.9995567798614502,True
PUBLISHED_PRECOMPUTED_FEATURE_EVALUATION,FEATURE_SEARCH_ONLY,second_S2D.mat,247,279,5,15091,279,0.9995402693748474,True
PUBLISHED_PRECOMPUTED_FEATURE_EVALUATION,FEATURE_SEARCH_ONLY,second_S2D.mat,247,279,6,15111,279,0.9995379447937012,True
PUBLISHED_PRECOMPUTED_FEATURE_EVALUATION,FEATURE_SEARCH_ONLY,second_S2D.mat,247,279,7,15107,279,0.9995294809341431,True
PUBLISHED_PRECOMPUTED_FEATURE_EVALUATION,FEATURE_SEARCH_ONLY,second_S2D.mat,247,279,8,15093,279,0.9995251297950745,True
PUBLISHED_PRECOMPUTED_FEATURE_EVALUATION,FEATURE_SEARCH_ONLY,second_S2D.mat,247,279,9,15110,279,0.999517560005188,True
PUBLISHED_PRECOMPUTED_FEATURE_EVALUATION,FEATURE_SEARCH_ONLY,second_S2D.mat,247,279,10,15100,279,0.9994937777519226,True
PUBLISHED_PRECOMPUTED_FEATURE_EVALUATION,FEATURE_SEARCH_ONLY,second_S2D.mat,248,280,1,15154,280,0.9995200634002686,True
PUBLISHED_PRECOMPUTED_FEATURE_EVALUATION,FEATURE_SEARCH_ONLY,second_S2D.mat,248,280,2,15156,280,0.9995148777961731,True
PUBLISHED_PRECOMPUTED_FEATURE_EVALUATION,FEATURE_SEARCH_ONLY,second_S2D.mat,248,280,3,15158,280,0.999502420425415,True
PUBLISHED_PRECOMPUTED_FEATURE_EVALUATION,FEATURE_SEARCH_ONLY,second_S2D.mat,248,280,4,15155,280,0.9994819164276123,True
PUBLISHED_PRECOMPUTED_FEATURE_EVALUATION,FEATURE_SEARCH_ONLY,second_S2D.mat,248,280,5,15137,280,0.9994747638702393,True
PUBLISHED_PRECOMPUTED_FEATURE_EVALUATION,FEATURE_SEARCH_ONLY,second_S2D.mat,248,280,6,15159,280,0.9994565844535828,True
PUBLISHED_PRECOMPUTED_FEATURE_EVALUATION,FEATURE_SEARCH_ONLY,second_S2D.mat,248,280,7,15139,280,0.9994521141052246,True
PUBLISHED_PRECOMPUTED_FEATURE_EVALUATION,FEATURE_SEARCH_ONLY,second_S2D.mat,248,280,8,15161,280,0.9994410276412964,True
PUBLISHED_PRECOMPUTED_FEATURE_EVALUATION,FEATURE_SEARCH_ONLY,second_S2D.mat,248,280,9,15138,280,0.9994394183158875,True
PUBLISHED_PRECOMPUTED_FEATURE_EVALUATION,FEATURE_SEARCH_ONLY,second_S2D.mat,248,280,10,15141,280,0.99943608045578,True
PUBLISHED_PRECOMPUTED_FEATURE_EVALUATION,FEATURE_SEARCH_ONLY,second_S2D.mat,249,282,1,15264,282,0.9995510578155518,True
PUBLISHED_PRECOMPUTED_FEATURE_EVALUATION,FEATURE_SEARCH_ONLY,second_S2D.mat,249,282,2,15254,282,0.9995219707489014,True
PUBLISHED_PRECOMPUTED_FEATURE_EVALUATION,FEATURE_SEARCH_ONLY,second_S2D.mat,249,282,3,15253,282,0.9995028376579285,True
PUBLISHED_PRECOMPUTED_FEATURE_EVALUATION,FEATURE_SEARCH_ONLY,second_S2D.mat,249,282,4,15255,282,0.9994953870773315,True
PUBLISHED_PRECOMPUTED_FEATURE_EVALUATION,FEATURE_SEARCH_ONLY,second_S2D.mat,249,282,5,15271,282,0.9994935989379883,True
PUBLISHED_PRECOMPUTED_FEATURE_EVALUATION,FEATURE_SEARCH_ONLY,second_S2D.mat,249,282,6,15273,282,0.9994807243347168,True
PUBLISHED_PRECOMPUTED_FEATURE_EVALUATION,FEATURE_SEARCH_ONLY,second_S2D.mat,249,282,7,15246,282,0.9994601011276245,True
PUBLISHED_PRECOMPUTED_FEATURE_EVALUATION,FEATURE_SEARCH_ONLY,second_S2D.mat,249,282,8,15269,282,0.9994571805000305,True
PUBLISHED_PRECOMPUTED_FEATURE_EVALUATION,FEATURE_SEARCH_ONLY,second_S2D.mat,249,282,9,15267,282,0.9994503259658813,True
PUBLISHED_PRECOMPUTED_FEATURE_EVALUATION,FEATURE_SEARCH_ONLY,second_S2D.mat,249,282,10,15272,282,0.9994484186172485,True
PUBLISHED_PRECOMPUTED_FEATURE_EVALUATION,FEATURE_SEARCH_ONLY,second_S2D.mat,250,283,1,15315,283,0.9994235038757324,True
PUBLISHED_PRECOMPUTED_FEATURE_EVALUATION,FEATURE_SEARCH_ONLY,second_S2D.mat,250,283,2,15316,283,0.9993298053741455,True
PUBLISHED_PRECOMPUTED_FEATURE_EVALUATION,FEATURE_SEARCH_ONLY,second_S2D.mat,250,283,3,15298,283,0.9993250370025635,True
PUBLISHED_PRECOMPUTED_FEATURE_EVALUATION,FEATURE_SEARCH_ONLY,second_S2D.mat,250,283,4,15297,283,0.9993232488632202,True
PUBLISHED_PRECOMPUTED_FEATURE_EVALUATION,FEATURE_SEARCH_ONLY,second_S2D.mat,250,283,5,15325,283,0.9993146657943726,True
PUBLISHED_PRECOMPUTED_FEATURE_EVALUATION,FEATURE_SEARCH_ONLY,second_S2D.mat,250,283,6,15296,283,0.9992907643318176,True
PUBLISHED_PRECOMPUTED_FEATURE_EVALUATION,FEATURE_SEARCH_ONLY,second_S2D.mat,250,283,7,15324,283,0.9992288947105408,True
PUBLISHED_PRECOMPUTED_FEATURE_EVALUATION,FEATURE_SEARCH_ONLY,second_S2D.mat,250,283,8,15317,283,0.9992193579673767,True
PUBLISHED_PRECOMPUTED_FEATURE_EVALUATION,FEATURE_SEARCH_ONLY,second_S2D.mat,250,283,9,15295,283,0.9992135763168335,True
PUBLISHED_PRECOMPUTED_FEATURE_EVALUATION,FEATURE_SEARCH_ONLY,second_S2D.mat,250,283,10,15299,283,0.999211847782135,True
PUBLISHED_PRECOMPUTED_FEATURE_EVALUATION,FEATURE_SEARCH_ONLY,second_S2D.mat,251,284,1,15380,284,0.999528706073761,True
PUBLISHED_PRECOMPUTED_FEATURE_EVALUATION,FEATURE_SEARCH_ONLY,second_S2D.mat,251,284,2,15362,284,0.9994896650314331,True
PUBLISHED_PRECOMPUTED_FEATURE_EVALUATION,FEATURE_SEARCH_ONLY,second_S2D.mat,251,284,3,15381,284,0.9994896650314331,True
PUBLISHED_PRECOMPUTED_FEATURE_EVALUATION,FEATURE_SEARCH_ONLY,second_S2D.mat,251,284,4,15379,284,0.9994850158691406,True
PUBLISHED_PRECOMPUTED_FEATURE_EVALUATION,FEATURE_SEARCH_ONLY,second_S2D.mat,251,284,5,15361,284,0.9994465708732605,True
PUBLISHED_PRECOMPUTED_FEATURE_EVALUATION,FEATURE_SEARCH_ONLY,second_S2D.mat,251,284,6,15373,284,0.9994333982467651,True
PUBLISHED_PRECOMPUTED_FEATURE_EVALUATION,FEATURE_SEARCH_ONLY,second_S2D.mat,251,284,7,15363,284,0.9994324445724487,True
PUBLISHED_PRECOMPUTED_FEATURE_EVALUATION,FEATURE_SEARCH_ONLY,second_S2D.mat,251,284,8,15372,284,0.9994230270385742,True
PUBLISHED_PRECOMPUTED_FEATURE_EVALUATION,FEATURE_SEARCH_ONLY,second_S2D.mat,251,284,9,15368,284,0.9994091987609863,True
PUBLISHED_PRECOMPUTED_FEATURE_EVALUATION,FEATURE_SEARCH_ONLY,second_S2D.mat,251,284,10,15369,284,0.999395489692688,True
PUBLISHED_PRECOMPUTED_FEATURE_EVALUATION,FEATURE_SEARCH_ONLY,second_S2D.mat,252,285,1,15429,285,0.9994106888771057,True
PUBLISHED_PRECOMPUTED_FEATURE_EVALUATION,FEATURE_SEARCH_ONLY,second_S2D.mat,252,285,2,15416,285,0.9994077682495117,True
PUBLISHED_PRECOMPUTED_FEATURE_EVALUATION,FEATURE_SEARCH_ONLY,second_S2D.mat,252,285,3,15412,285,0.9994043111801147,True
PUBLISHED_PRECOMPUTED_FEATURE_EVALUATION,FEATURE_SEARCH_ONLY,second_S2D.mat,252,285,4,15428,285,0.9994041919708252,True
PUBLISHED_PRECOMPUTED_FEATURE_EVALUATION,FEATURE_SEARCH_ONLY,second_S2D.mat,252,285,5,15434,285,0.9993938207626343,True
PUBLISHED_PRECOMPUTED_FEATURE_EVALUATION,FEATURE_SEARCH_ONLY,second_S2D.mat,252,285,6,15411,285,0.9993923902511597,True
PUBLISHED_PRECOMPUTED_FEATURE_EVALUATION,FEATURE_SEARCH_ONLY,second_S2D.mat,252,285,7,15413,285,0.9993919134140015,True
PUBLISHED_PRECOMPUTED_FEATURE_EVALUATION,FEATURE_SEARCH_ONLY,second_S2D.mat,252,285,8,15417,285,0.9993800520896912,True
PUBLISHED_PRECOMPUTED_FEATURE_EVALUATION,FEATURE_SEARCH_ONLY,second_S2D.mat,252,285,9,15427,285,0.9993710517883301,True
PUBLISHED_PRECOMPUTED_FEATURE_EVALUATION,FEATURE_SEARCH_ONLY,second_S2D.mat,252,285,10,15410,285,0.9993243217468262,True
PUBLISHED_PRECOMPUTED_FEATURE_EVALUATION,FEATURE_SEARCH_ONLY,second_S2D.mat,253,286,1,15475,286,0.999546229839325,True
PUBLISHED_PRECOMPUTED_FEATURE_EVALUATION,FEATURE_SEARCH_ONLY,second_S2D.mat,253,286,2,15466,286,0.999508261680603,True
PUBLISHED_PRECOMPUTED_FEATURE_EVALUATION,FEATURE_SEARCH_ONLY,second_S2D.mat,253,286,3,15484,286,0.9995080828666687,True
PUBLISHED_PRECOMPUTED_FEATURE_EVALUATION,FEATURE_SEARCH_ONLY,second_S2D.mat,253,286,4,15476,286,0.9995051622390747,True
PUBLISHED_PRECOMPUTED_FEATURE_EVALUATION,FEATURE_SEARCH_ONLY,second_S2D.mat,253,286,5,15478,286,0.9995038509368896,True
PUBLISHED_PRECOMPUTED_FEATURE_EVALUATION,FEATURE_SEARCH_ONLY,second_S2D.mat,253,286,6,15485,286,0.9994986653327942,True
PUBLISHED_PRECOMPUTED_FEATURE_EVALUATION,FEATURE_SEARCH_ONLY,second_S2D.mat,253,286,7,15477,286,0.9994732141494751,True
PUBLISHED_PRECOMPUTED_FEATURE_EVALUATION,FEATURE_SEARCH_ONLY,second_S2D.mat,253,286,8,15483,286,0.9994716644287109,True
PUBLISHED_PRECOMPUTED_FEATURE_EVALUATION,FEATURE_SEARCH_ONLY,second_S2D.mat,253,286,9,15487,286,0.9994426965713501,True
PUBLISHED_PRECOMPUTED_FEATURE_EVALUATION,FEATURE_SEARCH_ONLY,second_S2D.mat,253,286,10,15474,286,0.9994308948516846,True
PUBLISHED_PRECOMPUTED_FEATURE_EVALUATION,FEATURE_SEARCH_ONLY,second_S2D.mat,254,287,1,15534,287,0.9995023012161255,True
PUBLISHED_PRECOMPUTED_FEATURE_EVALUATION,FEATURE_SEARCH_ONLY,second_S2D.mat,254,287,2,15533,287,0.9994947910308838,True
PUBLISHED_PRECOMPUTED_FEATURE_EVALUATION,FEATURE_SEARCH_ONLY,second_S2D.mat,254,287,3,15532,287,0.9994592070579529,True
PUBLISHED_PRECOMPUTED_FEATURE_EVALUATION,FEATURE_SEARCH_ONLY,second_S2D.mat,254,287,4,15551,287,0.9994429349899292,True
PUBLISHED_PRECOMPUTED_FEATURE_EVALUATION,FEATURE_SEARCH_ONLY,second_S2D.mat,254,287,5,15515,287,0.9994404315948486,True
PUBLISHED_PRECOMPUTED_FEATURE_EVALUATION,FEATURE_SEARCH_ONLY,second_S2D.mat,254,287,6,15535,287,0.9994193315505981,True
PUBLISHED_PRECOMPUTED_FEATURE_EVALUATION,FEATURE_SEARCH_ONLY,second_S2D.mat,254,287,7,15517,287,0.9994127154350281,True
PUBLISHED_PRECOMPUTED_FEATURE_EVALUATION,FEATURE_SEARCH_ONLY,second_S2D.mat,254,287,8,15537,287,0.9993922710418701,True
PUBLISHED_PRECOMPUTED_FEATURE_EVALUATION,FEATURE_SEARCH_ONLY,second_S2D.mat,254,287,9,15514,287,0.9993740320205688,True
PUBLISHED_PRECOMPUTED_FEATURE_EVALUATION,FEATURE_SEARCH_ONLY,second_S2D.mat,254,287,10,15516,287,0.9993470907211304,True
PUBLISHED_PRECOMPUTED_FEATURE_EVALUATION,FEATURE_SEARCH_ONLY,second_S2D.mat,255,288,1,15582,288,0.9995186924934387,True
PUBLISHED_PRECOMPUTED_FEATURE_EVALUATION,FEATURE_SEARCH_ONLY,second_S2D.mat,255,288,2,15593,288,0.9995132684707642,True
PUBLISHED_PRECOMPUTED_FEATURE_EVALUATION,FEATURE_SEARCH_ONLY,second_S2D.mat,255,288,3,15574,288,0.9995015263557434,True
PUBLISHED_PRECOMPUTED_FEATURE_EVALUATION,FEATURE_SEARCH_ONLY,second_S2D.mat,255,288,4,15587,288,0.9994845986366272,True
PUBLISHED_PRECOMPUTED_FEATURE_EVALUATION,FEATURE_SEARCH_ONLY,second_S2D.mat,255,288,5,15586,288,0.9994734525680542,True
PUBLISHED_PRECOMPUTED_FEATURE_EVALUATION,FEATURE_SEARCH_ONLY,second_S2D.mat,255,288,6,15592,288,0.9994716644287109,True
PUBLISHED_PRECOMPUTED_FEATURE_EVALUATION,FEATURE_SEARCH_ONLY,second_S2D.mat,255,288,7,15594,288,0.9994668960571289,True
PUBLISHED_PRECOMPUTED_FEATURE_EVALUATION,FEATURE_SEARCH_ONLY,second_S2D.mat,255,288,8,15590,288,0.9994654655456543,True
PUBLISHED_PRECOMPUTED_FEATURE_EVALUATION,FEATURE_SEARCH_ONLY,second_S2D.mat,255,288,9,15597,288,0.9994553923606873,True
PUBLISHED_PRECOMPUTED_FEATURE_EVALUATION,FEATURE_SEARCH_ONLY,second_S2D.mat,255,288,10,15591,288,0.9994551539421082,True
PUBLISHED_PRECOMPUTED_FEATURE_EVALUATION,FEATURE_SEARCH_ONLY,second_S2D.mat,256,291,1,15752,291,0.9998031258583069,True
PUBLISHED_PRECOMPUTED_FEATURE_EVALUATION,FEATURE_SEARCH_ONLY,second_S2D.mat,256,291,2,15765,291,0.9997910857200623,True
PUBLISHED_PRECOMPUTED_FEATURE_EVALUATION,FEATURE_SEARCH_ONLY,second_S2D.mat,256,291,3,15751,291,0.9997838139533997,True
PUBLISHED_PRECOMPUTED_FEATURE_EVALUATION,FEATURE_SEARCH_ONLY,second_S2D.mat,256,291,4,15750,291,0.9997785091400146,True
PUBLISHED_PRECOMPUTED_FEATURE_EVALUATION,FEATURE_SEARCH_ONLY,second_S2D.mat,256,291,5,15747,291,0.9997725486755371,True
PUBLISHED_PRECOMPUTED_FEATURE_EVALUATION,FEATURE_SEARCH_ONLY,second_S2D.mat,256,291,6,15766,291,0.9997656941413879,True
PUBLISHED_PRECOMPUTED_FEATURE_EVALUATION,FEATURE_SEARCH_ONLY,second_S2D.mat,256,291,7,15754,291,0.9997624158859253,True
PUBLISHED_PRECOMPUTED_FEATURE_EVALUATION,FEATURE_SEARCH_ONLY,second_S2D.mat,256,291,8,15748,291,0.9997544288635254,True
PUBLISHED_PRECOMPUTED_FEATURE_EVALUATION,FEATURE_SEARCH_ONLY,second_S2D.mat,256,291,9,15763,291,0.9997517466545105,True
PUBLISHED_PRECOMPUTED_FEATURE_EVALUATION,FEATURE_SEARCH_ONLY,second_S2D.mat,256,291,10,15743,291,0.9997514486312866,True
PUBLISHED_PRECOMPUTED_FEATURE_EVALUATION,FEATURE_SEARCH_ONLY,second_S2D.mat,257,292,1,15813,292,0.9993417859077454,True
PUBLISHED_PRECOMPUTED_FEATURE_EVALUATION,FEATURE_SEARCH_ONLY,second_S2D.mat,257,292,2,15796,292,0.9992998838424683,True
PUBLISHED_PRECOMPUTED_FEATURE_EVALUATION,FEATURE_SEARCH_ONLY,second_S2D.mat,257,292,3,15812,292,0.9992989301681519,True
PUBLISHED_PRECOMPUTED_FEATURE_EVALUATION,FEATURE_SEARCH_ONLY,second_S2D.mat,257,292,4,15795,292,0.9992859363555908,True
PUBLISHED_PRECOMPUTED_FEATURE_EVALUATION,FEATURE_SEARCH_ONLY,second_S2D.mat,257,292,5,15794,292,0.9992638826370239,True
PUBLISHED_PRECOMPUTED_FEATURE_EVALUATION,FEATURE_SEARCH_ONLY,second_S2D.mat,257,292,6,15784,292,0.9992623925209045,True
PUBLISHED_PRECOMPUTED_FEATURE_EVALUATION,FEATURE_SEARCH_ONLY,second_S2D.mat,257,292,7,15785,292,0.9992485046386719,True
PUBLISHED_PRECOMPUTED_FEATURE_EVALUATION,FEATURE_SEARCH_ONLY,second_S2D.mat,257,292,8,15803,292,0.999241828918457,True
PUBLISHED_PRECOMPUTED_FEATURE_EVALUATION,FEATURE_SEARCH_ONLY,second_S2D.mat,257,292,9,15811,292,0.9992125630378723,True
PUBLISHED_PRECOMPUTED_FEATURE_EVALUATION,FEATURE_SEARCH_ONLY,second_S2D.mat,257,292,10,15814,292,0.99921053647995,True
PUBLISHED_PRECOMPUTED_FEATURE_EVALUATION,FEATURE_SEARCH_ONLY,second_S2D.mat,258,293,1,15868,293,0.9996757507324219,True
PUBLISHED_PRECOMPUTED_FEATURE_EVALUATION,FEATURE_SEARCH_ONLY,second_S2D.mat,258,293,2,15857,293,0.9996695518493652,True
PUBLISHED_PRECOMPUTED_FEATURE_EVALUATION,FEATURE_SEARCH_ONLY,second_S2D.mat,258,293,3,15858,293,0.9996517896652222,True
PUBLISHED_PRECOMPUTED_FEATURE_EVALUATION,FEATURE_SEARCH_ONLY,second_S2D.mat,258,293,4,15867,293,0.9996387362480164,True
PUBLISHED_PRECOMPUTED_FEATURE_EVALUATION,FEATURE_SEARCH_ONLY,second_S2D.mat,258,293,5,15839,293,0.9996201992034912,True
PUBLISHED_PRECOMPUTED_FEATURE_EVALUATION,FEATURE_SEARCH_ONLY,second_S2D.mat,258,293,6,15849,293,0.9996018409729004,True
PUBLISHED_PRECOMPUTED_FEATURE_EVALUATION,FEATURE_SEARCH_ONLY,second_S2D.mat,258,293,7,15853,293,0.9996016025543213,True
PUBLISHED_PRECOMPUTED_FEATURE_EVALUATION,FEATURE_SEARCH_ONLY,second_S2D.mat,258,293,8,15850,293,0.9995964765548706,True
PUBLISHED_PRECOMPUTED_FEATURE_EVALUATION,FEATURE_SEARCH_ONLY,second_S2D.mat,258,293,9,15862,293,0.999588131904602,True
PUBLISHED_PRECOMPUTED_FEATURE_EVALUATION,FEATURE_SEARCH_ONLY,second_S2D.mat,258,293,10,15848,293,0.9995766878128052,True
PUBLISHED_PRECOMPUTED_FEATURE_EVALUATION,FEATURE_SEARCH_ONLY,second_S2D.mat,259,294,1,15908,294,0.9995626211166382,True
PUBLISHED_PRECOMPUTED_FEATURE_EVALUATION,FEATURE_SEARCH_ONLY,second_S2D.mat,259,294,2,15912,294,0.9995264410972595,True
PUBLISHED_PRECOMPUTED_FEATURE_EVALUATION,FEATURE_SEARCH_ONLY,second_S2D.mat,259,294,3,15926,294,0.9994419813156128,True
PUBLISHED_PRECOMPUTED_FEATURE_EVALUATION,FEATURE_SEARCH_ONLY,second_S2D.mat,259,294,4,15894,294,0.999387800693512,True
PUBLISHED_PRECOMPUTED_FEATURE_EVALUATION,FEATURE_SEARCH_ONLY,second_S2D.mat,259,294,5,15913,294,0.9993857145309448,True
PUBLISHED_PRECOMPUTED_FEATURE_EVALUATION,FEATURE_SEARCH_ONLY,second_S2D.mat,259,294,6,15896,294,0.9993788599967957,True
PUBLISHED_PRECOMPUTED_FEATURE_EVALUATION,FEATURE_SEARCH_ONLY,second_S2D.mat,259,294,7,15911,294,0.9993774890899658,True
PUBLISHED_PRECOMPUTED_FEATURE_EVALUATION,FEATURE_SEARCH_ONLY,second_S2D.mat,259,294,8,15895,294,0.9993746280670166,True
PUBLISHED_PRECOMPUTED_FEATURE_EVALUATION,FEATURE_SEARCH_ONLY,second_S2D.mat,259,294,9,15907,294,0.9993714094161987,True
PUBLISHED_PRECOMPUTED_FEATURE_EVALUATION,FEATURE_SEARCH_ONLY,second_S2D.mat,259,294,10,15897,294,0.99934983253479,True
PUBLISHED_PRECOMPUTED_FEATURE_EVALUATION,FEATURE_SEARCH_ONLY,second_S2D.mat,260,295,1,16020,296,0.9995683431625366,False
PUBLISHED_PRECOMPUTED_FEATURE_EVALUATION,FEATURE_SEARCH_ONLY,second_S2D.mat,260,295,2,16021,296,0.999545156955719,False
PUBLISHED_PRECOMPUTED_FEATURE_EVALUATION,FEATURE_SEARCH_ONLY,second_S2D.mat,260,295,3,16022,296,0.9995335936546326,False
PUBLISHED_PRECOMPUTED_FEATURE_EVALUATION,FEATURE_SEARCH_ONLY,second_S2D.mat,260,295,4,15967,295,0.999529242515564,True
PUBLISHED_PRECOMPUTED_FEATURE_EVALUATION,FEATURE_SEARCH_ONLY,second_S2D.mat,260,295,5,15962,295,0.9995244145393372,True
PUBLISHED_PRECOMPUTED_FEATURE_EVALUATION,FEATURE_SEARCH_ONLY,second_S2D.mat,260,295,6,15964,295,0.9995242357254028,True
PUBLISHED_PRECOMPUTED_FEATURE_EVALUATION,FEATURE_SEARCH_ONLY,second_S2D.mat,260,295,7,15968,295,0.9995157718658447,True
PUBLISHED_PRECOMPUTED_FEATURE_EVALUATION,FEATURE_SEARCH_ONLY,second_S2D.mat,260,295,8,15963,295,0.999508798122406,True
PUBLISHED_PRECOMPUTED_FEATURE_EVALUATION,FEATURE_SEARCH_ONLY,second_S2D.mat,260,295,9,16037,296,0.9995062351226807,False
PUBLISHED_PRECOMPUTED_FEATURE_EVALUATION,FEATURE_SEARCH_ONLY,second_S2D.mat,260,295,10,16018,296,0.9994959831237793,False
PUBLISHED_PRECOMPUTED_FEATURE_EVALUATION,FEATURE_SEARCH_ONLY,second_S2D.mat,261,299,1,16162,299,0.9986938834190369,True
PUBLISHED_PRECOMPUTED_FEATURE_EVALUATION,FEATURE_SEARCH_ONLY,second_S2D.mat,261,299,2,16163,299,0.9986510872840881,True
PUBLISHED_PRECOMPUTED_FEATURE_EVALUATION,FEATURE_SEARCH_ONLY,second_S2D.mat,261,299,3,16181,299,0.9986467957496643,True
PUBLISHED_PRECOMPUTED_FEATURE_EVALUATION,FEATURE_SEARCH_ONLY,second_S2D.mat,261,299,4,16153,299,0.9985355138778687,True
PUBLISHED_PRECOMPUTED_FEATURE_EVALUATION,FEATURE_SEARCH_ONLY,second_S2D.mat,261,299,5,16154,299,0.9985131025314331,True
PUBLISHED_PRECOMPUTED_FEATURE_EVALUATION,FEATURE_SEARCH_ONLY,second_S2D.mat,261,299,6,16199,299,0.9984626173973083,True
PUBLISHED_PRECOMPUTED_FEATURE_EVALUATION,FEATURE_SEARCH_ONLY,second_S2D.mat,261,299,7,16180,299,0.9984438419342041,True
PUBLISHED_PRECOMPUTED_FEATURE_EVALUATION,FEATURE_SEARCH_ONLY,second_S2D.mat,261,299,8,16171,299,0.99839848279953,True
PUBLISHED_PRECOMPUTED_FEATURE_EVALUATION,FEATURE_SEARCH_ONLY,second_S2D.mat,261,299,9,16164,299,0.9983938336372375,True
PUBLISHED_PRECOMPUTED_FEATURE_EVALUATION,FEATURE_SEARCH_ONLY,second_S2D.mat,261,299,10,16146,299,0.9983342289924622,True
PUBLISHED_PRECOMPUTED_FEATURE_EVALUATION,FEATURE_SEARCH_ONLY,second_S2D.mat,262,300,1,16251,300,0.9996399283409119,True
PUBLISHED_PRECOMPUTED_FEATURE_EVALUATION,FEATURE_SEARCH_ONLY,second_S2D.mat,262,300,2,16235,300,0.9995587468147278,True
PUBLISHED_PRECOMPUTED_FEATURE_EVALUATION,FEATURE_SEARCH_ONLY,second_S2D.mat,262,300,3,16236,300,0.999552309513092,True
PUBLISHED_PRECOMPUTED_FEATURE_EVALUATION,FEATURE_SEARCH_ONLY,second_S2D.mat,262,300,4,16250,300,0.9995380640029907,True
PUBLISHED_PRECOMPUTED_FEATURE_EVALUATION,FEATURE_SEARCH_ONLY,second_S2D.mat,262,300,5,16233,300,0.9995176196098328,True
PUBLISHED_PRECOMPUTED_FEATURE_EVALUATION,FEATURE_SEARCH_ONLY,second_S2D.mat,262,300,6,16237,300,0.9995108246803284,True
PUBLISHED_PRECOMPUTED_FEATURE_EVALUATION,FEATURE_SEARCH_ONLY,second_S2D.mat,262,300,7,16252,300,0.9994971752166748,True
PUBLISHED_PRECOMPUTED_FEATURE_EVALUATION,FEATURE_SEARCH_ONLY,second_S2D.mat,262,300,8,16253,300,0.9994942545890808,True
PUBLISHED_PRECOMPUTED_FEATURE_EVALUATION,FEATURE_SEARCH_ONLY,second_S2D.mat,262,300,9,16238,300,0.9994783401489258,True
PUBLISHED_PRECOMPUTED_FEATURE_EVALUATION,FEATURE_SEARCH_ONLY,second_S2D.mat,262,300,10,16249,300,0.9994401335716248,True
PUBLISHED_PRECOMPUTED_FEATURE_EVALUATION,FEATURE_SEARCH_ONLY,second_S2D.mat,263,302,1,16325,302,0.9994199275970459,True
PUBLISHED_PRECOMPUTED_FEATURE_EVALUATION,FEATURE_SEARCH_ONLY,second_S2D.mat,263,302,2,16326,302,0.9993748664855957,True
PUBLISHED_PRECOMPUTED_FEATURE_EVALUATION,FEATURE_SEARCH_ONLY,second_S2D.mat,263,302,3,16342,302,0.9993622899055481,True
PUBLISHED_PRECOMPUTED_FEATURE_EVALUATION,FEATURE_SEARCH_ONLY,second_S2D.mat,263,302,4,16343,302,0.9993564486503601,True
PUBLISHED_PRECOMPUTED_FEATURE_EVALUATION,FEATURE_SEARCH_ONLY,second_S2D.mat,263,302,5,16308,302,0.9992765784263611,True
PUBLISHED_PRECOMPUTED_FEATURE_EVALUATION,FEATURE_SEARCH_ONLY,second_S2D.mat,263,302,6,16358,302,0.9992702007293701,True
PUBLISHED_PRECOMPUTED_FEATURE_EVALUATION,FEATURE_SEARCH_ONLY,second_S2D.mat,263,302,7,16354,302,0.99925696849823,True
PUBLISHED_PRECOMPUTED_FEATURE_EVALUATION,FEATURE_SEARCH_ONLY,second_S2D.mat,263,302,8,16334,302,0.9992362260818481,True
PUBLISHED_PRECOMPUTED_FEATURE_EVALUATION,FEATURE_SEARCH_ONLY,second_S2D.mat,263,302,9,16341,302,0.9992361068725586,True
PUBLISHED_PRECOMPUTED_FEATURE_EVALUATION,FEATURE_SEARCH_ONLY,second_S2D.mat,263,302,10,16344,302,0.9992234706878662,True
PUBLISHED_PRECOMPUTED_FEATURE_EVALUATION,FEATURE_SEARCH_ONLY,second_S2D.mat,264,303,1,16398,303,0.9994264245033264,True
PUBLISHED_PRECOMPUTED_FEATURE_EVALUATION,FEATURE_SEARCH_ONLY,second_S2D.mat,264,303,2,16388,303,0.9993700385093689,True
PUBLISHED_PRECOMPUTED_FEATURE_EVALUATION,FEATURE_SEARCH_ONLY,second_S2D.mat,264,303,3,16387,303,0.9993623495101929,True
PUBLISHED_PRECOMPUTED_FEATURE_EVALUATION,FEATURE_SEARCH_ONLY,second_S2D.mat,264,303,4,16399,303,0.9993546009063721,True
PUBLISHED_PRECOMPUTED_FEATURE_EVALUATION,FEATURE_SEARCH_ONLY,second_S2D.mat,264,303,5,16400,303,0.999342679977417,True
PUBLISHED_PRECOMPUTED_FEATURE_EVALUATION,FEATURE_SEARCH_ONLY,second_S2D.mat,264,303,6,16380,303,0.9993340969085693,True
PUBLISHED_PRECOMPUTED_FEATURE_EVALUATION,FEATURE_SEARCH_ONLY,second_S2D.mat,264,303,7,16389,303,0.9993255138397217,True
PUBLISHED_PRECOMPUTED_FEATURE_EVALUATION,FEATURE_SEARCH_ONLY,second_S2D.mat,264,303,8,16397,303,0.9993196129798889,True
PUBLISHED_PRECOMPUTED_FEATURE_EVALUATION,FEATURE_SEARCH_ONLY,second_S2D.mat,264,303,9,16381,303,0.9993055462837219,True
PUBLISHED_PRECOMPUTED_FEATURE_EVALUATION,FEATURE_SEARCH_ONLY,second_S2D.mat,264,303,10,16395,303,0.9992974996566772,True
PUBLISHED_PRECOMPUTED_FEATURE_EVALUATION,FEATURE_SEARCH_ONLY,second_S2D.mat,265,304,1,16449,304,0.9997254610061646,True
PUBLISHED_PRECOMPUTED_FEATURE_EVALUATION,FEATURE_SEARCH_ONLY,second_S2D.mat,265,304,2,16450,304,0.999686598777771,True
PUBLISHED_PRECOMPUTED_FEATURE_EVALUATION,FEATURE_SEARCH_ONLY,second_S2D.mat,265,304,3,16431,304,0.9996534585952759,True
PUBLISHED_PRECOMPUTED_FEATURE_EVALUATION,FEATURE_SEARCH_ONLY,second_S2D.mat,265,304,4,16447,304,0.9996390342712402,True
PUBLISHED_PRECOMPUTED_FEATURE_EVALUATION,FEATURE_SEARCH_ONLY,second_S2D.mat,265,304,5,16432,304,0.9996310472488403,True
PUBLISHED_PRECOMPUTED_FEATURE_EVALUATION,FEATURE_SEARCH_ONLY,second_S2D.mat,265,304,6,16457,304,0.999627947807312,True
PUBLISHED_PRECOMPUTED_FEATURE_EVALUATION,FEATURE_SEARCH_ONLY,second_S2D.mat,265,304,7,16448,304,0.9996269941329956,True
PUBLISHED_PRECOMPUTED_FEATURE_EVALUATION,FEATURE_SEARCH_ONLY,second_S2D.mat,265,304,8,16467,304,0.9996254444122314,True
PUBLISHED_PRECOMPUTED_FEATURE_EVALUATION,FEATURE_SEARCH_ONLY,second_S2D.mat,265,304,9,16466,304,0.999582827091217,True
PUBLISHED_PRECOMPUTED_FEATURE_EVALUATION,FEATURE_SEARCH_ONLY,second_S2D.mat,265,304,10,16468,304,0.999578595161438,True
PUBLISHED_PRECOMPUTED_FEATURE_EVALUATION,FEATURE_SEARCH_ONLY,second_S2D.mat,266,305,1,16490,305,0.9995304346084595,True
PUBLISHED_PRECOMPUTED_FEATURE_EVALUATION,FEATURE_SEARCH_ONLY,second_S2D.mat,266,305,2,16488,305,0.9994958639144897,True
PUBLISHED_PRECOMPUTED_FEATURE_EVALUATION,FEATURE_SEARCH_ONLY,second_S2D.mat,266,305,3,16491,305,0.9994525909423828,True
PUBLISHED_PRECOMPUTED_FEATURE_EVALUATION,FEATURE_SEARCH_ONLY,second_S2D.mat,266,305,4,16489,305,0.999451756477356,True
PUBLISHED_PRECOMPUTED_FEATURE_EVALUATION,FEATURE_SEARCH_ONLY,second_S2D.mat,266,305,5,16502,305,0.9994405508041382,True
PUBLISHED_PRECOMPUTED_FEATURE_EVALUATION,FEATURE_SEARCH_ONLY,second_S2D.mat,266,305,6,16507,305,0.9994397163391113,True
PUBLISHED_PRECOMPUTED_FEATURE_EVALUATION,FEATURE_SEARCH_ONLY,second_S2D.mat,266,305,7,16492,305,0.999419629573822,True
PUBLISHED_PRECOMPUTED_FEATURE_EVALUATION,FEATURE_SEARCH_ONLY,second_S2D.mat,266,305,8,16511,305,0.9994106888771057,True
PUBLISHED_PRECOMPUTED_FEATURE_EVALUATION,FEATURE_SEARCH_ONLY,second_S2D.mat,266,305,9,16510,305,0.9994106292724609,True
PUBLISHED_PRECOMPUTED_FEATURE_EVALUATION,FEATURE_SEARCH_ONLY,second_S2D.mat,266,305,10,16506,305,0.999405026435852,True
PUBLISHED_PRECOMPUTED_FEATURE_EVALUATION,FEATURE_SEARCH_ONLY,second_S2D.mat,267,308,1,16659,308,0.999346137046814,True
PUBLISHED_PRECOMPUTED_FEATURE_EVALUATION,FEATURE_SEARCH_ONLY,second_S2D.mat,267,308,2,16658,308,0.9993008375167847,True
PUBLISHED_PRECOMPUTED_FEATURE_EVALUATION,FEATURE_SEARCH_ONLY,second_S2D.mat,267,308,3,16660,308,0.9992647171020508,True
PUBLISHED_PRECOMPUTED_FEATURE_EVALUATION,FEATURE_SEARCH_ONLY,second_S2D.mat,267,308,4,16665,308,0.9992482662200928,True
PUBLISHED_PRECOMPUTED_FEATURE_EVALUATION,FEATURE_SEARCH_ONLY,second_S2D.mat,267,308,5,16647,308,0.9992194175720215,True
PUBLISHED_PRECOMPUTED_FEATURE_EVALUATION,FEATURE_SEARCH_ONLY,second_S2D.mat,267,308,6,16678,308,0.9992177486419678,True
PUBLISHED_PRECOMPUTED_FEATURE_EVALUATION,FEATURE_SEARCH_ONLY,second_S2D.mat,267,308,7,16641,308,0.9992039203643799,True
PUBLISHED_PRECOMPUTED_FEATURE_EVALUATION,FEATURE_SEARCH_ONLY,second_S2D.mat,267,308,8,16676,308,0.999203622341156,True
PUBLISHED_PRECOMPUTED_FEATURE_EVALUATION,FEATURE_SEARCH_ONLY,second_S2D.mat,267,308,9,16677,308,0.9992035627365112,True
PUBLISHED_PRECOMPUTED_FEATURE_EVALUATION,FEATURE_SEARCH_ONLY,second_S2D.mat,267,308,10,16649,308,0.9992009401321411,True
PUBLISHED_PRECOMPUTED_FEATURE_EVALUATION,FEATURE_SEARCH_ONLY,second_S2D.mat,268,309,1,16719,309,0.9995941519737244,True
PUBLISHED_PRECOMPUTED_FEATURE_EVALUATION,FEATURE_SEARCH_ONLY,second_S2D.mat,268,309,2,16722,309,0.9995862245559692,True
PUBLISHED_PRECOMPUTED_FEATURE_EVALUATION,FEATURE_SEARCH_ONLY,second_S2D.mat,268,309,3,16720,309,0.9995859265327454,True
PUBLISHED_PRECOMPUTED_FEATURE_EVALUATION,FEATURE_SEARCH_ONLY,second_S2D.mat,268,309,4,16718,309,0.9995772838592529,True
PUBLISHED_PRECOMPUTED_FEATURE_EVALUATION,FEATURE_SEARCH_ONLY,second_S2D.mat,268,309,5,16724,309,0.9995436072349548,True
PUBLISHED_PRECOMPUTED_FEATURE_EVALUATION,FEATURE_SEARCH_ONLY,second_S2D.mat,268,309,6,16721,309,0.9995410442352295,True
PUBLISHED_PRECOMPUTED_FEATURE_EVALUATION,FEATURE_SEARCH_ONLY,second_S2D.mat,268,309,7,16717,309,0.9995354413986206,True
PUBLISHED_PRECOMPUTED_FEATURE_EVALUATION,FEATURE_SEARCH_ONLY,second_S2D.mat,268,309,8,16711,309,0.9995065927505493,True
PUBLISHED_PRECOMPUTED_FEATURE_EVALUATION,FEATURE_SEARCH_ONLY,second_S2D.mat,268,309,9,16736,309,0.9995037913322449,True
PUBLISHED_PRECOMPUTED_FEATURE_EVALUATION,FEATURE_SEARCH_ONLY,second_S2D.mat,268,309,10,16723,309,0.9995028376579285,True
PUBLISHED_PRECOMPUTED_FEATURE_EVALUATION,FEATURE_SEARCH_ONLY,second_S2D.mat,269,310,1,16767,310,0.9995825290679932,True
PUBLISHED_PRECOMPUTED_FEATURE_EVALUATION,FEATURE_SEARCH_ONLY,second_S2D.mat,269,310,2,16785,310,0.9995711445808411,True
PUBLISHED_PRECOMPUTED_FEATURE_EVALUATION,FEATURE_SEARCH_ONLY,second_S2D.mat,269,310,3,16776,310,0.999549925327301,True
PUBLISHED_PRECOMPUTED_FEATURE_EVALUATION,FEATURE_SEARCH_ONLY,second_S2D.mat,269,310,4,16775,310,0.9995444416999817,True
PUBLISHED_PRECOMPUTED_FEATURE_EVALUATION,FEATURE_SEARCH_ONLY,second_S2D.mat,269,310,5,16786,310,0.9995346665382385,True
PUBLISHED_PRECOMPUTED_FEATURE_EVALUATION,FEATURE_SEARCH_ONLY,second_S2D.mat,269,310,6,16774,310,0.9995318651199341,True
PUBLISHED_PRECOMPUTED_FEATURE_EVALUATION,FEATURE_SEARCH_ONLY,second_S2D.mat,269,310,7,16770,310,0.9995178580284119,True
PUBLISHED_PRECOMPUTED_FEATURE_EVALUATION,FEATURE_SEARCH_ONLY,second_S2D.mat,269,310,8,16777,310,0.9995094537734985,True
PUBLISHED_PRECOMPUTED_FEATURE_EVALUATION,FEATURE_SEARCH_ONLY,second_S2D.mat,269,310,9,16768,310,0.9995032548904419,True
PUBLISHED_PRECOMPUTED_FEATURE_EVALUATION,FEATURE_SEARCH_ONLY,second_S2D.mat,269,310,10,16766,310,0.9994949698448181,True
PUBLISHED_PRECOMPUTED_FEATURE_EVALUATION,FEATURE_SEARCH_ONLY,second_S2D.mat,270,311,1,16821,311,0.9997118711471558,True
PUBLISHED_PRECOMPUTED_FEATURE_EVALUATION,FEATURE_SEARCH_ONLY,second_S2D.mat,270,311,2,16822,311,0.99968421459198,True
PUBLISHED_PRECOMPUTED_FEATURE_EVALUATION,FEATURE_SEARCH_ONLY,second_S2D.mat,270,311,3,16838,311,0.9996647238731384,True
PUBLISHED_PRECOMPUTED_FEATURE_EVALUATION,FEATURE_SEARCH_ONLY,second_S2D.mat,270,311,4,16830,311,0.9996559619903564,True
PUBLISHED_PRECOMPUTED_FEATURE_EVALUATION,FEATURE_SEARCH_ONLY,second_S2D.mat,270,311,5,16840,311,0.9996411800384521,True
PUBLISHED_PRECOMPUTED_FEATURE_EVALUATION,FEATURE_SEARCH_ONLY,second_S2D.mat,270,311,6,16824,311,0.9996404647827148,True
PUBLISHED_PRECOMPUTED_FEATURE_EVALUATION,FEATURE_SEARCH_ONLY,second_S2D.mat,270,311,7,16820,311,0.999634325504303,True
PUBLISHED_PRECOMPUTED_FEATURE_EVALUATION,FEATURE_SEARCH_ONLY,second_S2D.mat,270,311,8,16834,311,0.9996272325515747,True
PUBLISHED_PRECOMPUTED_FEATURE_EVALUATION,FEATURE_SEARCH_ONLY,second_S2D.mat,270,311,9,16829,311,0.9996228218078613,True
PUBLISHED_PRECOMPUTED_FEATURE_EVALUATION,FEATURE_SEARCH_ONLY,second_S2D.mat,270,311,10,16839,311,0.9996165037155151,True
PUBLISHED_PRECOMPUTED_FEATURE_EVALUATION,FEATURE_SEARCH_ONLY,second_S2D.mat,271,314,1,16989,314,0.9995715618133545,True
PUBLISHED_PRECOMPUTED_FEATURE_EVALUATION,FEATURE_SEARCH_ONLY,second_S2D.mat,271,314,2,16987,314,0.9995204210281372,True
PUBLISHED_PRECOMPUTED_FEATURE_EVALUATION,FEATURE_SEARCH_ONLY,second_S2D.mat,271,314,3,16986,314,0.9995182752609253,True
PUBLISHED_PRECOMPUTED_FEATURE_EVALUATION,FEATURE_SEARCH_ONLY,second_S2D.mat,271,314,4,16971,314,0.9995003938674927,True
PUBLISHED_PRECOMPUTED_FEATURE_EVALUATION,FEATURE_SEARCH_ONLY,second_S2D.mat,271,314,5,16988,314,0.9994983673095703,True
PUBLISHED_PRECOMPUTED_FEATURE_EVALUATION,FEATURE_SEARCH_ONLY,second_S2D.mat,271,314,6,16990,314,0.9994800090789795,True
PUBLISHED_PRECOMPUTED_FEATURE_EVALUATION,FEATURE_SEARCH_ONLY,second_S2D.mat,271,314,7,16984,314,0.9994692802429199,True
PUBLISHED_PRECOMPUTED_FEATURE_EVALUATION,FEATURE_SEARCH_ONLY,second_S2D.mat,271,314,8,16991,314,0.9994621276855469,True
PUBLISHED_PRECOMPUTED_FEATURE_EVALUATION,FEATURE_SEARCH_ONLY,second_S2D.mat,271,314,9,16985,314,0.9994558095932007,True
PUBLISHED_PRECOMPUTED_FEATURE_EVALUATION,FEATURE_SEARCH_ONLY,second_S2D.mat,271,314,10,17005,314,0.9994534850120544,True
PUBLISHED_PRECOMPUTED_FEATURE_EVALUATION,FEATURE_SEARCH_ONLY,second_S2D.mat,272,315,1,17040,315,0.999289870262146,True
PUBLISHED_PRECOMPUTED_FEATURE_EVALUATION,FEATURE_SEARCH_ONLY,second_S2D.mat,272,315,2,17041,315,0.999252438545227,True
PUBLISHED_PRECOMPUTED_FEATURE_EVALUATION,FEATURE_SEARCH_ONLY,second_S2D.mat,272,315,3,17022,315,0.9992416501045227,True
PUBLISHED_PRECOMPUTED_FEATURE_EVALUATION,FEATURE_SEARCH_ONLY,second_S2D.mat,272,315,4,17058,315,0.9991469383239746,True
PUBLISHED_PRECOMPUTED_FEATURE_EVALUATION,FEATURE_SEARCH_ONLY,second_S2D.mat,272,315,5,17021,315,0.9991409182548523,True
PUBLISHED_PRECOMPUTED_FEATURE_EVALUATION,FEATURE_SEARCH_ONLY,second_S2D.mat,272,315,6,17024,315,0.9991260766983032,True
PUBLISHED_PRECOMPUTED_FEATURE_EVALUATION,FEATURE_SEARCH_ONLY,second_S2D.mat,272,315,7,17023,315,0.9991238713264465,True
PUBLISHED_PRECOMPUTED_FEATURE_EVALUATION,FEATURE_SEARCH_ONLY,second_S2D.mat,272,315,8,17026,315,0.9990988969802856,True
PUBLISHED_PRECOMPUTED_FEATURE_EVALUATION,FEATURE_SEARCH_ONLY,second_S2D.mat,272,315,9,17051,315,0.9990948438644409,True
PUBLISHED_PRECOMPUTED_FEATURE_EVALUATION,FEATURE_SEARCH_ONLY,second_S2D.mat,272,315,10,17043,315,0.9990932941436768,True
PUBLISHED_PRECOMPUTED_FEATURE_EVALUATION,FEATURE_SEARCH_ONLY,second_S2D.mat,273,316,1,17091,316,0.9991487860679626,True
PUBLISHED_PRECOMPUTED_FEATURE_EVALUATION,FEATURE_SEARCH_ONLY,second_S2D.mat,273,316,2,17092,316,0.9990968108177185,True
PUBLISHED_PRECOMPUTED_FEATURE_EVALUATION,FEATURE_SEARCH_ONLY,second_S2D.mat,273,316,3,17106,316,0.9990965127944946,True
PUBLISHED_PRECOMPUTED_FEATURE_EVALUATION,FEATURE_SEARCH_ONLY,second_S2D.mat,273,316,4,17090,316,0.9990792870521545,True
PUBLISHED_PRECOMPUTED_FEATURE_EVALUATION,FEATURE_SEARCH_ONLY,second_S2D.mat,273,316,5,17109,316,0.9990761280059814,True
PUBLISHED_PRECOMPUTED_FEATURE_EVALUATION,FEATURE_SEARCH_ONLY,second_S2D.mat,273,316,6,17110,316,0.9990160465240479,True
PUBLISHED_PRECOMPUTED_FEATURE_EVALUATION,FEATURE_SEARCH_ONLY,second_S2D.mat,273,316,7,17102,316,0.9989954829216003,True
PUBLISHED_PRECOMPUTED_FEATURE_EVALUATION,FEATURE_SEARCH_ONLY,second_S2D.mat,273,316,8,17085,316,0.9989761710166931,True
PUBLISHED_PRECOMPUTED_FEATURE_EVALUATION,FEATURE_SEARCH_ONLY,second_S2D.mat,273,316,9,17111,316,0.9989721179008484,True
PUBLISHED_PRECOMPUTED_FEATURE_EVALUATION,FEATURE_SEARCH_ONLY,second_S2D.mat,273,316,10,17087,316,0.9989709258079529,True
PUBLISHED_PRECOMPUTED_FEATURE_EVALUATION,FEATURE_SEARCH_ONLY,second_S2D.mat,274,319,1,17253,319,0.9995831251144409,True
PUBLISHED_PRECOMPUTED_FEATURE_EVALUATION,FEATURE_SEARCH_ONLY,second_S2D.mat,274,319,2,17254,319,0.9994871616363525,True
PUBLISHED_PRECOMPUTED_FEATURE_EVALUATION,FEATURE_SEARCH_ONLY,second_S2D.mat,274,319,3,17265,319,0.999472975730896,True
PUBLISHED_PRECOMPUTED_FEATURE_EVALUATION,FEATURE_SEARCH_ONLY,second_S2D.mat,274,319,4,17252,319,0.9994652271270752,True
PUBLISHED_PRECOMPUTED_FEATURE_EVALUATION,FEATURE_SEARCH_ONLY,second_S2D.mat,274,319,5,17272,319,0.9994511008262634,True
PUBLISHED_PRECOMPUTED_FEATURE_EVALUATION,FEATURE_SEARCH_ONLY,second_S2D.mat,274,319,6,17271,319,0.999431312084198,True
PUBLISHED_PRECOMPUTED_FEATURE_EVALUATION,FEATURE_SEARCH_ONLY,second_S2D.mat,274,319,7,17249,319,0.999423086643219,True
PUBLISHED_PRECOMPUTED_FEATURE_EVALUATION,FEATURE_SEARCH_ONLY,second_S2D.mat,274,319,8,17251,319,0.9994209408760071,True
PUBLISHED_PRECOMPUTED_FEATURE_EVALUATION,FEATURE_SEARCH_ONLY,second_S2D.mat,274,319,9,17264,319,0.9994205236434937,True
PUBLISHED_PRECOMPUTED_FEATURE_EVALUATION,FEATURE_SEARCH_ONLY,second_S2D.mat,274,319,10,17248,319,0.9994162321090698,True
PUBLISHED_PRECOMPUTED_FEATURE_EVALUATION,FEATURE_SEARCH_ONLY,second_S2D.mat,275,320,1,17319,320,0.999334990978241,True
PUBLISHED_PRECOMPUTED_FEATURE_EVALUATION,FEATURE_SEARCH_ONLY,second_S2D.mat,275,320,2,17301,320,0.9993168115615845,True
PUBLISHED_PRECOMPUTED_FEATURE_EVALUATION,FEATURE_SEARCH_ONLY,second_S2D.mat,275,320,3,17320,320,0.9992889761924744,True
PUBLISHED_PRECOMPUTED_FEATURE_EVALUATION,FEATURE_SEARCH_ONLY,second_S2D.mat,275,320,4,17299,320,0.999282956123352,True
PUBLISHED_PRECOMPUTED_FEATURE_EVALUATION,FEATURE_SEARCH_ONLY,second_S2D.mat,275,320,5,17321,320,0.9992382526397705,True
PUBLISHED_PRECOMPUTED_FEATURE_EVALUATION,FEATURE_SEARCH_ONLY,second_S2D.mat,275,320,6,17298,320,0.9991984367370605,True
PUBLISHED_PRECOMPUTED_FEATURE_EVALUATION,FEATURE_SEARCH_ONLY,second_S2D.mat,275,320,7,17280,320,0.9991886615753174,True
PUBLISHED_PRECOMPUTED_FEATURE_EVALUATION,FEATURE_SEARCH_ONLY,second_S2D.mat,275,320,8,17297,320,0.9991745352745056,True
PUBLISHED_PRECOMPUTED_FEATURE_EVALUATION,FEATURE_SEARCH_ONLY,second_S2D.mat,275,320,9,17322,320,0.9991632699966431,True
PUBLISHED_PRECOMPUTED_FEATURE_EVALUATION,FEATURE_SEARCH_ONLY,second_S2D.mat,275,320,10,17300,320,0.9991604089736938,True
PUBLISHED_PRECOMPUTED_FEATURE_EVALUATION,FEATURE_SEARCH_ONLY,second_S2D.mat,276,322,1,17414,322,0.9995856285095215,True
PUBLISHED_PRECOMPUTED_FEATURE_EVALUATION,FEATURE_SEARCH_ONLY,second_S2D.mat,276,322,2,17435,322,0.999582052230835,True
PUBLISHED_PRECOMPUTED_FEATURE_EVALUATION,FEATURE_SEARCH_ONLY,second_S2D.mat,276,322,3,17434,322,0.9995797872543335,True
PUBLISHED_PRECOMPUTED_FEATURE_EVALUATION,FEATURE_SEARCH_ONLY,second_S2D.mat,276,322,4,17429,322,0.9995752573013306,True
PUBLISHED_PRECOMPUTED_FEATURE_EVALUATION,FEATURE_SEARCH_ONLY,second_S2D.mat,276,322,5,17431,322,0.9995486736297607,True
PUBLISHED_PRECOMPUTED_FEATURE_EVALUATION,FEATURE_SEARCH_ONLY,second_S2D.mat,276,322,6,17417,322,0.999548077583313,True
PUBLISHED_PRECOMPUTED_FEATURE_EVALUATION,FEATURE_SEARCH_ONLY,second_S2D.mat,276,322,7,17432,322,0.999541699886322,True
PUBLISHED_PRECOMPUTED_FEATURE_EVALUATION,FEATURE_SEARCH_ONLY,second_S2D.mat,276,322,8,17418,322,0.9995324611663818,True
PUBLISHED_PRECOMPUTED_FEATURE_EVALUATION,FEATURE_SEARCH_ONLY,second_S2D.mat,276,322,9,17416,322,0.9995318651199341,True
PUBLISHED_PRECOMPUTED_FEATURE_EVALUATION,FEATURE_SEARCH_ONLY,second_S2D.mat,276,322,10,17436,322,0.9995314478874207,True
PUBLISHED_PRECOMPUTED_FEATURE_EVALUATION,FEATURE_SEARCH_ONLY,second_S2D.mat,277,324,1,17534,324,0.999646782875061,True
PUBLISHED_PRECOMPUTED_FEATURE_EVALUATION,FEATURE_SEARCH_ONLY,second_S2D.mat,277,324,2,17535,324,0.9996015429496765,True
PUBLISHED_PRECOMPUTED_FEATURE_EVALUATION,FEATURE_SEARCH_ONLY,second_S2D.mat,277,324,3,17538,324,0.999572217464447,True
PUBLISHED_PRECOMPUTED_FEATURE_EVALUATION,FEATURE_SEARCH_ONLY,second_S2D.mat,277,324,4,17537,324,0.9995601177215576,True
PUBLISHED_PRECOMPUTED_FEATURE_EVALUATION,FEATURE_SEARCH_ONLY,second_S2D.mat,277,324,5,17519,324,0.999539852142334,True
PUBLISHED_PRECOMPUTED_FEATURE_EVALUATION,FEATURE_SEARCH_ONLY,second_S2D.mat,277,324,6,17533,324,0.9995365142822266,True
PUBLISHED_PRECOMPUTED_FEATURE_EVALUATION,FEATURE_SEARCH_ONLY,second_S2D.mat,277,324,7,17536,324,0.999531626701355,True
PUBLISHED_PRECOMPUTED_FEATURE_EVALUATION,FEATURE_SEARCH_ONLY,second_S2D.mat,277,324,8,17531,324,0.9995310306549072,True
PUBLISHED_PRECOMPUTED_FEATURE_EVALUATION,FEATURE_SEARCH_ONLY,second_S2D.mat,277,324,9,17540,324,0.999527633190155,True
PUBLISHED_PRECOMPUTED_FEATURE_EVALUATION,FEATURE_SEARCH_ONLY,second_S2D.mat,277,324,10,17528,324,0.9995198249816895,True
PUBLISHED_PRECOMPUTED_FEATURE_EVALUATION,FEATURE_SEARCH_ONLY,second_S2D.mat,278,325,1,17591,325,0.9997739791870117,True
PUBLISHED_PRECOMPUTED_FEATURE_EVALUATION,FEATURE_SEARCH_ONLY,second_S2D.mat,278,325,2,17587,325,0.9997697472572327,True
PUBLISHED_PRECOMPUTED_FEATURE_EVALUATION,FEATURE_SEARCH_ONLY,second_S2D.mat,278,325,3,17590,325,0.999758780002594,True
PUBLISHED_PRECOMPUTED_FEATURE_EVALUATION,FEATURE_SEARCH_ONLY,second_S2D.mat,278,325,4,17601,325,0.9997577667236328,True
PUBLISHED_PRECOMPUTED_FEATURE_EVALUATION,FEATURE_SEARCH_ONLY,second_S2D.mat,278,325,5,17588,325,0.9997549057006836,True
PUBLISHED_PRECOMPUTED_FEATURE_EVALUATION,FEATURE_SEARCH_ONLY,second_S2D.mat,278,325,6,17583,325,0.9997233748435974,True
PUBLISHED_PRECOMPUTED_FEATURE_EVALUATION,FEATURE_SEARCH_ONLY,second_S2D.mat,278,325,7,17586,325,0.9997088313102722,True
PUBLISHED_PRECOMPUTED_FEATURE_EVALUATION,FEATURE_SEARCH_ONLY,second_S2D.mat,278,325,8,17600,325,0.9996941685676575,True
PUBLISHED_PRECOMPUTED_FEATURE_EVALUATION,FEATURE_SEARCH_ONLY,second_S2D.mat,278,325,9,17603,325,0.9996914863586426,True
PUBLISHED_PRECOMPUTED_FEATURE_EVALUATION,FEATURE_SEARCH_ONLY,second_S2D.mat,278,325,10,17592,325,0.9996806383132935,True
PUBLISHED_PRECOMPUTED_FEATURE_EVALUATION,FEATURE_SEARCH_ONLY,second_S2D.mat,279,327,1,17694,327,0.9998197555541992,True
PUBLISHED_PRECOMPUTED_FEATURE_EVALUATION,FEATURE_SEARCH_ONLY,second_S2D.mat,279,327,2,17692,327,0.9998053312301636,True
PUBLISHED_PRECOMPUTED_FEATURE_EVALUATION,FEATURE_SEARCH_ONLY,second_S2D.mat,279,327,3,17693,327,0.9998033046722412,True
PUBLISHED_PRECOMPUTED_FEATURE_EVALUATION,FEATURE_SEARCH_ONLY,second_S2D.mat,279,327,4,17695,327,0.9997624754905701,True
PUBLISHED_PRECOMPUTED_FEATURE_EVALUATION,FEATURE_SEARCH_ONLY,second_S2D.mat,279,327,5,17696,327,0.9997546076774597,True
PUBLISHED_PRECOMPUTED_FEATURE_EVALUATION,FEATURE_SEARCH_ONLY,second_S2D.mat,279,327,6,17711,327,0.9997367858886719,True
PUBLISHED_PRECOMPUTED_FEATURE_EVALUATION,FEATURE_SEARCH_ONLY,second_S2D.mat,279,327,7,17708,327,0.9997327327728271,True
PUBLISHED_PRECOMPUTED_FEATURE_EVALUATION,FEATURE_SEARCH_ONLY,second_S2D.mat,279,327,8,17707,327,0.999731183052063,True
PUBLISHED_PRECOMPUTED_FEATURE_EVALUATION,FEATURE_SEARCH_ONLY,second_S2D.mat,279,327,9,17701,327,0.9997183084487915,True
PUBLISHED_PRECOMPUTED_FEATURE_EVALUATION,FEATURE_SEARCH_ONLY,second_S2D.mat,279,327,10,17710,327,0.9997145533561707,True
PUBLISHED_PRECOMPUTED_FEATURE_EVALUATION,FEATURE_SEARCH_ONLY,second_S2D.mat,280,328,1,17757,328,0.9995291233062744,True
PUBLISHED_PRECOMPUTED_FEATURE_EVALUATION,FEATURE_SEARCH_ONLY,second_S2D.mat,280,328,2,17744,328,0.9995031356811523,True
PUBLISHED_PRECOMPUTED_FEATURE_EVALUATION,FEATURE_SEARCH_ONLY,second_S2D.mat,280,328,3,17739,328,0.9994847774505615,True
PUBLISHED_PRECOMPUTED_FEATURE_EVALUATION,FEATURE_SEARCH_ONLY,second_S2D.mat,280,328,4,17741,328,0.9994786977767944,True
PUBLISHED_PRECOMPUTED_FEATURE_EVALUATION,FEATURE_SEARCH_ONLY,second_S2D.mat,280,328,5,17759,328,0.9994655251502991,True
PUBLISHED_PRECOMPUTED_FEATURE_EVALUATION,FEATURE_SEARCH_ONLY,second_S2D.mat,280,328,6,17747,328,0.9994567632675171,True
PUBLISHED_PRECOMPUTED_FEATURE_EVALUATION,FEATURE_SEARCH_ONLY,second_S2D.mat,280,328,7,17749,328,0.999453067779541,True
PUBLISHED_PRECOMPUTED_FEATURE_EVALUATION,FEATURE_SEARCH_ONLY,second_S2D.mat,280,328,8,17743,328,0.9994414448738098,True
PUBLISHED_PRECOMPUTED_FEATURE_EVALUATION,FEATURE_SEARCH_ONLY,second_S2D.mat,280,328,9,17748,328,0.9994404315948486,True
PUBLISHED_PRECOMPUTED_FEATURE_EVALUATION,FEATURE_SEARCH_ONLY,second_S2D.mat,280,328,10,17745,328,0.9994136095046997,True
PUBLISHED_PRECOMPUTED_FEATURE_EVALUATION,FEATURE_SEARCH_ONLY,second_S2D.mat,281,329,1,17781,329,0.9991225004196167,True
PUBLISHED_PRECOMPUTED_FEATURE_EVALUATION,FEATURE_SEARCH_ONLY,second_S2D.mat,281,329,2,17782,329,0.999114990234375,True
PUBLISHED_PRECOMPUTED_FEATURE_EVALUATION,FEATURE_SEARCH_ONLY,second_S2D.mat,281,329,3,17798,329,0.999076247215271,True
PUBLISHED_PRECOMPUTED_FEATURE_EVALUATION,FEATURE_SEARCH_ONLY,second_S2D.mat,281,329,4,17783,329,0.9990716576576233,True
PUBLISHED_PRECOMPUTED_FEATURE_EVALUATION,FEATURE_SEARCH_ONLY,second_S2D.mat,281,329,5,17784,329,0.9990639686584473,True
PUBLISHED_PRECOMPUTED_FEATURE_EVALUATION,FEATURE_SEARCH_ONLY,second_S2D.mat,281,329,6,17800,329,0.9990518689155579,True
PUBLISHED_PRECOMPUTED_FEATURE_EVALUATION,FEATURE_SEARCH_ONLY,second_S2D.mat,281,329,7,17780,329,0.9990336894989014,True
PUBLISHED_PRECOMPUTED_FEATURE_EVALUATION,FEATURE_SEARCH_ONLY,second_S2D.mat,281,329,8,17793,329,0.9990308284759521,True
PUBLISHED_PRECOMPUTED_FEATURE_EVALUATION,FEATURE_SEARCH_ONLY,second_S2D.mat,281,329,9,17802,329,0.9990218281745911,True
PUBLISHED_PRECOMPUTED_FEATURE_EVALUATION,FEATURE_SEARCH_ONLY,second_S2D.mat,281,329,10,17799,329,0.9990037679672241,True
PUBLISHED_PRECOMPUTED_FEATURE_EVALUATION,FEATURE_SEARCH_ONLY,second_S2D.mat,282,331,1,17899,331,0.9993882179260254,True
PUBLISHED_PRECOMPUTED_FEATURE_EVALUATION,FEATURE_SEARCH_ONLY,second_S2D.mat,282,331,2,17881,331,0.9993412494659424,True
PUBLISHED_PRECOMPUTED_FEATURE_EVALUATION,FEATURE_SEARCH_ONLY,second_S2D.mat,282,331,3,17882,331,0.999329686164856,True
PUBLISHED_PRECOMPUTED_FEATURE_EVALUATION,FEATURE_SEARCH_ONLY,second_S2D.mat,282,331,4,17900,331,0.9993182420730591,True
PUBLISHED_PRECOMPUTED_FEATURE_EVALUATION,FEATURE_SEARCH_ONLY,second_S2D.mat,282,331,5,17893,331,0.9992504119873047,True
PUBLISHED_PRECOMPUTED_FEATURE_EVALUATION,FEATURE_SEARCH_ONLY,second_S2D.mat,282,331,6,17898,331,0.9992461204528809,True
PUBLISHED_PRECOMPUTED_FEATURE_EVALUATION,FEATURE_SEARCH_ONLY,second_S2D.mat,282,331,7,17911,331,0.9992454051971436,True
PUBLISHED_PRECOMPUTED_FEATURE_EVALUATION,FEATURE_SEARCH_ONLY,second_S2D.mat,282,331,8,17883,331,0.999243974685669,True
PUBLISHED_PRECOMPUTED_FEATURE_EVALUATION,FEATURE_SEARCH_ONLY,second_S2D.mat,282,331,9,17889,331,0.999234139919281,True
PUBLISHED_PRECOMPUTED_FEATURE_EVALUATION,FEATURE_SEARCH_ONLY,second_S2D.mat,282,331,10,17906,331,0.999230146408081,True
PUBLISHED_PRECOMPUTED_FEATURE_EVALUATION,FEATURE_SEARCH_ONLY,second_S2D.mat,283,334,1,34453,638,0.9987057447433472,False
PUBLISHED_PRECOMPUTED_FEATURE_EVALUATION,FEATURE_SEARCH_ONLY,second_S2D.mat,283,334,2,34456,638,0.9986951351165771,False
PUBLISHED_PRECOMPUTED_FEATURE_EVALUATION,FEATURE_SEARCH_ONLY,second_S2D.mat,283,334,3,34455,638,0.998683750629425,False
PUBLISHED_PRECOMPUTED_FEATURE_EVALUATION,FEATURE_SEARCH_ONLY,second_S2D.mat,283,334,4,34457,638,0.9986361265182495,False
PUBLISHED_PRECOMPUTED_FEATURE_EVALUATION,FEATURE_SEARCH_ONLY,second_S2D.mat,283,334,5,34454,638,0.998628556728363,False
PUBLISHED_PRECOMPUTED_FEATURE_EVALUATION,FEATURE_SEARCH_ONLY,second_S2D.mat,283,334,6,34484,638,0.9986169934272766,False
PUBLISHED_PRECOMPUTED_FEATURE_EVALUATION,FEATURE_SEARCH_ONLY,second_S2D.mat,283,334,7,34467,638,0.9986166954040527,False
PUBLISHED_PRECOMPUTED_FEATURE_EVALUATION,FEATURE_SEARCH_ONLY,second_S2D.mat,283,334,8,34474,638,0.9985604286193848,False
PUBLISHED_PRECOMPUTED_FEATURE_EVALUATION,FEATURE_SEARCH_ONLY,second_S2D.mat,283,334,9,34466,638,0.9985575675964355,False
PUBLISHED_PRECOMPUTED_FEATURE_EVALUATION,FEATURE_SEARCH_ONLY,second_S2D.mat,283,334,10,34458,638,0.9985542893409729,False
PUBLISHED_PRECOMPUTED_FEATURE_EVALUATION,FEATURE_SEARCH_ONLY,second_S2D.mat,284,335,1,18127,335,0.9993537068367004,True
PUBLISHED_PRECOMPUTED_FEATURE_EVALUATION,FEATURE_SEARCH_ONLY,second_S2D.mat,284,335,2,18124,335,0.9993448257446289,True
PUBLISHED_PRECOMPUTED_FEATURE_EVALUATION,FEATURE_SEARCH_ONLY,second_S2D.mat,284,335,3,18123,335,0.9992965459823608,True
PUBLISHED_PRECOMPUTED_FEATURE_EVALUATION,FEATURE_SEARCH_ONLY,second_S2D.mat,284,335,4,18108,335,0.9992892742156982,True
PUBLISHED_PRECOMPUTED_FEATURE_EVALUATION,FEATURE_SEARCH_ONLY,second_S2D.mat,284,335,5,18126,335,0.9992433786392212,True
PUBLISHED_PRECOMPUTED_FEATURE_EVALUATION,FEATURE_SEARCH_ONLY,second_S2D.mat,284,335,6,18125,335,0.9992411136627197,True
PUBLISHED_PRECOMPUTED_FEATURE_EVALUATION,FEATURE_SEARCH_ONLY,second_S2D.mat,284,335,7,18122,335,0.9992381930351257,True
PUBLISHED_PRECOMPUTED_FEATURE_EVALUATION,FEATURE_SEARCH_ONLY,second_S2D.mat,284,335,8,18141,335,0.9992173314094543,True
PUBLISHED_PRECOMPUTED_FEATURE_EVALUATION,FEATURE_SEARCH_ONLY,second_S2D.mat,284,335,9,18143,335,0.99921053647995,True
PUBLISHED_PRECOMPUTED_FEATURE_EVALUATION,FEATURE_SEARCH_ONLY,second_S2D.mat,284,335,10,18128,335,0.9992103576660156,True
PUBLISHED_PRECOMPUTED_FEATURE_EVALUATION,FEATURE_SEARCH_ONLY,second_S2D.mat,285,337,1,18239,337,0.9995987415313721,True
PUBLISHED_PRECOMPUTED_FEATURE_EVALUATION,FEATURE_SEARCH_ONLY,second_S2D.mat,285,337,2,18242,337,0.9995715618133545,True
PUBLISHED_PRECOMPUTED_FEATURE_EVALUATION,FEATURE_SEARCH_ONLY,second_S2D.mat,285,337,3,18241,337,0.9995673894882202,True
PUBLISHED_PRECOMPUTED_FEATURE_EVALUATION,FEATURE_SEARCH_ONLY,second_S2D.mat,285,337,4,18234,337,0.9995439648628235,True
PUBLISHED_PRECOMPUTED_FEATURE_EVALUATION,FEATURE_SEARCH_ONLY,second_S2D.mat,285,337,5,18243,337,0.9995430111885071,True
PUBLISHED_PRECOMPUTED_FEATURE_EVALUATION,FEATURE_SEARCH_ONLY,second_S2D.mat,285,337,6,18245,337,0.9995412826538086,True
PUBLISHED_PRECOMPUTED_FEATURE_EVALUATION,FEATURE_SEARCH_ONLY,second_S2D.mat,285,337,7,18233,337,0.999529242515564,True
PUBLISHED_PRECOMPUTED_FEATURE_EVALUATION,FEATURE_SEARCH_ONLY,second_S2D.mat,285,337,8,18238,337,0.9995275735855103,True
PUBLISHED_PRECOMPUTED_FEATURE_EVALUATION,FEATURE_SEARCH_ONLY,second_S2D.mat,285,337,9,18236,337,0.9995261430740356,True
PUBLISHED_PRECOMPUTED_FEATURE_EVALUATION,FEATURE_SEARCH_ONLY,second_S2D.mat,285,337,10,18237,337,0.9995253086090088,True
PUBLISHED_PRECOMPUTED_FEATURE_EVALUATION,FEATURE_SEARCH_ONLY,second_S2D.mat,286,338,1,18288,338,0.9996543526649475,True
PUBLISHED_PRECOMPUTED_FEATURE_EVALUATION,FEATURE_SEARCH_ONLY,second_S2D.mat,286,338,2,18287,338,0.999596118927002,True
PUBLISHED_PRECOMPUTED_FEATURE_EVALUATION,FEATURE_SEARCH_ONLY,second_S2D.mat,286,338,3,18304,338,0.9995768666267395,True
PUBLISHED_PRECOMPUTED_FEATURE_EVALUATION,FEATURE_SEARCH_ONLY,second_S2D.mat,286,338,4,18305,338,0.9995718598365784,True
PUBLISHED_PRECOMPUTED_FEATURE_EVALUATION,FEATURE_SEARCH_ONLY,second_S2D.mat,286,338,5,18290,338,0.9995467662811279,True
PUBLISHED_PRECOMPUTED_FEATURE_EVALUATION,FEATURE_SEARCH_ONLY,second_S2D.mat,286,338,6,18281,338,0.9995450377464294,True
PUBLISHED_PRECOMPUTED_FEATURE_EVALUATION,FEATURE_SEARCH_ONLY,second_S2D.mat,286,338,7,18289,338,0.9995318651199341,True
PUBLISHED_PRECOMPUTED_FEATURE_EVALUATION,FEATURE_SEARCH_ONLY,second_S2D.mat,286,338,8,18299,338,0.9995278716087341,True
PUBLISHED_PRECOMPUTED_FEATURE_EVALUATION,FEATURE_SEARCH_ONLY,second_S2D.mat,286,338,9,18278,338,0.9994986653327942,True
PUBLISHED_PRECOMPUTED_FEATURE_EVALUATION,FEATURE_SEARCH_ONLY,second_S2D.mat,286,338,10,18286,338,0.9994981288909912,True
PUBLISHED_PRECOMPUTED_FEATURE_EVALUATION,FEATURE_SEARCH_ONLY,second_S2D.mat,287,340,1,18395,340,0.9995155334472656,True
PUBLISHED_PRECOMPUTED_FEATURE_EVALUATION,FEATURE_SEARCH_ONLY,second_S2D.mat,287,340,2,18396,340,0.9994446635246277,True
PUBLISHED_PRECOMPUTED_FEATURE_EVALUATION,FEATURE_SEARCH_ONLY,second_S2D.mat,287,340,3,18401,340,0.9994341731071472,True
PUBLISHED_PRECOMPUTED_FEATURE_EVALUATION,FEATURE_SEARCH_ONLY,second_S2D.mat,287,340,4,18400,340,0.9994245171546936,True
PUBLISHED_PRECOMPUTED_FEATURE_EVALUATION,FEATURE_SEARCH_ONLY,second_S2D.mat,287,340,5,18397,340,0.9994122982025146,True
PUBLISHED_PRECOMPUTED_FEATURE_EVALUATION,FEATURE_SEARCH_ONLY,second_S2D.mat,287,340,6,18402,340,0.999398410320282,True
PUBLISHED_PRECOMPUTED_FEATURE_EVALUATION,FEATURE_SEARCH_ONLY,second_S2D.mat,287,340,7,18386,340,0.9993900060653687,True
PUBLISHED_PRECOMPUTED_FEATURE_EVALUATION,FEATURE_SEARCH_ONLY,second_S2D.mat,287,340,8,18391,340,0.9993831515312195,True
PUBLISHED_PRECOMPUTED_FEATURE_EVALUATION,FEATURE_SEARCH_ONLY,second_S2D.mat,287,340,9,18387,340,0.9993827939033508,True
PUBLISHED_PRECOMPUTED_FEATURE_EVALUATION,FEATURE_SEARCH_ONLY,second_S2D.mat,287,340,10,18394,340,0.9993773698806763,True
PUBLISHED_PRECOMPUTED_FEATURE_EVALUATION,FEATURE_SEARCH_ONLY,second_S2D.mat,288,341,1,18451,341,0.9997183084487915,True
PUBLISHED_PRECOMPUTED_FEATURE_EVALUATION,FEATURE_SEARCH_ONLY,second_S2D.mat,288,341,2,18450,341,0.9997174739837646,True
PUBLISHED_PRECOMPUTED_FEATURE_EVALUATION,FEATURE_SEARCH_ONLY,second_S2D.mat,288,341,3,18446,341,0.9997153878211975,True
PUBLISHED_PRECOMPUTED_FEATURE_EVALUATION,FEATURE_SEARCH_ONLY,second_S2D.mat,288,341,4,18449,341,0.9996992945671082,True
PUBLISHED_PRECOMPUTED_FEATURE_EVALUATION,FEATURE_SEARCH_ONLY,second_S2D.mat,288,341,5,18459,341,0.9996930360794067,True
PUBLISHED_PRECOMPUTED_FEATURE_EVALUATION,FEATURE_SEARCH_ONLY,second_S2D.mat,288,341,6,18460,341,0.9996879696846008,True
PUBLISHED_PRECOMPUTED_FEATURE_EVALUATION,FEATURE_SEARCH_ONLY,second_S2D.mat,288,341,7,18458,341,0.9996542930603027,True
PUBLISHED_PRECOMPUTED_FEATURE_EVALUATION,FEATURE_SEARCH_ONLY,second_S2D.mat,288,341,8,18457,341,0.9996482133865356,True
PUBLISHED_PRECOMPUTED_FEATURE_EVALUATION,FEATURE_SEARCH_ONLY,second_S2D.mat,288,341,9,18444,341,0.9996406435966492,True
PUBLISHED_PRECOMPUTED_FEATURE_EVALUATION,FEATURE_SEARCH_ONLY,second_S2D.mat,288,341,10,18447,341,0.9996376633644104,True
PUBLISHED_PRECOMPUTED_FEATURE_EVALUATION,FEATURE_SEARCH_ONLY,second_S2D.mat,289,342,1,18503,342,0.9996953010559082,True
PUBLISHED_PRECOMPUTED_FEATURE_EVALUATION,FEATURE_SEARCH_ONLY,second_S2D.mat,289,342,2,18504,342,0.9996136426925659,True
PUBLISHED_PRECOMPUTED_FEATURE_EVALUATION,FEATURE_SEARCH_ONLY,second_S2D.mat,289,342,3,18505,342,0.9995834231376648,True
PUBLISHED_PRECOMPUTED_FEATURE_EVALUATION,FEATURE_SEARCH_ONLY,second_S2D.mat,289,342,4,18487,342,0.999582052230835,True
PUBLISHED_PRECOMPUTED_FEATURE_EVALUATION,FEATURE_SEARCH_ONLY,second_S2D.mat,289,342,5,18506,342,0.9995799660682678,True
PUBLISHED_PRECOMPUTED_FEATURE_EVALUATION,FEATURE_SEARCH_ONLY,second_S2D.mat,289,342,6,18485,342,0.9995726346969604,True
PUBLISHED_PRECOMPUTED_FEATURE_EVALUATION,FEATURE_SEARCH_ONLY,second_S2D.mat,289,342,7,18486,342,0.9995689988136292,True
PUBLISHED_PRECOMPUTED_FEATURE_EVALUATION,FEATURE_SEARCH_ONLY,second_S2D.mat,289,342,8,18502,342,0.999549150466919,True
PUBLISHED_PRECOMPUTED_FEATURE_EVALUATION,FEATURE_SEARCH_ONLY,second_S2D.mat,289,342,9,18488,342,0.999544620513916,True
PUBLISHED_PRECOMPUTED_FEATURE_EVALUATION,FEATURE_SEARCH_ONLY,second_S2D.mat,289,342,10,18508,342,0.9995195865631104,True
PUBLISHED_PRECOMPUTED_FEATURE_EVALUATION,FEATURE_SEARCH_ONLY,second_S2D.mat,290,344,1,18611,344,0.9996402263641357,True
PUBLISHED_PRECOMPUTED_FEATURE_EVALUATION,FEATURE_SEARCH_ONLY,second_S2D.mat,290,344,2,18607,344,0.9995858669281006,True
PUBLISHED_PRECOMPUTED_FEATURE_EVALUATION,FEATURE_SEARCH_ONLY,second_S2D.mat,290,344,3,18629,344,0.999544084072113,True
PUBLISHED_PRECOMPUTED_FEATURE_EVALUATION,FEATURE_SEARCH_ONLY,second_S2D.mat,290,344,4,18612,344,0.9995267391204834,True
PUBLISHED_PRECOMPUTED_FEATURE_EVALUATION,FEATURE_SEARCH_ONLY,second_S2D.mat,290,344,5,18606,344,0.999525249004364,True
PUBLISHED_PRECOMPUTED_FEATURE_EVALUATION,FEATURE_SEARCH_ONLY,second_S2D.mat,290,344,6,18608,344,0.999510645866394,True
PUBLISHED_PRECOMPUTED_FEATURE_EVALUATION,FEATURE_SEARCH_ONLY,second_S2D.mat,290,344,7,18603,344,0.9994952082633972,True
PUBLISHED_PRECOMPUTED_FEATURE_EVALUATION,FEATURE_SEARCH_ONLY,second_S2D.mat,290,344,8,18620,344,0.9994949698448181,True
PUBLISHED_PRECOMPUTED_FEATURE_EVALUATION,FEATURE_SEARCH_ONLY,second_S2D.mat,290,344,9,18610,344,0.9994859099388123,True
PUBLISHED_PRECOMPUTED_FEATURE_EVALUATION,FEATURE_SEARCH_ONLY,second_S2D.mat,290,344,10,18626,344,0.999472975730896,True
PUBLISHED_PRECOMPUTED_FEATURE_EVALUATION,FEATURE_SEARCH_ONLY,second_S2D.mat,291,345,1,18660,345,0.9996805787086487,True
PUBLISHED_PRECOMPUTED_FEATURE_EVALUATION,FEATURE_SEARCH_ONLY,second_S2D.mat,291,345,2,18661,345,0.999645471572876,True
PUBLISHED_PRECOMPUTED_FEATURE_EVALUATION,FEATURE_SEARCH_ONLY,second_S2D.mat,291,345,3,18662,345,0.9996373057365417,True
PUBLISHED_PRECOMPUTED_FEATURE_EVALUATION,FEATURE_SEARCH_ONLY,second_S2D.mat,291,345,4,18678,345,0.9996136426925659,True
PUBLISHED_PRECOMPUTED_FEATURE_EVALUATION,FEATURE_SEARCH_ONLY,second_S2D.mat,291,345,5,18659,345,0.9995779991149902,True
PUBLISHED_PRECOMPUTED_FEATURE_EVALUATION,FEATURE_SEARCH_ONLY,second_S2D.mat,291,345,6,18655,345,0.9995496273040771,True
PUBLISHED_PRECOMPUTED_FEATURE_EVALUATION,FEATURE_SEARCH_ONLY,second_S2D.mat,291,345,7,18677,345,0.9995458126068115,True
PUBLISHED_PRECOMPUTED_FEATURE_EVALUATION,FEATURE_SEARCH_ONLY,second_S2D.mat,291,345,8,18656,345,0.9995450973510742,True
PUBLISHED_PRECOMPUTED_FEATURE_EVALUATION,FEATURE_SEARCH_ONLY,second_S2D.mat,291,345,9,18644,345,0.9995425939559937,True
PUBLISHED_PRECOMPUTED_FEATURE_EVALUATION,FEATURE_SEARCH_ONLY,second_S2D.mat,291,345,10,18679,345,0.9995381832122803,True
PUBLISHED_PRECOMPUTED_FEATURE_EVALUATION,FEATURE_SEARCH_ONLY,second_S2D.mat,292,346,1,18719,346,0.9996706247329712,True
PUBLISHED_PRECOMPUTED_FEATURE_EVALUATION,FEATURE_SEARCH_ONLY,second_S2D.mat,292,346,2,18717,346,0.9996528029441833,True
PUBLISHED_PRECOMPUTED_FEATURE_EVALUATION,FEATURE_SEARCH_ONLY,second_S2D.mat,292,346,3,18718,346,0.9996312856674194,True
PUBLISHED_PRECOMPUTED_FEATURE_EVALUATION,FEATURE_SEARCH_ONLY,second_S2D.mat,292,346,4,18720,346,0.9996250867843628,True
PUBLISHED_PRECOMPUTED_FEATURE_EVALUATION,FEATURE_SEARCH_ONLY,second_S2D.mat,292,346,5,18735,346,0.999579906463623,True
PUBLISHED_PRECOMPUTED_FEATURE_EVALUATION,FEATURE_SEARCH_ONLY,second_S2D.mat,292,346,6,18702,346,0.9995771050453186,True
PUBLISHED_PRECOMPUTED_FEATURE_EVALUATION,FEATURE_SEARCH_ONLY,second_S2D.mat,292,346,7,18716,346,0.9995737075805664,True
PUBLISHED_PRECOMPUTED_FEATURE_EVALUATION,FEATURE_SEARCH_ONLY,second_S2D.mat,292,346,8,18721,346,0.9995707869529724,True
PUBLISHED_PRECOMPUTED_FEATURE_EVALUATION,FEATURE_SEARCH_ONLY,second_S2D.mat,292,346,9,18701,346,0.9995393753051758,True
PUBLISHED_PRECOMPUTED_FEATURE_EVALUATION,FEATURE_SEARCH_ONLY,second_S2D.mat,292,346,10,18703,346,0.9995167255401611,True
PUBLISHED_PRECOMPUTED_FEATURE_EVALUATION,FEATURE_SEARCH_ONLY,second_S2D.mat,293,347,1,18772,347,0.9997212886810303,True
PUBLISHED_PRECOMPUTED_FEATURE_EVALUATION,FEATURE_SEARCH_ONLY,second_S2D.mat,293,347,2,18774,347,0.9997032284736633,True
PUBLISHED_PRECOMPUTED_FEATURE_EVALUATION,FEATURE_SEARCH_ONLY,second_S2D.mat,293,347,3,18778,347,0.9996775388717651,True
PUBLISHED_PRECOMPUTED_FEATURE_EVALUATION,FEATURE_SEARCH_ONLY,second_S2D.mat,293,347,4,18773,347,0.9996722340583801,True
PUBLISHED_PRECOMPUTED_FEATURE_EVALUATION,FEATURE_SEARCH_ONLY,second_S2D.mat,293,347,5,18779,347,0.9996663331985474,True
PUBLISHED_PRECOMPUTED_FEATURE_EVALUATION,FEATURE_SEARCH_ONLY,second_S2D.mat,293,347,6,18789,347,0.9996656179428101,True
PUBLISHED_PRECOMPUTED_FEATURE_EVALUATION,FEATURE_SEARCH_ONLY,second_S2D.mat,293,347,7,18780,347,0.9996650218963623,True
PUBLISHED_PRECOMPUTED_FEATURE_EVALUATION,FEATURE_SEARCH_ONLY,second_S2D.mat,293,347,8,18788,347,0.999663233757019,True
PUBLISHED_PRECOMPUTED_FEATURE_EVALUATION,FEATURE_SEARCH_ONLY,second_S2D.mat,293,347,9,18769,347,0.9996401071548462,True
PUBLISHED_PRECOMPUTED_FEATURE_EVALUATION,FEATURE_SEARCH_ONLY,second_S2D.mat,293,347,10,18775,347,0.9996374249458313,True
PUBLISHED_PRECOMPUTED_FEATURE_EVALUATION,FEATURE_SEARCH_ONLY,second_S2D.mat,294,348,1,18827,348,0.9997186064720154,True
PUBLISHED_PRECOMPUTED_FEATURE_EVALUATION,FEATURE_SEARCH_ONLY,second_S2D.mat,294,348,2,18826,348,0.9996764659881592,True
PUBLISHED_PRECOMPUTED_FEATURE_EVALUATION,FEATURE_SEARCH_ONLY,second_S2D.mat,294,348,3,18830,348,0.9995987415313721,True
PUBLISHED_PRECOMPUTED_FEATURE_EVALUATION,FEATURE_SEARCH_ONLY,second_S2D.mat,294,348,4,18845,348,0.999598503112793,True
PUBLISHED_PRECOMPUTED_FEATURE_EVALUATION,FEATURE_SEARCH_ONLY,second_S2D.mat,294,348,5,18844,348,0.9995913505554199,True
PUBLISHED_PRECOMPUTED_FEATURE_EVALUATION,FEATURE_SEARCH_ONLY,second_S2D.mat,294,348,6,18809,348,0.999587893486023,True
PUBLISHED_PRECOMPUTED_FEATURE_EVALUATION,FEATURE_SEARCH_ONLY,second_S2D.mat,294,348,7,18843,348,0.9995758533477783,True
PUBLISHED_PRECOMPUTED_FEATURE_EVALUATION,FEATURE_SEARCH_ONLY,second_S2D.mat,294,348,8,18828,348,0.9995592832565308,True
PUBLISHED_PRECOMPUTED_FEATURE_EVALUATION,FEATURE_SEARCH_ONLY,second_S2D.mat,294,348,9,18808,348,0.999525785446167,True
PUBLISHED_PRECOMPUTED_FEATURE_EVALUATION,FEATURE_SEARCH_ONLY,second_S2D.mat,294,348,10,18831,348,0.9995107650756836,True
PUBLISHED_PRECOMPUTED_FEATURE_EVALUATION,FEATURE_SEARCH_ONLY,second_S2D.mat,295,349,1,18880,349,0.9997333288192749,True
PUBLISHED_PRECOMPUTED_FEATURE_EVALUATION,FEATURE_SEARCH_ONLY,second_S2D.mat,295,349,2,18881,349,0.999713122844696,True
PUBLISHED_PRECOMPUTED_FEATURE_EVALUATION,FEATURE_SEARCH_ONLY,second_S2D.mat,295,349,3,18879,349,0.999634861946106,True
PUBLISHED_PRECOMPUTED_FEATURE_EVALUATION,FEATURE_SEARCH_ONLY,second_S2D.mat,295,349,4,18882,349,0.9996082186698914,True
PUBLISHED_PRECOMPUTED_FEATURE_EVALUATION,FEATURE_SEARCH_ONLY,second_S2D.mat,295,349,5,18863,349,0.9995906949043274,True
PUBLISHED_PRECOMPUTED_FEATURE_EVALUATION,FEATURE_SEARCH_ONLY,second_S2D.mat,295,349,6,18897,349,0.9995474815368652,True
PUBLISHED_PRECOMPUTED_FEATURE_EVALUATION,FEATURE_SEARCH_ONLY,second_S2D.mat,295,349,7,18862,349,0.9995415806770325,True
PUBLISHED_PRECOMPUTED_FEATURE_EVALUATION,FEATURE_SEARCH_ONLY,second_S2D.mat,295,349,8,18896,349,0.9995356798171997,True
PUBLISHED_PRECOMPUTED_FEATURE_EVALUATION,FEATURE_SEARCH_ONLY,second_S2D.mat,295,349,9,18885,349,0.9995236396789551,True
PUBLISHED_PRECOMPUTED_FEATURE_EVALUATION,FEATURE_SEARCH_ONLY,second_S2D.mat,295,349,10,18895,349,0.9995027780532837,True
PUBLISHED_PRECOMPUTED_FEATURE_EVALUATION,FEATURE_SEARCH_ONLY,second_S2D.mat,296,350,1,18918,350,0.9996122717857361,True
PUBLISHED_PRECOMPUTED_FEATURE_EVALUATION,FEATURE_SEARCH_ONLY,second_S2D.mat,296,350,2,18917,350,0.9995724558830261,True
PUBLISHED_PRECOMPUTED_FEATURE_EVALUATION,FEATURE_SEARCH_ONLY,second_S2D.mat,296,350,3,18935,350,0.9995708465576172,True
PUBLISHED_PRECOMPUTED_FEATURE_EVALUATION,FEATURE_SEARCH_ONLY,second_S2D.mat,296,350,4,18932,350,0.9995566606521606,True
PUBLISHED_PRECOMPUTED_FEATURE_EVALUATION,FEATURE_SEARCH_ONLY,second_S2D.mat,296,350,5,18919,350,0.9995433688163757,True
PUBLISHED_PRECOMPUTED_FEATURE_EVALUATION,FEATURE_SEARCH_ONLY,second_S2D.mat,296,350,6,18934,350,0.9995419979095459,True
PUBLISHED_PRECOMPUTED_FEATURE_EVALUATION,FEATURE_SEARCH_ONLY,second_S2D.mat,296,350,7,18933,350,0.9995231032371521,True
PUBLISHED_PRECOMPUTED_FEATURE_EVALUATION,FEATURE_SEARCH_ONLY,second_S2D.mat,296,350,8,18931,350,0.9995208382606506,True
PUBLISHED_PRECOMPUTED_FEATURE_EVALUATION,FEATURE_SEARCH_ONLY,second_S2D.mat,296,350,9,18943,350,0.9995169043540955,True
PUBLISHED_PRECOMPUTED_FEATURE_EVALUATION,FEATURE_SEARCH_ONLY,second_S2D.mat,296,350,10,18937,350,0.9995142817497253,True
PUBLISHED_PRECOMPUTED_FEATURE_EVALUATION,FEATURE_SEARCH_ONLY,second_S2D.mat,297,351,1,18997,351,0.9992154836654663,True
PUBLISHED_PRECOMPUTED_FEATURE_EVALUATION,FEATURE_SEARCH_ONLY,second_S2D.mat,297,351,2,18996,351,0.9991950988769531,True
PUBLISHED_PRECOMPUTED_FEATURE_EVALUATION,FEATURE_SEARCH_ONLY,second_S2D.mat,297,351,3,18998,351,0.999184250831604,True
PUBLISHED_PRECOMPUTED_FEATURE_EVALUATION,FEATURE_SEARCH_ONLY,second_S2D.mat,297,351,4,18981,351,0.9991833567619324,True
PUBLISHED_PRECOMPUTED_FEATURE_EVALUATION,FEATURE_SEARCH_ONLY,second_S2D.mat,297,351,5,18980,351,0.9991816282272339,True
PUBLISHED_PRECOMPUTED_FEATURE_EVALUATION,FEATURE_SEARCH_ONLY,second_S2D.mat,297,351,6,18979,351,0.9991729259490967,True
PUBLISHED_PRECOMPUTED_FEATURE_EVALUATION,FEATURE_SEARCH_ONLY,second_S2D.mat,297,351,7,18999,351,0.9991692900657654,True
PUBLISHED_PRECOMPUTED_FEATURE_EVALUATION,FEATURE_SEARCH_ONLY,second_S2D.mat,297,351,8,18961,351,0.9991549253463745,True
PUBLISHED_PRECOMPUTED_FEATURE_EVALUATION,FEATURE_SEARCH_ONLY,second_S2D.mat,297,351,9,18983,351,0.9991505146026611,True
PUBLISHED_PRECOMPUTED_FEATURE_EVALUATION,FEATURE_SEARCH_ONLY,second_S2D.mat,297,351,10,18978,351,0.9991432428359985,True
PUBLISHED_PRECOMPUTED_FEATURE_EVALUATION,FEATURE_SEARCH_ONLY,second_S2D.mat,298,352,1,19044,352,0.9998076558113098,True
PUBLISHED_PRECOMPUTED_FEATURE_EVALUATION,FEATURE_SEARCH_ONLY,second_S2D.mat,298,352,2,19043,352,0.9998009204864502,True
PUBLISHED_PRECOMPUTED_FEATURE_EVALUATION,FEATURE_SEARCH_ONLY,second_S2D.mat,298,352,3,19036,352,0.9997636079788208,True
PUBLISHED_PRECOMPUTED_FEATURE_EVALUATION,FEATURE_SEARCH_ONLY,second_S2D.mat,298,352,4,19042,352,0.9997367858886719,True
PUBLISHED_PRECOMPUTED_FEATURE_EVALUATION,FEATURE_SEARCH_ONLY,second_S2D.mat,298,352,5,19045,352,0.9997349381446838,True
PUBLISHED_PRECOMPUTED_FEATURE_EVALUATION,FEATURE_SEARCH_ONLY,second_S2D.mat,298,352,6,19054,352,0.999726414680481,True
PUBLISHED_PRECOMPUTED_FEATURE_EVALUATION,FEATURE_SEARCH_ONLY,second_S2D.mat,298,352,7,19055,352,0.9996897578239441,True
PUBLISHED_PRECOMPUTED_FEATURE_EVALUATION,FEATURE_SEARCH_ONLY,second_S2D.mat,298,352,8,19037,352,0.9996873140335083,True
PUBLISHED_PRECOMPUTED_FEATURE_EVALUATION,FEATURE_SEARCH_ONLY,second_S2D.mat,298,352,9,19026,352,0.9996772408485413,True
PUBLISHED_PRECOMPUTED_FEATURE_EVALUATION,FEATURE_SEARCH_ONLY,second_S2D.mat,298,352,10,19027,352,0.999667763710022,True
PUBLISHED_PRECOMPUTED_FEATURE_EVALUATION,FEATURE_SEARCH_ONLY,second_S2D.mat,299,353,1,19089,353,0.9992647171020508,True
PUBLISHED_PRECOMPUTED_FEATURE_EVALUATION,FEATURE_SEARCH_ONLY,second_S2D.mat,299,353,2,19087,353,0.9991855025291443,True
PUBLISHED_PRECOMPUTED_FEATURE_EVALUATION,FEATURE_SEARCH_ONLY,second_S2D.mat,299,353,3,19088,353,0.9991585612297058,True
PUBLISHED_PRECOMPUTED_FEATURE_EVALUATION,FEATURE_SEARCH_ONLY,second_S2D.mat,299,353,4,19107,353,0.999151349067688,True
PUBLISHED_PRECOMPUTED_FEATURE_EVALUATION,FEATURE_SEARCH_ONLY,second_S2D.mat,299,353,5,19105,353,0.9991450309753418,True
PUBLISHED_PRECOMPUTED_FEATURE_EVALUATION,FEATURE_SEARCH_ONLY,second_S2D.mat,299,353,6,19086,353,0.9991282224655151,True
PUBLISHED_PRECOMPUTED_FEATURE_EVALUATION,FEATURE_SEARCH_ONLY,second_S2D.mat,299,353,7,19104,353,0.9991039037704468,True
PUBLISHED_PRECOMPUTED_FEATURE_EVALUATION,FEATURE_SEARCH_ONLY,second_S2D.mat,299,353,8,19071,353,0.9990991353988647,True
PUBLISHED_PRECOMPUTED_FEATURE_EVALUATION,FEATURE_SEARCH_ONLY,second_S2D.mat,299,353,9,19090,353,0.9990853071212769,True
PUBLISHED_PRECOMPUTED_FEATURE_EVALUATION,FEATURE_SEARCH_ONLY,second_S2D.mat,299,353,10,19106,353,0.9990591406822205,True
PUBLISHED_PRECOMPUTED_FEATURE_EVALUATION,FEATURE_SEARCH_ONLY,second_S2D.mat,300,354,1,19144,354,0.9984720349311829,True
PUBLISHED_PRECOMPUTED_FEATURE_EVALUATION,FEATURE_SEARCH_ONLY,second_S2D.mat,300,354,2,16980,314,0.998451828956604,False
PUBLISHED_PRECOMPUTED_FEATURE_EVALUATION,FEATURE_SEARCH_ONLY,second_S2D.mat,300,354,3,16982,314,0.998427152633667,False
PUBLISHED_PRECOMPUTED_FEATURE_EVALUATION,FEATURE_SEARCH_ONLY,second_S2D.mat,300,354,4,19160,354,0.9984036087989807,True
PUBLISHED_PRECOMPUTED_FEATURE_EVALUATION,FEATURE_SEARCH_ONLY,second_S2D.mat,300,354,5,16981,314,0.9983981251716614,False
PUBLISHED_PRECOMPUTED_FEATURE_EVALUATION,FEATURE_SEARCH_ONLY,second_S2D.mat,300,354,6,17000,314,0.9983878135681152,False
PUBLISHED_PRECOMPUTED_FEATURE_EVALUATION,FEATURE_SEARCH_ONLY,second_S2D.mat,300,354,7,26536,491,0.9983727335929871,False
PUBLISHED_PRECOMPUTED_FEATURE_EVALUATION,FEATURE_SEARCH_ONLY,second_S2D.mat,300,354,8,16984,314,0.9983702898025513,False
PUBLISHED_PRECOMPUTED_FEATURE_EVALUATION,FEATURE_SEARCH_ONLY,second_S2D.mat,300,354,9,19161,354,0.9983653426170349,True
PUBLISHED_PRECOMPUTED_FEATURE_EVALUATION,FEATURE_SEARCH_ONLY,second_S2D.mat,300,354,10,16963,314,0.9983649253845215,False
PUBLISHED_PRECOMPUTED_FEATURE_EVALUATION,FEATURE_SEARCH_ONLY,second_S2D.mat,301,356,1,19247,356,0.9993643760681152,True
PUBLISHED_PRECOMPUTED_FEATURE_EVALUATION,FEATURE_SEARCH_ONLY,second_S2D.mat,301,356,2,19248,356,0.9993619918823242,True
PUBLISHED_PRECOMPUTED_FEATURE_EVALUATION,FEATURE_SEARCH_ONLY,second_S2D.mat,301,356,3,19265,356,0.999353289604187,True
PUBLISHED_PRECOMPUTED_FEATURE_EVALUATION,FEATURE_SEARCH_ONLY,second_S2D.mat,301,356,4,19264,356,0.999334990978241,True
PUBLISHED_PRECOMPUTED_FEATURE_EVALUATION,FEATURE_SEARCH_ONLY,second_S2D.mat,301,356,5,19262,356,0.9993314146995544,True
PUBLISHED_PRECOMPUTED_FEATURE_EVALUATION,FEATURE_SEARCH_ONLY,second_S2D.mat,301,356,6,19251,356,0.9993187189102173,True
PUBLISHED_PRECOMPUTED_FEATURE_EVALUATION,FEATURE_SEARCH_ONLY,second_S2D.mat,301,356,7,19263,356,0.9993066787719727,True
PUBLISHED_PRECOMPUTED_FEATURE_EVALUATION,FEATURE_SEARCH_ONLY,second_S2D.mat,301,356,8,19245,356,0.9993012547492981,True
PUBLISHED_PRECOMPUTED_FEATURE_EVALUATION,FEATURE_SEARCH_ONLY,second_S2D.mat,301,356,9,19250,356,0.9992923140525818,True
PUBLISHED_PRECOMPUTED_FEATURE_EVALUATION,FEATURE_SEARCH_ONLY,second_S2D.mat,301,356,10,19266,356,0.9992677569389343,True
PUBLISHED_PRECOMPUTED_FEATURE_EVALUATION,FEATURE_SEARCH_ONLY,second_S2D.mat,302,357,1,19319,357,0.9995772838592529,True
PUBLISHED_PRECOMPUTED_FEATURE_EVALUATION,FEATURE_SEARCH_ONLY,second_S2D.mat,302,357,2,19314,357,0.9995666742324829,True
PUBLISHED_PRECOMPUTED_FEATURE_EVALUATION,FEATURE_SEARCH_ONLY,second_S2D.mat,302,357,3,19303,357,0.999559223651886,True
PUBLISHED_PRECOMPUTED_FEATURE_EVALUATION,FEATURE_SEARCH_ONLY,second_S2D.mat,302,357,4,19321,357,0.9995538592338562,True
PUBLISHED_PRECOMPUTED_FEATURE_EVALUATION,FEATURE_SEARCH_ONLY,second_S2D.mat,302,357,5,19301,357,0.999549925327301,True
PUBLISHED_PRECOMPUTED_FEATURE_EVALUATION,FEATURE_SEARCH_ONLY,second_S2D.mat,302,357,6,19313,357,0.9995396733283997,True
PUBLISHED_PRECOMPUTED_FEATURE_EVALUATION,FEATURE_SEARCH_ONLY,second_S2D.mat,302,357,7,19302,357,0.9995331764221191,True
PUBLISHED_PRECOMPUTED_FEATURE_EVALUATION,FEATURE_SEARCH_ONLY,second_S2D.mat,302,357,8,19316,357,0.999531626701355,True
PUBLISHED_PRECOMPUTED_FEATURE_EVALUATION,FEATURE_SEARCH_ONLY,second_S2D.mat,302,357,9,19318,357,0.9995259046554565,True
PUBLISHED_PRECOMPUTED_FEATURE_EVALUATION,FEATURE_SEARCH_ONLY,second_S2D.mat,302,357,10,19331,357,0.999519944190979,True
PUBLISHED_PRECOMPUTED_FEATURE_EVALUATION,FEATURE_SEARCH_ONLY,second_S2D.mat,303,358,1,19368,358,0.9994582533836365,True
PUBLISHED_PRECOMPUTED_FEATURE_EVALUATION,FEATURE_SEARCH_ONLY,second_S2D.mat,303,358,2,19349,358,0.9994562864303589,True
PUBLISHED_PRECOMPUTED_FEATURE_EVALUATION,FEATURE_SEARCH_ONLY,second_S2D.mat,303,358,3,19356,358,0.9994433522224426,True
PUBLISHED_PRECOMPUTED_FEATURE_EVALUATION,FEATURE_SEARCH_ONLY,second_S2D.mat,303,358,4,19350,358,0.9994246363639832,True
PUBLISHED_PRECOMPUTED_FEATURE_EVALUATION,FEATURE_SEARCH_ONLY,second_S2D.mat,303,358,5,19355,358,0.9994244575500488,True
PUBLISHED_PRECOMPUTED_FEATURE_EVALUATION,FEATURE_SEARCH_ONLY,second_S2D.mat,303,358,6,19359,358,0.9994187951087952,True
PUBLISHED_PRECOMPUTED_FEATURE_EVALUATION,FEATURE_SEARCH_ONLY,second_S2D.mat,303,358,7,19374,358,0.9994168281555176,True
PUBLISHED_PRECOMPUTED_FEATURE_EVALUATION,FEATURE_SEARCH_ONLY,second_S2D.mat,303,358,8,19354,358,0.9994161128997803,True
PUBLISHED_PRECOMPUTED_FEATURE_EVALUATION,FEATURE_SEARCH_ONLY,second_S2D.mat,303,358,9,19361,358,0.9994145631790161,True
PUBLISHED_PRECOMPUTED_FEATURE_EVALUATION,FEATURE_SEARCH_ONLY,second_S2D.mat,303,358,10,19362,358,0.9994115233421326,True
PUBLISHED_PRECOMPUTED_FEATURE_EVALUATION,FEATURE_SEARCH_ONLY,second_S2D.mat,304,359,1,19417,359,0.9993740916252136,True
PUBLISHED_PRECOMPUTED_FEATURE_EVALUATION,FEATURE_SEARCH_ONLY,second_S2D.mat,304,359,2,19427,359,0.9993274211883545,True
PUBLISHED_PRECOMPUTED_FEATURE_EVALUATION,FEATURE_SEARCH_ONLY,second_S2D.mat,304,359,3,19409,359,0.9993067979812622,True
PUBLISHED_PRECOMPUTED_FEATURE_EVALUATION,FEATURE_SEARCH_ONLY,second_S2D.mat,304,359,4,19416,359,0.9992995262145996,True
PUBLISHED_PRECOMPUTED_FEATURE_EVALUATION,FEATURE_SEARCH_ONLY,second_S2D.mat,304,359,5,19398,359,0.9992809891700745,True
PUBLISHED_PRECOMPUTED_FEATURE_EVALUATION,FEATURE_SEARCH_ONLY,second_S2D.mat,304,359,6,19426,359,0.999277651309967,True
PUBLISHED_PRECOMPUTED_FEATURE_EVALUATION,FEATURE_SEARCH_ONLY,second_S2D.mat,304,359,7,19434,359,0.999247133731842,True
PUBLISHED_PRECOMPUTED_FEATURE_EVALUATION,FEATURE_SEARCH_ONLY,second_S2D.mat,304,359,8,19433,359,0.9992455840110779,True
PUBLISHED_PRECOMPUTED_FEATURE_EVALUATION,FEATURE_SEARCH_ONLY,second_S2D.mat,304,359,9,19408,359,0.9992339611053467,True
PUBLISHED_PRECOMPUTED_FEATURE_EVALUATION,FEATURE_SEARCH_ONLY,second_S2D.mat,304,359,10,19399,359,0.9992308616638184,True
PUBLISHED_PRECOMPUTED_FEATURE_EVALUATION,FEATURE_SEARCH_ONLY,second_S2D.mat,305,360,1,19478,360,0.9994660019874573,True
PUBLISHED_PRECOMPUTED_FEATURE_EVALUATION,FEATURE_SEARCH_ONLY,second_S2D.mat,305,360,2,19477,360,0.9994528293609619,True
PUBLISHED_PRECOMPUTED_FEATURE_EVALUATION,FEATURE_SEARCH_ONLY,second_S2D.mat,305,360,3,19484,360,0.9993935227394104,True
PUBLISHED_PRECOMPUTED_FEATURE_EVALUATION,FEATURE_SEARCH_ONLY,second_S2D.mat,305,360,4,19485,360,0.9993788003921509,True
PUBLISHED_PRECOMPUTED_FEATURE_EVALUATION,FEATURE_SEARCH_ONLY,second_S2D.mat,305,360,5,19459,360,0.9993696212768555,True
PUBLISHED_PRECOMPUTED_FEATURE_EVALUATION,FEATURE_SEARCH_ONLY,second_S2D.mat,305,360,6,19482,360,0.9993594884872437,True
PUBLISHED_PRECOMPUTED_FEATURE_EVALUATION,FEATURE_SEARCH_ONLY,second_S2D.mat,305,360,7,19479,360,0.9993540048599243,True
PUBLISHED_PRECOMPUTED_FEATURE_EVALUATION,FEATURE_SEARCH_ONLY,second_S2D.mat,305,360,8,19486,360,0.9993296265602112,True
PUBLISHED_PRECOMPUTED_FEATURE_EVALUATION,FEATURE_SEARCH_ONLY,second_S2D.mat,305,360,9,19476,360,0.9993292093276978,True
PUBLISHED_PRECOMPUTED_FEATURE_EVALUATION,FEATURE_SEARCH_ONLY,second_S2D.mat,305,360,10,19493,360,0.9993190765380859,True
PUBLISHED_PRECOMPUTED_FEATURE_EVALUATION,FEATURE_SEARCH_ONLY,second_S2D.mat,306,361,1,19533,361,0.9992285966873169,True
PUBLISHED_PRECOMPUTED_FEATURE_EVALUATION,FEATURE_SEARCH_ONLY,second_S2D.mat,306,361,2,19522,361,0.9991705417633057,True
PUBLISHED_PRECOMPUTED_FEATURE_EVALUATION,FEATURE_SEARCH_ONLY,second_S2D.mat,306,361,3,19541,361,0.999125599861145,True
PUBLISHED_PRECOMPUTED_FEATURE_EVALUATION,FEATURE_SEARCH_ONLY,second_S2D.mat,306,361,4,19542,361,0.9991189241409302,True
PUBLISHED_PRECOMPUTED_FEATURE_EVALUATION,FEATURE_SEARCH_ONLY,second_S2D.mat,306,361,5,19523,361,0.9991008639335632,True
PUBLISHED_PRECOMPUTED_FEATURE_EVALUATION,FEATURE_SEARCH_ONLY,second_S2D.mat,306,361,6,19534,361,0.9990965723991394,True
PUBLISHED_PRECOMPUTED_FEATURE_EVALUATION,FEATURE_SEARCH_ONLY,second_S2D.mat,306,361,7,19535,361,0.9989768266677856,True
PUBLISHED_PRECOMPUTED_FEATURE_EVALUATION,FEATURE_SEARCH_ONLY,second_S2D.mat,306,361,8,19532,361,0.9989763498306274,True
PUBLISHED_PRECOMPUTED_FEATURE_EVALUATION,FEATURE_SEARCH_ONLY,second_S2D.mat,306,361,9,19539,361,0.9989641904830933,True
PUBLISHED_PRECOMPUTED_FEATURE_EVALUATION,FEATURE_SEARCH_ONLY,second_S2D.mat,306,361,10,19524,361,0.9989609718322754,True
PUBLISHED_PRECOMPUTED_FEATURE_EVALUATION,FEATURE_SEARCH_ONLY,second_S2D.mat,307,362,1,19584,362,0.9994776844978333,True
PUBLISHED_PRECOMPUTED_FEATURE_EVALUATION,FEATURE_SEARCH_ONLY,second_S2D.mat,307,362,2,19575,362,0.9994590282440186,True
PUBLISHED_PRECOMPUTED_FEATURE_EVALUATION,FEATURE_SEARCH_ONLY,second_S2D.mat,307,362,3,19574,362,0.9994498491287231,True
PUBLISHED_PRECOMPUTED_FEATURE_EVALUATION,FEATURE_SEARCH_ONLY,second_S2D.mat,307,362,4,19593,362,0.999434769153595,True
PUBLISHED_PRECOMPUTED_FEATURE_EVALUATION,FEATURE_SEARCH_ONLY,second_S2D.mat,307,362,5,19585,362,0.9993680119514465,True
PUBLISHED_PRECOMPUTED_FEATURE_EVALUATION,FEATURE_SEARCH_ONLY,second_S2D.mat,307,362,6,19567,362,0.9993540644645691,True
PUBLISHED_PRECOMPUTED_FEATURE_EVALUATION,FEATURE_SEARCH_ONLY,second_S2D.mat,307,362,7,19592,362,0.9993458390235901,True
PUBLISHED_PRECOMPUTED_FEATURE_EVALUATION,FEATURE_SEARCH_ONLY,second_S2D.mat,307,362,8,19566,362,0.9993424415588379,True
PUBLISHED_PRECOMPUTED_FEATURE_EVALUATION,FEATURE_SEARCH_ONLY,second_S2D.mat,307,362,9,19573,362,0.9993359446525574,True
PUBLISHED_PRECOMPUTED_FEATURE_EVALUATION,FEATURE_SEARCH_ONLY,second_S2D.mat,307,362,10,19591,362,0.999314546585083,True
PUBLISHED_PRECOMPUTED_FEATURE_EVALUATION,FEATURE_SEARCH_ONLY,second_S2D.mat,308,364,1,19692,364,0.9995355606079102,True
PUBLISHED_PRECOMPUTED_FEATURE_EVALUATION,FEATURE_SEARCH_ONLY,second_S2D.mat,308,364,2,19700,364,0.9995266199111938,True
PUBLISHED_PRECOMPUTED_FEATURE_EVALUATION,FEATURE_SEARCH_ONLY,second_S2D.mat,308,364,3,19701,364,0.999520480632782,True
PUBLISHED_PRECOMPUTED_FEATURE_EVALUATION,FEATURE_SEARCH_ONLY,second_S2D.mat,308,364,4,19691,364,0.9994988441467285,True
PUBLISHED_PRECOMPUTED_FEATURE_EVALUATION,FEATURE_SEARCH_ONLY,second_S2D.mat,308,364,5,19702,364,0.9994979500770569,True
PUBLISHED_PRECOMPUTED_FEATURE_EVALUATION,FEATURE_SEARCH_ONLY,second_S2D.mat,308,364,6,19684,364,0.9994913339614868,True
PUBLISHED_PRECOMPUTED_FEATURE_EVALUATION,FEATURE_SEARCH_ONLY,second_S2D.mat,308,364,7,19682,364,0.9994860291481018,True
PUBLISHED_PRECOMPUTED_FEATURE_EVALUATION,FEATURE_SEARCH_ONLY,second_S2D.mat,308,364,8,19683,364,0.9994828701019287,True
PUBLISHED_PRECOMPUTED_FEATURE_EVALUATION,FEATURE_SEARCH_ONLY,second_S2D.mat,308,364,9,19693,364,0.9994756579399109,True
PUBLISHED_PRECOMPUTED_FEATURE_EVALUATION,FEATURE_SEARCH_ONLY,second_S2D.mat,308,364,10,19674,364,0.999464213848114,True
PUBLISHED_PRECOMPUTED_FEATURE_EVALUATION,FEATURE_SEARCH_ONLY,second_S2D.mat,309,365,1,19741,365,0.9991909861564636,True
PUBLISHED_PRECOMPUTED_FEATURE_EVALUATION,FEATURE_SEARCH_ONLY,second_S2D.mat,309,365,2,19723,365,0.9991711378097534,True
PUBLISHED_PRECOMPUTED_FEATURE_EVALUATION,FEATURE_SEARCH_ONLY,second_S2D.mat,309,365,3,19752,365,0.9991377592086792,True
PUBLISHED_PRECOMPUTED_FEATURE_EVALUATION,FEATURE_SEARCH_ONLY,second_S2D.mat,309,365,4,19751,365,0.999134361743927,True
PUBLISHED_PRECOMPUTED_FEATURE_EVALUATION,FEATURE_SEARCH_ONLY,second_S2D.mat,309,365,5,19734,365,0.9991333484649658,True
PUBLISHED_PRECOMPUTED_FEATURE_EVALUATION,FEATURE_SEARCH_ONLY,second_S2D.mat,309,365,6,19753,365,0.9991265535354614,True
PUBLISHED_PRECOMPUTED_FEATURE_EVALUATION,FEATURE_SEARCH_ONLY,second_S2D.mat,309,365,7,19739,365,0.9991142749786377,True
PUBLISHED_PRECOMPUTED_FEATURE_EVALUATION,FEATURE_SEARCH_ONLY,second_S2D.mat,309,365,8,19733,365,0.9991028308868408,True
PUBLISHED_PRECOMPUTED_FEATURE_EVALUATION,FEATURE_SEARCH_ONLY,second_S2D.mat,309,365,9,19742,365,0.9991014003753662,True
PUBLISHED_PRECOMPUTED_FEATURE_EVALUATION,FEATURE_SEARCH_ONLY,second_S2D.mat,309,365,10,19738,365,0.9990987181663513,True
PUBLISHED_PRECOMPUTED_FEATURE_EVALUATION,FEATURE_SEARCH_ONLY,second_S2D.mat,310,366,1,19789,366,0.999259889125824,True
PUBLISHED_PRECOMPUTED_FEATURE_EVALUATION,FEATURE_SEARCH_ONLY,second_S2D.mat,310,366,2,19797,366,0.9992192983627319,True
PUBLISHED_PRECOMPUTED_FEATURE_EVALUATION,FEATURE_SEARCH_ONLY,second_S2D.mat,310,366,3,19771,366,0.9991737008094788,True
PUBLISHED_PRECOMPUTED_FEATURE_EVALUATION,FEATURE_SEARCH_ONLY,second_S2D.mat,310,366,4,19790,366,0.9991733431816101,True
PUBLISHED_PRECOMPUTED_FEATURE_EVALUATION,FEATURE_SEARCH_ONLY,second_S2D.mat,310,366,5,19779,366,0.9991276264190674,True
PUBLISHED_PRECOMPUTED_FEATURE_EVALUATION,FEATURE_SEARCH_ONLY,second_S2D.mat,310,366,6,19798,366,0.9991222023963928,True
PUBLISHED_PRECOMPUTED_FEATURE_EVALUATION,FEATURE_SEARCH_ONLY,second_S2D.mat,310,366,7,19807,366,0.9991212487220764,True
PUBLISHED_PRECOMPUTED_FEATURE_EVALUATION,FEATURE_SEARCH_ONLY,second_S2D.mat,310,366,8,19793,366,0.9990792870521545,True
PUBLISHED_PRECOMPUTED_FEATURE_EVALUATION,FEATURE_SEARCH_ONLY,second_S2D.mat,310,366,9,19791,366,0.999058723449707,True
PUBLISHED_PRECOMPUTED_FEATURE_EVALUATION,FEATURE_SEARCH_ONLY,second_S2D.mat,310,366,10,19786,366,0.9990531206130981,True
PUBLISHED_PRECOMPUTED_FEATURE_EVALUATION,FEATURE_SEARCH_ONLY,second_S2D.mat,311,368,1,19917,368,0.9990878701210022,True
PUBLISHED_PRECOMPUTED_FEATURE_EVALUATION,FEATURE_SEARCH_ONLY,second_S2D.mat,311,368,2,19916,368,0.9990813136100769,True
PUBLISHED_PRECOMPUTED_FEATURE_EVALUATION,FEATURE_SEARCH_ONLY,second_S2D.mat,311,368,3,19918,368,0.999006450176239,True
PUBLISHED_PRECOMPUTED_FEATURE_EVALUATION,FEATURE_SEARCH_ONLY,second_S2D.mat,311,368,4,19919,368,0.9989912509918213,True
PUBLISHED_PRECOMPUTED_FEATURE_EVALUATION,FEATURE_SEARCH_ONLY,second_S2D.mat,311,368,5,19915,368,0.9989705681800842,True
PUBLISHED_PRECOMPUTED_FEATURE_EVALUATION,FEATURE_SEARCH_ONLY,second_S2D.mat,311,368,6,19920,368,0.9989179968833923,True
PUBLISHED_PRECOMPUTED_FEATURE_EVALUATION,FEATURE_SEARCH_ONLY,second_S2D.mat,311,368,7,19899,368,0.9989055395126343,True
PUBLISHED_PRECOMPUTED_FEATURE_EVALUATION,FEATURE_SEARCH_ONLY,second_S2D.mat,311,368,8,19903,368,0.9988938570022583,True
PUBLISHED_PRECOMPUTED_FEATURE_EVALUATION,FEATURE_SEARCH_ONLY,second_S2D.mat,311,368,9,19898,368,0.9988909959793091,True
PUBLISHED_PRECOMPUTED_FEATURE_EVALUATION,FEATURE_SEARCH_ONLY,second_S2D.mat,311,368,10,19905,368,0.9988839030265808,True
PUBLISHED_PRECOMPUTED_FEATURE_EVALUATION,FEATURE_SEARCH_ONLY,second_S2D.mat,312,369,1,19967,369,0.9992795586585999,True
PUBLISHED_PRECOMPUTED_FEATURE_EVALUATION,FEATURE_SEARCH_ONLY,second_S2D.mat,312,369,2,19949,369,0.9992769956588745,True
PUBLISHED_PRECOMPUTED_FEATURE_EVALUATION,FEATURE_SEARCH_ONLY,second_S2D.mat,312,369,3,19966,369,0.9992546439170837,True
PUBLISHED_PRECOMPUTED_FEATURE_EVALUATION,FEATURE_SEARCH_ONLY,second_S2D.mat,312,369,4,19948,369,0.9992219805717468,True
PUBLISHED_PRECOMPUTED_FEATURE_EVALUATION,FEATURE_SEARCH_ONLY,second_S2D.mat,312,369,5,19959,369,0.9992112517356873,True
PUBLISHED_PRECOMPUTED_FEATURE_EVALUATION,FEATURE_SEARCH_ONLY,second_S2D.mat,312,369,6,19975,369,0.9992060661315918,True
PUBLISHED_PRECOMPUTED_FEATURE_EVALUATION,FEATURE_SEARCH_ONLY,second_S2D.mat,312,369,7,19964,369,0.9991583824157715,True
PUBLISHED_PRECOMPUTED_FEATURE_EVALUATION,FEATURE_SEARCH_ONLY,second_S2D.mat,312,369,8,19957,369,0.9991499781608582,True
PUBLISHED_PRECOMPUTED_FEATURE_EVALUATION,FEATURE_SEARCH_ONLY,second_S2D.mat,312,369,9,19965,369,0.9991021752357483,True
PUBLISHED_PRECOMPUTED_FEATURE_EVALUATION,FEATURE_SEARCH_ONLY,second_S2D.mat,312,369,10,19958,369,0.9991014003753662,True
PUBLISHED_PRECOMPUTED_FEATURE_EVALUATION,FEATURE_SEARCH_ONLY,second_S2D.mat,313,370,1,19999,370,0.9993311762809753,True
PUBLISHED_PRECOMPUTED_FEATURE_EVALUATION,FEATURE_SEARCH_ONLY,second_S2D.mat,313,370,2,20017,370,0.9992704391479492,True
PUBLISHED_PRECOMPUTED_FEATURE_EVALUATION,FEATURE_SEARCH_ONLY,second_S2D.mat,313,370,3,20023,370,0.9992365837097168,True
PUBLISHED_PRECOMPUTED_FEATURE_EVALUATION,FEATURE_SEARCH_ONLY,second_S2D.mat,313,370,4,19998,370,0.9992181062698364,True
PUBLISHED_PRECOMPUTED_FEATURE_EVALUATION,FEATURE_SEARCH_ONLY,second_S2D.mat,313,370,5,20020,370,0.9992181062698364,True
PUBLISHED_PRECOMPUTED_FEATURE_EVALUATION,FEATURE_SEARCH_ONLY,second_S2D.mat,313,370,6,20006,370,0.9992150068283081,True
PUBLISHED_PRECOMPUTED_FEATURE_EVALUATION,FEATURE_SEARCH_ONLY,second_S2D.mat,313,370,7,20002,370,0.9991791844367981,True
PUBLISHED_PRECOMPUTED_FEATURE_EVALUATION,FEATURE_SEARCH_ONLY,second_S2D.mat,313,370,8,19980,370,0.9991768002510071,True
PUBLISHED_PRECOMPUTED_FEATURE_EVALUATION,FEATURE_SEARCH_ONLY,second_S2D.mat,313,370,9,20018,370,0.9991697072982788,True
PUBLISHED_PRECOMPUTED_FEATURE_EVALUATION,FEATURE_SEARCH_ONLY,second_S2D.mat,313,370,10,20007,370,0.9991669058799744,True
PUBLISHED_PRECOMPUTED_FEATURE_EVALUATION,FEATURE_SEARCH_ONLY,second_S2D.mat,314,373,1,20179,373,0.9993138909339905,True
PUBLISHED_PRECOMPUTED_FEATURE_EVALUATION,FEATURE_SEARCH_ONLY,second_S2D.mat,314,373,2,20161,373,0.9993119835853577,True
PUBLISHED_PRECOMPUTED_FEATURE_EVALUATION,FEATURE_SEARCH_ONLY,second_S2D.mat,314,373,3,20175,373,0.9992654323577881,True
PUBLISHED_PRECOMPUTED_FEATURE_EVALUATION,FEATURE_SEARCH_ONLY,second_S2D.mat,314,373,4,20178,373,0.9992581605911255,True
PUBLISHED_PRECOMPUTED_FEATURE_EVALUATION,FEATURE_SEARCH_ONLY,second_S2D.mat,314,373,5,20160,373,0.9992499351501465,True
PUBLISHED_PRECOMPUTED_FEATURE_EVALUATION,FEATURE_SEARCH_ONLY,second_S2D.mat,314,373,6,20156,373,0.9992262125015259,True
PUBLISHED_PRECOMPUTED_FEATURE_EVALUATION,FEATURE_SEARCH_ONLY,second_S2D.mat,314,373,7,20164,373,0.9992194175720215,True
PUBLISHED_PRECOMPUTED_FEATURE_EVALUATION,FEATURE_SEARCH_ONLY,second_S2D.mat,314,373,8,20174,373,0.9992162585258484,True
PUBLISHED_PRECOMPUTED_FEATURE_EVALUATION,FEATURE_SEARCH_ONLY,second_S2D.mat,314,373,9,20172,373,0.999207615852356,True
PUBLISHED_PRECOMPUTED_FEATURE_EVALUATION,FEATURE_SEARCH_ONLY,second_S2D.mat,314,373,10,20162,373,0.9992047548294067,True
PUBLISHED_PRECOMPUTED_FEATURE_EVALUATION,FEATURE_SEARCH_ONLY,second_S2D.mat,315,374,1,20229,374,0.999059796333313,True
PUBLISHED_PRECOMPUTED_FEATURE_EVALUATION,FEATURE_SEARCH_ONLY,second_S2D.mat,315,374,2,20212,374,0.9990001320838928,True
PUBLISHED_PRECOMPUTED_FEATURE_EVALUATION,FEATURE_SEARCH_ONLY,second_S2D.mat,315,374,3,20230,374,0.9989959001541138,True
PUBLISHED_PRECOMPUTED_FEATURE_EVALUATION,FEATURE_SEARCH_ONLY,second_S2D.mat,315,374,4,20211,374,0.998935341835022,True
PUBLISHED_PRECOMPUTED_FEATURE_EVALUATION,FEATURE_SEARCH_ONLY,second_S2D.mat,315,374,5,20239,374,0.9989062547683716,True
PUBLISHED_PRECOMPUTED_FEATURE_EVALUATION,FEATURE_SEARCH_ONLY,second_S2D.mat,315,374,6,20248,374,0.9989012479782104,True
PUBLISHED_PRECOMPUTED_FEATURE_EVALUATION,FEATURE_SEARCH_ONLY,second_S2D.mat,315,374,7,20231,374,0.9988985061645508,True
PUBLISHED_PRECOMPUTED_FEATURE_EVALUATION,FEATURE_SEARCH_ONLY,second_S2D.mat,315,374,8,20219,374,0.9988798499107361,True
PUBLISHED_PRECOMPUTED_FEATURE_EVALUATION,FEATURE_SEARCH_ONLY,second_S2D.mat,315,374,9,20208,374,0.9988723993301392,True
PUBLISHED_PRECOMPUTED_FEATURE_EVALUATION,FEATURE_SEARCH_ONLY,second_S2D.mat,315,374,10,20247,374,0.9988658428192139,True
PUBLISHED_PRECOMPUTED_FEATURE_EVALUATION,FEATURE_SEARCH_ONLY,second_S2D.mat,316,375,1,20272,375,0.9991984367370605,True
PUBLISHED_PRECOMPUTED_FEATURE_EVALUATION,FEATURE_SEARCH_ONLY,second_S2D.mat,316,375,2,20273,375,0.9991823434829712,True
PUBLISHED_PRECOMPUTED_FEATURE_EVALUATION,FEATURE_SEARCH_ONLY,second_S2D.mat,316,375,3,20254,375,0.9991522431373596,True
PUBLISHED_PRECOMPUTED_FEATURE_EVALUATION,FEATURE_SEARCH_ONLY,second_S2D.mat,316,375,4,20255,375,0.9991039037704468,True
PUBLISHED_PRECOMPUTED_FEATURE_EVALUATION,FEATURE_SEARCH_ONLY,second_S2D.mat,316,375,5,20291,375,0.9990983009338379,True
PUBLISHED_PRECOMPUTED_FEATURE_EVALUATION,FEATURE_SEARCH_ONLY,second_S2D.mat,316,375,6,20274,375,0.9990329146385193,True
PUBLISHED_PRECOMPUTED_FEATURE_EVALUATION,FEATURE_SEARCH_ONLY,second_S2D.mat,316,375,7,20290,375,0.9989886283874512,True
PUBLISHED_PRECOMPUTED_FEATURE_EVALUATION,FEATURE_SEARCH_ONLY,second_S2D.mat,316,375,8,20256,375,0.9989539980888367,True
PUBLISHED_PRECOMPUTED_FEATURE_EVALUATION,FEATURE_SEARCH_ONLY,second_S2D.mat,316,375,9,20263,375,0.9989440441131592,True
PUBLISHED_PRECOMPUTED_FEATURE_EVALUATION,FEATURE_SEARCH_ONLY,second_S2D.mat,316,375,10,20293,375,0.9989400506019592,True
PUBLISHED_PRECOMPUTED_FEATURE_EVALUATION,FEATURE_SEARCH_ONLY,second_S2D.mat,317,376,1,20340,376,0.9994217157363892,True
PUBLISHED_PRECOMPUTED_FEATURE_EVALUATION,FEATURE_SEARCH_ONLY,second_S2D.mat,317,376,2,20339,376,0.9994076490402222,True
PUBLISHED_PRECOMPUTED_FEATURE_EVALUATION,FEATURE_SEARCH_ONLY,second_S2D.mat,317,376,3,20345,376,0.9994025230407715,True
PUBLISHED_PRECOMPUTED_FEATURE_EVALUATION,FEATURE_SEARCH_ONLY,second_S2D.mat,317,376,4,20327,376,0.9993947148323059,True
PUBLISHED_PRECOMPUTED_FEATURE_EVALUATION,FEATURE_SEARCH_ONLY,second_S2D.mat,317,376,5,20344,376,0.9993842840194702,True
PUBLISHED_PRECOMPUTED_FEATURE_EVALUATION,FEATURE_SEARCH_ONLY,second_S2D.mat,317,376,6,20326,376,0.9993810057640076,True
PUBLISHED_PRECOMPUTED_FEATURE_EVALUATION,FEATURE_SEARCH_ONLY,second_S2D.mat,317,376,7,20346,376,0.9993759989738464,True
PUBLISHED_PRECOMPUTED_FEATURE_EVALUATION,FEATURE_SEARCH_ONLY,second_S2D.mat,317,376,8,20322,376,0.9993633031845093,True
PUBLISHED_PRECOMPUTED_FEATURE_EVALUATION,FEATURE_SEARCH_ONLY,second_S2D.mat,317,376,9,20337,376,0.9993617534637451,True
PUBLISHED_PRECOMPUTED_FEATURE_EVALUATION,FEATURE_SEARCH_ONLY,second_S2D.mat,317,376,10,20336,376,0.9993589520454407,True
PUBLISHED_PRECOMPUTED_FEATURE_EVALUATION,FEATURE_SEARCH_ONLY,second_S2D.mat,318,377,1,20384,377,0.9990237355232239,True
PUBLISHED_PRECOMPUTED_FEATURE_EVALUATION,FEATURE_SEARCH_ONLY,second_S2D.mat,318,377,2,20406,377,0.9990233778953552,True
PUBLISHED_PRECOMPUTED_FEATURE_EVALUATION,FEATURE_SEARCH_ONLY,second_S2D.mat,318,377,3,20398,377,0.9989832639694214,True
PUBLISHED_PRECOMPUTED_FEATURE_EVALUATION,FEATURE_SEARCH_ONLY,second_S2D.mat,318,377,4,20380,377,0.9989550113677979,True
PUBLISHED_PRECOMPUTED_FEATURE_EVALUATION,FEATURE_SEARCH_ONLY,second_S2D.mat,318,377,5,20366,377,0.998949408531189,True
PUBLISHED_PRECOMPUTED_FEATURE_EVALUATION,FEATURE_SEARCH_ONLY,second_S2D.mat,318,377,6,20405,377,0.9989454746246338,True
PUBLISHED_PRECOMPUTED_FEATURE_EVALUATION,FEATURE_SEARCH_ONLY,second_S2D.mat,318,377,7,20387,377,0.9989252090454102,True
PUBLISHED_PRECOMPUTED_FEATURE_EVALUATION,FEATURE_SEARCH_ONLY,second_S2D.mat,318,377,8,20394,377,0.9989242553710938,True
PUBLISHED_PRECOMPUTED_FEATURE_EVALUATION,FEATURE_SEARCH_ONLY,second_S2D.mat,318,377,9,20385,377,0.9989213347434998,True
PUBLISHED_PRECOMPUTED_FEATURE_EVALUATION,FEATURE_SEARCH_ONLY,second_S2D.mat,318,377,10,20393,377,0.9989135265350342,True
PUBLISHED_PRECOMPUTED_FEATURE_EVALUATION,FEATURE_SEARCH_ONLY,second_S2D.mat,319,378,1,20431,378,0.9993162751197815,True
PUBLISHED_PRECOMPUTED_FEATURE_EVALUATION,FEATURE_SEARCH_ONLY,second_S2D.mat,319,378,2,20435,378,0.9993094205856323,True
PUBLISHED_PRECOMPUTED_FEATURE_EVALUATION,FEATURE_SEARCH_ONLY,second_S2D.mat,319,378,3,20433,378,0.999305009841919,True
PUBLISHED_PRECOMPUTED_FEATURE_EVALUATION,FEATURE_SEARCH_ONLY,second_S2D.mat,319,378,4,20430,378,0.999293863773346,True
PUBLISHED_PRECOMPUTED_FEATURE_EVALUATION,FEATURE_SEARCH_ONLY,second_S2D.mat,319,378,5,20417,378,0.9992850422859192,True
PUBLISHED_PRECOMPUTED_FEATURE_EVALUATION,FEATURE_SEARCH_ONLY,second_S2D.mat,319,378,6,20434,378,0.9992779493331909,True
PUBLISHED_PRECOMPUTED_FEATURE_EVALUATION,FEATURE_SEARCH_ONLY,second_S2D.mat,319,378,7,20453,378,0.9992740750312805,True
PUBLISHED_PRECOMPUTED_FEATURE_EVALUATION,FEATURE_SEARCH_ONLY,second_S2D.mat,319,378,8,20418,378,0.9992690086364746,True
PUBLISHED_PRECOMPUTED_FEATURE_EVALUATION,FEATURE_SEARCH_ONLY,second_S2D.mat,319,378,9,20436,378,0.9992680549621582,True
PUBLISHED_PRECOMPUTED_FEATURE_EVALUATION,FEATURE_SEARCH_ONLY,second_S2D.mat,319,378,10,20448,378,0.999266505241394,True
PUBLISHED_PRECOMPUTED_FEATURE_EVALUATION,FEATURE_SEARCH_ONLY,second_S2D.mat,320,379,1,20496,379,0.9993087649345398,True
PUBLISHED_PRECOMPUTED_FEATURE_EVALUATION,FEATURE_SEARCH_ONLY,second_S2D.mat,320,379,2,20506,379,0.99928879737854,True
PUBLISHED_PRECOMPUTED_FEATURE_EVALUATION,FEATURE_SEARCH_ONLY,second_S2D.mat,320,379,3,20497,379,0.9992879629135132,True
PUBLISHED_PRECOMPUTED_FEATURE_EVALUATION,FEATURE_SEARCH_ONLY,second_S2D.mat,320,379,4,20498,379,0.9992682933807373,True
PUBLISHED_PRECOMPUTED_FEATURE_EVALUATION,FEATURE_SEARCH_ONLY,second_S2D.mat,320,379,5,20505,379,0.9992510676383972,True
PUBLISHED_PRECOMPUTED_FEATURE_EVALUATION,FEATURE_SEARCH_ONLY,second_S2D.mat,320,379,6,20479,379,0.9992430210113525,True
PUBLISHED_PRECOMPUTED_FEATURE_EVALUATION,FEATURE_SEARCH_ONLY,second_S2D.mat,320,379,7,20480,379,0.9992422461509705,True
PUBLISHED_PRECOMPUTED_FEATURE_EVALUATION,FEATURE_SEARCH_ONLY,second_S2D.mat,320,379,8,20507,379,0.9992209672927856,True
PUBLISHED_PRECOMPUTED_FEATURE_EVALUATION,FEATURE_SEARCH_ONLY,second_S2D.mat,320,379,9,20481,379,0.9992135167121887,True
PUBLISHED_PRECOMPUTED_FEATURE_EVALUATION,FEATURE_SEARCH_ONLY,second_S2D.mat,320,379,10,20487,379,0.9992032051086426,True
PUBLISHED_PRECOMPUTED_FEATURE_EVALUATION,FEATURE_SEARCH_ONLY,second_S2D.mat,321,380,1,20552,380,0.9995223879814148,True
PUBLISHED_PRECOMPUTED_FEATURE_EVALUATION,FEATURE_SEARCH_ONLY,second_S2D.mat,321,380,2,20549,380,0.999516487121582,True
PUBLISHED_PRECOMPUTED_FEATURE_EVALUATION,FEATURE_SEARCH_ONLY,second_S2D.mat,321,380,3,20566,380,0.9995142817497253,True
PUBLISHED_PRECOMPUTED_FEATURE_EVALUATION,FEATURE_SEARCH_ONLY,second_S2D.mat,321,380,4,20551,380,0.9994966983795166,True
PUBLISHED_PRECOMPUTED_FEATURE_EVALUATION,FEATURE_SEARCH_ONLY,second_S2D.mat,321,380,5,20553,380,0.9994872808456421,True
PUBLISHED_PRECOMPUTED_FEATURE_EVALUATION,FEATURE_SEARCH_ONLY,second_S2D.mat,321,380,6,20548,380,0.9994862079620361,True
PUBLISHED_PRECOMPUTED_FEATURE_EVALUATION,FEATURE_SEARCH_ONLY,second_S2D.mat,321,380,7,20557,380,0.9994860887527466,True
PUBLISHED_PRECOMPUTED_FEATURE_EVALUATION,FEATURE_SEARCH_ONLY,second_S2D.mat,321,380,8,20565,380,0.9994750022888184,True
PUBLISHED_PRECOMPUTED_FEATURE_EVALUATION,FEATURE_SEARCH_ONLY,second_S2D.mat,321,380,9,20550,380,0.9994697570800781,True
PUBLISHED_PRECOMPUTED_FEATURE_EVALUATION,FEATURE_SEARCH_ONLY,second_S2D.mat,321,380,10,20559,380,0.9994667768478394,True
PUBLISHED_PRECOMPUTED_FEATURE_EVALUATION,FEATURE_SEARCH_ONLY,second_S2D.mat,322,381,1,20592,381,0.9993487596511841,True
PUBLISHED_PRECOMPUTED_FEATURE_EVALUATION,FEATURE_SEARCH_ONLY,second_S2D.mat,322,381,2,20591,381,0.999343991279602,True
PUBLISHED_PRECOMPUTED_FEATURE_EVALUATION,FEATURE_SEARCH_ONLY,second_S2D.mat,322,381,3,20609,381,0.9993361234664917,True
PUBLISHED_PRECOMPUTED_FEATURE_EVALUATION,FEATURE_SEARCH_ONLY,second_S2D.mat,322,381,4,20610,381,0.9993304014205933,True
PUBLISHED_PRECOMPUTED_FEATURE_EVALUATION,FEATURE_SEARCH_ONLY,second_S2D.mat,322,381,5,20600,381,0.99932461977005,True
PUBLISHED_PRECOMPUTED_FEATURE_EVALUATION,FEATURE_SEARCH_ONLY,second_S2D.mat,322,381,6,20608,381,0.9993138909339905,True
PUBLISHED_PRECOMPUTED_FEATURE_EVALUATION,FEATURE_SEARCH_ONLY,second_S2D.mat,322,381,7,20601,381,0.9992974996566772,True
PUBLISHED_PRECOMPUTED_FEATURE_EVALUATION,FEATURE_SEARCH_ONLY,second_S2D.mat,322,381,8,20583,381,0.999279797077179,True
PUBLISHED_PRECOMPUTED_FEATURE_EVALUATION,FEATURE_SEARCH_ONLY,second_S2D.mat,322,381,9,20590,381,0.9992617964744568,True
PUBLISHED_PRECOMPUTED_FEATURE_EVALUATION,FEATURE_SEARCH_ONLY,second_S2D.mat,322,381,10,20619,381,0.9992585182189941,True
PUBLISHED_PRECOMPUTED_FEATURE_EVALUATION,FEATURE_SEARCH_ONLY,second_S2D.mat,323,382,1,20672,382,0.9993070960044861,True
PUBLISHED_PRECOMPUTED_FEATURE_EVALUATION,FEATURE_SEARCH_ONLY,second_S2D.mat,323,382,2,20673,382,0.9991913437843323,True
PUBLISHED_PRECOMPUTED_FEATURE_EVALUATION,FEATURE_SEARCH_ONLY,second_S2D.mat,323,382,3,20671,382,0.9991544485092163,True
PUBLISHED_PRECOMPUTED_FEATURE_EVALUATION,FEATURE_SEARCH_ONLY,second_S2D.mat,323,382,4,20654,382,0.9991425275802612,True
PUBLISHED_PRECOMPUTED_FEATURE_EVALUATION,FEATURE_SEARCH_ONLY,second_S2D.mat,323,382,5,20655,382,0.9991279244422913,True
PUBLISHED_PRECOMPUTED_FEATURE_EVALUATION,FEATURE_SEARCH_ONLY,second_S2D.mat,323,382,6,20656,382,0.9991000890731812,True
PUBLISHED_PRECOMPUTED_FEATURE_EVALUATION,FEATURE_SEARCH_ONLY,second_S2D.mat,323,382,7,20674,382,0.9990881085395813,True
PUBLISHED_PRECOMPUTED_FEATURE_EVALUATION,FEATURE_SEARCH_ONLY,second_S2D.mat,323,382,8,20653,382,0.9990809559822083,True
PUBLISHED_PRECOMPUTED_FEATURE_EVALUATION,FEATURE_SEARCH_ONLY,second_S2D.mat,323,382,9,20670,382,0.9990732073783875,True
PUBLISHED_PRECOMPUTED_FEATURE_EVALUATION,FEATURE_SEARCH_ONLY,second_S2D.mat,323,382,10,20652,382,0.9990315437316895,True
PUBLISHED_PRECOMPUTED_FEATURE_EVALUATION,FEATURE_SEARCH_ONLY,second_S2D.mat,324,383,1,20724,383,0.9990103244781494,True
PUBLISHED_PRECOMPUTED_FEATURE_EVALUATION,FEATURE_SEARCH_ONLY,second_S2D.mat,324,383,2,20711,383,0.9989951848983765,True
PUBLISHED_PRECOMPUTED_FEATURE_EVALUATION,FEATURE_SEARCH_ONLY,second_S2D.mat,324,383,3,20698,383,0.9989895224571228,True
PUBLISHED_PRECOMPUTED_FEATURE_EVALUATION,FEATURE_SEARCH_ONLY,second_S2D.mat,324,383,4,20721,383,0.9989800453186035,True
PUBLISHED_PRECOMPUTED_FEATURE_EVALUATION,FEATURE_SEARCH_ONLY,second_S2D.mat,324,383,5,20694,383,0.9989744424819946,True
PUBLISHED_PRECOMPUTED_FEATURE_EVALUATION,FEATURE_SEARCH_ONLY,second_S2D.mat,324,383,6,4531,83,0.9989559054374695,False
PUBLISHED_PRECOMPUTED_FEATURE_EVALUATION,FEATURE_SEARCH_ONLY,second_S2D.mat,324,383,7,20720,383,0.9989203810691833,True
PUBLISHED_PRECOMPUTED_FEATURE_EVALUATION,FEATURE_SEARCH_ONLY,second_S2D.mat,324,383,8,4530,83,0.9989188313484192,False
PUBLISHED_PRECOMPUTED_FEATURE_EVALUATION,FEATURE_SEARCH_ONLY,second_S2D.mat,324,383,9,20693,383,0.998914361000061,True
PUBLISHED_PRECOMPUTED_FEATURE_EVALUATION,FEATURE_SEARCH_ONLY,second_S2D.mat,324,383,10,20723,383,0.9989079236984253,True
PUBLISHED_PRECOMPUTED_FEATURE_EVALUATION,FEATURE_SEARCH_ONLY,second_S2D.mat,325,384,1,20772,384,0.9992321729660034,True
PUBLISHED_PRECOMPUTED_FEATURE_EVALUATION,FEATURE_SEARCH_ONLY,second_S2D.mat,325,384,2,20773,384,0.9991739988327026,True
PUBLISHED_PRECOMPUTED_FEATURE_EVALUATION,FEATURE_SEARCH_ONLY,second_S2D.mat,325,384,3,20771,384,0.9991431832313538,True
PUBLISHED_PRECOMPUTED_FEATURE_EVALUATION,FEATURE_SEARCH_ONLY,second_S2D.mat,325,384,4,20766,384,0.9991173148155212,True
PUBLISHED_PRECOMPUTED_FEATURE_EVALUATION,FEATURE_SEARCH_ONLY,second_S2D.mat,325,384,5,20768,384,0.9990944862365723,True
PUBLISHED_PRECOMPUTED_FEATURE_EVALUATION,FEATURE_SEARCH_ONLY,second_S2D.mat,325,384,6,20784,384,0.9990803003311157,True
PUBLISHED_PRECOMPUTED_FEATURE_EVALUATION,FEATURE_SEARCH_ONLY,second_S2D.mat,325,384,7,20769,384,0.999079704284668,True
PUBLISHED_PRECOMPUTED_FEATURE_EVALUATION,FEATURE_SEARCH_ONLY,second_S2D.mat,325,384,8,20776,384,0.9990675449371338,True
PUBLISHED_PRECOMPUTED_FEATURE_EVALUATION,FEATURE_SEARCH_ONLY,second_S2D.mat,325,384,9,20774,384,0.9990547299385071,True
PUBLISHED_PRECOMPUTED_FEATURE_EVALUATION,FEATURE_SEARCH_ONLY,second_S2D.mat,325,384,10,20770,384,0.9990490674972534,True
PUBLISHED_PRECOMPUTED_FEATURE_EVALUATION,FEATURE_SEARCH_ONLY,second_S2D.mat,326,385,1,20815,385,0.9987684488296509,True
PUBLISHED_PRECOMPUTED_FEATURE_EVALUATION,FEATURE_SEARCH_ONLY,second_S2D.mat,326,385,2,20816,385,0.9987672567367554,True
PUBLISHED_PRECOMPUTED_FEATURE_EVALUATION,FEATURE_SEARCH_ONLY,second_S2D.mat,326,385,3,20792,385,0.9987238049507141,True
PUBLISHED_PRECOMPUTED_FEATURE_EVALUATION,FEATURE_SEARCH_ONLY,second_S2D.mat,326,385,4,20791,385,0.9987002015113831,True
PUBLISHED_PRECOMPUTED_FEATURE_EVALUATION,FEATURE_SEARCH_ONLY,second_S2D.mat,326,385,5,20810,385,0.9986971616744995,True
PUBLISHED_PRECOMPUTED_FEATURE_EVALUATION,FEATURE_SEARCH_ONLY,second_S2D.mat,326,385,6,20819,385,0.9986923336982727,True
PUBLISHED_PRECOMPUTED_FEATURE_EVALUATION,FEATURE_SEARCH_ONLY,second_S2D.mat,326,385,7,20809,385,0.9986868500709534,True
PUBLISHED_PRECOMPUTED_FEATURE_EVALUATION,FEATURE_SEARCH_ONLY,second_S2D.mat,326,385,8,20798,385,0.9986658692359924,True
PUBLISHED_PRECOMPUTED_FEATURE_EVALUATION,FEATURE_SEARCH_ONLY,second_S2D.mat,326,385,9,20817,385,0.9986642003059387,True
PUBLISHED_PRECOMPUTED_FEATURE_EVALUATION,FEATURE_SEARCH_ONLY,second_S2D.mat,326,385,10,20834,385,0.9986474514007568,True
PUBLISHED_PRECOMPUTED_FEATURE_EVALUATION,FEATURE_SEARCH_ONLY,second_S2D.mat,327,386,1,20877,386,0.9994460344314575,True
PUBLISHED_PRECOMPUTED_FEATURE_EVALUATION,FEATURE_SEARCH_ONLY,second_S2D.mat,327,386,2,20876,386,0.999381422996521,True
PUBLISHED_PRECOMPUTED_FEATURE_EVALUATION,FEATURE_SEARCH_ONLY,second_S2D.mat,327,386,3,20893,386,0.9993375539779663,True
PUBLISHED_PRECOMPUTED_FEATURE_EVALUATION,FEATURE_SEARCH_ONLY,second_S2D.mat,327,386,4,20878,386,0.9993357062339783,True
PUBLISHED_PRECOMPUTED_FEATURE_EVALUATION,FEATURE_SEARCH_ONLY,second_S2D.mat,327,386,5,20859,386,0.9992846846580505,True
PUBLISHED_PRECOMPUTED_FEATURE_EVALUATION,FEATURE_SEARCH_ONLY,second_S2D.mat,327,386,6,20894,386,0.9992802143096924,True
PUBLISHED_PRECOMPUTED_FEATURE_EVALUATION,FEATURE_SEARCH_ONLY,second_S2D.mat,327,386,7,20875,386,0.9992461204528809,True
PUBLISHED_PRECOMPUTED_FEATURE_EVALUATION,FEATURE_SEARCH_ONLY,second_S2D.mat,327,386,8,20879,386,0.9992457628250122,True
PUBLISHED_PRECOMPUTED_FEATURE_EVALUATION,FEATURE_SEARCH_ONLY,second_S2D.mat,327,386,9,20858,386,0.9992360472679138,True
PUBLISHED_PRECOMPUTED_FEATURE_EVALUATION,FEATURE_SEARCH_ONLY,second_S2D.mat,327,386,10,20862,386,0.9992252588272095,True
PUBLISHED_PRECOMPUTED_FEATURE_EVALUATION,FEATURE_SEARCH_ONLY,second_S2D.mat,328,387,1,20923,387,0.9990153312683105,True
PUBLISHED_PRECOMPUTED_FEATURE_EVALUATION,FEATURE_SEARCH_ONLY,second_S2D.mat,328,387,2,20922,387,0.9989765286445618,True
PUBLISHED_PRECOMPUTED_FEATURE_EVALUATION,FEATURE_SEARCH_ONLY,second_S2D.mat,328,387,3,20921,387,0.9989721179008484,True
PUBLISHED_PRECOMPUTED_FEATURE_EVALUATION,FEATURE_SEARCH_ONLY,second_S2D.mat,328,387,4,20933,387,0.9989632368087769,True
PUBLISHED_PRECOMPUTED_FEATURE_EVALUATION,FEATURE_SEARCH_ONLY,second_S2D.mat,328,387,5,20905,387,0.9989561438560486,True
PUBLISHED_PRECOMPUTED_FEATURE_EVALUATION,FEATURE_SEARCH_ONLY,second_S2D.mat,328,387,6,20904,387,0.9989556074142456,True
PUBLISHED_PRECOMPUTED_FEATURE_EVALUATION,FEATURE_SEARCH_ONLY,second_S2D.mat,328,387,7,20938,387,0.9989500641822815,True
PUBLISHED_PRECOMPUTED_FEATURE_EVALUATION,FEATURE_SEARCH_ONLY,second_S2D.mat,328,387,8,20934,387,0.9989499449729919,True
PUBLISHED_PRECOMPUTED_FEATURE_EVALUATION,FEATURE_SEARCH_ONLY,second_S2D.mat,328,387,9,20939,387,0.9989435076713562,True
PUBLISHED_PRECOMPUTED_FEATURE_EVALUATION,FEATURE_SEARCH_ONLY,second_S2D.mat,328,387,10,20906,387,0.9989427924156189,True
PUBLISHED_PRECOMPUTED_FEATURE_EVALUATION,FEATURE_SEARCH_ONLY,second_S2D.mat,329,388,1,20987,388,0.9992958307266235,True
PUBLISHED_PRECOMPUTED_FEATURE_EVALUATION,FEATURE_SEARCH_ONLY,second_S2D.mat,329,388,2,20994,388,0.9992424249649048,True
PUBLISHED_PRECOMPUTED_FEATURE_EVALUATION,FEATURE_SEARCH_ONLY,second_S2D.mat,329,388,3,20986,388,0.9992370009422302,True
PUBLISHED_PRECOMPUTED_FEATURE_EVALUATION,FEATURE_SEARCH_ONLY,second_S2D.mat,329,388,4,20982,388,0.9992355108261108,True
PUBLISHED_PRECOMPUTED_FEATURE_EVALUATION,FEATURE_SEARCH_ONLY,second_S2D.mat,329,388,5,20996,388,0.9992125034332275,True
PUBLISHED_PRECOMPUTED_FEATURE_EVALUATION,FEATURE_SEARCH_ONLY,second_S2D.mat,329,388,6,21003,388,0.9992122650146484,True
PUBLISHED_PRECOMPUTED_FEATURE_EVALUATION,FEATURE_SEARCH_ONLY,second_S2D.mat,329,388,7,20985,388,0.9991775751113892,True
PUBLISHED_PRECOMPUTED_FEATURE_EVALUATION,FEATURE_SEARCH_ONLY,second_S2D.mat,329,388,8,20995,388,0.9991756081581116,True
PUBLISHED_PRECOMPUTED_FEATURE_EVALUATION,FEATURE_SEARCH_ONLY,second_S2D.mat,329,388,9,20980,388,0.9991596341133118,True
PUBLISHED_PRECOMPUTED_FEATURE_EVALUATION,FEATURE_SEARCH_ONLY,second_S2D.mat,329,388,10,20983,388,0.999154806137085,True
PUBLISHED_PRECOMPUTED_FEATURE_EVALUATION,FEATURE_SEARCH_ONLY,second_S2D.mat,330,389,1,21038,389,0.9991660714149475,True
PUBLISHED_PRECOMPUTED_FEATURE_EVALUATION,FEATURE_SEARCH_ONLY,second_S2D.mat,330,389,2,21037,389,0.9991357922554016,True
PUBLISHED_PRECOMPUTED_FEATURE_EVALUATION,FEATURE_SEARCH_ONLY,second_S2D.mat,330,389,3,21056,389,0.9991108775138855,True
PUBLISHED_PRECOMPUTED_FEATURE_EVALUATION,FEATURE_SEARCH_ONLY,second_S2D.mat,330,389,4,21036,389,0.9990922212600708,True
PUBLISHED_PRECOMPUTED_FEATURE_EVALUATION,FEATURE_SEARCH_ONLY,second_S2D.mat,330,389,5,21020,389,0.9990900754928589,True
PUBLISHED_PRECOMPUTED_FEATURE_EVALUATION,FEATURE_SEARCH_ONLY,second_S2D.mat,330,389,6,21019,389,0.9990782737731934,True
PUBLISHED_PRECOMPUTED_FEATURE_EVALUATION,FEATURE_SEARCH_ONLY,second_S2D.mat,330,389,7,21039,389,0.9990684390068054,True
PUBLISHED_PRECOMPUTED_FEATURE_EVALUATION,FEATURE_SEARCH_ONLY,second_S2D.mat,330,389,8,21018,389,0.9990422129631042,True
PUBLISHED_PRECOMPUTED_FEATURE_EVALUATION,FEATURE_SEARCH_ONLY,second_S2D.mat,330,389,9,21055,389,0.9990383982658386,True
PUBLISHED_PRECOMPUTED_FEATURE_EVALUATION,FEATURE_SEARCH_ONLY,second_S2D.mat,330,389,10,23206,429,0.9990038871765137,False
PUBLISHED_PRECOMPUTED_FEATURE_EVALUATION,FEATURE_SEARCH_ONLY,second_S2D.mat,331,390,1,21082,390,0.9993155002593994,True
PUBLISHED_PRECOMPUTED_FEATURE_EVALUATION,FEATURE_SEARCH_ONLY,second_S2D.mat,331,390,2,21068,390,0.9992815256118774,True
PUBLISHED_PRECOMPUTED_FEATURE_EVALUATION,FEATURE_SEARCH_ONLY,second_S2D.mat,331,390,3,21064,390,0.9992715120315552,True
PUBLISHED_PRECOMPUTED_FEATURE_EVALUATION,FEATURE_SEARCH_ONLY,second_S2D.mat,331,390,4,21069,390,0.9992551803588867,True
PUBLISHED_PRECOMPUTED_FEATURE_EVALUATION,FEATURE_SEARCH_ONLY,second_S2D.mat,331,390,5,21084,390,0.9992161989212036,True
PUBLISHED_PRECOMPUTED_FEATURE_EVALUATION,FEATURE_SEARCH_ONLY,second_S2D.mat,331,390,6,21083,390,0.9992139339447021,True
PUBLISHED_PRECOMPUTED_FEATURE_EVALUATION,FEATURE_SEARCH_ONLY,second_S2D.mat,331,390,7,21066,390,0.9992107152938843,True
PUBLISHED_PRECOMPUTED_FEATURE_EVALUATION,FEATURE_SEARCH_ONLY,second_S2D.mat,331,390,8,21090,390,0.9992032647132874,True
PUBLISHED_PRECOMPUTED_FEATURE_EVALUATION,FEATURE_SEARCH_ONLY,second_S2D.mat,331,390,9,21086,390,0.9991979598999023,True
PUBLISHED_PRECOMPUTED_FEATURE_EVALUATION,FEATURE_SEARCH_ONLY,second_S2D.mat,331,390,10,21065,390,0.9991967678070068,True
PUBLISHED_PRECOMPUTED_FEATURE_EVALUATION,FEATURE_SEARCH_ONLY,second_S2D.mat,332,391,1,21139,391,0.9992658495903015,True
PUBLISHED_PRECOMPUTED_FEATURE_EVALUATION,FEATURE_SEARCH_ONLY,second_S2D.mat,332,391,2,21137,391,0.999258279800415,True
PUBLISHED_PRECOMPUTED_FEATURE_EVALUATION,FEATURE_SEARCH_ONLY,second_S2D.mat,332,391,3,21138,391,0.9992555379867554,True
PUBLISHED_PRECOMPUTED_FEATURE_EVALUATION,FEATURE_SEARCH_ONLY,second_S2D.mat,332,391,4,21156,391,0.9992357492446899,True
PUBLISHED_PRECOMPUTED_FEATURE_EVALUATION,FEATURE_SEARCH_ONLY,second_S2D.mat,332,391,5,21153,391,0.9992280006408691,True
PUBLISHED_PRECOMPUTED_FEATURE_EVALUATION,FEATURE_SEARCH_ONLY,second_S2D.mat,332,391,6,21155,391,0.9992092847824097,True
PUBLISHED_PRECOMPUTED_FEATURE_EVALUATION,FEATURE_SEARCH_ONLY,second_S2D.mat,332,391,7,21157,391,0.9992026686668396,True
PUBLISHED_PRECOMPUTED_FEATURE_EVALUATION,FEATURE_SEARCH_ONLY,second_S2D.mat,332,391,8,21154,391,0.9991970062255859,True
PUBLISHED_PRECOMPUTED_FEATURE_EVALUATION,FEATURE_SEARCH_ONLY,second_S2D.mat,332,391,9,21136,391,0.9991845488548279,True
PUBLISHED_PRECOMPUTED_FEATURE_EVALUATION,FEATURE_SEARCH_ONLY,second_S2D.mat,332,391,10,21119,391,0.9991407990455627,True
PUBLISHED_PRECOMPUTED_FEATURE_EVALUATION,FEATURE_SEARCH_ONLY,second_S2D.mat,333,392,1,34714,642,0.9985846281051636,False
PUBLISHED_PRECOMPUTED_FEATURE_EVALUATION,FEATURE_SEARCH_ONLY,second_S2D.mat,333,392,2,34713,642,0.9985191822052002,False
PUBLISHED_PRECOMPUTED_FEATURE_EVALUATION,FEATURE_SEARCH_ONLY,second_S2D.mat,333,392,3,34698,642,0.9985182881355286,False
PUBLISHED_PRECOMPUTED_FEATURE_EVALUATION,FEATURE_SEARCH_ONLY,second_S2D.mat,333,392,4,34715,642,0.998494029045105,False
PUBLISHED_PRECOMPUTED_FEATURE_EVALUATION,FEATURE_SEARCH_ONLY,second_S2D.mat,333,392,5,34696,642,0.9984892010688782,False
PUBLISHED_PRECOMPUTED_FEATURE_EVALUATION,FEATURE_SEARCH_ONLY,second_S2D.mat,333,392,6,34712,642,0.9984850287437439,False
PUBLISHED_PRECOMPUTED_FEATURE_EVALUATION,FEATURE_SEARCH_ONLY,second_S2D.mat,333,392,7,28948,536,0.9984827637672424,False
PUBLISHED_PRECOMPUTED_FEATURE_EVALUATION,FEATURE_SEARCH_ONLY,second_S2D.mat,333,392,8,28965,536,0.99847012758255,False
PUBLISHED_PRECOMPUTED_FEATURE_EVALUATION,FEATURE_SEARCH_ONLY,second_S2D.mat,333,392,9,28947,536,0.9984532594680786,False
PUBLISHED_PRECOMPUTED_FEATURE_EVALUATION,FEATURE_SEARCH_ONLY,second_S2D.mat,333,392,10,34716,642,0.9984496831893921,False
PUBLISHED_PRECOMPUTED_FEATURE_EVALUATION,FEATURE_SEARCH_ONLY,second_S2D.mat,334,393,1,21248,393,0.9992362260818481,True
PUBLISHED_PRECOMPUTED_FEATURE_EVALUATION,FEATURE_SEARCH_ONLY,second_S2D.mat,334,393,2,21250,393,0.999212384223938,True
PUBLISHED_PRECOMPUTED_FEATURE_EVALUATION,FEATURE_SEARCH_ONLY,second_S2D.mat,334,393,3,21230,393,0.9991886615753174,True
PUBLISHED_PRECOMPUTED_FEATURE_EVALUATION,FEATURE_SEARCH_ONLY,second_S2D.mat,334,393,4,21249,393,0.9991881847381592,True
PUBLISHED_PRECOMPUTED_FEATURE_EVALUATION,FEATURE_SEARCH_ONLY,second_S2D.mat,334,393,5,21262,393,0.9991804361343384,True
PUBLISHED_PRECOMPUTED_FEATURE_EVALUATION,FEATURE_SEARCH_ONLY,second_S2D.mat,334,393,6,21261,393,0.999177098274231,True
PUBLISHED_PRECOMPUTED_FEATURE_EVALUATION,FEATURE_SEARCH_ONLY,second_S2D.mat,334,393,7,21251,393,0.9991756677627563,True
PUBLISHED_PRECOMPUTED_FEATURE_EVALUATION,FEATURE_SEARCH_ONLY,second_S2D.mat,334,393,8,21238,393,0.9991719722747803,True
PUBLISHED_PRECOMPUTED_FEATURE_EVALUATION,FEATURE_SEARCH_ONLY,second_S2D.mat,334,393,9,21242,393,0.999167263507843,True
PUBLISHED_PRECOMPUTED_FEATURE_EVALUATION,FEATURE_SEARCH_ONLY,second_S2D.mat,334,393,10,21245,393,0.9991636872291565,True
PUBLISHED_PRECOMPUTED_FEATURE_EVALUATION,FEATURE_SEARCH_ONLY,second_S2D.mat,335,394,1,21312,394,0.9991955757141113,True
PUBLISHED_PRECOMPUTED_FEATURE_EVALUATION,FEATURE_SEARCH_ONLY,second_S2D.mat,335,394,2,21298,394,0.9991776943206787,True
PUBLISHED_PRECOMPUTED_FEATURE_EVALUATION,FEATURE_SEARCH_ONLY,second_S2D.mat,335,394,3,21311,394,0.9991776943206787,True
PUBLISHED_PRECOMPUTED_FEATURE_EVALUATION,FEATURE_SEARCH_ONLY,second_S2D.mat,335,394,4,21316,394,0.9991692900657654,True
PUBLISHED_PRECOMPUTED_FEATURE_EVALUATION,FEATURE_SEARCH_ONLY,second_S2D.mat,335,394,5,21315,394,0.9991592764854431,True
PUBLISHED_PRECOMPUTED_FEATURE_EVALUATION,FEATURE_SEARCH_ONLY,second_S2D.mat,335,394,6,21299,394,0.999159038066864,True
PUBLISHED_PRECOMPUTED_FEATURE_EVALUATION,FEATURE_SEARCH_ONLY,second_S2D.mat,335,394,7,21313,394,0.9991583824157715,True
PUBLISHED_PRECOMPUTED_FEATURE_EVALUATION,FEATURE_SEARCH_ONLY,second_S2D.mat,335,394,8,21296,394,0.9991572499275208,True
PUBLISHED_PRECOMPUTED_FEATURE_EVALUATION,FEATURE_SEARCH_ONLY,second_S2D.mat,335,394,9,21294,394,0.9991328716278076,True
PUBLISHED_PRECOMPUTED_FEATURE_EVALUATION,FEATURE_SEARCH_ONLY,second_S2D.mat,335,394,10,21317,394,0.9991292953491211,True
PUBLISHED_PRECOMPUTED_FEATURE_EVALUATION,FEATURE_SEARCH_ONLY,second_S2D.mat,336,395,1,21345,395,0.9989979863166809,True
PUBLISHED_PRECOMPUTED_FEATURE_EVALUATION,FEATURE_SEARCH_ONLY,second_S2D.mat,336,395,2,21359,395,0.9989935159683228,True
PUBLISHED_PRECOMPUTED_FEATURE_EVALUATION,FEATURE_SEARCH_ONLY,second_S2D.mat,336,395,3,21363,395,0.9989885687828064,True
PUBLISHED_PRECOMPUTED_FEATURE_EVALUATION,FEATURE_SEARCH_ONLY,second_S2D.mat,336,395,4,21346,395,0.9989836812019348,True
PUBLISHED_PRECOMPUTED_FEATURE_EVALUATION,FEATURE_SEARCH_ONLY,second_S2D.mat,336,395,5,21362,395,0.9989827871322632,True
PUBLISHED_PRECOMPUTED_FEATURE_EVALUATION,FEATURE_SEARCH_ONLY,second_S2D.mat,336,395,6,21358,395,0.998954713344574,True
PUBLISHED_PRECOMPUTED_FEATURE_EVALUATION,FEATURE_SEARCH_ONLY,second_S2D.mat,336,395,7,21344,395,0.998940646648407,True
PUBLISHED_PRECOMPUTED_FEATURE_EVALUATION,FEATURE_SEARCH_ONLY,second_S2D.mat,336,395,8,21369,395,0.9989395141601562,True
PUBLISHED_PRECOMPUTED_FEATURE_EVALUATION,FEATURE_SEARCH_ONLY,second_S2D.mat,336,395,9,21341,395,0.9988619089126587,True
PUBLISHED_PRECOMPUTED_FEATURE_EVALUATION,FEATURE_SEARCH_ONLY,second_S2D.mat,336,395,10,21343,395,0.9988541603088379,True
PUBLISHED_PRECOMPUTED_FEATURE_EVALUATION,FEATURE_SEARCH_ONLY,second_S2D.mat,337,396,1,21424,396,0.9989610910415649,True
PUBLISHED_PRECOMPUTED_FEATURE_EVALUATION,FEATURE_SEARCH_ONLY,second_S2D.mat,337,396,2,21406,396,0.9988972544670105,True
PUBLISHED_PRECOMPUTED_FEATURE_EVALUATION,FEATURE_SEARCH_ONLY,second_S2D.mat,337,396,3,21423,396,0.9988935589790344,True
PUBLISHED_PRECOMPUTED_FEATURE_EVALUATION,FEATURE_SEARCH_ONLY,second_S2D.mat,337,396,4,21408,396,0.9988701939582825,True
PUBLISHED_PRECOMPUTED_FEATURE_EVALUATION,FEATURE_SEARCH_ONLY,second_S2D.mat,337,396,5,21427,396,0.9988690614700317,True
PUBLISHED_PRECOMPUTED_FEATURE_EVALUATION,FEATURE_SEARCH_ONLY,second_S2D.mat,337,396,6,21407,396,0.9988659620285034,True
PUBLISHED_PRECOMPUTED_FEATURE_EVALUATION,FEATURE_SEARCH_ONLY,second_S2D.mat,337,396,7,21417,396,0.9988656640052795,True
PUBLISHED_PRECOMPUTED_FEATURE_EVALUATION,FEATURE_SEARCH_ONLY,second_S2D.mat,337,396,8,21422,396,0.9988482594490051,True
PUBLISHED_PRECOMPUTED_FEATURE_EVALUATION,FEATURE_SEARCH_ONLY,second_S2D.mat,337,396,9,21425,396,0.9988419413566589,True
PUBLISHED_PRECOMPUTED_FEATURE_EVALUATION,FEATURE_SEARCH_ONLY,second_S2D.mat,337,396,10,21405,396,0.9988416433334351,True
PUBLISHED_PRECOMPUTED_FEATURE_EVALUATION,FEATURE_SEARCH_ONLY,second_S2D.mat,338,397,1,21465,397,0.9992237687110901,True
PUBLISHED_PRECOMPUTED_FEATURE_EVALUATION,FEATURE_SEARCH_ONLY,second_S2D.mat,338,397,2,21472,397,0.9991995692253113,True
PUBLISHED_PRECOMPUTED_FEATURE_EVALUATION,FEATURE_SEARCH_ONLY,second_S2D.mat,338,397,3,21466,397,0.999183714389801,True
PUBLISHED_PRECOMPUTED_FEATURE_EVALUATION,FEATURE_SEARCH_ONLY,second_S2D.mat,338,397,4,21470,397,0.9991698861122131,True
PUBLISHED_PRECOMPUTED_FEATURE_EVALUATION,FEATURE_SEARCH_ONLY,second_S2D.mat,338,397,5,21473,397,0.9991636276245117,True
PUBLISHED_PRECOMPUTED_FEATURE_EVALUATION,FEATURE_SEARCH_ONLY,second_S2D.mat,338,397,6,21471,397,0.9991614818572998,True
PUBLISHED_PRECOMPUTED_FEATURE_EVALUATION,FEATURE_SEARCH_ONLY,second_S2D.mat,338,397,7,21454,397,0.9991550445556641,True
PUBLISHED_PRECOMPUTED_FEATURE_EVALUATION,FEATURE_SEARCH_ONLY,second_S2D.mat,338,397,8,21453,397,0.9991516470909119,True
PUBLISHED_PRECOMPUTED_FEATURE_EVALUATION,FEATURE_SEARCH_ONLY,second_S2D.mat,338,397,9,21474,397,0.9991204142570496,True
PUBLISHED_PRECOMPUTED_FEATURE_EVALUATION,FEATURE_SEARCH_ONLY,second_S2D.mat,338,397,10,21467,397,0.9991172552108765,True
PUBLISHED_PRECOMPUTED_FEATURE_EVALUATION,FEATURE_SEARCH_ONLY,second_S2D.mat,339,398,1,21501,398,0.9989842772483826,True
PUBLISHED_PRECOMPUTED_FEATURE_EVALUATION,FEATURE_SEARCH_ONLY,second_S2D.mat,339,398,2,21519,398,0.9989402294158936,True
PUBLISHED_PRECOMPUTED_FEATURE_EVALUATION,FEATURE_SEARCH_ONLY,second_S2D.mat,339,398,3,21502,398,0.9989285469055176,True
PUBLISHED_PRECOMPUTED_FEATURE_EVALUATION,FEATURE_SEARCH_ONLY,second_S2D.mat,339,398,4,21521,398,0.9989208579063416,True
PUBLISHED_PRECOMPUTED_FEATURE_EVALUATION,FEATURE_SEARCH_ONLY,second_S2D.mat,339,398,5,21498,398,0.9989114999771118,True
PUBLISHED_PRECOMPUTED_FEATURE_EVALUATION,FEATURE_SEARCH_ONLY,second_S2D.mat,339,398,6,21516,398,0.9989093542098999,True
PUBLISHED_PRECOMPUTED_FEATURE_EVALUATION,FEATURE_SEARCH_ONLY,second_S2D.mat,339,398,7,21505,398,0.9988868832588196,True
PUBLISHED_PRECOMPUTED_FEATURE_EVALUATION,FEATURE_SEARCH_ONLY,second_S2D.mat,339,398,8,21500,398,0.9988867044448853,True
PUBLISHED_PRECOMPUTED_FEATURE_EVALUATION,FEATURE_SEARCH_ONLY,second_S2D.mat,339,398,9,21503,398,0.998878538608551,True
PUBLISHED_PRECOMPUTED_FEATURE_EVALUATION,FEATURE_SEARCH_ONLY,second_S2D.mat,339,398,10,21522,398,0.998876690864563,True
PUBLISHED_PRECOMPUTED_FEATURE_EVALUATION,FEATURE_SEARCH_ONLY,second_S2D.mat,340,399,1,21573,399,0.9989746809005737,True
PUBLISHED_PRECOMPUTED_FEATURE_EVALUATION,FEATURE_SEARCH_ONLY,second_S2D.mat,340,399,2,21572,399,0.9988700151443481,True
PUBLISHED_PRECOMPUTED_FEATURE_EVALUATION,FEATURE_SEARCH_ONLY,second_S2D.mat,340,399,3,21574,399,0.9988377094268799,True
PUBLISHED_PRECOMPUTED_FEATURE_EVALUATION,FEATURE_SEARCH_ONLY,second_S2D.mat,340,399,4,21577,399,0.9988327026367188,True
PUBLISHED_PRECOMPUTED_FEATURE_EVALUATION,FEATURE_SEARCH_ONLY,second_S2D.mat,340,399,5,21555,399,0.9987948536872864,True
PUBLISHED_PRECOMPUTED_FEATURE_EVALUATION,FEATURE_SEARCH_ONLY,second_S2D.mat,340,399,6,21556,399,0.9987764358520508,True
PUBLISHED_PRECOMPUTED_FEATURE_EVALUATION,FEATURE_SEARCH_ONLY,second_S2D.mat,340,399,7,21578,399,0.9987764358520508,True
PUBLISHED_PRECOMPUTED_FEATURE_EVALUATION,FEATURE_SEARCH_ONLY,second_S2D.mat,340,399,8,21590,399,0.9987605214118958,True
PUBLISHED_PRECOMPUTED_FEATURE_EVALUATION,FEATURE_SEARCH_ONLY,second_S2D.mat,340,399,9,21554,399,0.9987547397613525,True
PUBLISHED_PRECOMPUTED_FEATURE_EVALUATION,FEATURE_SEARCH_ONLY,second_S2D.mat,340,399,10,21595,399,0.9987523555755615,True
PUBLISHED_PRECOMPUTED_FEATURE_EVALUATION,FEATURE_SEARCH_ONLY,second_S2D.mat,341,400,1,35577,658,0.9990115761756897,False
PUBLISHED_PRECOMPUTED_FEATURE_EVALUATION,FEATURE_SEARCH_ONLY,second_S2D.mat,341,400,2,35576,658,0.998970627784729,False
PUBLISHED_PRECOMPUTED_FEATURE_EVALUATION,FEATURE_SEARCH_ONLY,second_S2D.mat,341,400,3,35568,658,0.998961865901947,False
PUBLISHED_PRECOMPUTED_FEATURE_EVALUATION,FEATURE_SEARCH_ONLY,second_S2D.mat,341,400,4,35559,658,0.998950183391571,False
PUBLISHED_PRECOMPUTED_FEATURE_EVALUATION,FEATURE_SEARCH_ONLY,second_S2D.mat,341,400,5,35558,658,0.9989359974861145,False
PUBLISHED_PRECOMPUTED_FEATURE_EVALUATION,FEATURE_SEARCH_ONLY,second_S2D.mat,341,400,6,35567,658,0.9989317059516907,False
PUBLISHED_PRECOMPUTED_FEATURE_EVALUATION,FEATURE_SEARCH_ONLY,second_S2D.mat,341,400,7,35569,658,0.9989306926727295,False
PUBLISHED_PRECOMPUTED_FEATURE_EVALUATION,FEATURE_SEARCH_ONLY,second_S2D.mat,341,400,8,35565,658,0.9989173412322998,False
PUBLISHED_PRECOMPUTED_FEATURE_EVALUATION,FEATURE_SEARCH_ONLY,second_S2D.mat,341,400,9,35550,658,0.9989073872566223,False
PUBLISHED_PRECOMPUTED_FEATURE_EVALUATION,FEATURE_SEARCH_ONLY,second_S2D.mat,341,400,10,35574,658,0.9988960027694702,False
PUBLISHED_PRECOMPUTED_FEATURE_EVALUATION,FEATURE_SEARCH_ONLY,second_S2D.mat,342,401,1,21698,401,0.9989942908287048,True
PUBLISHED_PRECOMPUTED_FEATURE_EVALUATION,FEATURE_SEARCH_ONLY,second_S2D.mat,342,401,2,21700,401,0.9989876747131348,True
PUBLISHED_PRECOMPUTED_FEATURE_EVALUATION,FEATURE_SEARCH_ONLY,second_S2D.mat,342,401,3,21693,401,0.9989627599716187,True
PUBLISHED_PRECOMPUTED_FEATURE_EVALUATION,FEATURE_SEARCH_ONLY,second_S2D.mat,342,401,4,21675,401,0.9989572167396545,True
PUBLISHED_PRECOMPUTED_FEATURE_EVALUATION,FEATURE_SEARCH_ONLY,second_S2D.mat,342,401,5,21681,401,0.9989510178565979,True
PUBLISHED_PRECOMPUTED_FEATURE_EVALUATION,FEATURE_SEARCH_ONLY,second_S2D.mat,342,401,6,21676,401,0.998943567276001,True
PUBLISHED_PRECOMPUTED_FEATURE_EVALUATION,FEATURE_SEARCH_ONLY,second_S2D.mat,342,401,7,21683,401,0.9989398717880249,True
PUBLISHED_PRECOMPUTED_FEATURE_EVALUATION,FEATURE_SEARCH_ONLY,second_S2D.mat,342,401,8,21699,401,0.998938798904419,True
PUBLISHED_PRECOMPUTED_FEATURE_EVALUATION,FEATURE_SEARCH_ONLY,second_S2D.mat,342,401,9,21701,401,0.9989110231399536,True
PUBLISHED_PRECOMPUTED_FEATURE_EVALUATION,FEATURE_SEARCH_ONLY,second_S2D.mat,342,401,10,21428,396,0.9988855123519897,False
PUBLISHED_PRECOMPUTED_FEATURE_EVALUATION,FEATURE_SEARCH_ONLY,second_S2D.mat,343,403,1,21783,403,0.9988834857940674,True
PUBLISHED_PRECOMPUTED_FEATURE_EVALUATION,FEATURE_SEARCH_ONLY,second_S2D.mat,343,403,2,21808,403,0.9988670349121094,True
PUBLISHED_PRECOMPUTED_FEATURE_EVALUATION,FEATURE_SEARCH_ONLY,second_S2D.mat,343,403,3,21806,403,0.9988569021224976,True
PUBLISHED_PRECOMPUTED_FEATURE_EVALUATION,FEATURE_SEARCH_ONLY,second_S2D.mat,343,403,4,21794,403,0.9988452792167664,True
PUBLISHED_PRECOMPUTED_FEATURE_EVALUATION,FEATURE_SEARCH_ONLY,second_S2D.mat,343,403,5,21765,403,0.9988386631011963,True
PUBLISHED_PRECOMPUTED_FEATURE_EVALUATION,FEATURE_SEARCH_ONLY,second_S2D.mat,343,403,6,21790,403,0.9988299012184143,True
PUBLISHED_PRECOMPUTED_FEATURE_EVALUATION,FEATURE_SEARCH_ONLY,second_S2D.mat,343,403,7,21791,403,0.9988253116607666,True
PUBLISHED_PRECOMPUTED_FEATURE_EVALUATION,FEATURE_SEARCH_ONLY,second_S2D.mat,343,403,8,21800,403,0.9988208413124084,True
PUBLISHED_PRECOMPUTED_FEATURE_EVALUATION,FEATURE_SEARCH_ONLY,second_S2D.mat,343,403,9,21789,403,0.9988125562667847,True
PUBLISHED_PRECOMPUTED_FEATURE_EVALUATION,FEATURE_SEARCH_ONLY,second_S2D.mat,343,403,10,21785,403,0.9988026022911072,True
PUBLISHED_PRECOMPUTED_FEATURE_EVALUATION,FEATURE_SEARCH_ONLY,second_S2D.mat,344,404,1,21851,404,0.999420702457428,True
PUBLISHED_PRECOMPUTED_FEATURE_EVALUATION,FEATURE_SEARCH_ONLY,second_S2D.mat,344,404,2,21860,404,0.9994195103645325,True
PUBLISHED_PRECOMPUTED_FEATURE_EVALUATION,FEATURE_SEARCH_ONLY,second_S2D.mat,344,404,3,21852,404,0.9994115829467773,True
PUBLISHED_PRECOMPUTED_FEATURE_EVALUATION,FEATURE_SEARCH_ONLY,second_S2D.mat,344,404,4,21853,404,0.9994064569473267,True
PUBLISHED_PRECOMPUTED_FEATURE_EVALUATION,FEATURE_SEARCH_ONLY,second_S2D.mat,344,404,5,21842,404,0.9994044303894043,True
PUBLISHED_PRECOMPUTED_FEATURE_EVALUATION,FEATURE_SEARCH_ONLY,second_S2D.mat,344,404,6,21833,404,0.9993791580200195,True
PUBLISHED_PRECOMPUTED_FEATURE_EVALUATION,FEATURE_SEARCH_ONLY,second_S2D.mat,344,404,7,21854,404,0.9993687868118286,True
PUBLISHED_PRECOMPUTED_FEATURE_EVALUATION,FEATURE_SEARCH_ONLY,second_S2D.mat,344,404,8,21834,404,0.9993582963943481,True
PUBLISHED_PRECOMPUTED_FEATURE_EVALUATION,FEATURE_SEARCH_ONLY,second_S2D.mat,344,404,9,21859,404,0.9993321895599365,True
PUBLISHED_PRECOMPUTED_FEATURE_EVALUATION,FEATURE_SEARCH_ONLY,second_S2D.mat,344,404,10,21850,404,0.999329686164856,True
PUBLISHED_PRECOMPUTED_FEATURE_EVALUATION,FEATURE_SEARCH_ONLY,second_S2D.mat,345,405,1,21900,405,0.9986733794212341,True
PUBLISHED_PRECOMPUTED_FEATURE_EVALUATION,FEATURE_SEARCH_ONLY,second_S2D.mat,345,405,2,21917,405,0.998662531375885,True
PUBLISHED_PRECOMPUTED_FEATURE_EVALUATION,FEATURE_SEARCH_ONLY,second_S2D.mat,345,405,3,21899,405,0.998656153678894,True
PUBLISHED_PRECOMPUTED_FEATURE_EVALUATION,FEATURE_SEARCH_ONLY,second_S2D.mat,345,405,4,21885,405,0.9986550807952881,True
PUBLISHED_PRECOMPUTED_FEATURE_EVALUATION,FEATURE_SEARCH_ONLY,second_S2D.mat,345,405,5,21882,405,0.998643696308136,True
PUBLISHED_PRECOMPUTED_FEATURE_EVALUATION,FEATURE_SEARCH_ONLY,second_S2D.mat,345,405,6,21883,405,0.9986399412155151,True
PUBLISHED_PRECOMPUTED_FEATURE_EVALUATION,FEATURE_SEARCH_ONLY,second_S2D.mat,345,405,7,21903,405,0.9985983371734619,True
PUBLISHED_PRECOMPUTED_FEATURE_EVALUATION,FEATURE_SEARCH_ONLY,second_S2D.mat,345,405,8,21890,405,0.9985973238945007,True
PUBLISHED_PRECOMPUTED_FEATURE_EVALUATION,FEATURE_SEARCH_ONLY,second_S2D.mat,345,405,9,21901,405,0.998596727848053,True
PUBLISHED_PRECOMPUTED_FEATURE_EVALUATION,FEATURE_SEARCH_ONLY,second_S2D.mat,345,405,10,21881,405,0.9985751509666443,True
PUBLISHED_PRECOMPUTED_FEATURE_EVALUATION,FEATURE_SEARCH_ONLY,second_S2D.mat,346,406,1,21951,406,0.9991788864135742,True
PUBLISHED_PRECOMPUTED_FEATURE_EVALUATION,FEATURE_SEARCH_ONLY,second_S2D.mat,346,406,2,21933,406,0.999108076095581,True
PUBLISHED_PRECOMPUTED_FEATURE_EVALUATION,FEATURE_SEARCH_ONLY,second_S2D.mat,346,406,3,21952,406,0.999083399772644,True
PUBLISHED_PRECOMPUTED_FEATURE_EVALUATION,FEATURE_SEARCH_ONLY,second_S2D.mat,346,406,4,21950,406,0.999036431312561,True
PUBLISHED_PRECOMPUTED_FEATURE_EVALUATION,FEATURE_SEARCH_ONLY,second_S2D.mat,346,406,5,21930,406,0.9990255832672119,True
PUBLISHED_PRECOMPUTED_FEATURE_EVALUATION,FEATURE_SEARCH_ONLY,second_S2D.mat,346,406,6,21960,406,0.9990237951278687,True
PUBLISHED_PRECOMPUTED_FEATURE_EVALUATION,FEATURE_SEARCH_ONLY,second_S2D.mat,346,406,7,21932,406,0.9990211129188538,True
PUBLISHED_PRECOMPUTED_FEATURE_EVALUATION,FEATURE_SEARCH_ONLY,second_S2D.mat,346,406,8,21959,406,0.9990154504776001,True
PUBLISHED_PRECOMPUTED_FEATURE_EVALUATION,FEATURE_SEARCH_ONLY,second_S2D.mat,346,406,9,21969,406,0.9989994764328003,True
PUBLISHED_PRECOMPUTED_FEATURE_EVALUATION,FEATURE_SEARCH_ONLY,second_S2D.mat,346,406,10,21934,406,0.9989904165267944,True
PUBLISHED_PRECOMPUTED_FEATURE_EVALUATION,FEATURE_SEARCH_ONLY,second_S2D.mat,347,407,1,22018,407,0.9992539882659912,True
PUBLISHED_PRECOMPUTED_FEATURE_EVALUATION,FEATURE_SEARCH_ONLY,second_S2D.mat,347,407,2,22010,407,0.9992474317550659,True
PUBLISHED_PRECOMPUTED_FEATURE_EVALUATION,FEATURE_SEARCH_ONLY,second_S2D.mat,347,407,3,22019,407,0.9992325901985168,True
PUBLISHED_PRECOMPUTED_FEATURE_EVALUATION,FEATURE_SEARCH_ONLY,second_S2D.mat,347,407,4,22001,407,0.9992152452468872,True
PUBLISHED_PRECOMPUTED_FEATURE_EVALUATION,FEATURE_SEARCH_ONLY,second_S2D.mat,347,407,5,22004,407,0.9992049932479858,True
PUBLISHED_PRECOMPUTED_FEATURE_EVALUATION,FEATURE_SEARCH_ONLY,second_S2D.mat,347,407,6,21996,407,0.9991989135742188,True
PUBLISHED_PRECOMPUTED_FEATURE_EVALUATION,FEATURE_SEARCH_ONLY,second_S2D.mat,347,407,7,22022,407,0.9991873502731323,True
PUBLISHED_PRECOMPUTED_FEATURE_EVALUATION,FEATURE_SEARCH_ONLY,second_S2D.mat,347,407,8,22008,407,0.999172031879425,True
PUBLISHED_PRECOMPUTED_FEATURE_EVALUATION,FEATURE_SEARCH_ONLY,second_S2D.mat,347,407,9,22006,407,0.9991686344146729,True
PUBLISHED_PRECOMPUTED_FEATURE_EVALUATION,FEATURE_SEARCH_ONLY,second_S2D.mat,347,407,10,22020,407,0.9991545081138611,True
PUBLISHED_PRECOMPUTED_FEATURE_EVALUATION,FEATURE_SEARCH_ONLY,second_S2D.mat,348,408,1,45771,863,0.9980234503746033,False
PUBLISHED_PRECOMPUTED_FEATURE_EVALUATION,FEATURE_SEARCH_ONLY,second_S2D.mat,348,408,2,45772,863,0.9980054497718811,False
PUBLISHED_PRECOMPUTED_FEATURE_EVALUATION,FEATURE_SEARCH_ONLY,second_S2D.mat,348,408,3,14598,270,0.9980047345161438,False
PUBLISHED_PRECOMPUTED_FEATURE_EVALUATION,FEATURE_SEARCH_ONLY,second_S2D.mat,348,408,4,14581,270,0.9979280233383179,False
PUBLISHED_PRECOMPUTED_FEATURE_EVALUATION,FEATURE_SEARCH_ONLY,second_S2D.mat,348,408,5,14599,270,0.9979233741760254,False
PUBLISHED_PRECOMPUTED_FEATURE_EVALUATION,FEATURE_SEARCH_ONLY,second_S2D.mat,348,408,6,45774,863,0.9979233741760254,False
PUBLISHED_PRECOMPUTED_FEATURE_EVALUATION,FEATURE_SEARCH_ONLY,second_S2D.mat,348,408,7,45773,863,0.9979203939437866,False
PUBLISHED_PRECOMPUTED_FEATURE_EVALUATION,FEATURE_SEARCH_ONLY,second_S2D.mat,348,408,8,45790,863,0.9979071617126465,False
PUBLISHED_PRECOMPUTED_FEATURE_EVALUATION,FEATURE_SEARCH_ONLY,second_S2D.mat,348,408,9,45746,863,0.9979061484336853,False
PUBLISHED_PRECOMPUTED_FEATURE_EVALUATION,FEATURE_SEARCH_ONLY,second_S2D.mat,348,408,10,45763,863,0.9979060292243958,False
PUBLISHED_PRECOMPUTED_FEATURE_EVALUATION,FEATURE_SEARCH_ONLY,second_S2D.mat,349,409,1,22135,409,0.9990122318267822,True
PUBLISHED_PRECOMPUTED_FEATURE_EVALUATION,FEATURE_SEARCH_ONLY,second_S2D.mat,349,409,2,22134,409,0.998995840549469,True
PUBLISHED_PRECOMPUTED_FEATURE_EVALUATION,FEATURE_SEARCH_ONLY,second_S2D.mat,349,409,3,22133,409,0.9989625215530396,True
PUBLISHED_PRECOMPUTED_FEATURE_EVALUATION,FEATURE_SEARCH_ONLY,second_S2D.mat,349,409,4,22130,409,0.9989621043205261,True
PUBLISHED_PRECOMPUTED_FEATURE_EVALUATION,FEATURE_SEARCH_ONLY,second_S2D.mat,349,409,5,22129,409,0.9989525079727173,True
PUBLISHED_PRECOMPUTED_FEATURE_EVALUATION,FEATURE_SEARCH_ONLY,second_S2D.mat,349,409,6,22126,409,0.9989476203918457,True
PUBLISHED_PRECOMPUTED_FEATURE_EVALUATION,FEATURE_SEARCH_ONLY,second_S2D.mat,349,409,7,22132,409,0.9989417791366577,True
PUBLISHED_PRECOMPUTED_FEATURE_EVALUATION,FEATURE_SEARCH_ONLY,second_S2D.mat,349,409,8,22127,409,0.9989319443702698,True
PUBLISHED_PRECOMPUTED_FEATURE_EVALUATION,FEATURE_SEARCH_ONLY,second_S2D.mat,349,409,9,22120,409,0.9989271759986877,True
PUBLISHED_PRECOMPUTED_FEATURE_EVALUATION,FEATURE_SEARCH_ONLY,second_S2D.mat,349,409,10,22131,409,0.9989252090454102,True
PUBLISHED_PRECOMPUTED_FEATURE_EVALUATION,FEATURE_SEARCH_ONLY,second_S2D.mat,350,410,1,22174,410,0.9989992380142212,True
PUBLISHED_PRECOMPUTED_FEATURE_EVALUATION,FEATURE_SEARCH_ONLY,second_S2D.mat,350,410,2,22191,410,0.998996376991272,True
PUBLISHED_PRECOMPUTED_FEATURE_EVALUATION,FEATURE_SEARCH_ONLY,second_S2D.mat,350,410,3,22182,410,0.9989936351776123,True
PUBLISHED_PRECOMPUTED_FEATURE_EVALUATION,FEATURE_SEARCH_ONLY,second_S2D.mat,350,410,4,22173,410,0.9989858269691467,True
PUBLISHED_PRECOMPUTED_FEATURE_EVALUATION,FEATURE_SEARCH_ONLY,second_S2D.mat,350,410,5,22183,410,0.9989836812019348,True
PUBLISHED_PRECOMPUTED_FEATURE_EVALUATION,FEATURE_SEARCH_ONLY,second_S2D.mat,350,410,6,22192,410,0.9989652633666992,True
PUBLISHED_PRECOMPUTED_FEATURE_EVALUATION,FEATURE_SEARCH_ONLY,second_S2D.mat,350,410,7,22165,410,0.9989443421363831,True
PUBLISHED_PRECOMPUTED_FEATURE_EVALUATION,FEATURE_SEARCH_ONLY,second_S2D.mat,350,410,8,22166,410,0.9989287853240967,True
PUBLISHED_PRECOMPUTED_FEATURE_EVALUATION,FEATURE_SEARCH_ONLY,second_S2D.mat,350,410,9,22190,410,0.9989275932312012,True
PUBLISHED_PRECOMPUTED_FEATURE_EVALUATION,FEATURE_SEARCH_ONLY,second_S2D.mat,350,410,10,22156,410,0.9989137649536133,True
PUBLISHED_PRECOMPUTED_FEATURE_EVALUATION,FEATURE_SEARCH_ONLY,second_S2D.mat,351,411,1,22230,411,0.9994934797286987,True
PUBLISHED_PRECOMPUTED_FEATURE_EVALUATION,FEATURE_SEARCH_ONLY,second_S2D.mat,351,411,2,22229,411,0.9994510412216187,True
PUBLISHED_PRECOMPUTED_FEATURE_EVALUATION,FEATURE_SEARCH_ONLY,second_S2D.mat,351,411,3,22231,411,0.9994421005249023,True
PUBLISHED_PRECOMPUTED_FEATURE_EVALUATION,FEATURE_SEARCH_ONLY,second_S2D.mat,351,411,4,22237,411,0.9994044899940491,True
PUBLISHED_PRECOMPUTED_FEATURE_EVALUATION,FEATURE_SEARCH_ONLY,second_S2D.mat,351,411,5,22232,411,0.9994041323661804,True
PUBLISHED_PRECOMPUTED_FEATURE_EVALUATION,FEATURE_SEARCH_ONLY,second_S2D.mat,351,411,6,22239,411,0.9993674159049988,True
PUBLISHED_PRECOMPUTED_FEATURE_EVALUATION,FEATURE_SEARCH_ONLY,second_S2D.mat,351,411,7,22219,411,0.999362051486969,True
PUBLISHED_PRECOMPUTED_FEATURE_EVALUATION,FEATURE_SEARCH_ONLY,second_S2D.mat,351,411,8,22233,411,0.9993569850921631,True
PUBLISHED_PRECOMPUTED_FEATURE_EVALUATION,FEATURE_SEARCH_ONLY,second_S2D.mat,351,411,9,22236,411,0.9993546605110168,True
PUBLISHED_PRECOMPUTED_FEATURE_EVALUATION,FEATURE_SEARCH_ONLY,second_S2D.mat,351,411,10,22247,411,0.9993508458137512,True
PUBLISHED_PRECOMPUTED_FEATURE_EVALUATION,FEATURE_SEARCH_ONLY,second_S2D.mat,352,412,1,22279,412,0.9993261098861694,True
PUBLISHED_PRECOMPUTED_FEATURE_EVALUATION,FEATURE_SEARCH_ONLY,second_S2D.mat,352,412,2,22288,412,0.9993219375610352,True
PUBLISHED_PRECOMPUTED_FEATURE_EVALUATION,FEATURE_SEARCH_ONLY,second_S2D.mat,352,412,3,22285,412,0.9993146657943726,True
PUBLISHED_PRECOMPUTED_FEATURE_EVALUATION,FEATURE_SEARCH_ONLY,second_S2D.mat,352,412,4,22296,412,0.999308705329895,True
PUBLISHED_PRECOMPUTED_FEATURE_EVALUATION,FEATURE_SEARCH_ONLY,second_S2D.mat,352,412,5,22297,412,0.9993011355400085,True
PUBLISHED_PRECOMPUTED_FEATURE_EVALUATION,FEATURE_SEARCH_ONLY,second_S2D.mat,352,412,6,22282,412,0.9992977380752563,True
PUBLISHED_PRECOMPUTED_FEATURE_EVALUATION,FEATURE_SEARCH_ONLY,second_S2D.mat,352,412,7,22299,412,0.9992954730987549,True
PUBLISHED_PRECOMPUTED_FEATURE_EVALUATION,FEATURE_SEARCH_ONLY,second_S2D.mat,352,412,8,22295,412,0.9992880821228027,True
PUBLISHED_PRECOMPUTED_FEATURE_EVALUATION,FEATURE_SEARCH_ONLY,second_S2D.mat,352,412,9,22284,412,0.9992871880531311,True
PUBLISHED_PRECOMPUTED_FEATURE_EVALUATION,FEATURE_SEARCH_ONLY,second_S2D.mat,352,412,10,22286,412,0.9992839097976685,True
PUBLISHED_PRECOMPUTED_FEATURE_EVALUATION,FEATURE_SEARCH_ONLY,second_S2D.mat,353,413,1,22329,413,0.9992514252662659,True
PUBLISHED_PRECOMPUTED_FEATURE_EVALUATION,FEATURE_SEARCH_ONLY,second_S2D.mat,353,413,2,22330,413,0.9992072582244873,True
PUBLISHED_PRECOMPUTED_FEATURE_EVALUATION,FEATURE_SEARCH_ONLY,second_S2D.mat,353,413,3,22328,413,0.999198853969574,True
PUBLISHED_PRECOMPUTED_FEATURE_EVALUATION,FEATURE_SEARCH_ONLY,second_S2D.mat,353,413,4,22346,413,0.9991839528083801,True
PUBLISHED_PRECOMPUTED_FEATURE_EVALUATION,FEATURE_SEARCH_ONLY,second_S2D.mat,353,413,5,22331,413,0.9991801381111145,True
PUBLISHED_PRECOMPUTED_FEATURE_EVALUATION,FEATURE_SEARCH_ONLY,second_S2D.mat,353,413,6,22347,413,0.9991479516029358,True
PUBLISHED_PRECOMPUTED_FEATURE_EVALUATION,FEATURE_SEARCH_ONLY,second_S2D.mat,353,413,7,22327,413,0.9991283416748047,True
PUBLISHED_PRECOMPUTED_FEATURE_EVALUATION,FEATURE_SEARCH_ONLY,second_S2D.mat,353,413,8,22345,413,0.9991104602813721,True
PUBLISHED_PRECOMPUTED_FEATURE_EVALUATION,FEATURE_SEARCH_ONLY,second_S2D.mat,353,413,9,22344,413,0.9991100430488586,True
PUBLISHED_PRECOMPUTED_FEATURE_EVALUATION,FEATURE_SEARCH_ONLY,second_S2D.mat,353,413,10,22311,413,0.9990600347518921,True
PUBLISHED_PRECOMPUTED_FEATURE_EVALUATION,FEATURE_SEARCH_ONLY,second_S2D.mat,354,414,1,22402,414,0.9995265007019043,True
PUBLISHED_PRECOMPUTED_FEATURE_EVALUATION,FEATURE_SEARCH_ONLY,second_S2D.mat,354,414,2,22384,414,0.9994752407073975,True
PUBLISHED_PRECOMPUTED_FEATURE_EVALUATION,FEATURE_SEARCH_ONLY,second_S2D.mat,354,414,3,22399,414,0.9994677305221558,True
PUBLISHED_PRECOMPUTED_FEATURE_EVALUATION,FEATURE_SEARCH_ONLY,second_S2D.mat,354,414,4,22383,414,0.9994623064994812,True
PUBLISHED_PRECOMPUTED_FEATURE_EVALUATION,FEATURE_SEARCH_ONLY,second_S2D.mat,354,414,5,22401,414,0.9994603395462036,True
PUBLISHED_PRECOMPUTED_FEATURE_EVALUATION,FEATURE_SEARCH_ONLY,second_S2D.mat,354,414,6,22403,414,0.9994591474533081,True
PUBLISHED_PRECOMPUTED_FEATURE_EVALUATION,FEATURE_SEARCH_ONLY,second_S2D.mat,354,414,7,22382,414,0.9994539618492126,True
PUBLISHED_PRECOMPUTED_FEATURE_EVALUATION,FEATURE_SEARCH_ONLY,second_S2D.mat,354,414,8,22400,414,0.999424934387207,True
PUBLISHED_PRECOMPUTED_FEATURE_EVALUATION,FEATURE_SEARCH_ONLY,second_S2D.mat,354,414,9,22398,414,0.9993986487388611,True
PUBLISHED_PRECOMPUTED_FEATURE_EVALUATION,FEATURE_SEARCH_ONLY,second_S2D.mat,354,414,10,22381,414,0.9993852376937866,True
PUBLISHED_PRECOMPUTED_FEATURE_EVALUATION,FEATURE_SEARCH_ONLY,second_S2D.mat,355,415,1,22458,415,0.998964250087738,True
PUBLISHED_PRECOMPUTED_FEATURE_EVALUATION,FEATURE_SEARCH_ONLY,second_S2D.mat,355,415,2,22441,415,0.9989196062088013,True
PUBLISHED_PRECOMPUTED_FEATURE_EVALUATION,FEATURE_SEARCH_ONLY,second_S2D.mat,355,415,3,22440,415,0.9989002346992493,True
PUBLISHED_PRECOMPUTED_FEATURE_EVALUATION,FEATURE_SEARCH_ONLY,second_S2D.mat,355,415,4,22459,415,0.9988784790039062,True
PUBLISHED_PRECOMPUTED_FEATURE_EVALUATION,FEATURE_SEARCH_ONLY,second_S2D.mat,355,415,5,22452,415,0.9988675117492676,True
PUBLISHED_PRECOMPUTED_FEATURE_EVALUATION,FEATURE_SEARCH_ONLY,second_S2D.mat,355,415,6,22451,415,0.9988373517990112,True
PUBLISHED_PRECOMPUTED_FEATURE_EVALUATION,FEATURE_SEARCH_ONLY,second_S2D.mat,355,415,7,22434,415,0.9988200664520264,True
PUBLISHED_PRECOMPUTED_FEATURE_EVALUATION,FEATURE_SEARCH_ONLY,second_S2D.mat,355,415,8,22450,415,0.9988138675689697,True
PUBLISHED_PRECOMPUTED_FEATURE_EVALUATION,FEATURE_SEARCH_ONLY,second_S2D.mat,355,415,9,22433,415,0.9987987279891968,True
PUBLISHED_PRECOMPUTED_FEATURE_EVALUATION,FEATURE_SEARCH_ONLY,second_S2D.mat,355,415,10,22416,415,0.9987943768501282,True
PUBLISHED_PRECOMPUTED_FEATURE_EVALUATION,FEATURE_SEARCH_ONLY,second_S2D.mat,356,416,1,22501,416,0.9989417791366577,True
PUBLISHED_PRECOMPUTED_FEATURE_EVALUATION,FEATURE_SEARCH_ONLY,second_S2D.mat,356,416,2,22502,416,0.9988685846328735,True
PUBLISHED_PRECOMPUTED_FEATURE_EVALUATION,FEATURE_SEARCH_ONLY,second_S2D.mat,356,416,3,22510,416,0.9988492727279663,True
PUBLISHED_PRECOMPUTED_FEATURE_EVALUATION,FEATURE_SEARCH_ONLY,second_S2D.mat,356,416,4,22505,416,0.9988471269607544,True
PUBLISHED_PRECOMPUTED_FEATURE_EVALUATION,FEATURE_SEARCH_ONLY,second_S2D.mat,356,416,5,22517,416,0.9988428354263306,True
PUBLISHED_PRECOMPUTED_FEATURE_EVALUATION,FEATURE_SEARCH_ONLY,second_S2D.mat,356,416,6,22488,416,0.9988321661949158,True
PUBLISHED_PRECOMPUTED_FEATURE_EVALUATION,FEATURE_SEARCH_ONLY,second_S2D.mat,356,416,7,22503,416,0.9988189935684204,True
PUBLISHED_PRECOMPUTED_FEATURE_EVALUATION,FEATURE_SEARCH_ONLY,second_S2D.mat,356,416,8,22500,416,0.9988148212432861,True
PUBLISHED_PRECOMPUTED_FEATURE_EVALUATION,FEATURE_SEARCH_ONLY,second_S2D.mat,356,416,9,22481,416,0.9988137483596802,True
PUBLISHED_PRECOMPUTED_FEATURE_EVALUATION,FEATURE_SEARCH_ONLY,second_S2D.mat,356,416,10,22499,416,0.9988004565238953,True
PUBLISHED_PRECOMPUTED_FEATURE_EVALUATION,FEATURE_SEARCH_ONLY,second_S2D.mat,357,417,1,22544,417,0.9992450475692749,True
PUBLISHED_PRECOMPUTED_FEATURE_EVALUATION,FEATURE_SEARCH_ONLY,second_S2D.mat,357,417,2,22561,417,0.99922776222229,True
PUBLISHED_PRECOMPUTED_FEATURE_EVALUATION,FEATURE_SEARCH_ONLY,second_S2D.mat,357,417,3,22543,417,0.9992046356201172,True
PUBLISHED_PRECOMPUTED_FEATURE_EVALUATION,FEATURE_SEARCH_ONLY,second_S2D.mat,357,417,4,22562,417,0.9991554617881775,True
PUBLISHED_PRECOMPUTED_FEATURE_EVALUATION,FEATURE_SEARCH_ONLY,second_S2D.mat,357,417,5,22525,417,0.9991298317909241,True
PUBLISHED_PRECOMPUTED_FEATURE_EVALUATION,FEATURE_SEARCH_ONLY,second_S2D.mat,357,417,6,22526,417,0.999051570892334,True
PUBLISHED_PRECOMPUTED_FEATURE_EVALUATION,FEATURE_SEARCH_ONLY,second_S2D.mat,357,417,7,41123,761,0.9990428686141968,False
PUBLISHED_PRECOMPUTED_FEATURE_EVALUATION,FEATURE_SEARCH_ONLY,second_S2D.mat,357,417,8,41501,768,0.9990294575691223,False
PUBLISHED_PRECOMPUTED_FEATURE_EVALUATION,FEATURE_SEARCH_ONLY,second_S2D.mat,357,417,9,22563,417,0.9990014433860779,True
PUBLISHED_PRECOMPUTED_FEATURE_EVALUATION,FEATURE_SEARCH_ONLY,second_S2D.mat,357,417,10,41105,761,0.9989951252937317,False
PUBLISHED_PRECOMPUTED_FEATURE_EVALUATION,FEATURE_SEARCH_ONLY,second_S2D.mat,358,418,1,22607,418,0.9990334510803223,True
PUBLISHED_PRECOMPUTED_FEATURE_EVALUATION,FEATURE_SEARCH_ONLY,second_S2D.mat,358,418,2,22608,418,0.9990317821502686,True
PUBLISHED_PRECOMPUTED_FEATURE_EVALUATION,FEATURE_SEARCH_ONLY,second_S2D.mat,358,418,3,22596,418,0.9989676475524902,True
PUBLISHED_PRECOMPUTED_FEATURE_EVALUATION,FEATURE_SEARCH_ONLY,second_S2D.mat,358,418,4,22579,418,0.9989596009254456,True
PUBLISHED_PRECOMPUTED_FEATURE_EVALUATION,FEATURE_SEARCH_ONLY,second_S2D.mat,358,418,5,22613,418,0.9989548325538635,True
PUBLISHED_PRECOMPUTED_FEATURE_EVALUATION,FEATURE_SEARCH_ONLY,second_S2D.mat,358,418,6,22580,418,0.9989516735076904,True
PUBLISHED_PRECOMPUTED_FEATURE_EVALUATION,FEATURE_SEARCH_ONLY,second_S2D.mat,358,418,7,22578,418,0.9989303946495056,True
PUBLISHED_PRECOMPUTED_FEATURE_EVALUATION,FEATURE_SEARCH_ONLY,second_S2D.mat,358,418,8,22590,418,0.9989271759986877,True
PUBLISHED_PRECOMPUTED_FEATURE_EVALUATION,FEATURE_SEARCH_ONLY,second_S2D.mat,358,418,9,22597,418,0.9989161491394043,True
PUBLISHED_PRECOMPUTED_FEATURE_EVALUATION,FEATURE_SEARCH_ONLY,second_S2D.mat,358,418,10,22614,418,0.9988856911659241,True
PUBLISHED_PRECOMPUTED_FEATURE_EVALUATION,FEATURE_SEARCH_ONLY,second_S2D.mat,359,419,1,22650,419,0.998727023601532,True
PUBLISHED_PRECOMPUTED_FEATURE_EVALUATION,FEATURE_SEARCH_ONLY,second_S2D.mat,359,419,2,22651,419,0.99871426820755,True
PUBLISHED_PRECOMPUTED_FEATURE_EVALUATION,FEATURE_SEARCH_ONLY,second_S2D.mat,359,419,3,22649,419,0.9986398220062256,True
PUBLISHED_PRECOMPUTED_FEATURE_EVALUATION,FEATURE_SEARCH_ONLY,second_S2D.mat,359,419,4,22648,419,0.9986395835876465,True
PUBLISHED_PRECOMPUTED_FEATURE_EVALUATION,FEATURE_SEARCH_ONLY,second_S2D.mat,359,419,5,22645,419,0.9986308813095093,True
PUBLISHED_PRECOMPUTED_FEATURE_EVALUATION,FEATURE_SEARCH_ONLY,second_S2D.mat,359,419,6,22665,419,0.998627781867981,True
PUBLISHED_PRECOMPUTED_FEATURE_EVALUATION,FEATURE_SEARCH_ONLY,second_S2D.mat,359,419,7,22664,419,0.9986270666122437,True
PUBLISHED_PRECOMPUTED_FEATURE_EVALUATION,FEATURE_SEARCH_ONLY,second_S2D.mat,359,419,8,22666,419,0.9986043572425842,True
PUBLISHED_PRECOMPUTED_FEATURE_EVALUATION,FEATURE_SEARCH_ONLY,second_S2D.mat,359,419,9,22633,419,0.998600959777832,True
PUBLISHED_PRECOMPUTED_FEATURE_EVALUATION,FEATURE_SEARCH_ONLY,second_S2D.mat,359,419,10,22658,419,0.9985976815223694,True
PUBLISHED_PRECOMPUTED_FEATURE_EVALUATION,FEATURE_SEARCH_ONLY,second_S2D.mat,360,420,1,22708,420,0.999163806438446,True
PUBLISHED_PRECOMPUTED_FEATURE_EVALUATION,FEATURE_SEARCH_ONLY,second_S2D.mat,360,420,2,22725,420,0.999157726764679,True
PUBLISHED_PRECOMPUTED_FEATURE_EVALUATION,FEATURE_SEARCH_ONLY,second_S2D.mat,360,420,3,22714,420,0.9991191029548645,True
PUBLISHED_PRECOMPUTED_FEATURE_EVALUATION,FEATURE_SEARCH_ONLY,second_S2D.mat,360,420,4,22724,420,0.9991088509559631,True
PUBLISHED_PRECOMPUTED_FEATURE_EVALUATION,FEATURE_SEARCH_ONLY,second_S2D.mat,360,420,5,22726,420,0.9991086721420288,True
PUBLISHED_PRECOMPUTED_FEATURE_EVALUATION,FEATURE_SEARCH_ONLY,second_S2D.mat,360,420,6,22732,420,0.9990139603614807,True
PUBLISHED_PRECOMPUTED_FEATURE_EVALUATION,FEATURE_SEARCH_ONLY,second_S2D.mat,360,420,7,22731,420,0.9990018606185913,True
PUBLISHED_PRECOMPUTED_FEATURE_EVALUATION,FEATURE_SEARCH_ONLY,second_S2D.mat,360,420,8,22707,420,0.9989904165267944,True
PUBLISHED_PRECOMPUTED_FEATURE_EVALUATION,FEATURE_SEARCH_ONLY,second_S2D.mat,360,420,9,22722,420,0.9989818334579468,True
PUBLISHED_PRECOMPUTED_FEATURE_EVALUATION,FEATURE_SEARCH_ONLY,second_S2D.mat,360,420,10,22696,420,0.998976469039917,True
PUBLISHED_PRECOMPUTED_FEATURE_EVALUATION,FEATURE_SEARCH_ONLY,second_S2D.mat,361,421,1,22777,421,0.9989973902702332,True
PUBLISHED_PRECOMPUTED_FEATURE_EVALUATION,FEATURE_SEARCH_ONLY,second_S2D.mat,361,421,2,22776,421,0.9989549517631531,True
PUBLISHED_PRECOMPUTED_FEATURE_EVALUATION,FEATURE_SEARCH_ONLY,second_S2D.mat,361,421,3,22772,421,0.9989413022994995,True
PUBLISHED_PRECOMPUTED_FEATURE_EVALUATION,FEATURE_SEARCH_ONLY,second_S2D.mat,361,421,4,22773,421,0.9989140033721924,True
PUBLISHED_PRECOMPUTED_FEATURE_EVALUATION,FEATURE_SEARCH_ONLY,second_S2D.mat,361,421,5,22770,421,0.9988802075386047,True
PUBLISHED_PRECOMPUTED_FEATURE_EVALUATION,FEATURE_SEARCH_ONLY,second_S2D.mat,361,421,6,22775,421,0.9988658428192139,True
PUBLISHED_PRECOMPUTED_FEATURE_EVALUATION,FEATURE_SEARCH_ONLY,second_S2D.mat,361,421,7,22774,421,0.9988641142845154,True
PUBLISHED_PRECOMPUTED_FEATURE_EVALUATION,FEATURE_SEARCH_ONLY,second_S2D.mat,361,421,8,22771,421,0.9988583326339722,True
PUBLISHED_PRECOMPUTED_FEATURE_EVALUATION,FEATURE_SEARCH_ONLY,second_S2D.mat,361,421,9,22761,421,0.9988559484481812,True
PUBLISHED_PRECOMPUTED_FEATURE_EVALUATION,FEATURE_SEARCH_ONLY,second_S2D.mat,361,421,10,22762,421,0.998854398727417,True
PUBLISHED_PRECOMPUTED_FEATURE_EVALUATION,FEATURE_SEARCH_ONLY,second_S2D.mat,362,422,1,22818,422,0.9992002248764038,True
PUBLISHED_PRECOMPUTED_FEATURE_EVALUATION,FEATURE_SEARCH_ONLY,second_S2D.mat,362,422,2,22819,422,0.999170184135437,True
PUBLISHED_PRECOMPUTED_FEATURE_EVALUATION,FEATURE_SEARCH_ONLY,second_S2D.mat,362,422,3,22807,422,0.9991295337677002,True
PUBLISHED_PRECOMPUTED_FEATURE_EVALUATION,FEATURE_SEARCH_ONLY,second_S2D.mat,362,422,4,22824,422,0.9991283416748047,True
PUBLISHED_PRECOMPUTED_FEATURE_EVALUATION,FEATURE_SEARCH_ONLY,second_S2D.mat,362,422,5,22800,422,0.9991236925125122,True
PUBLISHED_PRECOMPUTED_FEATURE_EVALUATION,FEATURE_SEARCH_ONLY,second_S2D.mat,362,422,6,22811,422,0.9991234540939331,True
PUBLISHED_PRECOMPUTED_FEATURE_EVALUATION,FEATURE_SEARCH_ONLY,second_S2D.mat,362,422,7,22829,422,0.9991220235824585,True
PUBLISHED_PRECOMPUTED_FEATURE_EVALUATION,FEATURE_SEARCH_ONLY,second_S2D.mat,362,422,8,22806,422,0.9990913271903992,True
PUBLISHED_PRECOMPUTED_FEATURE_EVALUATION,FEATURE_SEARCH_ONLY,second_S2D.mat,362,422,9,22836,422,0.9990837574005127,True
PUBLISHED_PRECOMPUTED_FEATURE_EVALUATION,FEATURE_SEARCH_ONLY,second_S2D.mat,362,422,10,22822,422,0.9990799427032471,True
PUBLISHED_PRECOMPUTED_FEATURE_EVALUATION,FEATURE_SEARCH_ONLY,second_S2D.mat,363,423,1,22867,423,0.9986258149147034,True
PUBLISHED_PRECOMPUTED_FEATURE_EVALUATION,FEATURE_SEARCH_ONLY,second_S2D.mat,363,423,2,22868,423,0.9985737800598145,True
PUBLISHED_PRECOMPUTED_FEATURE_EVALUATION,FEATURE_SEARCH_ONLY,second_S2D.mat,363,423,3,22853,423,0.998557448387146,True
PUBLISHED_PRECOMPUTED_FEATURE_EVALUATION,FEATURE_SEARCH_ONLY,second_S2D.mat,363,423,4,22849,423,0.9985471963882446,True
PUBLISHED_PRECOMPUTED_FEATURE_EVALUATION,FEATURE_SEARCH_ONLY,second_S2D.mat,363,423,5,22865,423,0.998515248298645,True
PUBLISHED_PRECOMPUTED_FEATURE_EVALUATION,FEATURE_SEARCH_ONLY,second_S2D.mat,363,423,6,22866,423,0.9985004663467407,True
PUBLISHED_PRECOMPUTED_FEATURE_EVALUATION,FEATURE_SEARCH_ONLY,second_S2D.mat,363,423,7,22861,423,0.998488187789917,True
PUBLISHED_PRECOMPUTED_FEATURE_EVALUATION,FEATURE_SEARCH_ONLY,second_S2D.mat,363,423,8,22885,423,0.9984851479530334,True
PUBLISHED_PRECOMPUTED_FEATURE_EVALUATION,FEATURE_SEARCH_ONLY,second_S2D.mat,363,423,9,22879,423,0.9984842538833618,True
PUBLISHED_PRECOMPUTED_FEATURE_EVALUATION,FEATURE_SEARCH_ONLY,second_S2D.mat,363,423,10,22848,423,0.9984593987464905,True
PUBLISHED_PRECOMPUTED_FEATURE_EVALUATION,FEATURE_SEARCH_ONLY,second_S2D.mat,364,424,1,22943,424,0.999237596988678,True
PUBLISHED_PRECOMPUTED_FEATURE_EVALUATION,FEATURE_SEARCH_ONLY,second_S2D.mat,364,424,2,22925,424,0.9992365837097168,True
PUBLISHED_PRECOMPUTED_FEATURE_EVALUATION,FEATURE_SEARCH_ONLY,second_S2D.mat,364,424,3,22920,424,0.9992102384567261,True
PUBLISHED_PRECOMPUTED_FEATURE_EVALUATION,FEATURE_SEARCH_ONLY,second_S2D.mat,364,424,4,22919,424,0.9991744756698608,True
PUBLISHED_PRECOMPUTED_FEATURE_EVALUATION,FEATURE_SEARCH_ONLY,second_S2D.mat,364,424,5,22938,424,0.9991553425788879,True
PUBLISHED_PRECOMPUTED_FEATURE_EVALUATION,FEATURE_SEARCH_ONLY,second_S2D.mat,364,424,6,22921,424,0.9991430044174194,True
PUBLISHED_PRECOMPUTED_FEATURE_EVALUATION,FEATURE_SEARCH_ONLY,second_S2D.mat,364,424,7,22907,424,0.9991241693496704,True
PUBLISHED_PRECOMPUTED_FEATURE_EVALUATION,FEATURE_SEARCH_ONLY,second_S2D.mat,364,424,8,22902,424,0.9991183280944824,True
PUBLISHED_PRECOMPUTED_FEATURE_EVALUATION,FEATURE_SEARCH_ONLY,second_S2D.mat,364,424,9,22901,424,0.9991050958633423,True
PUBLISHED_PRECOMPUTED_FEATURE_EVALUATION,FEATURE_SEARCH_ONLY,second_S2D.mat,364,424,10,22918,424,0.9991042017936707,True
PUBLISHED_PRECOMPUTED_FEATURE_EVALUATION,FEATURE_SEARCH_ONLY,second_S2D.mat,365,426,1,23027,426,0.9991379380226135,True
PUBLISHED_PRECOMPUTED_FEATURE_EVALUATION,FEATURE_SEARCH_ONLY,second_S2D.mat,365,426,2,23045,426,0.9990790486335754,True
PUBLISHED_PRECOMPUTED_FEATURE_EVALUATION,FEATURE_SEARCH_ONLY,second_S2D.mat,365,426,3,23026,426,0.9989897012710571,True
PUBLISHED_PRECOMPUTED_FEATURE_EVALUATION,FEATURE_SEARCH_ONLY,second_S2D.mat,365,426,4,23044,426,0.9989583492279053,True
PUBLISHED_PRECOMPUTED_FEATURE_EVALUATION,FEATURE_SEARCH_ONLY,second_S2D.mat,365,426,5,23046,426,0.9989437460899353,True
PUBLISHED_PRECOMPUTED_FEATURE_EVALUATION,FEATURE_SEARCH_ONLY,second_S2D.mat,365,426,6,23008,426,0.9988751411437988,True
PUBLISHED_PRECOMPUTED_FEATURE_EVALUATION,FEATURE_SEARCH_ONLY,second_S2D.mat,365,426,7,23028,426,0.9988682270050049,True
PUBLISHED_PRECOMPUTED_FEATURE_EVALUATION,FEATURE_SEARCH_ONLY,second_S2D.mat,365,426,8,23009,426,0.9988551139831543,True
PUBLISHED_PRECOMPUTED_FEATURE_EVALUATION,FEATURE_SEARCH_ONLY,second_S2D.mat,365,426,9,23011,426,0.998836874961853,True
PUBLISHED_PRECOMPUTED_FEATURE_EVALUATION,FEATURE_SEARCH_ONLY,second_S2D.mat,365,426,10,23010,426,0.9988270998001099,True
PUBLISHED_PRECOMPUTED_FEATURE_EVALUATION,FEATURE_SEARCH_ONLY,second_S2D.mat,366,427,1,23082,427,0.999213457107544,True
PUBLISHED_PRECOMPUTED_FEATURE_EVALUATION,FEATURE_SEARCH_ONLY,second_S2D.mat,366,427,2,23081,427,0.9992087483406067,True
PUBLISHED_PRECOMPUTED_FEATURE_EVALUATION,FEATURE_SEARCH_ONLY,second_S2D.mat,366,427,3,23099,427,0.9991931915283203,True
PUBLISHED_PRECOMPUTED_FEATURE_EVALUATION,FEATURE_SEARCH_ONLY,second_S2D.mat,366,427,4,23091,427,0.9991850256919861,True
PUBLISHED_PRECOMPUTED_FEATURE_EVALUATION,FEATURE_SEARCH_ONLY,second_S2D.mat,366,427,5,23098,427,0.9991574287414551,True
PUBLISHED_PRECOMPUTED_FEATURE_EVALUATION,FEATURE_SEARCH_ONLY,second_S2D.mat,366,427,6,23097,427,0.999118447303772,True
PUBLISHED_PRECOMPUTED_FEATURE_EVALUATION,FEATURE_SEARCH_ONLY,second_S2D.mat,366,427,7,23090,427,0.999096155166626,True
PUBLISHED_PRECOMPUTED_FEATURE_EVALUATION,FEATURE_SEARCH_ONLY,second_S2D.mat,366,427,8,23064,427,0.999087929725647,True
PUBLISHED_PRECOMPUTED_FEATURE_EVALUATION,FEATURE_SEARCH_ONLY,second_S2D.mat,366,427,9,23089,427,0.9990849494934082,True
PUBLISHED_PRECOMPUTED_FEATURE_EVALUATION,FEATURE_SEARCH_ONLY,second_S2D.mat,366,427,10,23063,427,0.9990824460983276,True
PUBLISHED_PRECOMPUTED_FEATURE_EVALUATION,FEATURE_SEARCH_ONLY,second_S2D.mat,367,428,1,23141,428,0.9993051886558533,True
PUBLISHED_PRECOMPUTED_FEATURE_EVALUATION,FEATURE_SEARCH_ONLY,second_S2D.mat,367,428,2,23139,428,0.9992753267288208,True
PUBLISHED_PRECOMPUTED_FEATURE_EVALUATION,FEATURE_SEARCH_ONLY,second_S2D.mat,367,428,3,23120,428,0.9992575645446777,True
PUBLISHED_PRECOMPUTED_FEATURE_EVALUATION,FEATURE_SEARCH_ONLY,second_S2D.mat,367,428,4,23140,428,0.9992567300796509,True
PUBLISHED_PRECOMPUTED_FEATURE_EVALUATION,FEATURE_SEARCH_ONLY,second_S2D.mat,367,428,5,23123,428,0.9992274045944214,True
PUBLISHED_PRECOMPUTED_FEATURE_EVALUATION,FEATURE_SEARCH_ONLY,second_S2D.mat,367,428,6,23138,428,0.9992214441299438,True
PUBLISHED_PRECOMPUTED_FEATURE_EVALUATION,FEATURE_SEARCH_ONLY,second_S2D.mat,367,428,7,23159,428,0.9992208480834961,True
PUBLISHED_PRECOMPUTED_FEATURE_EVALUATION,FEATURE_SEARCH_ONLY,second_S2D.mat,367,428,8,23137,428,0.9992166757583618,True
PUBLISHED_PRECOMPUTED_FEATURE_EVALUATION,FEATURE_SEARCH_ONLY,second_S2D.mat,367,428,9,23157,428,0.9992153644561768,True
PUBLISHED_PRECOMPUTED_FEATURE_EVALUATION,FEATURE_SEARCH_ONLY,second_S2D.mat,367,428,10,23121,428,0.9992040991783142,True
PUBLISHED_PRECOMPUTED_FEATURE_EVALUATION,FEATURE_SEARCH_ONLY,second_S2D.mat,368,429,1,23175,429,0.9989751577377319,True
PUBLISHED_PRECOMPUTED_FEATURE_EVALUATION,FEATURE_SEARCH_ONLY,second_S2D.mat,368,429,2,23206,429,0.9989676475524902,True
PUBLISHED_PRECOMPUTED_FEATURE_EVALUATION,FEATURE_SEARCH_ONLY,second_S2D.mat,368,429,3,23201,429,0.99892657995224,True
PUBLISHED_PRECOMPUTED_FEATURE_EVALUATION,FEATURE_SEARCH_ONLY,second_S2D.mat,368,429,4,23207,429,0.99892657995224,True
PUBLISHED_PRECOMPUTED_FEATURE_EVALUATION,FEATURE_SEARCH_ONLY,second_S2D.mat,368,429,5,23197,429,0.9989229440689087,True
PUBLISHED_PRECOMPUTED_FEATURE_EVALUATION,FEATURE_SEARCH_ONLY,second_S2D.mat,368,429,6,23183,429,0.9989121556282043,True
PUBLISHED_PRECOMPUTED_FEATURE_EVALUATION,FEATURE_SEARCH_ONLY,second_S2D.mat,368,429,7,23192,429,0.9989070296287537,True
PUBLISHED_PRECOMPUTED_FEATURE_EVALUATION,FEATURE_SEARCH_ONLY,second_S2D.mat,368,429,8,23193,429,0.9989058971405029,True
PUBLISHED_PRECOMPUTED_FEATURE_EVALUATION,FEATURE_SEARCH_ONLY,second_S2D.mat,368,429,9,23184,429,0.9988555908203125,True
PUBLISHED_PRECOMPUTED_FEATURE_EVALUATION,FEATURE_SEARCH_ONLY,second_S2D.mat,368,429,10,23191,429,0.9988521933555603,True
PUBLISHED_PRECOMPUTED_FEATURE_EVALUATION,FEATURE_SEARCH_ONLY,second_S2D.mat,369,431,1,23288,431,0.9993840456008911,True
PUBLISHED_PRECOMPUTED_FEATURE_EVALUATION,FEATURE_SEARCH_ONLY,second_S2D.mat,369,431,2,23306,431,0.9993827939033508,True
PUBLISHED_PRECOMPUTED_FEATURE_EVALUATION,FEATURE_SEARCH_ONLY,second_S2D.mat,369,431,3,23299,431,0.9993550777435303,True
PUBLISHED_PRECOMPUTED_FEATURE_EVALUATION,FEATURE_SEARCH_ONLY,second_S2D.mat,369,431,4,23303,431,0.9993336796760559,True
PUBLISHED_PRECOMPUTED_FEATURE_EVALUATION,FEATURE_SEARCH_ONLY,second_S2D.mat,369,431,5,23300,431,0.9993282556533813,True
PUBLISHED_PRECOMPUTED_FEATURE_EVALUATION,FEATURE_SEARCH_ONLY,second_S2D.mat,369,431,6,23304,431,0.9993268847465515,True
PUBLISHED_PRECOMPUTED_FEATURE_EVALUATION,FEATURE_SEARCH_ONLY,second_S2D.mat,369,431,7,23301,431,0.9993128180503845,True
PUBLISHED_PRECOMPUTED_FEATURE_EVALUATION,FEATURE_SEARCH_ONLY,second_S2D.mat,369,431,8,23296,431,0.999309778213501,True
PUBLISHED_PRECOMPUTED_FEATURE_EVALUATION,FEATURE_SEARCH_ONLY,second_S2D.mat,369,431,9,23282,431,0.9993090629577637,True
PUBLISHED_PRECOMPUTED_FEATURE_EVALUATION,FEATURE_SEARCH_ONLY,second_S2D.mat,369,431,10,23302,431,0.9993079900741577,True
PUBLISHED_PRECOMPUTED_FEATURE_EVALUATION,FEATURE_SEARCH_ONLY,second_S2D.mat,370,432,1,23355,432,0.9988619089126587,True
PUBLISHED_PRECOMPUTED_FEATURE_EVALUATION,FEATURE_SEARCH_ONLY,second_S2D.mat,370,432,2,23356,432,0.998837947845459,True
PUBLISHED_PRECOMPUTED_FEATURE_EVALUATION,FEATURE_SEARCH_ONLY,second_S2D.mat,370,432,3,23370,432,0.9988312125205994,True
PUBLISHED_PRECOMPUTED_FEATURE_EVALUATION,FEATURE_SEARCH_ONLY,second_S2D.mat,370,432,4,23352,432,0.9987866282463074,True
PUBLISHED_PRECOMPUTED_FEATURE_EVALUATION,FEATURE_SEARCH_ONLY,second_S2D.mat,370,432,5,23350,432,0.9987857341766357,True
PUBLISHED_PRECOMPUTED_FEATURE_EVALUATION,FEATURE_SEARCH_ONLY,second_S2D.mat,370,432,6,23354,432,0.9987744688987732,True
PUBLISHED_PRECOMPUTED_FEATURE_EVALUATION,FEATURE_SEARCH_ONLY,second_S2D.mat,370,432,7,23373,432,0.9987688660621643,True
PUBLISHED_PRECOMPUTED_FEATURE_EVALUATION,FEATURE_SEARCH_ONLY,second_S2D.mat,370,432,8,23372,432,0.9987542629241943,True
PUBLISHED_PRECOMPUTED_FEATURE_EVALUATION,FEATURE_SEARCH_ONLY,second_S2D.mat,370,432,9,23337,432,0.9987504482269287,True
PUBLISHED_PRECOMPUTED_FEATURE_EVALUATION,FEATURE_SEARCH_ONLY,second_S2D.mat,370,432,10,23374,432,0.9987472295761108,True
PUBLISHED_PRECOMPUTED_FEATURE_EVALUATION,FEATURE_SEARCH_ONLY,second_S2D.mat,371,433,1,23424,433,0.9995192289352417,True
PUBLISHED_PRECOMPUTED_FEATURE_EVALUATION,FEATURE_SEARCH_ONLY,second_S2D.mat,371,433,2,23423,433,0.9994912147521973,True
PUBLISHED_PRECOMPUTED_FEATURE_EVALUATION,FEATURE_SEARCH_ONLY,second_S2D.mat,371,433,3,23417,433,0.9994300603866577,True
PUBLISHED_PRECOMPUTED_FEATURE_EVALUATION,FEATURE_SEARCH_ONLY,second_S2D.mat,371,433,4,23416,433,0.9994193911552429,True
PUBLISHED_PRECOMPUTED_FEATURE_EVALUATION,FEATURE_SEARCH_ONLY,second_S2D.mat,371,433,5,23425,433,0.9994171857833862,True
PUBLISHED_PRECOMPUTED_FEATURE_EVALUATION,FEATURE_SEARCH_ONLY,second_S2D.mat,371,433,6,23406,433,0.9993900060653687,True
PUBLISHED_PRECOMPUTED_FEATURE_EVALUATION,FEATURE_SEARCH_ONLY,second_S2D.mat,371,433,7,23405,433,0.999378502368927,True
PUBLISHED_PRECOMPUTED_FEATURE_EVALUATION,FEATURE_SEARCH_ONLY,second_S2D.mat,371,433,8,23408,433,0.9993731379508972,True
PUBLISHED_PRECOMPUTED_FEATURE_EVALUATION,FEATURE_SEARCH_ONLY,second_S2D.mat,371,433,9,23422,433,0.9993665218353271,True
PUBLISHED_PRECOMPUTED_FEATURE_EVALUATION,FEATURE_SEARCH_ONLY,second_S2D.mat,371,433,10,23415,433,0.9993429183959961,True
PUBLISHED_PRECOMPUTED_FEATURE_EVALUATION,FEATURE_SEARCH_ONLY,second_S2D.mat,372,434,1,23464,434,0.999254047870636,True
PUBLISHED_PRECOMPUTED_FEATURE_EVALUATION,FEATURE_SEARCH_ONLY,second_S2D.mat,372,434,2,23454,434,0.9992373585700989,True
PUBLISHED_PRECOMPUTED_FEATURE_EVALUATION,FEATURE_SEARCH_ONLY,second_S2D.mat,372,434,3,23482,434,0.9992181658744812,True
PUBLISHED_PRECOMPUTED_FEATURE_EVALUATION,FEATURE_SEARCH_ONLY,second_S2D.mat,372,434,4,23458,434,0.9992079138755798,True
PUBLISHED_PRECOMPUTED_FEATURE_EVALUATION,FEATURE_SEARCH_ONLY,second_S2D.mat,372,434,5,23486,434,0.9992011785507202,True
PUBLISHED_PRECOMPUTED_FEATURE_EVALUATION,FEATURE_SEARCH_ONLY,second_S2D.mat,372,434,6,23462,434,0.9991979002952576,True
PUBLISHED_PRECOMPUTED_FEATURE_EVALUATION,FEATURE_SEARCH_ONLY,second_S2D.mat,372,434,7,23460,434,0.9991960525512695,True
PUBLISHED_PRECOMPUTED_FEATURE_EVALUATION,FEATURE_SEARCH_ONLY,second_S2D.mat,372,434,8,23463,434,0.9991947412490845,True
PUBLISHED_PRECOMPUTED_FEATURE_EVALUATION,FEATURE_SEARCH_ONLY,second_S2D.mat,372,434,9,23481,434,0.9991818070411682,True
PUBLISHED_PRECOMPUTED_FEATURE_EVALUATION,FEATURE_SEARCH_ONLY,second_S2D.mat,372,434,10,23472,434,0.999177873134613,True
PUBLISHED_PRECOMPUTED_FEATURE_EVALUATION,FEATURE_SEARCH_ONLY,second_S2D.mat,373,435,1,23526,435,0.9991785287857056,True
PUBLISHED_PRECOMPUTED_FEATURE_EVALUATION,FEATURE_SEARCH_ONLY,second_S2D.mat,373,435,2,23533,435,0.9991388320922852,True
PUBLISHED_PRECOMPUTED_FEATURE_EVALUATION,FEATURE_SEARCH_ONLY,second_S2D.mat,373,435,3,23525,435,0.9991064667701721,True
PUBLISHED_PRECOMPUTED_FEATURE_EVALUATION,FEATURE_SEARCH_ONLY,second_S2D.mat,373,435,4,23534,435,0.9991014003753662,True
PUBLISHED_PRECOMPUTED_FEATURE_EVALUATION,FEATURE_SEARCH_ONLY,second_S2D.mat,373,435,5,23535,435,0.9990707635879517,True
PUBLISHED_PRECOMPUTED_FEATURE_EVALUATION,FEATURE_SEARCH_ONLY,second_S2D.mat,373,435,6,23513,435,0.9990695118904114,True
PUBLISHED_PRECOMPUTED_FEATURE_EVALUATION,FEATURE_SEARCH_ONLY,second_S2D.mat,373,435,7,23527,435,0.9990560412406921,True
PUBLISHED_PRECOMPUTED_FEATURE_EVALUATION,FEATURE_SEARCH_ONLY,second_S2D.mat,373,435,8,23508,435,0.9990306496620178,True
PUBLISHED_PRECOMPUTED_FEATURE_EVALUATION,FEATURE_SEARCH_ONLY,second_S2D.mat,373,435,9,23514,435,0.999025821685791,True
PUBLISHED_PRECOMPUTED_FEATURE_EVALUATION,FEATURE_SEARCH_ONLY,second_S2D.mat,373,435,10,23532,435,0.9990167617797852,True
PUBLISHED_PRECOMPUTED_FEATURE_EVALUATION,FEATURE_SEARCH_ONLY,second_S2D.mat,374,436,1,23566,436,0.9993126392364502,True
PUBLISHED_PRECOMPUTED_FEATURE_EVALUATION,FEATURE_SEARCH_ONLY,second_S2D.mat,374,436,2,23584,436,0.9992907047271729,True
PUBLISHED_PRECOMPUTED_FEATURE_EVALUATION,FEATURE_SEARCH_ONLY,second_S2D.mat,374,436,3,23583,436,0.9992904663085938,True
PUBLISHED_PRECOMPUTED_FEATURE_EVALUATION,FEATURE_SEARCH_ONLY,second_S2D.mat,374,436,4,23582,436,0.9992750883102417,True
PUBLISHED_PRECOMPUTED_FEATURE_EVALUATION,FEATURE_SEARCH_ONLY,second_S2D.mat,374,436,5,23565,436,0.99925696849823,True
PUBLISHED_PRECOMPUTED_FEATURE_EVALUATION,FEATURE_SEARCH_ONLY,second_S2D.mat,374,436,6,23567,436,0.9992459416389465,True
PUBLISHED_PRECOMPUTED_FEATURE_EVALUATION,FEATURE_SEARCH_ONLY,second_S2D.mat,374,436,7,23586,436,0.9992452263832092,True
PUBLISHED_PRECOMPUTED_FEATURE_EVALUATION,FEATURE_SEARCH_ONLY,second_S2D.mat,374,436,8,23573,436,0.9992422461509705,True
PUBLISHED_PRECOMPUTED_FEATURE_EVALUATION,FEATURE_SEARCH_ONLY,second_S2D.mat,374,436,9,23581,436,0.9992368221282959,True
PUBLISHED_PRECOMPUTED_FEATURE_EVALUATION,FEATURE_SEARCH_ONLY,second_S2D.mat,374,436,10,23574,436,0.9992243647575378,True
PUBLISHED_PRECOMPUTED_FEATURE_EVALUATION,FEATURE_SEARCH_ONLY,second_S2D.mat,375,437,1,23641,437,0.9992040991783142,True
PUBLISHED_PRECOMPUTED_FEATURE_EVALUATION,FEATURE_SEARCH_ONLY,second_S2D.mat,375,437,2,23640,437,0.9991853833198547,True
PUBLISHED_PRECOMPUTED_FEATURE_EVALUATION,FEATURE_SEARCH_ONLY,second_S2D.mat,375,437,3,23642,437,0.9991322159767151,True
PUBLISHED_PRECOMPUTED_FEATURE_EVALUATION,FEATURE_SEARCH_ONLY,second_S2D.mat,375,437,4,23647,437,0.9991177320480347,True
PUBLISHED_PRECOMPUTED_FEATURE_EVALUATION,FEATURE_SEARCH_ONLY,second_S2D.mat,375,437,5,23622,437,0.9991108179092407,True
PUBLISHED_PRECOMPUTED_FEATURE_EVALUATION,FEATURE_SEARCH_ONLY,second_S2D.mat,375,437,6,23625,437,0.9990999102592468,True
PUBLISHED_PRECOMPUTED_FEATURE_EVALUATION,FEATURE_SEARCH_ONLY,second_S2D.mat,375,437,7,23644,437,0.9990942478179932,True
PUBLISHED_PRECOMPUTED_FEATURE_EVALUATION,FEATURE_SEARCH_ONLY,second_S2D.mat,375,437,8,23643,437,0.9990911483764648,True
PUBLISHED_PRECOMPUTED_FEATURE_EVALUATION,FEATURE_SEARCH_ONLY,second_S2D.mat,375,437,9,23639,437,0.999087393283844,True
PUBLISHED_PRECOMPUTED_FEATURE_EVALUATION,FEATURE_SEARCH_ONLY,second_S2D.mat,375,437,10,23649,437,0.9990856647491455,True
PUBLISHED_PRECOMPUTED_FEATURE_EVALUATION,FEATURE_SEARCH_ONLY,second_S2D.mat,376,438,1,23674,438,0.9993160963058472,True
PUBLISHED_PRECOMPUTED_FEATURE_EVALUATION,FEATURE_SEARCH_ONLY,second_S2D.mat,376,438,2,23697,438,0.9992541074752808,True
PUBLISHED_PRECOMPUTED_FEATURE_EVALUATION,FEATURE_SEARCH_ONLY,second_S2D.mat,376,438,3,23684,438,0.9992450475692749,True
PUBLISHED_PRECOMPUTED_FEATURE_EVALUATION,FEATURE_SEARCH_ONLY,second_S2D.mat,376,438,4,23698,438,0.999239981174469,True
PUBLISHED_PRECOMPUTED_FEATURE_EVALUATION,FEATURE_SEARCH_ONLY,second_S2D.mat,376,438,5,23692,438,0.9992305040359497,True
PUBLISHED_PRECOMPUTED_FEATURE_EVALUATION,FEATURE_SEARCH_ONLY,second_S2D.mat,376,438,6,23696,438,0.9992277026176453,True
PUBLISHED_PRECOMPUTED_FEATURE_EVALUATION,FEATURE_SEARCH_ONLY,second_S2D.mat,376,438,7,23679,438,0.9992220401763916,True
PUBLISHED_PRECOMPUTED_FEATURE_EVALUATION,FEATURE_SEARCH_ONLY,second_S2D.mat,376,438,8,23695,438,0.9992218017578125,True
PUBLISHED_PRECOMPUTED_FEATURE_EVALUATION,FEATURE_SEARCH_ONLY,second_S2D.mat,376,438,9,23675,438,0.9992157220840454,True
PUBLISHED_PRECOMPUTED_FEATURE_EVALUATION,FEATURE_SEARCH_ONLY,second_S2D.mat,376,438,10,23676,438,0.999212384223938,True
PUBLISHED_PRECOMPUTED_FEATURE_EVALUATION,FEATURE_SEARCH_ONLY,second_S2D.mat,377,439,1,23742,439,0.9996047616004944,True
PUBLISHED_PRECOMPUTED_FEATURE_EVALUATION,FEATURE_SEARCH_ONLY,second_S2D.mat,377,439,2,23750,439,0.9995994567871094,True
PUBLISHED_PRECOMPUTED_FEATURE_EVALUATION,FEATURE_SEARCH_ONLY,second_S2D.mat,377,439,3,23743,439,0.9995825290679932,True
PUBLISHED_PRECOMPUTED_FEATURE_EVALUATION,FEATURE_SEARCH_ONLY,second_S2D.mat,377,439,4,23752,439,0.999566912651062,True
PUBLISHED_PRECOMPUTED_FEATURE_EVALUATION,FEATURE_SEARCH_ONLY,second_S2D.mat,377,439,5,23751,439,0.9995619058609009,True
PUBLISHED_PRECOMPUTED_FEATURE_EVALUATION,FEATURE_SEARCH_ONLY,second_S2D.mat,377,439,6,23733,439,0.9995498061180115,True
PUBLISHED_PRECOMPUTED_FEATURE_EVALUATION,FEATURE_SEARCH_ONLY,second_S2D.mat,377,439,7,23753,439,0.9995406270027161,True
PUBLISHED_PRECOMPUTED_FEATURE_EVALUATION,FEATURE_SEARCH_ONLY,second_S2D.mat,377,439,8,23724,439,0.9995362162590027,True
PUBLISHED_PRECOMPUTED_FEATURE_EVALUATION,FEATURE_SEARCH_ONLY,second_S2D.mat,377,439,9,23740,439,0.999530553817749,True
PUBLISHED_PRECOMPUTED_FEATURE_EVALUATION,FEATURE_SEARCH_ONLY,second_S2D.mat,377,439,10,23741,439,0.9995284676551819,True
PUBLISHED_PRECOMPUTED_FEATURE_EVALUATION,FEATURE_SEARCH_ONLY,second_S2D.mat,378,440,1,23793,440,0.9992465376853943,True
PUBLISHED_PRECOMPUTED_FEATURE_EVALUATION,FEATURE_SEARCH_ONLY,second_S2D.mat,378,440,2,23796,440,0.999215841293335,True
PUBLISHED_PRECOMPUTED_FEATURE_EVALUATION,FEATURE_SEARCH_ONLY,second_S2D.mat,378,440,3,23795,440,0.9991725087165833,True
PUBLISHED_PRECOMPUTED_FEATURE_EVALUATION,FEATURE_SEARCH_ONLY,second_S2D.mat,378,440,4,23797,440,0.9991681575775146,True
PUBLISHED_PRECOMPUTED_FEATURE_EVALUATION,FEATURE_SEARCH_ONLY,second_S2D.mat,378,440,5,23804,440,0.9991638660430908,True
PUBLISHED_PRECOMPUTED_FEATURE_EVALUATION,FEATURE_SEARCH_ONLY,second_S2D.mat,378,440,6,23794,440,0.999157190322876,True
PUBLISHED_PRECOMPUTED_FEATURE_EVALUATION,FEATURE_SEARCH_ONLY,second_S2D.mat,378,440,7,23786,440,0.9991360902786255,True
PUBLISHED_PRECOMPUTED_FEATURE_EVALUATION,FEATURE_SEARCH_ONLY,second_S2D.mat,378,440,8,23777,440,0.999130368232727,True
PUBLISHED_PRECOMPUTED_FEATURE_EVALUATION,FEATURE_SEARCH_ONLY,second_S2D.mat,378,440,9,23779,440,0.9991149306297302,True
PUBLISHED_PRECOMPUTED_FEATURE_EVALUATION,FEATURE_SEARCH_ONLY,second_S2D.mat,378,440,10,23789,440,0.9990841150283813,True
PUBLISHED_PRECOMPUTED_FEATURE_EVALUATION,FEATURE_SEARCH_ONLY,second_S2D.mat,379,441,1,23833,441,0.9992424249649048,True
PUBLISHED_PRECOMPUTED_FEATURE_EVALUATION,FEATURE_SEARCH_ONLY,second_S2D.mat,379,441,2,23831,441,0.9992390871047974,True
PUBLISHED_PRECOMPUTED_FEATURE_EVALUATION,FEATURE_SEARCH_ONLY,second_S2D.mat,379,441,3,23832,441,0.999215841293335,True
PUBLISHED_PRECOMPUTED_FEATURE_EVALUATION,FEATURE_SEARCH_ONLY,second_S2D.mat,379,441,4,23854,441,0.9992055892944336,True
PUBLISHED_PRECOMPUTED_FEATURE_EVALUATION,FEATURE_SEARCH_ONLY,second_S2D.mat,379,441,5,23855,441,0.999190628528595,True
PUBLISHED_PRECOMPUTED_FEATURE_EVALUATION,FEATURE_SEARCH_ONLY,second_S2D.mat,379,441,6,23849,441,0.9991856217384338,True
PUBLISHED_PRECOMPUTED_FEATURE_EVALUATION,FEATURE_SEARCH_ONLY,second_S2D.mat,379,441,7,23837,441,0.9991762638092041,True
PUBLISHED_PRECOMPUTED_FEATURE_EVALUATION,FEATURE_SEARCH_ONLY,second_S2D.mat,379,441,8,23834,441,0.9991760849952698,True
PUBLISHED_PRECOMPUTED_FEATURE_EVALUATION,FEATURE_SEARCH_ONLY,second_S2D.mat,379,441,9,23857,441,0.999136745929718,True
PUBLISHED_PRECOMPUTED_FEATURE_EVALUATION,FEATURE_SEARCH_ONLY,second_S2D.mat,379,441,10,23844,441,0.9991323351860046,True
PUBLISHED_PRECOMPUTED_FEATURE_EVALUATION,FEATURE_SEARCH_ONLY,second_S2D.mat,380,442,1,23912,442,0.9994107484817505,True
PUBLISHED_PRECOMPUTED_FEATURE_EVALUATION,FEATURE_SEARCH_ONLY,second_S2D.mat,380,442,2,23916,442,0.9993935227394104,True
PUBLISHED_PRECOMPUTED_FEATURE_EVALUATION,FEATURE_SEARCH_ONLY,second_S2D.mat,380,442,3,23913,442,0.9993907809257507,True
PUBLISHED_PRECOMPUTED_FEATURE_EVALUATION,FEATURE_SEARCH_ONLY,second_S2D.mat,380,442,4,23894,442,0.999384880065918,True
PUBLISHED_PRECOMPUTED_FEATURE_EVALUATION,FEATURE_SEARCH_ONLY,second_S2D.mat,380,442,5,23915,442,0.9993714094161987,True
PUBLISHED_PRECOMPUTED_FEATURE_EVALUATION,FEATURE_SEARCH_ONLY,second_S2D.mat,380,442,6,23914,442,0.9993700385093689,True
PUBLISHED_PRECOMPUTED_FEATURE_EVALUATION,FEATURE_SEARCH_ONLY,second_S2D.mat,380,442,7,23893,442,0.9993472695350647,True
PUBLISHED_PRECOMPUTED_FEATURE_EVALUATION,FEATURE_SEARCH_ONLY,second_S2D.mat,380,442,8,23911,442,0.999343991279602,True
PUBLISHED_PRECOMPUTED_FEATURE_EVALUATION,FEATURE_SEARCH_ONLY,second_S2D.mat,380,442,9,23895,442,0.9993430376052856,True
PUBLISHED_PRECOMPUTED_FEATURE_EVALUATION,FEATURE_SEARCH_ONLY,second_S2D.mat,380,442,10,23898,442,0.9993317723274231,True
PUBLISHED_PRECOMPUTED_FEATURE_EVALUATION,FEATURE_SEARCH_ONLY,second_S2D.mat,381,443,1,23956,443,0.9989331960678101,True
PUBLISHED_PRECOMPUTED_FEATURE_EVALUATION,FEATURE_SEARCH_ONLY,second_S2D.mat,381,443,2,23939,443,0.9989008903503418,True
PUBLISHED_PRECOMPUTED_FEATURE_EVALUATION,FEATURE_SEARCH_ONLY,second_S2D.mat,381,443,3,23937,443,0.9988657236099243,True
PUBLISHED_PRECOMPUTED_FEATURE_EVALUATION,FEATURE_SEARCH_ONLY,second_S2D.mat,381,443,4,23936,443,0.9988244771957397,True
PUBLISHED_PRECOMPUTED_FEATURE_EVALUATION,FEATURE_SEARCH_ONLY,second_S2D.mat,381,443,5,23938,443,0.9988096952438354,True
PUBLISHED_PRECOMPUTED_FEATURE_EVALUATION,FEATURE_SEARCH_ONLY,second_S2D.mat,381,443,6,23944,443,0.998792290687561,True
PUBLISHED_PRECOMPUTED_FEATURE_EVALUATION,FEATURE_SEARCH_ONLY,second_S2D.mat,381,443,7,23957,443,0.9987902641296387,True
PUBLISHED_PRECOMPUTED_FEATURE_EVALUATION,FEATURE_SEARCH_ONLY,second_S2D.mat,381,443,8,23962,443,0.9987856149673462,True
PUBLISHED_PRECOMPUTED_FEATURE_EVALUATION,FEATURE_SEARCH_ONLY,second_S2D.mat,381,443,9,23954,443,0.9987781047821045,True
PUBLISHED_PRECOMPUTED_FEATURE_EVALUATION,FEATURE_SEARCH_ONLY,second_S2D.mat,381,443,10,23935,443,0.9987732768058777,True
PUBLISHED_PRECOMPUTED_FEATURE_EVALUATION,FEATURE_SEARCH_ONLY,second_S2D.mat,382,444,1,23999,444,0.9991487264633179,True
PUBLISHED_PRECOMPUTED_FEATURE_EVALUATION,FEATURE_SEARCH_ONLY,second_S2D.mat,382,444,2,23981,444,0.9990984201431274,True
PUBLISHED_PRECOMPUTED_FEATURE_EVALUATION,FEATURE_SEARCH_ONLY,second_S2D.mat,382,444,3,23998,444,0.9990885257720947,True
PUBLISHED_PRECOMPUTED_FEATURE_EVALUATION,FEATURE_SEARCH_ONLY,second_S2D.mat,382,444,4,24017,444,0.9990872144699097,True
PUBLISHED_PRECOMPUTED_FEATURE_EVALUATION,FEATURE_SEARCH_ONLY,second_S2D.mat,382,444,5,24000,444,0.9990520477294922,True
PUBLISHED_PRECOMPUTED_FEATURE_EVALUATION,FEATURE_SEARCH_ONLY,second_S2D.mat,382,444,6,24003,444,0.999039888381958,True
PUBLISHED_PRECOMPUTED_FEATURE_EVALUATION,FEATURE_SEARCH_ONLY,second_S2D.mat,382,444,7,23980,444,0.9990341663360596,True
PUBLISHED_PRECOMPUTED_FEATURE_EVALUATION,FEATURE_SEARCH_ONLY,second_S2D.mat,382,444,8,23982,444,0.9990333914756775,True
PUBLISHED_PRECOMPUTED_FEATURE_EVALUATION,FEATURE_SEARCH_ONLY,second_S2D.mat,382,444,9,24001,444,0.9990323781967163,True
PUBLISHED_PRECOMPUTED_FEATURE_EVALUATION,FEATURE_SEARCH_ONLY,second_S2D.mat,382,444,10,24016,444,0.999017596244812,True
PUBLISHED_PRECOMPUTED_FEATURE_EVALUATION,FEATURE_SEARCH_ONLY,second_S2D.mat,383,445,1,24067,445,0.9994918704032898,True
PUBLISHED_PRECOMPUTED_FEATURE_EVALUATION,FEATURE_SEARCH_ONLY,second_S2D.mat,383,445,2,24068,445,0.9994423985481262,True
PUBLISHED_PRECOMPUTED_FEATURE_EVALUATION,FEATURE_SEARCH_ONLY,second_S2D.mat,383,445,3,24066,445,0.9994252920150757,True
PUBLISHED_PRECOMPUTED_FEATURE_EVALUATION,FEATURE_SEARCH_ONLY,second_S2D.mat,383,445,4,24074,445,0.9994217753410339,True
PUBLISHED_PRECOMPUTED_FEATURE_EVALUATION,FEATURE_SEARCH_ONLY,second_S2D.mat,383,445,5,24064,445,0.9994166493415833,True
PUBLISHED_PRECOMPUTED_FEATURE_EVALUATION,FEATURE_SEARCH_ONLY,second_S2D.mat,383,445,6,24062,445,0.9993972778320312,True
PUBLISHED_PRECOMPUTED_FEATURE_EVALUATION,FEATURE_SEARCH_ONLY,second_S2D.mat,383,445,7,24069,445,0.9993962049484253,True
PUBLISHED_PRECOMPUTED_FEATURE_EVALUATION,FEATURE_SEARCH_ONLY,second_S2D.mat,383,445,8,24060,445,0.9993919134140015,True
PUBLISHED_PRECOMPUTED_FEATURE_EVALUATION,FEATURE_SEARCH_ONLY,second_S2D.mat,383,445,9,24080,445,0.9993699193000793,True
PUBLISHED_PRECOMPUTED_FEATURE_EVALUATION,FEATURE_SEARCH_ONLY,second_S2D.mat,383,445,10,24071,445,0.9993651509284973,True
PUBLISHED_PRECOMPUTED_FEATURE_EVALUATION,FEATURE_SEARCH_ONLY,second_S2D.mat,384,446,1,24127,446,0.9991699457168579,True
PUBLISHED_PRECOMPUTED_FEATURE_EVALUATION,FEATURE_SEARCH_ONLY,second_S2D.mat,384,446,2,24128,446,0.9991475939750671,True
PUBLISHED_PRECOMPUTED_FEATURE_EVALUATION,FEATURE_SEARCH_ONLY,second_S2D.mat,384,446,3,24126,446,0.9990509152412415,True
PUBLISHED_PRECOMPUTED_FEATURE_EVALUATION,FEATURE_SEARCH_ONLY,second_S2D.mat,384,446,4,24109,446,0.9990434646606445,True
PUBLISHED_PRECOMPUTED_FEATURE_EVALUATION,FEATURE_SEARCH_ONLY,second_S2D.mat,384,446,5,24131,446,0.9990329742431641,True
PUBLISHED_PRECOMPUTED_FEATURE_EVALUATION,FEATURE_SEARCH_ONLY,second_S2D.mat,384,446,6,24129,446,0.9990130662918091,True
PUBLISHED_PRECOMPUTED_FEATURE_EVALUATION,FEATURE_SEARCH_ONLY,second_S2D.mat,384,446,7,24110,446,0.9989911913871765,True
PUBLISHED_PRECOMPUTED_FEATURE_EVALUATION,FEATURE_SEARCH_ONLY,second_S2D.mat,384,446,8,24111,446,0.998956561088562,True
PUBLISHED_PRECOMPUTED_FEATURE_EVALUATION,FEATURE_SEARCH_ONLY,second_S2D.mat,384,446,9,24113,446,0.9989335536956787,True
PUBLISHED_PRECOMPUTED_FEATURE_EVALUATION,FEATURE_SEARCH_ONLY,second_S2D.mat,384,446,10,24130,446,0.9989058375358582,True
PUBLISHED_PRECOMPUTED_FEATURE_EVALUATION,FEATURE_SEARCH_ONLY,second_S2D.mat,385,447,1,24189,447,0.9987195730209351,True
PUBLISHED_PRECOMPUTED_FEATURE_EVALUATION,FEATURE_SEARCH_ONLY,second_S2D.mat,385,447,2,24174,447,0.9986797571182251,True
PUBLISHED_PRECOMPUTED_FEATURE_EVALUATION,FEATURE_SEARCH_ONLY,second_S2D.mat,385,447,3,24171,447,0.9986767768859863,True
PUBLISHED_PRECOMPUTED_FEATURE_EVALUATION,FEATURE_SEARCH_ONLY,second_S2D.mat,385,447,4,24188,447,0.9986324906349182,True
PUBLISHED_PRECOMPUTED_FEATURE_EVALUATION,FEATURE_SEARCH_ONLY,second_S2D.mat,385,447,5,24190,447,0.9986183047294617,True
PUBLISHED_PRECOMPUTED_FEATURE_EVALUATION,FEATURE_SEARCH_ONLY,second_S2D.mat,385,447,6,24178,447,0.9985866546630859,True
PUBLISHED_PRECOMPUTED_FEATURE_EVALUATION,FEATURE_SEARCH_ONLY,second_S2D.mat,385,447,7,24173,447,0.9985796809196472,True
PUBLISHED_PRECOMPUTED_FEATURE_EVALUATION,FEATURE_SEARCH_ONLY,second_S2D.mat,385,447,8,24187,447,0.9985612630844116,True
PUBLISHED_PRECOMPUTED_FEATURE_EVALUATION,FEATURE_SEARCH_ONLY,second_S2D.mat,385,447,9,24165,447,0.9985517263412476,True
PUBLISHED_PRECOMPUTED_FEATURE_EVALUATION,FEATURE_SEARCH_ONLY,second_S2D.mat,385,447,10,24172,447,0.9985460042953491,True
PUBLISHED_PRECOMPUTED_FEATURE_EVALUATION,FEATURE_SEARCH_ONLY,second_S2D.mat,386,448,1,24231,448,0.9986779689788818,True
PUBLISHED_PRECOMPUTED_FEATURE_EVALUATION,FEATURE_SEARCH_ONLY,second_S2D.mat,386,448,2,24230,448,0.9986597895622253,True
PUBLISHED_PRECOMPUTED_FEATURE_EVALUATION,FEATURE_SEARCH_ONLY,second_S2D.mat,386,448,3,24229,448,0.9986426830291748,True
PUBLISHED_PRECOMPUTED_FEATURE_EVALUATION,FEATURE_SEARCH_ONLY,second_S2D.mat,386,448,4,26925,498,0.9986423850059509,False
PUBLISHED_PRECOMPUTED_FEATURE_EVALUATION,FEATURE_SEARCH_ONLY,second_S2D.mat,386,448,5,24228,448,0.9986268281936646,True
PUBLISHED_PRECOMPUTED_FEATURE_EVALUATION,FEATURE_SEARCH_ONLY,second_S2D.mat,386,448,6,26913,498,0.9986155033111572,False
PUBLISHED_PRECOMPUTED_FEATURE_EVALUATION,FEATURE_SEARCH_ONLY,second_S2D.mat,386,448,7,24210,448,0.998611569404602,True
PUBLISHED_PRECOMPUTED_FEATURE_EVALUATION,FEATURE_SEARCH_ONLY,second_S2D.mat,386,448,8,26931,498,0.9986063838005066,False
PUBLISHED_PRECOMPUTED_FEATURE_EVALUATION,FEATURE_SEARCH_ONLY,second_S2D.mat,386,448,9,26924,498,0.9985886812210083,False
PUBLISHED_PRECOMPUTED_FEATURE_EVALUATION,FEATURE_SEARCH_ONLY,second_S2D.mat,386,448,10,24220,448,0.9985867738723755,True
PUBLISHED_PRECOMPUTED_FEATURE_EVALUATION,FEATURE_SEARCH_ONLY,second_S2D.mat,387,449,1,24289,449,0.9995504021644592,True
PUBLISHED_PRECOMPUTED_FEATURE_EVALUATION,FEATURE_SEARCH_ONLY,second_S2D.mat,387,449,2,24290,449,0.9995035529136658,True
PUBLISHED_PRECOMPUTED_FEATURE_EVALUATION,FEATURE_SEARCH_ONLY,second_S2D.mat,387,449,3,24288,449,0.9994708895683289,True
PUBLISHED_PRECOMPUTED_FEATURE_EVALUATION,FEATURE_SEARCH_ONLY,second_S2D.mat,387,449,4,24271,449,0.9994539618492126,True
PUBLISHED_PRECOMPUTED_FEATURE_EVALUATION,FEATURE_SEARCH_ONLY,second_S2D.mat,387,449,5,24272,449,0.9994384050369263,True
PUBLISHED_PRECOMPUTED_FEATURE_EVALUATION,FEATURE_SEARCH_ONLY,second_S2D.mat,387,449,6,24270,449,0.9994373321533203,True
PUBLISHED_PRECOMPUTED_FEATURE_EVALUATION,FEATURE_SEARCH_ONLY,second_S2D.mat,387,449,7,24273,449,0.999401330947876,True
PUBLISHED_PRECOMPUTED_FEATURE_EVALUATION,FEATURE_SEARCH_ONLY,second_S2D.mat,387,449,8,24269,449,0.9993847012519836,True
PUBLISHED_PRECOMPUTED_FEATURE_EVALUATION,FEATURE_SEARCH_ONLY,second_S2D.mat,387,449,9,24253,449,0.999383807182312,True
PUBLISHED_PRECOMPUTED_FEATURE_EVALUATION,FEATURE_SEARCH_ONLY,second_S2D.mat,387,449,10,24268,449,0.9993785619735718,True
PUBLISHED_PRECOMPUTED_FEATURE_EVALUATION,FEATURE_SEARCH_ONLY,second_S2D.mat,388,450,1,24330,450,0.9992656707763672,True
PUBLISHED_PRECOMPUTED_FEATURE_EVALUATION,FEATURE_SEARCH_ONLY,second_S2D.mat,388,450,2,24331,450,0.999253511428833,True
PUBLISHED_PRECOMPUTED_FEATURE_EVALUATION,FEATURE_SEARCH_ONLY,second_S2D.mat,388,450,3,24321,450,0.9991710186004639,True
PUBLISHED_PRECOMPUTED_FEATURE_EVALUATION,FEATURE_SEARCH_ONLY,second_S2D.mat,388,450,4,24313,450,0.9991693496704102,True
PUBLISHED_PRECOMPUTED_FEATURE_EVALUATION,FEATURE_SEARCH_ONLY,second_S2D.mat,388,450,5,24312,450,0.9991610646247864,True
PUBLISHED_PRECOMPUTED_FEATURE_EVALUATION,FEATURE_SEARCH_ONLY,second_S2D.mat,388,450,6,24329,450,0.9991580247879028,True
PUBLISHED_PRECOMPUTED_FEATURE_EVALUATION,FEATURE_SEARCH_ONLY,second_S2D.mat,388,450,7,24323,450,0.9991554021835327,True
PUBLISHED_PRECOMPUTED_FEATURE_EVALUATION,FEATURE_SEARCH_ONLY,second_S2D.mat,388,450,8,24348,450,0.9991377592086792,True
PUBLISHED_PRECOMPUTED_FEATURE_EVALUATION,FEATURE_SEARCH_ONLY,second_S2D.mat,388,450,9,24349,450,0.9991276860237122,True
PUBLISHED_PRECOMPUTED_FEATURE_EVALUATION,FEATURE_SEARCH_ONLY,second_S2D.mat,388,450,10,24332,450,0.9991220831871033,True
PUBLISHED_PRECOMPUTED_FEATURE_EVALUATION,FEATURE_SEARCH_ONLY,second_S2D.mat,389,451,1,24395,451,0.9991472363471985,True
PUBLISHED_PRECOMPUTED_FEATURE_EVALUATION,FEATURE_SEARCH_ONLY,second_S2D.mat,389,451,2,24386,451,0.9990684986114502,True
PUBLISHED_PRECOMPUTED_FEATURE_EVALUATION,FEATURE_SEARCH_ONLY,second_S2D.mat,389,451,3,24396,451,0.9990442395210266,True
PUBLISHED_PRECOMPUTED_FEATURE_EVALUATION,FEATURE_SEARCH_ONLY,second_S2D.mat,389,451,4,24377,451,0.999038577079773,True
PUBLISHED_PRECOMPUTED_FEATURE_EVALUATION,FEATURE_SEARCH_ONLY,second_S2D.mat,389,451,5,24385,451,0.9990289807319641,True
PUBLISHED_PRECOMPUTED_FEATURE_EVALUATION,FEATURE_SEARCH_ONLY,second_S2D.mat,389,451,6,24378,451,0.9990282654762268,True
PUBLISHED_PRECOMPUTED_FEATURE_EVALUATION,FEATURE_SEARCH_ONLY,second_S2D.mat,389,451,7,24387,451,0.9990255832672119,True
PUBLISHED_PRECOMPUTED_FEATURE_EVALUATION,FEATURE_SEARCH_ONLY,second_S2D.mat,389,451,8,24376,451,0.9990206360816956,True
PUBLISHED_PRECOMPUTED_FEATURE_EVALUATION,FEATURE_SEARCH_ONLY,second_S2D.mat,389,451,9,24394,451,0.9990063905715942,True
PUBLISHED_PRECOMPUTED_FEATURE_EVALUATION,FEATURE_SEARCH_ONLY,second_S2D.mat,389,451,10,24384,451,0.9990019202232361,True
PUBLISHED_PRECOMPUTED_FEATURE_EVALUATION,FEATURE_SEARCH_ONLY,second_S2D.mat,390,452,1,24437,452,0.999456524848938,True
PUBLISHED_PRECOMPUTED_FEATURE_EVALUATION,FEATURE_SEARCH_ONLY,second_S2D.mat,390,452,2,24438,452,0.99943608045578,True
PUBLISHED_PRECOMPUTED_FEATURE_EVALUATION,FEATURE_SEARCH_ONLY,second_S2D.mat,390,452,3,24440,452,0.9994341135025024,True
PUBLISHED_PRECOMPUTED_FEATURE_EVALUATION,FEATURE_SEARCH_ONLY,second_S2D.mat,390,452,4,24439,452,0.9994312524795532,True
PUBLISHED_PRECOMPUTED_FEATURE_EVALUATION,FEATURE_SEARCH_ONLY,second_S2D.mat,390,452,5,24447,452,0.9994285106658936,True
PUBLISHED_PRECOMPUTED_FEATURE_EVALUATION,FEATURE_SEARCH_ONLY,second_S2D.mat,390,452,6,24429,452,0.9994190335273743,True
PUBLISHED_PRECOMPUTED_FEATURE_EVALUATION,FEATURE_SEARCH_ONLY,second_S2D.mat,390,452,7,24434,452,0.99941486120224,True
PUBLISHED_PRECOMPUTED_FEATURE_EVALUATION,FEATURE_SEARCH_ONLY,second_S2D.mat,390,452,8,24441,452,0.9994112849235535,True
PUBLISHED_PRECOMPUTED_FEATURE_EVALUATION,FEATURE_SEARCH_ONLY,second_S2D.mat,390,452,9,24448,452,0.9994054436683655,True
PUBLISHED_PRECOMPUTED_FEATURE_EVALUATION,FEATURE_SEARCH_ONLY,second_S2D.mat,390,452,10,24446,452,0.9994053244590759,True
PUBLISHED_PRECOMPUTED_FEATURE_EVALUATION,FEATURE_SEARCH_ONLY,second_S2D.mat,391,453,1,24480,453,0.9985002279281616,True
PUBLISHED_PRECOMPUTED_FEATURE_EVALUATION,FEATURE_SEARCH_ONLY,second_S2D.mat,391,453,2,24479,453,0.9984526634216309,True
PUBLISHED_PRECOMPUTED_FEATURE_EVALUATION,FEATURE_SEARCH_ONLY,second_S2D.mat,391,453,3,24463,453,0.9984445571899414,True
PUBLISHED_PRECOMPUTED_FEATURE_EVALUATION,FEATURE_SEARCH_ONLY,second_S2D.mat,391,453,4,24462,453,0.9984434843063354,True
PUBLISHED_PRECOMPUTED_FEATURE_EVALUATION,FEATURE_SEARCH_ONLY,second_S2D.mat,391,453,5,24478,453,0.9984312057495117,True
PUBLISHED_PRECOMPUTED_FEATURE_EVALUATION,FEATURE_SEARCH_ONLY,second_S2D.mat,391,453,6,35424,656,0.9984117746353149,False
PUBLISHED_PRECOMPUTED_FEATURE_EVALUATION,FEATURE_SEARCH_ONLY,second_S2D.mat,391,453,7,24496,453,0.9984085559844971,True
PUBLISHED_PRECOMPUTED_FEATURE_EVALUATION,FEATURE_SEARCH_ONLY,second_S2D.mat,391,453,8,24467,453,0.9983814358711243,True
PUBLISHED_PRECOMPUTED_FEATURE_EVALUATION,FEATURE_SEARCH_ONLY,second_S2D.mat,391,453,9,35443,656,0.9983652234077454,False
PUBLISHED_PRECOMPUTED_FEATURE_EVALUATION,FEATURE_SEARCH_ONLY,second_S2D.mat,391,453,10,24481,453,0.9983640313148499,True
PUBLISHED_PRECOMPUTED_FEATURE_EVALUATION,FEATURE_SEARCH_ONLY,second_S2D.mat,392,454,1,24540,454,0.9994214773178101,True
PUBLISHED_PRECOMPUTED_FEATURE_EVALUATION,FEATURE_SEARCH_ONLY,second_S2D.mat,392,454,2,24538,454,0.999411940574646,True
PUBLISHED_PRECOMPUTED_FEATURE_EVALUATION,FEATURE_SEARCH_ONLY,second_S2D.mat,392,454,3,24560,454,0.9994075894355774,True
PUBLISHED_PRECOMPUTED_FEATURE_EVALUATION,FEATURE_SEARCH_ONLY,second_S2D.mat,392,454,4,24542,454,0.9994055032730103,True
PUBLISHED_PRECOMPUTED_FEATURE_EVALUATION,FEATURE_SEARCH_ONLY,second_S2D.mat,392,454,5,24539,454,0.9994033575057983,True
PUBLISHED_PRECOMPUTED_FEATURE_EVALUATION,FEATURE_SEARCH_ONLY,second_S2D.mat,392,454,6,24541,454,0.9994009733200073,True
PUBLISHED_PRECOMPUTED_FEATURE_EVALUATION,FEATURE_SEARCH_ONLY,second_S2D.mat,392,454,7,24557,454,0.9993798732757568,True
PUBLISHED_PRECOMPUTED_FEATURE_EVALUATION,FEATURE_SEARCH_ONLY,second_S2D.mat,392,454,8,24556,454,0.9993720650672913,True
PUBLISHED_PRECOMPUTED_FEATURE_EVALUATION,FEATURE_SEARCH_ONLY,second_S2D.mat,392,454,9,24558,454,0.9993664026260376,True
PUBLISHED_PRECOMPUTED_FEATURE_EVALUATION,FEATURE_SEARCH_ONLY,second_S2D.mat,392,454,10,24559,454,0.9993643164634705,True
PUBLISHED_PRECOMPUTED_FEATURE_EVALUATION,FEATURE_SEARCH_ONLY,second_S2D.mat,393,455,1,24590,455,0.998719334602356,True
PUBLISHED_PRECOMPUTED_FEATURE_EVALUATION,FEATURE_SEARCH_ONLY,second_S2D.mat,393,455,2,24591,455,0.9986944198608398,True
PUBLISHED_PRECOMPUTED_FEATURE_EVALUATION,FEATURE_SEARCH_ONLY,second_S2D.mat,393,455,3,24609,455,0.9986790418624878,True
PUBLISHED_PRECOMPUTED_FEATURE_EVALUATION,FEATURE_SEARCH_ONLY,second_S2D.mat,393,455,4,24600,455,0.9986639022827148,True
PUBLISHED_PRECOMPUTED_FEATURE_EVALUATION,FEATURE_SEARCH_ONLY,second_S2D.mat,393,455,5,24608,455,0.9986582398414612,True
PUBLISHED_PRECOMPUTED_FEATURE_EVALUATION,FEATURE_SEARCH_ONLY,second_S2D.mat,393,455,6,24572,455,0.9986492991447449,True
PUBLISHED_PRECOMPUTED_FEATURE_EVALUATION,FEATURE_SEARCH_ONLY,second_S2D.mat,393,455,7,24589,455,0.9986273646354675,True
PUBLISHED_PRECOMPUTED_FEATURE_EVALUATION,FEATURE_SEARCH_ONLY,second_S2D.mat,393,455,8,24588,455,0.9986182451248169,True
PUBLISHED_PRECOMPUTED_FEATURE_EVALUATION,FEATURE_SEARCH_ONLY,second_S2D.mat,393,455,9,24596,455,0.9986118674278259,True
PUBLISHED_PRECOMPUTED_FEATURE_EVALUATION,FEATURE_SEARCH_ONLY,second_S2D.mat,393,455,10,24578,455,0.9986050724983215,True
PUBLISHED_PRECOMPUTED_FEATURE_EVALUATION,FEATURE_SEARCH_ONLY,second_S2D.mat,394,457,1,24707,457,0.9992320537567139,True
PUBLISHED_PRECOMPUTED_FEATURE_EVALUATION,FEATURE_SEARCH_ONLY,second_S2D.mat,394,457,2,24689,457,0.9991840124130249,True
PUBLISHED_PRECOMPUTED_FEATURE_EVALUATION,FEATURE_SEARCH_ONLY,second_S2D.mat,394,457,3,24696,457,0.9991613626480103,True
PUBLISHED_PRECOMPUTED_FEATURE_EVALUATION,FEATURE_SEARCH_ONLY,second_S2D.mat,394,457,4,24702,457,0.9991515874862671,True
PUBLISHED_PRECOMPUTED_FEATURE_EVALUATION,FEATURE_SEARCH_ONLY,second_S2D.mat,394,457,5,24680,457,0.9991456270217896,True
PUBLISHED_PRECOMPUTED_FEATURE_EVALUATION,FEATURE_SEARCH_ONLY,second_S2D.mat,394,457,6,24713,457,0.9991434812545776,True
PUBLISHED_PRECOMPUTED_FEATURE_EVALUATION,FEATURE_SEARCH_ONLY,second_S2D.mat,394,457,7,24717,457,0.9991430640220642,True
PUBLISHED_PRECOMPUTED_FEATURE_EVALUATION,FEATURE_SEARCH_ONLY,second_S2D.mat,394,457,8,24699,457,0.9991427063941956,True
PUBLISHED_PRECOMPUTED_FEATURE_EVALUATION,FEATURE_SEARCH_ONLY,second_S2D.mat,394,457,9,24679,457,0.9991363883018494,True
PUBLISHED_PRECOMPUTED_FEATURE_EVALUATION,FEATURE_SEARCH_ONLY,second_S2D.mat,394,457,10,24716,457,0.9991351366043091,True
PUBLISHED_PRECOMPUTED_FEATURE_EVALUATION,FEATURE_SEARCH_ONLY,second_S2D.mat,395,458,1,24768,458,0.9990484714508057,True
PUBLISHED_PRECOMPUTED_FEATURE_EVALUATION,FEATURE_SEARCH_ONLY,second_S2D.mat,395,458,2,24769,458,0.9989882707595825,True
PUBLISHED_PRECOMPUTED_FEATURE_EVALUATION,FEATURE_SEARCH_ONLY,second_S2D.mat,395,458,3,24758,458,0.9989688396453857,True
PUBLISHED_PRECOMPUTED_FEATURE_EVALUATION,FEATURE_SEARCH_ONLY,second_S2D.mat,395,458,4,24740,458,0.9989439249038696,True
PUBLISHED_PRECOMPUTED_FEATURE_EVALUATION,FEATURE_SEARCH_ONLY,second_S2D.mat,395,458,5,24750,458,0.998940646648407,True
PUBLISHED_PRECOMPUTED_FEATURE_EVALUATION,FEATURE_SEARCH_ONLY,second_S2D.mat,395,458,6,24767,458,0.9989386796951294,True
PUBLISHED_PRECOMPUTED_FEATURE_EVALUATION,FEATURE_SEARCH_ONLY,second_S2D.mat,395,458,7,24759,458,0.9989297389984131,True
PUBLISHED_PRECOMPUTED_FEATURE_EVALUATION,FEATURE_SEARCH_ONLY,second_S2D.mat,395,458,8,24751,458,0.998923659324646,True
PUBLISHED_PRECOMPUTED_FEATURE_EVALUATION,FEATURE_SEARCH_ONLY,second_S2D.mat,395,458,9,24757,458,0.9988750219345093,True
PUBLISHED_PRECOMPUTED_FEATURE_EVALUATION,FEATURE_SEARCH_ONLY,second_S2D.mat,395,458,10,24760,458,0.998874843120575,True
PUBLISHED_PRECOMPUTED_FEATURE_EVALUATION,FEATURE_SEARCH_ONLY,second_S2D.mat,396,459,1,24802,459,0.9991093873977661,True
PUBLISHED_PRECOMPUTED_FEATURE_EVALUATION,FEATURE_SEARCH_ONLY,second_S2D.mat,396,459,2,24819,459,0.9990466833114624,True
PUBLISHED_PRECOMPUTED_FEATURE_EVALUATION,FEATURE_SEARCH_ONLY,second_S2D.mat,396,459,3,24820,459,0.9990397691726685,True
PUBLISHED_PRECOMPUTED_FEATURE_EVALUATION,FEATURE_SEARCH_ONLY,second_S2D.mat,396,459,4,24803,459,0.9989875555038452,True
PUBLISHED_PRECOMPUTED_FEATURE_EVALUATION,FEATURE_SEARCH_ONLY,second_S2D.mat,396,459,5,24801,459,0.9989767670631409,True
PUBLISHED_PRECOMPUTED_FEATURE_EVALUATION,FEATURE_SEARCH_ONLY,second_S2D.mat,396,459,6,24836,459,0.9989532828330994,True
PUBLISHED_PRECOMPUTED_FEATURE_EVALUATION,FEATURE_SEARCH_ONLY,second_S2D.mat,396,459,7,24837,459,0.9989231824874878,True
PUBLISHED_PRECOMPUTED_FEATURE_EVALUATION,FEATURE_SEARCH_ONLY,second_S2D.mat,396,459,8,24818,459,0.9989047646522522,True
PUBLISHED_PRECOMPUTED_FEATURE_EVALUATION,FEATURE_SEARCH_ONLY,second_S2D.mat,396,459,9,24821,459,0.9988753199577332,True
PUBLISHED_PRECOMPUTED_FEATURE_EVALUATION,FEATURE_SEARCH_ONLY,second_S2D.mat,396,459,10,24788,459,0.9988624453544617,True
PUBLISHED_PRECOMPUTED_FEATURE_EVALUATION,FEATURE_SEARCH_ONLY,second_S2D.mat,397,460,1,24857,460,0.9990455508232117,True
PUBLISHED_PRECOMPUTED_FEATURE_EVALUATION,FEATURE_SEARCH_ONLY,second_S2D.mat,397,460,2,24856,460,0.9990344643592834,True
PUBLISHED_PRECOMPUTED_FEATURE_EVALUATION,FEATURE_SEARCH_ONLY,second_S2D.mat,397,460,3,24875,460,0.9989793300628662,True
PUBLISHED_PRECOMPUTED_FEATURE_EVALUATION,FEATURE_SEARCH_ONLY,second_S2D.mat,397,460,4,24866,460,0.9989702701568604,True
PUBLISHED_PRECOMPUTED_FEATURE_EVALUATION,FEATURE_SEARCH_ONLY,second_S2D.mat,397,460,5,24855,460,0.9989686012268066,True
PUBLISHED_PRECOMPUTED_FEATURE_EVALUATION,FEATURE_SEARCH_ONLY,second_S2D.mat,397,460,6,24877,460,0.9989610910415649,True
PUBLISHED_PRECOMPUTED_FEATURE_EVALUATION,FEATURE_SEARCH_ONLY,second_S2D.mat,397,460,7,24848,460,0.9989436268806458,True
PUBLISHED_PRECOMPUTED_FEATURE_EVALUATION,FEATURE_SEARCH_ONLY,second_S2D.mat,397,460,8,24868,460,0.9989302754402161,True
PUBLISHED_PRECOMPUTED_FEATURE_EVALUATION,FEATURE_SEARCH_ONLY,second_S2D.mat,397,460,9,24869,460,0.9989288449287415,True
PUBLISHED_PRECOMPUTED_FEATURE_EVALUATION,FEATURE_SEARCH_ONLY,second_S2D.mat,397,460,10,24850,460,0.9989224672317505,True
PUBLISHED_PRECOMPUTED_FEATURE_EVALUATION,FEATURE_SEARCH_ONLY,second_S2D.mat,398,461,1,24920,461,0.9991256594657898,True
PUBLISHED_PRECOMPUTED_FEATURE_EVALUATION,FEATURE_SEARCH_ONLY,second_S2D.mat,398,461,2,24915,461,0.9990954995155334,True
PUBLISHED_PRECOMPUTED_FEATURE_EVALUATION,FEATURE_SEARCH_ONLY,second_S2D.mat,398,461,3,24938,461,0.9990756511688232,True
PUBLISHED_PRECOMPUTED_FEATURE_EVALUATION,FEATURE_SEARCH_ONLY,second_S2D.mat,398,461,4,24919,461,0.9990718960762024,True
PUBLISHED_PRECOMPUTED_FEATURE_EVALUATION,FEATURE_SEARCH_ONLY,second_S2D.mat,398,461,5,24897,461,0.999069094657898,True
PUBLISHED_PRECOMPUTED_FEATURE_EVALUATION,FEATURE_SEARCH_ONLY,second_S2D.mat,398,461,6,24924,461,0.9990627765655518,True
PUBLISHED_PRECOMPUTED_FEATURE_EVALUATION,FEATURE_SEARCH_ONLY,second_S2D.mat,398,461,7,24937,461,0.9990564584732056,True
PUBLISHED_PRECOMPUTED_FEATURE_EVALUATION,FEATURE_SEARCH_ONLY,second_S2D.mat,398,461,8,24898,461,0.9990509152412415,True
PUBLISHED_PRECOMPUTED_FEATURE_EVALUATION,FEATURE_SEARCH_ONLY,second_S2D.mat,398,461,9,24907,461,0.9990496635437012,True
PUBLISHED_PRECOMPUTED_FEATURE_EVALUATION,FEATURE_SEARCH_ONLY,second_S2D.mat,398,461,10,24922,461,0.999045729637146,True
PUBLISHED_PRECOMPUTED_FEATURE_EVALUATION,FEATURE_SEARCH_ONLY,second_S2D.mat,399,462,1,24983,462,0.9993595480918884,True
PUBLISHED_PRECOMPUTED_FEATURE_EVALUATION,FEATURE_SEARCH_ONLY,second_S2D.mat,399,462,2,24968,462,0.9993465542793274,True
PUBLISHED_PRECOMPUTED_FEATURE_EVALUATION,FEATURE_SEARCH_ONLY,second_S2D.mat,399,462,3,24982,462,0.9993292689323425,True
PUBLISHED_PRECOMPUTED_FEATURE_EVALUATION,FEATURE_SEARCH_ONLY,second_S2D.mat,399,462,4,24987,462,0.9993035793304443,True
PUBLISHED_PRECOMPUTED_FEATURE_EVALUATION,FEATURE_SEARCH_ONLY,second_S2D.mat,399,462,5,24970,462,0.9993026256561279,True
PUBLISHED_PRECOMPUTED_FEATURE_EVALUATION,FEATURE_SEARCH_ONLY,second_S2D.mat,399,462,6,24969,462,0.9992930889129639,True
PUBLISHED_PRECOMPUTED_FEATURE_EVALUATION,FEATURE_SEARCH_ONLY,second_S2D.mat,399,462,7,24981,462,0.9992898106575012,True
PUBLISHED_PRECOMPUTED_FEATURE_EVALUATION,FEATURE_SEARCH_ONLY,second_S2D.mat,399,462,8,24986,462,0.9992824792861938,True
PUBLISHED_PRECOMPUTED_FEATURE_EVALUATION,FEATURE_SEARCH_ONLY,second_S2D.mat,399,462,9,24984,462,0.9992639422416687,True
PUBLISHED_PRECOMPUTED_FEATURE_EVALUATION,FEATURE_SEARCH_ONLY,second_S2D.mat,399,462,10,24988,462,0.999250054359436,True
PUBLISHED_PRECOMPUTED_FEATURE_EVALUATION,FEATURE_SEARCH_ONLY,second_S2D.mat,400,463,1,25041,463,0.9990840554237366,True
PUBLISHED_PRECOMPUTED_FEATURE_EVALUATION,FEATURE_SEARCH_ONLY,second_S2D.mat,400,463,2,25052,463,0.9990682005882263,True
PUBLISHED_PRECOMPUTED_FEATURE_EVALUATION,FEATURE_SEARCH_ONLY,second_S2D.mat,400,463,3,25033,463,0.9990566968917847,True
PUBLISHED_PRECOMPUTED_FEATURE_EVALUATION,FEATURE_SEARCH_ONLY,second_S2D.mat,400,463,4,25015,463,0.9990540742874146,True
PUBLISHED_PRECOMPUTED_FEATURE_EVALUATION,FEATURE_SEARCH_ONLY,second_S2D.mat,400,463,5,25034,463,0.9990205764770508,True
PUBLISHED_PRECOMPUTED_FEATURE_EVALUATION,FEATURE_SEARCH_ONLY,second_S2D.mat,400,463,6,25032,463,0.999009370803833,True
PUBLISHED_PRECOMPUTED_FEATURE_EVALUATION,FEATURE_SEARCH_ONLY,second_S2D.mat,400,463,7,25042,463,0.9990016222000122,True
PUBLISHED_PRECOMPUTED_FEATURE_EVALUATION,FEATURE_SEARCH_ONLY,second_S2D.mat,400,463,8,25050,463,0.9989989995956421,True
PUBLISHED_PRECOMPUTED_FEATURE_EVALUATION,FEATURE_SEARCH_ONLY,second_S2D.mat,400,463,9,25051,463,0.9989930987358093,True
PUBLISHED_PRECOMPUTED_FEATURE_EVALUATION,FEATURE_SEARCH_ONLY,second_S2D.mat,400,463,10,25049,463,0.998989462852478,True
PUBLISHED_PRECOMPUTED_FEATURE_EVALUATION,FEATURE_SEARCH_ONLY,second_S2D.mat,401,464,1,25096,464,0.9992961287498474,True
PUBLISHED_PRECOMPUTED_FEATURE_EVALUATION,FEATURE_SEARCH_ONLY,second_S2D.mat,401,464,2,25094,464,0.9992892146110535,True
PUBLISHED_PRECOMPUTED_FEATURE_EVALUATION,FEATURE_SEARCH_ONLY,second_S2D.mat,401,464,3,25080,464,0.9992891550064087,True
PUBLISHED_PRECOMPUTED_FEATURE_EVALUATION,FEATURE_SEARCH_ONLY,second_S2D.mat,401,464,4,25098,464,0.9992751479148865,True
PUBLISHED_PRECOMPUTED_FEATURE_EVALUATION,FEATURE_SEARCH_ONLY,second_S2D.mat,401,464,5,25105,464,0.9992746710777283,True
PUBLISHED_PRECOMPUTED_FEATURE_EVALUATION,FEATURE_SEARCH_ONLY,second_S2D.mat,401,464,6,25097,464,0.9992315173149109,True
PUBLISHED_PRECOMPUTED_FEATURE_EVALUATION,FEATURE_SEARCH_ONLY,second_S2D.mat,401,464,7,25106,464,0.9992299675941467,True
PUBLISHED_PRECOMPUTED_FEATURE_EVALUATION,FEATURE_SEARCH_ONLY,second_S2D.mat,401,464,8,25093,464,0.9992189407348633,True
PUBLISHED_PRECOMPUTED_FEATURE_EVALUATION,FEATURE_SEARCH_ONLY,second_S2D.mat,401,464,9,25084,464,0.9992173910140991,True
PUBLISHED_PRECOMPUTED_FEATURE_EVALUATION,FEATURE_SEARCH_ONLY,second_S2D.mat,401,464,10,25079,464,0.999208390712738,True
PUBLISHED_PRECOMPUTED_FEATURE_EVALUATION,FEATURE_SEARCH_ONLY,second_S2D.mat,402,466,1,25211,466,0.9991373419761658,True
PUBLISHED_PRECOMPUTED_FEATURE_EVALUATION,FEATURE_SEARCH_ONLY,second_S2D.mat,402,466,2,25192,466,0.9991337656974792,True
PUBLISHED_PRECOMPUTED_FEATURE_EVALUATION,FEATURE_SEARCH_ONLY,second_S2D.mat,402,466,3,25194,466,0.9991152286529541,True
PUBLISHED_PRECOMPUTED_FEATURE_EVALUATION,FEATURE_SEARCH_ONLY,second_S2D.mat,402,466,4,25210,466,0.999106764793396,True
PUBLISHED_PRECOMPUTED_FEATURE_EVALUATION,FEATURE_SEARCH_ONLY,second_S2D.mat,402,466,5,25212,466,0.9990911483764648,True
PUBLISHED_PRECOMPUTED_FEATURE_EVALUATION,FEATURE_SEARCH_ONLY,second_S2D.mat,402,466,6,25195,466,0.9990689754486084,True
PUBLISHED_PRECOMPUTED_FEATURE_EVALUATION,FEATURE_SEARCH_ONLY,second_S2D.mat,402,466,7,25196,466,0.9990490078926086,True
PUBLISHED_PRECOMPUTED_FEATURE_EVALUATION,FEATURE_SEARCH_ONLY,second_S2D.mat,402,466,8,25193,466,0.999030351638794,True
PUBLISHED_PRECOMPUTED_FEATURE_EVALUATION,FEATURE_SEARCH_ONLY,second_S2D.mat,402,466,9,25213,466,0.9990249276161194,True
PUBLISHED_PRECOMPUTED_FEATURE_EVALUATION,FEATURE_SEARCH_ONLY,second_S2D.mat,402,466,10,25214,466,0.9990005493164062,True
PUBLISHED_PRECOMPUTED_FEATURE_EVALUATION,FEATURE_SEARCH_ONLY,second_S2D.mat,403,468,1,25297,468,0.9989974498748779,True
PUBLISHED_PRECOMPUTED_FEATURE_EVALUATION,FEATURE_SEARCH_ONLY,second_S2D.mat,403,468,2,25298,468,0.9989876747131348,True
PUBLISHED_PRECOMPUTED_FEATURE_EVALUATION,FEATURE_SEARCH_ONLY,second_S2D.mat,403,468,3,25300,468,0.9989639520645142,True
PUBLISHED_PRECOMPUTED_FEATURE_EVALUATION,FEATURE_SEARCH_ONLY,second_S2D.mat,403,468,4,25299,468,0.9989619851112366,True
PUBLISHED_PRECOMPUTED_FEATURE_EVALUATION,FEATURE_SEARCH_ONLY,second_S2D.mat,403,468,5,25314,468,0.9989567995071411,True
PUBLISHED_PRECOMPUTED_FEATURE_EVALUATION,FEATURE_SEARCH_ONLY,second_S2D.mat,403,468,6,25282,468,0.9989545941352844,True
PUBLISHED_PRECOMPUTED_FEATURE_EVALUATION,FEATURE_SEARCH_ONLY,second_S2D.mat,403,468,7,25313,468,0.9989539980888367,True
PUBLISHED_PRECOMPUTED_FEATURE_EVALUATION,FEATURE_SEARCH_ONLY,second_S2D.mat,403,468,8,25296,468,0.9989381432533264,True
PUBLISHED_PRECOMPUTED_FEATURE_EVALUATION,FEATURE_SEARCH_ONLY,second_S2D.mat,403,468,9,25310,468,0.9989342093467712,True
PUBLISHED_PRECOMPUTED_FEATURE_EVALUATION,FEATURE_SEARCH_ONLY,second_S2D.mat,403,468,10,25295,468,0.9989293813705444,True
PUBLISHED_PRECOMPUTED_FEATURE_EVALUATION,FEATURE_SEARCH_ONLY,second_S2D.mat,404,469,1,25362,469,0.9992989301681519,True
PUBLISHED_PRECOMPUTED_FEATURE_EVALUATION,FEATURE_SEARCH_ONLY,second_S2D.mat,404,469,2,25363,469,0.9992892742156982,True
PUBLISHED_PRECOMPUTED_FEATURE_EVALUATION,FEATURE_SEARCH_ONLY,second_S2D.mat,404,469,3,25351,469,0.9992786049842834,True
PUBLISHED_PRECOMPUTED_FEATURE_EVALUATION,FEATURE_SEARCH_ONLY,second_S2D.mat,404,469,4,25369,469,0.9992568492889404,True
PUBLISHED_PRECOMPUTED_FEATURE_EVALUATION,FEATURE_SEARCH_ONLY,second_S2D.mat,404,469,5,25354,469,0.9992526769638062,True
PUBLISHED_PRECOMPUTED_FEATURE_EVALUATION,FEATURE_SEARCH_ONLY,second_S2D.mat,404,469,6,25350,469,0.9992334842681885,True
PUBLISHED_PRECOMPUTED_FEATURE_EVALUATION,FEATURE_SEARCH_ONLY,second_S2D.mat,404,469,7,25333,469,0.999233067035675,True
PUBLISHED_PRECOMPUTED_FEATURE_EVALUATION,FEATURE_SEARCH_ONLY,second_S2D.mat,404,469,8,25370,469,0.9992316365242004,True
PUBLISHED_PRECOMPUTED_FEATURE_EVALUATION,FEATURE_SEARCH_ONLY,second_S2D.mat,404,469,9,25356,469,0.9992141723632812,True
PUBLISHED_PRECOMPUTED_FEATURE_EVALUATION,FEATURE_SEARCH_ONLY,second_S2D.mat,404,469,10,25352,469,0.9992097616195679,True
PUBLISHED_PRECOMPUTED_FEATURE_EVALUATION,FEATURE_SEARCH_ONLY,second_S2D.mat,405,470,1,25413,470,0.999451220035553,True
PUBLISHED_PRECOMPUTED_FEATURE_EVALUATION,FEATURE_SEARCH_ONLY,second_S2D.mat,405,470,2,25401,470,0.99945068359375,True
PUBLISHED_PRECOMPUTED_FEATURE_EVALUATION,FEATURE_SEARCH_ONLY,second_S2D.mat,405,470,3,25414,470,0.9994459748268127,True
PUBLISHED_PRECOMPUTED_FEATURE_EVALUATION,FEATURE_SEARCH_ONLY,second_S2D.mat,405,470,4,25419,470,0.9994397163391113,True
PUBLISHED_PRECOMPUTED_FEATURE_EVALUATION,FEATURE_SEARCH_ONLY,second_S2D.mat,405,470,5,25418,470,0.9994308352470398,True
PUBLISHED_PRECOMPUTED_FEATURE_EVALUATION,FEATURE_SEARCH_ONLY,second_S2D.mat,405,470,6,25421,470,0.9994275569915771,True
PUBLISHED_PRECOMPUTED_FEATURE_EVALUATION,FEATURE_SEARCH_ONLY,second_S2D.mat,405,470,7,25415,470,0.9994181394577026,True
PUBLISHED_PRECOMPUTED_FEATURE_EVALUATION,FEATURE_SEARCH_ONLY,second_S2D.mat,405,470,8,25399,470,0.9994070529937744,True
PUBLISHED_PRECOMPUTED_FEATURE_EVALUATION,FEATURE_SEARCH_ONLY,second_S2D.mat,405,470,9,25417,470,0.999404788017273,True
PUBLISHED_PRECOMPUTED_FEATURE_EVALUATION,FEATURE_SEARCH_ONLY,second_S2D.mat,405,470,10,25400,470,0.9993982315063477,True
PUBLISHED_PRECOMPUTED_FEATURE_EVALUATION,FEATURE_SEARCH_ONLY,second_S2D.mat,406,471,1,25456,471,0.9991881847381592,True
PUBLISHED_PRECOMPUTED_FEATURE_EVALUATION,FEATURE_SEARCH_ONLY,second_S2D.mat,406,471,2,25441,471,0.999186635017395,True
PUBLISHED_PRECOMPUTED_FEATURE_EVALUATION,FEATURE_SEARCH_ONLY,second_S2D.mat,406,471,3,25455,471,0.9991732835769653,True
PUBLISHED_PRECOMPUTED_FEATURE_EVALUATION,FEATURE_SEARCH_ONLY,second_S2D.mat,406,471,4,25437,471,0.9991708993911743,True
PUBLISHED_PRECOMPUTED_FEATURE_EVALUATION,FEATURE_SEARCH_ONLY,second_S2D.mat,406,471,5,25438,471,0.999165415763855,True
PUBLISHED_PRECOMPUTED_FEATURE_EVALUATION,FEATURE_SEARCH_ONLY,second_S2D.mat,406,471,6,25475,471,0.9991504549980164,True
PUBLISHED_PRECOMPUTED_FEATURE_EVALUATION,FEATURE_SEARCH_ONLY,second_S2D.mat,406,471,7,25457,471,0.999147355556488,True
PUBLISHED_PRECOMPUTED_FEATURE_EVALUATION,FEATURE_SEARCH_ONLY,second_S2D.mat,406,471,8,25439,471,0.9991413950920105,True
PUBLISHED_PRECOMPUTED_FEATURE_EVALUATION,FEATURE_SEARCH_ONLY,second_S2D.mat,406,471,9,25446,471,0.9991406202316284,True
PUBLISHED_PRECOMPUTED_FEATURE_EVALUATION,FEATURE_SEARCH_ONLY,second_S2D.mat,406,471,10,25465,471,0.999129593372345,True
PUBLISHED_PRECOMPUTED_FEATURE_EVALUATION,FEATURE_SEARCH_ONLY,second_S2D.mat,407,472,1,25511,472,0.9992691874504089,True
PUBLISHED_PRECOMPUTED_FEATURE_EVALUATION,FEATURE_SEARCH_ONLY,second_S2D.mat,407,472,2,25516,472,0.9992180466651917,True
PUBLISHED_PRECOMPUTED_FEATURE_EVALUATION,FEATURE_SEARCH_ONLY,second_S2D.mat,407,472,3,25497,472,0.9992023706436157,True
PUBLISHED_PRECOMPUTED_FEATURE_EVALUATION,FEATURE_SEARCH_ONLY,second_S2D.mat,407,472,4,25513,472,0.9991727471351624,True
PUBLISHED_PRECOMPUTED_FEATURE_EVALUATION,FEATURE_SEARCH_ONLY,second_S2D.mat,407,472,5,25512,472,0.9991624355316162,True
PUBLISHED_PRECOMPUTED_FEATURE_EVALUATION,FEATURE_SEARCH_ONLY,second_S2D.mat,407,472,6,25510,472,0.999153733253479,True
PUBLISHED_PRECOMPUTED_FEATURE_EVALUATION,FEATURE_SEARCH_ONLY,second_S2D.mat,407,472,7,25515,472,0.9991505146026611,True
PUBLISHED_PRECOMPUTED_FEATURE_EVALUATION,FEATURE_SEARCH_ONLY,second_S2D.mat,407,472,8,25498,472,0.9991198182106018,True
PUBLISHED_PRECOMPUTED_FEATURE_EVALUATION,FEATURE_SEARCH_ONLY,second_S2D.mat,407,472,9,25529,472,0.9991140365600586,True
PUBLISHED_PRECOMPUTED_FEATURE_EVALUATION,FEATURE_SEARCH_ONLY,second_S2D.mat,407,472,10,25514,472,0.9991096258163452,True
PUBLISHED_PRECOMPUTED_FEATURE_EVALUATION,FEATURE_SEARCH_ONLY,second_S2D.mat,408,473,1,25564,473,0.9993482828140259,True
PUBLISHED_PRECOMPUTED_FEATURE_EVALUATION,FEATURE_SEARCH_ONLY,second_S2D.mat,408,473,2,25567,473,0.9992809295654297,True
PUBLISHED_PRECOMPUTED_FEATURE_EVALUATION,FEATURE_SEARCH_ONLY,second_S2D.mat,408,473,3,25582,473,0.9992749094963074,True
PUBLISHED_PRECOMPUTED_FEATURE_EVALUATION,FEATURE_SEARCH_ONLY,second_S2D.mat,408,473,4,25584,473,0.9992604851722717,True
PUBLISHED_PRECOMPUTED_FEATURE_EVALUATION,FEATURE_SEARCH_ONLY,second_S2D.mat,408,473,5,25565,473,0.9992585182189941,True
PUBLISHED_PRECOMPUTED_FEATURE_EVALUATION,FEATURE_SEARCH_ONLY,second_S2D.mat,408,473,6,25546,473,0.9992570281028748,True
PUBLISHED_PRECOMPUTED_FEATURE_EVALUATION,FEATURE_SEARCH_ONLY,second_S2D.mat,408,473,7,25585,473,0.9992480278015137,True
PUBLISHED_PRECOMPUTED_FEATURE_EVALUATION,FEATURE_SEARCH_ONLY,second_S2D.mat,408,473,8,25577,473,0.9992241859436035,True
PUBLISHED_PRECOMPUTED_FEATURE_EVALUATION,FEATURE_SEARCH_ONLY,second_S2D.mat,408,473,9,25583,473,0.9992092847824097,True
PUBLISHED_PRECOMPUTED_FEATURE_EVALUATION,FEATURE_SEARCH_ONLY,second_S2D.mat,408,473,10,25576,473,0.999203622341156,True
PUBLISHED_PRECOMPUTED_FEATURE_EVALUATION,FEATURE_SEARCH_ONLY,second_S2D.mat,409,474,1,25639,474,0.9992979764938354,True
PUBLISHED_PRECOMPUTED_FEATURE_EVALUATION,FEATURE_SEARCH_ONLY,second_S2D.mat,409,474,2,25621,474,0.9990951418876648,True
PUBLISHED_PRECOMPUTED_FEATURE_EVALUATION,FEATURE_SEARCH_ONLY,second_S2D.mat,409,474,3,25640,474,0.9990834593772888,True
PUBLISHED_PRECOMPUTED_FEATURE_EVALUATION,FEATURE_SEARCH_ONLY,second_S2D.mat,409,474,4,25638,474,0.9990547299385071,True
PUBLISHED_PRECOMPUTED_FEATURE_EVALUATION,FEATURE_SEARCH_ONLY,second_S2D.mat,409,474,5,25623,474,0.9990420937538147,True
PUBLISHED_PRECOMPUTED_FEATURE_EVALUATION,FEATURE_SEARCH_ONLY,second_S2D.mat,409,474,6,25636,474,0.9989543557167053,True
PUBLISHED_PRECOMPUTED_FEATURE_EVALUATION,FEATURE_SEARCH_ONLY,second_S2D.mat,409,474,7,25637,474,0.9989538192749023,True
PUBLISHED_PRECOMPUTED_FEATURE_EVALUATION,FEATURE_SEARCH_ONLY,second_S2D.mat,409,474,8,25620,474,0.9989527463912964,True
PUBLISHED_PRECOMPUTED_FEATURE_EVALUATION,FEATURE_SEARCH_ONLY,second_S2D.mat,409,474,9,25641,474,0.9989458322525024,True
PUBLISHED_PRECOMPUTED_FEATURE_EVALUATION,FEATURE_SEARCH_ONLY,second_S2D.mat,409,474,10,25631,474,0.9989224076271057,True
PUBLISHED_PRECOMPUTED_FEATURE_EVALUATION,FEATURE_SEARCH_ONLY,second_S2D.mat,410,475,1,25676,475,0.9991710782051086,True
PUBLISHED_PRECOMPUTED_FEATURE_EVALUATION,FEATURE_SEARCH_ONLY,second_S2D.mat,410,475,2,25692,475,0.9991661310195923,True
PUBLISHED_PRECOMPUTED_FEATURE_EVALUATION,FEATURE_SEARCH_ONLY,second_S2D.mat,410,475,3,25671,475,0.9991123080253601,True
PUBLISHED_PRECOMPUTED_FEATURE_EVALUATION,FEATURE_SEARCH_ONLY,second_S2D.mat,410,475,4,25689,475,0.9990746378898621,True
PUBLISHED_PRECOMPUTED_FEATURE_EVALUATION,FEATURE_SEARCH_ONLY,second_S2D.mat,410,475,5,25675,475,0.9990686178207397,True
PUBLISHED_PRECOMPUTED_FEATURE_EVALUATION,FEATURE_SEARCH_ONLY,second_S2D.mat,410,475,6,25691,475,0.9990652799606323,True
PUBLISHED_PRECOMPUTED_FEATURE_EVALUATION,FEATURE_SEARCH_ONLY,second_S2D.mat,410,475,7,25674,475,0.9990572929382324,True
PUBLISHED_PRECOMPUTED_FEATURE_EVALUATION,FEATURE_SEARCH_ONLY,second_S2D.mat,410,475,8,25690,475,0.9990526437759399,True
PUBLISHED_PRECOMPUTED_FEATURE_EVALUATION,FEATURE_SEARCH_ONLY,second_S2D.mat,410,475,9,25684,475,0.999049961566925,True
PUBLISHED_PRECOMPUTED_FEATURE_EVALUATION,FEATURE_SEARCH_ONLY,second_S2D.mat,410,475,10,25686,475,0.99904465675354,True
PUBLISHED_PRECOMPUTED_FEATURE_EVALUATION,FEATURE_SEARCH_ONLY,second_S2D.mat,411,476,1,25741,476,0.9992993474006653,True
PUBLISHED_PRECOMPUTED_FEATURE_EVALUATION,FEATURE_SEARCH_ONLY,second_S2D.mat,411,476,2,25723,476,0.999285101890564,True
PUBLISHED_PRECOMPUTED_FEATURE_EVALUATION,FEATURE_SEARCH_ONLY,second_S2D.mat,411,476,3,25740,476,0.9992377758026123,True
PUBLISHED_PRECOMPUTED_FEATURE_EVALUATION,FEATURE_SEARCH_ONLY,second_S2D.mat,411,476,4,25743,476,0.9992295503616333,True
PUBLISHED_PRECOMPUTED_FEATURE_EVALUATION,FEATURE_SEARCH_ONLY,second_S2D.mat,411,476,5,25722,476,0.999226450920105,True
PUBLISHED_PRECOMPUTED_FEATURE_EVALUATION,FEATURE_SEARCH_ONLY,second_S2D.mat,411,476,6,25742,476,0.9992038011550903,True
PUBLISHED_PRECOMPUTED_FEATURE_EVALUATION,FEATURE_SEARCH_ONLY,second_S2D.mat,411,476,7,25726,476,0.9992009401321411,True
PUBLISHED_PRECOMPUTED_FEATURE_EVALUATION,FEATURE_SEARCH_ONLY,second_S2D.mat,411,476,8,25724,476,0.9992002248764038,True
PUBLISHED_PRECOMPUTED_FEATURE_EVALUATION,FEATURE_SEARCH_ONLY,second_S2D.mat,411,476,9,25721,476,0.999198317527771,True
PUBLISHED_PRECOMPUTED_FEATURE_EVALUATION,FEATURE_SEARCH_ONLY,second_S2D.mat,411,476,10,25725,476,0.9991719722747803,True
PUBLISHED_PRECOMPUTED_FEATURE_EVALUATION,FEATURE_SEARCH_ONLY,second_S2D.mat,412,477,1,25800,477,0.9992572069168091,True
PUBLISHED_PRECOMPUTED_FEATURE_EVALUATION,FEATURE_SEARCH_ONLY,second_S2D.mat,412,477,2,25781,477,0.9992040991783142,True
PUBLISHED_PRECOMPUTED_FEATURE_EVALUATION,FEATURE_SEARCH_ONLY,second_S2D.mat,412,477,3,25791,477,0.9991955757141113,True
PUBLISHED_PRECOMPUTED_FEATURE_EVALUATION,FEATURE_SEARCH_ONLY,second_S2D.mat,412,477,4,25777,477,0.9991580843925476,True
PUBLISHED_PRECOMPUTED_FEATURE_EVALUATION,FEATURE_SEARCH_ONLY,second_S2D.mat,412,477,5,25799,477,0.9991296529769897,True
PUBLISHED_PRECOMPUTED_FEATURE_EVALUATION,FEATURE_SEARCH_ONLY,second_S2D.mat,412,477,6,25795,477,0.9991264939308167,True
PUBLISHED_PRECOMPUTED_FEATURE_EVALUATION,FEATURE_SEARCH_ONLY,second_S2D.mat,412,477,7,25792,477,0.9991244673728943,True
PUBLISHED_PRECOMPUTED_FEATURE_EVALUATION,FEATURE_SEARCH_ONLY,second_S2D.mat,412,477,8,25773,477,0.9991180896759033,True
PUBLISHED_PRECOMPUTED_FEATURE_EVALUATION,FEATURE_SEARCH_ONLY,second_S2D.mat,412,477,9,25798,477,0.999116063117981,True
PUBLISHED_PRECOMPUTED_FEATURE_EVALUATION,FEATURE_SEARCH_ONLY,second_S2D.mat,412,477,10,25794,477,0.9991155862808228,True
PUBLISHED_PRECOMPUTED_FEATURE_EVALUATION,FEATURE_SEARCH_ONLY,second_S2D.mat,413,478,1,25858,478,0.9991894960403442,True
PUBLISHED_PRECOMPUTED_FEATURE_EVALUATION,FEATURE_SEARCH_ONLY,second_S2D.mat,413,478,2,25851,478,0.9991180896759033,True
PUBLISHED_PRECOMPUTED_FEATURE_EVALUATION,FEATURE_SEARCH_ONLY,second_S2D.mat,413,478,3,25859,478,0.9990800619125366,True
PUBLISHED_PRECOMPUTED_FEATURE_EVALUATION,FEATURE_SEARCH_ONLY,second_S2D.mat,413,478,4,25839,478,0.9990782141685486,True
PUBLISHED_PRECOMPUTED_FEATURE_EVALUATION,FEATURE_SEARCH_ONLY,second_S2D.mat,413,478,5,25850,478,0.9990743398666382,True
PUBLISHED_PRECOMPUTED_FEATURE_EVALUATION,FEATURE_SEARCH_ONLY,second_S2D.mat,413,478,6,25857,478,0.9990273118019104,True
PUBLISHED_PRECOMPUTED_FEATURE_EVALUATION,FEATURE_SEARCH_ONLY,second_S2D.mat,413,478,7,25840,478,0.9990161657333374,True
PUBLISHED_PRECOMPUTED_FEATURE_EVALUATION,FEATURE_SEARCH_ONLY,second_S2D.mat,413,478,8,25834,478,0.9990129470825195,True
PUBLISHED_PRECOMPUTED_FEATURE_EVALUATION,FEATURE_SEARCH_ONLY,second_S2D.mat,413,478,9,25854,478,0.9990055561065674,True
PUBLISHED_PRECOMPUTED_FEATURE_EVALUATION,FEATURE_SEARCH_ONLY,second_S2D.mat,413,478,10,25855,478,0.9989922046661377,True
PUBLISHED_PRECOMPUTED_FEATURE_EVALUATION,FEATURE_SEARCH_ONLY,second_S2D.mat,414,479,1,25904,479,0.9992781281471252,True
PUBLISHED_PRECOMPUTED_FEATURE_EVALUATION,FEATURE_SEARCH_ONLY,second_S2D.mat,414,479,2,25905,479,0.9992727637290955,True
PUBLISHED_PRECOMPUTED_FEATURE_EVALUATION,FEATURE_SEARCH_ONLY,second_S2D.mat,414,479,3,25884,479,0.9992519617080688,True
PUBLISHED_PRECOMPUTED_FEATURE_EVALUATION,FEATURE_SEARCH_ONLY,second_S2D.mat,414,479,4,25883,479,0.9992409348487854,True
PUBLISHED_PRECOMPUTED_FEATURE_EVALUATION,FEATURE_SEARCH_ONLY,second_S2D.mat,414,479,5,25886,479,0.9992350339889526,True
PUBLISHED_PRECOMPUTED_FEATURE_EVALUATION,FEATURE_SEARCH_ONLY,second_S2D.mat,414,479,6,25887,479,0.9992274045944214,True
PUBLISHED_PRECOMPUTED_FEATURE_EVALUATION,FEATURE_SEARCH_ONLY,second_S2D.mat,414,479,7,25898,479,0.9992268085479736,True
PUBLISHED_PRECOMPUTED_FEATURE_EVALUATION,FEATURE_SEARCH_ONLY,second_S2D.mat,414,479,8,25885,479,0.9992155432701111,True
PUBLISHED_PRECOMPUTED_FEATURE_EVALUATION,FEATURE_SEARCH_ONLY,second_S2D.mat,414,479,9,25896,479,0.9992155432701111,True
PUBLISHED_PRECOMPUTED_FEATURE_EVALUATION,FEATURE_SEARCH_ONLY,second_S2D.mat,414,479,10,25894,479,0.9992143511772156,True
PUBLISHED_PRECOMPUTED_FEATURE_EVALUATION,FEATURE_SEARCH_ONLY,second_S2D.mat,415,480,1,25960,480,0.9991831183433533,True
PUBLISHED_PRECOMPUTED_FEATURE_EVALUATION,FEATURE_SEARCH_ONLY,second_S2D.mat,415,480,2,25945,480,0.9991497993469238,True
PUBLISHED_PRECOMPUTED_FEATURE_EVALUATION,FEATURE_SEARCH_ONLY,second_S2D.mat,415,480,3,25961,480,0.9991482496261597,True
PUBLISHED_PRECOMPUTED_FEATURE_EVALUATION,FEATURE_SEARCH_ONLY,second_S2D.mat,415,480,4,25944,480,0.9991454482078552,True
PUBLISHED_PRECOMPUTED_FEATURE_EVALUATION,FEATURE_SEARCH_ONLY,second_S2D.mat,415,480,5,25962,480,0.9991317987442017,True
PUBLISHED_PRECOMPUTED_FEATURE_EVALUATION,FEATURE_SEARCH_ONLY,second_S2D.mat,415,480,6,25949,480,0.9991295337677002,True
PUBLISHED_PRECOMPUTED_FEATURE_EVALUATION,FEATURE_SEARCH_ONLY,second_S2D.mat,415,480,7,25948,480,0.9991277456283569,True
PUBLISHED_PRECOMPUTED_FEATURE_EVALUATION,FEATURE_SEARCH_ONLY,second_S2D.mat,415,480,8,25959,480,0.9991060495376587,True
PUBLISHED_PRECOMPUTED_FEATURE_EVALUATION,FEATURE_SEARCH_ONLY,second_S2D.mat,415,480,9,25943,480,0.9991032481193542,True
PUBLISHED_PRECOMPUTED_FEATURE_EVALUATION,FEATURE_SEARCH_ONLY,second_S2D.mat,415,480,10,25963,480,0.9990856647491455,True
PUBLISHED_PRECOMPUTED_FEATURE_EVALUATION,FEATURE_SEARCH_ONLY,second_S2D.mat,416,481,1,26017,481,0.9995653629302979,True
PUBLISHED_PRECOMPUTED_FEATURE_EVALUATION,FEATURE_SEARCH_ONLY,second_S2D.mat,416,481,2,26016,481,0.9995610117912292,True
PUBLISHED_PRECOMPUTED_FEATURE_EVALUATION,FEATURE_SEARCH_ONLY,second_S2D.mat,416,481,3,26014,481,0.999550461769104,True
PUBLISHED_PRECOMPUTED_FEATURE_EVALUATION,FEATURE_SEARCH_ONLY,second_S2D.mat,416,481,4,26015,481,0.9995325803756714,True
PUBLISHED_PRECOMPUTED_FEATURE_EVALUATION,FEATURE_SEARCH_ONLY,second_S2D.mat,416,481,5,26011,481,0.999505341053009,True
PUBLISHED_PRECOMPUTED_FEATURE_EVALUATION,FEATURE_SEARCH_ONLY,second_S2D.mat,416,481,6,26021,481,0.9995005130767822,True
PUBLISHED_PRECOMPUTED_FEATURE_EVALUATION,FEATURE_SEARCH_ONLY,second_S2D.mat,416,481,7,25996,481,0.9994854927062988,True
PUBLISHED_PRECOMPUTED_FEATURE_EVALUATION,FEATURE_SEARCH_ONLY,second_S2D.mat,416,481,8,26013,481,0.9994763731956482,True
PUBLISHED_PRECOMPUTED_FEATURE_EVALUATION,FEATURE_SEARCH_ONLY,second_S2D.mat,416,481,9,25997,481,0.9994692206382751,True
PUBLISHED_PRECOMPUTED_FEATURE_EVALUATION,FEATURE_SEARCH_ONLY,second_S2D.mat,416,481,10,26018,481,0.9994679093360901,True
PUBLISHED_PRECOMPUTED_FEATURE_EVALUATION,FEATURE_SEARCH_ONLY,second_S2D.mat,417,482,1,26050,482,0.9992874264717102,True
PUBLISHED_PRECOMPUTED_FEATURE_EVALUATION,FEATURE_SEARCH_ONLY,second_S2D.mat,417,482,2,26073,482,0.9992659091949463,True
PUBLISHED_PRECOMPUTED_FEATURE_EVALUATION,FEATURE_SEARCH_ONLY,second_S2D.mat,417,482,3,26049,482,0.9992188811302185,True
PUBLISHED_PRECOMPUTED_FEATURE_EVALUATION,FEATURE_SEARCH_ONLY,second_S2D.mat,417,482,4,26068,482,0.9992183446884155,True
PUBLISHED_PRECOMPUTED_FEATURE_EVALUATION,FEATURE_SEARCH_ONLY,second_S2D.mat,417,482,5,26055,482,0.9992092251777649,True
PUBLISHED_PRECOMPUTED_FEATURE_EVALUATION,FEATURE_SEARCH_ONLY,second_S2D.mat,417,482,6,26054,482,0.9992052912712097,True
PUBLISHED_PRECOMPUTED_FEATURE_EVALUATION,FEATURE_SEARCH_ONLY,second_S2D.mat,417,482,7,26069,482,0.9991973042488098,True
PUBLISHED_PRECOMPUTED_FEATURE_EVALUATION,FEATURE_SEARCH_ONLY,second_S2D.mat,417,482,8,26074,482,0.999192476272583,True
PUBLISHED_PRECOMPUTED_FEATURE_EVALUATION,FEATURE_SEARCH_ONLY,second_S2D.mat,417,482,9,26056,482,0.9991858005523682,True
PUBLISHED_PRECOMPUTED_FEATURE_EVALUATION,FEATURE_SEARCH_ONLY,second_S2D.mat,417,482,10,26072,482,0.9991828203201294,True
PUBLISHED_PRECOMPUTED_FEATURE_EVALUATION,FEATURE_SEARCH_ONLY,second_S2D.mat,418,483,1,26128,483,0.9995874762535095,True
PUBLISHED_PRECOMPUTED_FEATURE_EVALUATION,FEATURE_SEARCH_ONLY,second_S2D.mat,418,483,2,26127,483,0.99958735704422,True
PUBLISHED_PRECOMPUTED_FEATURE_EVALUATION,FEATURE_SEARCH_ONLY,second_S2D.mat,418,483,3,26129,483,0.9995853900909424,True
PUBLISHED_PRECOMPUTED_FEATURE_EVALUATION,FEATURE_SEARCH_ONLY,second_S2D.mat,418,483,4,26121,483,0.9995595812797546,True
PUBLISHED_PRECOMPUTED_FEATURE_EVALUATION,FEATURE_SEARCH_ONLY,second_S2D.mat,418,483,5,26108,483,0.9995580315589905,True
PUBLISHED_PRECOMPUTED_FEATURE_EVALUATION,FEATURE_SEARCH_ONLY,second_S2D.mat,418,483,6,26123,483,0.9995565414428711,True
PUBLISHED_PRECOMPUTED_FEATURE_EVALUATION,FEATURE_SEARCH_ONLY,second_S2D.mat,418,483,7,26120,483,0.9995545148849487,True
PUBLISHED_PRECOMPUTED_FEATURE_EVALUATION,FEATURE_SEARCH_ONLY,second_S2D.mat,418,483,8,26107,483,0.9995489716529846,True
PUBLISHED_PRECOMPUTED_FEATURE_EVALUATION,FEATURE_SEARCH_ONLY,second_S2D.mat,418,483,9,26130,483,0.9995483756065369,True
PUBLISHED_PRECOMPUTED_FEATURE_EVALUATION,FEATURE_SEARCH_ONLY,second_S2D.mat,418,483,10,26104,483,0.9995430707931519,True
PUBLISHED_PRECOMPUTED_FEATURE_EVALUATION,FEATURE_SEARCH_ONLY,second_S2D.mat,419,484,1,26180,484,0.9994718432426453,True
PUBLISHED_PRECOMPUTED_FEATURE_EVALUATION,FEATURE_SEARCH_ONLY,second_S2D.mat,419,484,2,26164,484,0.9994677901268005,True
PUBLISHED_PRECOMPUTED_FEATURE_EVALUATION,FEATURE_SEARCH_ONLY,second_S2D.mat,419,484,3,26179,484,0.9994621872901917,True
PUBLISHED_PRECOMPUTED_FEATURE_EVALUATION,FEATURE_SEARCH_ONLY,second_S2D.mat,419,484,4,26183,484,0.9994598627090454,True
PUBLISHED_PRECOMPUTED_FEATURE_EVALUATION,FEATURE_SEARCH_ONLY,second_S2D.mat,419,484,5,26165,484,0.9994566440582275,True
PUBLISHED_PRECOMPUTED_FEATURE_EVALUATION,FEATURE_SEARCH_ONLY,second_S2D.mat,419,484,6,26162,484,0.9994553327560425,True
PUBLISHED_PRECOMPUTED_FEATURE_EVALUATION,FEATURE_SEARCH_ONLY,second_S2D.mat,419,484,7,26163,484,0.999451756477356,True
PUBLISHED_PRECOMPUTED_FEATURE_EVALUATION,FEATURE_SEARCH_ONLY,second_S2D.mat,419,484,8,26182,484,0.9994465112686157,True
PUBLISHED_PRECOMPUTED_FEATURE_EVALUATION,FEATURE_SEARCH_ONLY,second_S2D.mat,419,484,9,26178,484,0.9994463920593262,True
PUBLISHED_PRECOMPUTED_FEATURE_EVALUATION,FEATURE_SEARCH_ONLY,second_S2D.mat,419,484,10,26167,484,0.999439001083374,True
PUBLISHED_PRECOMPUTED_FEATURE_EVALUATION,FEATURE_SEARCH_ONLY,second_S2D.mat,420,485,1,26211,485,0.9993599653244019,True
PUBLISHED_PRECOMPUTED_FEATURE_EVALUATION,FEATURE_SEARCH_ONLY,second_S2D.mat,420,485,2,26210,485,0.9993536472320557,True
PUBLISHED_PRECOMPUTED_FEATURE_EVALUATION,FEATURE_SEARCH_ONLY,second_S2D.mat,420,485,3,26228,485,0.999349057674408,True
PUBLISHED_PRECOMPUTED_FEATURE_EVALUATION,FEATURE_SEARCH_ONLY,second_S2D.mat,420,485,4,26208,485,0.999345064163208,True
PUBLISHED_PRECOMPUTED_FEATURE_EVALUATION,FEATURE_SEARCH_ONLY,second_S2D.mat,420,485,5,26226,485,0.9993430376052856,True
PUBLISHED_PRECOMPUTED_FEATURE_EVALUATION,FEATURE_SEARCH_ONLY,second_S2D.mat,420,485,6,26207,485,0.9993292093276978,True
PUBLISHED_PRECOMPUTED_FEATURE_EVALUATION,FEATURE_SEARCH_ONLY,second_S2D.mat,420,485,7,26206,485,0.9993280172348022,True
PUBLISHED_PRECOMPUTED_FEATURE_EVALUATION,FEATURE_SEARCH_ONLY,second_S2D.mat,420,485,8,26229,485,0.9993194341659546,True
PUBLISHED_PRECOMPUTED_FEATURE_EVALUATION,FEATURE_SEARCH_ONLY,second_S2D.mat,420,485,9,26225,485,0.9993188381195068,True
PUBLISHED_PRECOMPUTED_FEATURE_EVALUATION,FEATURE_SEARCH_ONLY,second_S2D.mat,420,485,10,26209,485,0.9993165731430054,True
PUBLISHED_PRECOMPUTED_FEATURE_EVALUATION,FEATURE_SEARCH_ONLY,second_S2D.mat,421,486,1,26292,486,0.9993629455566406,True
PUBLISHED_PRECOMPUTED_FEATURE_EVALUATION,FEATURE_SEARCH_ONLY,second_S2D.mat,421,486,2,26281,486,0.9992642998695374,True
PUBLISHED_PRECOMPUTED_FEATURE_EVALUATION,FEATURE_SEARCH_ONLY,second_S2D.mat,421,486,3,26293,486,0.9992226362228394,True
PUBLISHED_PRECOMPUTED_FEATURE_EVALUATION,FEATURE_SEARCH_ONLY,second_S2D.mat,421,486,4,26276,486,0.9992098808288574,True
PUBLISHED_PRECOMPUTED_FEATURE_EVALUATION,FEATURE_SEARCH_ONLY,second_S2D.mat,421,486,5,26291,486,0.9991975426673889,True
PUBLISHED_PRECOMPUTED_FEATURE_EVALUATION,FEATURE_SEARCH_ONLY,second_S2D.mat,421,486,6,26261,486,0.9991925358772278,True
PUBLISHED_PRECOMPUTED_FEATURE_EVALUATION,FEATURE_SEARCH_ONLY,second_S2D.mat,421,486,7,26282,486,0.9991902112960815,True
PUBLISHED_PRECOMPUTED_FEATURE_EVALUATION,FEATURE_SEARCH_ONLY,second_S2D.mat,421,486,8,26279,486,0.9991459846496582,True
PUBLISHED_PRECOMPUTED_FEATURE_EVALUATION,FEATURE_SEARCH_ONLY,second_S2D.mat,421,486,9,26296,486,0.9991289973258972,True
PUBLISHED_PRECOMPUTED_FEATURE_EVALUATION,FEATURE_SEARCH_ONLY,second_S2D.mat,421,486,10,26262,486,0.9991238117218018,True
PUBLISHED_PRECOMPUTED_FEATURE_EVALUATION,FEATURE_SEARCH_ONLY,second_S2D.mat,422,487,1,26324,487,0.9990801811218262,True
PUBLISHED_PRECOMPUTED_FEATURE_EVALUATION,FEATURE_SEARCH_ONLY,second_S2D.mat,422,487,2,26342,487,0.9990734457969666,True
PUBLISHED_PRECOMPUTED_FEATURE_EVALUATION,FEATURE_SEARCH_ONLY,second_S2D.mat,422,487,3,26341,487,0.9990658760070801,True
PUBLISHED_PRECOMPUTED_FEATURE_EVALUATION,FEATURE_SEARCH_ONLY,second_S2D.mat,422,487,4,26330,487,0.999015212059021,True
PUBLISHED_PRECOMPUTED_FEATURE_EVALUATION,FEATURE_SEARCH_ONLY,second_S2D.mat,422,487,5,26329,487,0.9990115165710449,True
PUBLISHED_PRECOMPUTED_FEATURE_EVALUATION,FEATURE_SEARCH_ONLY,second_S2D.mat,422,487,6,26331,487,0.9990043044090271,True
PUBLISHED_PRECOMPUTED_FEATURE_EVALUATION,FEATURE_SEARCH_ONLY,second_S2D.mat,422,487,7,26306,487,0.9990004897117615,True
PUBLISHED_PRECOMPUTED_FEATURE_EVALUATION,FEATURE_SEARCH_ONLY,second_S2D.mat,422,487,8,26323,487,0.9989935159683228,True
PUBLISHED_PRECOMPUTED_FEATURE_EVALUATION,FEATURE_SEARCH_ONLY,second_S2D.mat,422,487,9,26325,487,0.9989845752716064,True
PUBLISHED_PRECOMPUTED_FEATURE_EVALUATION,FEATURE_SEARCH_ONLY,second_S2D.mat,422,487,10,26349,487,0.9989636540412903,True
PUBLISHED_PRECOMPUTED_FEATURE_EVALUATION,FEATURE_SEARCH_ONLY,second_S2D.mat,423,488,1,26391,488,0.9995038509368896,True
PUBLISHED_PRECOMPUTED_FEATURE_EVALUATION,FEATURE_SEARCH_ONLY,second_S2D.mat,423,488,2,26388,488,0.9995031356811523,True
PUBLISHED_PRECOMPUTED_FEATURE_EVALUATION,FEATURE_SEARCH_ONLY,second_S2D.mat,423,488,3,26370,488,0.9994791746139526,True
PUBLISHED_PRECOMPUTED_FEATURE_EVALUATION,FEATURE_SEARCH_ONLY,second_S2D.mat,423,488,4,26371,488,0.9994750618934631,True
PUBLISHED_PRECOMPUTED_FEATURE_EVALUATION,FEATURE_SEARCH_ONLY,second_S2D.mat,423,488,5,26387,488,0.999474823474884,True
PUBLISHED_PRECOMPUTED_FEATURE_EVALUATION,FEATURE_SEARCH_ONLY,second_S2D.mat,423,488,6,26379,488,0.9994651675224304,True
PUBLISHED_PRECOMPUTED_FEATURE_EVALUATION,FEATURE_SEARCH_ONLY,second_S2D.mat,423,488,7,26373,488,0.9994502067565918,True
PUBLISHED_PRECOMPUTED_FEATURE_EVALUATION,FEATURE_SEARCH_ONLY,second_S2D.mat,423,488,8,26374,488,0.9994412660598755,True
PUBLISHED_PRECOMPUTED_FEATURE_EVALUATION,FEATURE_SEARCH_ONLY,second_S2D.mat,423,488,9,26390,488,0.9994407892227173,True
PUBLISHED_PRECOMPUTED_FEATURE_EVALUATION,FEATURE_SEARCH_ONLY,second_S2D.mat,423,488,10,26376,488,0.9994406700134277,True
PUBLISHED_PRECOMPUTED_FEATURE_EVALUATION,FEATURE_SEARCH_ONLY,second_S2D.mat,424,490,1,26498,490,0.9995946288108826,True
PUBLISHED_PRECOMPUTED_FEATURE_EVALUATION,FEATURE_SEARCH_ONLY,second_S2D.mat,424,490,2,26501,490,0.9995744228363037,True
PUBLISHED_PRECOMPUTED_FEATURE_EVALUATION,FEATURE_SEARCH_ONLY,second_S2D.mat,424,490,3,26497,490,0.9995661377906799,True
PUBLISHED_PRECOMPUTED_FEATURE_EVALUATION,FEATURE_SEARCH_ONLY,second_S2D.mat,424,490,4,26508,490,0.9995561242103577,True
PUBLISHED_PRECOMPUTED_FEATURE_EVALUATION,FEATURE_SEARCH_ONLY,second_S2D.mat,424,490,5,26499,490,0.9995490312576294,True
PUBLISHED_PRECOMPUTED_FEATURE_EVALUATION,FEATURE_SEARCH_ONLY,second_S2D.mat,424,490,6,26490,490,0.9995471239089966,True
PUBLISHED_PRECOMPUTED_FEATURE_EVALUATION,FEATURE_SEARCH_ONLY,second_S2D.mat,424,490,7,26506,490,0.9995448589324951,True
PUBLISHED_PRECOMPUTED_FEATURE_EVALUATION,FEATURE_SEARCH_ONLY,second_S2D.mat,424,490,8,26507,490,0.9995421767234802,True
PUBLISHED_PRECOMPUTED_FEATURE_EVALUATION,FEATURE_SEARCH_ONLY,second_S2D.mat,424,490,9,26502,490,0.9995373487472534,True
PUBLISHED_PRECOMPUTED_FEATURE_EVALUATION,FEATURE_SEARCH_ONLY,second_S2D.mat,424,490,10,26496,490,0.9995303153991699,True
PUBLISHED_PRECOMPUTED_FEATURE_EVALUATION,FEATURE_SEARCH_ONLY,second_S2D.mat,425,491,1,33417,618,0.998431921005249,False
PUBLISHED_PRECOMPUTED_FEATURE_EVALUATION,FEATURE_SEARCH_ONLY,second_S2D.mat,425,491,2,33416,618,0.9984005093574524,False
PUBLISHED_PRECOMPUTED_FEATURE_EVALUATION,FEATURE_SEARCH_ONLY,second_S2D.mat,425,491,3,33418,618,0.9983235597610474,False
PUBLISHED_PRECOMPUTED_FEATURE_EVALUATION,FEATURE_SEARCH_ONLY,second_S2D.mat,425,491,4,33420,618,0.9982573986053467,False
PUBLISHED_PRECOMPUTED_FEATURE_EVALUATION,FEATURE_SEARCH_ONLY,second_S2D.mat,425,491,5,33419,618,0.998229444026947,False
PUBLISHED_PRECOMPUTED_FEATURE_EVALUATION,FEATURE_SEARCH_ONLY,second_S2D.mat,425,491,6,27693,512,0.9981942772865295,False
PUBLISHED_PRECOMPUTED_FEATURE_EVALUATION,FEATURE_SEARCH_ONLY,second_S2D.mat,425,491,7,46600,941,0.9981940388679504,False
PUBLISHED_PRECOMPUTED_FEATURE_EVALUATION,FEATURE_SEARCH_ONLY,second_S2D.mat,425,491,8,27690,512,0.9981871843338013,False
PUBLISHED_PRECOMPUTED_FEATURE_EVALUATION,FEATURE_SEARCH_ONLY,second_S2D.mat,425,491,9,32734,606,0.998183012008667,False
PUBLISHED_PRECOMPUTED_FEATURE_EVALUATION,FEATURE_SEARCH_ONLY,second_S2D.mat,425,491,10,33423,618,0.998180627822876,False
PUBLISHED_PRECOMPUTED_FEATURE_EVALUATION,FEATURE_SEARCH_ONLY,second_S2D.mat,426,492,1,23526,435,0.9984687566757202,False
PUBLISHED_PRECOMPUTED_FEATURE_EVALUATION,FEATURE_SEARCH_ONLY,second_S2D.mat,426,492,2,23508,435,0.9984557628631592,False
PUBLISHED_PRECOMPUTED_FEATURE_EVALUATION,FEATURE_SEARCH_ONLY,second_S2D.mat,426,492,3,23527,435,0.9984377026557922,False
PUBLISHED_PRECOMPUTED_FEATURE_EVALUATION,FEATURE_SEARCH_ONLY,second_S2D.mat,426,492,4,23525,435,0.9984333515167236,False
PUBLISHED_PRECOMPUTED_FEATURE_EVALUATION,FEATURE_SEARCH_ONLY,second_S2D.mat,426,492,5,23509,435,0.9984152317047119,False
PUBLISHED_PRECOMPUTED_FEATURE_EVALUATION,FEATURE_SEARCH_ONLY,second_S2D.mat,426,492,6,26589,492,0.9984058141708374,True
PUBLISHED_PRECOMPUTED_FEATURE_EVALUATION,FEATURE_SEARCH_ONLY,second_S2D.mat,426,492,7,23528,435,0.9984020590782166,False
PUBLISHED_PRECOMPUTED_FEATURE_EVALUATION,FEATURE_SEARCH_ONLY,second_S2D.mat,426,492,8,26591,492,0.9984010457992554,True
PUBLISHED_PRECOMPUTED_FEATURE_EVALUATION,FEATURE_SEARCH_ONLY,second_S2D.mat,426,492,9,23491,435,0.9984006285667419,False
PUBLISHED_PRECOMPUTED_FEATURE_EVALUATION,FEATURE_SEARCH_ONLY,second_S2D.mat,426,492,10,26586,492,0.998397707939148,True
PUBLISHED_PRECOMPUTED_FEATURE_EVALUATION,FEATURE_SEARCH_ONLY,second_S2D.mat,427,493,1,26658,493,0.9991061687469482,True
PUBLISHED_PRECOMPUTED_FEATURE_EVALUATION,FEATURE_SEARCH_ONLY,second_S2D.mat,427,493,2,26656,493,0.9990811347961426,True
PUBLISHED_PRECOMPUTED_FEATURE_EVALUATION,FEATURE_SEARCH_ONLY,second_S2D.mat,427,493,3,26641,493,0.9990504384040833,True
PUBLISHED_PRECOMPUTED_FEATURE_EVALUATION,FEATURE_SEARCH_ONLY,second_S2D.mat,427,493,4,26657,493,0.9990390539169312,True
PUBLISHED_PRECOMPUTED_FEATURE_EVALUATION,FEATURE_SEARCH_ONLY,second_S2D.mat,427,493,5,26659,493,0.9990302324295044,True
PUBLISHED_PRECOMPUTED_FEATURE_EVALUATION,FEATURE_SEARCH_ONLY,second_S2D.mat,427,493,6,26660,493,0.9990183711051941,True
PUBLISHED_PRECOMPUTED_FEATURE_EVALUATION,FEATURE_SEARCH_ONLY,second_S2D.mat,427,493,7,26640,493,0.9989850521087646,True
PUBLISHED_PRECOMPUTED_FEATURE_EVALUATION,FEATURE_SEARCH_ONLY,second_S2D.mat,427,493,8,26654,493,0.9989756345748901,True
PUBLISHED_PRECOMPUTED_FEATURE_EVALUATION,FEATURE_SEARCH_ONLY,second_S2D.mat,427,493,9,26655,493,0.9989668726921082,True
PUBLISHED_PRECOMPUTED_FEATURE_EVALUATION,FEATURE_SEARCH_ONLY,second_S2D.mat,427,493,10,26661,493,0.9989557266235352,True
PUBLISHED_PRECOMPUTED_FEATURE_EVALUATION,FEATURE_SEARCH_ONLY,second_S2D.mat,428,494,1,26709,494,0.9992979168891907,True
PUBLISHED_PRECOMPUTED_FEATURE_EVALUATION,FEATURE_SEARCH_ONLY,second_S2D.mat,428,494,2,26710,494,0.9992462992668152,True
PUBLISHED_PRECOMPUTED_FEATURE_EVALUATION,FEATURE_SEARCH_ONLY,second_S2D.mat,428,494,3,26726,494,0.9992204904556274,True
PUBLISHED_PRECOMPUTED_FEATURE_EVALUATION,FEATURE_SEARCH_ONLY,second_S2D.mat,428,494,4,26691,494,0.999218761920929,True
PUBLISHED_PRECOMPUTED_FEATURE_EVALUATION,FEATURE_SEARCH_ONLY,second_S2D.mat,428,494,5,26708,494,0.9992018342018127,True
PUBLISHED_PRECOMPUTED_FEATURE_EVALUATION,FEATURE_SEARCH_ONLY,second_S2D.mat,428,494,6,26707,494,0.99918133020401,True
PUBLISHED_PRECOMPUTED_FEATURE_EVALUATION,FEATURE_SEARCH_ONLY,second_S2D.mat,428,494,7,26694,494,0.9991804361343384,True
PUBLISHED_PRECOMPUTED_FEATURE_EVALUATION,FEATURE_SEARCH_ONLY,second_S2D.mat,428,494,8,26712,494,0.9991410970687866,True
PUBLISHED_PRECOMPUTED_FEATURE_EVALUATION,FEATURE_SEARCH_ONLY,second_S2D.mat,428,494,9,26692,494,0.9991317987442017,True
PUBLISHED_PRECOMPUTED_FEATURE_EVALUATION,FEATURE_SEARCH_ONLY,second_S2D.mat,428,494,10,26693,494,0.999119222164154,True
PUBLISHED_PRECOMPUTED_FEATURE_EVALUATION,FEATURE_SEARCH_ONLY,second_S2D.mat,429,495,1,26754,495,0.9994029998779297,True
PUBLISHED_PRECOMPUTED_FEATURE_EVALUATION,FEATURE_SEARCH_ONLY,second_S2D.mat,429,495,2,26773,495,0.9993946552276611,True
PUBLISHED_PRECOMPUTED_FEATURE_EVALUATION,FEATURE_SEARCH_ONLY,second_S2D.mat,429,495,3,26772,495,0.9993896484375,True
PUBLISHED_PRECOMPUTED_FEATURE_EVALUATION,FEATURE_SEARCH_ONLY,second_S2D.mat,429,495,4,26753,495,0.9993703365325928,True
PUBLISHED_PRECOMPUTED_FEATURE_EVALUATION,FEATURE_SEARCH_ONLY,second_S2D.mat,429,495,5,26771,495,0.9993693828582764,True
PUBLISHED_PRECOMPUTED_FEATURE_EVALUATION,FEATURE_SEARCH_ONLY,second_S2D.mat,429,495,6,26759,495,0.9993597269058228,True
PUBLISHED_PRECOMPUTED_FEATURE_EVALUATION,FEATURE_SEARCH_ONLY,second_S2D.mat,429,495,7,26755,495,0.999354362487793,True
PUBLISHED_PRECOMPUTED_FEATURE_EVALUATION,FEATURE_SEARCH_ONLY,second_S2D.mat,429,495,8,26752,495,0.9993463754653931,True
PUBLISHED_PRECOMPUTED_FEATURE_EVALUATION,FEATURE_SEARCH_ONLY,second_S2D.mat,429,495,9,26769,495,0.999342679977417,True
PUBLISHED_PRECOMPUTED_FEATURE_EVALUATION,FEATURE_SEARCH_ONLY,second_S2D.mat,429,495,10,26770,495,0.9993361234664917,True
PUBLISHED_PRECOMPUTED_FEATURE_EVALUATION,FEATURE_SEARCH_ONLY,second_S2D.mat,430,496,1,26812,496,0.9992145299911499,True
PUBLISHED_PRECOMPUTED_FEATURE_EVALUATION,FEATURE_SEARCH_ONLY,second_S2D.mat,430,496,2,26809,496,0.9991908073425293,True
PUBLISHED_PRECOMPUTED_FEATURE_EVALUATION,FEATURE_SEARCH_ONLY,second_S2D.mat,430,496,3,26810,496,0.9991792440414429,True
PUBLISHED_PRECOMPUTED_FEATURE_EVALUATION,FEATURE_SEARCH_ONLY,second_S2D.mat,430,496,4,26811,496,0.999168872833252,True
PUBLISHED_PRECOMPUTED_FEATURE_EVALUATION,FEATURE_SEARCH_ONLY,second_S2D.mat,430,496,5,26791,496,0.999153733253479,True
PUBLISHED_PRECOMPUTED_FEATURE_EVALUATION,FEATURE_SEARCH_ONLY,second_S2D.mat,430,496,6,26807,496,0.9991440773010254,True
PUBLISHED_PRECOMPUTED_FEATURE_EVALUATION,FEATURE_SEARCH_ONLY,second_S2D.mat,430,496,7,26808,496,0.9990875124931335,True
PUBLISHED_PRECOMPUTED_FEATURE_EVALUATION,FEATURE_SEARCH_ONLY,second_S2D.mat,430,496,8,26792,496,0.9990674257278442,True
PUBLISHED_PRECOMPUTED_FEATURE_EVALUATION,FEATURE_SEARCH_ONLY,second_S2D.mat,430,496,9,26813,496,0.9990625381469727,True
PUBLISHED_PRECOMPUTED_FEATURE_EVALUATION,FEATURE_SEARCH_ONLY,second_S2D.mat,430,496,10,26828,496,0.9990613460540771,True
PUBLISHED_PRECOMPUTED_FEATURE_EVALUATION,FEATURE_SEARCH_ONLY,second_S2D.mat,431,498,1,26905,498,0.998723030090332,True
PUBLISHED_PRECOMPUTED_FEATURE_EVALUATION,FEATURE_SEARCH_ONLY,second_S2D.mat,431,498,2,26931,498,0.9987208843231201,True
PUBLISHED_PRECOMPUTED_FEATURE_EVALUATION,FEATURE_SEARCH_ONLY,second_S2D.mat,431,498,3,26913,498,0.9986847639083862,True
PUBLISHED_PRECOMPUTED_FEATURE_EVALUATION,FEATURE_SEARCH_ONLY,second_S2D.mat,431,498,4,26930,498,0.9986813068389893,True
PUBLISHED_PRECOMPUTED_FEATURE_EVALUATION,FEATURE_SEARCH_ONLY,second_S2D.mat,431,498,5,26928,498,0.9986759424209595,True
PUBLISHED_PRECOMPUTED_FEATURE_EVALUATION,FEATURE_SEARCH_ONLY,second_S2D.mat,431,498,6,26929,498,0.9986697435379028,True
PUBLISHED_PRECOMPUTED_FEATURE_EVALUATION,FEATURE_SEARCH_ONLY,second_S2D.mat,431,498,7,26923,498,0.9986602067947388,True
PUBLISHED_PRECOMPUTED_FEATURE_EVALUATION,FEATURE_SEARCH_ONLY,second_S2D.mat,431,498,8,26919,498,0.9986374378204346,True
PUBLISHED_PRECOMPUTED_FEATURE_EVALUATION,FEATURE_SEARCH_ONLY,second_S2D.mat,431,498,9,26921,498,0.998618483543396,True
PUBLISHED_PRECOMPUTED_FEATURE_EVALUATION,FEATURE_SEARCH_ONLY,second_S2D.mat,431,498,10,26904,498,0.9986165165901184,True
PUBLISHED_PRECOMPUTED_FEATURE_EVALUATION,FEATURE_SEARCH_ONLY,second_S2D.mat,432,499,1,26975,499,0.9994306564331055,True
PUBLISHED_PRECOMPUTED_FEATURE_EVALUATION,FEATURE_SEARCH_ONLY,second_S2D.mat,432,499,2,26981,499,0.9993902444839478,True
PUBLISHED_PRECOMPUTED_FEATURE_EVALUATION,FEATURE_SEARCH_ONLY,second_S2D.mat,432,499,3,26980,499,0.9993807077407837,True
PUBLISHED_PRECOMPUTED_FEATURE_EVALUATION,FEATURE_SEARCH_ONLY,second_S2D.mat,432,499,4,26983,499,0.9993727207183838,True
PUBLISHED_PRECOMPUTED_FEATURE_EVALUATION,FEATURE_SEARCH_ONLY,second_S2D.mat,432,499,5,26979,499,0.9993677735328674,True
PUBLISHED_PRECOMPUTED_FEATURE_EVALUATION,FEATURE_SEARCH_ONLY,second_S2D.mat,432,499,6,26974,499,0.9993585348129272,True
PUBLISHED_PRECOMPUTED_FEATURE_EVALUATION,FEATURE_SEARCH_ONLY,second_S2D.mat,432,499,7,26993,499,0.9993549585342407,True
PUBLISHED_PRECOMPUTED_FEATURE_EVALUATION,FEATURE_SEARCH_ONLY,second_S2D.mat,432,499,8,26982,499,0.9993409514427185,True
PUBLISHED_PRECOMPUTED_FEATURE_EVALUATION,FEATURE_SEARCH_ONLY,second_S2D.mat,432,499,9,26973,499,0.9993274807929993,True
PUBLISHED_PRECOMPUTED_FEATURE_EVALUATION,FEATURE_SEARCH_ONLY,second_S2D.mat,432,499,10,26992,499,0.9993141889572144,True
PUBLISHED_PRECOMPUTED_FEATURE_EVALUATION,FEATURE_SEARCH_ONLY,second_S2D.mat,433,500,1,27018,500,0.9994652271270752,True
PUBLISHED_PRECOMPUTED_FEATURE_EVALUATION,FEATURE_SEARCH_ONLY,second_S2D.mat,433,500,2,27040,500,0.999457597732544,True
PUBLISHED_PRECOMPUTED_FEATURE_EVALUATION,FEATURE_SEARCH_ONLY,second_S2D.mat,433,500,3,27019,500,0.9994500279426575,True
PUBLISHED_PRECOMPUTED_FEATURE_EVALUATION,FEATURE_SEARCH_ONLY,second_S2D.mat,433,500,4,27041,500,0.9994059801101685,True
PUBLISHED_PRECOMPUTED_FEATURE_EVALUATION,FEATURE_SEARCH_ONLY,second_S2D.mat,433,500,5,27022,500,0.9993869662284851,True
PUBLISHED_PRECOMPUTED_FEATURE_EVALUATION,FEATURE_SEARCH_ONLY,second_S2D.mat,433,500,6,27036,500,0.9993833899497986,True
PUBLISHED_PRECOMPUTED_FEATURE_EVALUATION,FEATURE_SEARCH_ONLY,second_S2D.mat,433,500,7,27021,500,0.9993727207183838,True
PUBLISHED_PRECOMPUTED_FEATURE_EVALUATION,FEATURE_SEARCH_ONLY,second_S2D.mat,433,500,8,27039,500,0.9993661046028137,True
PUBLISHED_PRECOMPUTED_FEATURE_EVALUATION,FEATURE_SEARCH_ONLY,second_S2D.mat,433,500,9,27038,500,0.9993657469749451,True
PUBLISHED_PRECOMPUTED_FEATURE_EVALUATION,FEATURE_SEARCH_ONLY,second_S2D.mat,433,500,10,27035,500,0.9993619918823242,True
PUBLISHED_PRECOMPUTED_FEATURE_EVALUATION,FEATURE_SEARCH_ONLY,second_S2D.mat,434,501,1,27098,501,0.9993695616722107,True
PUBLISHED_PRECOMPUTED_FEATURE_EVALUATION,FEATURE_SEARCH_ONLY,second_S2D.mat,434,501,2,27080,501,0.9993389844894409,True
PUBLISHED_PRECOMPUTED_FEATURE_EVALUATION,FEATURE_SEARCH_ONLY,second_S2D.mat,434,501,3,27090,501,0.999337375164032,True
PUBLISHED_PRECOMPUTED_FEATURE_EVALUATION,FEATURE_SEARCH_ONLY,second_S2D.mat,434,501,4,27089,501,0.9993287324905396,True
PUBLISHED_PRECOMPUTED_FEATURE_EVALUATION,FEATURE_SEARCH_ONLY,second_S2D.mat,434,501,5,27081,501,0.9992747902870178,True
PUBLISHED_PRECOMPUTED_FEATURE_EVALUATION,FEATURE_SEARCH_ONLY,second_S2D.mat,434,501,6,27099,501,0.9992420673370361,True
PUBLISHED_PRECOMPUTED_FEATURE_EVALUATION,FEATURE_SEARCH_ONLY,second_S2D.mat,434,501,7,27107,501,0.9992291927337646,True
PUBLISHED_PRECOMPUTED_FEATURE_EVALUATION,FEATURE_SEARCH_ONLY,second_S2D.mat,434,501,8,27063,501,0.9992250204086304,True
PUBLISHED_PRECOMPUTED_FEATURE_EVALUATION,FEATURE_SEARCH_ONLY,second_S2D.mat,434,501,9,27097,501,0.9992232918739319,True
PUBLISHED_PRECOMPUTED_FEATURE_EVALUATION,FEATURE_SEARCH_ONLY,second_S2D.mat,434,501,10,27082,501,0.9992173314094543,True
PUBLISHED_PRECOMPUTED_FEATURE_EVALUATION,FEATURE_SEARCH_ONLY,second_S2D.mat,435,502,1,27130,502,0.9995214939117432,True
PUBLISHED_PRECOMPUTED_FEATURE_EVALUATION,FEATURE_SEARCH_ONLY,second_S2D.mat,435,502,2,27134,502,0.9995096921920776,True
PUBLISHED_PRECOMPUTED_FEATURE_EVALUATION,FEATURE_SEARCH_ONLY,second_S2D.mat,435,502,3,27145,502,0.9995068311691284,True
PUBLISHED_PRECOMPUTED_FEATURE_EVALUATION,FEATURE_SEARCH_ONLY,second_S2D.mat,435,502,4,27144,502,0.9994837641716003,True
PUBLISHED_PRECOMPUTED_FEATURE_EVALUATION,FEATURE_SEARCH_ONLY,second_S2D.mat,435,502,5,27131,502,0.9994792938232422,True
PUBLISHED_PRECOMPUTED_FEATURE_EVALUATION,FEATURE_SEARCH_ONLY,second_S2D.mat,435,502,6,27147,502,0.9994765520095825,True
PUBLISHED_PRECOMPUTED_FEATURE_EVALUATION,FEATURE_SEARCH_ONLY,second_S2D.mat,435,502,7,27143,502,0.9994634389877319,True
PUBLISHED_PRECOMPUTED_FEATURE_EVALUATION,FEATURE_SEARCH_ONLY,second_S2D.mat,435,502,8,27151,502,0.9994583129882812,True
PUBLISHED_PRECOMPUTED_FEATURE_EVALUATION,FEATURE_SEARCH_ONLY,second_S2D.mat,435,502,9,27133,502,0.9994577169418335,True
PUBLISHED_PRECOMPUTED_FEATURE_EVALUATION,FEATURE_SEARCH_ONLY,second_S2D.mat,435,502,10,27127,502,0.999457597732544,True
PUBLISHED_PRECOMPUTED_FEATURE_EVALUATION,FEATURE_SEARCH_ONLY,second_S2D.mat,436,503,1,27195,503,0.9994316697120667,True
PUBLISHED_PRECOMPUTED_FEATURE_EVALUATION,FEATURE_SEARCH_ONLY,second_S2D.mat,436,503,2,27186,503,0.9993962645530701,True
PUBLISHED_PRECOMPUTED_FEATURE_EVALUATION,FEATURE_SEARCH_ONLY,second_S2D.mat,436,503,3,27173,503,0.9993951320648193,True
PUBLISHED_PRECOMPUTED_FEATURE_EVALUATION,FEATURE_SEARCH_ONLY,second_S2D.mat,436,503,4,27201,503,0.9993938207626343,True
PUBLISHED_PRECOMPUTED_FEATURE_EVALUATION,FEATURE_SEARCH_ONLY,second_S2D.mat,436,503,5,27191,503,0.999385416507721,True
PUBLISHED_PRECOMPUTED_FEATURE_EVALUATION,FEATURE_SEARCH_ONLY,second_S2D.mat,436,503,6,27194,503,0.9993852376937866,True
PUBLISHED_PRECOMPUTED_FEATURE_EVALUATION,FEATURE_SEARCH_ONLY,second_S2D.mat,436,503,7,27187,503,0.9993506669998169,True
PUBLISHED_PRECOMPUTED_FEATURE_EVALUATION,FEATURE_SEARCH_ONLY,second_S2D.mat,436,503,8,27204,503,0.9993486404418945,True
PUBLISHED_PRECOMPUTED_FEATURE_EVALUATION,FEATURE_SEARCH_ONLY,second_S2D.mat,436,503,9,27196,503,0.9993475675582886,True
PUBLISHED_PRECOMPUTED_FEATURE_EVALUATION,FEATURE_SEARCH_ONLY,second_S2D.mat,436,503,10,27200,503,0.9993444681167603,True
PUBLISHED_PRECOMPUTED_FEATURE_EVALUATION,FEATURE_SEARCH_ONLY,second_S2D.mat,437,504,1,27259,504,0.9994227290153503,True
PUBLISHED_PRECOMPUTED_FEATURE_EVALUATION,FEATURE_SEARCH_ONLY,second_S2D.mat,437,504,2,27241,504,0.9994081854820251,True
PUBLISHED_PRECOMPUTED_FEATURE_EVALUATION,FEATURE_SEARCH_ONLY,second_S2D.mat,437,504,3,27242,504,0.9993895292282104,True
PUBLISHED_PRECOMPUTED_FEATURE_EVALUATION,FEATURE_SEARCH_ONLY,second_S2D.mat,437,504,4,27252,504,0.99937903881073,True
PUBLISHED_PRECOMPUTED_FEATURE_EVALUATION,FEATURE_SEARCH_ONLY,second_S2D.mat,437,504,5,27262,504,0.9993755221366882,True
PUBLISHED_PRECOMPUTED_FEATURE_EVALUATION,FEATURE_SEARCH_ONLY,second_S2D.mat,437,504,6,27240,504,0.9993737936019897,True
PUBLISHED_PRECOMPUTED_FEATURE_EVALUATION,FEATURE_SEARCH_ONLY,second_S2D.mat,437,504,7,27257,504,0.9993619322776794,True
PUBLISHED_PRECOMPUTED_FEATURE_EVALUATION,FEATURE_SEARCH_ONLY,second_S2D.mat,437,504,8,27255,504,0.9993589520454407,True
PUBLISHED_PRECOMPUTED_FEATURE_EVALUATION,FEATURE_SEARCH_ONLY,second_S2D.mat,437,504,9,27263,504,0.999351978302002,True
PUBLISHED_PRECOMPUTED_FEATURE_EVALUATION,FEATURE_SEARCH_ONLY,second_S2D.mat,437,504,10,27258,504,0.9993512630462646,True
PUBLISHED_PRECOMPUTED_FEATURE_EVALUATION,FEATURE_SEARCH_ONLY,second_S2D.mat,438,505,1,27302,505,0.9993565082550049,True
PUBLISHED_PRECOMPUTED_FEATURE_EVALUATION,FEATURE_SEARCH_ONLY,second_S2D.mat,438,505,2,27305,505,0.9993401765823364,True
PUBLISHED_PRECOMPUTED_FEATURE_EVALUATION,FEATURE_SEARCH_ONLY,second_S2D.mat,438,505,3,27303,505,0.9993276596069336,True
PUBLISHED_PRECOMPUTED_FEATURE_EVALUATION,FEATURE_SEARCH_ONLY,second_S2D.mat,438,505,4,27308,505,0.9993271231651306,True
PUBLISHED_PRECOMPUTED_FEATURE_EVALUATION,FEATURE_SEARCH_ONLY,second_S2D.mat,438,505,5,27304,505,0.9993242025375366,True
PUBLISHED_PRECOMPUTED_FEATURE_EVALUATION,FEATURE_SEARCH_ONLY,second_S2D.mat,438,505,6,27320,505,0.9993104338645935,True
PUBLISHED_PRECOMPUTED_FEATURE_EVALUATION,FEATURE_SEARCH_ONLY,second_S2D.mat,438,505,7,27307,505,0.9992882013320923,True
PUBLISHED_PRECOMPUTED_FEATURE_EVALUATION,FEATURE_SEARCH_ONLY,second_S2D.mat,438,505,8,27288,505,0.9992867708206177,True
PUBLISHED_PRECOMPUTED_FEATURE_EVALUATION,FEATURE_SEARCH_ONLY,second_S2D.mat,438,505,9,27310,505,0.9992855787277222,True
PUBLISHED_PRECOMPUTED_FEATURE_EVALUATION,FEATURE_SEARCH_ONLY,second_S2D.mat,438,505,10,27319,505,0.9992842674255371,True
PUBLISHED_PRECOMPUTED_FEATURE_EVALUATION,FEATURE_SEARCH_ONLY,second_S2D.mat,439,506,1,27350,506,0.9992528557777405,True
PUBLISHED_PRECOMPUTED_FEATURE_EVALUATION,FEATURE_SEARCH_ONLY,second_S2D.mat,439,506,2,27366,506,0.9992501139640808,True
PUBLISHED_PRECOMPUTED_FEATURE_EVALUATION,FEATURE_SEARCH_ONLY,second_S2D.mat,439,506,3,27375,506,0.9992236495018005,True
PUBLISHED_PRECOMPUTED_FEATURE_EVALUATION,FEATURE_SEARCH_ONLY,second_S2D.mat,439,506,4,27359,506,0.999213695526123,True
PUBLISHED_PRECOMPUTED_FEATURE_EVALUATION,FEATURE_SEARCH_ONLY,second_S2D.mat,439,506,5,27367,506,0.9992055892944336,True
PUBLISHED_PRECOMPUTED_FEATURE_EVALUATION,FEATURE_SEARCH_ONLY,second_S2D.mat,439,506,6,27348,506,0.9992048740386963,True
PUBLISHED_PRECOMPUTED_FEATURE_EVALUATION,FEATURE_SEARCH_ONLY,second_S2D.mat,439,506,7,27349,506,0.9992033839225769,True
PUBLISHED_PRECOMPUTED_FEATURE_EVALUATION,FEATURE_SEARCH_ONLY,second_S2D.mat,439,506,8,27357,506,0.9991957545280457,True
PUBLISHED_PRECOMPUTED_FEATURE_EVALUATION,FEATURE_SEARCH_ONLY,second_S2D.mat,439,506,9,27355,506,0.99918532371521,True
PUBLISHED_PRECOMPUTED_FEATURE_EVALUATION,FEATURE_SEARCH_ONLY,second_S2D.mat,439,506,10,27351,506,0.9991759657859802,True
PUBLISHED_PRECOMPUTED_FEATURE_EVALUATION,FEATURE_SEARCH_ONLY,second_S2D.mat,440,507,1,27405,507,0.9993723034858704,True
PUBLISHED_PRECOMPUTED_FEATURE_EVALUATION,FEATURE_SEARCH_ONLY,second_S2D.mat,440,507,2,27409,507,0.9993711709976196,True
PUBLISHED_PRECOMPUTED_FEATURE_EVALUATION,FEATURE_SEARCH_ONLY,second_S2D.mat,440,507,3,27388,507,0.999361515045166,True
PUBLISHED_PRECOMPUTED_FEATURE_EVALUATION,FEATURE_SEARCH_ONLY,second_S2D.mat,440,507,4,27406,507,0.9993603229522705,True
PUBLISHED_PRECOMPUTED_FEATURE_EVALUATION,FEATURE_SEARCH_ONLY,second_S2D.mat,440,507,5,27411,507,0.9993538856506348,True
PUBLISHED_PRECOMPUTED_FEATURE_EVALUATION,FEATURE_SEARCH_ONLY,second_S2D.mat,440,507,6,27412,507,0.9993525743484497,True
PUBLISHED_PRECOMPUTED_FEATURE_EVALUATION,FEATURE_SEARCH_ONLY,second_S2D.mat,440,507,7,27404,507,0.9993370771408081,True
PUBLISHED_PRECOMPUTED_FEATURE_EVALUATION,FEATURE_SEARCH_ONLY,second_S2D.mat,440,507,8,27407,507,0.9993242621421814,True
PUBLISHED_PRECOMPUTED_FEATURE_EVALUATION,FEATURE_SEARCH_ONLY,second_S2D.mat,440,507,9,27408,507,0.9992984533309937,True
PUBLISHED_PRECOMPUTED_FEATURE_EVALUATION,FEATURE_SEARCH_ONLY,second_S2D.mat,440,507,10,27401,507,0.999295175075531,True
PUBLISHED_PRECOMPUTED_FEATURE_EVALUATION,FEATURE_SEARCH_ONLY,second_S2D.mat,441,510,1,27829,515,0.9988526701927185,False
PUBLISHED_PRECOMPUTED_FEATURE_EVALUATION,FEATURE_SEARCH_ONLY,second_S2D.mat,441,510,2,27816,515,0.9988480806350708,False
PUBLISHED_PRECOMPUTED_FEATURE_EVALUATION,FEATURE_SEARCH_ONLY,second_S2D.mat,441,510,3,27821,515,0.9987743496894836,False
PUBLISHED_PRECOMPUTED_FEATURE_EVALUATION,FEATURE_SEARCH_ONLY,second_S2D.mat,441,510,4,27811,515,0.9987739324569702,False
PUBLISHED_PRECOMPUTED_FEATURE_EVALUATION,FEATURE_SEARCH_ONLY,second_S2D.mat,441,510,5,27818,515,0.9987691640853882,False
PUBLISHED_PRECOMPUTED_FEATURE_EVALUATION,FEATURE_SEARCH_ONLY,second_S2D.mat,441,510,6,27574,510,0.9987684488296509,True
PUBLISHED_PRECOMPUTED_FEATURE_EVALUATION,FEATURE_SEARCH_ONLY,second_S2D.mat,441,510,7,27849,515,0.998765230178833,False
PUBLISHED_PRECOMPUTED_FEATURE_EVALUATION,FEATURE_SEARCH_ONLY,second_S2D.mat,441,510,8,27833,515,0.9987626075744629,False
PUBLISHED_PRECOMPUTED_FEATURE_EVALUATION,FEATURE_SEARCH_ONLY,second_S2D.mat,441,510,9,27832,515,0.9987545609474182,False
PUBLISHED_PRECOMPUTED_FEATURE_EVALUATION,FEATURE_SEARCH_ONLY,second_S2D.mat,441,510,10,27846,515,0.9987429976463318,False
PUBLISHED_PRECOMPUTED_FEATURE_EVALUATION,FEATURE_SEARCH_ONLY,second_S2D.mat,442,511,1,27628,511,0.9986475706100464,True
PUBLISHED_PRECOMPUTED_FEATURE_EVALUATION,FEATURE_SEARCH_ONLY,second_S2D.mat,442,511,2,27627,511,0.9986390471458435,True
PUBLISHED_PRECOMPUTED_FEATURE_EVALUATION,FEATURE_SEARCH_ONLY,second_S2D.mat,442,511,3,27622,511,0.9986323118209839,True
PUBLISHED_PRECOMPUTED_FEATURE_EVALUATION,FEATURE_SEARCH_ONLY,second_S2D.mat,442,511,4,27619,511,0.9986197352409363,True
PUBLISHED_PRECOMPUTED_FEATURE_EVALUATION,FEATURE_SEARCH_ONLY,second_S2D.mat,442,511,5,27630,511,0.9986021518707275,True
PUBLISHED_PRECOMPUTED_FEATURE_EVALUATION,FEATURE_SEARCH_ONLY,second_S2D.mat,442,511,6,27612,511,0.9985997676849365,True
PUBLISHED_PRECOMPUTED_FEATURE_EVALUATION,FEATURE_SEARCH_ONLY,second_S2D.mat,442,511,7,27637,511,0.998563826084137,True
PUBLISHED_PRECOMPUTED_FEATURE_EVALUATION,FEATURE_SEARCH_ONLY,second_S2D.mat,442,511,8,27613,511,0.9985635876655579,True
PUBLISHED_PRECOMPUTED_FEATURE_EVALUATION,FEATURE_SEARCH_ONLY,second_S2D.mat,442,511,9,27607,511,0.9985625743865967,True
PUBLISHED_PRECOMPUTED_FEATURE_EVALUATION,FEATURE_SEARCH_ONLY,second_S2D.mat,442,511,10,27626,511,0.9985625147819519,True
PUBLISHED_PRECOMPUTED_FEATURE_EVALUATION,FEATURE_SEARCH_ONLY,second_S2D.mat,443,512,1,27685,512,0.9990234375,True
PUBLISHED_PRECOMPUTED_FEATURE_EVALUATION,FEATURE_SEARCH_ONLY,second_S2D.mat,443,512,2,27680,512,0.9989969730377197,True
PUBLISHED_PRECOMPUTED_FEATURE_EVALUATION,FEATURE_SEARCH_ONLY,second_S2D.mat,443,512,3,27684,512,0.9989780187606812,True
PUBLISHED_PRECOMPUTED_FEATURE_EVALUATION,FEATURE_SEARCH_ONLY,second_S2D.mat,443,512,4,27695,512,0.9989742040634155,True
PUBLISHED_PRECOMPUTED_FEATURE_EVALUATION,FEATURE_SEARCH_ONLY,second_S2D.mat,443,512,5,27689,512,0.9989684820175171,True
PUBLISHED_PRECOMPUTED_FEATURE_EVALUATION,FEATURE_SEARCH_ONLY,second_S2D.mat,443,512,6,27667,512,0.998956024646759,True
PUBLISHED_PRECOMPUTED_FEATURE_EVALUATION,FEATURE_SEARCH_ONLY,second_S2D.mat,443,512,7,27686,512,0.9989496469497681,True
PUBLISHED_PRECOMPUTED_FEATURE_EVALUATION,FEATURE_SEARCH_ONLY,second_S2D.mat,443,512,8,27675,512,0.9989375472068787,True
PUBLISHED_PRECOMPUTED_FEATURE_EVALUATION,FEATURE_SEARCH_ONLY,second_S2D.mat,443,512,9,27687,512,0.9989293217658997,True
PUBLISHED_PRECOMPUTED_FEATURE_EVALUATION,FEATURE_SEARCH_ONLY,second_S2D.mat,443,512,10,27698,512,0.9989153742790222,True
PUBLISHED_PRECOMPUTED_FEATURE_EVALUATION,FEATURE_SEARCH_ONLY,second_S2D.mat,444,513,1,27732,513,0.9993844032287598,True
PUBLISHED_PRECOMPUTED_FEATURE_EVALUATION,FEATURE_SEARCH_ONLY,second_S2D.mat,444,513,2,27731,513,0.9993739128112793,True
PUBLISHED_PRECOMPUTED_FEATURE_EVALUATION,FEATURE_SEARCH_ONLY,second_S2D.mat,444,513,3,27730,513,0.9993334412574768,True
PUBLISHED_PRECOMPUTED_FEATURE_EVALUATION,FEATURE_SEARCH_ONLY,second_S2D.mat,444,513,4,27738,513,0.9993218183517456,True
PUBLISHED_PRECOMPUTED_FEATURE_EVALUATION,FEATURE_SEARCH_ONLY,second_S2D.mat,444,513,5,27736,513,0.999291181564331,True
PUBLISHED_PRECOMPUTED_FEATURE_EVALUATION,FEATURE_SEARCH_ONLY,second_S2D.mat,444,513,6,27737,513,0.9992789030075073,True
PUBLISHED_PRECOMPUTED_FEATURE_EVALUATION,FEATURE_SEARCH_ONLY,second_S2D.mat,444,513,7,27718,513,0.9992759227752686,True
PUBLISHED_PRECOMPUTED_FEATURE_EVALUATION,FEATURE_SEARCH_ONLY,second_S2D.mat,444,513,8,27729,513,0.9992673993110657,True
PUBLISHED_PRECOMPUTED_FEATURE_EVALUATION,FEATURE_SEARCH_ONLY,second_S2D.mat,444,513,9,27739,513,0.9992629289627075,True
PUBLISHED_PRECOMPUTED_FEATURE_EVALUATION,FEATURE_SEARCH_ONLY,second_S2D.mat,444,513,10,27749,513,0.9992482662200928,True
PUBLISHED_PRECOMPUTED_FEATURE_EVALUATION,FEATURE_SEARCH_ONLY,second_S2D.mat,445,514,1,27782,514,0.9992312788963318,True
PUBLISHED_PRECOMPUTED_FEATURE_EVALUATION,FEATURE_SEARCH_ONLY,second_S2D.mat,445,514,2,27799,514,0.9992312788963318,True
PUBLISHED_PRECOMPUTED_FEATURE_EVALUATION,FEATURE_SEARCH_ONLY,second_S2D.mat,445,514,3,27797,514,0.999199390411377,True
PUBLISHED_PRECOMPUTED_FEATURE_EVALUATION,FEATURE_SEARCH_ONLY,second_S2D.mat,445,514,4,27787,514,0.9991910457611084,True
PUBLISHED_PRECOMPUTED_FEATURE_EVALUATION,FEATURE_SEARCH_ONLY,second_S2D.mat,445,514,5,27786,514,0.9991899728775024,True
PUBLISHED_PRECOMPUTED_FEATURE_EVALUATION,FEATURE_SEARCH_ONLY,second_S2D.mat,445,514,6,27783,514,0.9991893172264099,True
PUBLISHED_PRECOMPUTED_FEATURE_EVALUATION,FEATURE_SEARCH_ONLY,second_S2D.mat,445,514,7,27800,514,0.9991866946220398,True
PUBLISHED_PRECOMPUTED_FEATURE_EVALUATION,FEATURE_SEARCH_ONLY,second_S2D.mat,445,514,8,27796,514,0.999174952507019,True
PUBLISHED_PRECOMPUTED_FEATURE_EVALUATION,FEATURE_SEARCH_ONLY,second_S2D.mat,445,514,9,27785,514,0.9991734623908997,True
PUBLISHED_PRECOMPUTED_FEATURE_EVALUATION,FEATURE_SEARCH_ONLY,second_S2D.mat,445,514,10,27798,514,0.999160885810852,True
PUBLISHED_PRECOMPUTED_FEATURE_EVALUATION,FEATURE_SEARCH_ONLY,second_S2D.mat,446,515,1,27850,515,0.9992783069610596,True
PUBLISHED_PRECOMPUTED_FEATURE_EVALUATION,FEATURE_SEARCH_ONLY,second_S2D.mat,446,515,2,27849,515,0.9992448091506958,True
PUBLISHED_PRECOMPUTED_FEATURE_EVALUATION,FEATURE_SEARCH_ONLY,second_S2D.mat,446,515,3,27860,515,0.9992445111274719,True
PUBLISHED_PRECOMPUTED_FEATURE_EVALUATION,FEATURE_SEARCH_ONLY,second_S2D.mat,446,515,4,27841,515,0.9992303848266602,True
PUBLISHED_PRECOMPUTED_FEATURE_EVALUATION,FEATURE_SEARCH_ONLY,second_S2D.mat,446,515,5,27859,515,0.9992262721061707,True
PUBLISHED_PRECOMPUTED_FEATURE_EVALUATION,FEATURE_SEARCH_ONLY,second_S2D.mat,446,515,6,27851,515,0.9992085695266724,True
PUBLISHED_PRECOMPUTED_FEATURE_EVALUATION,FEATURE_SEARCH_ONLY,second_S2D.mat,446,515,7,27858,515,0.9991886019706726,True
PUBLISHED_PRECOMPUTED_FEATURE_EVALUATION,FEATURE_SEARCH_ONLY,second_S2D.mat,446,515,8,27829,515,0.9991794228553772,True
PUBLISHED_PRECOMPUTED_FEATURE_EVALUATION,FEATURE_SEARCH_ONLY,second_S2D.mat,446,515,9,27832,515,0.9991750121116638,True
PUBLISHED_PRECOMPUTED_FEATURE_EVALUATION,FEATURE_SEARCH_ONLY,second_S2D.mat,446,515,10,27830,515,0.9991682767868042,True
PUBLISHED_PRECOMPUTED_FEATURE_EVALUATION,FEATURE_SEARCH_ONLY,second_S2D.mat,447,516,1,27897,516,0.9991357326507568,True
PUBLISHED_PRECOMPUTED_FEATURE_EVALUATION,FEATURE_SEARCH_ONLY,second_S2D.mat,447,516,2,27901,516,0.9990993738174438,True
PUBLISHED_PRECOMPUTED_FEATURE_EVALUATION,FEATURE_SEARCH_ONLY,second_S2D.mat,447,516,3,27898,516,0.9990285634994507,True
PUBLISHED_PRECOMPUTED_FEATURE_EVALUATION,FEATURE_SEARCH_ONLY,second_S2D.mat,447,516,4,27900,516,0.9990125894546509,True
PUBLISHED_PRECOMPUTED_FEATURE_EVALUATION,FEATURE_SEARCH_ONLY,second_S2D.mat,447,516,5,27899,516,0.9990123510360718,True
PUBLISHED_PRECOMPUTED_FEATURE_EVALUATION,FEATURE_SEARCH_ONLY,second_S2D.mat,447,516,6,27906,516,0.9990012049674988,True
PUBLISHED_PRECOMPUTED_FEATURE_EVALUATION,FEATURE_SEARCH_ONLY,second_S2D.mat,447,516,7,27896,516,0.9989936351776123,True
PUBLISHED_PRECOMPUTED_FEATURE_EVALUATION,FEATURE_SEARCH_ONLY,second_S2D.mat,447,516,8,27881,516,0.9989780187606812,True
PUBLISHED_PRECOMPUTED_FEATURE_EVALUATION,FEATURE_SEARCH_ONLY,second_S2D.mat,447,516,9,27883,516,0.998975396156311,True
PUBLISHED_PRECOMPUTED_FEATURE_EVALUATION,FEATURE_SEARCH_ONLY,second_S2D.mat,447,516,10,27887,516,0.9989743232727051,True
PUBLISHED_PRECOMPUTED_FEATURE_EVALUATION,FEATURE_SEARCH_ONLY,second_S2D.mat,448,517,1,27938,517,0.9991689324378967,True
PUBLISHED_PRECOMPUTED_FEATURE_EVALUATION,FEATURE_SEARCH_ONLY,second_S2D.mat,448,517,2,27955,517,0.9991435408592224,True
PUBLISHED_PRECOMPUTED_FEATURE_EVALUATION,FEATURE_SEARCH_ONLY,second_S2D.mat,448,517,3,27939,517,0.9991258382797241,True
PUBLISHED_PRECOMPUTED_FEATURE_EVALUATION,FEATURE_SEARCH_ONLY,second_S2D.mat,448,517,4,27958,517,0.9991163015365601,True
PUBLISHED_PRECOMPUTED_FEATURE_EVALUATION,FEATURE_SEARCH_ONLY,second_S2D.mat,448,517,5,27956,517,0.9991159439086914,True
PUBLISHED_PRECOMPUTED_FEATURE_EVALUATION,FEATURE_SEARCH_ONLY,second_S2D.mat,448,517,6,27953,517,0.9991065263748169,True
PUBLISHED_PRECOMPUTED_FEATURE_EVALUATION,FEATURE_SEARCH_ONLY,second_S2D.mat,448,517,7,27957,517,0.9990836381912231,True
PUBLISHED_PRECOMPUTED_FEATURE_EVALUATION,FEATURE_SEARCH_ONLY,second_S2D.mat,448,517,8,27951,517,0.9990651607513428,True
PUBLISHED_PRECOMPUTED_FEATURE_EVALUATION,FEATURE_SEARCH_ONLY,second_S2D.mat,448,517,9,27946,517,0.9990367889404297,True
PUBLISHED_PRECOMPUTED_FEATURE_EVALUATION,FEATURE_SEARCH_ONLY,second_S2D.mat,448,517,10,27937,517,0.9990361928939819,True
PUBLISHED_PRECOMPUTED_FEATURE_EVALUATION,FEATURE_SEARCH_ONLY,second_S2D.mat,449,518,1,27990,518,0.999488353729248,True
PUBLISHED_PRECOMPUTED_FEATURE_EVALUATION,FEATURE_SEARCH_ONLY,second_S2D.mat,449,518,2,28004,518,0.9994457364082336,True
PUBLISHED_PRECOMPUTED_FEATURE_EVALUATION,FEATURE_SEARCH_ONLY,second_S2D.mat,449,518,3,28008,518,0.9994333386421204,True
PUBLISHED_PRECOMPUTED_FEATURE_EVALUATION,FEATURE_SEARCH_ONLY,second_S2D.mat,449,518,4,27986,518,0.9994300603866577,True
PUBLISHED_PRECOMPUTED_FEATURE_EVALUATION,FEATURE_SEARCH_ONLY,second_S2D.mat,449,518,5,28005,518,0.9994277358055115,True
PUBLISHED_PRECOMPUTED_FEATURE_EVALUATION,FEATURE_SEARCH_ONLY,second_S2D.mat,449,518,6,27992,518,0.9994252920150757,True
PUBLISHED_PRECOMPUTED_FEATURE_EVALUATION,FEATURE_SEARCH_ONLY,second_S2D.mat,449,518,7,27987,518,0.9994182586669922,True
PUBLISHED_PRECOMPUTED_FEATURE_EVALUATION,FEATURE_SEARCH_ONLY,second_S2D.mat,449,518,8,28007,518,0.9994176626205444,True
PUBLISHED_PRECOMPUTED_FEATURE_EVALUATION,FEATURE_SEARCH_ONLY,second_S2D.mat,449,518,9,27991,518,0.999416172504425,True
PUBLISHED_PRECOMPUTED_FEATURE_EVALUATION,FEATURE_SEARCH_ONLY,second_S2D.mat,449,518,10,28006,518,0.999413013458252,True
PUBLISHED_PRECOMPUTED_FEATURE_EVALUATION,FEATURE_SEARCH_ONLY,second_S2D.mat,450,519,1,28046,519,0.9990453720092773,True
PUBLISHED_PRECOMPUTED_FEATURE_EVALUATION,FEATURE_SEARCH_ONLY,second_S2D.mat,450,519,2,28066,519,0.9990130662918091,True
PUBLISHED_PRECOMPUTED_FEATURE_EVALUATION,FEATURE_SEARCH_ONLY,second_S2D.mat,450,519,3,28047,519,0.9989559054374695,True
PUBLISHED_PRECOMPUTED_FEATURE_EVALUATION,FEATURE_SEARCH_ONLY,second_S2D.mat,450,519,4,28048,519,0.9988661408424377,True
PUBLISHED_PRECOMPUTED_FEATURE_EVALUATION,FEATURE_SEARCH_ONLY,second_S2D.mat,450,519,5,28028,519,0.9988507032394409,True
PUBLISHED_PRECOMPUTED_FEATURE_EVALUATION,FEATURE_SEARCH_ONLY,second_S2D.mat,450,519,6,28427,526,0.9988322854042053,False
PUBLISHED_PRECOMPUTED_FEATURE_EVALUATION,FEATURE_SEARCH_ONLY,second_S2D.mat,450,519,7,28029,519,0.9988255500793457,True
PUBLISHED_PRECOMPUTED_FEATURE_EVALUATION,FEATURE_SEARCH_ONLY,second_S2D.mat,450,519,8,28064,519,0.9987918734550476,True
PUBLISHED_PRECOMPUTED_FEATURE_EVALUATION,FEATURE_SEARCH_ONLY,second_S2D.mat,450,519,9,28409,526,0.9987717866897583,False
PUBLISHED_PRECOMPUTED_FEATURE_EVALUATION,FEATURE_SEARCH_ONLY,second_S2D.mat,450,519,10,28410,526,0.9987540245056152,False
PUBLISHED_PRECOMPUTED_FEATURE_EVALUATION,FEATURE_SEARCH_ONLY,second_S2D.mat,451,520,1,28108,520,0.998963475227356,True
PUBLISHED_PRECOMPUTED_FEATURE_EVALUATION,FEATURE_SEARCH_ONLY,second_S2D.mat,451,520,2,28090,520,0.9989551901817322,True
PUBLISHED_PRECOMPUTED_FEATURE_EVALUATION,FEATURE_SEARCH_ONLY,second_S2D.mat,451,520,3,28109,520,0.9988610744476318,True
PUBLISHED_PRECOMPUTED_FEATURE_EVALUATION,FEATURE_SEARCH_ONLY,second_S2D.mat,451,520,4,28115,520,0.9988473057746887,True
PUBLISHED_PRECOMPUTED_FEATURE_EVALUATION,FEATURE_SEARCH_ONLY,second_S2D.mat,451,520,5,28124,520,0.9988425970077515,True
PUBLISHED_PRECOMPUTED_FEATURE_EVALUATION,FEATURE_SEARCH_ONLY,second_S2D.mat,451,520,6,28112,520,0.9988422989845276,True
PUBLISHED_PRECOMPUTED_FEATURE_EVALUATION,FEATURE_SEARCH_ONLY,second_S2D.mat,451,520,7,28128,520,0.9988142251968384,True
PUBLISHED_PRECOMPUTED_FEATURE_EVALUATION,FEATURE_SEARCH_ONLY,second_S2D.mat,451,520,8,28091,520,0.9988072514533997,True
PUBLISHED_PRECOMPUTED_FEATURE_EVALUATION,FEATURE_SEARCH_ONLY,second_S2D.mat,451,520,9,28107,520,0.9988051652908325,True
PUBLISHED_PRECOMPUTED_FEATURE_EVALUATION,FEATURE_SEARCH_ONLY,second_S2D.mat,451,520,10,28113,520,0.9988031387329102,True
PUBLISHED_PRECOMPUTED_FEATURE_EVALUATION,FEATURE_SEARCH_ONLY,second_S2D.mat,452,521,1,28173,521,0.9995534420013428,True
PUBLISHED_PRECOMPUTED_FEATURE_EVALUATION,FEATURE_SEARCH_ONLY,second_S2D.mat,452,521,2,28172,521,0.999512255191803,True
PUBLISHED_PRECOMPUTED_FEATURE_EVALUATION,FEATURE_SEARCH_ONLY,second_S2D.mat,452,521,3,28155,521,0.9994641542434692,True
PUBLISHED_PRECOMPUTED_FEATURE_EVALUATION,FEATURE_SEARCH_ONLY,second_S2D.mat,452,521,4,28167,521,0.9994565844535828,True
PUBLISHED_PRECOMPUTED_FEATURE_EVALUATION,FEATURE_SEARCH_ONLY,second_S2D.mat,452,521,5,28174,521,0.9994531273841858,True
PUBLISHED_PRECOMPUTED_FEATURE_EVALUATION,FEATURE_SEARCH_ONLY,second_S2D.mat,452,521,6,28169,521,0.9994456768035889,True
PUBLISHED_PRECOMPUTED_FEATURE_EVALUATION,FEATURE_SEARCH_ONLY,second_S2D.mat,452,521,7,28151,521,0.9994259476661682,True
PUBLISHED_PRECOMPUTED_FEATURE_EVALUATION,FEATURE_SEARCH_ONLY,second_S2D.mat,452,521,8,28166,521,0.999422550201416,True
PUBLISHED_PRECOMPUTED_FEATURE_EVALUATION,FEATURE_SEARCH_ONLY,second_S2D.mat,452,521,9,28171,521,0.9994221925735474,True
PUBLISHED_PRECOMPUTED_FEATURE_EVALUATION,FEATURE_SEARCH_ONLY,second_S2D.mat,452,521,10,28156,521,0.9994093179702759,True
PUBLISHED_PRECOMPUTED_FEATURE_EVALUATION,FEATURE_SEARCH_ONLY,second_S2D.mat,453,522,1,28207,522,0.9992238283157349,True
PUBLISHED_PRECOMPUTED_FEATURE_EVALUATION,FEATURE_SEARCH_ONLY,second_S2D.mat,453,522,2,28206,522,0.9991917014122009,True
PUBLISHED_PRECOMPUTED_FEATURE_EVALUATION,FEATURE_SEARCH_ONLY,second_S2D.mat,453,522,3,28225,522,0.9991859197616577,True
PUBLISHED_PRECOMPUTED_FEATURE_EVALUATION,FEATURE_SEARCH_ONLY,second_S2D.mat,453,522,4,28224,522,0.9991527795791626,True
PUBLISHED_PRECOMPUTED_FEATURE_EVALUATION,FEATURE_SEARCH_ONLY,second_S2D.mat,453,522,5,28199,522,0.9991424083709717,True
PUBLISHED_PRECOMPUTED_FEATURE_EVALUATION,FEATURE_SEARCH_ONLY,second_S2D.mat,453,522,6,28219,522,0.9991397261619568,True
PUBLISHED_PRECOMPUTED_FEATURE_EVALUATION,FEATURE_SEARCH_ONLY,second_S2D.mat,453,522,7,28215,522,0.9991388916969299,True
PUBLISHED_PRECOMPUTED_FEATURE_EVALUATION,FEATURE_SEARCH_ONLY,second_S2D.mat,453,522,8,28209,522,0.999138355255127,True
PUBLISHED_PRECOMPUTED_FEATURE_EVALUATION,FEATURE_SEARCH_ONLY,second_S2D.mat,453,522,9,28234,522,0.9991382360458374,True
PUBLISHED_PRECOMPUTED_FEATURE_EVALUATION,FEATURE_SEARCH_ONLY,second_S2D.mat,453,522,10,28198,522,0.9991370439529419,True
PUBLISHED_PRECOMPUTED_FEATURE_EVALUATION,FEATURE_SEARCH_ONLY,second_S2D.mat,454,524,1,28332,524,0.999399721622467,True
PUBLISHED_PRECOMPUTED_FEATURE_EVALUATION,FEATURE_SEARCH_ONLY,second_S2D.mat,454,524,2,28331,524,0.9993848204612732,True
PUBLISHED_PRECOMPUTED_FEATURE_EVALUATION,FEATURE_SEARCH_ONLY,second_S2D.mat,454,524,3,28328,524,0.9993813633918762,True
PUBLISHED_PRECOMPUTED_FEATURE_EVALUATION,FEATURE_SEARCH_ONLY,second_S2D.mat,454,524,4,28333,524,0.9993700385093689,True
PUBLISHED_PRECOMPUTED_FEATURE_EVALUATION,FEATURE_SEARCH_ONLY,second_S2D.mat,454,524,5,28327,524,0.9993693828582764,True
PUBLISHED_PRECOMPUTED_FEATURE_EVALUATION,FEATURE_SEARCH_ONLY,second_S2D.mat,454,524,6,28310,524,0.9993534684181213,True
PUBLISHED_PRECOMPUTED_FEATURE_EVALUATION,FEATURE_SEARCH_ONLY,second_S2D.mat,454,524,7,28330,524,0.9993475675582886,True
PUBLISHED_PRECOMPUTED_FEATURE_EVALUATION,FEATURE_SEARCH_ONLY,second_S2D.mat,454,524,8,28334,524,0.9993445873260498,True
PUBLISHED_PRECOMPUTED_FEATURE_EVALUATION,FEATURE_SEARCH_ONLY,second_S2D.mat,454,524,9,28309,524,0.9993047714233398,True
PUBLISHED_PRECOMPUTED_FEATURE_EVALUATION,FEATURE_SEARCH_ONLY,second_S2D.mat,454,524,10,28329,524,0.9993039965629578,True
PUBLISHED_PRECOMPUTED_FEATURE_EVALUATION,FEATURE_SEARCH_ONLY,second_S2D.mat,455,525,1,28381,525,0.9993902444839478,True
PUBLISHED_PRECOMPUTED_FEATURE_EVALUATION,FEATURE_SEARCH_ONLY,second_S2D.mat,455,525,2,28389,525,0.9993870258331299,True
PUBLISHED_PRECOMPUTED_FEATURE_EVALUATION,FEATURE_SEARCH_ONLY,second_S2D.mat,455,525,3,28384,525,0.9993797540664673,True
PUBLISHED_PRECOMPUTED_FEATURE_EVALUATION,FEATURE_SEARCH_ONLY,second_S2D.mat,455,525,4,28385,525,0.9993728995323181,True
PUBLISHED_PRECOMPUTED_FEATURE_EVALUATION,FEATURE_SEARCH_ONLY,second_S2D.mat,455,525,5,28386,525,0.9993664026260376,True
PUBLISHED_PRECOMPUTED_FEATURE_EVALUATION,FEATURE_SEARCH_ONLY,second_S2D.mat,455,525,6,28380,525,0.9993510246276855,True
PUBLISHED_PRECOMPUTED_FEATURE_EVALUATION,FEATURE_SEARCH_ONLY,second_S2D.mat,455,525,7,28390,525,0.9993237257003784,True
PUBLISHED_PRECOMPUTED_FEATURE_EVALUATION,FEATURE_SEARCH_ONLY,second_S2D.mat,455,525,8,28387,525,0.9992890357971191,True
PUBLISHED_PRECOMPUTED_FEATURE_EVALUATION,FEATURE_SEARCH_ONLY,second_S2D.mat,455,525,9,28388,525,0.999286949634552,True
PUBLISHED_PRECOMPUTED_FEATURE_EVALUATION,FEATURE_SEARCH_ONLY,second_S2D.mat,455,525,10,28383,525,0.9992783069610596,True
PUBLISHED_PRECOMPUTED_FEATURE_EVALUATION,FEATURE_SEARCH_ONLY,second_S2D.mat,456,526,1,28429,526,0.9986094832420349,True
PUBLISHED_PRECOMPUTED_FEATURE_EVALUATION,FEATURE_SEARCH_ONLY,second_S2D.mat,456,526,2,28431,526,0.9986057877540588,True
PUBLISHED_PRECOMPUTED_FEATURE_EVALUATION,FEATURE_SEARCH_ONLY,second_S2D.mat,456,526,3,28408,526,0.9985752701759338,True
PUBLISHED_PRECOMPUTED_FEATURE_EVALUATION,FEATURE_SEARCH_ONLY,second_S2D.mat,456,526,4,28430,526,0.9985561370849609,True
PUBLISHED_PRECOMPUTED_FEATURE_EVALUATION,FEATURE_SEARCH_ONLY,second_S2D.mat,456,526,5,28416,526,0.9985560774803162,True
PUBLISHED_PRECOMPUTED_FEATURE_EVALUATION,FEATURE_SEARCH_ONLY,second_S2D.mat,456,526,6,28410,526,0.9985554218292236,True
PUBLISHED_PRECOMPUTED_FEATURE_EVALUATION,FEATURE_SEARCH_ONLY,second_S2D.mat,456,526,7,28438,526,0.9985536336898804,True
PUBLISHED_PRECOMPUTED_FEATURE_EVALUATION,FEATURE_SEARCH_ONLY,second_S2D.mat,456,526,8,28411,526,0.9985446929931641,True
PUBLISHED_PRECOMPUTED_FEATURE_EVALUATION,FEATURE_SEARCH_ONLY,second_S2D.mat,456,526,9,28428,526,0.9985273480415344,True
PUBLISHED_PRECOMPUTED_FEATURE_EVALUATION,FEATURE_SEARCH_ONLY,second_S2D.mat,456,526,10,28415,526,0.9985248446464539,True
PUBLISHED_PRECOMPUTED_FEATURE_EVALUATION,FEATURE_SEARCH_ONLY,second_S2D.mat,457,527,1,28494,527,0.9991431832313538,True
PUBLISHED_PRECOMPUTED_FEATURE_EVALUATION,FEATURE_SEARCH_ONLY,second_S2D.mat,457,527,2,28476,527,0.9990933537483215,True
PUBLISHED_PRECOMPUTED_FEATURE_EVALUATION,FEATURE_SEARCH_ONLY,second_S2D.mat,457,527,3,28492,527,0.9990696907043457,True
PUBLISHED_PRECOMPUTED_FEATURE_EVALUATION,FEATURE_SEARCH_ONLY,second_S2D.mat,457,527,4,28477,527,0.9990413188934326,True
PUBLISHED_PRECOMPUTED_FEATURE_EVALUATION,FEATURE_SEARCH_ONLY,second_S2D.mat,457,527,5,28458,527,0.9990262985229492,True
PUBLISHED_PRECOMPUTED_FEATURE_EVALUATION,FEATURE_SEARCH_ONLY,second_S2D.mat,457,527,6,28475,527,0.9989619255065918,True
PUBLISHED_PRECOMPUTED_FEATURE_EVALUATION,FEATURE_SEARCH_ONLY,second_S2D.mat,457,527,7,28474,527,0.9989471435546875,True
PUBLISHED_PRECOMPUTED_FEATURE_EVALUATION,FEATURE_SEARCH_ONLY,second_S2D.mat,457,527,8,28485,527,0.9989427924156189,True
PUBLISHED_PRECOMPUTED_FEATURE_EVALUATION,FEATURE_SEARCH_ONLY,second_S2D.mat,457,527,9,28482,527,0.9989333152770996,True
PUBLISHED_PRECOMPUTED_FEATURE_EVALUATION,FEATURE_SEARCH_ONLY,second_S2D.mat,457,527,10,28470,527,0.9989232420921326,True
PUBLISHED_PRECOMPUTED_FEATURE_EVALUATION,FEATURE_SEARCH_ONLY,second_S2D.mat,458,529,1,28598,529,0.9993848204612732,True
PUBLISHED_PRECOMPUTED_FEATURE_EVALUATION,FEATURE_SEARCH_ONLY,second_S2D.mat,458,529,2,28589,529,0.9993845224380493,True
PUBLISHED_PRECOMPUTED_FEATURE_EVALUATION,FEATURE_SEARCH_ONLY,second_S2D.mat,458,529,3,28605,529,0.9993723034858704,True
PUBLISHED_PRECOMPUTED_FEATURE_EVALUATION,FEATURE_SEARCH_ONLY,second_S2D.mat,458,529,4,28587,529,0.9993324279785156,True
PUBLISHED_PRECOMPUTED_FEATURE_EVALUATION,FEATURE_SEARCH_ONLY,second_S2D.mat,458,529,5,28599,529,0.9993292093276978,True
PUBLISHED_PRECOMPUTED_FEATURE_EVALUATION,FEATURE_SEARCH_ONLY,second_S2D.mat,458,529,6,28588,529,0.9993224143981934,True
PUBLISHED_PRECOMPUTED_FEATURE_EVALUATION,FEATURE_SEARCH_ONLY,second_S2D.mat,458,529,7,28606,529,0.9993220567703247,True
PUBLISHED_PRECOMPUTED_FEATURE_EVALUATION,FEATURE_SEARCH_ONLY,second_S2D.mat,458,529,8,28580,529,0.999314546585083,True
PUBLISHED_PRECOMPUTED_FEATURE_EVALUATION,FEATURE_SEARCH_ONLY,second_S2D.mat,458,529,9,28607,529,0.9993134140968323,True
PUBLISHED_PRECOMPUTED_FEATURE_EVALUATION,FEATURE_SEARCH_ONLY,second_S2D.mat,458,529,10,28586,529,0.9993116855621338,True
PUBLISHED_PRECOMPUTED_FEATURE_EVALUATION,FEATURE_SEARCH_ONLY,second_S2D.mat,459,533,1,28831,533,0.9992957711219788,True
PUBLISHED_PRECOMPUTED_FEATURE_EVALUATION,FEATURE_SEARCH_ONLY,second_S2D.mat,459,533,2,28813,533,0.9992684721946716,True
PUBLISHED_PRECOMPUTED_FEATURE_EVALUATION,FEATURE_SEARCH_ONLY,second_S2D.mat,459,533,3,28815,533,0.9992501139640808,True
PUBLISHED_PRECOMPUTED_FEATURE_EVALUATION,FEATURE_SEARCH_ONLY,second_S2D.mat,459,533,4,28821,533,0.9992111921310425,True
PUBLISHED_PRECOMPUTED_FEATURE_EVALUATION,FEATURE_SEARCH_ONLY,second_S2D.mat,459,533,5,28833,533,0.999205470085144,True
PUBLISHED_PRECOMPUTED_FEATURE_EVALUATION,FEATURE_SEARCH_ONLY,second_S2D.mat,459,533,6,28822,533,0.9991863965988159,True
PUBLISHED_PRECOMPUTED_FEATURE_EVALUATION,FEATURE_SEARCH_ONLY,second_S2D.mat,459,533,7,28814,533,0.9991791844367981,True
PUBLISHED_PRECOMPUTED_FEATURE_EVALUATION,FEATURE_SEARCH_ONLY,second_S2D.mat,459,533,8,28811,533,0.9991731643676758,True
PUBLISHED_PRECOMPUTED_FEATURE_EVALUATION,FEATURE_SEARCH_ONLY,second_S2D.mat,459,533,9,28830,533,0.9991656541824341,True
PUBLISHED_PRECOMPUTED_FEATURE_EVALUATION,FEATURE_SEARCH_ONLY,second_S2D.mat,459,533,10,28832,533,0.999154269695282,True
PUBLISHED_PRECOMPUTED_FEATURE_EVALUATION,FEATURE_SEARCH_ONLY,second_S2D.mat,460,535,1,28906,535,0.9993183612823486,True
PUBLISHED_PRECOMPUTED_FEATURE_EVALUATION,FEATURE_SEARCH_ONLY,second_S2D.mat,460,535,2,28924,535,0.9993003010749817,True
PUBLISHED_PRECOMPUTED_FEATURE_EVALUATION,FEATURE_SEARCH_ONLY,second_S2D.mat,460,535,3,28923,535,0.9992717504501343,True
PUBLISHED_PRECOMPUTED_FEATURE_EVALUATION,FEATURE_SEARCH_ONLY,second_S2D.mat,460,535,4,28907,535,0.9992673993110657,True
PUBLISHED_PRECOMPUTED_FEATURE_EVALUATION,FEATURE_SEARCH_ONLY,second_S2D.mat,460,535,5,28908,535,0.9992647171020508,True
PUBLISHED_PRECOMPUTED_FEATURE_EVALUATION,FEATURE_SEARCH_ONLY,second_S2D.mat,460,535,6,28922,535,0.9992262125015259,True
PUBLISHED_PRECOMPUTED_FEATURE_EVALUATION,FEATURE_SEARCH_ONLY,second_S2D.mat,460,535,7,28890,535,0.9992069005966187,True
PUBLISHED_PRECOMPUTED_FEATURE_EVALUATION,FEATURE_SEARCH_ONLY,second_S2D.mat,460,535,8,28891,535,0.9991937279701233,True
PUBLISHED_PRECOMPUTED_FEATURE_EVALUATION,FEATURE_SEARCH_ONLY,second_S2D.mat,460,535,9,28898,535,0.9991878271102905,True
PUBLISHED_PRECOMPUTED_FEATURE_EVALUATION,FEATURE_SEARCH_ONLY,second_S2D.mat,460,535,10,28905,535,0.9991759061813354,True
PUBLISHED_PRECOMPUTED_FEATURE_EVALUATION,FEATURE_SEARCH_ONLY,second_S2D.mat,461,537,1,29029,537,0.999436616897583,True
PUBLISHED_PRECOMPUTED_FEATURE_EVALUATION,FEATURE_SEARCH_ONLY,second_S2D.mat,461,537,2,29041,537,0.9994360208511353,True
PUBLISHED_PRECOMPUTED_FEATURE_EVALUATION,FEATURE_SEARCH_ONLY,second_S2D.mat,461,537,3,29024,537,0.9994199872016907,True
PUBLISHED_PRECOMPUTED_FEATURE_EVALUATION,FEATURE_SEARCH_ONLY,second_S2D.mat,461,537,4,29038,537,0.9994162917137146,True
PUBLISHED_PRECOMPUTED_FEATURE_EVALUATION,FEATURE_SEARCH_ONLY,second_S2D.mat,461,537,5,29028,537,0.9994161128997803,True
PUBLISHED_PRECOMPUTED_FEATURE_EVALUATION,FEATURE_SEARCH_ONLY,second_S2D.mat,461,537,6,29023,537,0.9994102120399475,True
PUBLISHED_PRECOMPUTED_FEATURE_EVALUATION,FEATURE_SEARCH_ONLY,second_S2D.mat,461,537,7,29042,537,0.9994005560874939,True
PUBLISHED_PRECOMPUTED_FEATURE_EVALUATION,FEATURE_SEARCH_ONLY,second_S2D.mat,461,537,8,29027,537,0.9993972778320312,True
PUBLISHED_PRECOMPUTED_FEATURE_EVALUATION,FEATURE_SEARCH_ONLY,second_S2D.mat,461,537,9,29040,537,0.9993951320648193,True
PUBLISHED_PRECOMPUTED_FEATURE_EVALUATION,FEATURE_SEARCH_ONLY,second_S2D.mat,461,537,10,29026,537,0.9993945360183716,True
PUBLISHED_PRECOMPUTED_FEATURE_EVALUATION,FEATURE_SEARCH_ONLY,second_S2D.mat,462,538,1,29092,538,0.9992682933807373,True
PUBLISHED_PRECOMPUTED_FEATURE_EVALUATION,FEATURE_SEARCH_ONLY,second_S2D.mat,462,538,2,29093,538,0.9991669654846191,True
PUBLISHED_PRECOMPUTED_FEATURE_EVALUATION,FEATURE_SEARCH_ONLY,second_S2D.mat,462,538,3,29085,538,0.9991621375083923,True
PUBLISHED_PRECOMPUTED_FEATURE_EVALUATION,FEATURE_SEARCH_ONLY,second_S2D.mat,462,538,4,29086,538,0.9991589188575745,True
PUBLISHED_PRECOMPUTED_FEATURE_EVALUATION,FEATURE_SEARCH_ONLY,second_S2D.mat,462,538,5,29091,538,0.9991538524627686,True
PUBLISHED_PRECOMPUTED_FEATURE_EVALUATION,FEATURE_SEARCH_ONLY,second_S2D.mat,462,538,6,29101,538,0.999152660369873,True
PUBLISHED_PRECOMPUTED_FEATURE_EVALUATION,FEATURE_SEARCH_ONLY,second_S2D.mat,462,538,7,29083,538,0.9991419315338135,True
PUBLISHED_PRECOMPUTED_FEATURE_EVALUATION,FEATURE_SEARCH_ONLY,second_S2D.mat,462,538,8,29090,538,0.9991375803947449,True
PUBLISHED_PRECOMPUTED_FEATURE_EVALUATION,FEATURE_SEARCH_ONLY,second_S2D.mat,462,538,9,29103,538,0.9991340637207031,True
PUBLISHED_PRECOMPUTED_FEATURE_EVALUATION,FEATURE_SEARCH_ONLY,second_S2D.mat,462,538,10,29074,538,0.9991225004196167,True
PUBLISHED_PRECOMPUTED_FEATURE_EVALUATION,FEATURE_SEARCH_ONLY,second_S2D.mat,463,540,1,29199,540,0.9994059801101685,True
PUBLISHED_PRECOMPUTED_FEATURE_EVALUATION,FEATURE_SEARCH_ONLY,second_S2D.mat,463,540,2,29196,540,0.9993977546691895,True
PUBLISHED_PRECOMPUTED_FEATURE_EVALUATION,FEATURE_SEARCH_ONLY,second_S2D.mat,463,540,3,29191,540,0.999378502368927,True
PUBLISHED_PRECOMPUTED_FEATURE_EVALUATION,FEATURE_SEARCH_ONLY,second_S2D.mat,463,540,4,29208,540,0.9993780851364136,True
PUBLISHED_PRECOMPUTED_FEATURE_EVALUATION,FEATURE_SEARCH_ONLY,second_S2D.mat,463,540,5,29203,540,0.9993650317192078,True
PUBLISHED_PRECOMPUTED_FEATURE_EVALUATION,FEATURE_SEARCH_ONLY,second_S2D.mat,463,540,6,29213,540,0.9993619918823242,True
PUBLISHED_PRECOMPUTED_FEATURE_EVALUATION,FEATURE_SEARCH_ONLY,second_S2D.mat,463,540,7,29197,540,0.9993503093719482,True
PUBLISHED_PRECOMPUTED_FEATURE_EVALUATION,FEATURE_SEARCH_ONLY,second_S2D.mat,463,540,8,29202,540,0.9993352293968201,True
PUBLISHED_PRECOMPUTED_FEATURE_EVALUATION,FEATURE_SEARCH_ONLY,second_S2D.mat,463,540,9,29204,540,0.9993301630020142,True
PUBLISHED_PRECOMPUTED_FEATURE_EVALUATION,FEATURE_SEARCH_ONLY,second_S2D.mat,463,540,10,29206,540,0.9993252158164978,True
PUBLISHED_PRECOMPUTED_FEATURE_EVALUATION,FEATURE_SEARCH_ONLY,second_S2D.mat,464,541,1,29266,541,0.999498188495636,True
PUBLISHED_PRECOMPUTED_FEATURE_EVALUATION,FEATURE_SEARCH_ONLY,second_S2D.mat,464,541,2,29247,541,0.9994912147521973,True
PUBLISHED_PRECOMPUTED_FEATURE_EVALUATION,FEATURE_SEARCH_ONLY,second_S2D.mat,464,541,3,29248,541,0.9994804263114929,True
PUBLISHED_PRECOMPUTED_FEATURE_EVALUATION,FEATURE_SEARCH_ONLY,second_S2D.mat,464,541,4,29265,541,0.9994757175445557,True
PUBLISHED_PRECOMPUTED_FEATURE_EVALUATION,FEATURE_SEARCH_ONLY,second_S2D.mat,464,541,5,29257,541,0.9994702339172363,True
PUBLISHED_PRECOMPUTED_FEATURE_EVALUATION,FEATURE_SEARCH_ONLY,second_S2D.mat,464,541,6,29249,541,0.9994649887084961,True
PUBLISHED_PRECOMPUTED_FEATURE_EVALUATION,FEATURE_SEARCH_ONLY,second_S2D.mat,464,541,7,29242,541,0.9994610548019409,True
PUBLISHED_PRECOMPUTED_FEATURE_EVALUATION,FEATURE_SEARCH_ONLY,second_S2D.mat,464,541,8,29267,541,0.9994539022445679,True
PUBLISHED_PRECOMPUTED_FEATURE_EVALUATION,FEATURE_SEARCH_ONLY,second_S2D.mat,464,541,9,29241,541,0.9994519352912903,True
PUBLISHED_PRECOMPUTED_FEATURE_EVALUATION,FEATURE_SEARCH_ONLY,second_S2D.mat,464,541,10,29239,541,0.9994518160820007,True
PUBLISHED_PRECOMPUTED_FEATURE_EVALUATION,FEATURE_SEARCH_ONLY,second_S2D.mat,465,542,1,29286,542,0.9989975094795227,True
PUBLISHED_PRECOMPUTED_FEATURE_EVALUATION,FEATURE_SEARCH_ONLY,second_S2D.mat,465,542,2,29294,542,0.9989891052246094,True
PUBLISHED_PRECOMPUTED_FEATURE_EVALUATION,FEATURE_SEARCH_ONLY,second_S2D.mat,465,542,3,29302,542,0.998975396156311,True
PUBLISHED_PRECOMPUTED_FEATURE_EVALUATION,FEATURE_SEARCH_ONLY,second_S2D.mat,465,542,4,29287,542,0.9989725947380066,True
PUBLISHED_PRECOMPUTED_FEATURE_EVALUATION,FEATURE_SEARCH_ONLY,second_S2D.mat,465,542,5,29295,542,0.9989592432975769,True
PUBLISHED_PRECOMPUTED_FEATURE_EVALUATION,FEATURE_SEARCH_ONLY,second_S2D.mat,465,542,6,29293,542,0.9989426732063293,True
PUBLISHED_PRECOMPUTED_FEATURE_EVALUATION,FEATURE_SEARCH_ONLY,second_S2D.mat,465,542,7,29276,542,0.9989358186721802,True
PUBLISHED_PRECOMPUTED_FEATURE_EVALUATION,FEATURE_SEARCH_ONLY,second_S2D.mat,465,542,8,29304,542,0.9989330172538757,True
PUBLISHED_PRECOMPUTED_FEATURE_EVALUATION,FEATURE_SEARCH_ONLY,second_S2D.mat,465,542,9,29275,542,0.9989235401153564,True
PUBLISHED_PRECOMPUTED_FEATURE_EVALUATION,FEATURE_SEARCH_ONLY,second_S2D.mat,465,542,10,29285,542,0.9989218711853027,True
PUBLISHED_PRECOMPUTED_FEATURE_EVALUATION,FEATURE_SEARCH_ONLY,second_S2D.mat,466,544,1,29407,544,0.9994254112243652,True
PUBLISHED_PRECOMPUTED_FEATURE_EVALUATION,FEATURE_SEARCH_ONLY,second_S2D.mat,466,544,2,29417,544,0.999417781829834,True
PUBLISHED_PRECOMPUTED_FEATURE_EVALUATION,FEATURE_SEARCH_ONLY,second_S2D.mat,466,544,3,29408,544,0.9993827939033508,True
PUBLISHED_PRECOMPUTED_FEATURE_EVALUATION,FEATURE_SEARCH_ONLY,second_S2D.mat,466,544,4,29416,544,0.9993751645088196,True
PUBLISHED_PRECOMPUTED_FEATURE_EVALUATION,FEATURE_SEARCH_ONLY,second_S2D.mat,466,544,5,29415,544,0.9993575215339661,True
PUBLISHED_PRECOMPUTED_FEATURE_EVALUATION,FEATURE_SEARCH_ONLY,second_S2D.mat,466,544,6,29399,544,0.9993498921394348,True
PUBLISHED_PRECOMPUTED_FEATURE_EVALUATION,FEATURE_SEARCH_ONLY,second_S2D.mat,466,544,7,29406,544,0.9993469715118408,True
PUBLISHED_PRECOMPUTED_FEATURE_EVALUATION,FEATURE_SEARCH_ONLY,second_S2D.mat,466,544,8,29397,544,0.9993454217910767,True
PUBLISHED_PRECOMPUTED_FEATURE_EVALUATION,FEATURE_SEARCH_ONLY,second_S2D.mat,466,544,9,29389,544,0.9993376731872559,True
PUBLISHED_PRECOMPUTED_FEATURE_EVALUATION,FEATURE_SEARCH_ONLY,second_S2D.mat,466,544,10,29398,544,0.9993331432342529,True
PUBLISHED_PRECOMPUTED_FEATURE_EVALUATION,FEATURE_SEARCH_ONLY,second_S2D.mat,467,545,1,29469,545,0.9990984201431274,True
PUBLISHED_PRECOMPUTED_FEATURE_EVALUATION,FEATURE_SEARCH_ONLY,second_S2D.mat,467,545,2,29453,545,0.9990627765655518,True
PUBLISHED_PRECOMPUTED_FEATURE_EVALUATION,FEATURE_SEARCH_ONLY,second_S2D.mat,467,545,3,29471,545,0.9990582466125488,True
PUBLISHED_PRECOMPUTED_FEATURE_EVALUATION,FEATURE_SEARCH_ONLY,second_S2D.mat,467,545,4,29468,545,0.9990527629852295,True
PUBLISHED_PRECOMPUTED_FEATURE_EVALUATION,FEATURE_SEARCH_ONLY,second_S2D.mat,467,545,5,29470,545,0.9990469813346863,True
PUBLISHED_PRECOMPUTED_FEATURE_EVALUATION,FEATURE_SEARCH_ONLY,second_S2D.mat,467,545,6,29480,545,0.9990294575691223,True
PUBLISHED_PRECOMPUTED_FEATURE_EVALUATION,FEATURE_SEARCH_ONLY,second_S2D.mat,467,545,7,29466,545,0.9990171194076538,True
PUBLISHED_PRECOMPUTED_FEATURE_EVALUATION,FEATURE_SEARCH_ONLY,second_S2D.mat,467,545,8,29465,545,0.99900883436203,True
PUBLISHED_PRECOMPUTED_FEATURE_EVALUATION,FEATURE_SEARCH_ONLY,second_S2D.mat,467,545,9,29451,545,0.9990060329437256,True
PUBLISHED_PRECOMPUTED_FEATURE_EVALUATION,FEATURE_SEARCH_ONLY,second_S2D.mat,467,545,10,29464,545,0.9989815354347229,True
PUBLISHED_PRECOMPUTED_FEATURE_EVALUATION,FEATURE_SEARCH_ONLY,second_S2D.mat,468,546,1,29505,546,0.9985283017158508,True
PUBLISHED_PRECOMPUTED_FEATURE_EVALUATION,FEATURE_SEARCH_ONLY,second_S2D.mat,468,546,2,29486,546,0.9984960556030273,True
PUBLISHED_PRECOMPUTED_FEATURE_EVALUATION,FEATURE_SEARCH_ONLY,second_S2D.mat,468,546,3,29504,546,0.998489499092102,True
PUBLISHED_PRECOMPUTED_FEATURE_EVALUATION,FEATURE_SEARCH_ONLY,second_S2D.mat,468,546,4,29487,546,0.9984554648399353,True
PUBLISHED_PRECOMPUTED_FEATURE_EVALUATION,FEATURE_SEARCH_ONLY,second_S2D.mat,468,546,5,29485,546,0.9984252452850342,True
PUBLISHED_PRECOMPUTED_FEATURE_EVALUATION,FEATURE_SEARCH_ONLY,second_S2D.mat,468,546,6,29524,546,0.998359203338623,True
PUBLISHED_PRECOMPUTED_FEATURE_EVALUATION,FEATURE_SEARCH_ONLY,second_S2D.mat,468,546,7,29488,546,0.9983394145965576,True
PUBLISHED_PRECOMPUTED_FEATURE_EVALUATION,FEATURE_SEARCH_ONLY,second_S2D.mat,468,546,8,29506,546,0.9983219504356384,True
PUBLISHED_PRECOMPUTED_FEATURE_EVALUATION,FEATURE_SEARCH_ONLY,second_S2D.mat,468,546,9,29503,546,0.998271107673645,True
PUBLISHED_PRECOMPUTED_FEATURE_EVALUATION,FEATURE_SEARCH_ONLY,second_S2D.mat,468,546,10,29523,546,0.9982631206512451,True
PUBLISHED_PRECOMPUTED_FEATURE_EVALUATION,FEATURE_SEARCH_ONLY,second_S2D.mat,469,551,1,29785,551,0.9988851547241211,True
PUBLISHED_PRECOMPUTED_FEATURE_EVALUATION,FEATURE_SEARCH_ONLY,second_S2D.mat,469,551,2,29803,551,0.9988735914230347,True
PUBLISHED_PRECOMPUTED_FEATURE_EVALUATION,FEATURE_SEARCH_ONLY,second_S2D.mat,469,551,3,29789,551,0.9988493323326111,True
PUBLISHED_PRECOMPUTED_FEATURE_EVALUATION,FEATURE_SEARCH_ONLY,second_S2D.mat,469,551,4,29788,551,0.9988448619842529,True
PUBLISHED_PRECOMPUTED_FEATURE_EVALUATION,FEATURE_SEARCH_ONLY,second_S2D.mat,469,551,5,29802,551,0.9988375902175903,True
PUBLISHED_PRECOMPUTED_FEATURE_EVALUATION,FEATURE_SEARCH_ONLY,second_S2D.mat,469,551,6,29801,551,0.9988282918930054,True
PUBLISHED_PRECOMPUTED_FEATURE_EVALUATION,FEATURE_SEARCH_ONLY,second_S2D.mat,469,551,7,29804,551,0.9988248348236084,True
PUBLISHED_PRECOMPUTED_FEATURE_EVALUATION,FEATURE_SEARCH_ONLY,second_S2D.mat,469,551,8,29791,551,0.998816192150116,True
PUBLISHED_PRECOMPUTED_FEATURE_EVALUATION,FEATURE_SEARCH_ONLY,second_S2D.mat,469,551,9,29797,551,0.9988141059875488,True
PUBLISHED_PRECOMPUTED_FEATURE_EVALUATION,FEATURE_SEARCH_ONLY,second_S2D.mat,469,551,10,29806,551,0.998813807964325,True
PUBLISHED_PRECOMPUTED_FEATURE_EVALUATION,FEATURE_SEARCH_ONLY,second_S2D.mat,470,552,1,29847,552,0.9993705153465271,True
PUBLISHED_PRECOMPUTED_FEATURE_EVALUATION,FEATURE_SEARCH_ONLY,second_S2D.mat,470,552,2,29848,552,0.999330997467041,True
PUBLISHED_PRECOMPUTED_FEATURE_EVALUATION,FEATURE_SEARCH_ONLY,second_S2D.mat,470,552,3,29830,552,0.9993230104446411,True
PUBLISHED_PRECOMPUTED_FEATURE_EVALUATION,FEATURE_SEARCH_ONLY,second_S2D.mat,470,552,4,29831,552,0.9993193745613098,True
PUBLISHED_PRECOMPUTED_FEATURE_EVALUATION,FEATURE_SEARCH_ONLY,second_S2D.mat,470,552,5,29849,552,0.9993183612823486,True
PUBLISHED_PRECOMPUTED_FEATURE_EVALUATION,FEATURE_SEARCH_ONLY,second_S2D.mat,470,552,6,29829,552,0.9992538094520569,True
PUBLISHED_PRECOMPUTED_FEATURE_EVALUATION,FEATURE_SEARCH_ONLY,second_S2D.mat,470,552,7,29839,552,0.9992518424987793,True
PUBLISHED_PRECOMPUTED_FEATURE_EVALUATION,FEATURE_SEARCH_ONLY,second_S2D.mat,470,552,8,29841,552,0.9992449283599854,True
PUBLISHED_PRECOMPUTED_FEATURE_EVALUATION,FEATURE_SEARCH_ONLY,second_S2D.mat,470,552,9,29857,552,0.99924236536026,True
PUBLISHED_PRECOMPUTED_FEATURE_EVALUATION,FEATURE_SEARCH_ONLY,second_S2D.mat,470,552,10,29838,552,0.9992318749427795,True
PUBLISHED_PRECOMPUTED_FEATURE_EVALUATION,FEATURE_SEARCH_ONLY,second_S2D.mat,471,553,1,29906,553,0.9993734359741211,True
PUBLISHED_PRECOMPUTED_FEATURE_EVALUATION,FEATURE_SEARCH_ONLY,second_S2D.mat,471,553,2,29898,553,0.9993470311164856,True
PUBLISHED_PRECOMPUTED_FEATURE_EVALUATION,FEATURE_SEARCH_ONLY,second_S2D.mat,471,553,3,29901,553,0.999341607093811,True
PUBLISHED_PRECOMPUTED_FEATURE_EVALUATION,FEATURE_SEARCH_ONLY,second_S2D.mat,471,553,4,29899,553,0.9993324875831604,True
PUBLISHED_PRECOMPUTED_FEATURE_EVALUATION,FEATURE_SEARCH_ONLY,second_S2D.mat,471,553,5,29900,553,0.9992945194244385,True
PUBLISHED_PRECOMPUTED_FEATURE_EVALUATION,FEATURE_SEARCH_ONLY,second_S2D.mat,471,553,6,29902,553,0.999294102191925,True
PUBLISHED_PRECOMPUTED_FEATURE_EVALUATION,FEATURE_SEARCH_ONLY,second_S2D.mat,471,553,7,29903,553,0.9992667436599731,True
PUBLISHED_PRECOMPUTED_FEATURE_EVALUATION,FEATURE_SEARCH_ONLY,second_S2D.mat,471,553,8,29893,553,0.9992427825927734,True
PUBLISHED_PRECOMPUTED_FEATURE_EVALUATION,FEATURE_SEARCH_ONLY,second_S2D.mat,471,553,9,29888,553,0.9992368221282959,True
PUBLISHED_PRECOMPUTED_FEATURE_EVALUATION,FEATURE_SEARCH_ONLY,second_S2D.mat,471,553,10,29904,553,0.9992243051528931,True
PUBLISHED_PRECOMPUTED_FEATURE_EVALUATION,FEATURE_SEARCH_ONLY,second_S2D.mat,472,554,1,29948,554,0.9993065595626831,True
PUBLISHED_PRECOMPUTED_FEATURE_EVALUATION,FEATURE_SEARCH_ONLY,second_S2D.mat,472,554,2,29957,554,0.9993024468421936,True
PUBLISHED_PRECOMPUTED_FEATURE_EVALUATION,FEATURE_SEARCH_ONLY,second_S2D.mat,472,554,3,29938,554,0.9992700815200806,True
PUBLISHED_PRECOMPUTED_FEATURE_EVALUATION,FEATURE_SEARCH_ONLY,second_S2D.mat,472,554,4,29931,554,0.9992625117301941,True
PUBLISHED_PRECOMPUTED_FEATURE_EVALUATION,FEATURE_SEARCH_ONLY,second_S2D.mat,472,554,5,29946,554,0.9992243051528931,True
PUBLISHED_PRECOMPUTED_FEATURE_EVALUATION,FEATURE_SEARCH_ONLY,second_S2D.mat,472,554,6,29964,554,0.9992222785949707,True
PUBLISHED_PRECOMPUTED_FEATURE_EVALUATION,FEATURE_SEARCH_ONLY,second_S2D.mat,472,554,7,29930,554,0.9992215037345886,True
PUBLISHED_PRECOMPUTED_FEATURE_EVALUATION,FEATURE_SEARCH_ONLY,second_S2D.mat,472,554,8,29937,554,0.9992091059684753,True
PUBLISHED_PRECOMPUTED_FEATURE_EVALUATION,FEATURE_SEARCH_ONLY,second_S2D.mat,472,554,9,29956,554,0.9992005825042725,True
PUBLISHED_PRECOMPUTED_FEATURE_EVALUATION,FEATURE_SEARCH_ONLY,second_S2D.mat,472,554,10,29940,554,0.9991894960403442,True
PUBLISHED_PRECOMPUTED_FEATURE_EVALUATION,FEATURE_SEARCH_ONLY,second_S2D.mat,473,555,1,29986,555,0.9991816282272339,True
PUBLISHED_PRECOMPUTED_FEATURE_EVALUATION,FEATURE_SEARCH_ONLY,second_S2D.mat,473,555,2,30003,555,0.9991316795349121,True
PUBLISHED_PRECOMPUTED_FEATURE_EVALUATION,FEATURE_SEARCH_ONLY,second_S2D.mat,473,555,3,30004,555,0.9990687966346741,True
PUBLISHED_PRECOMPUTED_FEATURE_EVALUATION,FEATURE_SEARCH_ONLY,second_S2D.mat,473,555,4,29988,555,0.999065101146698,True
PUBLISHED_PRECOMPUTED_FEATURE_EVALUATION,FEATURE_SEARCH_ONLY,second_S2D.mat,473,555,5,29985,555,0.9990562796592712,True
PUBLISHED_PRECOMPUTED_FEATURE_EVALUATION,FEATURE_SEARCH_ONLY,second_S2D.mat,473,555,6,30002,555,0.9990435838699341,True
PUBLISHED_PRECOMPUTED_FEATURE_EVALUATION,FEATURE_SEARCH_ONLY,second_S2D.mat,473,555,7,29987,555,0.9990416169166565,True
PUBLISHED_PRECOMPUTED_FEATURE_EVALUATION,FEATURE_SEARCH_ONLY,second_S2D.mat,473,555,8,30005,555,0.9990364909172058,True
PUBLISHED_PRECOMPUTED_FEATURE_EVALUATION,FEATURE_SEARCH_ONLY,second_S2D.mat,473,555,9,29989,555,0.9990208745002747,True
PUBLISHED_PRECOMPUTED_FEATURE_EVALUATION,FEATURE_SEARCH_ONLY,second_S2D.mat,473,555,10,30007,555,0.9990025758743286,True
PUBLISHED_PRECOMPUTED_FEATURE_EVALUATION,FEATURE_SEARCH_ONLY,second_S2D.mat,474,556,1,30056,556,0.9991810917854309,True
PUBLISHED_PRECOMPUTED_FEATURE_EVALUATION,FEATURE_SEARCH_ONLY,second_S2D.mat,474,556,2,30055,556,0.9991505742073059,True
PUBLISHED_PRECOMPUTED_FEATURE_EVALUATION,FEATURE_SEARCH_ONLY,second_S2D.mat,474,556,3,30057,556,0.9991394877433777,True
PUBLISHED_PRECOMPUTED_FEATURE_EVALUATION,FEATURE_SEARCH_ONLY,second_S2D.mat,474,556,4,30061,556,0.9991375207901001,True
PUBLISHED_PRECOMPUTED_FEATURE_EVALUATION,FEATURE_SEARCH_ONLY,second_S2D.mat,474,556,5,30038,556,0.9991307258605957,True
PUBLISHED_PRECOMPUTED_FEATURE_EVALUATION,FEATURE_SEARCH_ONLY,second_S2D.mat,474,556,6,30037,556,0.9991096258163452,True
PUBLISHED_PRECOMPUTED_FEATURE_EVALUATION,FEATURE_SEARCH_ONLY,second_S2D.mat,474,556,7,30074,556,0.999103307723999,True
PUBLISHED_PRECOMPUTED_FEATURE_EVALUATION,FEATURE_SEARCH_ONLY,second_S2D.mat,474,556,8,30060,556,0.9990957975387573,True
PUBLISHED_PRECOMPUTED_FEATURE_EVALUATION,FEATURE_SEARCH_ONLY,second_S2D.mat,474,556,9,30073,556,0.9990924596786499,True
PUBLISHED_PRECOMPUTED_FEATURE_EVALUATION,FEATURE_SEARCH_ONLY,second_S2D.mat,474,556,10,30062,556,0.999062716960907,True
PUBLISHED_PRECOMPUTED_FEATURE_EVALUATION,FEATURE_SEARCH_ONLY,second_S2D.mat,475,557,1,30114,557,0.9993807077407837,True
PUBLISHED_PRECOMPUTED_FEATURE_EVALUATION,FEATURE_SEARCH_ONLY,second_S2D.mat,475,557,2,30113,557,0.9993782043457031,True
PUBLISHED_PRECOMPUTED_FEATURE_EVALUATION,FEATURE_SEARCH_ONLY,second_S2D.mat,475,557,3,30112,557,0.9993237853050232,True
PUBLISHED_PRECOMPUTED_FEATURE_EVALUATION,FEATURE_SEARCH_ONLY,second_S2D.mat,475,557,4,30098,557,0.9993119835853577,True
PUBLISHED_PRECOMPUTED_FEATURE_EVALUATION,FEATURE_SEARCH_ONLY,second_S2D.mat,475,557,5,30094,557,0.9993079900741577,True
PUBLISHED_PRECOMPUTED_FEATURE_EVALUATION,FEATURE_SEARCH_ONLY,second_S2D.mat,475,557,6,30096,557,0.9993064403533936,True
PUBLISHED_PRECOMPUTED_FEATURE_EVALUATION,FEATURE_SEARCH_ONLY,second_S2D.mat,475,557,7,30097,557,0.9992780685424805,True
PUBLISHED_PRECOMPUTED_FEATURE_EVALUATION,FEATURE_SEARCH_ONLY,second_S2D.mat,475,557,8,30103,557,0.9992719292640686,True
PUBLISHED_PRECOMPUTED_FEATURE_EVALUATION,FEATURE_SEARCH_ONLY,second_S2D.mat,475,557,9,30093,557,0.9992559552192688,True
PUBLISHED_PRECOMPUTED_FEATURE_EVALUATION,FEATURE_SEARCH_ONLY,second_S2D.mat,475,557,10,30099,557,0.9992536902427673,True
PUBLISHED_PRECOMPUTED_FEATURE_EVALUATION,FEATURE_SEARCH_ONLY,second_S2D.mat,476,559,1,30234,559,0.9989104866981506,True
PUBLISHED_PRECOMPUTED_FEATURE_EVALUATION,FEATURE_SEARCH_ONLY,second_S2D.mat,476,559,2,43974,814,0.9988964796066284,False
PUBLISHED_PRECOMPUTED_FEATURE_EVALUATION,FEATURE_SEARCH_ONLY,second_S2D.mat,476,559,3,30235,559,0.9988921284675598,True
PUBLISHED_PRECOMPUTED_FEATURE_EVALUATION,FEATURE_SEARCH_ONLY,second_S2D.mat,476,559,4,30237,559,0.9988819360733032,True
PUBLISHED_PRECOMPUTED_FEATURE_EVALUATION,FEATURE_SEARCH_ONLY,second_S2D.mat,476,559,5,43976,814,0.9988417029380798,False
PUBLISHED_PRECOMPUTED_FEATURE_EVALUATION,FEATURE_SEARCH_ONLY,second_S2D.mat,476,559,6,30233,559,0.9988409280776978,True
PUBLISHED_PRECOMPUTED_FEATURE_EVALUATION,FEATURE_SEARCH_ONLY,second_S2D.mat,476,559,7,43994,814,0.9988346099853516,False
PUBLISHED_PRECOMPUTED_FEATURE_EVALUATION,FEATURE_SEARCH_ONLY,second_S2D.mat,476,559,8,30214,559,0.9988309741020203,True
PUBLISHED_PRECOMPUTED_FEATURE_EVALUATION,FEATURE_SEARCH_ONLY,second_S2D.mat,476,559,9,43992,814,0.9988209009170532,False
PUBLISHED_PRECOMPUTED_FEATURE_EVALUATION,FEATURE_SEARCH_ONLY,second_S2D.mat,476,559,10,30232,559,0.9988184571266174,True
PUBLISHED_PRECOMPUTED_FEATURE_EVALUATION,FEATURE_SEARCH_ONLY,second_S2D.mat,477,561,1,30312,561,0.9995561242103577,True
PUBLISHED_PRECOMPUTED_FEATURE_EVALUATION,FEATURE_SEARCH_ONLY,second_S2D.mat,477,561,2,30311,561,0.999508261680603,True
PUBLISHED_PRECOMPUTED_FEATURE_EVALUATION,FEATURE_SEARCH_ONLY,second_S2D.mat,477,561,3,30332,561,0.999485433101654,True
PUBLISHED_PRECOMPUTED_FEATURE_EVALUATION,FEATURE_SEARCH_ONLY,second_S2D.mat,477,561,4,30315,561,0.9994741678237915,True
PUBLISHED_PRECOMPUTED_FEATURE_EVALUATION,FEATURE_SEARCH_ONLY,second_S2D.mat,477,561,5,30331,561,0.9994511604309082,True
PUBLISHED_PRECOMPUTED_FEATURE_EVALUATION,FEATURE_SEARCH_ONLY,second_S2D.mat,477,561,6,30313,561,0.999437689781189,True
PUBLISHED_PRECOMPUTED_FEATURE_EVALUATION,FEATURE_SEARCH_ONLY,second_S2D.mat,477,561,7,30314,561,0.9994044303894043,True
PUBLISHED_PRECOMPUTED_FEATURE_EVALUATION,FEATURE_SEARCH_ONLY,second_S2D.mat,477,561,8,30316,561,0.9994043111801147,True
PUBLISHED_PRECOMPUTED_FEATURE_EVALUATION,FEATURE_SEARCH_ONLY,second_S2D.mat,477,561,9,30294,561,0.9993893504142761,True
PUBLISHED_PRECOMPUTED_FEATURE_EVALUATION,FEATURE_SEARCH_ONLY,second_S2D.mat,477,561,10,30333,561,0.9993865489959717,True
PUBLISHED_PRECOMPUTED_FEATURE_EVALUATION,FEATURE_SEARCH_ONLY,second_S2D.mat,478,562,1,30383,562,0.9993076920509338,True
PUBLISHED_PRECOMPUTED_FEATURE_EVALUATION,FEATURE_SEARCH_ONLY,second_S2D.mat,478,562,2,30384,562,0.9992536902427673,True
PUBLISHED_PRECOMPUTED_FEATURE_EVALUATION,FEATURE_SEARCH_ONLY,second_S2D.mat,478,562,3,30377,562,0.9992363452911377,True
PUBLISHED_PRECOMPUTED_FEATURE_EVALUATION,FEATURE_SEARCH_ONLY,second_S2D.mat,478,562,4,30385,562,0.9992153644561768,True
PUBLISHED_PRECOMPUTED_FEATURE_EVALUATION,FEATURE_SEARCH_ONLY,second_S2D.mat,478,562,5,30387,562,0.9991956353187561,True
PUBLISHED_PRECOMPUTED_FEATURE_EVALUATION,FEATURE_SEARCH_ONLY,second_S2D.mat,478,562,6,30382,562,0.99918532371521,True
PUBLISHED_PRECOMPUTED_FEATURE_EVALUATION,FEATURE_SEARCH_ONLY,second_S2D.mat,478,562,7,30366,562,0.9991819858551025,True
PUBLISHED_PRECOMPUTED_FEATURE_EVALUATION,FEATURE_SEARCH_ONLY,second_S2D.mat,478,562,8,30401,562,0.9991790652275085,True
PUBLISHED_PRECOMPUTED_FEATURE_EVALUATION,FEATURE_SEARCH_ONLY,second_S2D.mat,478,562,9,30371,562,0.9991708993911743,True
PUBLISHED_PRECOMPUTED_FEATURE_EVALUATION,FEATURE_SEARCH_ONLY,second_S2D.mat,478,562,10,30365,562,0.9991669654846191,True
PUBLISHED_PRECOMPUTED_FEATURE_EVALUATION,FEATURE_SEARCH_ONLY,second_S2D.mat,479,564,1,30482,564,0.9991795420646667,True
PUBLISHED_PRECOMPUTED_FEATURE_EVALUATION,FEATURE_SEARCH_ONLY,second_S2D.mat,479,564,2,30486,564,0.9991706609725952,True
PUBLISHED_PRECOMPUTED_FEATURE_EVALUATION,FEATURE_SEARCH_ONLY,second_S2D.mat,479,564,3,30488,564,0.9991294145584106,True
PUBLISHED_PRECOMPUTED_FEATURE_EVALUATION,FEATURE_SEARCH_ONLY,second_S2D.mat,479,564,4,30497,564,0.9991140961647034,True
PUBLISHED_PRECOMPUTED_FEATURE_EVALUATION,FEATURE_SEARCH_ONLY,second_S2D.mat,479,564,5,30487,564,0.9991055130958557,True
PUBLISHED_PRECOMPUTED_FEATURE_EVALUATION,FEATURE_SEARCH_ONLY,second_S2D.mat,479,564,6,30502,564,0.9991021156311035,True
PUBLISHED_PRECOMPUTED_FEATURE_EVALUATION,FEATURE_SEARCH_ONLY,second_S2D.mat,479,564,7,30496,564,0.9990985989570618,True
PUBLISHED_PRECOMPUTED_FEATURE_EVALUATION,FEATURE_SEARCH_ONLY,second_S2D.mat,479,564,8,30479,564,0.9990956783294678,True
PUBLISHED_PRECOMPUTED_FEATURE_EVALUATION,FEATURE_SEARCH_ONLY,second_S2D.mat,479,564,9,30501,564,0.9990954399108887,True
PUBLISHED_PRECOMPUTED_FEATURE_EVALUATION,FEATURE_SEARCH_ONLY,second_S2D.mat,479,564,10,30483,564,0.9990642070770264,True
PUBLISHED_PRECOMPUTED_FEATURE_EVALUATION,FEATURE_SEARCH_ONLY,second_S2D.mat,480,565,1,30542,565,0.9991157650947571,True
PUBLISHED_PRECOMPUTED_FEATURE_EVALUATION,FEATURE_SEARCH_ONLY,second_S2D.mat,480,565,2,30543,565,0.9990980625152588,True
PUBLISHED_PRECOMPUTED_FEATURE_EVALUATION,FEATURE_SEARCH_ONLY,second_S2D.mat,480,565,3,30551,565,0.9990967512130737,True
PUBLISHED_PRECOMPUTED_FEATURE_EVALUATION,FEATURE_SEARCH_ONLY,second_S2D.mat,480,565,4,30550,565,0.9990924000740051,True
PUBLISHED_PRECOMPUTED_FEATURE_EVALUATION,FEATURE_SEARCH_ONLY,second_S2D.mat,480,565,5,28752,532,0.999061644077301,False
PUBLISHED_PRECOMPUTED_FEATURE_EVALUATION,FEATURE_SEARCH_ONLY,second_S2D.mat,480,565,6,30549,565,0.9990503191947937,True
PUBLISHED_PRECOMPUTED_FEATURE_EVALUATION,FEATURE_SEARCH_ONLY,second_S2D.mat,480,565,7,30558,565,0.9990336894989014,True
PUBLISHED_PRECOMPUTED_FEATURE_EVALUATION,FEATURE_SEARCH_ONLY,second_S2D.mat,480,565,8,30541,565,0.9990313053131104,True
PUBLISHED_PRECOMPUTED_FEATURE_EVALUATION,FEATURE_SEARCH_ONLY,second_S2D.mat,480,565,9,30562,565,0.9989953637123108,True
PUBLISHED_PRECOMPUTED_FEATURE_EVALUATION,FEATURE_SEARCH_ONLY,second_S2D.mat,480,565,10,30544,565,0.9989793300628662,True
PUBLISHED_PRECOMPUTED_FEATURE_EVALUATION,FEATURE_SEARCH_ONLY,second_S2D.mat,481,566,1,30599,566,0.9988800287246704,True
PUBLISHED_PRECOMPUTED_FEATURE_EVALUATION,FEATURE_SEARCH_ONLY,second_S2D.mat,481,566,2,30581,566,0.9988619089126587,True
PUBLISHED_PRECOMPUTED_FEATURE_EVALUATION,FEATURE_SEARCH_ONLY,second_S2D.mat,481,566,3,30598,566,0.9987608790397644,True
PUBLISHED_PRECOMPUTED_FEATURE_EVALUATION,FEATURE_SEARCH_ONLY,second_S2D.mat,481,566,4,30579,566,0.9987476468086243,True
PUBLISHED_PRECOMPUTED_FEATURE_EVALUATION,FEATURE_SEARCH_ONLY,second_S2D.mat,481,566,5,30597,566,0.9987425804138184,True
PUBLISHED_PRECOMPUTED_FEATURE_EVALUATION,FEATURE_SEARCH_ONLY,second_S2D.mat,481,566,6,30586,566,0.9987402558326721,True
PUBLISHED_PRECOMPUTED_FEATURE_EVALUATION,FEATURE_SEARCH_ONLY,second_S2D.mat,481,566,7,30580,566,0.9987310767173767,True
PUBLISHED_PRECOMPUTED_FEATURE_EVALUATION,FEATURE_SEARCH_ONLY,second_S2D.mat,481,566,8,30604,566,0.9987143874168396,True
PUBLISHED_PRECOMPUTED_FEATURE_EVALUATION,FEATURE_SEARCH_ONLY,second_S2D.mat,481,566,9,30591,566,0.9987125992774963,True
PUBLISHED_PRECOMPUTED_FEATURE_EVALUATION,FEATURE_SEARCH_ONLY,second_S2D.mat,481,566,10,30564,566,0.9987056255340576,True
PUBLISHED_PRECOMPUTED_FEATURE_EVALUATION,FEATURE_SEARCH_ONLY,second_S2D.mat,482,567,1,30640,567,0.9993239641189575,True
PUBLISHED_PRECOMPUTED_FEATURE_EVALUATION,FEATURE_SEARCH_ONLY,second_S2D.mat,482,567,2,30658,567,0.9992905855178833,True
PUBLISHED_PRECOMPUTED_FEATURE_EVALUATION,FEATURE_SEARCH_ONLY,second_S2D.mat,482,567,3,30632,567,0.9992831945419312,True
PUBLISHED_PRECOMPUTED_FEATURE_EVALUATION,FEATURE_SEARCH_ONLY,second_S2D.mat,482,567,4,30650,567,0.9992821216583252,True
PUBLISHED_PRECOMPUTED_FEATURE_EVALUATION,FEATURE_SEARCH_ONLY,second_S2D.mat,482,567,5,30655,567,0.9992741942405701,True
PUBLISHED_PRECOMPUTED_FEATURE_EVALUATION,FEATURE_SEARCH_ONLY,second_S2D.mat,482,567,6,30649,567,0.9992624521255493,True
PUBLISHED_PRECOMPUTED_FEATURE_EVALUATION,FEATURE_SEARCH_ONLY,second_S2D.mat,482,567,7,30651,567,0.9992478489875793,True
PUBLISHED_PRECOMPUTED_FEATURE_EVALUATION,FEATURE_SEARCH_ONLY,second_S2D.mat,482,567,8,30656,567,0.9992457032203674,True
PUBLISHED_PRECOMPUTED_FEATURE_EVALUATION,FEATURE_SEARCH_ONLY,second_S2D.mat,482,567,9,30622,567,0.9992443919181824,True
PUBLISHED_PRECOMPUTED_FEATURE_EVALUATION,FEATURE_SEARCH_ONLY,second_S2D.mat,482,567,10,30638,567,0.9992397427558899,True
PUBLISHED_PRECOMPUTED_FEATURE_EVALUATION,FEATURE_SEARCH_ONLY,second_S2D.mat,483,568,1,30707,568,0.9993157982826233,True
PUBLISHED_PRECOMPUTED_FEATURE_EVALUATION,FEATURE_SEARCH_ONLY,second_S2D.mat,483,568,2,30690,568,0.9993058443069458,True
PUBLISHED_PRECOMPUTED_FEATURE_EVALUATION,FEATURE_SEARCH_ONLY,second_S2D.mat,483,568,3,30708,568,0.9993016123771667,True
PUBLISHED_PRECOMPUTED_FEATURE_EVALUATION,FEATURE_SEARCH_ONLY,second_S2D.mat,483,568,4,30711,568,0.9992684721946716,True
PUBLISHED_PRECOMPUTED_FEATURE_EVALUATION,FEATURE_SEARCH_ONLY,second_S2D.mat,483,568,5,30691,568,0.999257504940033,True
PUBLISHED_PRECOMPUTED_FEATURE_EVALUATION,FEATURE_SEARCH_ONLY,second_S2D.mat,483,568,6,30709,568,0.999239444732666,True
PUBLISHED_PRECOMPUTED_FEATURE_EVALUATION,FEATURE_SEARCH_ONLY,second_S2D.mat,483,568,7,30706,568,0.9992380738258362,True
PUBLISHED_PRECOMPUTED_FEATURE_EVALUATION,FEATURE_SEARCH_ONLY,second_S2D.mat,483,568,8,30672,568,0.9992343783378601,True
PUBLISHED_PRECOMPUTED_FEATURE_EVALUATION,FEATURE_SEARCH_ONLY,second_S2D.mat,483,568,9,30688,568,0.9992244243621826,True
PUBLISHED_PRECOMPUTED_FEATURE_EVALUATION,FEATURE_SEARCH_ONLY,second_S2D.mat,483,568,10,30696,568,0.9992121458053589,True
PUBLISHED_PRECOMPUTED_FEATURE_EVALUATION,FEATURE_SEARCH_ONLY,second_S2D.mat,484,569,1,30766,569,0.9994194507598877,True
PUBLISHED_PRECOMPUTED_FEATURE_EVALUATION,FEATURE_SEARCH_ONLY,second_S2D.mat,484,569,2,30758,569,0.9994118213653564,True
PUBLISHED_PRECOMPUTED_FEATURE_EVALUATION,FEATURE_SEARCH_ONLY,second_S2D.mat,484,569,3,30748,569,0.9994112849235535,True
PUBLISHED_PRECOMPUTED_FEATURE_EVALUATION,FEATURE_SEARCH_ONLY,second_S2D.mat,484,569,4,30757,569,0.9994078874588013,True
PUBLISHED_PRECOMPUTED_FEATURE_EVALUATION,FEATURE_SEARCH_ONLY,second_S2D.mat,484,569,5,30765,569,0.9993793964385986,True
PUBLISHED_PRECOMPUTED_FEATURE_EVALUATION,FEATURE_SEARCH_ONLY,second_S2D.mat,484,569,6,30776,569,0.9993646144866943,True
PUBLISHED_PRECOMPUTED_FEATURE_EVALUATION,FEATURE_SEARCH_ONLY,second_S2D.mat,484,569,7,30767,569,0.9993488788604736,True
PUBLISHED_PRECOMPUTED_FEATURE_EVALUATION,FEATURE_SEARCH_ONLY,second_S2D.mat,484,569,8,30749,569,0.9992973208427429,True
PUBLISHED_PRECOMPUTED_FEATURE_EVALUATION,FEATURE_SEARCH_ONLY,second_S2D.mat,484,569,9,30739,569,0.9992905855178833,True
PUBLISHED_PRECOMPUTED_FEATURE_EVALUATION,FEATURE_SEARCH_ONLY,second_S2D.mat,484,569,10,30759,569,0.9992763996124268,True
PUBLISHED_PRECOMPUTED_FEATURE_EVALUATION,FEATURE_SEARCH_ONLY,second_S2D.mat,485,570,1,30820,570,0.9994616508483887,True
PUBLISHED_PRECOMPUTED_FEATURE_EVALUATION,FEATURE_SEARCH_ONLY,second_S2D.mat,485,570,2,30824,570,0.9994295835494995,True
PUBLISHED_PRECOMPUTED_FEATURE_EVALUATION,FEATURE_SEARCH_ONLY,second_S2D.mat,485,570,3,30825,570,0.9994284510612488,True
PUBLISHED_PRECOMPUTED_FEATURE_EVALUATION,FEATURE_SEARCH_ONLY,second_S2D.mat,485,570,4,30807,570,0.9994210600852966,True
PUBLISHED_PRECOMPUTED_FEATURE_EVALUATION,FEATURE_SEARCH_ONLY,second_S2D.mat,485,570,5,30826,570,0.9994096755981445,True
PUBLISHED_PRECOMPUTED_FEATURE_EVALUATION,FEATURE_SEARCH_ONLY,second_S2D.mat,485,570,6,30810,570,0.9993969202041626,True
PUBLISHED_PRECOMPUTED_FEATURE_EVALUATION,FEATURE_SEARCH_ONLY,second_S2D.mat,485,570,7,30808,570,0.9993852972984314,True
PUBLISHED_PRECOMPUTED_FEATURE_EVALUATION,FEATURE_SEARCH_ONLY,second_S2D.mat,485,570,8,30821,570,0.999381422996521,True
PUBLISHED_PRECOMPUTED_FEATURE_EVALUATION,FEATURE_SEARCH_ONLY,second_S2D.mat,485,570,9,30823,570,0.9993610978126526,True
PUBLISHED_PRECOMPUTED_FEATURE_EVALUATION,FEATURE_SEARCH_ONLY,second_S2D.mat,485,570,10,30827,570,0.9993555545806885,True
PUBLISHED_PRECOMPUTED_FEATURE_EVALUATION,FEATURE_SEARCH_ONLY,second_S2D.mat,486,571,1,30879,571,0.9994425177574158,True
PUBLISHED_PRECOMPUTED_FEATURE_EVALUATION,FEATURE_SEARCH_ONLY,second_S2D.mat,486,571,2,30880,571,0.9994126558303833,True
PUBLISHED_PRECOMPUTED_FEATURE_EVALUATION,FEATURE_SEARCH_ONLY,second_S2D.mat,486,571,3,30882,571,0.9993991851806641,True
PUBLISHED_PRECOMPUTED_FEATURE_EVALUATION,FEATURE_SEARCH_ONLY,second_S2D.mat,486,571,4,30881,571,0.9993910789489746,True
PUBLISHED_PRECOMPUTED_FEATURE_EVALUATION,FEATURE_SEARCH_ONLY,second_S2D.mat,486,571,5,30877,571,0.9993809461593628,True
PUBLISHED_PRECOMPUTED_FEATURE_EVALUATION,FEATURE_SEARCH_ONLY,second_S2D.mat,486,571,6,30876,571,0.9993591904640198,True
PUBLISHED_PRECOMPUTED_FEATURE_EVALUATION,FEATURE_SEARCH_ONLY,second_S2D.mat,486,571,7,30883,571,0.9993462562561035,True
PUBLISHED_PRECOMPUTED_FEATURE_EVALUATION,FEATURE_SEARCH_ONLY,second_S2D.mat,486,571,8,30867,571,0.9993366599082947,True
PUBLISHED_PRECOMPUTED_FEATURE_EVALUATION,FEATURE_SEARCH_ONLY,second_S2D.mat,486,571,9,30864,571,0.9993192553520203,True
PUBLISHED_PRECOMPUTED_FEATURE_EVALUATION,FEATURE_SEARCH_ONLY,second_S2D.mat,486,571,10,30875,571,0.9993119835853577,True
PUBLISHED_PRECOMPUTED_FEATURE_EVALUATION,FEATURE_SEARCH_ONLY,second_S2D.mat,487,572,1,30914,572,0.998939573764801,True
PUBLISHED_PRECOMPUTED_FEATURE_EVALUATION,FEATURE_SEARCH_ONLY,second_S2D.mat,487,572,2,30932,572,0.9989370703697205,True
PUBLISHED_PRECOMPUTED_FEATURE_EVALUATION,FEATURE_SEARCH_ONLY,second_S2D.mat,487,572,3,30901,572,0.9989040493965149,True
PUBLISHED_PRECOMPUTED_FEATURE_EVALUATION,FEATURE_SEARCH_ONLY,second_S2D.mat,487,572,4,30929,572,0.998855710029602,True
PUBLISHED_PRECOMPUTED_FEATURE_EVALUATION,FEATURE_SEARCH_ONLY,second_S2D.mat,487,572,5,30902,572,0.9988437294960022,True
PUBLISHED_PRECOMPUTED_FEATURE_EVALUATION,FEATURE_SEARCH_ONLY,second_S2D.mat,487,572,6,30909,572,0.9988417625427246,True
PUBLISHED_PRECOMPUTED_FEATURE_EVALUATION,FEATURE_SEARCH_ONLY,second_S2D.mat,487,572,7,30911,572,0.998825192451477,True
PUBLISHED_PRECOMPUTED_FEATURE_EVALUATION,FEATURE_SEARCH_ONLY,second_S2D.mat,487,572,8,30892,572,0.9988240003585815,True
PUBLISHED_PRECOMPUTED_FEATURE_EVALUATION,FEATURE_SEARCH_ONLY,second_S2D.mat,487,572,9,30926,572,0.9988188147544861,True
PUBLISHED_PRECOMPUTED_FEATURE_EVALUATION,FEATURE_SEARCH_ONLY,second_S2D.mat,487,572,10,30891,572,0.9988179206848145,True
PUBLISHED_PRECOMPUTED_FEATURE_EVALUATION,FEATURE_SEARCH_ONLY,second_S2D.mat,488,573,1,30965,573,0.9992098808288574,True
PUBLISHED_PRECOMPUTED_FEATURE_EVALUATION,FEATURE_SEARCH_ONLY,second_S2D.mat,488,573,2,30947,573,0.9991973638534546,True
PUBLISHED_PRECOMPUTED_FEATURE_EVALUATION,FEATURE_SEARCH_ONLY,second_S2D.mat,488,573,3,30955,573,0.9991947412490845,True
PUBLISHED_PRECOMPUTED_FEATURE_EVALUATION,FEATURE_SEARCH_ONLY,second_S2D.mat,488,573,4,30974,573,0.9991909265518188,True
PUBLISHED_PRECOMPUTED_FEATURE_EVALUATION,FEATURE_SEARCH_ONLY,second_S2D.mat,488,573,5,30956,573,0.9991722106933594,True
PUBLISHED_PRECOMPUTED_FEATURE_EVALUATION,FEATURE_SEARCH_ONLY,second_S2D.mat,488,573,6,30964,573,0.9991329312324524,True
PUBLISHED_PRECOMPUTED_FEATURE_EVALUATION,FEATURE_SEARCH_ONLY,second_S2D.mat,488,573,7,30975,573,0.9991262555122375,True
PUBLISHED_PRECOMPUTED_FEATURE_EVALUATION,FEATURE_SEARCH_ONLY,second_S2D.mat,488,573,8,30973,573,0.9991120100021362,True
PUBLISHED_PRECOMPUTED_FEATURE_EVALUATION,FEATURE_SEARCH_ONLY,second_S2D.mat,488,573,9,30968,573,0.9991041421890259,True
PUBLISHED_PRECOMPUTED_FEATURE_EVALUATION,FEATURE_SEARCH_ONLY,second_S2D.mat,488,573,10,30976,573,0.9990874528884888,True
PUBLISHED_PRECOMPUTED_FEATURE_EVALUATION,FEATURE_SEARCH_ONLY,second_S2D.mat,489,574,1,31030,574,0.9992921352386475,True
PUBLISHED_PRECOMPUTED_FEATURE_EVALUATION,FEATURE_SEARCH_ONLY,second_S2D.mat,489,574,2,31033,574,0.9992415904998779,True
PUBLISHED_PRECOMPUTED_FEATURE_EVALUATION,FEATURE_SEARCH_ONLY,second_S2D.mat,489,574,3,31032,574,0.9992258548736572,True
PUBLISHED_PRECOMPUTED_FEATURE_EVALUATION,FEATURE_SEARCH_ONLY,second_S2D.mat,489,574,4,31031,574,0.999188244342804,True
PUBLISHED_PRECOMPUTED_FEATURE_EVALUATION,FEATURE_SEARCH_ONLY,second_S2D.mat,489,574,5,31029,574,0.9991822838783264,True
PUBLISHED_PRECOMPUTED_FEATURE_EVALUATION,FEATURE_SEARCH_ONLY,second_S2D.mat,489,574,6,31012,574,0.9991618394851685,True
PUBLISHED_PRECOMPUTED_FEATURE_EVALUATION,FEATURE_SEARCH_ONLY,second_S2D.mat,489,574,7,31015,574,0.9991613626480103,True
PUBLISHED_PRECOMPUTED_FEATURE_EVALUATION,FEATURE_SEARCH_ONLY,second_S2D.mat,489,574,8,31028,574,0.9991388916969299,True
PUBLISHED_PRECOMPUTED_FEATURE_EVALUATION,FEATURE_SEARCH_ONLY,second_S2D.mat,489,574,9,31027,574,0.9991296529769897,True
PUBLISHED_PRECOMPUTED_FEATURE_EVALUATION,FEATURE_SEARCH_ONLY,second_S2D.mat,489,574,10,31016,574,0.9991276264190674,True
PUBLISHED_PRECOMPUTED_FEATURE_EVALUATION,FEATURE_SEARCH_ONLY,second_S2D.mat,490,575,1,31085,575,0.999508261680603,True
PUBLISHED_PRECOMPUTED_FEATURE_EVALUATION,FEATURE_SEARCH_ONLY,second_S2D.mat,490,575,2,31086,575,0.9995028376579285,True
PUBLISHED_PRECOMPUTED_FEATURE_EVALUATION,FEATURE_SEARCH_ONLY,second_S2D.mat,490,575,3,31102,575,0.9994792938232422,True
PUBLISHED_PRECOMPUTED_FEATURE_EVALUATION,FEATURE_SEARCH_ONLY,second_S2D.mat,490,575,4,31087,575,0.9994379878044128,True
PUBLISHED_PRECOMPUTED_FEATURE_EVALUATION,FEATURE_SEARCH_ONLY,second_S2D.mat,490,575,5,31101,575,0.9994344711303711,True
PUBLISHED_PRECOMPUTED_FEATURE_EVALUATION,FEATURE_SEARCH_ONLY,second_S2D.mat,490,575,6,31084,575,0.9994045495986938,True
PUBLISHED_PRECOMPUTED_FEATURE_EVALUATION,FEATURE_SEARCH_ONLY,second_S2D.mat,490,575,7,31088,575,0.9993996620178223,True
PUBLISHED_PRECOMPUTED_FEATURE_EVALUATION,FEATURE_SEARCH_ONLY,second_S2D.mat,490,575,8,31068,575,0.9993923306465149,True
PUBLISHED_PRECOMPUTED_FEATURE_EVALUATION,FEATURE_SEARCH_ONLY,second_S2D.mat,490,575,9,31067,575,0.9993866682052612,True
PUBLISHED_PRECOMPUTED_FEATURE_EVALUATION,FEATURE_SEARCH_ONLY,second_S2D.mat,490,575,10,31089,575,0.9993829727172852,True
PUBLISHED_PRECOMPUTED_FEATURE_EVALUATION,FEATURE_SEARCH_ONLY,second_S2D.mat,491,578,1,31231,578,0.9987513422966003,True
PUBLISHED_PRECOMPUTED_FEATURE_EVALUATION,FEATURE_SEARCH_ONLY,second_S2D.mat,491,578,2,31232,578,0.9987239837646484,True
PUBLISHED_PRECOMPUTED_FEATURE_EVALUATION,FEATURE_SEARCH_ONLY,second_S2D.mat,491,578,3,31250,578,0.9987055063247681,True
PUBLISHED_PRECOMPUTED_FEATURE_EVALUATION,FEATURE_SEARCH_ONLY,second_S2D.mat,491,578,4,31251,578,0.9987016916275024,True
PUBLISHED_PRECOMPUTED_FEATURE_EVALUATION,FEATURE_SEARCH_ONLY,second_S2D.mat,491,578,5,31233,578,0.9986993670463562,True
PUBLISHED_PRECOMPUTED_FEATURE_EVALUATION,FEATURE_SEARCH_ONLY,second_S2D.mat,491,578,6,31213,578,0.9986888766288757,True
PUBLISHED_PRECOMPUTED_FEATURE_EVALUATION,FEATURE_SEARCH_ONLY,second_S2D.mat,491,578,7,31230,578,0.9986659288406372,True
PUBLISHED_PRECOMPUTED_FEATURE_EVALUATION,FEATURE_SEARCH_ONLY,second_S2D.mat,491,578,8,31214,578,0.9986343383789062,True
PUBLISHED_PRECOMPUTED_FEATURE_EVALUATION,FEATURE_SEARCH_ONLY,second_S2D.mat,491,578,9,31215,578,0.9986125826835632,True
PUBLISHED_PRECOMPUTED_FEATURE_EVALUATION,FEATURE_SEARCH_ONLY,second_S2D.mat,491,578,10,31212,578,0.9986053109169006,True
PUBLISHED_PRECOMPUTED_FEATURE_EVALUATION,FEATURE_SEARCH_ONLY,second_S2D.mat,492,582,1,31444,582,0.9992440938949585,True
PUBLISHED_PRECOMPUTED_FEATURE_EVALUATION,FEATURE_SEARCH_ONLY,second_S2D.mat,492,582,2,31445,582,0.9992230534553528,True
PUBLISHED_PRECOMPUTED_FEATURE_EVALUATION,FEATURE_SEARCH_ONLY,second_S2D.mat,492,582,3,31462,582,0.9992230534553528,True
PUBLISHED_PRECOMPUTED_FEATURE_EVALUATION,FEATURE_SEARCH_ONLY,second_S2D.mat,492,582,4,31443,582,0.9992154240608215,True
PUBLISHED_PRECOMPUTED_FEATURE_EVALUATION,FEATURE_SEARCH_ONLY,second_S2D.mat,492,582,5,31428,582,0.9991912245750427,True
PUBLISHED_PRECOMPUTED_FEATURE_EVALUATION,FEATURE_SEARCH_ONLY,second_S2D.mat,492,582,6,31463,582,0.9991905093193054,True
PUBLISHED_PRECOMPUTED_FEATURE_EVALUATION,FEATURE_SEARCH_ONLY,second_S2D.mat,492,582,7,31464,582,0.9991807341575623,True
PUBLISHED_PRECOMPUTED_FEATURE_EVALUATION,FEATURE_SEARCH_ONLY,second_S2D.mat,492,582,8,31461,582,0.9991682171821594,True
PUBLISHED_PRECOMPUTED_FEATURE_EVALUATION,FEATURE_SEARCH_ONLY,second_S2D.mat,492,582,9,31446,582,0.9991551637649536,True
PUBLISHED_PRECOMPUTED_FEATURE_EVALUATION,FEATURE_SEARCH_ONLY,second_S2D.mat,492,582,10,31429,582,0.9990950226783752,True
PUBLISHED_PRECOMPUTED_FEATURE_EVALUATION,FEATURE_SEARCH_ONLY,second_S2D.mat,493,586,1,31680,586,0.9996829628944397,True
PUBLISHED_PRECOMPUTED_FEATURE_EVALUATION,FEATURE_SEARCH_ONLY,second_S2D.mat,493,586,2,31681,586,0.999669075012207,True
PUBLISHED_PRECOMPUTED_FEATURE_EVALUATION,FEATURE_SEARCH_ONLY,second_S2D.mat,493,586,3,31679,586,0.9996633529663086,True
PUBLISHED_PRECOMPUTED_FEATURE_EVALUATION,FEATURE_SEARCH_ONLY,second_S2D.mat,493,586,4,31685,586,0.9996402263641357,True
PUBLISHED_PRECOMPUTED_FEATURE_EVALUATION,FEATURE_SEARCH_ONLY,second_S2D.mat,493,586,5,31684,586,0.999634861946106,True
PUBLISHED_PRECOMPUTED_FEATURE_EVALUATION,FEATURE_SEARCH_ONLY,second_S2D.mat,493,586,6,31678,586,0.9996097087860107,True
PUBLISHED_PRECOMPUTED_FEATURE_EVALUATION,FEATURE_SEARCH_ONLY,second_S2D.mat,493,586,7,31677,586,0.999579131603241,True
PUBLISHED_PRECOMPUTED_FEATURE_EVALUATION,FEATURE_SEARCH_ONLY,second_S2D.mat,493,586,8,31694,586,0.9995710849761963,True
PUBLISHED_PRECOMPUTED_FEATURE_EVALUATION,FEATURE_SEARCH_ONLY,second_S2D.mat,493,586,9,31682,586,0.9995690584182739,True
PUBLISHED_PRECOMPUTED_FEATURE_EVALUATION,FEATURE_SEARCH_ONLY,second_S2D.mat,493,586,10,31683,586,0.9995509386062622,True
PUBLISHED_PRECOMPUTED_FEATURE_EVALUATION,FEATURE_SEARCH_ONLY,second_S2D.mat,494,587,1,31716,587,0.999264121055603,True
PUBLISHED_PRECOMPUTED_FEATURE_EVALUATION,FEATURE_SEARCH_ONLY,second_S2D.mat,494,587,2,31734,587,0.9992572665214539,True
PUBLISHED_PRECOMPUTED_FEATURE_EVALUATION,FEATURE_SEARCH_ONLY,second_S2D.mat,494,587,3,31717,587,0.9992331862449646,True
PUBLISHED_PRECOMPUTED_FEATURE_EVALUATION,FEATURE_SEARCH_ONLY,second_S2D.mat,494,587,4,31720,587,0.9992262125015259,True
PUBLISHED_PRECOMPUTED_FEATURE_EVALUATION,FEATURE_SEARCH_ONLY,second_S2D.mat,494,587,5,31715,587,0.9992225170135498,True
PUBLISHED_PRECOMPUTED_FEATURE_EVALUATION,FEATURE_SEARCH_ONLY,second_S2D.mat,494,587,6,31735,587,0.9992151260375977,True
PUBLISHED_PRECOMPUTED_FEATURE_EVALUATION,FEATURE_SEARCH_ONLY,second_S2D.mat,494,587,7,31718,587,0.9992081522941589,True
PUBLISHED_PRECOMPUTED_FEATURE_EVALUATION,FEATURE_SEARCH_ONLY,second_S2D.mat,494,587,8,31719,587,0.9991931915283203,True
PUBLISHED_PRECOMPUTED_FEATURE_EVALUATION,FEATURE_SEARCH_ONLY,second_S2D.mat,494,587,9,31726,587,0.9991930723190308,True
PUBLISHED_PRECOMPUTED_FEATURE_EVALUATION,FEATURE_SEARCH_ONLY,second_S2D.mat,494,587,10,31727,587,0.9991766214370728,True
PUBLISHED_PRECOMPUTED_FEATURE_EVALUATION,FEATURE_SEARCH_ONLY,second_S2D.mat,495,588,1,31787,588,0.9996724128723145,True
PUBLISHED_PRECOMPUTED_FEATURE_EVALUATION,FEATURE_SEARCH_ONLY,second_S2D.mat,495,588,2,31786,588,0.9995793104171753,True
PUBLISHED_PRECOMPUTED_FEATURE_EVALUATION,FEATURE_SEARCH_ONLY,second_S2D.mat,495,588,3,31804,588,0.999563455581665,True
PUBLISHED_PRECOMPUTED_FEATURE_EVALUATION,FEATURE_SEARCH_ONLY,second_S2D.mat,495,588,4,31788,588,0.9995619654655457,True
PUBLISHED_PRECOMPUTED_FEATURE_EVALUATION,FEATURE_SEARCH_ONLY,second_S2D.mat,495,588,5,31803,588,0.9995518922805786,True
PUBLISHED_PRECOMPUTED_FEATURE_EVALUATION,FEATURE_SEARCH_ONLY,second_S2D.mat,495,588,6,31795,588,0.9995394945144653,True
PUBLISHED_PRECOMPUTED_FEATURE_EVALUATION,FEATURE_SEARCH_ONLY,second_S2D.mat,495,588,7,31778,588,0.999525249004364,True
PUBLISHED_PRECOMPUTED_FEATURE_EVALUATION,FEATURE_SEARCH_ONLY,second_S2D.mat,495,588,8,31802,588,0.9995236396789551,True
PUBLISHED_PRECOMPUTED_FEATURE_EVALUATION,FEATURE_SEARCH_ONLY,second_S2D.mat,495,588,9,31777,588,0.9995233416557312,True
PUBLISHED_PRECOMPUTED_FEATURE_EVALUATION,FEATURE_SEARCH_ONLY,second_S2D.mat,495,588,10,31784,588,0.9995228052139282,True
PUBLISHED_PRECOMPUTED_FEATURE_EVALUATION,FEATURE_SEARCH_ONLY,second_S2D.mat,496,589,1,31842,589,0.9997565746307373,True
PUBLISHED_PRECOMPUTED_FEATURE_EVALUATION,FEATURE_SEARCH_ONLY,second_S2D.mat,496,589,2,31843,589,0.9997475147247314,True
PUBLISHED_PRECOMPUTED_FEATURE_EVALUATION,FEATURE_SEARCH_ONLY,second_S2D.mat,496,589,3,31844,589,0.9997272491455078,True
PUBLISHED_PRECOMPUTED_FEATURE_EVALUATION,FEATURE_SEARCH_ONLY,second_S2D.mat,496,589,4,31841,589,0.9997177124023438,True
PUBLISHED_PRECOMPUTED_FEATURE_EVALUATION,FEATURE_SEARCH_ONLY,second_S2D.mat,496,589,5,31845,589,0.9997112154960632,True
PUBLISHED_PRECOMPUTED_FEATURE_EVALUATION,FEATURE_SEARCH_ONLY,second_S2D.mat,496,589,6,31858,589,0.9996979236602783,True
PUBLISHED_PRECOMPUTED_FEATURE_EVALUATION,FEATURE_SEARCH_ONLY,second_S2D.mat,496,589,7,31850,589,0.9996919631958008,True
PUBLISHED_PRECOMPUTED_FEATURE_EVALUATION,FEATURE_SEARCH_ONLY,second_S2D.mat,496,589,8,31859,589,0.9996849298477173,True
PUBLISHED_PRECOMPUTED_FEATURE_EVALUATION,FEATURE_SEARCH_ONLY,second_S2D.mat,496,589,9,31855,589,0.999679446220398,True
PUBLISHED_PRECOMPUTED_FEATURE_EVALUATION,FEATURE_SEARCH_ONLY,second_S2D.mat,496,589,10,31857,589,0.999677836894989,True
PUBLISHED_PRECOMPUTED_FEATURE_EVALUATION,FEATURE_SEARCH_ONLY,second_S2D.mat,497,590,1,31905,590,0.9997634291648865,True
PUBLISHED_PRECOMPUTED_FEATURE_EVALUATION,FEATURE_SEARCH_ONLY,second_S2D.mat,497,590,2,31904,590,0.9997140765190125,True
PUBLISHED_PRECOMPUTED_FEATURE_EVALUATION,FEATURE_SEARCH_ONLY,second_S2D.mat,497,590,3,31906,590,0.999703049659729,True
PUBLISHED_PRECOMPUTED_FEATURE_EVALUATION,FEATURE_SEARCH_ONLY,second_S2D.mat,497,590,4,31901,590,0.9997012615203857,True
PUBLISHED_PRECOMPUTED_FEATURE_EVALUATION,FEATURE_SEARCH_ONLY,second_S2D.mat,497,590,5,31900,590,0.9996945858001709,True
PUBLISHED_PRECOMPUTED_FEATURE_EVALUATION,FEATURE_SEARCH_ONLY,second_S2D.mat,497,590,6,31896,590,0.9996939897537231,True
PUBLISHED_PRECOMPUTED_FEATURE_EVALUATION,FEATURE_SEARCH_ONLY,second_S2D.mat,497,590,7,31903,590,0.9996935129165649,True
PUBLISHED_PRECOMPUTED_FEATURE_EVALUATION,FEATURE_SEARCH_ONLY,second_S2D.mat,497,590,8,31887,590,0.9996868371963501,True
PUBLISHED_PRECOMPUTED_FEATURE_EVALUATION,FEATURE_SEARCH_ONLY,second_S2D.mat,497,590,9,31894,590,0.9996838569641113,True
PUBLISHED_PRECOMPUTED_FEATURE_EVALUATION,FEATURE_SEARCH_ONLY,second_S2D.mat,497,590,10,31897,590,0.9996767640113831,True
PUBLISHED_PRECOMPUTED_FEATURE_EVALUATION,FEATURE_SEARCH_ONLY,second_S2D.mat,498,591,1,31954,591,0.9996965527534485,True
PUBLISHED_PRECOMPUTED_FEATURE_EVALUATION,FEATURE_SEARCH_ONLY,second_S2D.mat,498,591,2,31955,591,0.9996838569641113,True
PUBLISHED_PRECOMPUTED_FEATURE_EVALUATION,FEATURE_SEARCH_ONLY,second_S2D.mat,498,591,3,31949,591,0.9996739625930786,True
PUBLISHED_PRECOMPUTED_FEATURE_EVALUATION,FEATURE_SEARCH_ONLY,second_S2D.mat,498,591,4,31945,591,0.9996669888496399,True
PUBLISHED_PRECOMPUTED_FEATURE_EVALUATION,FEATURE_SEARCH_ONLY,second_S2D.mat,498,591,5,31946,591,0.9996668100357056,True
PUBLISHED_PRECOMPUTED_FEATURE_EVALUATION,FEATURE_SEARCH_ONLY,second_S2D.mat,498,591,6,31950,591,0.9996626377105713,True
PUBLISHED_PRECOMPUTED_FEATURE_EVALUATION,FEATURE_SEARCH_ONLY,second_S2D.mat,498,591,7,31947,591,0.9996552467346191,True
PUBLISHED_PRECOMPUTED_FEATURE_EVALUATION,FEATURE_SEARCH_ONLY,second_S2D.mat,498,591,8,31948,591,0.999642014503479,True
PUBLISHED_PRECOMPUTED_FEATURE_EVALUATION,FEATURE_SEARCH_ONLY,second_S2D.mat,498,591,9,31951,591,0.9996394515037537,True
PUBLISHED_PRECOMPUTED_FEATURE_EVALUATION,FEATURE_SEARCH_ONLY,second_S2D.mat,498,591,10,31967,591,0.9996259808540344,True
PUBLISHED_PRECOMPUTED_FEATURE_EVALUATION,FEATURE_SEARCH_ONLY,second_S2D.mat,499,592,1,32004,592,0.9997799396514893,True
PUBLISHED_PRECOMPUTED_FEATURE_EVALUATION,FEATURE_SEARCH_ONLY,second_S2D.mat,499,592,2,32005,592,0.99973464012146,True
PUBLISHED_PRECOMPUTED_FEATURE_EVALUATION,FEATURE_SEARCH_ONLY,second_S2D.mat,499,592,3,32003,592,0.9997224807739258,True
PUBLISHED_PRECOMPUTED_FEATURE_EVALUATION,FEATURE_SEARCH_ONLY,second_S2D.mat,499,592,4,32002,592,0.9997056722640991,True
PUBLISHED_PRECOMPUTED_FEATURE_EVALUATION,FEATURE_SEARCH_ONLY,second_S2D.mat,499,592,5,32020,592,0.9996923208236694,True
PUBLISHED_PRECOMPUTED_FEATURE_EVALUATION,FEATURE_SEARCH_ONLY,second_S2D.mat,499,592,6,32017,592,0.999680757522583,True
PUBLISHED_PRECOMPUTED_FEATURE_EVALUATION,FEATURE_SEARCH_ONLY,second_S2D.mat,499,592,7,32006,592,0.9996780157089233,True
PUBLISHED_PRECOMPUTED_FEATURE_EVALUATION,FEATURE_SEARCH_ONLY,second_S2D.mat,499,592,8,32021,592,0.9996711611747742,True
PUBLISHED_PRECOMPUTED_FEATURE_EVALUATION,FEATURE_SEARCH_ONLY,second_S2D.mat,499,592,9,31999,592,0.9996601343154907,True
PUBLISHED_PRECOMPUTED_FEATURE_EVALUATION,FEATURE_SEARCH_ONLY,second_S2D.mat,499,592,10,32008,592,0.9996566772460938,True
PUBLISHED_PRECOMPUTED_FEATURE_EVALUATION,FEATURE_SEARCH_ONLY,second_S2D.mat,500,593,1,32058,593,0.9997717142105103,True
PUBLISHED_PRECOMPUTED_FEATURE_EVALUATION,FEATURE_SEARCH_ONLY,second_S2D.mat,500,593,2,32057,593,0.9997167587280273,True
PUBLISHED_PRECOMPUTED_FEATURE_EVALUATION,FEATURE_SEARCH_ONLY,second_S2D.mat,500,593,3,32059,593,0.9997090101242065,True
PUBLISHED_PRECOMPUTED_FEATURE_EVALUATION,FEATURE_SEARCH_ONLY,second_S2D.mat,500,593,4,32074,593,0.999690055847168,True
PUBLISHED_PRECOMPUTED_FEATURE_EVALUATION,FEATURE_SEARCH_ONLY,second_S2D.mat,500,593,5,32075,593,0.9996806383132935,True
PUBLISHED_PRECOMPUTED_FEATURE_EVALUATION,FEATURE_SEARCH_ONLY,second_S2D.mat,500,593,6,32060,593,0.999679446220398,True
PUBLISHED_PRECOMPUTED_FEATURE_EVALUATION,FEATURE_SEARCH_ONLY,second_S2D.mat,500,593,7,32070,593,0.999654233455658,True
PUBLISHED_PRECOMPUTED_FEATURE_EVALUATION,FEATURE_SEARCH_ONLY,second_S2D.mat,500,593,8,32056,593,0.9996525645256042,True
PUBLISHED_PRECOMPUTED_FEATURE_EVALUATION,FEATURE_SEARCH_ONLY,second_S2D.mat,500,593,9,32061,593,0.9995962381362915,True
PUBLISHED_PRECOMPUTED_FEATURE_EVALUATION,FEATURE_SEARCH_ONLY,second_S2D.mat,500,593,10,32062,593,0.9995861053466797,True
PUBLISHED_PRECOMPUTED_FEATURE_EVALUATION,FEATURE_SEARCH_ONLY,second_S2D.mat,501,594,1,32110,594,0.9997580051422119,True
PUBLISHED_PRECOMPUTED_FEATURE_EVALUATION,FEATURE_SEARCH_ONLY,second_S2D.mat,501,594,2,32121,594,0.999712347984314,True
PUBLISHED_PRECOMPUTED_FEATURE_EVALUATION,FEATURE_SEARCH_ONLY,second_S2D.mat,501,594,3,32111,594,0.9997072815895081,True
PUBLISHED_PRECOMPUTED_FEATURE_EVALUATION,FEATURE_SEARCH_ONLY,second_S2D.mat,501,594,4,32112,594,0.9996979236602783,True
PUBLISHED_PRECOMPUTED_FEATURE_EVALUATION,FEATURE_SEARCH_ONLY,second_S2D.mat,501,594,5,32113,594,0.999695897102356,True
PUBLISHED_PRECOMPUTED_FEATURE_EVALUATION,FEATURE_SEARCH_ONLY,second_S2D.mat,501,594,6,32122,594,0.9996902942657471,True
PUBLISHED_PRECOMPUTED_FEATURE_EVALUATION,FEATURE_SEARCH_ONLY,second_S2D.mat,501,594,7,32123,594,0.9996815919876099,True
PUBLISHED_PRECOMPUTED_FEATURE_EVALUATION,FEATURE_SEARCH_ONLY,second_S2D.mat,501,594,8,32109,594,0.9996681809425354,True
PUBLISHED_PRECOMPUTED_FEATURE_EVALUATION,FEATURE_SEARCH_ONLY,second_S2D.mat,501,594,9,32114,594,0.9996433258056641,True
PUBLISHED_PRECOMPUTED_FEATURE_EVALUATION,FEATURE_SEARCH_ONLY,second_S2D.mat,501,594,10,32104,594,0.9996386766433716,True
PUBLISHED_PRECOMPUTED_FEATURE_EVALUATION,FEATURE_SEARCH_ONLY,second_S2D.mat,502,595,1,32166,595,0.9992499351501465,True
PUBLISHED_PRECOMPUTED_FEATURE_EVALUATION,FEATURE_SEARCH_ONLY,second_S2D.mat,502,595,2,32168,595,0.9992267489433289,True
PUBLISHED_PRECOMPUTED_FEATURE_EVALUATION,FEATURE_SEARCH_ONLY,second_S2D.mat,502,595,3,32167,595,0.9992205500602722,True
PUBLISHED_PRECOMPUTED_FEATURE_EVALUATION,FEATURE_SEARCH_ONLY,second_S2D.mat,502,595,4,32182,595,0.9990749359130859,True
PUBLISHED_PRECOMPUTED_FEATURE_EVALUATION,FEATURE_SEARCH_ONLY,second_S2D.mat,502,595,5,32183,595,0.9990646839141846,True
PUBLISHED_PRECOMPUTED_FEATURE_EVALUATION,FEATURE_SEARCH_ONLY,second_S2D.mat,502,595,6,32165,595,0.9990615844726562,True
PUBLISHED_PRECOMPUTED_FEATURE_EVALUATION,FEATURE_SEARCH_ONLY,second_S2D.mat,502,595,7,32148,595,0.9990596771240234,True
PUBLISHED_PRECOMPUTED_FEATURE_EVALUATION,FEATURE_SEARCH_ONLY,second_S2D.mat,502,595,8,32170,595,0.9990410804748535,True
PUBLISHED_PRECOMPUTED_FEATURE_EVALUATION,FEATURE_SEARCH_ONLY,second_S2D.mat,502,595,9,32149,595,0.9990194439888,True
PUBLISHED_PRECOMPUTED_FEATURE_EVALUATION,FEATURE_SEARCH_ONLY,second_S2D.mat,502,595,10,32177,595,0.9990034103393555,True
PUBLISHED_PRECOMPUTED_FEATURE_EVALUATION,FEATURE_SEARCH_ONLY,second_S2D.mat,503,596,1,32221,596,0.9989096522331238,True
PUBLISHED_PRECOMPUTED_FEATURE_EVALUATION,FEATURE_SEARCH_ONLY,second_S2D.mat,503,596,2,32231,596,0.9988765716552734,True
PUBLISHED_PRECOMPUTED_FEATURE_EVALUATION,FEATURE_SEARCH_ONLY,second_S2D.mat,503,596,3,32213,596,0.9988725185394287,True
PUBLISHED_PRECOMPUTED_FEATURE_EVALUATION,FEATURE_SEARCH_ONLY,second_S2D.mat,503,596,4,32214,596,0.9988694190979004,True
PUBLISHED_PRECOMPUTED_FEATURE_EVALUATION,FEATURE_SEARCH_ONLY,second_S2D.mat,503,596,5,32196,596,0.9988088607788086,True
PUBLISHED_PRECOMPUTED_FEATURE_EVALUATION,FEATURE_SEARCH_ONLY,second_S2D.mat,503,596,6,32222,596,0.9987994432449341,True
PUBLISHED_PRECOMPUTED_FEATURE_EVALUATION,FEATURE_SEARCH_ONLY,second_S2D.mat,503,596,7,32216,596,0.9987878203392029,True
PUBLISHED_PRECOMPUTED_FEATURE_EVALUATION,FEATURE_SEARCH_ONLY,second_S2D.mat,503,596,8,32212,596,0.9987701773643494,True
PUBLISHED_PRECOMPUTED_FEATURE_EVALUATION,FEATURE_SEARCH_ONLY,second_S2D.mat,503,596,9,32232,596,0.9987592697143555,True
PUBLISHED_PRECOMPUTED_FEATURE_EVALUATION,FEATURE_SEARCH_ONLY,second_S2D.mat,503,596,10,32195,596,0.9987577199935913,True
PUBLISHED_PRECOMPUTED_FEATURE_EVALUATION,FEATURE_SEARCH_ONLY,second_S2D.mat,504,597,1,25766,477,0.9985144734382629,False
PUBLISHED_PRECOMPUTED_FEATURE_EVALUATION,FEATURE_SEARCH_ONLY,second_S2D.mat,504,597,2,25784,477,0.9984971880912781,False
PUBLISHED_PRECOMPUTED_FEATURE_EVALUATION,FEATURE_SEARCH_ONLY,second_S2D.mat,504,597,3,25785,477,0.9984912872314453,False
PUBLISHED_PRECOMPUTED_FEATURE_EVALUATION,FEATURE_SEARCH_ONLY,second_S2D.mat,504,597,4,25786,477,0.9984741806983948,False
PUBLISHED_PRECOMPUTED_FEATURE_EVALUATION,FEATURE_SEARCH_ONLY,second_S2D.mat,504,597,5,25801,477,0.9984227418899536,False
PUBLISHED_PRECOMPUTED_FEATURE_EVALUATION,FEATURE_SEARCH_ONLY,second_S2D.mat,504,597,6,34056,630,0.9984216094017029,False
PUBLISHED_PRECOMPUTED_FEATURE_EVALUATION,FEATURE_SEARCH_ONLY,second_S2D.mat,504,597,7,25767,477,0.9984084963798523,False
PUBLISHED_PRECOMPUTED_FEATURE_EVALUATION,FEATURE_SEARCH_ONLY,second_S2D.mat,504,597,8,25787,477,0.9984036087989807,False
PUBLISHED_PRECOMPUTED_FEATURE_EVALUATION,FEATURE_SEARCH_ONLY,second_S2D.mat,504,597,9,25839,478,0.9983951449394226,False
PUBLISHED_PRECOMPUTED_FEATURE_EVALUATION,FEATURE_SEARCH_ONLY,second_S2D.mat,504,597,10,25791,477,0.9983871579170227,False
PUBLISHED_PRECOMPUTED_FEATURE_EVALUATION,FEATURE_SEARCH_ONLY,second_S2D.mat,505,598,1,32324,598,0.999107301235199,True
PUBLISHED_PRECOMPUTED_FEATURE_EVALUATION,FEATURE_SEARCH_ONLY,second_S2D.mat,505,598,2,32326,598,0.9990974068641663,True
PUBLISHED_PRECOMPUTED_FEATURE_EVALUATION,FEATURE_SEARCH_ONLY,second_S2D.mat,505,598,3,32310,598,0.9990876913070679,True
PUBLISHED_PRECOMPUTED_FEATURE_EVALUATION,FEATURE_SEARCH_ONLY,second_S2D.mat,505,598,4,32332,598,0.999083936214447,True
PUBLISHED_PRECOMPUTED_FEATURE_EVALUATION,FEATURE_SEARCH_ONLY,second_S2D.mat,505,598,5,32313,598,0.9990771412849426,True
PUBLISHED_PRECOMPUTED_FEATURE_EVALUATION,FEATURE_SEARCH_ONLY,second_S2D.mat,505,598,6,32311,598,0.9990769624710083,True
PUBLISHED_PRECOMPUTED_FEATURE_EVALUATION,FEATURE_SEARCH_ONLY,second_S2D.mat,505,598,7,32327,598,0.9990622401237488,True
PUBLISHED_PRECOMPUTED_FEATURE_EVALUATION,FEATURE_SEARCH_ONLY,second_S2D.mat,505,598,8,32309,598,0.9990565776824951,True
PUBLISHED_PRECOMPUTED_FEATURE_EVALUATION,FEATURE_SEARCH_ONLY,second_S2D.mat,505,598,9,32307,598,0.999052107334137,True
PUBLISHED_PRECOMPUTED_FEATURE_EVALUATION,FEATURE_SEARCH_ONLY,second_S2D.mat,505,598,10,32325,598,0.999040961265564,True
PUBLISHED_PRECOMPUTED_FEATURE_EVALUATION,FEATURE_SEARCH_ONLY,second_S2D.mat,506,602,1,32529,602,0.9990629553794861,True
PUBLISHED_PRECOMPUTED_FEATURE_EVALUATION,FEATURE_SEARCH_ONLY,second_S2D.mat,506,602,2,32528,602,0.9990487098693848,True
PUBLISHED_PRECOMPUTED_FEATURE_EVALUATION,FEATURE_SEARCH_ONLY,second_S2D.mat,506,602,3,32511,602,0.9990149736404419,True
PUBLISHED_PRECOMPUTED_FEATURE_EVALUATION,FEATURE_SEARCH_ONLY,second_S2D.mat,506,602,4,32509,602,0.998987078666687,True
PUBLISHED_PRECOMPUTED_FEATURE_EVALUATION,FEATURE_SEARCH_ONLY,second_S2D.mat,506,602,5,32510,602,0.9989639520645142,True
PUBLISHED_PRECOMPUTED_FEATURE_EVALUATION,FEATURE_SEARCH_ONLY,second_S2D.mat,506,602,6,32527,602,0.9989466667175293,True
PUBLISHED_PRECOMPUTED_FEATURE_EVALUATION,FEATURE_SEARCH_ONLY,second_S2D.mat,506,602,7,32526,602,0.998914897441864,True
PUBLISHED_PRECOMPUTED_FEATURE_EVALUATION,FEATURE_SEARCH_ONLY,second_S2D.mat,506,602,8,32508,602,0.9988961219787598,True
PUBLISHED_PRECOMPUTED_FEATURE_EVALUATION,FEATURE_SEARCH_ONLY,second_S2D.mat,506,602,9,32530,602,0.9988892078399658,True
PUBLISHED_PRECOMPUTED_FEATURE_EVALUATION,FEATURE_SEARCH_ONLY,second_S2D.mat,506,602,10,32546,602,0.9988818168640137,True
PUBLISHED_PRECOMPUTED_FEATURE_EVALUATION,FEATURE_SEARCH_ONLY,second_S2D.mat,507,603,1,32583,603,0.9989321827888489,True
PUBLISHED_PRECOMPUTED_FEATURE_EVALUATION,FEATURE_SEARCH_ONLY,second_S2D.mat,507,603,2,32599,603,0.9989274740219116,True
PUBLISHED_PRECOMPUTED_FEATURE_EVALUATION,FEATURE_SEARCH_ONLY,second_S2D.mat,507,603,3,32582,603,0.998888373374939,True
PUBLISHED_PRECOMPUTED_FEATURE_EVALUATION,FEATURE_SEARCH_ONLY,second_S2D.mat,507,603,4,32579,603,0.9988650679588318,True
PUBLISHED_PRECOMPUTED_FEATURE_EVALUATION,FEATURE_SEARCH_ONLY,second_S2D.mat,507,603,5,32581,603,0.9988549947738647,True
PUBLISHED_PRECOMPUTED_FEATURE_EVALUATION,FEATURE_SEARCH_ONLY,second_S2D.mat,507,603,6,32580,603,0.9988495707511902,True
PUBLISHED_PRECOMPUTED_FEATURE_EVALUATION,FEATURE_SEARCH_ONLY,second_S2D.mat,507,603,7,32595,603,0.9988469481468201,True
PUBLISHED_PRECOMPUTED_FEATURE_EVALUATION,FEATURE_SEARCH_ONLY,second_S2D.mat,507,603,8,32563,603,0.9988395571708679,True
PUBLISHED_PRECOMPUTED_FEATURE_EVALUATION,FEATURE_SEARCH_ONLY,second_S2D.mat,507,603,9,32598,603,0.9988293647766113,True
PUBLISHED_PRECOMPUTED_FEATURE_EVALUATION,FEATURE_SEARCH_ONLY,second_S2D.mat,507,603,10,32564,603,0.9988229870796204,True
PUBLISHED_PRECOMPUTED_FEATURE_EVALUATION,FEATURE_SEARCH_ONLY,second_S2D.mat,508,604,1,32651,604,0.9985607266426086,True
PUBLISHED_PRECOMPUTED_FEATURE_EVALUATION,FEATURE_SEARCH_ONLY,second_S2D.mat,508,604,2,32633,604,0.9985426068305969,True
PUBLISHED_PRECOMPUTED_FEATURE_EVALUATION,FEATURE_SEARCH_ONLY,second_S2D.mat,508,604,3,32635,604,0.9985178709030151,True
PUBLISHED_PRECOMPUTED_FEATURE_EVALUATION,FEATURE_SEARCH_ONLY,second_S2D.mat,508,604,4,32638,604,0.9984843730926514,True
PUBLISHED_PRECOMPUTED_FEATURE_EVALUATION,FEATURE_SEARCH_ONLY,second_S2D.mat,508,604,5,32630,604,0.9984791278839111,True
PUBLISHED_PRECOMPUTED_FEATURE_EVALUATION,FEATURE_SEARCH_ONLY,second_S2D.mat,508,604,6,32631,604,0.9984521865844727,True
PUBLISHED_PRECOMPUTED_FEATURE_EVALUATION,FEATURE_SEARCH_ONLY,second_S2D.mat,508,604,7,32652,604,0.9984498023986816,True
PUBLISHED_PRECOMPUTED_FEATURE_EVALUATION,FEATURE_SEARCH_ONLY,second_S2D.mat,508,604,8,32634,604,0.9984411597251892,True
PUBLISHED_PRECOMPUTED_FEATURE_EVALUATION,FEATURE_SEARCH_ONLY,second_S2D.mat,508,604,9,32618,604,0.9984371066093445,True
PUBLISHED_PRECOMPUTED_FEATURE_EVALUATION,FEATURE_SEARCH_ONLY,second_S2D.mat,508,604,10,32668,604,0.9984307885169983,True
PUBLISHED_PRECOMPUTED_FEATURE_EVALUATION,FEATURE_SEARCH_ONLY,second_S2D.mat,509,605,1,32688,605,0.9987769722938538,True
PUBLISHED_PRECOMPUTED_FEATURE_EVALUATION,FEATURE_SEARCH_ONLY,second_S2D.mat,509,605,2,32689,605,0.9987736940383911,True
PUBLISHED_PRECOMPUTED_FEATURE_EVALUATION,FEATURE_SEARCH_ONLY,second_S2D.mat,509,605,3,32707,605,0.9987680912017822,True
PUBLISHED_PRECOMPUTED_FEATURE_EVALUATION,FEATURE_SEARCH_ONLY,second_S2D.mat,509,605,4,32670,605,0.9987337589263916,True
PUBLISHED_PRECOMPUTED_FEATURE_EVALUATION,FEATURE_SEARCH_ONLY,second_S2D.mat,509,605,5,32690,605,0.9987205266952515,True
PUBLISHED_PRECOMPUTED_FEATURE_EVALUATION,FEATURE_SEARCH_ONLY,second_S2D.mat,509,605,6,32722,605,0.9987022280693054,True
PUBLISHED_PRECOMPUTED_FEATURE_EVALUATION,FEATURE_SEARCH_ONLY,second_S2D.mat,509,605,7,32706,605,0.9986876249313354,True
PUBLISHED_PRECOMPUTED_FEATURE_EVALUATION,FEATURE_SEARCH_ONLY,second_S2D.mat,509,605,8,32684,605,0.998640239238739,True
PUBLISHED_PRECOMPUTED_FEATURE_EVALUATION,FEATURE_SEARCH_ONLY,second_S2D.mat,509,605,9,32691,605,0.9986315965652466,True
PUBLISHED_PRECOMPUTED_FEATURE_EVALUATION,FEATURE_SEARCH_ONLY,second_S2D.mat,509,605,10,32702,605,0.9986202716827393,True
PUBLISHED_PRECOMPUTED_FEATURE_EVALUATION,FEATURE_SEARCH_ONLY,second_S2D.mat,510,606,1,32766,606,0.9989296793937683,True
PUBLISHED_PRECOMPUTED_FEATURE_EVALUATION,FEATURE_SEARCH_ONLY,second_S2D.mat,510,606,2,32765,606,0.998836874961853,True
PUBLISHED_PRECOMPUTED_FEATURE_EVALUATION,FEATURE_SEARCH_ONLY,second_S2D.mat,510,606,3,32764,606,0.9988252520561218,True
PUBLISHED_PRECOMPUTED_FEATURE_EVALUATION,FEATURE_SEARCH_ONLY,second_S2D.mat,510,606,4,32767,606,0.9987675547599792,True
PUBLISHED_PRECOMPUTED_FEATURE_EVALUATION,FEATURE_SEARCH_ONLY,second_S2D.mat,510,606,5,32747,606,0.9987444281578064,True
PUBLISHED_PRECOMPUTED_FEATURE_EVALUATION,FEATURE_SEARCH_ONLY,second_S2D.mat,510,606,6,32758,606,0.9987047910690308,True
PUBLISHED_PRECOMPUTED_FEATURE_EVALUATION,FEATURE_SEARCH_ONLY,second_S2D.mat,510,606,7,32746,606,0.9986826777458191,True
PUBLISHED_PRECOMPUTED_FEATURE_EVALUATION,FEATURE_SEARCH_ONLY,second_S2D.mat,510,606,8,32763,606,0.9986823797225952,True
PUBLISHED_PRECOMPUTED_FEATURE_EVALUATION,FEATURE_SEARCH_ONLY,second_S2D.mat,510,606,9,32748,606,0.998668372631073,True
PUBLISHED_PRECOMPUTED_FEATURE_EVALUATION,FEATURE_SEARCH_ONLY,second_S2D.mat,510,606,10,32741,606,0.9986631870269775,True
PUBLISHED_PRECOMPUTED_FEATURE_EVALUATION,FEATURE_SEARCH_ONLY,second_S2D.mat,511,608,1,32865,608,0.9991965293884277,True
PUBLISHED_PRECOMPUTED_FEATURE_EVALUATION,FEATURE_SEARCH_ONLY,second_S2D.mat,511,608,2,32864,608,0.9991600513458252,True
PUBLISHED_PRECOMPUTED_FEATURE_EVALUATION,FEATURE_SEARCH_ONLY,second_S2D.mat,511,608,3,32846,608,0.9991132616996765,True
PUBLISHED_PRECOMPUTED_FEATURE_EVALUATION,FEATURE_SEARCH_ONLY,second_S2D.mat,511,608,4,32863,608,0.9990993738174438,True
PUBLISHED_PRECOMPUTED_FEATURE_EVALUATION,FEATURE_SEARCH_ONLY,second_S2D.mat,511,608,5,32847,608,0.9990750551223755,True
PUBLISHED_PRECOMPUTED_FEATURE_EVALUATION,FEATURE_SEARCH_ONLY,second_S2D.mat,511,608,6,32866,608,0.9990494847297668,True
PUBLISHED_PRECOMPUTED_FEATURE_EVALUATION,FEATURE_SEARCH_ONLY,second_S2D.mat,511,608,7,32845,608,0.9990485906600952,True
PUBLISHED_PRECOMPUTED_FEATURE_EVALUATION,FEATURE_SEARCH_ONLY,second_S2D.mat,511,608,8,32872,608,0.9990271329879761,True
PUBLISHED_PRECOMPUTED_FEATURE_EVALUATION,FEATURE_SEARCH_ONLY,second_S2D.mat,511,608,9,32881,608,0.9990077614784241,True
PUBLISHED_PRECOMPUTED_FEATURE_EVALUATION,FEATURE_SEARCH_ONLY,second_S2D.mat,511,608,10,32851,608,0.9990072250366211,True
PUBLISHED_PRECOMPUTED_FEATURE_EVALUATION,FEATURE_SEARCH_ONLY,second_S2D.mat,512,609,1,33678,623,0.9987944960594177,False
PUBLISHED_PRECOMPUTED_FEATURE_EVALUATION,FEATURE_SEARCH_ONLY,second_S2D.mat,512,609,2,32920,609,0.9987372159957886,True
PUBLISHED_PRECOMPUTED_FEATURE_EVALUATION,FEATURE_SEARCH_ONLY,second_S2D.mat,512,609,3,32919,609,0.9987341165542603,True
PUBLISHED_PRECOMPUTED_FEATURE_EVALUATION,FEATURE_SEARCH_ONLY,second_S2D.mat,512,609,4,33679,623,0.998731255531311,False
PUBLISHED_PRECOMPUTED_FEATURE_EVALUATION,FEATURE_SEARCH_ONLY,second_S2D.mat,512,609,5,32901,609,0.9987277984619141,True
PUBLISHED_PRECOMPUTED_FEATURE_EVALUATION,FEATURE_SEARCH_ONLY,second_S2D.mat,512,609,6,32902,609,0.9987138509750366,True
PUBLISHED_PRECOMPUTED_FEATURE_EVALUATION,FEATURE_SEARCH_ONLY,second_S2D.mat,512,609,7,32897,609,0.998695969581604,True
PUBLISHED_PRECOMPUTED_FEATURE_EVALUATION,FEATURE_SEARCH_ONLY,second_S2D.mat,512,609,8,44092,816,0.9986950159072876,False
PUBLISHED_PRECOMPUTED_FEATURE_EVALUATION,FEATURE_SEARCH_ONLY,second_S2D.mat,512,609,9,44093,816,0.9986909627914429,False
PUBLISHED_PRECOMPUTED_FEATURE_EVALUATION,FEATURE_SEARCH_ONLY,second_S2D.mat,512,609,10,32934,609,0.9986794590950012,True
PUBLISHED_PRECOMPUTED_FEATURE_EVALUATION,FEATURE_SEARCH_ONLY,second_S2D.mat,513,610,1,32975,610,0.9986714124679565,True
PUBLISHED_PRECOMPUTED_FEATURE_EVALUATION,FEATURE_SEARCH_ONLY,second_S2D.mat,513,610,2,32959,610,0.9986037611961365,True
PUBLISHED_PRECOMPUTED_FEATURE_EVALUATION,FEATURE_SEARCH_ONLY,second_S2D.mat,513,610,3,32941,610,0.9985898733139038,True
PUBLISHED_PRECOMPUTED_FEATURE_EVALUATION,FEATURE_SEARCH_ONLY,second_S2D.mat,513,610,4,32976,610,0.9985727667808533,True
PUBLISHED_PRECOMPUTED_FEATURE_EVALUATION,FEATURE_SEARCH_ONLY,second_S2D.mat,513,610,5,32957,610,0.9985454082489014,True
PUBLISHED_PRECOMPUTED_FEATURE_EVALUATION,FEATURE_SEARCH_ONLY,second_S2D.mat,513,610,6,32958,610,0.998516857624054,True
PUBLISHED_PRECOMPUTED_FEATURE_EVALUATION,FEATURE_SEARCH_ONLY,second_S2D.mat,513,610,7,32942,610,0.9984841346740723,True
PUBLISHED_PRECOMPUTED_FEATURE_EVALUATION,FEATURE_SEARCH_ONLY,second_S2D.mat,513,610,8,32940,610,0.9984768629074097,True
PUBLISHED_PRECOMPUTED_FEATURE_EVALUATION,FEATURE_SEARCH_ONLY,second_S2D.mat,513,610,9,32960,610,0.9984394907951355,True
PUBLISHED_PRECOMPUTED_FEATURE_EVALUATION,FEATURE_SEARCH_ONLY,second_S2D.mat,513,610,10,33675,623,0.9984040856361389,False
PUBLISHED_PRECOMPUTED_FEATURE_EVALUATION,FEATURE_SEARCH_ONLY,second_S2D.mat,514,611,1,33007,611,0.9987965226173401,True
PUBLISHED_PRECOMPUTED_FEATURE_EVALUATION,FEATURE_SEARCH_ONLY,second_S2D.mat,514,611,2,33008,611,0.9987274408340454,True
PUBLISHED_PRECOMPUTED_FEATURE_EVALUATION,FEATURE_SEARCH_ONLY,second_S2D.mat,514,611,3,33026,611,0.9986884593963623,True
PUBLISHED_PRECOMPUTED_FEATURE_EVALUATION,FEATURE_SEARCH_ONLY,second_S2D.mat,514,611,4,33006,611,0.9986758828163147,True
PUBLISHED_PRECOMPUTED_FEATURE_EVALUATION,FEATURE_SEARCH_ONLY,second_S2D.mat,514,611,5,33025,611,0.9986758828163147,True
PUBLISHED_PRECOMPUTED_FEATURE_EVALUATION,FEATURE_SEARCH_ONLY,second_S2D.mat,514,611,6,33024,611,0.9986118674278259,True
PUBLISHED_PRECOMPUTED_FEATURE_EVALUATION,FEATURE_SEARCH_ONLY,second_S2D.mat,514,611,7,33013,611,0.9986084699630737,True
PUBLISHED_PRECOMPUTED_FEATURE_EVALUATION,FEATURE_SEARCH_ONLY,second_S2D.mat,514,611,8,33027,611,0.99859619140625,True
PUBLISHED_PRECOMPUTED_FEATURE_EVALUATION,FEATURE_SEARCH_ONLY,second_S2D.mat,514,611,9,33009,611,0.9985852241516113,True
PUBLISHED_PRECOMPUTED_FEATURE_EVALUATION,FEATURE_SEARCH_ONLY,second_S2D.mat,514,611,10,32998,611,0.9985470771789551,True
PUBLISHED_PRECOMPUTED_FEATURE_EVALUATION,FEATURE_SEARCH_ONLY,second_S2D.mat,515,613,1,33137,613,0.9990166425704956,True
PUBLISHED_PRECOMPUTED_FEATURE_EVALUATION,FEATURE_SEARCH_ONLY,second_S2D.mat,515,613,2,33118,613,0.9990121126174927,True
PUBLISHED_PRECOMPUTED_FEATURE_EVALUATION,FEATURE_SEARCH_ONLY,second_S2D.mat,515,613,3,33120,613,0.9990078210830688,True
PUBLISHED_PRECOMPUTED_FEATURE_EVALUATION,FEATURE_SEARCH_ONLY,second_S2D.mat,515,613,4,33117,613,0.9990073442459106,True
PUBLISHED_PRECOMPUTED_FEATURE_EVALUATION,FEATURE_SEARCH_ONLY,second_S2D.mat,515,613,5,33119,613,0.9989956617355347,True
PUBLISHED_PRECOMPUTED_FEATURE_EVALUATION,FEATURE_SEARCH_ONLY,second_S2D.mat,515,613,6,33135,613,0.9989838004112244,True
PUBLISHED_PRECOMPUTED_FEATURE_EVALUATION,FEATURE_SEARCH_ONLY,second_S2D.mat,515,613,7,33102,613,0.9989452362060547,True
PUBLISHED_PRECOMPUTED_FEATURE_EVALUATION,FEATURE_SEARCH_ONLY,second_S2D.mat,515,613,8,33134,613,0.9989194869995117,True
PUBLISHED_PRECOMPUTED_FEATURE_EVALUATION,FEATURE_SEARCH_ONLY,second_S2D.mat,515,613,9,33138,613,0.9989176988601685,True
PUBLISHED_PRECOMPUTED_FEATURE_EVALUATION,FEATURE_SEARCH_ONLY,second_S2D.mat,515,613,10,33121,613,0.9988718032836914,True
PUBLISHED_PRECOMPUTED_FEATURE_EVALUATION,FEATURE_SEARCH_ONLY,second_S2D.mat,516,614,1,33199,614,0.9988672733306885,True
PUBLISHED_PRECOMPUTED_FEATURE_EVALUATION,FEATURE_SEARCH_ONLY,second_S2D.mat,516,614,2,33186,614,0.9988079071044922,True
PUBLISHED_PRECOMPUTED_FEATURE_EVALUATION,FEATURE_SEARCH_ONLY,second_S2D.mat,516,614,3,33181,614,0.9988073110580444,True
PUBLISHED_PRECOMPUTED_FEATURE_EVALUATION,FEATURE_SEARCH_ONLY,second_S2D.mat,516,614,4,33185,614,0.9988002777099609,True
PUBLISHED_PRECOMPUTED_FEATURE_EVALUATION,FEATURE_SEARCH_ONLY,second_S2D.mat,516,614,5,33200,614,0.9987718462944031,True
PUBLISHED_PRECOMPUTED_FEATURE_EVALUATION,FEATURE_SEARCH_ONLY,second_S2D.mat,516,614,6,33180,614,0.9987697601318359,True
PUBLISHED_PRECOMPUTED_FEATURE_EVALUATION,FEATURE_SEARCH_ONLY,second_S2D.mat,516,614,7,33178,614,0.9987555742263794,True
PUBLISHED_PRECOMPUTED_FEATURE_EVALUATION,FEATURE_SEARCH_ONLY,second_S2D.mat,516,614,8,33182,614,0.9987324476242065,True
PUBLISHED_PRECOMPUTED_FEATURE_EVALUATION,FEATURE_SEARCH_ONLY,second_S2D.mat,516,614,9,33198,614,0.9987273216247559,True
PUBLISHED_PRECOMPUTED_FEATURE_EVALUATION,FEATURE_SEARCH_ONLY,second_S2D.mat,516,614,10,33188,614,0.9987254738807678,True
PUBLISHED_PRECOMPUTED_FEATURE_EVALUATION,FEATURE_SEARCH_ONLY,second_S2D.mat,517,617,1,33351,617,0.998843789100647,True
PUBLISHED_PRECOMPUTED_FEATURE_EVALUATION,FEATURE_SEARCH_ONLY,second_S2D.mat,517,617,2,33337,617,0.998843252658844,True
PUBLISHED_PRECOMPUTED_FEATURE_EVALUATION,FEATURE_SEARCH_ONLY,second_S2D.mat,517,617,3,33355,617,0.9988412261009216,True
PUBLISHED_PRECOMPUTED_FEATURE_EVALUATION,FEATURE_SEARCH_ONLY,second_S2D.mat,517,617,4,33371,617,0.9988337159156799,True
PUBLISHED_PRECOMPUTED_FEATURE_EVALUATION,FEATURE_SEARCH_ONLY,second_S2D.mat,517,617,5,33319,617,0.9988312721252441,True
PUBLISHED_PRECOMPUTED_FEATURE_EVALUATION,FEATURE_SEARCH_ONLY,second_S2D.mat,517,617,6,33318,617,0.9988306164741516,True
PUBLISHED_PRECOMPUTED_FEATURE_EVALUATION,FEATURE_SEARCH_ONLY,second_S2D.mat,517,617,7,33368,617,0.998830258846283,True
PUBLISHED_PRECOMPUTED_FEATURE_EVALUATION,FEATURE_SEARCH_ONLY,second_S2D.mat,517,617,8,33350,617,0.9988212585449219,True
PUBLISHED_PRECOMPUTED_FEATURE_EVALUATION,FEATURE_SEARCH_ONLY,second_S2D.mat,517,617,9,33335,617,0.9988209009170532,True
PUBLISHED_PRECOMPUTED_FEATURE_EVALUATION,FEATURE_SEARCH_ONLY,second_S2D.mat,517,617,10,33369,617,0.9988031387329102,True
PUBLISHED_PRECOMPUTED_FEATURE_EVALUATION,FEATURE_SEARCH_ONLY,second_S2D.mat,518,619,1,33460,619,0.9989531636238098,True
PUBLISHED_PRECOMPUTED_FEATURE_EVALUATION,FEATURE_SEARCH_ONLY,second_S2D.mat,518,619,2,33458,619,0.998903751373291,True
PUBLISHED_PRECOMPUTED_FEATURE_EVALUATION,FEATURE_SEARCH_ONLY,second_S2D.mat,518,619,3,33442,619,0.9988705515861511,True
PUBLISHED_PRECOMPUTED_FEATURE_EVALUATION,FEATURE_SEARCH_ONLY,second_S2D.mat,518,619,4,33461,619,0.99886155128479,True
PUBLISHED_PRECOMPUTED_FEATURE_EVALUATION,FEATURE_SEARCH_ONLY,second_S2D.mat,518,619,5,33462,619,0.9988605380058289,True
PUBLISHED_PRECOMPUTED_FEATURE_EVALUATION,FEATURE_SEARCH_ONLY,second_S2D.mat,518,619,6,33443,619,0.9988431930541992,True
PUBLISHED_PRECOMPUTED_FEATURE_EVALUATION,FEATURE_SEARCH_ONLY,second_S2D.mat,518,619,7,33440,619,0.9988266825675964,True
PUBLISHED_PRECOMPUTED_FEATURE_EVALUATION,FEATURE_SEARCH_ONLY,second_S2D.mat,518,619,8,33457,619,0.9988209009170532,True
PUBLISHED_PRECOMPUTED_FEATURE_EVALUATION,FEATURE_SEARCH_ONLY,second_S2D.mat,518,619,9,33459,619,0.998816967010498,True
PUBLISHED_PRECOMPUTED_FEATURE_EVALUATION,FEATURE_SEARCH_ONLY,second_S2D.mat,518,619,10,33475,619,0.998805046081543,True
PUBLISHED_PRECOMPUTED_FEATURE_EVALUATION,FEATURE_SEARCH_ONLY,second_S2D.mat,519,620,1,33516,620,0.9991971850395203,True
PUBLISHED_PRECOMPUTED_FEATURE_EVALUATION,FEATURE_SEARCH_ONLY,second_S2D.mat,519,620,2,33514,620,0.999173104763031,True
PUBLISHED_PRECOMPUTED_FEATURE_EVALUATION,FEATURE_SEARCH_ONLY,second_S2D.mat,519,620,3,33506,620,0.9991446137428284,True
PUBLISHED_PRECOMPUTED_FEATURE_EVALUATION,FEATURE_SEARCH_ONLY,second_S2D.mat,519,620,4,33522,620,0.9991438984870911,True
PUBLISHED_PRECOMPUTED_FEATURE_EVALUATION,FEATURE_SEARCH_ONLY,second_S2D.mat,519,620,5,33524,620,0.9991430044174194,True
PUBLISHED_PRECOMPUTED_FEATURE_EVALUATION,FEATURE_SEARCH_ONLY,second_S2D.mat,519,620,6,33515,620,0.9991409182548523,True
PUBLISHED_PRECOMPUTED_FEATURE_EVALUATION,FEATURE_SEARCH_ONLY,second_S2D.mat,519,620,7,33511,620,0.9991272687911987,True
PUBLISHED_PRECOMPUTED_FEATURE_EVALUATION,FEATURE_SEARCH_ONLY,second_S2D.mat,519,620,8,33507,620,0.9991214275360107,True
PUBLISHED_PRECOMPUTED_FEATURE_EVALUATION,FEATURE_SEARCH_ONLY,second_S2D.mat,519,620,9,33512,620,0.9991021752357483,True
PUBLISHED_PRECOMPUTED_FEATURE_EVALUATION,FEATURE_SEARCH_ONLY,second_S2D.mat,519,620,10,33499,620,0.9991002082824707,True
PUBLISHED_PRECOMPUTED_FEATURE_EVALUATION,FEATURE_SEARCH_ONLY,second_S2D.mat,520,621,1,33567,621,0.9995461702346802,True
PUBLISHED_PRECOMPUTED_FEATURE_EVALUATION,FEATURE_SEARCH_ONLY,second_S2D.mat,520,621,2,33566,621,0.9995232224464417,True
PUBLISHED_PRECOMPUTED_FEATURE_EVALUATION,FEATURE_SEARCH_ONLY,second_S2D.mat,520,621,3,33549,621,0.99949711561203,True
PUBLISHED_PRECOMPUTED_FEATURE_EVALUATION,FEATURE_SEARCH_ONLY,second_S2D.mat,520,621,4,33548,621,0.9994841814041138,True
PUBLISHED_PRECOMPUTED_FEATURE_EVALUATION,FEATURE_SEARCH_ONLY,second_S2D.mat,520,621,5,33565,621,0.9994832277297974,True
PUBLISHED_PRECOMPUTED_FEATURE_EVALUATION,FEATURE_SEARCH_ONLY,second_S2D.mat,520,621,6,33564,621,0.9994484782218933,True
PUBLISHED_PRECOMPUTED_FEATURE_EVALUATION,FEATURE_SEARCH_ONLY,second_S2D.mat,520,621,7,33568,621,0.9994409084320068,True
PUBLISHED_PRECOMPUTED_FEATURE_EVALUATION,FEATURE_SEARCH_ONLY,second_S2D.mat,520,621,8,33563,621,0.9994375109672546,True
PUBLISHED_PRECOMPUTED_FEATURE_EVALUATION,FEATURE_SEARCH_ONLY,second_S2D.mat,520,621,9,33550,621,0.999413251876831,True
PUBLISHED_PRECOMPUTED_FEATURE_EVALUATION,FEATURE_SEARCH_ONLY,second_S2D.mat,520,621,10,33582,621,0.9994030594825745,True
PUBLISHED_PRECOMPUTED_FEATURE_EVALUATION,FEATURE_SEARCH_ONLY,second_S2D.mat,521,622,1,33622,622,0.9990562200546265,True
PUBLISHED_PRECOMPUTED_FEATURE_EVALUATION,FEATURE_SEARCH_ONLY,second_S2D.mat,521,622,2,33604,622,0.9989937543869019,True
PUBLISHED_PRECOMPUTED_FEATURE_EVALUATION,FEATURE_SEARCH_ONLY,second_S2D.mat,521,622,3,33621,622,0.9989784955978394,True
PUBLISHED_PRECOMPUTED_FEATURE_EVALUATION,FEATURE_SEARCH_ONLY,second_S2D.mat,521,622,4,33605,622,0.9989411234855652,True
PUBLISHED_PRECOMPUTED_FEATURE_EVALUATION,FEATURE_SEARCH_ONLY,second_S2D.mat,521,622,5,33606,622,0.998915433883667,True
PUBLISHED_PRECOMPUTED_FEATURE_EVALUATION,FEATURE_SEARCH_ONLY,second_S2D.mat,521,622,6,33603,622,0.998899519443512,True
PUBLISHED_PRECOMPUTED_FEATURE_EVALUATION,FEATURE_SEARCH_ONLY,second_S2D.mat,521,622,7,33618,622,0.9988453388214111,True
PUBLISHED_PRECOMPUTED_FEATURE_EVALUATION,FEATURE_SEARCH_ONLY,second_S2D.mat,521,622,8,33590,622,0.9988409876823425,True
PUBLISHED_PRECOMPUTED_FEATURE_EVALUATION,FEATURE_SEARCH_ONLY,second_S2D.mat,521,622,9,33623,622,0.998838484287262,True
PUBLISHED_PRECOMPUTED_FEATURE_EVALUATION,FEATURE_SEARCH_ONLY,second_S2D.mat,521,622,10,33602,622,0.998820424079895,True
PUBLISHED_PRECOMPUTED_FEATURE_EVALUATION,FEATURE_SEARCH_ONLY,second_S2D.mat,522,623,1,33678,623,0.9989843368530273,True
PUBLISHED_PRECOMPUTED_FEATURE_EVALUATION,FEATURE_SEARCH_ONLY,second_S2D.mat,522,623,2,33660,623,0.9989815950393677,True
PUBLISHED_PRECOMPUTED_FEATURE_EVALUATION,FEATURE_SEARCH_ONLY,second_S2D.mat,522,623,3,33680,623,0.9988442659378052,True
PUBLISHED_PRECOMPUTED_FEATURE_EVALUATION,FEATURE_SEARCH_ONLY,second_S2D.mat,522,623,4,33642,623,0.9988337159156799,True
PUBLISHED_PRECOMPUTED_FEATURE_EVALUATION,FEATURE_SEARCH_ONLY,second_S2D.mat,522,623,5,33661,623,0.9988245964050293,True
PUBLISHED_PRECOMPUTED_FEATURE_EVALUATION,FEATURE_SEARCH_ONLY,second_S2D.mat,522,623,6,33679,623,0.9988182783126831,True
PUBLISHED_PRECOMPUTED_FEATURE_EVALUATION,FEATURE_SEARCH_ONLY,second_S2D.mat,522,623,7,33662,623,0.998817503452301,True
PUBLISHED_PRECOMPUTED_FEATURE_EVALUATION,FEATURE_SEARCH_ONLY,second_S2D.mat,522,623,8,33695,623,0.9988117814064026,True
PUBLISHED_PRECOMPUTED_FEATURE_EVALUATION,FEATURE_SEARCH_ONLY,second_S2D.mat,522,623,9,33677,623,0.9988044500350952,True
PUBLISHED_PRECOMPUTED_FEATURE_EVALUATION,FEATURE_SEARCH_ONLY,second_S2D.mat,522,623,10,33644,623,0.9987859129905701,True
PUBLISHED_PRECOMPUTED_FEATURE_EVALUATION,FEATURE_SEARCH_ONLY,second_S2D.mat,523,624,1,33733,624,0.9984250068664551,True
PUBLISHED_PRECOMPUTED_FEATURE_EVALUATION,FEATURE_SEARCH_ONLY,second_S2D.mat,523,624,2,7620,141,0.9983663558959961,False
PUBLISHED_PRECOMPUTED_FEATURE_EVALUATION,FEATURE_SEARCH_ONLY,second_S2D.mat,523,624,3,7618,141,0.9983173608779907,False
PUBLISHED_PRECOMPUTED_FEATURE_EVALUATION,FEATURE_SEARCH_ONLY,second_S2D.mat,523,624,4,33732,624,0.9983143210411072,True
PUBLISHED_PRECOMPUTED_FEATURE_EVALUATION,FEATURE_SEARCH_ONLY,second_S2D.mat,523,624,5,7615,141,0.9983052015304565,False
PUBLISHED_PRECOMPUTED_FEATURE_EVALUATION,FEATURE_SEARCH_ONLY,second_S2D.mat,523,624,6,7619,141,0.9982917904853821,False
PUBLISHED_PRECOMPUTED_FEATURE_EVALUATION,FEATURE_SEARCH_ONLY,second_S2D.mat,523,624,7,7666,141,0.9982876777648926,False
PUBLISHED_PRECOMPUTED_FEATURE_EVALUATION,FEATURE_SEARCH_ONLY,second_S2D.mat,523,624,8,7629,141,0.9982837438583374,False
PUBLISHED_PRECOMPUTED_FEATURE_EVALUATION,FEATURE_SEARCH_ONLY,second_S2D.mat,523,624,9,7645,141,0.9982654452323914,False
PUBLISHED_PRECOMPUTED_FEATURE_EVALUATION,FEATURE_SEARCH_ONLY,second_S2D.mat,523,624,10,7646,141,0.9982625246047974,False
PUBLISHED_PRECOMPUTED_FEATURE_EVALUATION,FEATURE_SEARCH_ONLY,second_S2D.mat,524,625,1,32274,597,0.9987630248069763,False
PUBLISHED_PRECOMPUTED_FEATURE_EVALUATION,FEATURE_SEARCH_ONLY,second_S2D.mat,524,625,2,34056,630,0.9987187385559082,False
PUBLISHED_PRECOMPUTED_FEATURE_EVALUATION,FEATURE_SEARCH_ONLY,second_S2D.mat,524,625,3,33788,625,0.99869704246521,True
PUBLISHED_PRECOMPUTED_FEATURE_EVALUATION,FEATURE_SEARCH_ONLY,second_S2D.mat,524,625,4,34038,630,0.9986943006515503,False
PUBLISHED_PRECOMPUTED_FEATURE_EVALUATION,FEATURE_SEARCH_ONLY,second_S2D.mat,524,625,5,33769,625,0.9986816644668579,True
PUBLISHED_PRECOMPUTED_FEATURE_EVALUATION,FEATURE_SEARCH_ONLY,second_S2D.mat,524,625,6,33787,625,0.9986759424209595,True
PUBLISHED_PRECOMPUTED_FEATURE_EVALUATION,FEATURE_SEARCH_ONLY,second_S2D.mat,524,625,7,33770,625,0.9986679553985596,True
PUBLISHED_PRECOMPUTED_FEATURE_EVALUATION,FEATURE_SEARCH_ONLY,second_S2D.mat,524,625,8,33786,625,0.9986575245857239,True
PUBLISHED_PRECOMPUTED_FEATURE_EVALUATION,FEATURE_SEARCH_ONLY,second_S2D.mat,524,625,9,32256,597,0.9986500144004822,False
PUBLISHED_PRECOMPUTED_FEATURE_EVALUATION,FEATURE_SEARCH_ONLY,second_S2D.mat,524,625,10,33767,625,0.9986066818237305,True
PUBLISHED_PRECOMPUTED_FEATURE_EVALUATION,FEATURE_SEARCH_ONLY,second_S2D.mat,525,626,1,33850,626,0.9989269971847534,True
PUBLISHED_PRECOMPUTED_FEATURE_EVALUATION,FEATURE_SEARCH_ONLY,second_S2D.mat,525,626,2,33834,626,0.9988628625869751,True
PUBLISHED_PRECOMPUTED_FEATURE_EVALUATION,FEATURE_SEARCH_ONLY,second_S2D.mat,525,626,3,33833,626,0.9988575577735901,True
PUBLISHED_PRECOMPUTED_FEATURE_EVALUATION,FEATURE_SEARCH_ONLY,second_S2D.mat,525,626,4,33832,626,0.9988268613815308,True
PUBLISHED_PRECOMPUTED_FEATURE_EVALUATION,FEATURE_SEARCH_ONLY,second_S2D.mat,525,626,5,33848,626,0.9988245368003845,True
PUBLISHED_PRECOMPUTED_FEATURE_EVALUATION,FEATURE_SEARCH_ONLY,second_S2D.mat,525,626,6,33845,626,0.99881511926651,True
PUBLISHED_PRECOMPUTED_FEATURE_EVALUATION,FEATURE_SEARCH_ONLY,second_S2D.mat,525,626,7,33849,626,0.9988119006156921,True
PUBLISHED_PRECOMPUTED_FEATURE_EVALUATION,FEATURE_SEARCH_ONLY,second_S2D.mat,525,626,8,33831,626,0.9987635612487793,True
PUBLISHED_PRECOMPUTED_FEATURE_EVALUATION,FEATURE_SEARCH_ONLY,second_S2D.mat,525,626,9,33836,626,0.9987387657165527,True
PUBLISHED_PRECOMPUTED_FEATURE_EVALUATION,FEATURE_SEARCH_ONLY,second_S2D.mat,525,626,10,31424,581,0.9987320899963379,False
PUBLISHED_PRECOMPUTED_FEATURE_EVALUATION,FEATURE_SEARCH_ONLY,second_S2D.mat,526,628,1,33929,628,0.9990382790565491,True
PUBLISHED_PRECOMPUTED_FEATURE_EVALUATION,FEATURE_SEARCH_ONLY,second_S2D.mat,526,628,2,33945,628,0.998879075050354,True
PUBLISHED_PRECOMPUTED_FEATURE_EVALUATION,FEATURE_SEARCH_ONLY,second_S2D.mat,526,628,3,33931,628,0.9988752603530884,True
PUBLISHED_PRECOMPUTED_FEATURE_EVALUATION,FEATURE_SEARCH_ONLY,second_S2D.mat,526,628,4,33912,628,0.9988573789596558,True
PUBLISHED_PRECOMPUTED_FEATURE_EVALUATION,FEATURE_SEARCH_ONLY,second_S2D.mat,526,628,5,33930,628,0.9988536238670349,True
PUBLISHED_PRECOMPUTED_FEATURE_EVALUATION,FEATURE_SEARCH_ONLY,second_S2D.mat,526,628,6,33927,628,0.9988247156143188,True
PUBLISHED_PRECOMPUTED_FEATURE_EVALUATION,FEATURE_SEARCH_ONLY,second_S2D.mat,526,628,7,33913,628,0.9988161325454712,True
PUBLISHED_PRECOMPUTED_FEATURE_EVALUATION,FEATURE_SEARCH_ONLY,second_S2D.mat,526,628,8,33928,628,0.9987978935241699,True
PUBLISHED_PRECOMPUTED_FEATURE_EVALUATION,FEATURE_SEARCH_ONLY,second_S2D.mat,526,628,9,33947,628,0.9987557530403137,True
PUBLISHED_PRECOMPUTED_FEATURE_EVALUATION,FEATURE_SEARCH_ONLY,second_S2D.mat,526,628,10,33932,628,0.9987440705299377,True
PUBLISHED_PRECOMPUTED_FEATURE_EVALUATION,FEATURE_SEARCH_ONLY,second_S2D.mat,527,630,1,34045,630,0.9985442161560059,True
PUBLISHED_PRECOMPUTED_FEATURE_EVALUATION,FEATURE_SEARCH_ONLY,second_S2D.mat,527,630,2,34064,630,0.9985201358795166,True
PUBLISHED_PRECOMPUTED_FEATURE_EVALUATION,FEATURE_SEARCH_ONLY,second_S2D.mat,527,630,3,34063,630,0.9985153675079346,True
PUBLISHED_PRECOMPUTED_FEATURE_EVALUATION,FEATURE_SEARCH_ONLY,second_S2D.mat,527,630,4,38338,709,0.9985127449035645,False
PUBLISHED_PRECOMPUTED_FEATURE_EVALUATION,FEATURE_SEARCH_ONLY,second_S2D.mat,527,630,5,34048,630,0.9985111355781555,True
PUBLISHED_PRECOMPUTED_FEATURE_EVALUATION,FEATURE_SEARCH_ONLY,second_S2D.mat,527,630,6,38321,709,0.9985036849975586,False
PUBLISHED_PRECOMPUTED_FEATURE_EVALUATION,FEATURE_SEARCH_ONLY,second_S2D.mat,527,630,7,34028,630,0.9985035061836243,True
PUBLISHED_PRECOMPUTED_FEATURE_EVALUATION,FEATURE_SEARCH_ONLY,second_S2D.mat,527,630,8,32264,597,0.9985030889511108,False
PUBLISHED_PRECOMPUTED_FEATURE_EVALUATION,FEATURE_SEARCH_ONLY,second_S2D.mat,527,630,9,34027,630,0.9984992742538452,True
PUBLISHED_PRECOMPUTED_FEATURE_EVALUATION,FEATURE_SEARCH_ONLY,second_S2D.mat,527,630,10,38329,709,0.9984985589981079,False
PUBLISHED_PRECOMPUTED_FEATURE_EVALUATION,FEATURE_SEARCH_ONLY,second_S2D.mat,528,632,1,34172,632,0.9995919466018677,True
PUBLISHED_PRECOMPUTED_FEATURE_EVALUATION,FEATURE_SEARCH_ONLY,second_S2D.mat,528,632,2,34173,632,0.9995434284210205,True
PUBLISHED_PRECOMPUTED_FEATURE_EVALUATION,FEATURE_SEARCH_ONLY,second_S2D.mat,528,632,3,34164,632,0.9995421767234802,True
PUBLISHED_PRECOMPUTED_FEATURE_EVALUATION,FEATURE_SEARCH_ONLY,second_S2D.mat,528,632,4,34170,632,0.9995404481887817,True
PUBLISHED_PRECOMPUTED_FEATURE_EVALUATION,FEATURE_SEARCH_ONLY,second_S2D.mat,528,632,5,34171,632,0.9995360374450684,True
PUBLISHED_PRECOMPUTED_FEATURE_EVALUATION,FEATURE_SEARCH_ONLY,second_S2D.mat,528,632,6,34155,632,0.9995316863059998,True
PUBLISHED_PRECOMPUTED_FEATURE_EVALUATION,FEATURE_SEARCH_ONLY,second_S2D.mat,528,632,7,34154,632,0.9995216727256775,True
PUBLISHED_PRECOMPUTED_FEATURE_EVALUATION,FEATURE_SEARCH_ONLY,second_S2D.mat,528,632,8,34165,632,0.9995149970054626,True
PUBLISHED_PRECOMPUTED_FEATURE_EVALUATION,FEATURE_SEARCH_ONLY,second_S2D.mat,528,632,9,34163,632,0.9995144605636597,True
PUBLISHED_PRECOMPUTED_FEATURE_EVALUATION,FEATURE_SEARCH_ONLY,second_S2D.mat,528,632,10,34156,632,0.9994983673095703,True
PUBLISHED_PRECOMPUTED_FEATURE_EVALUATION,FEATURE_SEARCH_ONLY,second_S2D.mat,529,634,1,34258,634,0.9993172883987427,True
PUBLISHED_PRECOMPUTED_FEATURE_EVALUATION,FEATURE_SEARCH_ONLY,second_S2D.mat,529,634,2,34245,634,0.9992744326591492,True
PUBLISHED_PRECOMPUTED_FEATURE_EVALUATION,FEATURE_SEARCH_ONLY,second_S2D.mat,529,634,3,34257,634,0.9992015361785889,True
PUBLISHED_PRECOMPUTED_FEATURE_EVALUATION,FEATURE_SEARCH_ONLY,second_S2D.mat,529,634,4,34263,634,0.9991844296455383,True
PUBLISHED_PRECOMPUTED_FEATURE_EVALUATION,FEATURE_SEARCH_ONLY,second_S2D.mat,529,634,5,34240,634,0.9991559982299805,True
PUBLISHED_PRECOMPUTED_FEATURE_EVALUATION,FEATURE_SEARCH_ONLY,second_S2D.mat,529,634,6,34246,634,0.9991509914398193,True
PUBLISHED_PRECOMPUTED_FEATURE_EVALUATION,FEATURE_SEARCH_ONLY,second_S2D.mat,529,634,7,34239,634,0.9991397261619568,True
PUBLISHED_PRECOMPUTED_FEATURE_EVALUATION,FEATURE_SEARCH_ONLY,second_S2D.mat,529,634,8,34273,634,0.9991334080696106,True
PUBLISHED_PRECOMPUTED_FEATURE_EVALUATION,FEATURE_SEARCH_ONLY,second_S2D.mat,529,634,9,34241,634,0.9991268515586853,True
PUBLISHED_PRECOMPUTED_FEATURE_EVALUATION,FEATURE_SEARCH_ONLY,second_S2D.mat,529,634,10,34264,634,0.9991127848625183,True
PUBLISHED_PRECOMPUTED_FEATURE_EVALUATION,FEATURE_SEARCH_ONLY,second_S2D.mat,530,636,1,34375,636,0.9995946884155273,True
PUBLISHED_PRECOMPUTED_FEATURE_EVALUATION,FEATURE_SEARCH_ONLY,second_S2D.mat,530,636,2,34384,636,0.9995653033256531,True
PUBLISHED_PRECOMPUTED_FEATURE_EVALUATION,FEATURE_SEARCH_ONLY,second_S2D.mat,530,636,3,34376,636,0.9995642304420471,True
PUBLISHED_PRECOMPUTED_FEATURE_EVALUATION,FEATURE_SEARCH_ONLY,second_S2D.mat,530,636,4,34383,636,0.9995359182357788,True
PUBLISHED_PRECOMPUTED_FEATURE_EVALUATION,FEATURE_SEARCH_ONLY,second_S2D.mat,530,636,5,34379,636,0.9994972944259644,True
PUBLISHED_PRECOMPUTED_FEATURE_EVALUATION,FEATURE_SEARCH_ONLY,second_S2D.mat,530,636,6,34366,636,0.9994970560073853,True
PUBLISHED_PRECOMPUTED_FEATURE_EVALUATION,FEATURE_SEARCH_ONLY,second_S2D.mat,530,636,7,34385,636,0.9994611740112305,True
PUBLISHED_PRECOMPUTED_FEATURE_EVALUATION,FEATURE_SEARCH_ONLY,second_S2D.mat,530,636,8,34382,636,0.9994601607322693,True
PUBLISHED_PRECOMPUTED_FEATURE_EVALUATION,FEATURE_SEARCH_ONLY,second_S2D.mat,530,636,9,34368,636,0.9994493126869202,True
PUBLISHED_PRECOMPUTED_FEATURE_EVALUATION,FEATURE_SEARCH_ONLY,second_S2D.mat,530,636,10,34367,636,0.999441385269165,True
PUBLISHED_PRECOMPUTED_FEATURE_EVALUATION,FEATURE_SEARCH_ONLY,second_S2D.mat,531,637,1,34425,637,0.9993184208869934,True
PUBLISHED_PRECOMPUTED_FEATURE_EVALUATION,FEATURE_SEARCH_ONLY,second_S2D.mat,531,637,2,34414,637,0.9992395639419556,True
PUBLISHED_PRECOMPUTED_FEATURE_EVALUATION,FEATURE_SEARCH_ONLY,second_S2D.mat,531,637,3,34433,637,0.999214768409729,True
PUBLISHED_PRECOMPUTED_FEATURE_EVALUATION,FEATURE_SEARCH_ONLY,second_S2D.mat,531,637,4,34424,637,0.999172568321228,True
PUBLISHED_PRECOMPUTED_FEATURE_EVALUATION,FEATURE_SEARCH_ONLY,second_S2D.mat,531,637,5,34410,637,0.9991482496261597,True
PUBLISHED_PRECOMPUTED_FEATURE_EVALUATION,FEATURE_SEARCH_ONLY,second_S2D.mat,531,637,6,34442,637,0.9991387128829956,True
PUBLISHED_PRECOMPUTED_FEATURE_EVALUATION,FEATURE_SEARCH_ONLY,second_S2D.mat,531,637,7,34426,637,0.9991379976272583,True
PUBLISHED_PRECOMPUTED_FEATURE_EVALUATION,FEATURE_SEARCH_ONLY,second_S2D.mat,531,637,8,34443,637,0.9991256594657898,True
PUBLISHED_PRECOMPUTED_FEATURE_EVALUATION,FEATURE_SEARCH_ONLY,second_S2D.mat,531,637,9,34434,637,0.9990895986557007,True
PUBLISHED_PRECOMPUTED_FEATURE_EVALUATION,FEATURE_SEARCH_ONLY,second_S2D.mat,531,637,10,34412,637,0.9990835785865784,True
PUBLISHED_PRECOMPUTED_FEATURE_EVALUATION,FEATURE_SEARCH_ONLY,second_S2D.mat,532,638,1,34484,638,0.9996715188026428,True
PUBLISHED_PRECOMPUTED_FEATURE_EVALUATION,FEATURE_SEARCH_ONLY,second_S2D.mat,532,638,2,34483,638,0.9996565580368042,True
PUBLISHED_PRECOMPUTED_FEATURE_EVALUATION,FEATURE_SEARCH_ONLY,second_S2D.mat,532,638,3,34482,638,0.9996310472488403,True
PUBLISHED_PRECOMPUTED_FEATURE_EVALUATION,FEATURE_SEARCH_ONLY,second_S2D.mat,532,638,4,34485,638,0.9996238350868225,True
PUBLISHED_PRECOMPUTED_FEATURE_EVALUATION,FEATURE_SEARCH_ONLY,second_S2D.mat,532,638,5,34493,638,0.9996027946472168,True
PUBLISHED_PRECOMPUTED_FEATURE_EVALUATION,FEATURE_SEARCH_ONLY,second_S2D.mat,532,638,6,34473,638,0.9995766878128052,True
PUBLISHED_PRECOMPUTED_FEATURE_EVALUATION,FEATURE_SEARCH_ONLY,second_S2D.mat,532,638,7,34475,638,0.999575138092041,True
PUBLISHED_PRECOMPUTED_FEATURE_EVALUATION,FEATURE_SEARCH_ONLY,second_S2D.mat,532,638,8,34474,638,0.9995516538619995,True
PUBLISHED_PRECOMPUTED_FEATURE_EVALUATION,FEATURE_SEARCH_ONLY,second_S2D.mat,532,638,9,34480,638,0.9995366930961609,True
PUBLISHED_PRECOMPUTED_FEATURE_EVALUATION,FEATURE_SEARCH_ONLY,second_S2D.mat,532,638,10,34481,638,0.9995338916778564,True
PUBLISHED_PRECOMPUTED_FEATURE_EVALUATION,FEATURE_SEARCH_ONLY,second_S2D.mat,533,639,1,34540,639,0.9994450211524963,True
PUBLISHED_PRECOMPUTED_FEATURE_EVALUATION,FEATURE_SEARCH_ONLY,second_S2D.mat,533,639,2,34541,639,0.9994266629219055,True
PUBLISHED_PRECOMPUTED_FEATURE_EVALUATION,FEATURE_SEARCH_ONLY,second_S2D.mat,533,639,3,34558,639,0.999426007270813,True
PUBLISHED_PRECOMPUTED_FEATURE_EVALUATION,FEATURE_SEARCH_ONLY,second_S2D.mat,533,639,4,34542,639,0.9994188547134399,True
PUBLISHED_PRECOMPUTED_FEATURE_EVALUATION,FEATURE_SEARCH_ONLY,second_S2D.mat,533,639,5,34559,639,0.99940425157547,True
PUBLISHED_PRECOMPUTED_FEATURE_EVALUATION,FEATURE_SEARCH_ONLY,second_S2D.mat,533,639,6,34523,639,0.9993574619293213,True
PUBLISHED_PRECOMPUTED_FEATURE_EVALUATION,FEATURE_SEARCH_ONLY,second_S2D.mat,533,639,7,34557,639,0.9993094205856323,True
PUBLISHED_PRECOMPUTED_FEATURE_EVALUATION,FEATURE_SEARCH_ONLY,second_S2D.mat,533,639,8,34525,639,0.9993048906326294,True
PUBLISHED_PRECOMPUTED_FEATURE_EVALUATION,FEATURE_SEARCH_ONLY,second_S2D.mat,533,639,9,34543,639,0.9993044137954712,True
PUBLISHED_PRECOMPUTED_FEATURE_EVALUATION,FEATURE_SEARCH_ONLY,second_S2D.mat,533,639,10,34524,639,0.9993011355400085,True
PUBLISHED_PRECOMPUTED_FEATURE_EVALUATION,FEATURE_SEARCH_ONLY,second_S2D.mat,534,640,1,34591,640,0.999402642250061,True
PUBLISHED_PRECOMPUTED_FEATURE_EVALUATION,FEATURE_SEARCH_ONLY,second_S2D.mat,534,640,2,34592,640,0.9993630051612854,True
PUBLISHED_PRECOMPUTED_FEATURE_EVALUATION,FEATURE_SEARCH_ONLY,second_S2D.mat,534,640,3,34602,640,0.9993574619293213,True
PUBLISHED_PRECOMPUTED_FEATURE_EVALUATION,FEATURE_SEARCH_ONLY,second_S2D.mat,534,640,4,34590,640,0.9993502497673035,True
PUBLISHED_PRECOMPUTED_FEATURE_EVALUATION,FEATURE_SEARCH_ONLY,second_S2D.mat,534,640,5,34601,640,0.9993491172790527,True
PUBLISHED_PRECOMPUTED_FEATURE_EVALUATION,FEATURE_SEARCH_ONLY,second_S2D.mat,534,640,6,34582,640,0.9993153810501099,True
PUBLISHED_PRECOMPUTED_FEATURE_EVALUATION,FEATURE_SEARCH_ONLY,second_S2D.mat,534,640,7,34583,640,0.9992780685424805,True
PUBLISHED_PRECOMPUTED_FEATURE_EVALUATION,FEATURE_SEARCH_ONLY,second_S2D.mat,534,640,8,34609,640,0.9992746114730835,True
PUBLISHED_PRECOMPUTED_FEATURE_EVALUATION,FEATURE_SEARCH_ONLY,second_S2D.mat,534,640,9,34608,640,0.9992689490318298,True
PUBLISHED_PRECOMPUTED_FEATURE_EVALUATION,FEATURE_SEARCH_ONLY,second_S2D.mat,534,640,10,34593,640,0.9992603659629822,True
PUBLISHED_PRECOMPUTED_FEATURE_EVALUATION,FEATURE_SEARCH_ONLY,second_S2D.mat,535,642,1,34704,642,0.9997617602348328,True
PUBLISHED_PRECOMPUTED_FEATURE_EVALUATION,FEATURE_SEARCH_ONLY,second_S2D.mat,535,642,2,34712,642,0.9997192025184631,True
PUBLISHED_PRECOMPUTED_FEATURE_EVALUATION,FEATURE_SEARCH_ONLY,second_S2D.mat,535,642,3,34705,642,0.9997072219848633,True
PUBLISHED_PRECOMPUTED_FEATURE_EVALUATION,FEATURE_SEARCH_ONLY,second_S2D.mat,535,642,4,34695,642,0.999707043170929,True
PUBLISHED_PRECOMPUTED_FEATURE_EVALUATION,FEATURE_SEARCH_ONLY,second_S2D.mat,535,642,5,34693,642,0.9997005462646484,True
PUBLISHED_PRECOMPUTED_FEATURE_EVALUATION,FEATURE_SEARCH_ONLY,second_S2D.mat,535,642,6,34694,642,0.9996771812438965,True
PUBLISHED_PRECOMPUTED_FEATURE_EVALUATION,FEATURE_SEARCH_ONLY,second_S2D.mat,535,642,7,34703,642,0.9996719360351562,True
PUBLISHED_PRECOMPUTED_FEATURE_EVALUATION,FEATURE_SEARCH_ONLY,second_S2D.mat,535,642,8,34711,642,0.9996634125709534,True
PUBLISHED_PRECOMPUTED_FEATURE_EVALUATION,FEATURE_SEARCH_ONLY,second_S2D.mat,535,642,9,34686,642,0.9996598958969116,True
PUBLISHED_PRECOMPUTED_FEATURE_EVALUATION,FEATURE_SEARCH_ONLY,second_S2D.mat,535,642,10,34692,642,0.9996534585952759,True
PUBLISHED_PRECOMPUTED_FEATURE_EVALUATION,FEATURE_SEARCH_ONLY,second_S2D.mat,536,643,1,34757,643,0.9995135068893433,True
PUBLISHED_PRECOMPUTED_FEATURE_EVALUATION,FEATURE_SEARCH_ONLY,second_S2D.mat,536,643,2,34754,643,0.9994980096817017,True
PUBLISHED_PRECOMPUTED_FEATURE_EVALUATION,FEATURE_SEARCH_ONLY,second_S2D.mat,536,643,3,34736,643,0.9994528889656067,True
PUBLISHED_PRECOMPUTED_FEATURE_EVALUATION,FEATURE_SEARCH_ONLY,second_S2D.mat,536,643,4,34756,643,0.999451756477356,True
PUBLISHED_PRECOMPUTED_FEATURE_EVALUATION,FEATURE_SEARCH_ONLY,second_S2D.mat,536,643,5,34755,643,0.9994383454322815,True
PUBLISHED_PRECOMPUTED_FEATURE_EVALUATION,FEATURE_SEARCH_ONLY,second_S2D.mat,536,643,6,34735,643,0.999437153339386,True
PUBLISHED_PRECOMPUTED_FEATURE_EVALUATION,FEATURE_SEARCH_ONLY,second_S2D.mat,536,643,7,34739,643,0.9994091987609863,True
PUBLISHED_PRECOMPUTED_FEATURE_EVALUATION,FEATURE_SEARCH_ONLY,second_S2D.mat,536,643,8,34738,643,0.9994083642959595,True
PUBLISHED_PRECOMPUTED_FEATURE_EVALUATION,FEATURE_SEARCH_ONLY,second_S2D.mat,536,643,9,34737,643,0.9993926286697388,True
PUBLISHED_PRECOMPUTED_FEATURE_EVALUATION,FEATURE_SEARCH_ONLY,second_S2D.mat,536,643,10,34772,643,0.9993909001350403,True
PUBLISHED_PRECOMPUTED_FEATURE_EVALUATION,FEATURE_SEARCH_ONLY,second_S2D.mat,537,646,1,34934,646,0.9996600151062012,True
PUBLISHED_PRECOMPUTED_FEATURE_EVALUATION,FEATURE_SEARCH_ONLY,second_S2D.mat,537,646,2,34933,646,0.9996452927589417,True
PUBLISHED_PRECOMPUTED_FEATURE_EVALUATION,FEATURE_SEARCH_ONLY,second_S2D.mat,537,646,3,34921,646,0.9996418952941895,True
PUBLISHED_PRECOMPUTED_FEATURE_EVALUATION,FEATURE_SEARCH_ONLY,second_S2D.mat,537,646,4,34922,646,0.9996057748794556,True
PUBLISHED_PRECOMPUTED_FEATURE_EVALUATION,FEATURE_SEARCH_ONLY,second_S2D.mat,537,646,5,34935,646,0.9995980858802795,True
PUBLISHED_PRECOMPUTED_FEATURE_EVALUATION,FEATURE_SEARCH_ONLY,second_S2D.mat,537,646,6,34914,646,0.9995855689048767,True
PUBLISHED_PRECOMPUTED_FEATURE_EVALUATION,FEATURE_SEARCH_ONLY,second_S2D.mat,537,646,7,34916,646,0.9995833039283752,True
PUBLISHED_PRECOMPUTED_FEATURE_EVALUATION,FEATURE_SEARCH_ONLY,second_S2D.mat,537,646,8,34912,646,0.9995789527893066,True
PUBLISHED_PRECOMPUTED_FEATURE_EVALUATION,FEATURE_SEARCH_ONLY,second_S2D.mat,537,646,9,34915,646,0.9995732307434082,True
PUBLISHED_PRECOMPUTED_FEATURE_EVALUATION,FEATURE_SEARCH_ONLY,second_S2D.mat,537,646,10,34936,646,0.9995708465576172,True
PUBLISHED_PRECOMPUTED_FEATURE_EVALUATION,FEATURE_SEARCH_ONLY,second_S2D.mat,538,647,1,34969,647,0.9994135499000549,True
PUBLISHED_PRECOMPUTED_FEATURE_EVALUATION,FEATURE_SEARCH_ONLY,second_S2D.mat,538,647,2,34970,647,0.9993859529495239,True
PUBLISHED_PRECOMPUTED_FEATURE_EVALUATION,FEATURE_SEARCH_ONLY,second_S2D.mat,538,647,3,34951,647,0.9993377327919006,True
PUBLISHED_PRECOMPUTED_FEATURE_EVALUATION,FEATURE_SEARCH_ONLY,second_S2D.mat,538,647,4,34971,647,0.9993365406990051,True
PUBLISHED_PRECOMPUTED_FEATURE_EVALUATION,FEATURE_SEARCH_ONLY,second_S2D.mat,538,647,5,34955,647,0.9993209838867188,True
PUBLISHED_PRECOMPUTED_FEATURE_EVALUATION,FEATURE_SEARCH_ONLY,second_S2D.mat,538,647,6,34987,647,0.9993193745613098,True
PUBLISHED_PRECOMPUTED_FEATURE_EVALUATION,FEATURE_SEARCH_ONLY,second_S2D.mat,538,647,7,34988,647,0.9993102550506592,True
PUBLISHED_PRECOMPUTED_FEATURE_EVALUATION,FEATURE_SEARCH_ONLY,second_S2D.mat,538,647,8,34954,647,0.9993099570274353,True
PUBLISHED_PRECOMPUTED_FEATURE_EVALUATION,FEATURE_SEARCH_ONLY,second_S2D.mat,538,647,9,34582,640,0.9993095397949219,False
PUBLISHED_PRECOMPUTED_FEATURE_EVALUATION,FEATURE_SEARCH_ONLY,second_S2D.mat,538,647,10,34952,647,0.9993038773536682,True
PUBLISHED_PRECOMPUTED_FEATURE_EVALUATION,FEATURE_SEARCH_ONLY,second_S2D.mat,539,648,1,35011,648,0.9993699193000793,True
PUBLISHED_PRECOMPUTED_FEATURE_EVALUATION,FEATURE_SEARCH_ONLY,second_S2D.mat,539,648,2,35033,648,0.999356210231781,True
PUBLISHED_PRECOMPUTED_FEATURE_EVALUATION,FEATURE_SEARCH_ONLY,second_S2D.mat,539,648,3,35021,648,0.9993484020233154,True
PUBLISHED_PRECOMPUTED_FEATURE_EVALUATION,FEATURE_SEARCH_ONLY,second_S2D.mat,539,648,4,35035,648,0.9993419647216797,True
PUBLISHED_PRECOMPUTED_FEATURE_EVALUATION,FEATURE_SEARCH_ONLY,second_S2D.mat,539,648,5,35022,648,0.9993334412574768,True
PUBLISHED_PRECOMPUTED_FEATURE_EVALUATION,FEATURE_SEARCH_ONLY,second_S2D.mat,539,648,6,35041,648,0.9993300437927246,True
PUBLISHED_PRECOMPUTED_FEATURE_EVALUATION,FEATURE_SEARCH_ONLY,second_S2D.mat,539,648,7,35042,648,0.9993268251419067,True
PUBLISHED_PRECOMPUTED_FEATURE_EVALUATION,FEATURE_SEARCH_ONLY,second_S2D.mat,539,648,8,35020,648,0.9993252754211426,True
PUBLISHED_PRECOMPUTED_FEATURE_EVALUATION,FEATURE_SEARCH_ONLY,second_S2D.mat,539,648,9,35029,648,0.9993140697479248,True
PUBLISHED_PRECOMPUTED_FEATURE_EVALUATION,FEATURE_SEARCH_ONLY,second_S2D.mat,539,648,10,35023,648,0.999311089515686,True
PUBLISHED_PRECOMPUTED_FEATURE_EVALUATION,FEATURE_SEARCH_ONLY,second_S2D.mat,540,649,1,35086,649,0.9993602633476257,True
PUBLISHED_PRECOMPUTED_FEATURE_EVALUATION,FEATURE_SEARCH_ONLY,second_S2D.mat,540,649,2,35078,649,0.999295711517334,True
PUBLISHED_PRECOMPUTED_FEATURE_EVALUATION,FEATURE_SEARCH_ONLY,second_S2D.mat,540,649,3,35066,649,0.9992878437042236,True
PUBLISHED_PRECOMPUTED_FEATURE_EVALUATION,FEATURE_SEARCH_ONLY,second_S2D.mat,540,649,4,35087,649,0.9992803931236267,True
PUBLISHED_PRECOMPUTED_FEATURE_EVALUATION,FEATURE_SEARCH_ONLY,second_S2D.mat,540,649,5,35082,649,0.9992752075195312,True
PUBLISHED_PRECOMPUTED_FEATURE_EVALUATION,FEATURE_SEARCH_ONLY,second_S2D.mat,540,649,6,35085,649,0.9992691874504089,True
PUBLISHED_PRECOMPUTED_FEATURE_EVALUATION,FEATURE_SEARCH_ONLY,second_S2D.mat,540,649,7,35062,649,0.9992395639419556,True
PUBLISHED_PRECOMPUTED_FEATURE_EVALUATION,FEATURE_SEARCH_ONLY,second_S2D.mat,540,649,8,35096,649,0.999236524105072,True
PUBLISHED_PRECOMPUTED_FEATURE_EVALUATION,FEATURE_SEARCH_ONLY,second_S2D.mat,540,649,9,35074,649,0.9992316365242004,True
PUBLISHED_PRECOMPUTED_FEATURE_EVALUATION,FEATURE_SEARCH_ONLY,second_S2D.mat,540,649,10,35081,649,0.999230146408081,True
PUBLISHED_PRECOMPUTED_FEATURE_EVALUATION,FEATURE_SEARCH_ONLY,second_S2D.mat,541,650,1,35139,650,0.9993260502815247,True
PUBLISHED_PRECOMPUTED_FEATURE_EVALUATION,FEATURE_SEARCH_ONLY,second_S2D.mat,541,650,2,35131,650,0.9993110299110413,True
PUBLISHED_PRECOMPUTED_FEATURE_EVALUATION,FEATURE_SEARCH_ONLY,second_S2D.mat,541,650,3,35140,650,0.999304473400116,True
PUBLISHED_PRECOMPUTED_FEATURE_EVALUATION,FEATURE_SEARCH_ONLY,second_S2D.mat,541,650,4,35121,650,0.9992960095405579,True
PUBLISHED_PRECOMPUTED_FEATURE_EVALUATION,FEATURE_SEARCH_ONLY,second_S2D.mat,541,650,5,35115,650,0.9992290735244751,True
PUBLISHED_PRECOMPUTED_FEATURE_EVALUATION,FEATURE_SEARCH_ONLY,second_S2D.mat,541,650,6,35132,650,0.9992260336875916,True
PUBLISHED_PRECOMPUTED_FEATURE_EVALUATION,FEATURE_SEARCH_ONLY,second_S2D.mat,541,650,7,35122,650,0.9992192387580872,True
PUBLISHED_PRECOMPUTED_FEATURE_EVALUATION,FEATURE_SEARCH_ONLY,second_S2D.mat,541,650,8,35124,650,0.9991831183433533,True
PUBLISHED_PRECOMPUTED_FEATURE_EVALUATION,FEATURE_SEARCH_ONLY,second_S2D.mat,541,650,9,35127,650,0.9991803169250488,True
PUBLISHED_PRECOMPUTED_FEATURE_EVALUATION,FEATURE_SEARCH_ONLY,second_S2D.mat,541,650,10,35126,650,0.9991780519485474,True
PUBLISHED_PRECOMPUTED_FEATURE_EVALUATION,FEATURE_SEARCH_ONLY,second_S2D.mat,542,651,1,35194,651,0.999515950679779,True
PUBLISHED_PRECOMPUTED_FEATURE_EVALUATION,FEATURE_SEARCH_ONLY,second_S2D.mat,542,651,2,35171,651,0.9995070695877075,True
PUBLISHED_PRECOMPUTED_FEATURE_EVALUATION,FEATURE_SEARCH_ONLY,second_S2D.mat,542,651,3,35182,651,0.9995030164718628,True
PUBLISHED_PRECOMPUTED_FEATURE_EVALUATION,FEATURE_SEARCH_ONLY,second_S2D.mat,542,651,4,35191,651,0.999475359916687,True
PUBLISHED_PRECOMPUTED_FEATURE_EVALUATION,FEATURE_SEARCH_ONLY,second_S2D.mat,542,651,5,35189,651,0.999473512172699,True
PUBLISHED_PRECOMPUTED_FEATURE_EVALUATION,FEATURE_SEARCH_ONLY,second_S2D.mat,542,651,6,35192,651,0.9994708299636841,True
PUBLISHED_PRECOMPUTED_FEATURE_EVALUATION,FEATURE_SEARCH_ONLY,second_S2D.mat,542,651,7,35181,651,0.9994683265686035,True
PUBLISHED_PRECOMPUTED_FEATURE_EVALUATION,FEATURE_SEARCH_ONLY,second_S2D.mat,542,651,8,35190,651,0.9994584321975708,True
PUBLISHED_PRECOMPUTED_FEATURE_EVALUATION,FEATURE_SEARCH_ONLY,second_S2D.mat,542,651,9,35172,651,0.9994548559188843,True
PUBLISHED_PRECOMPUTED_FEATURE_EVALUATION,FEATURE_SEARCH_ONLY,second_S2D.mat,542,651,10,35173,651,0.999453604221344,True
PUBLISHED_PRECOMPUTED_FEATURE_EVALUATION,FEATURE_SEARCH_ONLY,second_S2D.mat,543,652,1,35235,652,0.9992126226425171,True
PUBLISHED_PRECOMPUTED_FEATURE_EVALUATION,FEATURE_SEARCH_ONLY,second_S2D.mat,543,652,2,35244,652,0.999187171459198,True
PUBLISHED_PRECOMPUTED_FEATURE_EVALUATION,FEATURE_SEARCH_ONLY,second_S2D.mat,543,652,3,35241,652,0.9991790056228638,True
PUBLISHED_PRECOMPUTED_FEATURE_EVALUATION,FEATURE_SEARCH_ONLY,second_S2D.mat,543,652,4,35254,652,0.9991698861122131,True
PUBLISHED_PRECOMPUTED_FEATURE_EVALUATION,FEATURE_SEARCH_ONLY,second_S2D.mat,543,652,5,35239,652,0.9991646409034729,True
PUBLISHED_PRECOMPUTED_FEATURE_EVALUATION,FEATURE_SEARCH_ONLY,second_S2D.mat,543,652,6,35238,652,0.9991540908813477,True
PUBLISHED_PRECOMPUTED_FEATURE_EVALUATION,FEATURE_SEARCH_ONLY,second_S2D.mat,543,652,7,35237,652,0.999150276184082,True
PUBLISHED_PRECOMPUTED_FEATURE_EVALUATION,FEATURE_SEARCH_ONLY,second_S2D.mat,543,652,8,35256,652,0.999138355255127,True
PUBLISHED_PRECOMPUTED_FEATURE_EVALUATION,FEATURE_SEARCH_ONLY,second_S2D.mat,543,652,9,35255,652,0.9991258382797241,True
PUBLISHED_PRECOMPUTED_FEATURE_EVALUATION,FEATURE_SEARCH_ONLY,second_S2D.mat,543,652,10,35236,652,0.9991055727005005,True
PUBLISHED_PRECOMPUTED_FEATURE_EVALUATION,FEATURE_SEARCH_ONLY,second_S2D.mat,544,653,1,35295,653,0.9990989565849304,True
PUBLISHED_PRECOMPUTED_FEATURE_EVALUATION,FEATURE_SEARCH_ONLY,second_S2D.mat,544,653,2,35298,653,0.9990873336791992,True
PUBLISHED_PRECOMPUTED_FEATURE_EVALUATION,FEATURE_SEARCH_ONLY,second_S2D.mat,544,653,3,35299,653,0.999071478843689,True
PUBLISHED_PRECOMPUTED_FEATURE_EVALUATION,FEATURE_SEARCH_ONLY,second_S2D.mat,544,653,4,35300,653,0.9990522861480713,True
PUBLISHED_PRECOMPUTED_FEATURE_EVALUATION,FEATURE_SEARCH_ONLY,second_S2D.mat,544,653,5,35283,653,0.999039351940155,True
PUBLISHED_PRECOMPUTED_FEATURE_EVALUATION,FEATURE_SEARCH_ONLY,second_S2D.mat,544,653,6,35270,653,0.9990305304527283,True
PUBLISHED_PRECOMPUTED_FEATURE_EVALUATION,FEATURE_SEARCH_ONLY,second_S2D.mat,544,653,7,35882,664,0.9990161657333374,False
PUBLISHED_PRECOMPUTED_FEATURE_EVALUATION,FEATURE_SEARCH_ONLY,second_S2D.mat,544,653,8,35280,653,0.9990038871765137,True
PUBLISHED_PRECOMPUTED_FEATURE_EVALUATION,FEATURE_SEARCH_ONLY,second_S2D.mat,544,653,9,35864,664,0.9990010261535645,False
PUBLISHED_PRECOMPUTED_FEATURE_EVALUATION,FEATURE_SEARCH_ONLY,second_S2D.mat,544,653,10,35268,653,0.998997151851654,True
PUBLISHED_PRECOMPUTED_FEATURE_EVALUATION,FEATURE_SEARCH_ONLY,second_S2D.mat,545,654,1,35352,654,0.9993476867675781,True
PUBLISHED_PRECOMPUTED_FEATURE_EVALUATION,FEATURE_SEARCH_ONLY,second_S2D.mat,545,654,2,35351,654,0.999337911605835,True
PUBLISHED_PRECOMPUTED_FEATURE_EVALUATION,FEATURE_SEARCH_ONLY,second_S2D.mat,545,654,3,35350,654,0.9992752075195312,True
PUBLISHED_PRECOMPUTED_FEATURE_EVALUATION,FEATURE_SEARCH_ONLY,second_S2D.mat,545,654,4,35334,654,0.9992713332176208,True
PUBLISHED_PRECOMPUTED_FEATURE_EVALUATION,FEATURE_SEARCH_ONLY,second_S2D.mat,545,654,5,35333,654,0.999255895614624,True
PUBLISHED_PRECOMPUTED_FEATURE_EVALUATION,FEATURE_SEARCH_ONLY,second_S2D.mat,545,654,6,35358,654,0.9992557764053345,True
PUBLISHED_PRECOMPUTED_FEATURE_EVALUATION,FEATURE_SEARCH_ONLY,second_S2D.mat,545,654,7,35353,654,0.9992153644561768,True
PUBLISHED_PRECOMPUTED_FEATURE_EVALUATION,FEATURE_SEARCH_ONLY,second_S2D.mat,545,654,8,35332,654,0.999203085899353,True
PUBLISHED_PRECOMPUTED_FEATURE_EVALUATION,FEATURE_SEARCH_ONLY,second_S2D.mat,545,654,9,35360,654,0.9991783499717712,True
PUBLISHED_PRECOMPUTED_FEATURE_EVALUATION,FEATURE_SEARCH_ONLY,second_S2D.mat,545,654,10,35359,654,0.9991719126701355,True
PUBLISHED_PRECOMPUTED_FEATURE_EVALUATION,FEATURE_SEARCH_ONLY,second_S2D.mat,546,656,1,35444,656,0.9987696409225464,True
PUBLISHED_PRECOMPUTED_FEATURE_EVALUATION,FEATURE_SEARCH_ONLY,second_S2D.mat,546,656,2,35462,656,0.9987437129020691,True
PUBLISHED_PRECOMPUTED_FEATURE_EVALUATION,FEATURE_SEARCH_ONLY,second_S2D.mat,546,656,3,35451,656,0.9986797571182251,True
PUBLISHED_PRECOMPUTED_FEATURE_EVALUATION,FEATURE_SEARCH_ONLY,second_S2D.mat,546,656,4,35434,656,0.9986445903778076,True
PUBLISHED_PRECOMPUTED_FEATURE_EVALUATION,FEATURE_SEARCH_ONLY,second_S2D.mat,546,656,5,35452,656,0.9986205101013184,True
PUBLISHED_PRECOMPUTED_FEATURE_EVALUATION,FEATURE_SEARCH_ONLY,second_S2D.mat,546,656,6,35460,656,0.9986168742179871,True
PUBLISHED_PRECOMPUTED_FEATURE_EVALUATION,FEATURE_SEARCH_ONLY,second_S2D.mat,546,656,7,35443,656,0.9986152648925781,True
PUBLISHED_PRECOMPUTED_FEATURE_EVALUATION,FEATURE_SEARCH_ONLY,second_S2D.mat,546,656,8,35425,656,0.9985895156860352,True
PUBLISHED_PRECOMPUTED_FEATURE_EVALUATION,FEATURE_SEARCH_ONLY,second_S2D.mat,546,656,9,35435,656,0.9985846281051636,True
PUBLISHED_PRECOMPUTED_FEATURE_EVALUATION,FEATURE_SEARCH_ONLY,second_S2D.mat,546,656,10,35453,656,0.9985731840133667,True
PUBLISHED_PRECOMPUTED_FEATURE_EVALUATION,FEATURE_SEARCH_ONLY,second_S2D.mat,547,657,1,35519,657,0.9993959069252014,True
PUBLISHED_PRECOMPUTED_FEATURE_EVALUATION,FEATURE_SEARCH_ONLY,second_S2D.mat,547,657,2,35517,657,0.9993649125099182,True
PUBLISHED_PRECOMPUTED_FEATURE_EVALUATION,FEATURE_SEARCH_ONLY,second_S2D.mat,547,657,3,35518,657,0.9993304014205933,True
PUBLISHED_PRECOMPUTED_FEATURE_EVALUATION,FEATURE_SEARCH_ONLY,second_S2D.mat,547,657,4,35520,657,0.9992543458938599,True
PUBLISHED_PRECOMPUTED_FEATURE_EVALUATION,FEATURE_SEARCH_ONLY,second_S2D.mat,547,657,5,35500,657,0.9992290735244751,True
PUBLISHED_PRECOMPUTED_FEATURE_EVALUATION,FEATURE_SEARCH_ONLY,second_S2D.mat,547,657,6,35501,657,0.9991933703422546,True
PUBLISHED_PRECOMPUTED_FEATURE_EVALUATION,FEATURE_SEARCH_ONLY,second_S2D.mat,547,657,7,35523,657,0.9991933107376099,True
PUBLISHED_PRECOMPUTED_FEATURE_EVALUATION,FEATURE_SEARCH_ONLY,second_S2D.mat,547,657,8,35505,657,0.9991845488548279,True
PUBLISHED_PRECOMPUTED_FEATURE_EVALUATION,FEATURE_SEARCH_ONLY,second_S2D.mat,547,657,9,35516,657,0.9991530179977417,True
PUBLISHED_PRECOMPUTED_FEATURE_EVALUATION,FEATURE_SEARCH_ONLY,second_S2D.mat,547,657,10,35503,657,0.9991412162780762,True
PUBLISHED_PRECOMPUTED_FEATURE_EVALUATION,FEATURE_SEARCH_ONLY,second_S2D.mat,548,659,1,35614,659,0.9995318651199341,True
PUBLISHED_PRECOMPUTED_FEATURE_EVALUATION,FEATURE_SEARCH_ONLY,second_S2D.mat,548,659,2,35632,659,0.9995158910751343,True
PUBLISHED_PRECOMPUTED_FEATURE_EVALUATION,FEATURE_SEARCH_ONLY,second_S2D.mat,548,659,3,35631,659,0.9995129108428955,True
PUBLISHED_PRECOMPUTED_FEATURE_EVALUATION,FEATURE_SEARCH_ONLY,second_S2D.mat,548,659,4,35624,659,0.9995060563087463,True
PUBLISHED_PRECOMPUTED_FEATURE_EVALUATION,FEATURE_SEARCH_ONLY,second_S2D.mat,548,659,5,35613,659,0.9994903206825256,True
PUBLISHED_PRECOMPUTED_FEATURE_EVALUATION,FEATURE_SEARCH_ONLY,second_S2D.mat,548,659,6,35623,659,0.9994790554046631,True
PUBLISHED_PRECOMPUTED_FEATURE_EVALUATION,FEATURE_SEARCH_ONLY,second_S2D.mat,548,659,7,35622,659,0.9994520545005798,True
PUBLISHED_PRECOMPUTED_FEATURE_EVALUATION,FEATURE_SEARCH_ONLY,second_S2D.mat,548,659,8,35615,659,0.9994438886642456,True
PUBLISHED_PRECOMPUTED_FEATURE_EVALUATION,FEATURE_SEARCH_ONLY,second_S2D.mat,548,659,9,35605,659,0.9994319081306458,True
PUBLISHED_PRECOMPUTED_FEATURE_EVALUATION,FEATURE_SEARCH_ONLY,second_S2D.mat,548,659,10,35606,659,0.9994313716888428,True
PUBLISHED_PRECOMPUTED_FEATURE_EVALUATION,FEATURE_SEARCH_ONLY,second_S2D.mat,549,660,1,35658,660,0.9992501139640808,True
PUBLISHED_PRECOMPUTED_FEATURE_EVALUATION,FEATURE_SEARCH_ONLY,second_S2D.mat,549,660,2,35659,660,0.9992334842681885,True
PUBLISHED_PRECOMPUTED_FEATURE_EVALUATION,FEATURE_SEARCH_ONLY,second_S2D.mat,549,660,3,35642,660,0.9992089867591858,True
PUBLISHED_PRECOMPUTED_FEATURE_EVALUATION,FEATURE_SEARCH_ONLY,second_S2D.mat,549,660,4,35663,660,0.9991627335548401,True
PUBLISHED_PRECOMPUTED_FEATURE_EVALUATION,FEATURE_SEARCH_ONLY,second_S2D.mat,549,660,5,35676,660,0.9991498589515686,True
PUBLISHED_PRECOMPUTED_FEATURE_EVALUATION,FEATURE_SEARCH_ONLY,second_S2D.mat,549,660,6,35662,660,0.9991456270217896,True
PUBLISHED_PRECOMPUTED_FEATURE_EVALUATION,FEATURE_SEARCH_ONLY,second_S2D.mat,549,660,7,35678,660,0.9991273880004883,True
PUBLISHED_PRECOMPUTED_FEATURE_EVALUATION,FEATURE_SEARCH_ONLY,second_S2D.mat,549,660,8,35660,660,0.9991254806518555,True
PUBLISHED_PRECOMPUTED_FEATURE_EVALUATION,FEATURE_SEARCH_ONLY,second_S2D.mat,549,660,9,35661,660,0.999119222164154,True
PUBLISHED_PRECOMPUTED_FEATURE_EVALUATION,FEATURE_SEARCH_ONLY,second_S2D.mat,549,660,10,35641,660,0.9991189241409302,True
PUBLISHED_PRECOMPUTED_FEATURE_EVALUATION,FEATURE_SEARCH_ONLY,second_S2D.mat,550,661,1,35733,661,0.9993213415145874,True
PUBLISHED_PRECOMPUTED_FEATURE_EVALUATION,FEATURE_SEARCH_ONLY,second_S2D.mat,550,661,2,35716,661,0.9992757439613342,True
PUBLISHED_PRECOMPUTED_FEATURE_EVALUATION,FEATURE_SEARCH_ONLY,second_S2D.mat,550,661,3,35717,661,0.9992660284042358,True
PUBLISHED_PRECOMPUTED_FEATURE_EVALUATION,FEATURE_SEARCH_ONLY,second_S2D.mat,550,661,4,35724,661,0.9992557764053345,True
PUBLISHED_PRECOMPUTED_FEATURE_EVALUATION,FEATURE_SEARCH_ONLY,second_S2D.mat,550,661,5,35721,661,0.9992557168006897,True
PUBLISHED_PRECOMPUTED_FEATURE_EVALUATION,FEATURE_SEARCH_ONLY,second_S2D.mat,550,661,6,35723,661,0.9992480874061584,True
PUBLISHED_PRECOMPUTED_FEATURE_EVALUATION,FEATURE_SEARCH_ONLY,second_S2D.mat,550,661,7,35740,661,0.9992473721504211,True
PUBLISHED_PRECOMPUTED_FEATURE_EVALUATION,FEATURE_SEARCH_ONLY,second_S2D.mat,550,661,8,35720,661,0.9992467761039734,True
PUBLISHED_PRECOMPUTED_FEATURE_EVALUATION,FEATURE_SEARCH_ONLY,second_S2D.mat,550,661,9,35722,661,0.9992405772209167,True
PUBLISHED_PRECOMPUTED_FEATURE_EVALUATION,FEATURE_SEARCH_ONLY,second_S2D.mat,550,661,10,35741,661,0.9992369413375854,True
PUBLISHED_PRECOMPUTED_FEATURE_EVALUATION,FEATURE_SEARCH_ONLY,second_S2D.mat,551,663,1,35810,663,0.9990984201431274,True
PUBLISHED_PRECOMPUTED_FEATURE_EVALUATION,FEATURE_SEARCH_ONLY,second_S2D.mat,551,663,2,35833,663,0.9990821480751038,True
PUBLISHED_PRECOMPUTED_FEATURE_EVALUATION,FEATURE_SEARCH_ONLY,second_S2D.mat,551,663,3,35829,663,0.9990683197975159,True
PUBLISHED_PRECOMPUTED_FEATURE_EVALUATION,FEATURE_SEARCH_ONLY,second_S2D.mat,551,663,4,35811,663,0.9990634918212891,True
PUBLISHED_PRECOMPUTED_FEATURE_EVALUATION,FEATURE_SEARCH_ONLY,second_S2D.mat,551,663,5,35830,663,0.9990567564964294,True
PUBLISHED_PRECOMPUTED_FEATURE_EVALUATION,FEATURE_SEARCH_ONLY,second_S2D.mat,551,663,6,35815,663,0.9990522861480713,True
PUBLISHED_PRECOMPUTED_FEATURE_EVALUATION,FEATURE_SEARCH_ONLY,second_S2D.mat,551,663,7,35848,663,0.9990454316139221,True
PUBLISHED_PRECOMPUTED_FEATURE_EVALUATION,FEATURE_SEARCH_ONLY,second_S2D.mat,551,663,8,35852,663,0.999036967754364,True
PUBLISHED_PRECOMPUTED_FEATURE_EVALUATION,FEATURE_SEARCH_ONLY,second_S2D.mat,551,663,9,35835,663,0.9990338087081909,True
PUBLISHED_PRECOMPUTED_FEATURE_EVALUATION,FEATURE_SEARCH_ONLY,second_S2D.mat,551,663,10,35843,663,0.999022364616394,True
PUBLISHED_PRECOMPUTED_FEATURE_EVALUATION,FEATURE_SEARCH_ONLY,second_S2D.mat,552,664,1,35888,664,0.9993178248405457,True
PUBLISHED_PRECOMPUTED_FEATURE_EVALUATION,FEATURE_SEARCH_ONLY,second_S2D.mat,552,664,2,35885,664,0.9993109107017517,True
PUBLISHED_PRECOMPUTED_FEATURE_EVALUATION,FEATURE_SEARCH_ONLY,second_S2D.mat,552,664,3,35887,664,0.9992955327033997,True
PUBLISHED_PRECOMPUTED_FEATURE_EVALUATION,FEATURE_SEARCH_ONLY,second_S2D.mat,552,664,4,35906,664,0.9992927312850952,True
PUBLISHED_PRECOMPUTED_FEATURE_EVALUATION,FEATURE_SEARCH_ONLY,second_S2D.mat,552,664,5,35903,664,0.9992811679840088,True
PUBLISHED_PRECOMPUTED_FEATURE_EVALUATION,FEATURE_SEARCH_ONLY,second_S2D.mat,552,664,6,35883,664,0.999268114566803,True
PUBLISHED_PRECOMPUTED_FEATURE_EVALUATION,FEATURE_SEARCH_ONLY,second_S2D.mat,552,664,7,35905,664,0.9992494583129883,True
PUBLISHED_PRECOMPUTED_FEATURE_EVALUATION,FEATURE_SEARCH_ONLY,second_S2D.mat,552,664,8,35900,664,0.9992450475692749,True
PUBLISHED_PRECOMPUTED_FEATURE_EVALUATION,FEATURE_SEARCH_ONLY,second_S2D.mat,552,664,9,35902,664,0.999207615852356,True
PUBLISHED_PRECOMPUTED_FEATURE_EVALUATION,FEATURE_SEARCH_ONLY,second_S2D.mat,552,664,10,35907,664,0.9992038011550903,True
PUBLISHED_PRECOMPUTED_FEATURE_EVALUATION,FEATURE_SEARCH_ONLY,second_S2D.mat,553,665,1,35954,665,0.998970627784729,True
PUBLISHED_PRECOMPUTED_FEATURE_EVALUATION,FEATURE_SEARCH_ONLY,second_S2D.mat,553,665,2,35953,665,0.9989620447158813,True
PUBLISHED_PRECOMPUTED_FEATURE_EVALUATION,FEATURE_SEARCH_ONLY,second_S2D.mat,553,665,3,35955,665,0.9988917708396912,True
PUBLISHED_PRECOMPUTED_FEATURE_EVALUATION,FEATURE_SEARCH_ONLY,second_S2D.mat,553,665,4,35948,665,0.9988527894020081,True
PUBLISHED_PRECOMPUTED_FEATURE_EVALUATION,FEATURE_SEARCH_ONLY,second_S2D.mat,553,665,5,35956,665,0.9988084435462952,True
PUBLISHED_PRECOMPUTED_FEATURE_EVALUATION,FEATURE_SEARCH_ONLY,second_S2D.mat,553,665,6,35952,665,0.9988080263137817,True
PUBLISHED_PRECOMPUTED_FEATURE_EVALUATION,FEATURE_SEARCH_ONLY,second_S2D.mat,553,665,7,35949,665,0.9987372756004333,True
PUBLISHED_PRECOMPUTED_FEATURE_EVALUATION,FEATURE_SEARCH_ONLY,second_S2D.mat,553,665,8,35947,665,0.9987255334854126,True
PUBLISHED_PRECOMPUTED_FEATURE_EVALUATION,FEATURE_SEARCH_ONLY,second_S2D.mat,553,665,9,35912,665,0.9987022280693054,True
PUBLISHED_PRECOMPUTED_FEATURE_EVALUATION,FEATURE_SEARCH_ONLY,second_S2D.mat,553,665,10,35935,665,0.9986945390701294,True
PUBLISHED_PRECOMPUTED_FEATURE_EVALUATION,FEATURE_SEARCH_ONLY,second_S2D.mat,554,666,1,37412,692,0.9993983507156372,False
PUBLISHED_PRECOMPUTED_FEATURE_EVALUATION,FEATURE_SEARCH_ONLY,second_S2D.mat,554,666,2,36008,666,0.999381422996521,True
PUBLISHED_PRECOMPUTED_FEATURE_EVALUATION,FEATURE_SEARCH_ONLY,second_S2D.mat,554,666,3,37394,692,0.9993542432785034,False
PUBLISHED_PRECOMPUTED_FEATURE_EVALUATION,FEATURE_SEARCH_ONLY,second_S2D.mat,554,666,4,35990,666,0.9993535280227661,True
PUBLISHED_PRECOMPUTED_FEATURE_EVALUATION,FEATURE_SEARCH_ONLY,second_S2D.mat,554,666,5,35991,666,0.9993433952331543,True
PUBLISHED_PRECOMPUTED_FEATURE_EVALUATION,FEATURE_SEARCH_ONLY,second_S2D.mat,554,666,6,37395,692,0.9993298649787903,False
PUBLISHED_PRECOMPUTED_FEATURE_EVALUATION,FEATURE_SEARCH_ONLY,second_S2D.mat,554,666,7,37415,692,0.9993158578872681,False
PUBLISHED_PRECOMPUTED_FEATURE_EVALUATION,FEATURE_SEARCH_ONLY,second_S2D.mat,554,666,8,36011,666,0.9993157386779785,True
PUBLISHED_PRECOMPUTED_FEATURE_EVALUATION,FEATURE_SEARCH_ONLY,second_S2D.mat,554,666,9,37393,692,0.9993079900741577,False
PUBLISHED_PRECOMPUTED_FEATURE_EVALUATION,FEATURE_SEARCH_ONLY,second_S2D.mat,554,666,10,36007,666,0.9993048906326294,True
PUBLISHED_PRECOMPUTED_FEATURE_EVALUATION,FEATURE_SEARCH_ONLY,second_S2D.mat,555,667,1,36049,667,0.9993723630905151,True
PUBLISHED_PRECOMPUTED_FEATURE_EVALUATION,FEATURE_SEARCH_ONLY,second_S2D.mat,555,667,2,36048,667,0.9993304014205933,True
PUBLISHED_PRECOMPUTED_FEATURE_EVALUATION,FEATURE_SEARCH_ONLY,second_S2D.mat,555,667,3,36050,667,0.9993203282356262,True
PUBLISHED_PRECOMPUTED_FEATURE_EVALUATION,FEATURE_SEARCH_ONLY,second_S2D.mat,555,667,4,36041,667,0.9992808103561401,True
PUBLISHED_PRECOMPUTED_FEATURE_EVALUATION,FEATURE_SEARCH_ONLY,second_S2D.mat,555,667,5,36022,667,0.999262809753418,True
PUBLISHED_PRECOMPUTED_FEATURE_EVALUATION,FEATURE_SEARCH_ONLY,second_S2D.mat,555,667,6,36051,667,0.9992386698722839,True
PUBLISHED_PRECOMPUTED_FEATURE_EVALUATION,FEATURE_SEARCH_ONLY,second_S2D.mat,555,667,7,36060,667,0.9992251992225647,True
PUBLISHED_PRECOMPUTED_FEATURE_EVALUATION,FEATURE_SEARCH_ONLY,second_S2D.mat,555,667,8,36032,667,0.9992213249206543,True
PUBLISHED_PRECOMPUTED_FEATURE_EVALUATION,FEATURE_SEARCH_ONLY,second_S2D.mat,555,667,9,36018,667,0.9992201924324036,True
PUBLISHED_PRECOMPUTED_FEATURE_EVALUATION,FEATURE_SEARCH_ONLY,second_S2D.mat,555,667,10,36066,667,0.9992187023162842,True
PUBLISHED_PRECOMPUTED_FEATURE_EVALUATION,FEATURE_SEARCH_ONLY,second_S2D.mat,556,668,1,36094,668,0.9993781447410583,True
PUBLISHED_PRECOMPUTED_FEATURE_EVALUATION,FEATURE_SEARCH_ONLY,second_S2D.mat,556,668,2,36095,668,0.9993239641189575,True
PUBLISHED_PRECOMPUTED_FEATURE_EVALUATION,FEATURE_SEARCH_ONLY,second_S2D.mat,556,668,3,36112,668,0.9992703199386597,True
PUBLISHED_PRECOMPUTED_FEATURE_EVALUATION,FEATURE_SEARCH_ONLY,second_S2D.mat,556,668,4,36093,668,0.9992601275444031,True
PUBLISHED_PRECOMPUTED_FEATURE_EVALUATION,FEATURE_SEARCH_ONLY,second_S2D.mat,556,668,5,36106,668,0.9992227554321289,True
PUBLISHED_PRECOMPUTED_FEATURE_EVALUATION,FEATURE_SEARCH_ONLY,second_S2D.mat,556,668,6,36105,668,0.9992215633392334,True
PUBLISHED_PRECOMPUTED_FEATURE_EVALUATION,FEATURE_SEARCH_ONLY,second_S2D.mat,556,668,7,36107,668,0.9992214441299438,True
PUBLISHED_PRECOMPUTED_FEATURE_EVALUATION,FEATURE_SEARCH_ONLY,second_S2D.mat,556,668,8,36076,668,0.9992119073867798,True
PUBLISHED_PRECOMPUTED_FEATURE_EVALUATION,FEATURE_SEARCH_ONLY,second_S2D.mat,556,668,9,36116,668,0.9992043972015381,True
PUBLISHED_PRECOMPUTED_FEATURE_EVALUATION,FEATURE_SEARCH_ONLY,second_S2D.mat,556,668,10,36104,668,0.999204158782959,True
PUBLISHED_PRECOMPUTED_FEATURE_EVALUATION,FEATURE_SEARCH_ONLY,second_S2D.mat,557,669,1,36157,669,0.9995300769805908,True
PUBLISHED_PRECOMPUTED_FEATURE_EVALUATION,FEATURE_SEARCH_ONLY,second_S2D.mat,557,669,2,36159,669,0.999500036239624,True
PUBLISHED_PRECOMPUTED_FEATURE_EVALUATION,FEATURE_SEARCH_ONLY,second_S2D.mat,557,669,3,36154,669,0.9994851350784302,True
PUBLISHED_PRECOMPUTED_FEATURE_EVALUATION,FEATURE_SEARCH_ONLY,second_S2D.mat,557,669,4,36160,669,0.9994767308235168,True
PUBLISHED_PRECOMPUTED_FEATURE_EVALUATION,FEATURE_SEARCH_ONLY,second_S2D.mat,557,669,5,36163,669,0.999445378780365,True
PUBLISHED_PRECOMPUTED_FEATURE_EVALUATION,FEATURE_SEARCH_ONLY,second_S2D.mat,557,669,6,36175,669,0.999444842338562,True
PUBLISHED_PRECOMPUTED_FEATURE_EVALUATION,FEATURE_SEARCH_ONLY,second_S2D.mat,557,669,7,36156,669,0.9994382858276367,True
PUBLISHED_PRECOMPUTED_FEATURE_EVALUATION,FEATURE_SEARCH_ONLY,second_S2D.mat,557,669,8,36143,669,0.9994364976882935,True
PUBLISHED_PRECOMPUTED_FEATURE_EVALUATION,FEATURE_SEARCH_ONLY,second_S2D.mat,557,669,9,36144,669,0.9994339942932129,True
PUBLISHED_PRECOMPUTED_FEATURE_EVALUATION,FEATURE_SEARCH_ONLY,second_S2D.mat,557,669,10,36155,669,0.9994264841079712,True
PUBLISHED_PRECOMPUTED_FEATURE_EVALUATION,FEATURE_SEARCH_ONLY,second_S2D.mat,558,671,1,36264,671,0.9994363188743591,True
PUBLISHED_PRECOMPUTED_FEATURE_EVALUATION,FEATURE_SEARCH_ONLY,second_S2D.mat,558,671,2,36282,671,0.9993898868560791,True
PUBLISHED_PRECOMPUTED_FEATURE_EVALUATION,FEATURE_SEARCH_ONLY,second_S2D.mat,558,671,3,36265,671,0.9993876218795776,True
PUBLISHED_PRECOMPUTED_FEATURE_EVALUATION,FEATURE_SEARCH_ONLY,second_S2D.mat,558,671,4,36266,671,0.999374270439148,True
PUBLISHED_PRECOMPUTED_FEATURE_EVALUATION,FEATURE_SEARCH_ONLY,second_S2D.mat,558,671,5,36267,671,0.9993718862533569,True
PUBLISHED_PRECOMPUTED_FEATURE_EVALUATION,FEATURE_SEARCH_ONLY,second_S2D.mat,558,671,6,36263,671,0.999364972114563,True
PUBLISHED_PRECOMPUTED_FEATURE_EVALUATION,FEATURE_SEARCH_ONLY,second_S2D.mat,558,671,7,36278,671,0.9993478059768677,True
PUBLISHED_PRECOMPUTED_FEATURE_EVALUATION,FEATURE_SEARCH_ONLY,second_S2D.mat,558,671,8,36261,671,0.9993296265602112,True
PUBLISHED_PRECOMPUTED_FEATURE_EVALUATION,FEATURE_SEARCH_ONLY,second_S2D.mat,558,671,9,36260,671,0.9993166923522949,True
PUBLISHED_PRECOMPUTED_FEATURE_EVALUATION,FEATURE_SEARCH_ONLY,second_S2D.mat,558,671,10,36279,671,0.9993077516555786,True
PUBLISHED_PRECOMPUTED_FEATURE_EVALUATION,FEATURE_SEARCH_ONLY,second_S2D.mat,559,672,1,36313,672,0.9992504715919495,True
PUBLISHED_PRECOMPUTED_FEATURE_EVALUATION,FEATURE_SEARCH_ONLY,second_S2D.mat,559,672,2,36315,672,0.9992316961288452,True
PUBLISHED_PRECOMPUTED_FEATURE_EVALUATION,FEATURE_SEARCH_ONLY,second_S2D.mat,559,672,3,36309,672,0.9992198944091797,True
PUBLISHED_PRECOMPUTED_FEATURE_EVALUATION,FEATURE_SEARCH_ONLY,second_S2D.mat,559,672,4,36291,672,0.9992020130157471,True
PUBLISHED_PRECOMPUTED_FEATURE_EVALUATION,FEATURE_SEARCH_ONLY,second_S2D.mat,559,672,5,36308,672,0.9991908073425293,True
PUBLISHED_PRECOMPUTED_FEATURE_EVALUATION,FEATURE_SEARCH_ONLY,second_S2D.mat,559,672,6,36314,672,0.9991870522499084,True
PUBLISHED_PRECOMPUTED_FEATURE_EVALUATION,FEATURE_SEARCH_ONLY,second_S2D.mat,559,672,7,36328,672,0.9991860389709473,True
PUBLISHED_PRECOMPUTED_FEATURE_EVALUATION,FEATURE_SEARCH_ONLY,second_S2D.mat,559,672,8,36327,672,0.9991846680641174,True
PUBLISHED_PRECOMPUTED_FEATURE_EVALUATION,FEATURE_SEARCH_ONLY,second_S2D.mat,559,672,9,36332,672,0.9991841316223145,True
PUBLISHED_PRECOMPUTED_FEATURE_EVALUATION,FEATURE_SEARCH_ONLY,second_S2D.mat,559,672,10,36325,672,0.9991826415061951,True
PUBLISHED_PRECOMPUTED_FEATURE_EVALUATION,FEATURE_SEARCH_ONLY,second_S2D.mat,560,673,1,36387,673,0.9994300603866577,True
PUBLISHED_PRECOMPUTED_FEATURE_EVALUATION,FEATURE_SEARCH_ONLY,second_S2D.mat,560,673,2,36388,673,0.9993356466293335,True
PUBLISHED_PRECOMPUTED_FEATURE_EVALUATION,FEATURE_SEARCH_ONLY,second_S2D.mat,560,673,3,36379,673,0.9992890357971191,True
PUBLISHED_PRECOMPUTED_FEATURE_EVALUATION,FEATURE_SEARCH_ONLY,second_S2D.mat,560,673,4,36386,673,0.9992493391036987,True
PUBLISHED_PRECOMPUTED_FEATURE_EVALUATION,FEATURE_SEARCH_ONLY,second_S2D.mat,560,673,5,36395,673,0.9992156028747559,True
PUBLISHED_PRECOMPUTED_FEATURE_EVALUATION,FEATURE_SEARCH_ONLY,second_S2D.mat,560,673,6,36378,673,0.9992128610610962,True
PUBLISHED_PRECOMPUTED_FEATURE_EVALUATION,FEATURE_SEARCH_ONLY,second_S2D.mat,560,673,7,36389,673,0.9992053508758545,True
PUBLISHED_PRECOMPUTED_FEATURE_EVALUATION,FEATURE_SEARCH_ONLY,second_S2D.mat,560,673,8,36390,673,0.9992031455039978,True
PUBLISHED_PRECOMPUTED_FEATURE_EVALUATION,FEATURE_SEARCH_ONLY,second_S2D.mat,560,673,9,36380,673,0.9991984963417053,True
PUBLISHED_PRECOMPUTED_FEATURE_EVALUATION,FEATURE_SEARCH_ONLY,second_S2D.mat,560,673,10,36370,673,0.9991933107376099,True
PUBLISHED_PRECOMPUTED_FEATURE_EVALUATION,FEATURE_SEARCH_ONLY,second_S2D.mat,561,674,1,36429,674,0.9993947744369507,True
PUBLISHED_PRECOMPUTED_FEATURE_EVALUATION,FEATURE_SEARCH_ONLY,second_S2D.mat,561,674,2,36434,674,0.9993720054626465,True
PUBLISHED_PRECOMPUTED_FEATURE_EVALUATION,FEATURE_SEARCH_ONLY,second_S2D.mat,561,674,3,36432,674,0.9993590116500854,True
PUBLISHED_PRECOMPUTED_FEATURE_EVALUATION,FEATURE_SEARCH_ONLY,second_S2D.mat,561,674,4,36436,674,0.9993286728858948,True
PUBLISHED_PRECOMPUTED_FEATURE_EVALUATION,FEATURE_SEARCH_ONLY,second_S2D.mat,561,674,5,36422,674,0.9993231296539307,True
PUBLISHED_PRECOMPUTED_FEATURE_EVALUATION,FEATURE_SEARCH_ONLY,second_S2D.mat,561,674,6,36430,674,0.9993205070495605,True
PUBLISHED_PRECOMPUTED_FEATURE_EVALUATION,FEATURE_SEARCH_ONLY,second_S2D.mat,561,674,7,36418,674,0.9993186593055725,True
PUBLISHED_PRECOMPUTED_FEATURE_EVALUATION,FEATURE_SEARCH_ONLY,second_S2D.mat,561,674,8,36426,674,0.9993160367012024,True
PUBLISHED_PRECOMPUTED_FEATURE_EVALUATION,FEATURE_SEARCH_ONLY,second_S2D.mat,561,674,9,36438,674,0.9993159770965576,True
PUBLISHED_PRECOMPUTED_FEATURE_EVALUATION,FEATURE_SEARCH_ONLY,second_S2D.mat,561,674,10,36416,674,0.9993115067481995,True
PUBLISHED_PRECOMPUTED_FEATURE_EVALUATION,FEATURE_SEARCH_ONLY,second_S2D.mat,562,676,1,36544,676,0.9994871020317078,True
PUBLISHED_PRECOMPUTED_FEATURE_EVALUATION,FEATURE_SEARCH_ONLY,second_S2D.mat,562,676,2,36545,676,0.999457061290741,True
PUBLISHED_PRECOMPUTED_FEATURE_EVALUATION,FEATURE_SEARCH_ONLY,second_S2D.mat,562,676,3,36541,676,0.9994478821754456,True
PUBLISHED_PRECOMPUTED_FEATURE_EVALUATION,FEATURE_SEARCH_ONLY,second_S2D.mat,562,676,4,36543,676,0.9994460940361023,True
PUBLISHED_PRECOMPUTED_FEATURE_EVALUATION,FEATURE_SEARCH_ONLY,second_S2D.mat,562,676,5,36542,676,0.9994314908981323,True
PUBLISHED_PRECOMPUTED_FEATURE_EVALUATION,FEATURE_SEARCH_ONLY,second_S2D.mat,562,676,6,36531,676,0.9994193315505981,True
PUBLISHED_PRECOMPUTED_FEATURE_EVALUATION,FEATURE_SEARCH_ONLY,second_S2D.mat,562,676,7,36537,676,0.9994046688079834,True
PUBLISHED_PRECOMPUTED_FEATURE_EVALUATION,FEATURE_SEARCH_ONLY,second_S2D.mat,562,676,8,36536,676,0.9994027018547058,True
PUBLISHED_PRECOMPUTED_FEATURE_EVALUATION,FEATURE_SEARCH_ONLY,second_S2D.mat,562,676,9,36533,676,0.9993991851806641,True
PUBLISHED_PRECOMPUTED_FEATURE_EVALUATION,FEATURE_SEARCH_ONLY,second_S2D.mat,562,676,10,36535,676,0.9993954300880432,True
PUBLISHED_PRECOMPUTED_FEATURE_EVALUATION,FEATURE_SEARCH_ONLY,second_S2D.mat,563,677,1,36584,677,0.9994023442268372,True
PUBLISHED_PRECOMPUTED_FEATURE_EVALUATION,FEATURE_SEARCH_ONLY,second_S2D.mat,563,677,2,36583,677,0.9993934631347656,True
PUBLISHED_PRECOMPUTED_FEATURE_EVALUATION,FEATURE_SEARCH_ONLY,second_S2D.mat,563,677,3,36601,677,0.9993544816970825,True
PUBLISHED_PRECOMPUTED_FEATURE_EVALUATION,FEATURE_SEARCH_ONLY,second_S2D.mat,563,677,4,36602,677,0.9993478059768677,True
PUBLISHED_PRECOMPUTED_FEATURE_EVALUATION,FEATURE_SEARCH_ONLY,second_S2D.mat,563,677,5,36582,677,0.999309778213501,True
PUBLISHED_PRECOMPUTED_FEATURE_EVALUATION,FEATURE_SEARCH_ONLY,second_S2D.mat,563,677,6,36603,677,0.999291718006134,True
PUBLISHED_PRECOMPUTED_FEATURE_EVALUATION,FEATURE_SEARCH_ONLY,second_S2D.mat,563,677,7,36599,677,0.9992848634719849,True
PUBLISHED_PRECOMPUTED_FEATURE_EVALUATION,FEATURE_SEARCH_ONLY,second_S2D.mat,563,677,8,36581,677,0.9992716908454895,True
PUBLISHED_PRECOMPUTED_FEATURE_EVALUATION,FEATURE_SEARCH_ONLY,second_S2D.mat,563,677,9,36600,677,0.9992457628250122,True
PUBLISHED_PRECOMPUTED_FEATURE_EVALUATION,FEATURE_SEARCH_ONLY,second_S2D.mat,563,677,10,36587,677,0.9992455244064331,True
PUBLISHED_PRECOMPUTED_FEATURE_EVALUATION,FEATURE_SEARCH_ONLY,second_S2D.mat,564,679,1,36696,679,0.9989054203033447,True
PUBLISHED_PRECOMPUTED_FEATURE_EVALUATION,FEATURE_SEARCH_ONLY,second_S2D.mat,564,679,2,36678,679,0.9989020228385925,True
PUBLISHED_PRECOMPUTED_FEATURE_EVALUATION,FEATURE_SEARCH_ONLY,second_S2D.mat,564,679,3,36695,679,0.998870849609375,True
PUBLISHED_PRECOMPUTED_FEATURE_EVALUATION,FEATURE_SEARCH_ONLY,second_S2D.mat,564,679,4,36712,679,0.998855710029602,True
PUBLISHED_PRECOMPUTED_FEATURE_EVALUATION,FEATURE_SEARCH_ONLY,second_S2D.mat,564,679,5,36679,679,0.9988373517990112,True
PUBLISHED_PRECOMPUTED_FEATURE_EVALUATION,FEATURE_SEARCH_ONLY,second_S2D.mat,564,679,6,36693,679,0.9988235831260681,True
PUBLISHED_PRECOMPUTED_FEATURE_EVALUATION,FEATURE_SEARCH_ONLY,second_S2D.mat,564,679,7,36711,679,0.9988142251968384,True
PUBLISHED_PRECOMPUTED_FEATURE_EVALUATION,FEATURE_SEARCH_ONLY,second_S2D.mat,564,679,8,36710,679,0.9988126754760742,True
PUBLISHED_PRECOMPUTED_FEATURE_EVALUATION,FEATURE_SEARCH_ONLY,second_S2D.mat,564,679,9,36694,679,0.9988112449645996,True
PUBLISHED_PRECOMPUTED_FEATURE_EVALUATION,FEATURE_SEARCH_ONLY,second_S2D.mat,564,679,10,36677,679,0.9987848401069641,True
PUBLISHED_PRECOMPUTED_FEATURE_EVALUATION,FEATURE_SEARCH_ONLY,second_S2D.mat,565,680,1,36756,680,0.9992667436599731,True
PUBLISHED_PRECOMPUTED_FEATURE_EVALUATION,FEATURE_SEARCH_ONLY,second_S2D.mat,565,680,2,36755,680,0.9991801381111145,True
PUBLISHED_PRECOMPUTED_FEATURE_EVALUATION,FEATURE_SEARCH_ONLY,second_S2D.mat,565,680,3,36770,680,0.999126136302948,True
PUBLISHED_PRECOMPUTED_FEATURE_EVALUATION,FEATURE_SEARCH_ONLY,second_S2D.mat,565,680,4,36757,680,0.999116837978363,True
PUBLISHED_PRECOMPUTED_FEATURE_EVALUATION,FEATURE_SEARCH_ONLY,second_S2D.mat,565,680,5,36773,680,0.9991145133972168,True
PUBLISHED_PRECOMPUTED_FEATURE_EVALUATION,FEATURE_SEARCH_ONLY,second_S2D.mat,565,680,6,36738,680,0.9991042017936707,True
PUBLISHED_PRECOMPUTED_FEATURE_EVALUATION,FEATURE_SEARCH_ONLY,second_S2D.mat,565,680,7,36772,680,0.9990783929824829,True
PUBLISHED_PRECOMPUTED_FEATURE_EVALUATION,FEATURE_SEARCH_ONLY,second_S2D.mat,565,680,8,36769,680,0.9990755319595337,True
PUBLISHED_PRECOMPUTED_FEATURE_EVALUATION,FEATURE_SEARCH_ONLY,second_S2D.mat,565,680,9,36721,680,0.9990749359130859,True
PUBLISHED_PRECOMPUTED_FEATURE_EVALUATION,FEATURE_SEARCH_ONLY,second_S2D.mat,565,680,10,36733,680,0.9990696907043457,True
PUBLISHED_PRECOMPUTED_FEATURE_EVALUATION,FEATURE_SEARCH_ONLY,second_S2D.mat,566,682,1,36856,682,0.9993798732757568,True
PUBLISHED_PRECOMPUTED_FEATURE_EVALUATION,FEATURE_SEARCH_ONLY,second_S2D.mat,566,682,2,36854,682,0.9993748664855957,True
PUBLISHED_PRECOMPUTED_FEATURE_EVALUATION,FEATURE_SEARCH_ONLY,second_S2D.mat,566,682,3,36855,682,0.9993712306022644,True
PUBLISHED_PRECOMPUTED_FEATURE_EVALUATION,FEATURE_SEARCH_ONLY,second_S2D.mat,566,682,4,36864,682,0.9993652105331421,True
PUBLISHED_PRECOMPUTED_FEATURE_EVALUATION,FEATURE_SEARCH_ONLY,second_S2D.mat,566,682,5,36871,682,0.9993582367897034,True
PUBLISHED_PRECOMPUTED_FEATURE_EVALUATION,FEATURE_SEARCH_ONLY,second_S2D.mat,566,682,6,36870,682,0.9993577599525452,True
PUBLISHED_PRECOMPUTED_FEATURE_EVALUATION,FEATURE_SEARCH_ONLY,second_S2D.mat,566,682,7,36866,682,0.9993525743484497,True
PUBLISHED_PRECOMPUTED_FEATURE_EVALUATION,FEATURE_SEARCH_ONLY,second_S2D.mat,566,682,8,36868,682,0.999345600605011,True
PUBLISHED_PRECOMPUTED_FEATURE_EVALUATION,FEATURE_SEARCH_ONLY,second_S2D.mat,566,682,9,36852,682,0.9993455410003662,True
PUBLISHED_PRECOMPUTED_FEATURE_EVALUATION,FEATURE_SEARCH_ONLY,second_S2D.mat,566,682,10,36872,682,0.9993312358856201,True
PUBLISHED_PRECOMPUTED_FEATURE_EVALUATION,FEATURE_SEARCH_ONLY,second_S2D.mat,567,683,1,36904,683,0.9993346929550171,True
PUBLISHED_PRECOMPUTED_FEATURE_EVALUATION,FEATURE_SEARCH_ONLY,second_S2D.mat,567,683,2,36921,683,0.9993122220039368,True
PUBLISHED_PRECOMPUTED_FEATURE_EVALUATION,FEATURE_SEARCH_ONLY,second_S2D.mat,567,683,3,36920,683,0.9993083477020264,True
PUBLISHED_PRECOMPUTED_FEATURE_EVALUATION,FEATURE_SEARCH_ONLY,second_S2D.mat,567,683,4,36913,683,0.9992769360542297,True
PUBLISHED_PRECOMPUTED_FEATURE_EVALUATION,FEATURE_SEARCH_ONLY,second_S2D.mat,567,683,5,36919,683,0.9992709755897522,True
PUBLISHED_PRECOMPUTED_FEATURE_EVALUATION,FEATURE_SEARCH_ONLY,second_S2D.mat,567,683,6,36922,683,0.9992542862892151,True
PUBLISHED_PRECOMPUTED_FEATURE_EVALUATION,FEATURE_SEARCH_ONLY,second_S2D.mat,567,683,7,36905,683,0.9992517232894897,True
PUBLISHED_PRECOMPUTED_FEATURE_EVALUATION,FEATURE_SEARCH_ONLY,second_S2D.mat,567,683,8,36903,683,0.9992507100105286,True
PUBLISHED_PRECOMPUTED_FEATURE_EVALUATION,FEATURE_SEARCH_ONLY,second_S2D.mat,567,683,9,36912,683,0.9992453455924988,True
PUBLISHED_PRECOMPUTED_FEATURE_EVALUATION,FEATURE_SEARCH_ONLY,second_S2D.mat,567,683,10,36930,683,0.9992427229881287,True
PUBLISHED_PRECOMPUTED_FEATURE_EVALUATION,FEATURE_SEARCH_ONLY,second_S2D.mat,568,684,1,36985,684,0.9990180134773254,True
PUBLISHED_PRECOMPUTED_FEATURE_EVALUATION,FEATURE_SEARCH_ONLY,second_S2D.mat,568,684,2,36963,684,0.9988680481910706,True
PUBLISHED_PRECOMPUTED_FEATURE_EVALUATION,FEATURE_SEARCH_ONLY,second_S2D.mat,568,684,3,36980,684,0.9988440871238708,True
PUBLISHED_PRECOMPUTED_FEATURE_EVALUATION,FEATURE_SEARCH_ONLY,second_S2D.mat,568,684,4,36983,684,0.998803436756134,True
PUBLISHED_PRECOMPUTED_FEATURE_EVALUATION,FEATURE_SEARCH_ONLY,second_S2D.mat,568,684,5,36984,684,0.9987868070602417,True
PUBLISHED_PRECOMPUTED_FEATURE_EVALUATION,FEATURE_SEARCH_ONLY,second_S2D.mat,568,684,6,36967,684,0.9987223148345947,True
PUBLISHED_PRECOMPUTED_FEATURE_EVALUATION,FEATURE_SEARCH_ONLY,second_S2D.mat,568,684,7,36958,684,0.9987067580223083,True
PUBLISHED_PRECOMPUTED_FEATURE_EVALUATION,FEATURE_SEARCH_ONLY,second_S2D.mat,568,684,8,36981,684,0.9986943602561951,True
PUBLISHED_PRECOMPUTED_FEATURE_EVALUATION,FEATURE_SEARCH_ONLY,second_S2D.mat,568,684,9,36966,684,0.9986823797225952,True
PUBLISHED_PRECOMPUTED_FEATURE_EVALUATION,FEATURE_SEARCH_ONLY,second_S2D.mat,568,684,10,36977,684,0.9986802935600281,True
PUBLISHED_PRECOMPUTED_FEATURE_EVALUATION,FEATURE_SEARCH_ONLY,second_S2D.mat,569,685,1,37038,685,0.9991009831428528,True
PUBLISHED_PRECOMPUTED_FEATURE_EVALUATION,FEATURE_SEARCH_ONLY,second_S2D.mat,569,685,2,37023,685,0.9990670680999756,True
PUBLISHED_PRECOMPUTED_FEATURE_EVALUATION,FEATURE_SEARCH_ONLY,second_S2D.mat,569,685,3,37006,685,0.9990662932395935,True
PUBLISHED_PRECOMPUTED_FEATURE_EVALUATION,FEATURE_SEARCH_ONLY,second_S2D.mat,569,685,4,37037,685,0.9990496635437012,True
PUBLISHED_PRECOMPUTED_FEATURE_EVALUATION,FEATURE_SEARCH_ONLY,second_S2D.mat,569,685,5,37025,685,0.9990419149398804,True
PUBLISHED_PRECOMPUTED_FEATURE_EVALUATION,FEATURE_SEARCH_ONLY,second_S2D.mat,569,685,6,37021,685,0.9990397691726685,True
PUBLISHED_PRECOMPUTED_FEATURE_EVALUATION,FEATURE_SEARCH_ONLY,second_S2D.mat,569,685,7,37018,685,0.9990371465682983,True
PUBLISHED_PRECOMPUTED_FEATURE_EVALUATION,FEATURE_SEARCH_ONLY,second_S2D.mat,569,685,8,37020,685,0.9990295767784119,True
PUBLISHED_PRECOMPUTED_FEATURE_EVALUATION,FEATURE_SEARCH_ONLY,second_S2D.mat,569,685,9,37005,685,0.9990090131759644,True
PUBLISHED_PRECOMPUTED_FEATURE_EVALUATION,FEATURE_SEARCH_ONLY,second_S2D.mat,569,685,10,37007,685,0.9989833235740662,True
PUBLISHED_PRECOMPUTED_FEATURE_EVALUATION,FEATURE_SEARCH_ONLY,second_S2D.mat,570,686,1,37089,686,0.9989912509918213,True
PUBLISHED_PRECOMPUTED_FEATURE_EVALUATION,FEATURE_SEARCH_ONLY,second_S2D.mat,570,686,2,37059,686,0.9989416599273682,True
PUBLISHED_PRECOMPUTED_FEATURE_EVALUATION,FEATURE_SEARCH_ONLY,second_S2D.mat,570,686,3,37071,686,0.9989299774169922,True
PUBLISHED_PRECOMPUTED_FEATURE_EVALUATION,FEATURE_SEARCH_ONLY,second_S2D.mat,570,686,4,37073,686,0.9989290833473206,True
PUBLISHED_PRECOMPUTED_FEATURE_EVALUATION,FEATURE_SEARCH_ONLY,second_S2D.mat,570,686,5,37077,686,0.9988808035850525,True
PUBLISHED_PRECOMPUTED_FEATURE_EVALUATION,FEATURE_SEARCH_ONLY,second_S2D.mat,570,686,6,37058,686,0.9988792538642883,True
PUBLISHED_PRECOMPUTED_FEATURE_EVALUATION,FEATURE_SEARCH_ONLY,second_S2D.mat,570,686,7,37080,686,0.9988524317741394,True
PUBLISHED_PRECOMPUTED_FEATURE_EVALUATION,FEATURE_SEARCH_ONLY,second_S2D.mat,570,686,8,37090,686,0.9988516569137573,True
PUBLISHED_PRECOMPUTED_FEATURE_EVALUATION,FEATURE_SEARCH_ONLY,second_S2D.mat,570,686,9,37087,686,0.9988440275192261,True
PUBLISHED_PRECOMPUTED_FEATURE_EVALUATION,FEATURE_SEARCH_ONLY,second_S2D.mat,570,686,10,37076,686,0.9988424181938171,True
PUBLISHED_PRECOMPUTED_FEATURE_EVALUATION,FEATURE_SEARCH_ONLY,second_S2D.mat,571,688,1,37197,688,0.9995577335357666,True
PUBLISHED_PRECOMPUTED_FEATURE_EVALUATION,FEATURE_SEARCH_ONLY,second_S2D.mat,571,688,2,37190,688,0.9995507001876831,True
PUBLISHED_PRECOMPUTED_FEATURE_EVALUATION,FEATURE_SEARCH_ONLY,second_S2D.mat,571,688,3,37188,688,0.9995378255844116,True
PUBLISHED_PRECOMPUTED_FEATURE_EVALUATION,FEATURE_SEARCH_ONLY,second_S2D.mat,571,688,4,37191,688,0.9995236992835999,True
PUBLISHED_PRECOMPUTED_FEATURE_EVALUATION,FEATURE_SEARCH_ONLY,second_S2D.mat,571,688,5,37196,688,0.9995112419128418,True
PUBLISHED_PRECOMPUTED_FEATURE_EVALUATION,FEATURE_SEARCH_ONLY,second_S2D.mat,571,688,6,37195,688,0.9994974136352539,True
PUBLISHED_PRECOMPUTED_FEATURE_EVALUATION,FEATURE_SEARCH_ONLY,second_S2D.mat,571,688,7,37170,688,0.9994754195213318,True
PUBLISHED_PRECOMPUTED_FEATURE_EVALUATION,FEATURE_SEARCH_ONLY,second_S2D.mat,571,688,8,37179,688,0.999474287033081,True
PUBLISHED_PRECOMPUTED_FEATURE_EVALUATION,FEATURE_SEARCH_ONLY,second_S2D.mat,571,688,9,37181,688,0.9994725584983826,True
PUBLISHED_PRECOMPUTED_FEATURE_EVALUATION,FEATURE_SEARCH_ONLY,second_S2D.mat,571,688,10,37180,688,0.9994646906852722,True
PUBLISHED_PRECOMPUTED_FEATURE_EVALUATION,FEATURE_SEARCH_ONLY,second_S2D.mat,572,689,1,37213,689,0.998694896697998,True
PUBLISHED_PRECOMPUTED_FEATURE_EVALUATION,FEATURE_SEARCH_ONLY,second_S2D.mat,572,689,2,28231,522,0.9986453056335449,False
PUBLISHED_PRECOMPUTED_FEATURE_EVALUATION,FEATURE_SEARCH_ONLY,second_S2D.mat,572,689,3,37212,689,0.998627781867981,True
PUBLISHED_PRECOMPUTED_FEATURE_EVALUATION,FEATURE_SEARCH_ONLY,second_S2D.mat,572,689,4,37209,689,0.9985966682434082,True
PUBLISHED_PRECOMPUTED_FEATURE_EVALUATION,FEATURE_SEARCH_ONLY,second_S2D.mat,572,689,5,37214,689,0.99859219789505,True
PUBLISHED_PRECOMPUTED_FEATURE_EVALUATION,FEATURE_SEARCH_ONLY,second_S2D.mat,572,689,6,28230,522,0.9985841512680054,False
PUBLISHED_PRECOMPUTED_FEATURE_EVALUATION,FEATURE_SEARCH_ONLY,second_S2D.mat,572,689,7,37210,689,0.9985758066177368,True
PUBLISHED_PRECOMPUTED_FEATURE_EVALUATION,FEATURE_SEARCH_ONLY,second_S2D.mat,572,689,8,37216,689,0.9985681176185608,True
PUBLISHED_PRECOMPUTED_FEATURE_EVALUATION,FEATURE_SEARCH_ONLY,second_S2D.mat,572,689,9,37208,689,0.9985632300376892,True
PUBLISHED_PRECOMPUTED_FEATURE_EVALUATION,FEATURE_SEARCH_ONLY,second_S2D.mat,572,689,10,37235,689,0.9985563158988953,True
PUBLISHED_PRECOMPUTED_FEATURE_EVALUATION,FEATURE_SEARCH_ONLY,second_S2D.mat,573,690,1,37292,690,0.9994380474090576,True
PUBLISHED_PRECOMPUTED_FEATURE_EVALUATION,FEATURE_SEARCH_ONLY,second_S2D.mat,573,690,2,37293,690,0.9994356036186218,True
PUBLISHED_PRECOMPUTED_FEATURE_EVALUATION,FEATURE_SEARCH_ONLY,second_S2D.mat,573,690,3,37295,690,0.9994137287139893,True
PUBLISHED_PRECOMPUTED_FEATURE_EVALUATION,FEATURE_SEARCH_ONLY,second_S2D.mat,573,690,4,37277,690,0.9994121193885803,True
PUBLISHED_PRECOMPUTED_FEATURE_EVALUATION,FEATURE_SEARCH_ONLY,second_S2D.mat,573,690,5,37282,690,0.9994051456451416,True
PUBLISHED_PRECOMPUTED_FEATURE_EVALUATION,FEATURE_SEARCH_ONLY,second_S2D.mat,573,690,6,37294,690,0.99940025806427,True
PUBLISHED_PRECOMPUTED_FEATURE_EVALUATION,FEATURE_SEARCH_ONLY,second_S2D.mat,573,690,7,37273,690,0.9993896484375,True
PUBLISHED_PRECOMPUTED_FEATURE_EVALUATION,FEATURE_SEARCH_ONLY,second_S2D.mat,573,690,8,37275,690,0.9993857145309448,True
PUBLISHED_PRECOMPUTED_FEATURE_EVALUATION,FEATURE_SEARCH_ONLY,second_S2D.mat,573,690,9,37302,690,0.9993835687637329,True
PUBLISHED_PRECOMPUTED_FEATURE_EVALUATION,FEATURE_SEARCH_ONLY,second_S2D.mat,573,690,10,37309,690,0.9993782043457031,True
PUBLISHED_PRECOMPUTED_FEATURE_EVALUATION,FEATURE_SEARCH_ONLY,second_S2D.mat,574,691,1,37349,691,0.9994587898254395,True
PUBLISHED_PRECOMPUTED_FEATURE_EVALUATION,FEATURE_SEARCH_ONLY,second_S2D.mat,574,691,2,37340,691,0.9994548559188843,True
PUBLISHED_PRECOMPUTED_FEATURE_EVALUATION,FEATURE_SEARCH_ONLY,second_S2D.mat,574,691,3,37358,691,0.9994539022445679,True
PUBLISHED_PRECOMPUTED_FEATURE_EVALUATION,FEATURE_SEARCH_ONLY,second_S2D.mat,574,691,4,37348,691,0.9994327425956726,True
PUBLISHED_PRECOMPUTED_FEATURE_EVALUATION,FEATURE_SEARCH_ONLY,second_S2D.mat,574,691,5,37330,691,0.9994272589683533,True
PUBLISHED_PRECOMPUTED_FEATURE_EVALUATION,FEATURE_SEARCH_ONLY,second_S2D.mat,574,691,6,37341,691,0.9994165897369385,True
PUBLISHED_PRECOMPUTED_FEATURE_EVALUATION,FEATURE_SEARCH_ONLY,second_S2D.mat,574,691,7,37342,691,0.9993820190429688,True
PUBLISHED_PRECOMPUTED_FEATURE_EVALUATION,FEATURE_SEARCH_ONLY,second_S2D.mat,574,691,8,37322,691,0.9993815422058105,True
PUBLISHED_PRECOMPUTED_FEATURE_EVALUATION,FEATURE_SEARCH_ONLY,second_S2D.mat,574,691,9,37323,691,0.9993762373924255,True
PUBLISHED_PRECOMPUTED_FEATURE_EVALUATION,FEATURE_SEARCH_ONLY,second_S2D.mat,574,691,10,37324,691,0.9993730783462524,True
PUBLISHED_PRECOMPUTED_FEATURE_EVALUATION,FEATURE_SEARCH_ONLY,second_S2D.mat,575,692,1,37412,692,0.9993909597396851,True
PUBLISHED_PRECOMPUTED_FEATURE_EVALUATION,FEATURE_SEARCH_ONLY,second_S2D.mat,575,692,2,36008,666,0.9993723034858704,False
PUBLISHED_PRECOMPUTED_FEATURE_EVALUATION,FEATURE_SEARCH_ONLY,second_S2D.mat,575,692,3,37394,692,0.9993540644645691,True
PUBLISHED_PRECOMPUTED_FEATURE_EVALUATION,FEATURE_SEARCH_ONLY,second_S2D.mat,575,692,4,35990,666,0.9993534684181213,False
PUBLISHED_PRECOMPUTED_FEATURE_EVALUATION,FEATURE_SEARCH_ONLY,second_S2D.mat,575,692,5,35991,666,0.9993345141410828,False
PUBLISHED_PRECOMPUTED_FEATURE_EVALUATION,FEATURE_SEARCH_ONLY,second_S2D.mat,575,692,6,37395,692,0.9993215203285217,True
PUBLISHED_PRECOMPUTED_FEATURE_EVALUATION,FEATURE_SEARCH_ONLY,second_S2D.mat,575,692,7,37415,692,0.9993070363998413,True
PUBLISHED_PRECOMPUTED_FEATURE_EVALUATION,FEATURE_SEARCH_ONLY,second_S2D.mat,575,692,8,36011,666,0.9993050694465637,False
PUBLISHED_PRECOMPUTED_FEATURE_EVALUATION,FEATURE_SEARCH_ONLY,second_S2D.mat,575,692,9,37393,692,0.9993022084236145,True
PUBLISHED_PRECOMPUTED_FEATURE_EVALUATION,FEATURE_SEARCH_ONLY,second_S2D.mat,575,692,10,37396,692,0.9992995262145996,True
PUBLISHED_PRECOMPUTED_FEATURE_EVALUATION,FEATURE_SEARCH_ONLY,second_S2D.mat,576,693,1,37470,693,0.9992300271987915,True
PUBLISHED_PRECOMPUTED_FEATURE_EVALUATION,FEATURE_SEARCH_ONLY,second_S2D.mat,576,693,2,37472,693,0.9992251396179199,True
PUBLISHED_PRECOMPUTED_FEATURE_EVALUATION,FEATURE_SEARCH_ONLY,second_S2D.mat,576,693,3,37458,693,0.9991995096206665,True
PUBLISHED_PRECOMPUTED_FEATURE_EVALUATION,FEATURE_SEARCH_ONLY,second_S2D.mat,576,693,4,37461,693,0.9991929531097412,True
PUBLISHED_PRECOMPUTED_FEATURE_EVALUATION,FEATURE_SEARCH_ONLY,second_S2D.mat,576,693,5,37457,693,0.9991865158081055,True
PUBLISHED_PRECOMPUTED_FEATURE_EVALUATION,FEATURE_SEARCH_ONLY,second_S2D.mat,576,693,6,37471,693,0.9991638660430908,True
PUBLISHED_PRECOMPUTED_FEATURE_EVALUATION,FEATURE_SEARCH_ONLY,second_S2D.mat,576,693,7,37459,693,0.999106764793396,True
PUBLISHED_PRECOMPUTED_FEATURE_EVALUATION,FEATURE_SEARCH_ONLY,second_S2D.mat,576,693,8,37473,693,0.9991067051887512,True
PUBLISHED_PRECOMPUTED_FEATURE_EVALUATION,FEATURE_SEARCH_ONLY,second_S2D.mat,576,693,9,37469,693,0.9991031885147095,True
PUBLISHED_PRECOMPUTED_FEATURE_EVALUATION,FEATURE_SEARCH_ONLY,second_S2D.mat,576,693,10,37456,693,0.9990967512130737,True
PUBLISHED_PRECOMPUTED_FEATURE_EVALUATION,FEATURE_SEARCH_ONLY,second_S2D.mat,577,694,1,37509,694,0.9994091987609863,True
PUBLISHED_PRECOMPUTED_FEATURE_EVALUATION,FEATURE_SEARCH_ONLY,second_S2D.mat,577,694,2,37511,694,0.9993805289268494,True
PUBLISHED_PRECOMPUTED_FEATURE_EVALUATION,FEATURE_SEARCH_ONLY,second_S2D.mat,577,694,3,37512,694,0.9993781447410583,True
PUBLISHED_PRECOMPUTED_FEATURE_EVALUATION,FEATURE_SEARCH_ONLY,second_S2D.mat,577,694,4,37508,694,0.9993696212768555,True
PUBLISHED_PRECOMPUTED_FEATURE_EVALUATION,FEATURE_SEARCH_ONLY,second_S2D.mat,577,694,5,37510,694,0.99936842918396,True
PUBLISHED_PRECOMPUTED_FEATURE_EVALUATION,FEATURE_SEARCH_ONLY,second_S2D.mat,577,694,6,37494,694,0.9993384480476379,True
PUBLISHED_PRECOMPUTED_FEATURE_EVALUATION,FEATURE_SEARCH_ONLY,second_S2D.mat,577,694,7,37513,694,0.9993319511413574,True
PUBLISHED_PRECOMPUTED_FEATURE_EVALUATION,FEATURE_SEARCH_ONLY,second_S2D.mat,577,694,8,37491,694,0.9993314146995544,True
PUBLISHED_PRECOMPUTED_FEATURE_EVALUATION,FEATURE_SEARCH_ONLY,second_S2D.mat,577,694,9,37490,694,0.9993195533752441,True
PUBLISHED_PRECOMPUTED_FEATURE_EVALUATION,FEATURE_SEARCH_ONLY,second_S2D.mat,577,694,10,37492,694,0.9993176460266113,True
PUBLISHED_PRECOMPUTED_FEATURE_EVALUATION,FEATURE_SEARCH_ONLY,second_S2D.mat,578,695,1,18791,347,0.9983870983123779,False
PUBLISHED_PRECOMPUTED_FEATURE_EVALUATION,FEATURE_SEARCH_ONLY,second_S2D.mat,578,695,2,37546,695,0.9983850717544556,True
PUBLISHED_PRECOMPUTED_FEATURE_EVALUATION,FEATURE_SEARCH_ONLY,second_S2D.mat,578,695,3,13113,242,0.9983732104301453,False
PUBLISHED_PRECOMPUTED_FEATURE_EVALUATION,FEATURE_SEARCH_ONLY,second_S2D.mat,578,695,4,37530,695,0.9983718395233154,True
PUBLISHED_PRECOMPUTED_FEATURE_EVALUATION,FEATURE_SEARCH_ONLY,second_S2D.mat,578,695,5,37531,695,0.9983583092689514,True
PUBLISHED_PRECOMPUTED_FEATURE_EVALUATION,FEATURE_SEARCH_ONLY,second_S2D.mat,578,695,6,20385,377,0.998357892036438,False
PUBLISHED_PRECOMPUTED_FEATURE_EVALUATION,FEATURE_SEARCH_ONLY,second_S2D.mat,578,695,7,13116,242,0.998347818851471,False
PUBLISHED_PRECOMPUTED_FEATURE_EVALUATION,FEATURE_SEARCH_ONLY,second_S2D.mat,578,695,8,13117,242,0.9983386993408203,False
PUBLISHED_PRECOMPUTED_FEATURE_EVALUATION,FEATURE_SEARCH_ONLY,second_S2D.mat,578,695,9,13112,242,0.998335599899292,False
PUBLISHED_PRECOMPUTED_FEATURE_EVALUATION,FEATURE_SEARCH_ONLY,second_S2D.mat,578,695,10,13096,242,0.9983341693878174,False
PUBLISHED_PRECOMPUTED_FEATURE_EVALUATION,FEATURE_SEARCH_ONLY,second_S2D.mat,579,696,1,37606,696,0.998759925365448,True
PUBLISHED_PRECOMPUTED_FEATURE_EVALUATION,FEATURE_SEARCH_ONLY,second_S2D.mat,579,696,2,37620,696,0.9987550973892212,True
PUBLISHED_PRECOMPUTED_FEATURE_EVALUATION,FEATURE_SEARCH_ONLY,second_S2D.mat,579,696,3,37623,696,0.998745322227478,True
PUBLISHED_PRECOMPUTED_FEATURE_EVALUATION,FEATURE_SEARCH_ONLY,second_S2D.mat,579,696,4,37622,696,0.9987452626228333,True
PUBLISHED_PRECOMPUTED_FEATURE_EVALUATION,FEATURE_SEARCH_ONLY,second_S2D.mat,579,696,5,37629,696,0.9987407922744751,True
PUBLISHED_PRECOMPUTED_FEATURE_EVALUATION,FEATURE_SEARCH_ONLY,second_S2D.mat,579,696,6,37608,696,0.9987379312515259,True
PUBLISHED_PRECOMPUTED_FEATURE_EVALUATION,FEATURE_SEARCH_ONLY,second_S2D.mat,579,696,7,37624,696,0.9987379312515259,True
PUBLISHED_PRECOMPUTED_FEATURE_EVALUATION,FEATURE_SEARCH_ONLY,second_S2D.mat,579,696,8,37609,696,0.9987176656723022,True
PUBLISHED_PRECOMPUTED_FEATURE_EVALUATION,FEATURE_SEARCH_ONLY,second_S2D.mat,579,696,9,37621,696,0.9987154006958008,True
PUBLISHED_PRECOMPUTED_FEATURE_EVALUATION,FEATURE_SEARCH_ONLY,second_S2D.mat,579,696,10,37607,696,0.9987109899520874,True
PUBLISHED_PRECOMPUTED_FEATURE_EVALUATION,FEATURE_SEARCH_ONLY,second_S2D.mat,580,697,1,37683,697,0.9995943903923035,True
PUBLISHED_PRECOMPUTED_FEATURE_EVALUATION,FEATURE_SEARCH_ONLY,second_S2D.mat,580,697,2,37689,697,0.9995777010917664,True
PUBLISHED_PRECOMPUTED_FEATURE_EVALUATION,FEATURE_SEARCH_ONLY,second_S2D.mat,580,697,3,37669,697,0.9995771646499634,True
PUBLISHED_PRECOMPUTED_FEATURE_EVALUATION,FEATURE_SEARCH_ONLY,second_S2D.mat,580,697,4,37684,697,0.9995707273483276,True
PUBLISHED_PRECOMPUTED_FEATURE_EVALUATION,FEATURE_SEARCH_ONLY,second_S2D.mat,580,697,5,37673,697,0.9995688796043396,True
PUBLISHED_PRECOMPUTED_FEATURE_EVALUATION,FEATURE_SEARCH_ONLY,second_S2D.mat,580,697,6,37687,697,0.9995587468147278,True
PUBLISHED_PRECOMPUTED_FEATURE_EVALUATION,FEATURE_SEARCH_ONLY,second_S2D.mat,580,697,7,37690,697,0.9995476603507996,True
PUBLISHED_PRECOMPUTED_FEATURE_EVALUATION,FEATURE_SEARCH_ONLY,second_S2D.mat,580,697,8,37686,697,0.9995468854904175,True
PUBLISHED_PRECOMPUTED_FEATURE_EVALUATION,FEATURE_SEARCH_ONLY,second_S2D.mat,580,697,9,37670,697,0.9995323419570923,True
PUBLISHED_PRECOMPUTED_FEATURE_EVALUATION,FEATURE_SEARCH_ONLY,second_S2D.mat,580,697,10,37688,697,0.9995313882827759,True
PUBLISHED_PRECOMPUTED_FEATURE_EVALUATION,FEATURE_SEARCH_ONLY,second_S2D.mat,581,699,1,37782,699,0.9997876286506653,True
PUBLISHED_PRECOMPUTED_FEATURE_EVALUATION,FEATURE_SEARCH_ONLY,second_S2D.mat,581,699,2,37783,699,0.9997292160987854,True
PUBLISHED_PRECOMPUTED_FEATURE_EVALUATION,FEATURE_SEARCH_ONLY,second_S2D.mat,581,699,3,37781,699,0.9997053146362305,True
PUBLISHED_PRECOMPUTED_FEATURE_EVALUATION,FEATURE_SEARCH_ONLY,second_S2D.mat,581,699,4,37784,699,0.9997031688690186,True
PUBLISHED_PRECOMPUTED_FEATURE_EVALUATION,FEATURE_SEARCH_ONLY,second_S2D.mat,581,699,5,37765,699,0.9996305108070374,True
PUBLISHED_PRECOMPUTED_FEATURE_EVALUATION,FEATURE_SEARCH_ONLY,second_S2D.mat,581,699,6,37777,699,0.9996240139007568,True
PUBLISHED_PRECOMPUTED_FEATURE_EVALUATION,FEATURE_SEARCH_ONLY,second_S2D.mat,581,699,7,37764,699,0.9996225833892822,True
PUBLISHED_PRECOMPUTED_FEATURE_EVALUATION,FEATURE_SEARCH_ONLY,second_S2D.mat,581,699,8,37785,699,0.9996221661567688,True
PUBLISHED_PRECOMPUTED_FEATURE_EVALUATION,FEATURE_SEARCH_ONLY,second_S2D.mat,581,699,9,37774,699,0.9996184706687927,True
PUBLISHED_PRECOMPUTED_FEATURE_EVALUATION,FEATURE_SEARCH_ONLY,second_S2D.mat,581,699,10,37776,699,0.9996163845062256,True
PUBLISHED_PRECOMPUTED_FEATURE_EVALUATION,FEATURE_SEARCH_ONLY,second_S2D.mat,582,700,1,37835,700,0.9994633197784424,True
PUBLISHED_PRECOMPUTED_FEATURE_EVALUATION,FEATURE_SEARCH_ONLY,second_S2D.mat,582,700,2,37836,700,0.9994513988494873,True
PUBLISHED_PRECOMPUTED_FEATURE_EVALUATION,FEATURE_SEARCH_ONLY,second_S2D.mat,582,700,3,37832,700,0.999449610710144,True
PUBLISHED_PRECOMPUTED_FEATURE_EVALUATION,FEATURE_SEARCH_ONLY,second_S2D.mat,582,700,4,37831,700,0.9994291663169861,True
PUBLISHED_PRECOMPUTED_FEATURE_EVALUATION,FEATURE_SEARCH_ONLY,second_S2D.mat,582,700,5,37834,700,0.9994274377822876,True
PUBLISHED_PRECOMPUTED_FEATURE_EVALUATION,FEATURE_SEARCH_ONLY,second_S2D.mat,582,700,6,37818,700,0.9994184970855713,True
PUBLISHED_PRECOMPUTED_FEATURE_EVALUATION,FEATURE_SEARCH_ONLY,second_S2D.mat,582,700,7,37827,700,0.9994118809700012,True
PUBLISHED_PRECOMPUTED_FEATURE_EVALUATION,FEATURE_SEARCH_ONLY,second_S2D.mat,582,700,8,37849,700,0.9993999600410461,True
PUBLISHED_PRECOMPUTED_FEATURE_EVALUATION,FEATURE_SEARCH_ONLY,second_S2D.mat,582,700,9,37850,700,0.9993826150894165,True
PUBLISHED_PRECOMPUTED_FEATURE_EVALUATION,FEATURE_SEARCH_ONLY,second_S2D.mat,582,700,10,37833,700,0.9993760585784912,True
PUBLISHED_PRECOMPUTED_FEATURE_EVALUATION,FEATURE_SEARCH_ONLY,second_S2D.mat,583,701,1,37892,701,0.9993968605995178,True
PUBLISHED_PRECOMPUTED_FEATURE_EVALUATION,FEATURE_SEARCH_ONLY,second_S2D.mat,583,701,2,37885,701,0.9993422627449036,True
PUBLISHED_PRECOMPUTED_FEATURE_EVALUATION,FEATURE_SEARCH_ONLY,second_S2D.mat,583,701,3,37891,701,0.999340832233429,True
PUBLISHED_PRECOMPUTED_FEATURE_EVALUATION,FEATURE_SEARCH_ONLY,second_S2D.mat,583,701,4,37894,701,0.9993395805358887,True
PUBLISHED_PRECOMPUTED_FEATURE_EVALUATION,FEATURE_SEARCH_ONLY,second_S2D.mat,583,701,5,37886,701,0.9993178248405457,True
PUBLISHED_PRECOMPUTED_FEATURE_EVALUATION,FEATURE_SEARCH_ONLY,second_S2D.mat,583,701,6,37895,701,0.999309241771698,True
PUBLISHED_PRECOMPUTED_FEATURE_EVALUATION,FEATURE_SEARCH_ONLY,second_S2D.mat,583,701,7,37893,701,0.999297022819519,True
PUBLISHED_PRECOMPUTED_FEATURE_EVALUATION,FEATURE_SEARCH_ONLY,second_S2D.mat,583,701,8,37904,701,0.9992946982383728,True
PUBLISHED_PRECOMPUTED_FEATURE_EVALUATION,FEATURE_SEARCH_ONLY,second_S2D.mat,583,701,9,37896,701,0.9992873072624207,True
PUBLISHED_PRECOMPUTED_FEATURE_EVALUATION,FEATURE_SEARCH_ONLY,second_S2D.mat,583,701,10,37902,701,0.9992756843566895,True
PUBLISHED_PRECOMPUTED_FEATURE_EVALUATION,FEATURE_SEARCH_ONLY,second_S2D.mat,584,702,1,37944,702,0.999596357345581,True
PUBLISHED_PRECOMPUTED_FEATURE_EVALUATION,FEATURE_SEARCH_ONLY,second_S2D.mat,584,702,2,37945,702,0.9995923638343811,True
PUBLISHED_PRECOMPUTED_FEATURE_EVALUATION,FEATURE_SEARCH_ONLY,second_S2D.mat,584,702,3,37946,702,0.999558687210083,True
PUBLISHED_PRECOMPUTED_FEATURE_EVALUATION,FEATURE_SEARCH_ONLY,second_S2D.mat,584,702,4,37943,702,0.9995512366294861,True
PUBLISHED_PRECOMPUTED_FEATURE_EVALUATION,FEATURE_SEARCH_ONLY,second_S2D.mat,584,702,5,37918,702,0.9995501637458801,True
PUBLISHED_PRECOMPUTED_FEATURE_EVALUATION,FEATURE_SEARCH_ONLY,second_S2D.mat,584,702,6,37935,702,0.9995450973510742,True
PUBLISHED_PRECOMPUTED_FEATURE_EVALUATION,FEATURE_SEARCH_ONLY,second_S2D.mat,584,702,7,37926,702,0.9995425939559937,True
PUBLISHED_PRECOMPUTED_FEATURE_EVALUATION,FEATURE_SEARCH_ONLY,second_S2D.mat,584,702,8,37934,702,0.9995419383049011,True
PUBLISHED_PRECOMPUTED_FEATURE_EVALUATION,FEATURE_SEARCH_ONLY,second_S2D.mat,584,702,9,37942,702,0.9995330572128296,True
PUBLISHED_PRECOMPUTED_FEATURE_EVALUATION,FEATURE_SEARCH_ONLY,second_S2D.mat,584,702,10,37927,702,0.9995312094688416,True
PUBLISHED_PRECOMPUTED_FEATURE_EVALUATION,FEATURE_SEARCH_ONLY,second_S2D.mat,585,703,1,37992,703,0.9995496273040771,True
PUBLISHED_PRECOMPUTED_FEATURE_EVALUATION,FEATURE_SEARCH_ONLY,second_S2D.mat,585,703,2,37993,703,0.9995493292808533,True
PUBLISHED_PRECOMPUTED_FEATURE_EVALUATION,FEATURE_SEARCH_ONLY,second_S2D.mat,585,703,3,37991,703,0.9995313882827759,True
PUBLISHED_PRECOMPUTED_FEATURE_EVALUATION,FEATURE_SEARCH_ONLY,second_S2D.mat,585,703,4,37994,703,0.9995243549346924,True
PUBLISHED_PRECOMPUTED_FEATURE_EVALUATION,FEATURE_SEARCH_ONLY,second_S2D.mat,585,703,5,37990,703,0.9995104670524597,True
PUBLISHED_PRECOMPUTED_FEATURE_EVALUATION,FEATURE_SEARCH_ONLY,second_S2D.mat,585,703,6,37989,703,0.9994691610336304,True
PUBLISHED_PRECOMPUTED_FEATURE_EVALUATION,FEATURE_SEARCH_ONLY,second_S2D.mat,585,703,7,38010,703,0.999459981918335,True
PUBLISHED_PRECOMPUTED_FEATURE_EVALUATION,FEATURE_SEARCH_ONLY,second_S2D.mat,585,703,8,37999,703,0.9994537830352783,True
PUBLISHED_PRECOMPUTED_FEATURE_EVALUATION,FEATURE_SEARCH_ONLY,second_S2D.mat,585,703,9,37975,703,0.999436616897583,True
PUBLISHED_PRECOMPUTED_FEATURE_EVALUATION,FEATURE_SEARCH_ONLY,second_S2D.mat,585,703,10,37996,703,0.9994359016418457,True
PUBLISHED_PRECOMPUTED_FEATURE_EVALUATION,FEATURE_SEARCH_ONLY,second_S2D.mat,586,704,1,38052,704,0.9997917413711548,True
PUBLISHED_PRECOMPUTED_FEATURE_EVALUATION,FEATURE_SEARCH_ONLY,second_S2D.mat,586,704,2,38051,704,0.9997585415840149,True
PUBLISHED_PRECOMPUTED_FEATURE_EVALUATION,FEATURE_SEARCH_ONLY,second_S2D.mat,586,704,3,38050,704,0.9997442960739136,True
PUBLISHED_PRECOMPUTED_FEATURE_EVALUATION,FEATURE_SEARCH_ONLY,second_S2D.mat,586,704,4,38053,704,0.999726414680481,True
PUBLISHED_PRECOMPUTED_FEATURE_EVALUATION,FEATURE_SEARCH_ONLY,second_S2D.mat,586,704,5,38068,704,0.9997076392173767,True
PUBLISHED_PRECOMPUTED_FEATURE_EVALUATION,FEATURE_SEARCH_ONLY,second_S2D.mat,586,704,6,38067,704,0.9997075796127319,True
PUBLISHED_PRECOMPUTED_FEATURE_EVALUATION,FEATURE_SEARCH_ONLY,second_S2D.mat,586,704,7,38034,704,0.9996940493583679,True
PUBLISHED_PRECOMPUTED_FEATURE_EVALUATION,FEATURE_SEARCH_ONLY,second_S2D.mat,586,704,8,38056,704,0.9996851086616516,True
PUBLISHED_PRECOMPUTED_FEATURE_EVALUATION,FEATURE_SEARCH_ONLY,second_S2D.mat,586,704,9,38060,704,0.9996784925460815,True
PUBLISHED_PRECOMPUTED_FEATURE_EVALUATION,FEATURE_SEARCH_ONLY,second_S2D.mat,586,704,10,38035,704,0.9996756315231323,True
PUBLISHED_PRECOMPUTED_FEATURE_EVALUATION,FEATURE_SEARCH_ONLY,second_S2D.mat,587,705,1,38104,705,0.9996565580368042,True
PUBLISHED_PRECOMPUTED_FEATURE_EVALUATION,FEATURE_SEARCH_ONLY,second_S2D.mat,587,705,2,38108,705,0.9996474981307983,True
PUBLISHED_PRECOMPUTED_FEATURE_EVALUATION,FEATURE_SEARCH_ONLY,second_S2D.mat,587,705,3,38106,705,0.9996439218521118,True
PUBLISHED_PRECOMPUTED_FEATURE_EVALUATION,FEATURE_SEARCH_ONLY,second_S2D.mat,587,705,4,38105,705,0.9996389150619507,True
PUBLISHED_PRECOMPUTED_FEATURE_EVALUATION,FEATURE_SEARCH_ONLY,second_S2D.mat,587,705,5,38107,705,0.9995995759963989,True
PUBLISHED_PRECOMPUTED_FEATURE_EVALUATION,FEATURE_SEARCH_ONLY,second_S2D.mat,587,705,6,38103,705,0.9995818138122559,True
PUBLISHED_PRECOMPUTED_FEATURE_EVALUATION,FEATURE_SEARCH_ONLY,second_S2D.mat,587,705,7,38109,705,0.9995746612548828,True
PUBLISHED_PRECOMPUTED_FEATURE_EVALUATION,FEATURE_SEARCH_ONLY,second_S2D.mat,587,705,8,38102,705,0.9995326995849609,True
PUBLISHED_PRECOMPUTED_FEATURE_EVALUATION,FEATURE_SEARCH_ONLY,second_S2D.mat,587,705,9,38120,705,0.9995262622833252,True
PUBLISHED_PRECOMPUTED_FEATURE_EVALUATION,FEATURE_SEARCH_ONLY,second_S2D.mat,587,705,10,38121,705,0.9995166063308716,True
PUBLISHED_PRECOMPUTED_FEATURE_EVALUATION,FEATURE_SEARCH_ONLY,second_S2D.mat,588,706,1,38159,706,0.9996411800384521,True
PUBLISHED_PRECOMPUTED_FEATURE_EVALUATION,FEATURE_SEARCH_ONLY,second_S2D.mat,588,706,2,38160,706,0.9995937943458557,True
PUBLISHED_PRECOMPUTED_FEATURE_EVALUATION,FEATURE_SEARCH_ONLY,second_S2D.mat,588,706,3,38168,706,0.9995695948600769,True
PUBLISHED_PRECOMPUTED_FEATURE_EVALUATION,FEATURE_SEARCH_ONLY,second_S2D.mat,588,706,4,38150,706,0.9995620846748352,True
PUBLISHED_PRECOMPUTED_FEATURE_EVALUATION,FEATURE_SEARCH_ONLY,second_S2D.mat,588,706,5,38151,706,0.9995490312576294,True
PUBLISHED_PRECOMPUTED_FEATURE_EVALUATION,FEATURE_SEARCH_ONLY,second_S2D.mat,588,706,6,38141,706,0.9995416402816772,True
PUBLISHED_PRECOMPUTED_FEATURE_EVALUATION,FEATURE_SEARCH_ONLY,second_S2D.mat,588,706,7,38142,706,0.9995323419570923,True
PUBLISHED_PRECOMPUTED_FEATURE_EVALUATION,FEATURE_SEARCH_ONLY,second_S2D.mat,588,706,8,38158,706,0.9995229244232178,True
PUBLISHED_PRECOMPUTED_FEATURE_EVALUATION,FEATURE_SEARCH_ONLY,second_S2D.mat,588,706,9,38152,706,0.9995191693305969,True
PUBLISHED_PRECOMPUTED_FEATURE_EVALUATION,FEATURE_SEARCH_ONLY,second_S2D.mat,588,706,10,38149,706,0.9995033144950867,True
PUBLISHED_PRECOMPUTED_FEATURE_EVALUATION,FEATURE_SEARCH_ONLY,second_S2D.mat,589,707,1,38214,707,0.9995266199111938,True
PUBLISHED_PRECOMPUTED_FEATURE_EVALUATION,FEATURE_SEARCH_ONLY,second_S2D.mat,589,707,2,38204,707,0.9994770288467407,True
PUBLISHED_PRECOMPUTED_FEATURE_EVALUATION,FEATURE_SEARCH_ONLY,second_S2D.mat,589,707,3,38203,707,0.9994388818740845,True
PUBLISHED_PRECOMPUTED_FEATURE_EVALUATION,FEATURE_SEARCH_ONLY,second_S2D.mat,589,707,4,38219,707,0.9994366765022278,True
PUBLISHED_PRECOMPUTED_FEATURE_EVALUATION,FEATURE_SEARCH_ONLY,second_S2D.mat,589,707,5,38196,707,0.9994301795959473,True
PUBLISHED_PRECOMPUTED_FEATURE_EVALUATION,FEATURE_SEARCH_ONLY,second_S2D.mat,589,707,6,38213,707,0.9994233846664429,True
PUBLISHED_PRECOMPUTED_FEATURE_EVALUATION,FEATURE_SEARCH_ONLY,second_S2D.mat,589,707,7,38205,707,0.9994188547134399,True
PUBLISHED_PRECOMPUTED_FEATURE_EVALUATION,FEATURE_SEARCH_ONLY,second_S2D.mat,589,707,8,38206,707,0.9994145631790161,True
PUBLISHED_PRECOMPUTED_FEATURE_EVALUATION,FEATURE_SEARCH_ONLY,second_S2D.mat,589,707,9,38217,707,0.9994022846221924,True
PUBLISHED_PRECOMPUTED_FEATURE_EVALUATION,FEATURE_SEARCH_ONLY,second_S2D.mat,589,707,10,38201,707,0.9994009733200073,True
PUBLISHED_PRECOMPUTED_FEATURE_EVALUATION,FEATURE_SEARCH_ONLY,second_S2D.mat,590,708,1,38263,708,0.999541163444519,True
PUBLISHED_PRECOMPUTED_FEATURE_EVALUATION,FEATURE_SEARCH_ONLY,second_S2D.mat,590,708,2,38271,708,0.9995335340499878,True
PUBLISHED_PRECOMPUTED_FEATURE_EVALUATION,FEATURE_SEARCH_ONLY,second_S2D.mat,590,708,3,38272,708,0.9995264410972595,True
PUBLISHED_PRECOMPUTED_FEATURE_EVALUATION,FEATURE_SEARCH_ONLY,second_S2D.mat,590,708,4,38270,708,0.9995256662368774,True
PUBLISHED_PRECOMPUTED_FEATURE_EVALUATION,FEATURE_SEARCH_ONLY,second_S2D.mat,590,708,5,38264,708,0.9994866251945496,True
PUBLISHED_PRECOMPUTED_FEATURE_EVALUATION,FEATURE_SEARCH_ONLY,second_S2D.mat,590,708,6,38265,708,0.9994713068008423,True
PUBLISHED_PRECOMPUTED_FEATURE_EVALUATION,FEATURE_SEARCH_ONLY,second_S2D.mat,590,708,7,38280,708,0.9994678497314453,True
PUBLISHED_PRECOMPUTED_FEATURE_EVALUATION,FEATURE_SEARCH_ONLY,second_S2D.mat,590,708,8,38253,708,0.9994661211967468,True
PUBLISHED_PRECOMPUTED_FEATURE_EVALUATION,FEATURE_SEARCH_ONLY,second_S2D.mat,590,708,9,38281,708,0.9994571208953857,True
PUBLISHED_PRECOMPUTED_FEATURE_EVALUATION,FEATURE_SEARCH_ONLY,second_S2D.mat,590,708,10,38262,708,0.9994546175003052,True
PUBLISHED_PRECOMPUTED_FEATURE_EVALUATION,FEATURE_SEARCH_ONLY,second_S2D.mat,591,709,1,38321,709,0.9996219873428345,True
PUBLISHED_PRECOMPUTED_FEATURE_EVALUATION,FEATURE_SEARCH_ONLY,second_S2D.mat,591,709,2,38322,709,0.9995998740196228,True
PUBLISHED_PRECOMPUTED_FEATURE_EVALUATION,FEATURE_SEARCH_ONLY,second_S2D.mat,591,709,3,38303,709,0.9995231032371521,True
PUBLISHED_PRECOMPUTED_FEATURE_EVALUATION,FEATURE_SEARCH_ONLY,second_S2D.mat,591,709,4,38320,709,0.9995158910751343,True
PUBLISHED_PRECOMPUTED_FEATURE_EVALUATION,FEATURE_SEARCH_ONLY,second_S2D.mat,591,709,5,38323,709,0.999506950378418,True
PUBLISHED_PRECOMPUTED_FEATURE_EVALUATION,FEATURE_SEARCH_ONLY,second_S2D.mat,591,709,6,38325,709,0.9994996190071106,True
PUBLISHED_PRECOMPUTED_FEATURE_EVALUATION,FEATURE_SEARCH_ONLY,second_S2D.mat,591,709,7,38304,709,0.9994939565658569,True
PUBLISHED_PRECOMPUTED_FEATURE_EVALUATION,FEATURE_SEARCH_ONLY,second_S2D.mat,591,709,8,38324,709,0.9994902610778809,True
PUBLISHED_PRECOMPUTED_FEATURE_EVALUATION,FEATURE_SEARCH_ONLY,second_S2D.mat,591,709,9,38330,709,0.9994614124298096,True
PUBLISHED_PRECOMPUTED_FEATURE_EVALUATION,FEATURE_SEARCH_ONLY,second_S2D.mat,591,709,10,38328,709,0.9994511008262634,True
PUBLISHED_PRECOMPUTED_FEATURE_EVALUATION,FEATURE_SEARCH_ONLY,second_S2D.mat,592,710,1,38366,710,0.999675989151001,True
PUBLISHED_PRECOMPUTED_FEATURE_EVALUATION,FEATURE_SEARCH_ONLY,second_S2D.mat,592,710,2,38382,710,0.9996685981750488,True
PUBLISHED_PRECOMPUTED_FEATURE_EVALUATION,FEATURE_SEARCH_ONLY,second_S2D.mat,592,710,3,38365,710,0.9996461868286133,True
PUBLISHED_PRECOMPUTED_FEATURE_EVALUATION,FEATURE_SEARCH_ONLY,second_S2D.mat,592,710,4,38364,710,0.9996429681777954,True
PUBLISHED_PRECOMPUTED_FEATURE_EVALUATION,FEATURE_SEARCH_ONLY,second_S2D.mat,592,710,5,38363,710,0.9996426701545715,True
PUBLISHED_PRECOMPUTED_FEATURE_EVALUATION,FEATURE_SEARCH_ONLY,second_S2D.mat,592,710,6,38381,710,0.9996411204338074,True
PUBLISHED_PRECOMPUTED_FEATURE_EVALUATION,FEATURE_SEARCH_ONLY,second_S2D.mat,592,710,7,38368,710,0.9996325969696045,True
PUBLISHED_PRECOMPUTED_FEATURE_EVALUATION,FEATURE_SEARCH_ONLY,second_S2D.mat,592,710,8,38369,710,0.9996273517608643,True
PUBLISHED_PRECOMPUTED_FEATURE_EVALUATION,FEATURE_SEARCH_ONLY,second_S2D.mat,592,710,9,38384,710,0.9996177554130554,True
PUBLISHED_PRECOMPUTED_FEATURE_EVALUATION,FEATURE_SEARCH_ONLY,second_S2D.mat,592,710,10,38380,710,0.9996166229248047,True
PUBLISHED_PRECOMPUTED_FEATURE_EVALUATION,FEATURE_SEARCH_ONLY,second_S2D.mat,593,711,1,38429,711,0.9997292160987854,True
PUBLISHED_PRECOMPUTED_FEATURE_EVALUATION,FEATURE_SEARCH_ONLY,second_S2D.mat,593,711,2,38431,711,0.9997172355651855,True
PUBLISHED_PRECOMPUTED_FEATURE_EVALUATION,FEATURE_SEARCH_ONLY,second_S2D.mat,593,711,3,38430,711,0.9997119903564453,True
PUBLISHED_PRECOMPUTED_FEATURE_EVALUATION,FEATURE_SEARCH_ONLY,second_S2D.mat,593,711,4,38433,711,0.9996849298477173,True
PUBLISHED_PRECOMPUTED_FEATURE_EVALUATION,FEATURE_SEARCH_ONLY,second_S2D.mat,593,711,5,38428,711,0.9996639490127563,True
PUBLISHED_PRECOMPUTED_FEATURE_EVALUATION,FEATURE_SEARCH_ONLY,second_S2D.mat,593,711,6,38427,711,0.9996446967124939,True
PUBLISHED_PRECOMPUTED_FEATURE_EVALUATION,FEATURE_SEARCH_ONLY,second_S2D.mat,593,711,7,38426,711,0.999632716178894,True
PUBLISHED_PRECOMPUTED_FEATURE_EVALUATION,FEATURE_SEARCH_ONLY,second_S2D.mat,593,711,8,38432,711,0.9996314644813538,True
PUBLISHED_PRECOMPUTED_FEATURE_EVALUATION,FEATURE_SEARCH_ONLY,second_S2D.mat,593,711,9,38434,711,0.9996294379234314,True
PUBLISHED_PRECOMPUTED_FEATURE_EVALUATION,FEATURE_SEARCH_ONLY,second_S2D.mat,593,711,10,38444,711,0.9996277093887329,True
PUBLISHED_PRECOMPUTED_FEATURE_EVALUATION,FEATURE_SEARCH_ONLY,second_S2D.mat,594,712,1,38485,712,0.9995668530464172,True
PUBLISHED_PRECOMPUTED_FEATURE_EVALUATION,FEATURE_SEARCH_ONLY,second_S2D.mat,594,712,2,38486,712,0.9995306134223938,True
PUBLISHED_PRECOMPUTED_FEATURE_EVALUATION,FEATURE_SEARCH_ONLY,second_S2D.mat,594,712,3,38483,712,0.9995205998420715,True
PUBLISHED_PRECOMPUTED_FEATURE_EVALUATION,FEATURE_SEARCH_ONLY,second_S2D.mat,594,712,4,38482,712,0.9995052814483643,True
PUBLISHED_PRECOMPUTED_FEATURE_EVALUATION,FEATURE_SEARCH_ONLY,second_S2D.mat,594,712,5,38491,712,0.9994822144508362,True
PUBLISHED_PRECOMPUTED_FEATURE_EVALUATION,FEATURE_SEARCH_ONLY,second_S2D.mat,594,712,6,38473,712,0.9994731545448303,True
PUBLISHED_PRECOMPUTED_FEATURE_EVALUATION,FEATURE_SEARCH_ONLY,second_S2D.mat,594,712,7,38487,712,0.9994677305221558,True
PUBLISHED_PRECOMPUTED_FEATURE_EVALUATION,FEATURE_SEARCH_ONLY,second_S2D.mat,594,712,8,38490,712,0.9994620084762573,True
PUBLISHED_PRECOMPUTED_FEATURE_EVALUATION,FEATURE_SEARCH_ONLY,second_S2D.mat,594,712,9,38484,712,0.9994618892669678,True
PUBLISHED_PRECOMPUTED_FEATURE_EVALUATION,FEATURE_SEARCH_ONLY,second_S2D.mat,594,712,10,38472,712,0.9994602799415588,True
PUBLISHED_PRECOMPUTED_FEATURE_EVALUATION,FEATURE_SEARCH_ONLY,second_S2D.mat,595,714,1,38595,714,0.9995775818824768,True
PUBLISHED_PRECOMPUTED_FEATURE_EVALUATION,FEATURE_SEARCH_ONLY,second_S2D.mat,595,714,2,38592,714,0.9995729327201843,True
PUBLISHED_PRECOMPUTED_FEATURE_EVALUATION,FEATURE_SEARCH_ONLY,second_S2D.mat,595,714,3,38596,714,0.9995532035827637,True
PUBLISHED_PRECOMPUTED_FEATURE_EVALUATION,FEATURE_SEARCH_ONLY,second_S2D.mat,595,714,4,38594,714,0.9995262622833252,True
PUBLISHED_PRECOMPUTED_FEATURE_EVALUATION,FEATURE_SEARCH_ONLY,second_S2D.mat,595,714,5,38591,714,0.9995077848434448,True
PUBLISHED_PRECOMPUTED_FEATURE_EVALUATION,FEATURE_SEARCH_ONLY,second_S2D.mat,595,714,6,38593,714,0.9995013475418091,True
PUBLISHED_PRECOMPUTED_FEATURE_EVALUATION,FEATURE_SEARCH_ONLY,second_S2D.mat,595,714,7,38597,714,0.9994392991065979,True
PUBLISHED_PRECOMPUTED_FEATURE_EVALUATION,FEATURE_SEARCH_ONLY,second_S2D.mat,595,714,8,38587,714,0.9994055032730103,True
PUBLISHED_PRECOMPUTED_FEATURE_EVALUATION,FEATURE_SEARCH_ONLY,second_S2D.mat,595,714,9,38589,714,0.9994055032730103,True
PUBLISHED_PRECOMPUTED_FEATURE_EVALUATION,FEATURE_SEARCH_ONLY,second_S2D.mat,595,714,10,38605,714,0.9993983507156372,True
PUBLISHED_PRECOMPUTED_FEATURE_EVALUATION,FEATURE_SEARCH_ONLY,second_S2D.mat,596,715,1,38629,715,0.9997634291648865,True
PUBLISHED_PRECOMPUTED_FEATURE_EVALUATION,FEATURE_SEARCH_ONLY,second_S2D.mat,596,715,2,38630,715,0.999752938747406,True
PUBLISHED_PRECOMPUTED_FEATURE_EVALUATION,FEATURE_SEARCH_ONLY,second_S2D.mat,596,715,3,38628,715,0.999747633934021,True
PUBLISHED_PRECOMPUTED_FEATURE_EVALUATION,FEATURE_SEARCH_ONLY,second_S2D.mat,596,715,4,38645,715,0.9997376799583435,True
PUBLISHED_PRECOMPUTED_FEATURE_EVALUATION,FEATURE_SEARCH_ONLY,second_S2D.mat,596,715,5,38627,715,0.9997371435165405,True
PUBLISHED_PRECOMPUTED_FEATURE_EVALUATION,FEATURE_SEARCH_ONLY,second_S2D.mat,596,715,6,38646,715,0.9997339248657227,True
PUBLISHED_PRECOMPUTED_FEATURE_EVALUATION,FEATURE_SEARCH_ONLY,second_S2D.mat,596,715,7,38644,715,0.9997331500053406,True
PUBLISHED_PRECOMPUTED_FEATURE_EVALUATION,FEATURE_SEARCH_ONLY,second_S2D.mat,596,715,8,38642,715,0.9997303485870361,True
PUBLISHED_PRECOMPUTED_FEATURE_EVALUATION,FEATURE_SEARCH_ONLY,second_S2D.mat,596,715,9,38643,715,0.9997289776802063,True
PUBLISHED_PRECOMPUTED_FEATURE_EVALUATION,FEATURE_SEARCH_ONLY,second_S2D.mat,596,715,10,38640,715,0.9997280836105347,True
PUBLISHED_PRECOMPUTED_FEATURE_EVALUATION,FEATURE_SEARCH_ONLY,second_S2D.mat,597,716,1,38704,716,0.9993556141853333,True
PUBLISHED_PRECOMPUTED_FEATURE_EVALUATION,FEATURE_SEARCH_ONLY,second_S2D.mat,597,716,2,38700,716,0.9993515014648438,True
PUBLISHED_PRECOMPUTED_FEATURE_EVALUATION,FEATURE_SEARCH_ONLY,second_S2D.mat,597,716,3,38703,716,0.9993425607681274,True
PUBLISHED_PRECOMPUTED_FEATURE_EVALUATION,FEATURE_SEARCH_ONLY,second_S2D.mat,597,716,4,38695,716,0.9993345141410828,True
PUBLISHED_PRECOMPUTED_FEATURE_EVALUATION,FEATURE_SEARCH_ONLY,second_S2D.mat,597,716,5,38701,716,0.9993004202842712,True
PUBLISHED_PRECOMPUTED_FEATURE_EVALUATION,FEATURE_SEARCH_ONLY,second_S2D.mat,597,716,6,38705,716,0.9992988109588623,True
PUBLISHED_PRECOMPUTED_FEATURE_EVALUATION,FEATURE_SEARCH_ONLY,second_S2D.mat,597,716,7,38702,716,0.9992888569831848,True
PUBLISHED_PRECOMPUTED_FEATURE_EVALUATION,FEATURE_SEARCH_ONLY,second_S2D.mat,597,716,8,38697,716,0.9992683529853821,True
PUBLISHED_PRECOMPUTED_FEATURE_EVALUATION,FEATURE_SEARCH_ONLY,second_S2D.mat,597,716,9,38694,716,0.9992622137069702,True
PUBLISHED_PRECOMPUTED_FEATURE_EVALUATION,FEATURE_SEARCH_ONLY,second_S2D.mat,597,716,10,38698,716,0.9992468357086182,True
PUBLISHED_PRECOMPUTED_FEATURE_EVALUATION,FEATURE_SEARCH_ONLY,second_S2D.mat,598,717,1,38768,717,0.9995120167732239,True
PUBLISHED_PRECOMPUTED_FEATURE_EVALUATION,FEATURE_SEARCH_ONLY,second_S2D.mat,598,717,2,38750,717,0.9994961023330688,True
PUBLISHED_PRECOMPUTED_FEATURE_EVALUATION,FEATURE_SEARCH_ONLY,second_S2D.mat,598,717,3,38767,717,0.999455451965332,True
PUBLISHED_PRECOMPUTED_FEATURE_EVALUATION,FEATURE_SEARCH_ONLY,second_S2D.mat,598,717,4,38758,717,0.9994394183158875,True
PUBLISHED_PRECOMPUTED_FEATURE_EVALUATION,FEATURE_SEARCH_ONLY,second_S2D.mat,598,717,5,38764,717,0.9994227886199951,True
PUBLISHED_PRECOMPUTED_FEATURE_EVALUATION,FEATURE_SEARCH_ONLY,second_S2D.mat,598,717,6,38757,717,0.9994152188301086,True
PUBLISHED_PRECOMPUTED_FEATURE_EVALUATION,FEATURE_SEARCH_ONLY,second_S2D.mat,598,717,7,38749,717,0.9994135499000549,True
PUBLISHED_PRECOMPUTED_FEATURE_EVALUATION,FEATURE_SEARCH_ONLY,second_S2D.mat,598,717,8,38769,717,0.9994109869003296,True
PUBLISHED_PRECOMPUTED_FEATURE_EVALUATION,FEATURE_SEARCH_ONLY,second_S2D.mat,598,717,9,38752,717,0.9994034171104431,True
PUBLISHED_PRECOMPUTED_FEATURE_EVALUATION,FEATURE_SEARCH_ONLY,second_S2D.mat,598,717,10,38754,717,0.9993917346000671,True
PUBLISHED_PRECOMPUTED_FEATURE_EVALUATION,FEATURE_SEARCH_ONLY,second_S2D.mat,599,718,1,38808,718,0.9997568726539612,True
PUBLISHED_PRECOMPUTED_FEATURE_EVALUATION,FEATURE_SEARCH_ONLY,second_S2D.mat,599,718,2,38807,718,0.9997079968452454,True
PUBLISHED_PRECOMPUTED_FEATURE_EVALUATION,FEATURE_SEARCH_ONLY,second_S2D.mat,599,718,3,38816,718,0.9996969699859619,True
PUBLISHED_PRECOMPUTED_FEATURE_EVALUATION,FEATURE_SEARCH_ONLY,second_S2D.mat,599,718,4,38817,718,0.9996893405914307,True
PUBLISHED_PRECOMPUTED_FEATURE_EVALUATION,FEATURE_SEARCH_ONLY,second_S2D.mat,599,718,5,38790,718,0.999687671661377,True
PUBLISHED_PRECOMPUTED_FEATURE_EVALUATION,FEATURE_SEARCH_ONLY,second_S2D.mat,599,718,6,38789,718,0.9996867179870605,True
PUBLISHED_PRECOMPUTED_FEATURE_EVALUATION,FEATURE_SEARCH_ONLY,second_S2D.mat,599,718,7,38799,718,0.9996768236160278,True
PUBLISHED_PRECOMPUTED_FEATURE_EVALUATION,FEATURE_SEARCH_ONLY,second_S2D.mat,599,718,8,38806,718,0.9996472597122192,True
PUBLISHED_PRECOMPUTED_FEATURE_EVALUATION,FEATURE_SEARCH_ONLY,second_S2D.mat,599,718,9,38798,718,0.9996415376663208,True
PUBLISHED_PRECOMPUTED_FEATURE_EVALUATION,FEATURE_SEARCH_ONLY,second_S2D.mat,599,718,10,38800,718,0.9996341466903687,True
PUBLISHED_PRECOMPUTED_FEATURE_EVALUATION,FEATURE_SEARCH_ONLY,second_S2D.mat,600,719,1,38865,719,0.9996533393859863,True
PUBLISHED_PRECOMPUTED_FEATURE_EVALUATION,FEATURE_SEARCH_ONLY,second_S2D.mat,600,719,2,38858,719,0.9996353387832642,True
PUBLISHED_PRECOMPUTED_FEATURE_EVALUATION,FEATURE_SEARCH_ONLY,second_S2D.mat,600,719,3,38857,719,0.9996302723884583,True
PUBLISHED_PRECOMPUTED_FEATURE_EVALUATION,FEATURE_SEARCH_ONLY,second_S2D.mat,600,719,4,38853,719,0.9996124505996704,True
PUBLISHED_PRECOMPUTED_FEATURE_EVALUATION,FEATURE_SEARCH_ONLY,second_S2D.mat,600,719,5,38856,719,0.9996048808097839,True
PUBLISHED_PRECOMPUTED_FEATURE_EVALUATION,FEATURE_SEARCH_ONLY,second_S2D.mat,600,719,6,38866,719,0.9995993375778198,True
PUBLISHED_PRECOMPUTED_FEATURE_EVALUATION,FEATURE_SEARCH_ONLY,second_S2D.mat,600,719,7,38855,719,0.9995871782302856,True
PUBLISHED_PRECOMPUTED_FEATURE_EVALUATION,FEATURE_SEARCH_ONLY,second_S2D.mat,600,719,8,38854,719,0.9995843768119812,True
PUBLISHED_PRECOMPUTED_FEATURE_EVALUATION,FEATURE_SEARCH_ONLY,second_S2D.mat,600,719,9,38848,719,0.9995838403701782,True
PUBLISHED_PRECOMPUTED_FEATURE_EVALUATION,FEATURE_SEARCH_ONLY,second_S2D.mat,600,719,10,38839,719,0.9995737671852112,True
PUBLISHED_PRECOMPUTED_FEATURE_EVALUATION,FEATURE_SEARCH_ONLY,second_S2D.mat,601,720,1,38918,720,0.9996070265769958,True
PUBLISHED_PRECOMPUTED_FEATURE_EVALUATION,FEATURE_SEARCH_ONLY,second_S2D.mat,601,720,2,38917,720,0.9995707273483276,True
PUBLISHED_PRECOMPUTED_FEATURE_EVALUATION,FEATURE_SEARCH_ONLY,second_S2D.mat,601,720,3,38925,720,0.9995629787445068,True
PUBLISHED_PRECOMPUTED_FEATURE_EVALUATION,FEATURE_SEARCH_ONLY,second_S2D.mat,601,720,4,38919,720,0.9995598793029785,True
PUBLISHED_PRECOMPUTED_FEATURE_EVALUATION,FEATURE_SEARCH_ONLY,second_S2D.mat,601,720,5,38915,720,0.9995553493499756,True
PUBLISHED_PRECOMPUTED_FEATURE_EVALUATION,FEATURE_SEARCH_ONLY,second_S2D.mat,601,720,6,38932,720,0.9995514154434204,True
PUBLISHED_PRECOMPUTED_FEATURE_EVALUATION,FEATURE_SEARCH_ONLY,second_S2D.mat,601,720,7,38926,720,0.9995497465133667,True
PUBLISHED_PRECOMPUTED_FEATURE_EVALUATION,FEATURE_SEARCH_ONLY,second_S2D.mat,601,720,8,38931,720,0.9995471239089966,True
PUBLISHED_PRECOMPUTED_FEATURE_EVALUATION,FEATURE_SEARCH_ONLY,second_S2D.mat,601,720,9,38914,720,0.9995445609092712,True
PUBLISHED_PRECOMPUTED_FEATURE_EVALUATION,FEATURE_SEARCH_ONLY,second_S2D.mat,601,720,10,38933,720,0.999544084072113,True
PUBLISHED_PRECOMPUTED_FEATURE_EVALUATION,FEATURE_SEARCH_ONLY,second_S2D.mat,602,721,1,38965,721,0.9997100830078125,True
PUBLISHED_PRECOMPUTED_FEATURE_EVALUATION,FEATURE_SEARCH_ONLY,second_S2D.mat,602,721,2,38966,721,0.9997066855430603,True
PUBLISHED_PRECOMPUTED_FEATURE_EVALUATION,FEATURE_SEARCH_ONLY,second_S2D.mat,602,721,3,38970,721,0.9997010827064514,True
PUBLISHED_PRECOMPUTED_FEATURE_EVALUATION,FEATURE_SEARCH_ONLY,second_S2D.mat,602,721,4,38967,721,0.9997003078460693,True
PUBLISHED_PRECOMPUTED_FEATURE_EVALUATION,FEATURE_SEARCH_ONLY,second_S2D.mat,602,721,5,38969,721,0.9996939897537231,True
PUBLISHED_PRECOMPUTED_FEATURE_EVALUATION,FEATURE_SEARCH_ONLY,second_S2D.mat,602,721,6,38968,721,0.9996849298477173,True
PUBLISHED_PRECOMPUTED_FEATURE_EVALUATION,FEATURE_SEARCH_ONLY,second_S2D.mat,602,721,7,38971,721,0.9996726512908936,True
PUBLISHED_PRECOMPUTED_FEATURE_EVALUATION,FEATURE_SEARCH_ONLY,second_S2D.mat,602,721,8,38974,721,0.999664306640625,True
PUBLISHED_PRECOMPUTED_FEATURE_EVALUATION,FEATURE_SEARCH_ONLY,second_S2D.mat,602,721,9,38964,721,0.999660313129425,True
PUBLISHED_PRECOMPUTED_FEATURE_EVALUATION,FEATURE_SEARCH_ONLY,second_S2D.mat,602,721,10,38978,721,0.999660313129425,True
PUBLISHED_PRECOMPUTED_FEATURE_EVALUATION,FEATURE_SEARCH_ONLY,second_S2D.mat,603,722,1,39023,722,0.9996504783630371,True
PUBLISHED_PRECOMPUTED_FEATURE_EVALUATION,FEATURE_SEARCH_ONLY,second_S2D.mat,603,722,2,39020,722,0.9996492862701416,True
PUBLISHED_PRECOMPUTED_FEATURE_EVALUATION,FEATURE_SEARCH_ONLY,second_S2D.mat,603,722,3,39026,722,0.999640166759491,True
PUBLISHED_PRECOMPUTED_FEATURE_EVALUATION,FEATURE_SEARCH_ONLY,second_S2D.mat,603,722,4,39027,722,0.9996124505996704,True
PUBLISHED_PRECOMPUTED_FEATURE_EVALUATION,FEATURE_SEARCH_ONLY,second_S2D.mat,603,722,5,39021,722,0.9995989799499512,True
PUBLISHED_PRECOMPUTED_FEATURE_EVALUATION,FEATURE_SEARCH_ONLY,second_S2D.mat,603,722,6,39024,722,0.9995958805084229,True
PUBLISHED_PRECOMPUTED_FEATURE_EVALUATION,FEATURE_SEARCH_ONLY,second_S2D.mat,603,722,7,39022,722,0.999582827091217,True
PUBLISHED_PRECOMPUTED_FEATURE_EVALUATION,FEATURE_SEARCH_ONLY,second_S2D.mat,603,722,8,39019,722,0.9995684623718262,True
PUBLISHED_PRECOMPUTED_FEATURE_EVALUATION,FEATURE_SEARCH_ONLY,second_S2D.mat,603,722,9,39009,722,0.999556839466095,True
PUBLISHED_PRECOMPUTED_FEATURE_EVALUATION,FEATURE_SEARCH_ONLY,second_S2D.mat,603,722,10,39018,722,0.9995293617248535,True
PUBLISHED_PRECOMPUTED_FEATURE_EVALUATION,FEATURE_SEARCH_ONLY,second_S2D.mat,604,723,1,39082,723,0.9995721578598022,True
PUBLISHED_PRECOMPUTED_FEATURE_EVALUATION,FEATURE_SEARCH_ONLY,second_S2D.mat,604,723,2,39073,723,0.9995439052581787,True
PUBLISHED_PRECOMPUTED_FEATURE_EVALUATION,FEATURE_SEARCH_ONLY,second_S2D.mat,604,723,3,39064,723,0.9995190501213074,True
PUBLISHED_PRECOMPUTED_FEATURE_EVALUATION,FEATURE_SEARCH_ONLY,second_S2D.mat,604,723,4,39083,723,0.9994896054267883,True
PUBLISHED_PRECOMPUTED_FEATURE_EVALUATION,FEATURE_SEARCH_ONLY,second_S2D.mat,604,723,5,39091,723,0.9994659423828125,True
PUBLISHED_PRECOMPUTED_FEATURE_EVALUATION,FEATURE_SEARCH_ONLY,second_S2D.mat,604,723,6,39056,723,0.9994651675224304,True
PUBLISHED_PRECOMPUTED_FEATURE_EVALUATION,FEATURE_SEARCH_ONLY,second_S2D.mat,604,723,7,39074,723,0.999458372592926,True
PUBLISHED_PRECOMPUTED_FEATURE_EVALUATION,FEATURE_SEARCH_ONLY,second_S2D.mat,604,723,8,39090,723,0.9994466304779053,True
PUBLISHED_PRECOMPUTED_FEATURE_EVALUATION,FEATURE_SEARCH_ONLY,second_S2D.mat,604,723,9,39063,723,0.999441385269165,True
PUBLISHED_PRECOMPUTED_FEATURE_EVALUATION,FEATURE_SEARCH_ONLY,second_S2D.mat,604,723,10,39072,723,0.9994305372238159,True
PUBLISHED_PRECOMPUTED_FEATURE_EVALUATION,FEATURE_SEARCH_ONLY,second_S2D.mat,605,724,1,39135,724,0.9994810223579407,True
PUBLISHED_PRECOMPUTED_FEATURE_EVALUATION,FEATURE_SEARCH_ONLY,second_S2D.mat,605,724,2,39136,724,0.9994764924049377,True
PUBLISHED_PRECOMPUTED_FEATURE_EVALUATION,FEATURE_SEARCH_ONLY,second_S2D.mat,605,724,3,39140,724,0.9994252324104309,True
PUBLISHED_PRECOMPUTED_FEATURE_EVALUATION,FEATURE_SEARCH_ONLY,second_S2D.mat,605,724,4,39134,724,0.9994174242019653,True
PUBLISHED_PRECOMPUTED_FEATURE_EVALUATION,FEATURE_SEARCH_ONLY,second_S2D.mat,605,724,5,39122,724,0.9994096755981445,True
PUBLISHED_PRECOMPUTED_FEATURE_EVALUATION,FEATURE_SEARCH_ONLY,second_S2D.mat,605,724,6,39133,724,0.9994056820869446,True
PUBLISHED_PRECOMPUTED_FEATURE_EVALUATION,FEATURE_SEARCH_ONLY,second_S2D.mat,605,724,7,39141,724,0.9994038343429565,True
PUBLISHED_PRECOMPUTED_FEATURE_EVALUATION,FEATURE_SEARCH_ONLY,second_S2D.mat,605,724,8,39119,724,0.9993826746940613,True
PUBLISHED_PRECOMPUTED_FEATURE_EVALUATION,FEATURE_SEARCH_ONLY,second_S2D.mat,605,724,9,39137,724,0.9993686676025391,True
PUBLISHED_PRECOMPUTED_FEATURE_EVALUATION,FEATURE_SEARCH_ONLY,second_S2D.mat,605,724,10,39118,724,0.9993513822555542,True
PUBLISHED_PRECOMPUTED_FEATURE_EVALUATION,FEATURE_SEARCH_ONLY,second_S2D.mat,606,725,1,39186,725,0.9997189044952393,True
PUBLISHED_PRECOMPUTED_FEATURE_EVALUATION,FEATURE_SEARCH_ONLY,second_S2D.mat,606,725,2,39185,725,0.999695897102356,True
PUBLISHED_PRECOMPUTED_FEATURE_EVALUATION,FEATURE_SEARCH_ONLY,second_S2D.mat,606,725,3,39179,725,0.9996402859687805,True
PUBLISHED_PRECOMPUTED_FEATURE_EVALUATION,FEATURE_SEARCH_ONLY,second_S2D.mat,606,725,4,39194,725,0.9996359348297119,True
PUBLISHED_PRECOMPUTED_FEATURE_EVALUATION,FEATURE_SEARCH_ONLY,second_S2D.mat,606,725,5,39182,725,0.9996324777603149,True
PUBLISHED_PRECOMPUTED_FEATURE_EVALUATION,FEATURE_SEARCH_ONLY,second_S2D.mat,606,725,6,39180,725,0.9996261596679688,True
PUBLISHED_PRECOMPUTED_FEATURE_EVALUATION,FEATURE_SEARCH_ONLY,second_S2D.mat,606,725,7,39181,725,0.999617338180542,True
PUBLISHED_PRECOMPUTED_FEATURE_EVALUATION,FEATURE_SEARCH_ONLY,second_S2D.mat,606,725,8,39177,725,0.9996160268783569,True
PUBLISHED_PRECOMPUTED_FEATURE_EVALUATION,FEATURE_SEARCH_ONLY,second_S2D.mat,606,725,9,39183,725,0.9996119141578674,True
PUBLISHED_PRECOMPUTED_FEATURE_EVALUATION,FEATURE_SEARCH_ONLY,second_S2D.mat,606,725,10,39168,725,0.9996054172515869,True
PUBLISHED_PRECOMPUTED_FEATURE_EVALUATION,FEATURE_SEARCH_ONLY,second_S2D.mat,607,726,1,39240,726,0.9997341632843018,True
PUBLISHED_PRECOMPUTED_FEATURE_EVALUATION,FEATURE_SEARCH_ONLY,second_S2D.mat,607,726,2,39239,726,0.9997085332870483,True
PUBLISHED_PRECOMPUTED_FEATURE_EVALUATION,FEATURE_SEARCH_ONLY,second_S2D.mat,607,726,3,39238,726,0.9996875524520874,True
PUBLISHED_PRECOMPUTED_FEATURE_EVALUATION,FEATURE_SEARCH_ONLY,second_S2D.mat,607,726,4,39241,726,0.9996598958969116,True
PUBLISHED_PRECOMPUTED_FEATURE_EVALUATION,FEATURE_SEARCH_ONLY,second_S2D.mat,607,726,5,39220,726,0.9996516108512878,True
PUBLISHED_PRECOMPUTED_FEATURE_EVALUATION,FEATURE_SEARCH_ONLY,second_S2D.mat,607,726,6,39223,726,0.9996318221092224,True
PUBLISHED_PRECOMPUTED_FEATURE_EVALUATION,FEATURE_SEARCH_ONLY,second_S2D.mat,607,726,7,39222,726,0.9996317028999329,True
PUBLISHED_PRECOMPUTED_FEATURE_EVALUATION,FEATURE_SEARCH_ONLY,second_S2D.mat,607,726,8,39237,726,0.9996223449707031,True
PUBLISHED_PRECOMPUTED_FEATURE_EVALUATION,FEATURE_SEARCH_ONLY,second_S2D.mat,607,726,9,39236,726,0.999617338180542,True
PUBLISHED_PRECOMPUTED_FEATURE_EVALUATION,FEATURE_SEARCH_ONLY,second_S2D.mat,607,726,10,39221,726,0.9996054172515869,True
PUBLISHED_PRECOMPUTED_FEATURE_EVALUATION,FEATURE_SEARCH_ONLY,second_S2D.mat,608,727,1,39289,727,0.9994832277297974,True
PUBLISHED_PRECOMPUTED_FEATURE_EVALUATION,FEATURE_SEARCH_ONLY,second_S2D.mat,608,727,2,39290,727,0.9994454383850098,True
PUBLISHED_PRECOMPUTED_FEATURE_EVALUATION,FEATURE_SEARCH_ONLY,second_S2D.mat,608,727,3,39307,727,0.9994301795959473,True
PUBLISHED_PRECOMPUTED_FEATURE_EVALUATION,FEATURE_SEARCH_ONLY,second_S2D.mat,608,727,4,39291,727,0.9994122982025146,True
PUBLISHED_PRECOMPUTED_FEATURE_EVALUATION,FEATURE_SEARCH_ONLY,second_S2D.mat,608,727,5,39308,727,0.9993826150894165,True
PUBLISHED_PRECOMPUTED_FEATURE_EVALUATION,FEATURE_SEARCH_ONLY,second_S2D.mat,608,727,6,39298,727,0.999356210231781,True
PUBLISHED_PRECOMPUTED_FEATURE_EVALUATION,FEATURE_SEARCH_ONLY,second_S2D.mat,608,727,7,39288,727,0.9993540048599243,True
PUBLISHED_PRECOMPUTED_FEATURE_EVALUATION,FEATURE_SEARCH_ONLY,second_S2D.mat,608,727,8,39272,727,0.999336838722229,True
PUBLISHED_PRECOMPUTED_FEATURE_EVALUATION,FEATURE_SEARCH_ONLY,second_S2D.mat,608,727,9,39271,727,0.9993277788162231,True
PUBLISHED_PRECOMPUTED_FEATURE_EVALUATION,FEATURE_SEARCH_ONLY,second_S2D.mat,608,727,10,39309,727,0.9993017911911011,True
PUBLISHED_PRECOMPUTED_FEATURE_EVALUATION,FEATURE_SEARCH_ONLY,second_S2D.mat,609,729,1,39401,729,0.9997249245643616,True
PUBLISHED_PRECOMPUTED_FEATURE_EVALUATION,FEATURE_SEARCH_ONLY,second_S2D.mat,609,729,2,39402,729,0.9997037649154663,True
PUBLISHED_PRECOMPUTED_FEATURE_EVALUATION,FEATURE_SEARCH_ONLY,second_S2D.mat,609,729,3,39411,729,0.9997029900550842,True
PUBLISHED_PRECOMPUTED_FEATURE_EVALUATION,FEATURE_SEARCH_ONLY,second_S2D.mat,609,729,4,39398,729,0.9996984004974365,True
PUBLISHED_PRECOMPUTED_FEATURE_EVALUATION,FEATURE_SEARCH_ONLY,second_S2D.mat,609,729,5,39400,729,0.999679446220398,True
PUBLISHED_PRECOMPUTED_FEATURE_EVALUATION,FEATURE_SEARCH_ONLY,second_S2D.mat,609,729,6,39394,729,0.9996642470359802,True
PUBLISHED_PRECOMPUTED_FEATURE_EVALUATION,FEATURE_SEARCH_ONLY,second_S2D.mat,609,729,7,39403,729,0.999657392501831,True
PUBLISHED_PRECOMPUTED_FEATURE_EVALUATION,FEATURE_SEARCH_ONLY,second_S2D.mat,609,729,8,39412,729,0.9996563196182251,True
PUBLISHED_PRECOMPUTED_FEATURE_EVALUATION,FEATURE_SEARCH_ONLY,second_S2D.mat,609,729,9,39395,729,0.999634325504303,True
PUBLISHED_PRECOMPUTED_FEATURE_EVALUATION,FEATURE_SEARCH_ONLY,second_S2D.mat,609,729,10,39419,729,0.9996341466903687,True
PUBLISHED_PRECOMPUTED_FEATURE_EVALUATION,FEATURE_SEARCH_ONLY,second_S2D.mat,610,730,1,39465,730,0.9994028806686401,True
PUBLISHED_PRECOMPUTED_FEATURE_EVALUATION,FEATURE_SEARCH_ONLY,second_S2D.mat,610,730,2,39447,730,0.999396026134491,True
PUBLISHED_PRECOMPUTED_FEATURE_EVALUATION,FEATURE_SEARCH_ONLY,second_S2D.mat,610,730,3,39448,730,0.9993804693222046,True
PUBLISHED_PRECOMPUTED_FEATURE_EVALUATION,FEATURE_SEARCH_ONLY,second_S2D.mat,610,730,4,39460,730,0.9993729591369629,True
PUBLISHED_PRECOMPUTED_FEATURE_EVALUATION,FEATURE_SEARCH_ONLY,second_S2D.mat,610,730,5,39429,730,0.9993118047714233,True
PUBLISHED_PRECOMPUTED_FEATURE_EVALUATION,FEATURE_SEARCH_ONLY,second_S2D.mat,610,730,6,39462,730,0.9993060827255249,True
PUBLISHED_PRECOMPUTED_FEATURE_EVALUATION,FEATURE_SEARCH_ONLY,second_S2D.mat,610,730,7,39456,730,0.9992928504943848,True
PUBLISHED_PRECOMPUTED_FEATURE_EVALUATION,FEATURE_SEARCH_ONLY,second_S2D.mat,610,730,8,39461,730,0.9992902874946594,True
PUBLISHED_PRECOMPUTED_FEATURE_EVALUATION,FEATURE_SEARCH_ONLY,second_S2D.mat,610,730,9,39464,730,0.9992855787277222,True
PUBLISHED_PRECOMPUTED_FEATURE_EVALUATION,FEATURE_SEARCH_ONLY,second_S2D.mat,610,730,10,39467,730,0.9992799758911133,True
PUBLISHED_PRECOMPUTED_FEATURE_EVALUATION,FEATURE_SEARCH_ONLY,second_S2D.mat,611,731,1,39515,731,0.999545156955719,True
PUBLISHED_PRECOMPUTED_FEATURE_EVALUATION,FEATURE_SEARCH_ONLY,second_S2D.mat,611,731,2,39524,731,0.9995055198669434,True
PUBLISHED_PRECOMPUTED_FEATURE_EVALUATION,FEATURE_SEARCH_ONLY,second_S2D.mat,611,731,3,39506,731,0.9994972944259644,True
PUBLISHED_PRECOMPUTED_FEATURE_EVALUATION,FEATURE_SEARCH_ONLY,second_S2D.mat,611,731,4,39508,731,0.9994776248931885,True
PUBLISHED_PRECOMPUTED_FEATURE_EVALUATION,FEATURE_SEARCH_ONLY,second_S2D.mat,611,731,5,39504,731,0.9994653463363647,True
PUBLISHED_PRECOMPUTED_FEATURE_EVALUATION,FEATURE_SEARCH_ONLY,second_S2D.mat,611,731,6,39507,731,0.9994619488716125,True
PUBLISHED_PRECOMPUTED_FEATURE_EVALUATION,FEATURE_SEARCH_ONLY,second_S2D.mat,611,731,7,39505,731,0.9994449615478516,True
PUBLISHED_PRECOMPUTED_FEATURE_EVALUATION,FEATURE_SEARCH_ONLY,second_S2D.mat,611,731,8,39525,731,0.999441921710968,True
PUBLISHED_PRECOMPUTED_FEATURE_EVALUATION,FEATURE_SEARCH_ONLY,second_S2D.mat,611,731,9,39514,731,0.9994340538978577,True
PUBLISHED_PRECOMPUTED_FEATURE_EVALUATION,FEATURE_SEARCH_ONLY,second_S2D.mat,611,731,10,39513,731,0.9994059801101685,True
PUBLISHED_PRECOMPUTED_FEATURE_EVALUATION,FEATURE_SEARCH_ONLY,second_S2D.mat,612,732,1,39555,732,0.9995784163475037,True
PUBLISHED_PRECOMPUTED_FEATURE_EVALUATION,FEATURE_SEARCH_ONLY,second_S2D.mat,612,732,2,39573,732,0.9995531439781189,True
PUBLISHED_PRECOMPUTED_FEATURE_EVALUATION,FEATURE_SEARCH_ONLY,second_S2D.mat,612,732,3,39571,732,0.9995379447937012,True
PUBLISHED_PRECOMPUTED_FEATURE_EVALUATION,FEATURE_SEARCH_ONLY,second_S2D.mat,612,732,4,39572,732,0.9995236396789551,True
PUBLISHED_PRECOMPUTED_FEATURE_EVALUATION,FEATURE_SEARCH_ONLY,second_S2D.mat,612,732,5,39556,732,0.999521017074585,True
PUBLISHED_PRECOMPUTED_FEATURE_EVALUATION,FEATURE_SEARCH_ONLY,second_S2D.mat,612,732,6,39568,732,0.999518632888794,True
PUBLISHED_PRECOMPUTED_FEATURE_EVALUATION,FEATURE_SEARCH_ONLY,second_S2D.mat,612,732,7,39574,732,0.9995176792144775,True
PUBLISHED_PRECOMPUTED_FEATURE_EVALUATION,FEATURE_SEARCH_ONLY,second_S2D.mat,612,732,8,39557,732,0.9995025992393494,True
PUBLISHED_PRECOMPUTED_FEATURE_EVALUATION,FEATURE_SEARCH_ONLY,second_S2D.mat,612,732,9,39559,732,0.9995024800300598,True
PUBLISHED_PRECOMPUTED_FEATURE_EVALUATION,FEATURE_SEARCH_ONLY,second_S2D.mat,612,732,10,39569,732,0.9994913339614868,True
PUBLISHED_PRECOMPUTED_FEATURE_EVALUATION,FEATURE_SEARCH_ONLY,second_S2D.mat,613,733,1,39617,733,0.9996822476387024,True
PUBLISHED_PRECOMPUTED_FEATURE_EVALUATION,FEATURE_SEARCH_ONLY,second_S2D.mat,613,733,2,39618,733,0.9996482133865356,True
PUBLISHED_PRECOMPUTED_FEATURE_EVALUATION,FEATURE_SEARCH_ONLY,second_S2D.mat,613,733,3,39620,733,0.9996437430381775,True
PUBLISHED_PRECOMPUTED_FEATURE_EVALUATION,FEATURE_SEARCH_ONLY,second_S2D.mat,613,733,4,39613,733,0.999640166759491,True
PUBLISHED_PRECOMPUTED_FEATURE_EVALUATION,FEATURE_SEARCH_ONLY,second_S2D.mat,613,733,5,39619,733,0.9996398687362671,True
PUBLISHED_PRECOMPUTED_FEATURE_EVALUATION,FEATURE_SEARCH_ONLY,second_S2D.mat,613,733,6,39614,733,0.9996315240859985,True
PUBLISHED_PRECOMPUTED_FEATURE_EVALUATION,FEATURE_SEARCH_ONLY,second_S2D.mat,613,733,7,39602,733,0.99962317943573,True
PUBLISHED_PRECOMPUTED_FEATURE_EVALUATION,FEATURE_SEARCH_ONLY,second_S2D.mat,613,733,8,39615,733,0.9996198415756226,True
PUBLISHED_PRECOMPUTED_FEATURE_EVALUATION,FEATURE_SEARCH_ONLY,second_S2D.mat,613,733,9,39621,733,0.9996179342269897,True
PUBLISHED_PRECOMPUTED_FEATURE_EVALUATION,FEATURE_SEARCH_ONLY,second_S2D.mat,613,733,10,39603,733,0.9996178150177002,True
PUBLISHED_PRECOMPUTED_FEATURE_EVALUATION,FEATURE_SEARCH_ONLY,second_S2D.mat,614,734,1,39672,734,0.9996734261512756,True
PUBLISHED_PRECOMPUTED_FEATURE_EVALUATION,FEATURE_SEARCH_ONLY,second_S2D.mat,614,734,2,39673,734,0.9996660351753235,True
PUBLISHED_PRECOMPUTED_FEATURE_EVALUATION,FEATURE_SEARCH_ONLY,second_S2D.mat,614,734,3,39674,734,0.9996557235717773,True
PUBLISHED_PRECOMPUTED_FEATURE_EVALUATION,FEATURE_SEARCH_ONLY,second_S2D.mat,614,734,4,39671,734,0.9996215105056763,True
PUBLISHED_PRECOMPUTED_FEATURE_EVALUATION,FEATURE_SEARCH_ONLY,second_S2D.mat,614,734,5,39675,734,0.9996106624603271,True
PUBLISHED_PRECOMPUTED_FEATURE_EVALUATION,FEATURE_SEARCH_ONLY,second_S2D.mat,614,734,6,39668,734,0.9995932579040527,True
PUBLISHED_PRECOMPUTED_FEATURE_EVALUATION,FEATURE_SEARCH_ONLY,second_S2D.mat,614,734,7,39688,734,0.9995880126953125,True
PUBLISHED_PRECOMPUTED_FEATURE_EVALUATION,FEATURE_SEARCH_ONLY,second_S2D.mat,614,734,8,39686,734,0.9995775818824768,True
PUBLISHED_PRECOMPUTED_FEATURE_EVALUATION,FEATURE_SEARCH_ONLY,second_S2D.mat,614,734,9,39681,734,0.9995708465576172,True
PUBLISHED_PRECOMPUTED_FEATURE_EVALUATION,FEATURE_SEARCH_ONLY,second_S2D.mat,614,734,10,39689,734,0.999569296836853,True
PUBLISHED_PRECOMPUTED_FEATURE_EVALUATION,FEATURE_SEARCH_ONLY,second_S2D.mat,615,735,1,39729,735,0.9994674921035767,True
PUBLISHED_PRECOMPUTED_FEATURE_EVALUATION,FEATURE_SEARCH_ONLY,second_S2D.mat,615,735,2,39725,735,0.9994568228721619,True
PUBLISHED_PRECOMPUTED_FEATURE_EVALUATION,FEATURE_SEARCH_ONLY,second_S2D.mat,615,735,3,39730,735,0.9994248151779175,True
PUBLISHED_PRECOMPUTED_FEATURE_EVALUATION,FEATURE_SEARCH_ONLY,second_S2D.mat,615,735,4,39727,735,0.9994170665740967,True
PUBLISHED_PRECOMPUTED_FEATURE_EVALUATION,FEATURE_SEARCH_ONLY,second_S2D.mat,615,735,5,39726,735,0.999405562877655,True
PUBLISHED_PRECOMPUTED_FEATURE_EVALUATION,FEATURE_SEARCH_ONLY,second_S2D.mat,615,735,6,39728,735,0.9993934035301208,True
PUBLISHED_PRECOMPUTED_FEATURE_EVALUATION,FEATURE_SEARCH_ONLY,second_S2D.mat,615,735,7,39721,735,0.9993926286697388,True
PUBLISHED_PRECOMPUTED_FEATURE_EVALUATION,FEATURE_SEARCH_ONLY,second_S2D.mat,615,735,8,39731,735,0.9993797540664673,True
PUBLISHED_PRECOMPUTED_FEATURE_EVALUATION,FEATURE_SEARCH_ONLY,second_S2D.mat,615,735,9,39711,735,0.9993646144866943,True
PUBLISHED_PRECOMPUTED_FEATURE_EVALUATION,FEATURE_SEARCH_ONLY,second_S2D.mat,615,735,10,39712,735,0.9993646144866943,True
PUBLISHED_PRECOMPUTED_FEATURE_EVALUATION,FEATURE_SEARCH_ONLY,second_S2D.mat,616,736,1,39783,736,0.999717116355896,True
PUBLISHED_PRECOMPUTED_FEATURE_EVALUATION,FEATURE_SEARCH_ONLY,second_S2D.mat,616,736,2,39781,736,0.9996619820594788,True
PUBLISHED_PRECOMPUTED_FEATURE_EVALUATION,FEATURE_SEARCH_ONLY,second_S2D.mat,616,736,3,39784,736,0.9996580481529236,True
PUBLISHED_PRECOMPUTED_FEATURE_EVALUATION,FEATURE_SEARCH_ONLY,second_S2D.mat,616,736,4,39780,736,0.9996471405029297,True
PUBLISHED_PRECOMPUTED_FEATURE_EVALUATION,FEATURE_SEARCH_ONLY,second_S2D.mat,616,736,5,39779,736,0.9996463060379028,True
PUBLISHED_PRECOMPUTED_FEATURE_EVALUATION,FEATURE_SEARCH_ONLY,second_S2D.mat,616,736,6,39765,736,0.9996373653411865,True
PUBLISHED_PRECOMPUTED_FEATURE_EVALUATION,FEATURE_SEARCH_ONLY,second_S2D.mat,616,736,7,39785,736,0.9996339082717896,True
PUBLISHED_PRECOMPUTED_FEATURE_EVALUATION,FEATURE_SEARCH_ONLY,second_S2D.mat,616,736,8,39776,736,0.9996301531791687,True
PUBLISHED_PRECOMPUTED_FEATURE_EVALUATION,FEATURE_SEARCH_ONLY,second_S2D.mat,616,736,9,39782,736,0.9996300935745239,True
PUBLISHED_PRECOMPUTED_FEATURE_EVALUATION,FEATURE_SEARCH_ONLY,second_S2D.mat,616,736,10,39770,736,0.9996066689491272,True
PUBLISHED_PRECOMPUTED_FEATURE_EVALUATION,FEATURE_SEARCH_ONLY,second_S2D.mat,617,737,1,39834,737,0.9995838403701782,True
PUBLISHED_PRECOMPUTED_FEATURE_EVALUATION,FEATURE_SEARCH_ONLY,second_S2D.mat,617,737,2,39817,737,0.9995301961898804,True
PUBLISHED_PRECOMPUTED_FEATURE_EVALUATION,FEATURE_SEARCH_ONLY,second_S2D.mat,617,737,3,39835,737,0.9995295405387878,True
PUBLISHED_PRECOMPUTED_FEATURE_EVALUATION,FEATURE_SEARCH_ONLY,second_S2D.mat,617,737,4,39824,737,0.9994882941246033,True
PUBLISHED_PRECOMPUTED_FEATURE_EVALUATION,FEATURE_SEARCH_ONLY,second_S2D.mat,617,737,5,39816,737,0.9994800686836243,True
PUBLISHED_PRECOMPUTED_FEATURE_EVALUATION,FEATURE_SEARCH_ONLY,second_S2D.mat,617,737,6,39833,737,0.9994693398475647,True
PUBLISHED_PRECOMPUTED_FEATURE_EVALUATION,FEATURE_SEARCH_ONLY,second_S2D.mat,617,737,7,39825,737,0.9994598627090454,True
PUBLISHED_PRECOMPUTED_FEATURE_EVALUATION,FEATURE_SEARCH_ONLY,second_S2D.mat,617,737,8,39842,737,0.9994558095932007,True
PUBLISHED_PRECOMPUTED_FEATURE_EVALUATION,FEATURE_SEARCH_ONLY,second_S2D.mat,617,737,9,39836,737,0.999433696269989,True
PUBLISHED_PRECOMPUTED_FEATURE_EVALUATION,FEATURE_SEARCH_ONLY,second_S2D.mat,617,737,10,39823,737,0.9994279742240906,True
PUBLISHED_PRECOMPUTED_FEATURE_EVALUATION,FEATURE_SEARCH_ONLY,second_S2D.mat,618,738,1,39887,738,0.9993041753768921,True
PUBLISHED_PRECOMPUTED_FEATURE_EVALUATION,FEATURE_SEARCH_ONLY,second_S2D.mat,618,738,2,39886,738,0.999241292476654,True
PUBLISHED_PRECOMPUTED_FEATURE_EVALUATION,FEATURE_SEARCH_ONLY,second_S2D.mat,618,738,3,39882,738,0.9992204308509827,True
PUBLISHED_PRECOMPUTED_FEATURE_EVALUATION,FEATURE_SEARCH_ONLY,second_S2D.mat,618,738,4,39868,738,0.9992163777351379,True
PUBLISHED_PRECOMPUTED_FEATURE_EVALUATION,FEATURE_SEARCH_ONLY,second_S2D.mat,618,738,5,39900,738,0.9991964101791382,True
PUBLISHED_PRECOMPUTED_FEATURE_EVALUATION,FEATURE_SEARCH_ONLY,second_S2D.mat,618,738,6,39888,738,0.9991905689239502,True
PUBLISHED_PRECOMPUTED_FEATURE_EVALUATION,FEATURE_SEARCH_ONLY,second_S2D.mat,618,738,7,39881,738,0.9991297721862793,True
PUBLISHED_PRECOMPUTED_FEATURE_EVALUATION,FEATURE_SEARCH_ONLY,second_S2D.mat,618,738,8,39883,738,0.999128520488739,True
PUBLISHED_PRECOMPUTED_FEATURE_EVALUATION,FEATURE_SEARCH_ONLY,second_S2D.mat,618,738,9,39884,738,0.999093770980835,True
PUBLISHED_PRECOMPUTED_FEATURE_EVALUATION,FEATURE_SEARCH_ONLY,second_S2D.mat,618,738,10,39885,738,0.9990897178649902,True
PUBLISHED_PRECOMPUTED_FEATURE_EVALUATION,FEATURE_SEARCH_ONLY,second_S2D.mat,619,739,1,39922,739,0.9990313053131104,True
PUBLISHED_PRECOMPUTED_FEATURE_EVALUATION,FEATURE_SEARCH_ONLY,second_S2D.mat,619,739,2,39924,739,0.999001681804657,True
PUBLISHED_PRECOMPUTED_FEATURE_EVALUATION,FEATURE_SEARCH_ONLY,second_S2D.mat,619,739,3,39923,739,0.9989906549453735,True
PUBLISHED_PRECOMPUTED_FEATURE_EVALUATION,FEATURE_SEARCH_ONLY,second_S2D.mat,619,739,4,39920,739,0.998982310295105,True
PUBLISHED_PRECOMPUTED_FEATURE_EVALUATION,FEATURE_SEARCH_ONLY,second_S2D.mat,619,739,5,39940,739,0.9989730715751648,True
PUBLISHED_PRECOMPUTED_FEATURE_EVALUATION,FEATURE_SEARCH_ONLY,second_S2D.mat,619,739,6,39941,739,0.9989705085754395,True
PUBLISHED_PRECOMPUTED_FEATURE_EVALUATION,FEATURE_SEARCH_ONLY,second_S2D.mat,619,739,7,39921,739,0.9989311099052429,True
PUBLISHED_PRECOMPUTED_FEATURE_EVALUATION,FEATURE_SEARCH_ONLY,second_S2D.mat,619,739,8,39906,739,0.9989174008369446,True
PUBLISHED_PRECOMPUTED_FEATURE_EVALUATION,FEATURE_SEARCH_ONLY,second_S2D.mat,619,739,9,39942,739,0.9988999366760254,True
PUBLISHED_PRECOMPUTED_FEATURE_EVALUATION,FEATURE_SEARCH_ONLY,second_S2D.mat,619,739,10,39938,739,0.9988706111907959,True
PUBLISHED_PRECOMPUTED_FEATURE_EVALUATION,FEATURE_SEARCH_ONLY,second_S2D.mat,620,741,1,40048,741,0.9996345043182373,True
PUBLISHED_PRECOMPUTED_FEATURE_EVALUATION,FEATURE_SEARCH_ONLY,second_S2D.mat,620,741,2,40049,741,0.9996300935745239,True
PUBLISHED_PRECOMPUTED_FEATURE_EVALUATION,FEATURE_SEARCH_ONLY,second_S2D.mat,620,741,3,40047,741,0.9995561242103577,True
PUBLISHED_PRECOMPUTED_FEATURE_EVALUATION,FEATURE_SEARCH_ONLY,second_S2D.mat,620,741,4,40050,741,0.9995400905609131,True
PUBLISHED_PRECOMPUTED_FEATURE_EVALUATION,FEATURE_SEARCH_ONLY,second_S2D.mat,620,741,5,40031,741,0.9995272159576416,True
PUBLISHED_PRECOMPUTED_FEATURE_EVALUATION,FEATURE_SEARCH_ONLY,second_S2D.mat,620,741,6,40046,741,0.9995237588882446,True
PUBLISHED_PRECOMPUTED_FEATURE_EVALUATION,FEATURE_SEARCH_ONLY,second_S2D.mat,620,741,7,40045,741,0.9995213747024536,True
PUBLISHED_PRECOMPUTED_FEATURE_EVALUATION,FEATURE_SEARCH_ONLY,second_S2D.mat,620,741,8,40063,741,0.9994975328445435,True
PUBLISHED_PRECOMPUTED_FEATURE_EVALUATION,FEATURE_SEARCH_ONLY,second_S2D.mat,620,741,9,40030,741,0.999495267868042,True
PUBLISHED_PRECOMPUTED_FEATURE_EVALUATION,FEATURE_SEARCH_ONLY,second_S2D.mat,620,741,10,40032,741,0.9994903802871704,True
PUBLISHED_PRECOMPUTED_FEATURE_EVALUATION,FEATURE_SEARCH_ONLY,second_S2D.mat,621,742,1,40113,742,0.9996518492698669,True
PUBLISHED_PRECOMPUTED_FEATURE_EVALUATION,FEATURE_SEARCH_ONLY,second_S2D.mat,621,742,2,40114,742,0.9996296763420105,True
PUBLISHED_PRECOMPUTED_FEATURE_EVALUATION,FEATURE_SEARCH_ONLY,second_S2D.mat,621,742,3,40095,742,0.9995600581169128,True
PUBLISHED_PRECOMPUTED_FEATURE_EVALUATION,FEATURE_SEARCH_ONLY,second_S2D.mat,621,742,4,40094,742,0.9995185732841492,True
PUBLISHED_PRECOMPUTED_FEATURE_EVALUATION,FEATURE_SEARCH_ONLY,second_S2D.mat,621,742,5,40112,742,0.9995181560516357,True
PUBLISHED_PRECOMPUTED_FEATURE_EVALUATION,FEATURE_SEARCH_ONLY,second_S2D.mat,621,742,6,40115,742,0.9994964003562927,True
PUBLISHED_PRECOMPUTED_FEATURE_EVALUATION,FEATURE_SEARCH_ONLY,second_S2D.mat,621,742,7,40096,742,0.999484658241272,True
PUBLISHED_PRECOMPUTED_FEATURE_EVALUATION,FEATURE_SEARCH_ONLY,second_S2D.mat,621,742,8,40116,742,0.9994603395462036,True
PUBLISHED_PRECOMPUTED_FEATURE_EVALUATION,FEATURE_SEARCH_ONLY,second_S2D.mat,621,742,9,40105,742,0.9994184970855713,True
PUBLISHED_PRECOMPUTED_FEATURE_EVALUATION,FEATURE_SEARCH_ONLY,second_S2D.mat,621,742,10,40093,742,0.9994024634361267,True
PUBLISHED_PRECOMPUTED_FEATURE_EVALUATION,FEATURE_SEARCH_ONLY,second_S2D.mat,622,743,1,40154,743,0.9995832443237305,True
PUBLISHED_PRECOMPUTED_FEATURE_EVALUATION,FEATURE_SEARCH_ONLY,second_S2D.mat,622,743,2,40153,743,0.9995546340942383,True
PUBLISHED_PRECOMPUTED_FEATURE_EVALUATION,FEATURE_SEARCH_ONLY,second_S2D.mat,622,743,3,40160,743,0.9995523691177368,True
PUBLISHED_PRECOMPUTED_FEATURE_EVALUATION,FEATURE_SEARCH_ONLY,second_S2D.mat,622,743,4,40172,743,0.9995465278625488,True
PUBLISHED_PRECOMPUTED_FEATURE_EVALUATION,FEATURE_SEARCH_ONLY,second_S2D.mat,622,743,5,40161,743,0.9995368123054504,True
PUBLISHED_PRECOMPUTED_FEATURE_EVALUATION,FEATURE_SEARCH_ONLY,second_S2D.mat,622,743,6,40173,743,0.9995312690734863,True
PUBLISHED_PRECOMPUTED_FEATURE_EVALUATION,FEATURE_SEARCH_ONLY,second_S2D.mat,622,743,7,40163,743,0.9995307922363281,True
PUBLISHED_PRECOMPUTED_FEATURE_EVALUATION,FEATURE_SEARCH_ONLY,second_S2D.mat,622,743,8,40159,743,0.9995046854019165,True
PUBLISHED_PRECOMPUTED_FEATURE_EVALUATION,FEATURE_SEARCH_ONLY,second_S2D.mat,622,743,9,40155,743,0.9995026588439941,True
PUBLISHED_PRECOMPUTED_FEATURE_EVALUATION,FEATURE_SEARCH_ONLY,second_S2D.mat,622,743,10,40152,743,0.9994924068450928,True
PUBLISHED_PRECOMPUTED_FEATURE_EVALUATION,FEATURE_SEARCH_ONLY,second_S2D.mat,623,744,1,40212,744,0.9996200799942017,True
PUBLISHED_PRECOMPUTED_FEATURE_EVALUATION,FEATURE_SEARCH_ONLY,second_S2D.mat,623,744,2,40211,744,0.9995508193969727,True
PUBLISHED_PRECOMPUTED_FEATURE_EVALUATION,FEATURE_SEARCH_ONLY,second_S2D.mat,623,744,3,40194,744,0.9995211362838745,True
PUBLISHED_PRECOMPUTED_FEATURE_EVALUATION,FEATURE_SEARCH_ONLY,second_S2D.mat,623,744,4,40213,744,0.9994783997535706,True
PUBLISHED_PRECOMPUTED_FEATURE_EVALUATION,FEATURE_SEARCH_ONLY,second_S2D.mat,623,744,5,40210,744,0.9994009733200073,True
PUBLISHED_PRECOMPUTED_FEATURE_EVALUATION,FEATURE_SEARCH_ONLY,second_S2D.mat,623,744,6,40195,744,0.9993845820426941,True
PUBLISHED_PRECOMPUTED_FEATURE_EVALUATION,FEATURE_SEARCH_ONLY,second_S2D.mat,623,744,7,40228,744,0.9993777275085449,True
PUBLISHED_PRECOMPUTED_FEATURE_EVALUATION,FEATURE_SEARCH_ONLY,second_S2D.mat,623,744,8,40214,744,0.9993752837181091,True
PUBLISHED_PRECOMPUTED_FEATURE_EVALUATION,FEATURE_SEARCH_ONLY,second_S2D.mat,623,744,9,40204,744,0.9993592500686646,True
PUBLISHED_PRECOMPUTED_FEATURE_EVALUATION,FEATURE_SEARCH_ONLY,second_S2D.mat,623,744,10,40222,744,0.9993345737457275,True
PUBLISHED_PRECOMPUTED_FEATURE_EVALUATION,FEATURE_SEARCH_ONLY,second_S2D.mat,624,745,1,40279,745,0.9993925094604492,True
PUBLISHED_PRECOMPUTED_FEATURE_EVALUATION,FEATURE_SEARCH_ONLY,second_S2D.mat,624,745,2,40278,745,0.9993481040000916,True
PUBLISHED_PRECOMPUTED_FEATURE_EVALUATION,FEATURE_SEARCH_ONLY,second_S2D.mat,624,745,3,40269,745,0.9993365406990051,True
PUBLISHED_PRECOMPUTED_FEATURE_EVALUATION,FEATURE_SEARCH_ONLY,second_S2D.mat,624,745,4,40262,745,0.9993339776992798,True
PUBLISHED_PRECOMPUTED_FEATURE_EVALUATION,FEATURE_SEARCH_ONLY,second_S2D.mat,624,745,5,40268,745,0.99931401014328,True
PUBLISHED_PRECOMPUTED_FEATURE_EVALUATION,FEATURE_SEARCH_ONLY,second_S2D.mat,624,745,6,40261,745,0.999306857585907,True
PUBLISHED_PRECOMPUTED_FEATURE_EVALUATION,FEATURE_SEARCH_ONLY,second_S2D.mat,624,745,7,40280,745,0.9992900490760803,True
PUBLISHED_PRECOMPUTED_FEATURE_EVALUATION,FEATURE_SEARCH_ONLY,second_S2D.mat,624,745,8,40277,745,0.9992676973342896,True
PUBLISHED_PRECOMPUTED_FEATURE_EVALUATION,FEATURE_SEARCH_ONLY,second_S2D.mat,624,745,9,40270,745,0.9991698265075684,True
PUBLISHED_PRECOMPUTED_FEATURE_EVALUATION,FEATURE_SEARCH_ONLY,second_S2D.mat,624,745,10,40260,745,0.9991427659988403,True
PUBLISHED_PRECOMPUTED_FEATURE_EVALUATION,FEATURE_SEARCH_ONLY,second_S2D.mat,625,747,1,40368,747,0.999480664730072,True
PUBLISHED_PRECOMPUTED_FEATURE_EVALUATION,FEATURE_SEARCH_ONLY,second_S2D.mat,625,747,2,40378,747,0.9994783401489258,True
PUBLISHED_PRECOMPUTED_FEATURE_EVALUATION,FEATURE_SEARCH_ONLY,second_S2D.mat,625,747,3,40369,747,0.9994773864746094,True
PUBLISHED_PRECOMPUTED_FEATURE_EVALUATION,FEATURE_SEARCH_ONLY,second_S2D.mat,625,747,4,40360,747,0.9994767904281616,True
PUBLISHED_PRECOMPUTED_FEATURE_EVALUATION,FEATURE_SEARCH_ONLY,second_S2D.mat,625,747,5,40370,747,0.9994624257087708,True
PUBLISHED_PRECOMPUTED_FEATURE_EVALUATION,FEATURE_SEARCH_ONLY,second_S2D.mat,625,747,6,40373,747,0.9994574785232544,True
PUBLISHED_PRECOMPUTED_FEATURE_EVALUATION,FEATURE_SEARCH_ONLY,second_S2D.mat,625,747,7,40377,747,0.999435544013977,True
PUBLISHED_PRECOMPUTED_FEATURE_EVALUATION,FEATURE_SEARCH_ONLY,second_S2D.mat,625,747,8,40379,747,0.999427080154419,True
PUBLISHED_PRECOMPUTED_FEATURE_EVALUATION,FEATURE_SEARCH_ONLY,second_S2D.mat,625,747,9,40375,747,0.9994204044342041,True
PUBLISHED_PRECOMPUTED_FEATURE_EVALUATION,FEATURE_SEARCH_ONLY,second_S2D.mat,625,747,10,40371,747,0.9994157552719116,True
PUBLISHED_PRECOMPUTED_FEATURE_EVALUATION,FEATURE_SEARCH_ONLY,second_S2D.mat,626,748,1,40435,748,0.9995430111885071,True
PUBLISHED_PRECOMPUTED_FEATURE_EVALUATION,FEATURE_SEARCH_ONLY,second_S2D.mat,626,748,2,40426,748,0.9995409250259399,True
PUBLISHED_PRECOMPUTED_FEATURE_EVALUATION,FEATURE_SEARCH_ONLY,second_S2D.mat,626,748,3,40434,748,0.999530553817749,True
PUBLISHED_PRECOMPUTED_FEATURE_EVALUATION,FEATURE_SEARCH_ONLY,second_S2D.mat,626,748,4,40427,748,0.9995295405387878,True
PUBLISHED_PRECOMPUTED_FEATURE_EVALUATION,FEATURE_SEARCH_ONLY,second_S2D.mat,626,748,5,40428,748,0.9995155930519104,True
PUBLISHED_PRECOMPUTED_FEATURE_EVALUATION,FEATURE_SEARCH_ONLY,second_S2D.mat,626,748,6,40438,748,0.9995146989822388,True
PUBLISHED_PRECOMPUTED_FEATURE_EVALUATION,FEATURE_SEARCH_ONLY,second_S2D.mat,626,748,7,40416,748,0.9995055198669434,True
PUBLISHED_PRECOMPUTED_FEATURE_EVALUATION,FEATURE_SEARCH_ONLY,second_S2D.mat,626,748,8,40433,748,0.9995052814483643,True
PUBLISHED_PRECOMPUTED_FEATURE_EVALUATION,FEATURE_SEARCH_ONLY,second_S2D.mat,626,748,9,40432,748,0.9994964599609375,True
PUBLISHED_PRECOMPUTED_FEATURE_EVALUATION,FEATURE_SEARCH_ONLY,second_S2D.mat,626,748,10,40430,748,0.9994962811470032,True
PUBLISHED_PRECOMPUTED_FEATURE_EVALUATION,FEATURE_SEARCH_ONLY,second_S2D.mat,627,749,1,40482,749,0.9997758865356445,True
PUBLISHED_PRECOMPUTED_FEATURE_EVALUATION,FEATURE_SEARCH_ONLY,second_S2D.mat,627,749,2,40481,749,0.9997349977493286,True
PUBLISHED_PRECOMPUTED_FEATURE_EVALUATION,FEATURE_SEARCH_ONLY,second_S2D.mat,627,749,3,40486,749,0.9996967315673828,True
PUBLISHED_PRECOMPUTED_FEATURE_EVALUATION,FEATURE_SEARCH_ONLY,second_S2D.mat,627,749,4,40473,749,0.9996891617774963,True
PUBLISHED_PRECOMPUTED_FEATURE_EVALUATION,FEATURE_SEARCH_ONLY,second_S2D.mat,627,749,5,40468,749,0.9996879696846008,True
PUBLISHED_PRECOMPUTED_FEATURE_EVALUATION,FEATURE_SEARCH_ONLY,second_S2D.mat,627,749,6,40491,749,0.9996731281280518,True
PUBLISHED_PRECOMPUTED_FEATURE_EVALUATION,FEATURE_SEARCH_ONLY,second_S2D.mat,627,749,7,40464,749,0.999667763710022,True
PUBLISHED_PRECOMPUTED_FEATURE_EVALUATION,FEATURE_SEARCH_ONLY,second_S2D.mat,627,749,8,40487,749,0.9996603727340698,True
PUBLISHED_PRECOMPUTED_FEATURE_EVALUATION,FEATURE_SEARCH_ONLY,second_S2D.mat,627,749,9,40478,749,0.9996532201766968,True
PUBLISHED_PRECOMPUTED_FEATURE_EVALUATION,FEATURE_SEARCH_ONLY,second_S2D.mat,627,749,10,40472,749,0.9996504187583923,True
PUBLISHED_PRECOMPUTED_FEATURE_EVALUATION,FEATURE_SEARCH_ONLY,second_S2D.mat,628,750,1,40530,750,0.9996720552444458,True
PUBLISHED_PRECOMPUTED_FEATURE_EVALUATION,FEATURE_SEARCH_ONLY,second_S2D.mat,628,750,2,40531,750,0.9996141791343689,True
PUBLISHED_PRECOMPUTED_FEATURE_EVALUATION,FEATURE_SEARCH_ONLY,second_S2D.mat,628,750,3,40519,750,0.9996053576469421,True
PUBLISHED_PRECOMPUTED_FEATURE_EVALUATION,FEATURE_SEARCH_ONLY,second_S2D.mat,628,750,4,40532,750,0.9996047019958496,True
PUBLISHED_PRECOMPUTED_FEATURE_EVALUATION,FEATURE_SEARCH_ONLY,second_S2D.mat,628,750,5,40513,750,0.9995850920677185,True
PUBLISHED_PRECOMPUTED_FEATURE_EVALUATION,FEATURE_SEARCH_ONLY,second_S2D.mat,628,750,6,40522,750,0.9995827674865723,True
PUBLISHED_PRECOMPUTED_FEATURE_EVALUATION,FEATURE_SEARCH_ONLY,second_S2D.mat,628,750,7,40515,750,0.9995735883712769,True
PUBLISHED_PRECOMPUTED_FEATURE_EVALUATION,FEATURE_SEARCH_ONLY,second_S2D.mat,628,750,8,40529,750,0.9995642900466919,True
PUBLISHED_PRECOMPUTED_FEATURE_EVALUATION,FEATURE_SEARCH_ONLY,second_S2D.mat,628,750,9,40534,750,0.9995635747909546,True
PUBLISHED_PRECOMPUTED_FEATURE_EVALUATION,FEATURE_SEARCH_ONLY,second_S2D.mat,628,750,10,40518,750,0.9995617270469666,True
PUBLISHED_PRECOMPUTED_FEATURE_EVALUATION,FEATURE_SEARCH_ONLY,second_S2D.mat,629,751,1,40589,751,0.9996465444564819,True
PUBLISHED_PRECOMPUTED_FEATURE_EVALUATION,FEATURE_SEARCH_ONLY,second_S2D.mat,629,751,2,40580,751,0.9996163845062256,True
PUBLISHED_PRECOMPUTED_FEATURE_EVALUATION,FEATURE_SEARCH_ONLY,second_S2D.mat,629,751,3,40581,751,0.9996026754379272,True
PUBLISHED_PRECOMPUTED_FEATURE_EVALUATION,FEATURE_SEARCH_ONLY,second_S2D.mat,629,751,4,40590,751,0.9995847940444946,True
PUBLISHED_PRECOMPUTED_FEATURE_EVALUATION,FEATURE_SEARCH_ONLY,second_S2D.mat,629,751,5,40572,751,0.9995754361152649,True
PUBLISHED_PRECOMPUTED_FEATURE_EVALUATION,FEATURE_SEARCH_ONLY,second_S2D.mat,629,751,6,40598,751,0.9995518326759338,True
PUBLISHED_PRECOMPUTED_FEATURE_EVALUATION,FEATURE_SEARCH_ONLY,second_S2D.mat,629,751,7,40571,751,0.9995317459106445,True
PUBLISHED_PRECOMPUTED_FEATURE_EVALUATION,FEATURE_SEARCH_ONLY,second_S2D.mat,629,751,8,40588,751,0.9995232224464417,True
PUBLISHED_PRECOMPUTED_FEATURE_EVALUATION,FEATURE_SEARCH_ONLY,second_S2D.mat,629,751,9,40562,751,0.9995132684707642,True
PUBLISHED_PRECOMPUTED_FEATURE_EVALUATION,FEATURE_SEARCH_ONLY,second_S2D.mat,629,751,10,40573,751,0.9994940161705017,True
PUBLISHED_PRECOMPUTED_FEATURE_EVALUATION,FEATURE_SEARCH_ONLY,second_S2D.mat,630,752,1,40652,752,0.9994907379150391,True
PUBLISHED_PRECOMPUTED_FEATURE_EVALUATION,FEATURE_SEARCH_ONLY,second_S2D.mat,630,752,2,40643,752,0.9994441270828247,True
PUBLISHED_PRECOMPUTED_FEATURE_EVALUATION,FEATURE_SEARCH_ONLY,second_S2D.mat,630,752,3,40644,752,0.999434232711792,True
PUBLISHED_PRECOMPUTED_FEATURE_EVALUATION,FEATURE_SEARCH_ONLY,second_S2D.mat,630,752,4,40642,752,0.9994308948516846,True
PUBLISHED_PRECOMPUTED_FEATURE_EVALUATION,FEATURE_SEARCH_ONLY,second_S2D.mat,630,752,5,40635,752,0.9994286298751831,True
PUBLISHED_PRECOMPUTED_FEATURE_EVALUATION,FEATURE_SEARCH_ONLY,second_S2D.mat,630,752,6,40654,752,0.9994092583656311,True
PUBLISHED_PRECOMPUTED_FEATURE_EVALUATION,FEATURE_SEARCH_ONLY,second_S2D.mat,630,752,7,40653,752,0.9994014501571655,True
PUBLISHED_PRECOMPUTED_FEATURE_EVALUATION,FEATURE_SEARCH_ONLY,second_S2D.mat,630,752,8,40640,752,0.9993991851806641,True
PUBLISHED_PRECOMPUTED_FEATURE_EVALUATION,FEATURE_SEARCH_ONLY,second_S2D.mat,630,752,9,40645,752,0.9993937015533447,True
PUBLISHED_PRECOMPUTED_FEATURE_EVALUATION,FEATURE_SEARCH_ONLY,second_S2D.mat,630,752,10,40636,752,0.9993515014648438,True
PUBLISHED_PRECOMPUTED_FEATURE_EVALUATION,FEATURE_SEARCH_ONLY,second_S2D.mat,631,753,1,40698,753,0.9996680617332458,True
PUBLISHED_PRECOMPUTED_FEATURE_EVALUATION,FEATURE_SEARCH_ONLY,second_S2D.mat,631,753,2,40701,753,0.9996516108512878,True
PUBLISHED_PRECOMPUTED_FEATURE_EVALUATION,FEATURE_SEARCH_ONLY,second_S2D.mat,631,753,3,40699,753,0.9996434450149536,True
PUBLISHED_PRECOMPUTED_FEATURE_EVALUATION,FEATURE_SEARCH_ONLY,second_S2D.mat,631,753,4,40702,753,0.9996113777160645,True
PUBLISHED_PRECOMPUTED_FEATURE_EVALUATION,FEATURE_SEARCH_ONLY,second_S2D.mat,631,753,5,40704,753,0.9996001124382019,True
PUBLISHED_PRECOMPUTED_FEATURE_EVALUATION,FEATURE_SEARCH_ONLY,second_S2D.mat,631,753,6,40683,753,0.9995990991592407,True
PUBLISHED_PRECOMPUTED_FEATURE_EVALUATION,FEATURE_SEARCH_ONLY,second_S2D.mat,631,753,7,40703,753,0.9995760917663574,True
PUBLISHED_PRECOMPUTED_FEATURE_EVALUATION,FEATURE_SEARCH_ONLY,second_S2D.mat,631,753,8,40697,753,0.999572217464447,True
PUBLISHED_PRECOMPUTED_FEATURE_EVALUATION,FEATURE_SEARCH_ONLY,second_S2D.mat,631,753,9,40682,753,0.99955153465271,True
PUBLISHED_PRECOMPUTED_FEATURE_EVALUATION,FEATURE_SEARCH_ONLY,second_S2D.mat,631,753,10,40684,753,0.9995458722114563,True
PUBLISHED_PRECOMPUTED_FEATURE_EVALUATION,FEATURE_SEARCH_ONLY,second_S2D.mat,632,754,1,40752,754,0.9997751116752625,True
PUBLISHED_PRECOMPUTED_FEATURE_EVALUATION,FEATURE_SEARCH_ONLY,second_S2D.mat,632,754,2,40751,754,0.9996997714042664,True
PUBLISHED_PRECOMPUTED_FEATURE_EVALUATION,FEATURE_SEARCH_ONLY,second_S2D.mat,632,754,3,40753,754,0.9996470212936401,True
PUBLISHED_PRECOMPUTED_FEATURE_EVALUATION,FEATURE_SEARCH_ONLY,second_S2D.mat,632,754,4,40761,754,0.9996275901794434,True
PUBLISHED_PRECOMPUTED_FEATURE_EVALUATION,FEATURE_SEARCH_ONLY,second_S2D.mat,632,754,5,40750,754,0.9996131658554077,True
PUBLISHED_PRECOMPUTED_FEATURE_EVALUATION,FEATURE_SEARCH_ONLY,second_S2D.mat,632,754,6,40769,754,0.9996109008789062,True
PUBLISHED_PRECOMPUTED_FEATURE_EVALUATION,FEATURE_SEARCH_ONLY,second_S2D.mat,632,754,7,40768,754,0.9995940923690796,True
PUBLISHED_PRECOMPUTED_FEATURE_EVALUATION,FEATURE_SEARCH_ONLY,second_S2D.mat,632,754,8,40734,754,0.9995877742767334,True
PUBLISHED_PRECOMPUTED_FEATURE_EVALUATION,FEATURE_SEARCH_ONLY,second_S2D.mat,632,754,9,40754,754,0.9995198845863342,True
PUBLISHED_PRECOMPUTED_FEATURE_EVALUATION,FEATURE_SEARCH_ONLY,second_S2D.mat,632,754,10,40746,754,0.9995175004005432,True
PUBLISHED_PRECOMPUTED_FEATURE_EVALUATION,FEATURE_SEARCH_ONLY,second_S2D.mat,633,755,1,40806,755,0.999640941619873,True
PUBLISHED_PRECOMPUTED_FEATURE_EVALUATION,FEATURE_SEARCH_ONLY,second_S2D.mat,633,755,2,40805,755,0.9995934963226318,True
PUBLISHED_PRECOMPUTED_FEATURE_EVALUATION,FEATURE_SEARCH_ONLY,second_S2D.mat,633,755,3,40786,755,0.999590277671814,True
PUBLISHED_PRECOMPUTED_FEATURE_EVALUATION,FEATURE_SEARCH_ONLY,second_S2D.mat,633,755,4,40788,755,0.999588668346405,True
PUBLISHED_PRECOMPUTED_FEATURE_EVALUATION,FEATURE_SEARCH_ONLY,second_S2D.mat,633,755,5,40804,755,0.9995819330215454,True
PUBLISHED_PRECOMPUTED_FEATURE_EVALUATION,FEATURE_SEARCH_ONLY,second_S2D.mat,633,755,6,40787,755,0.9995720386505127,True
PUBLISHED_PRECOMPUTED_FEATURE_EVALUATION,FEATURE_SEARCH_ONLY,second_S2D.mat,633,755,7,40807,755,0.9995610117912292,True
PUBLISHED_PRECOMPUTED_FEATURE_EVALUATION,FEATURE_SEARCH_ONLY,second_S2D.mat,633,755,8,40808,755,0.9995593428611755,True
PUBLISHED_PRECOMPUTED_FEATURE_EVALUATION,FEATURE_SEARCH_ONLY,second_S2D.mat,633,755,9,40803,755,0.9995301961898804,True
PUBLISHED_PRECOMPUTED_FEATURE_EVALUATION,FEATURE_SEARCH_ONLY,second_S2D.mat,633,755,10,40785,755,0.9995271563529968,True
PUBLISHED_PRECOMPUTED_FEATURE_EVALUATION,FEATURE_SEARCH_ONLY,second_S2D.mat,634,756,1,40864,756,0.9995821118354797,True
PUBLISHED_PRECOMPUTED_FEATURE_EVALUATION,FEATURE_SEARCH_ONLY,second_S2D.mat,634,756,2,40865,756,0.999562680721283,True
PUBLISHED_PRECOMPUTED_FEATURE_EVALUATION,FEATURE_SEARCH_ONLY,second_S2D.mat,634,756,3,40863,756,0.999481201171875,True
PUBLISHED_PRECOMPUTED_FEATURE_EVALUATION,FEATURE_SEARCH_ONLY,second_S2D.mat,634,756,4,40868,756,0.9994528889656067,True
PUBLISHED_PRECOMPUTED_FEATURE_EVALUATION,FEATURE_SEARCH_ONLY,second_S2D.mat,634,756,5,40869,756,0.9994462132453918,True
PUBLISHED_PRECOMPUTED_FEATURE_EVALUATION,FEATURE_SEARCH_ONLY,second_S2D.mat,634,756,6,40861,756,0.9994298219680786,True
PUBLISHED_PRECOMPUTED_FEATURE_EVALUATION,FEATURE_SEARCH_ONLY,second_S2D.mat,634,756,7,40866,756,0.9994250535964966,True
PUBLISHED_PRECOMPUTED_FEATURE_EVALUATION,FEATURE_SEARCH_ONLY,second_S2D.mat,634,756,8,40844,756,0.9994063377380371,True
PUBLISHED_PRECOMPUTED_FEATURE_EVALUATION,FEATURE_SEARCH_ONLY,second_S2D.mat,634,756,9,40867,756,0.9993888139724731,True
PUBLISHED_PRECOMPUTED_FEATURE_EVALUATION,FEATURE_SEARCH_ONLY,second_S2D.mat,634,756,10,40862,756,0.999375581741333,True
PUBLISHED_PRECOMPUTED_FEATURE_EVALUATION,FEATURE_SEARCH_ONLY,second_S2D.mat,635,757,1,40915,757,0.9996025562286377,True
PUBLISHED_PRECOMPUTED_FEATURE_EVALUATION,FEATURE_SEARCH_ONLY,second_S2D.mat,635,757,2,40917,757,0.9995707273483276,True
PUBLISHED_PRECOMPUTED_FEATURE_EVALUATION,FEATURE_SEARCH_ONLY,second_S2D.mat,635,757,3,40916,757,0.9995594024658203,True
PUBLISHED_PRECOMPUTED_FEATURE_EVALUATION,FEATURE_SEARCH_ONLY,second_S2D.mat,635,757,4,40912,757,0.9995569586753845,True
PUBLISHED_PRECOMPUTED_FEATURE_EVALUATION,FEATURE_SEARCH_ONLY,second_S2D.mat,635,757,5,40913,757,0.9995519518852234,True
PUBLISHED_PRECOMPUTED_FEATURE_EVALUATION,FEATURE_SEARCH_ONLY,second_S2D.mat,635,757,6,40906,757,0.9995478391647339,True
PUBLISHED_PRECOMPUTED_FEATURE_EVALUATION,FEATURE_SEARCH_ONLY,second_S2D.mat,635,757,7,40919,757,0.9995384216308594,True
PUBLISHED_PRECOMPUTED_FEATURE_EVALUATION,FEATURE_SEARCH_ONLY,second_S2D.mat,635,757,8,40918,757,0.999525249004364,True
PUBLISHED_PRECOMPUTED_FEATURE_EVALUATION,FEATURE_SEARCH_ONLY,second_S2D.mat,635,757,9,40905,757,0.9995080232620239,True
PUBLISHED_PRECOMPUTED_FEATURE_EVALUATION,FEATURE_SEARCH_ONLY,second_S2D.mat,635,757,10,40910,757,0.9995078444480896,True
PUBLISHED_PRECOMPUTED_FEATURE_EVALUATION,FEATURE_SEARCH_ONLY,second_S2D.mat,636,758,1,40962,758,0.9993065595626831,True
PUBLISHED_PRECOMPUTED_FEATURE_EVALUATION,FEATURE_SEARCH_ONLY,second_S2D.mat,636,758,2,40945,758,0.9992311596870422,True
PUBLISHED_PRECOMPUTED_FEATURE_EVALUATION,FEATURE_SEARCH_ONLY,second_S2D.mat,636,758,3,40944,758,0.999220073223114,True
PUBLISHED_PRECOMPUTED_FEATURE_EVALUATION,FEATURE_SEARCH_ONLY,second_S2D.mat,636,758,4,40963,758,0.9992178678512573,True
PUBLISHED_PRECOMPUTED_FEATURE_EVALUATION,FEATURE_SEARCH_ONLY,second_S2D.mat,636,758,5,40979,758,0.9992165565490723,True
PUBLISHED_PRECOMPUTED_FEATURE_EVALUATION,FEATURE_SEARCH_ONLY,second_S2D.mat,636,758,6,40964,758,0.9991965293884277,True
PUBLISHED_PRECOMPUTED_FEATURE_EVALUATION,FEATURE_SEARCH_ONLY,second_S2D.mat,636,758,7,40946,758,0.999176025390625,True
PUBLISHED_PRECOMPUTED_FEATURE_EVALUATION,FEATURE_SEARCH_ONLY,second_S2D.mat,636,758,8,40980,758,0.9991697669029236,True
PUBLISHED_PRECOMPUTED_FEATURE_EVALUATION,FEATURE_SEARCH_ONLY,second_S2D.mat,636,758,9,40965,758,0.9991536140441895,True
PUBLISHED_PRECOMPUTED_FEATURE_EVALUATION,FEATURE_SEARCH_ONLY,second_S2D.mat,636,758,10,40981,758,0.9991359114646912,True
PUBLISHED_PRECOMPUTED_FEATURE_EVALUATION,FEATURE_SEARCH_ONLY,second_S2D.mat,637,759,1,41022,759,0.9996273517608643,True
PUBLISHED_PRECOMPUTED_FEATURE_EVALUATION,FEATURE_SEARCH_ONLY,second_S2D.mat,637,759,2,41004,759,0.9996076822280884,True
PUBLISHED_PRECOMPUTED_FEATURE_EVALUATION,FEATURE_SEARCH_ONLY,second_S2D.mat,637,759,3,41005,759,0.9995803236961365,True
PUBLISHED_PRECOMPUTED_FEATURE_EVALUATION,FEATURE_SEARCH_ONLY,second_S2D.mat,637,759,4,41021,759,0.9995725154876709,True
PUBLISHED_PRECOMPUTED_FEATURE_EVALUATION,FEATURE_SEARCH_ONLY,second_S2D.mat,637,759,5,41018,759,0.999571681022644,True
PUBLISHED_PRECOMPUTED_FEATURE_EVALUATION,FEATURE_SEARCH_ONLY,second_S2D.mat,637,759,6,41003,759,0.9995691776275635,True
PUBLISHED_PRECOMPUTED_FEATURE_EVALUATION,FEATURE_SEARCH_ONLY,second_S2D.mat,637,759,7,41006,759,0.9995388984680176,True
PUBLISHED_PRECOMPUTED_FEATURE_EVALUATION,FEATURE_SEARCH_ONLY,second_S2D.mat,637,759,8,41017,759,0.9995384812355042,True
PUBLISHED_PRECOMPUTED_FEATURE_EVALUATION,FEATURE_SEARCH_ONLY,second_S2D.mat,637,759,9,41000,759,0.9995383024215698,True
PUBLISHED_PRECOMPUTED_FEATURE_EVALUATION,FEATURE_SEARCH_ONLY,second_S2D.mat,637,759,10,41024,759,0.9995365142822266,True
PUBLISHED_PRECOMPUTED_FEATURE_EVALUATION,FEATURE_SEARCH_ONLY,second_S2D.mat,638,760,1,41075,760,0.9995026588439941,True
PUBLISHED_PRECOMPUTED_FEATURE_EVALUATION,FEATURE_SEARCH_ONLY,second_S2D.mat,638,760,2,41076,760,0.9995011687278748,True
PUBLISHED_PRECOMPUTED_FEATURE_EVALUATION,FEATURE_SEARCH_ONLY,second_S2D.mat,638,760,3,41058,760,0.9994209408760071,True
PUBLISHED_PRECOMPUTED_FEATURE_EVALUATION,FEATURE_SEARCH_ONLY,second_S2D.mat,638,760,4,41074,760,0.9994063377380371,True
PUBLISHED_PRECOMPUTED_FEATURE_EVALUATION,FEATURE_SEARCH_ONLY,second_S2D.mat,638,760,5,41057,760,0.9993928670883179,True
PUBLISHED_PRECOMPUTED_FEATURE_EVALUATION,FEATURE_SEARCH_ONLY,second_S2D.mat,638,760,6,41093,760,0.9993607997894287,True
PUBLISHED_PRECOMPUTED_FEATURE_EVALUATION,FEATURE_SEARCH_ONLY,second_S2D.mat,638,760,7,41092,760,0.999332845211029,True
PUBLISHED_PRECOMPUTED_FEATURE_EVALUATION,FEATURE_SEARCH_ONLY,second_S2D.mat,638,760,8,41091,760,0.9993120431900024,True
PUBLISHED_PRECOMPUTED_FEATURE_EVALUATION,FEATURE_SEARCH_ONLY,second_S2D.mat,638,760,9,41072,760,0.9993109107017517,True
PUBLISHED_PRECOMPUTED_FEATURE_EVALUATION,FEATURE_SEARCH_ONLY,second_S2D.mat,638,760,10,41073,760,0.9992876052856445,True
PUBLISHED_PRECOMPUTED_FEATURE_EVALUATION,FEATURE_SEARCH_ONLY,second_S2D.mat,639,761,1,41490,768,0.9997249245643616,False
PUBLISHED_PRECOMPUTED_FEATURE_EVALUATION,FEATURE_SEARCH_ONLY,second_S2D.mat,639,761,2,41112,761,0.9997153878211975,True
PUBLISHED_PRECOMPUTED_FEATURE_EVALUATION,FEATURE_SEARCH_ONLY,second_S2D.mat,639,761,3,41130,761,0.9997071027755737,True
PUBLISHED_PRECOMPUTED_FEATURE_EVALUATION,FEATURE_SEARCH_ONLY,second_S2D.mat,639,761,4,41508,768,0.9997062683105469,False
PUBLISHED_PRECOMPUTED_FEATURE_EVALUATION,FEATURE_SEARCH_ONLY,second_S2D.mat,639,761,5,41507,768,0.9997003078460693,False
PUBLISHED_PRECOMPUTED_FEATURE_EVALUATION,FEATURE_SEARCH_ONLY,second_S2D.mat,639,761,6,41129,761,0.999687910079956,True
PUBLISHED_PRECOMPUTED_FEATURE_EVALUATION,FEATURE_SEARCH_ONLY,second_S2D.mat,639,761,7,41111,761,0.9996871948242188,True
PUBLISHED_PRECOMPUTED_FEATURE_EVALUATION,FEATURE_SEARCH_ONLY,second_S2D.mat,639,761,8,41489,768,0.9996808767318726,False
PUBLISHED_PRECOMPUTED_FEATURE_EVALUATION,FEATURE_SEARCH_ONLY,second_S2D.mat,639,761,9,41506,768,0.9996209144592285,False
PUBLISHED_PRECOMPUTED_FEATURE_EVALUATION,FEATURE_SEARCH_ONLY,second_S2D.mat,639,761,10,41128,761,0.9996199011802673,True
PUBLISHED_PRECOMPUTED_FEATURE_EVALUATION,FEATURE_SEARCH_ONLY,second_S2D.mat,640,762,1,41164,762,0.9996565580368042,True
PUBLISHED_PRECOMPUTED_FEATURE_EVALUATION,FEATURE_SEARCH_ONLY,second_S2D.mat,640,762,2,41182,762,0.9996512532234192,True
PUBLISHED_PRECOMPUTED_FEATURE_EVALUATION,FEATURE_SEARCH_ONLY,second_S2D.mat,640,762,3,41167,762,0.9996246099472046,True
PUBLISHED_PRECOMPUTED_FEATURE_EVALUATION,FEATURE_SEARCH_ONLY,second_S2D.mat,640,762,4,41165,762,0.9996055364608765,True
PUBLISHED_PRECOMPUTED_FEATURE_EVALUATION,FEATURE_SEARCH_ONLY,second_S2D.mat,640,762,5,41166,762,0.999596118927002,True
PUBLISHED_PRECOMPUTED_FEATURE_EVALUATION,FEATURE_SEARCH_ONLY,second_S2D.mat,640,762,6,41181,762,0.9995847940444946,True
PUBLISHED_PRECOMPUTED_FEATURE_EVALUATION,FEATURE_SEARCH_ONLY,second_S2D.mat,640,762,7,41170,762,0.9995779395103455,True
PUBLISHED_PRECOMPUTED_FEATURE_EVALUATION,FEATURE_SEARCH_ONLY,second_S2D.mat,640,762,8,41180,762,0.9995606541633606,True
PUBLISHED_PRECOMPUTED_FEATURE_EVALUATION,FEATURE_SEARCH_ONLY,second_S2D.mat,640,762,9,41187,762,0.99955815076828,True
PUBLISHED_PRECOMPUTED_FEATURE_EVALUATION,FEATURE_SEARCH_ONLY,second_S2D.mat,640,762,10,41185,762,0.9995541572570801,True
PUBLISHED_PRECOMPUTED_FEATURE_EVALUATION,FEATURE_SEARCH_ONLY,second_S2D.mat,641,763,1,41236,763,0.999392032623291,True
PUBLISHED_PRECOMPUTED_FEATURE_EVALUATION,FEATURE_SEARCH_ONLY,second_S2D.mat,641,763,2,41253,763,0.9993313550949097,True
PUBLISHED_PRECOMPUTED_FEATURE_EVALUATION,FEATURE_SEARCH_ONLY,second_S2D.mat,641,763,3,41235,763,0.9992921352386475,True
PUBLISHED_PRECOMPUTED_FEATURE_EVALUATION,FEATURE_SEARCH_ONLY,second_S2D.mat,641,763,4,41220,763,0.9992159008979797,True
PUBLISHED_PRECOMPUTED_FEATURE_EVALUATION,FEATURE_SEARCH_ONLY,second_S2D.mat,641,763,5,41232,763,0.9992146492004395,True
PUBLISHED_PRECOMPUTED_FEATURE_EVALUATION,FEATURE_SEARCH_ONLY,second_S2D.mat,641,763,6,41219,763,0.9992049932479858,True
PUBLISHED_PRECOMPUTED_FEATURE_EVALUATION,FEATURE_SEARCH_ONLY,second_S2D.mat,641,763,7,41215,763,0.9992010593414307,True
PUBLISHED_PRECOMPUTED_FEATURE_EVALUATION,FEATURE_SEARCH_ONLY,second_S2D.mat,641,763,8,41237,763,0.9991969466209412,True
PUBLISHED_PRECOMPUTED_FEATURE_EVALUATION,FEATURE_SEARCH_ONLY,second_S2D.mat,641,763,9,41229,763,0.9991933107376099,True
PUBLISHED_PRECOMPUTED_FEATURE_EVALUATION,FEATURE_SEARCH_ONLY,second_S2D.mat,641,763,10,41230,763,0.999192476272583,True
PUBLISHED_PRECOMPUTED_FEATURE_EVALUATION,FEATURE_SEARCH_ONLY,second_S2D.mat,642,764,1,41305,764,0.9996433854103088,True
PUBLISHED_PRECOMPUTED_FEATURE_EVALUATION,FEATURE_SEARCH_ONLY,second_S2D.mat,642,764,2,41292,764,0.9996166229248047,True
PUBLISHED_PRECOMPUTED_FEATURE_EVALUATION,FEATURE_SEARCH_ONLY,second_S2D.mat,642,764,3,41304,764,0.9995861053466797,True
PUBLISHED_PRECOMPUTED_FEATURE_EVALUATION,FEATURE_SEARCH_ONLY,second_S2D.mat,642,764,4,41306,764,0.9995855093002319,True
PUBLISHED_PRECOMPUTED_FEATURE_EVALUATION,FEATURE_SEARCH_ONLY,second_S2D.mat,642,764,5,41287,764,0.9995812773704529,True
PUBLISHED_PRECOMPUTED_FEATURE_EVALUATION,FEATURE_SEARCH_ONLY,second_S2D.mat,642,764,6,41286,764,0.9995800256729126,True
PUBLISHED_PRECOMPUTED_FEATURE_EVALUATION,FEATURE_SEARCH_ONLY,second_S2D.mat,642,764,7,41290,764,0.9995541572570801,True
PUBLISHED_PRECOMPUTED_FEATURE_EVALUATION,FEATURE_SEARCH_ONLY,second_S2D.mat,642,764,8,41289,764,0.9995459914207458,True
PUBLISHED_PRECOMPUTED_FEATURE_EVALUATION,FEATURE_SEARCH_ONLY,second_S2D.mat,642,764,9,41291,764,0.9995169043540955,True
PUBLISHED_PRECOMPUTED_FEATURE_EVALUATION,FEATURE_SEARCH_ONLY,second_S2D.mat,642,764,10,41288,764,0.9995149970054626,True
PUBLISHED_PRECOMPUTED_FEATURE_EVALUATION,FEATURE_SEARCH_ONLY,second_S2D.mat,643,765,1,41342,765,0.9996073246002197,True
PUBLISHED_PRECOMPUTED_FEATURE_EVALUATION,FEATURE_SEARCH_ONLY,second_S2D.mat,643,765,2,41351,765,0.999578595161438,True
PUBLISHED_PRECOMPUTED_FEATURE_EVALUATION,FEATURE_SEARCH_ONLY,second_S2D.mat,643,765,3,41341,765,0.999525785446167,True
PUBLISHED_PRECOMPUTED_FEATURE_EVALUATION,FEATURE_SEARCH_ONLY,second_S2D.mat,643,765,4,41332,765,0.9995167851448059,True
PUBLISHED_PRECOMPUTED_FEATURE_EVALUATION,FEATURE_SEARCH_ONLY,second_S2D.mat,643,765,5,41338,765,0.9994899034500122,True
PUBLISHED_PRECOMPUTED_FEATURE_EVALUATION,FEATURE_SEARCH_ONLY,second_S2D.mat,643,765,6,41350,765,0.9994825124740601,True
PUBLISHED_PRECOMPUTED_FEATURE_EVALUATION,FEATURE_SEARCH_ONLY,second_S2D.mat,643,765,7,41333,765,0.9994263052940369,True
PUBLISHED_PRECOMPUTED_FEATURE_EVALUATION,FEATURE_SEARCH_ONLY,second_S2D.mat,643,765,8,41340,765,0.9994259476661682,True
PUBLISHED_PRECOMPUTED_FEATURE_EVALUATION,FEATURE_SEARCH_ONLY,second_S2D.mat,643,765,9,41349,765,0.9994199275970459,True
PUBLISHED_PRECOMPUTED_FEATURE_EVALUATION,FEATURE_SEARCH_ONLY,second_S2D.mat,643,765,10,41334,765,0.999386191368103,True
PUBLISHED_PRECOMPUTED_FEATURE_EVALUATION,FEATURE_SEARCH_ONLY,second_S2D.mat,644,766,1,41404,766,0.9995294213294983,True
PUBLISHED_PRECOMPUTED_FEATURE_EVALUATION,FEATURE_SEARCH_ONLY,second_S2D.mat,644,766,2,41386,766,0.9995203018188477,True
PUBLISHED_PRECOMPUTED_FEATURE_EVALUATION,FEATURE_SEARCH_ONLY,second_S2D.mat,644,766,3,41387,766,0.9994350671768188,True
PUBLISHED_PRECOMPUTED_FEATURE_EVALUATION,FEATURE_SEARCH_ONLY,second_S2D.mat,644,766,4,41403,766,0.9994299411773682,True
PUBLISHED_PRECOMPUTED_FEATURE_EVALUATION,FEATURE_SEARCH_ONLY,second_S2D.mat,644,766,5,41405,766,0.9994286298751831,True
PUBLISHED_PRECOMPUTED_FEATURE_EVALUATION,FEATURE_SEARCH_ONLY,second_S2D.mat,644,766,6,41385,766,0.999395489692688,True
PUBLISHED_PRECOMPUTED_FEATURE_EVALUATION,FEATURE_SEARCH_ONLY,second_S2D.mat,644,766,7,41389,766,0.9993817210197449,True
PUBLISHED_PRECOMPUTED_FEATURE_EVALUATION,FEATURE_SEARCH_ONLY,second_S2D.mat,644,766,8,41402,766,0.9993661046028137,True
PUBLISHED_PRECOMPUTED_FEATURE_EVALUATION,FEATURE_SEARCH_ONLY,second_S2D.mat,644,766,9,41406,766,0.9993557333946228,True
PUBLISHED_PRECOMPUTED_FEATURE_EVALUATION,FEATURE_SEARCH_ONLY,second_S2D.mat,644,766,10,41393,766,0.999355673789978,True
PUBLISHED_PRECOMPUTED_FEATURE_EVALUATION,FEATURE_SEARCH_ONLY,second_S2D.mat,645,767,1,41455,767,0.9994627237319946,True
PUBLISHED_PRECOMPUTED_FEATURE_EVALUATION,FEATURE_SEARCH_ONLY,second_S2D.mat,645,767,2,41458,767,0.9994584321975708,True
PUBLISHED_PRECOMPUTED_FEATURE_EVALUATION,FEATURE_SEARCH_ONLY,second_S2D.mat,645,767,3,41437,767,0.999457836151123,True
PUBLISHED_PRECOMPUTED_FEATURE_EVALUATION,FEATURE_SEARCH_ONLY,second_S2D.mat,645,767,4,41449,767,0.9994468092918396,True
PUBLISHED_PRECOMPUTED_FEATURE_EVALUATION,FEATURE_SEARCH_ONLY,second_S2D.mat,645,767,5,41440,767,0.9994447827339172,True
PUBLISHED_PRECOMPUTED_FEATURE_EVALUATION,FEATURE_SEARCH_ONLY,second_S2D.mat,645,767,6,41454,767,0.9994203448295593,True
PUBLISHED_PRECOMPUTED_FEATURE_EVALUATION,FEATURE_SEARCH_ONLY,second_S2D.mat,645,767,7,41456,767,0.9994176626205444,True
PUBLISHED_PRECOMPUTED_FEATURE_EVALUATION,FEATURE_SEARCH_ONLY,second_S2D.mat,645,767,8,41438,767,0.9994162321090698,True
PUBLISHED_PRECOMPUTED_FEATURE_EVALUATION,FEATURE_SEARCH_ONLY,second_S2D.mat,645,767,9,41441,767,0.9994160532951355,True
PUBLISHED_PRECOMPUTED_FEATURE_EVALUATION,FEATURE_SEARCH_ONLY,second_S2D.mat,645,767,10,41448,767,0.9994141459465027,True
PUBLISHED_PRECOMPUTED_FEATURE_EVALUATION,FEATURE_SEARCH_ONLY,second_S2D.mat,646,768,1,41490,768,0.9997249245643616,True
PUBLISHED_PRECOMPUTED_FEATURE_EVALUATION,FEATURE_SEARCH_ONLY,second_S2D.mat,646,768,2,41112,761,0.9997153878211975,False
PUBLISHED_PRECOMPUTED_FEATURE_EVALUATION,FEATURE_SEARCH_ONLY,second_S2D.mat,646,768,3,41130,761,0.9997071027755737,False
PUBLISHED_PRECOMPUTED_FEATURE_EVALUATION,FEATURE_SEARCH_ONLY,second_S2D.mat,646,768,4,41508,768,0.9997062683105469,True
PUBLISHED_PRECOMPUTED_FEATURE_EVALUATION,FEATURE_SEARCH_ONLY,second_S2D.mat,646,768,5,41507,768,0.9997003078460693,True
PUBLISHED_PRECOMPUTED_FEATURE_EVALUATION,FEATURE_SEARCH_ONLY,second_S2D.mat,646,768,6,41129,761,0.999687910079956,False
PUBLISHED_PRECOMPUTED_FEATURE_EVALUATION,FEATURE_SEARCH_ONLY,second_S2D.mat,646,768,7,41111,761,0.9996871948242188,False
PUBLISHED_PRECOMPUTED_FEATURE_EVALUATION,FEATURE_SEARCH_ONLY,second_S2D.mat,646,768,8,41489,768,0.9996808767318726,True
PUBLISHED_PRECOMPUTED_FEATURE_EVALUATION,FEATURE_SEARCH_ONLY,second_S2D.mat,646,768,9,41506,768,0.9996209144592285,True
PUBLISHED_PRECOMPUTED_FEATURE_EVALUATION,FEATURE_SEARCH_ONLY,second_S2D.mat,646,768,10,41128,761,0.9996199011802673,False
PUBLISHED_PRECOMPUTED_FEATURE_EVALUATION,FEATURE_SEARCH_ONLY,second_S2D.mat,647,769,1,41562,769,0.9995501041412354,True
PUBLISHED_PRECOMPUTED_FEATURE_EVALUATION,FEATURE_SEARCH_ONLY,second_S2D.mat,647,769,2,41563,769,0.9995441436767578,True
PUBLISHED_PRECOMPUTED_FEATURE_EVALUATION,FEATURE_SEARCH_ONLY,second_S2D.mat,647,769,3,41564,769,0.9994987845420837,True
PUBLISHED_PRECOMPUTED_FEATURE_EVALUATION,FEATURE_SEARCH_ONLY,second_S2D.mat,647,769,4,41544,769,0.9994949102401733,True
PUBLISHED_PRECOMPUTED_FEATURE_EVALUATION,FEATURE_SEARCH_ONLY,second_S2D.mat,647,769,5,41545,769,0.9994903206825256,True
PUBLISHED_PRECOMPUTED_FEATURE_EVALUATION,FEATURE_SEARCH_ONLY,second_S2D.mat,647,769,6,41553,769,0.9994597434997559,True
PUBLISHED_PRECOMPUTED_FEATURE_EVALUATION,FEATURE_SEARCH_ONLY,second_S2D.mat,647,769,7,41565,769,0.9994505047798157,True
PUBLISHED_PRECOMPUTED_FEATURE_EVALUATION,FEATURE_SEARCH_ONLY,second_S2D.mat,647,769,8,41546,769,0.9994384050369263,True
PUBLISHED_PRECOMPUTED_FEATURE_EVALUATION,FEATURE_SEARCH_ONLY,second_S2D.mat,647,769,9,41561,769,0.9994381666183472,True
PUBLISHED_PRECOMPUTED_FEATURE_EVALUATION,FEATURE_SEARCH_ONLY,second_S2D.mat,647,769,10,41552,769,0.9994304180145264,True
PUBLISHED_PRECOMPUTED_FEATURE_EVALUATION,FEATURE_SEARCH_ONLY,second_S2D.mat,648,770,1,41616,770,0.9996806383132935,True
PUBLISHED_PRECOMPUTED_FEATURE_EVALUATION,FEATURE_SEARCH_ONLY,second_S2D.mat,648,770,2,41598,770,0.9996698498725891,True
PUBLISHED_PRECOMPUTED_FEATURE_EVALUATION,FEATURE_SEARCH_ONLY,second_S2D.mat,648,770,3,41615,770,0.9996470212936401,True
PUBLISHED_PRECOMPUTED_FEATURE_EVALUATION,FEATURE_SEARCH_ONLY,second_S2D.mat,648,770,4,41597,770,0.9995930194854736,True
PUBLISHED_PRECOMPUTED_FEATURE_EVALUATION,FEATURE_SEARCH_ONLY,second_S2D.mat,648,770,5,41602,770,0.9995871782302856,True
PUBLISHED_PRECOMPUTED_FEATURE_EVALUATION,FEATURE_SEARCH_ONLY,second_S2D.mat,648,770,6,41612,770,0.9995870590209961,True
PUBLISHED_PRECOMPUTED_FEATURE_EVALUATION,FEATURE_SEARCH_ONLY,second_S2D.mat,648,770,7,41617,770,0.9995858073234558,True
PUBLISHED_PRECOMPUTED_FEATURE_EVALUATION,FEATURE_SEARCH_ONLY,second_S2D.mat,648,770,8,41620,770,0.9995830059051514,True
PUBLISHED_PRECOMPUTED_FEATURE_EVALUATION,FEATURE_SEARCH_ONLY,second_S2D.mat,648,770,9,41601,770,0.9995821714401245,True
PUBLISHED_PRECOMPUTED_FEATURE_EVALUATION,FEATURE_SEARCH_ONLY,second_S2D.mat,648,770,10,41619,770,0.9995697736740112,True
PUBLISHED_PRECOMPUTED_FEATURE_EVALUATION,FEATURE_SEARCH_ONLY,second_S2D.mat,649,771,1,41680,771,0.9994426369667053,True
PUBLISHED_PRECOMPUTED_FEATURE_EVALUATION,FEATURE_SEARCH_ONLY,second_S2D.mat,649,771,2,41676,771,0.9993987083435059,True
PUBLISHED_PRECOMPUTED_FEATURE_EVALUATION,FEATURE_SEARCH_ONLY,second_S2D.mat,649,771,3,41679,771,0.9993945360183716,True
PUBLISHED_PRECOMPUTED_FEATURE_EVALUATION,FEATURE_SEARCH_ONLY,second_S2D.mat,649,771,4,41657,771,0.9993890523910522,True
PUBLISHED_PRECOMPUTED_FEATURE_EVALUATION,FEATURE_SEARCH_ONLY,second_S2D.mat,649,771,5,41675,771,0.9993828535079956,True
PUBLISHED_PRECOMPUTED_FEATURE_EVALUATION,FEATURE_SEARCH_ONLY,second_S2D.mat,649,771,6,41681,771,0.9993674159049988,True
PUBLISHED_PRECOMPUTED_FEATURE_EVALUATION,FEATURE_SEARCH_ONLY,second_S2D.mat,649,771,7,41670,771,0.9993575215339661,True
PUBLISHED_PRECOMPUTED_FEATURE_EVALUATION,FEATURE_SEARCH_ONLY,second_S2D.mat,649,771,8,41656,771,0.999352753162384,True
PUBLISHED_PRECOMPUTED_FEATURE_EVALUATION,FEATURE_SEARCH_ONLY,second_S2D.mat,649,771,9,41658,771,0.9993352293968201,True
PUBLISHED_PRECOMPUTED_FEATURE_EVALUATION,FEATURE_SEARCH_ONLY,second_S2D.mat,649,771,10,41659,771,0.9993249773979187,True
PUBLISHED_PRECOMPUTED_FEATURE_EVALUATION,FEATURE_SEARCH_ONLY,second_S2D.mat,650,772,1,41722,772,0.9996040463447571,True
PUBLISHED_PRECOMPUTED_FEATURE_EVALUATION,FEATURE_SEARCH_ONLY,second_S2D.mat,650,772,2,41710,772,0.9996013641357422,True
PUBLISHED_PRECOMPUTED_FEATURE_EVALUATION,FEATURE_SEARCH_ONLY,second_S2D.mat,650,772,3,41723,772,0.9995883107185364,True
PUBLISHED_PRECOMPUTED_FEATURE_EVALUATION,FEATURE_SEARCH_ONLY,second_S2D.mat,650,772,4,41704,772,0.9995661377906799,True
PUBLISHED_PRECOMPUTED_FEATURE_EVALUATION,FEATURE_SEARCH_ONLY,second_S2D.mat,650,772,5,41720,772,0.9995434284210205,True
PUBLISHED_PRECOMPUTED_FEATURE_EVALUATION,FEATURE_SEARCH_ONLY,second_S2D.mat,650,772,6,41721,772,0.9995253682136536,True
PUBLISHED_PRECOMPUTED_FEATURE_EVALUATION,FEATURE_SEARCH_ONLY,second_S2D.mat,650,772,7,41702,772,0.9995023012161255,True
PUBLISHED_PRECOMPUTED_FEATURE_EVALUATION,FEATURE_SEARCH_ONLY,second_S2D.mat,650,772,8,41705,772,0.9994876384735107,True
PUBLISHED_PRECOMPUTED_FEATURE_EVALUATION,FEATURE_SEARCH_ONLY,second_S2D.mat,650,772,9,41703,772,0.9994862079620361,True
PUBLISHED_PRECOMPUTED_FEATURE_EVALUATION,FEATURE_SEARCH_ONLY,second_S2D.mat,650,772,10,41729,772,0.9994862079620361,True
PUBLISHED_PRECOMPUTED_FEATURE_EVALUATION,FEATURE_SEARCH_ONLY,second_S2D.mat,651,773,1,41768,773,0.999544620513916,True
PUBLISHED_PRECOMPUTED_FEATURE_EVALUATION,FEATURE_SEARCH_ONLY,second_S2D.mat,651,773,2,41787,773,0.9995431900024414,True
PUBLISHED_PRECOMPUTED_FEATURE_EVALUATION,FEATURE_SEARCH_ONLY,second_S2D.mat,651,773,3,41769,773,0.999518871307373,True
PUBLISHED_PRECOMPUTED_FEATURE_EVALUATION,FEATURE_SEARCH_ONLY,second_S2D.mat,651,773,4,41759,773,0.9995124936103821,True
PUBLISHED_PRECOMPUTED_FEATURE_EVALUATION,FEATURE_SEARCH_ONLY,second_S2D.mat,651,773,5,41750,773,0.9994922280311584,True
PUBLISHED_PRECOMPUTED_FEATURE_EVALUATION,FEATURE_SEARCH_ONLY,second_S2D.mat,651,773,6,41794,773,0.9994691610336304,True
PUBLISHED_PRECOMPUTED_FEATURE_EVALUATION,FEATURE_SEARCH_ONLY,second_S2D.mat,651,773,7,41751,773,0.9994688034057617,True
PUBLISHED_PRECOMPUTED_FEATURE_EVALUATION,FEATURE_SEARCH_ONLY,second_S2D.mat,651,773,8,41776,773,0.9994654655456543,True
PUBLISHED_PRECOMPUTED_FEATURE_EVALUATION,FEATURE_SEARCH_ONLY,second_S2D.mat,651,773,9,41767,773,0.9994617700576782,True
PUBLISHED_PRECOMPUTED_FEATURE_EVALUATION,FEATURE_SEARCH_ONLY,second_S2D.mat,651,773,10,41777,773,0.9994547367095947,True
PUBLISHED_PRECOMPUTED_FEATURE_EVALUATION,FEATURE_SEARCH_ONLY,second_S2D.mat,652,775,1,41877,775,0.9996606111526489,True
PUBLISHED_PRECOMPUTED_FEATURE_EVALUATION,FEATURE_SEARCH_ONLY,second_S2D.mat,652,775,2,41886,775,0.9996597766876221,True
PUBLISHED_PRECOMPUTED_FEATURE_EVALUATION,FEATURE_SEARCH_ONLY,second_S2D.mat,652,775,3,41895,775,0.9995840191841125,True
PUBLISHED_PRECOMPUTED_FEATURE_EVALUATION,FEATURE_SEARCH_ONLY,second_S2D.mat,652,775,4,41885,775,0.9995826482772827,True
PUBLISHED_PRECOMPUTED_FEATURE_EVALUATION,FEATURE_SEARCH_ONLY,second_S2D.mat,652,775,5,41878,775,0.9995747208595276,True
PUBLISHED_PRECOMPUTED_FEATURE_EVALUATION,FEATURE_SEARCH_ONLY,second_S2D.mat,652,775,6,41884,775,0.999565601348877,True
PUBLISHED_PRECOMPUTED_FEATURE_EVALUATION,FEATURE_SEARCH_ONLY,second_S2D.mat,652,775,7,41887,775,0.99956214427948,True
PUBLISHED_PRECOMPUTED_FEATURE_EVALUATION,FEATURE_SEARCH_ONLY,second_S2D.mat,652,775,8,41876,775,0.9995263814926147,True
PUBLISHED_PRECOMPUTED_FEATURE_EVALUATION,FEATURE_SEARCH_ONLY,second_S2D.mat,652,775,9,41880,775,0.9995113611221313,True
PUBLISHED_PRECOMPUTED_FEATURE_EVALUATION,FEATURE_SEARCH_ONLY,second_S2D.mat,652,775,10,41869,775,0.9995012879371643,True
PUBLISHED_PRECOMPUTED_FEATURE_EVALUATION,FEATURE_SEARCH_ONLY,second_S2D.mat,653,776,1,41939,776,0.9997736215591431,True
PUBLISHED_PRECOMPUTED_FEATURE_EVALUATION,FEATURE_SEARCH_ONLY,second_S2D.mat,653,776,2,41950,776,0.9997339844703674,True
PUBLISHED_PRECOMPUTED_FEATURE_EVALUATION,FEATURE_SEARCH_ONLY,second_S2D.mat,653,776,3,41951,776,0.9997338056564331,True
PUBLISHED_PRECOMPUTED_FEATURE_EVALUATION,FEATURE_SEARCH_ONLY,second_S2D.mat,653,776,4,41949,776,0.9997294545173645,True
PUBLISHED_PRECOMPUTED_FEATURE_EVALUATION,FEATURE_SEARCH_ONLY,second_S2D.mat,653,776,5,41941,776,0.9997091293334961,True
PUBLISHED_PRECOMPUTED_FEATURE_EVALUATION,FEATURE_SEARCH_ONLY,second_S2D.mat,653,776,6,41944,776,0.99970543384552,True
PUBLISHED_PRECOMPUTED_FEATURE_EVALUATION,FEATURE_SEARCH_ONLY,second_S2D.mat,653,776,7,41940,776,0.9997052550315857,True
PUBLISHED_PRECOMPUTED_FEATURE_EVALUATION,FEATURE_SEARCH_ONLY,second_S2D.mat,653,776,8,41948,776,0.9997044801712036,True
PUBLISHED_PRECOMPUTED_FEATURE_EVALUATION,FEATURE_SEARCH_ONLY,second_S2D.mat,653,776,9,41945,776,0.9996788501739502,True
PUBLISHED_PRECOMPUTED_FEATURE_EVALUATION,FEATURE_SEARCH_ONLY,second_S2D.mat,653,776,10,41943,776,0.9996778964996338,True
PUBLISHED_PRECOMPUTED_FEATURE_EVALUATION,FEATURE_SEARCH_ONLY,second_S2D.mat,654,777,1,41976,777,0.9996321201324463,True
PUBLISHED_PRECOMPUTED_FEATURE_EVALUATION,FEATURE_SEARCH_ONLY,second_S2D.mat,654,777,2,42001,777,0.9995874762535095,True
PUBLISHED_PRECOMPUTED_FEATURE_EVALUATION,FEATURE_SEARCH_ONLY,second_S2D.mat,654,777,3,41981,777,0.9995789527893066,True
PUBLISHED_PRECOMPUTED_FEATURE_EVALUATION,FEATURE_SEARCH_ONLY,second_S2D.mat,654,777,4,42000,777,0.9995789527893066,True
PUBLISHED_PRECOMPUTED_FEATURE_EVALUATION,FEATURE_SEARCH_ONLY,second_S2D.mat,654,777,5,41984,777,0.9995770454406738,True
PUBLISHED_PRECOMPUTED_FEATURE_EVALUATION,FEATURE_SEARCH_ONLY,second_S2D.mat,654,777,6,41994,777,0.9995763897895813,True
PUBLISHED_PRECOMPUTED_FEATURE_EVALUATION,FEATURE_SEARCH_ONLY,second_S2D.mat,654,777,7,41997,777,0.9995660185813904,True
PUBLISHED_PRECOMPUTED_FEATURE_EVALUATION,FEATURE_SEARCH_ONLY,second_S2D.mat,654,777,8,41980,777,0.999565839767456,True
PUBLISHED_PRECOMPUTED_FEATURE_EVALUATION,FEATURE_SEARCH_ONLY,second_S2D.mat,654,777,9,41999,777,0.9995611906051636,True
PUBLISHED_PRECOMPUTED_FEATURE_EVALUATION,FEATURE_SEARCH_ONLY,second_S2D.mat,654,777,10,41989,777,0.9995598793029785,True
PUBLISHED_PRECOMPUTED_FEATURE_EVALUATION,FEATURE_SEARCH_ONLY,second_S2D.mat,655,778,1,42048,778,0.9996726512908936,True
PUBLISHED_PRECOMPUTED_FEATURE_EVALUATION,FEATURE_SEARCH_ONLY,second_S2D.mat,655,778,2,42065,778,0.9996719360351562,True
PUBLISHED_PRECOMPUTED_FEATURE_EVALUATION,FEATURE_SEARCH_ONLY,second_S2D.mat,655,778,3,42052,778,0.9996578693389893,True
PUBLISHED_PRECOMPUTED_FEATURE_EVALUATION,FEATURE_SEARCH_ONLY,second_S2D.mat,655,778,4,42047,778,0.999650776386261,True
PUBLISHED_PRECOMPUTED_FEATURE_EVALUATION,FEATURE_SEARCH_ONLY,second_S2D.mat,655,778,5,42064,778,0.999626636505127,True
PUBLISHED_PRECOMPUTED_FEATURE_EVALUATION,FEATURE_SEARCH_ONLY,second_S2D.mat,655,778,6,42053,778,0.9996090531349182,True
PUBLISHED_PRECOMPUTED_FEATURE_EVALUATION,FEATURE_SEARCH_ONLY,second_S2D.mat,655,778,7,42063,778,0.9995919466018677,True
PUBLISHED_PRECOMPUTED_FEATURE_EVALUATION,FEATURE_SEARCH_ONLY,second_S2D.mat,655,778,8,42051,778,0.999574601650238,True
PUBLISHED_PRECOMPUTED_FEATURE_EVALUATION,FEATURE_SEARCH_ONLY,second_S2D.mat,655,778,9,42058,778,0.9995726346969604,True
PUBLISHED_PRECOMPUTED_FEATURE_EVALUATION,FEATURE_SEARCH_ONLY,second_S2D.mat,655,778,10,42034,778,0.9995703101158142,True
PUBLISHED_PRECOMPUTED_FEATURE_EVALUATION,FEATURE_SEARCH_ONLY,second_S2D.mat,656,780,1,42156,780,0.9992879033088684,True
PUBLISHED_PRECOMPUTED_FEATURE_EVALUATION,FEATURE_SEARCH_ONLY,second_S2D.mat,656,780,2,42147,780,0.9992747902870178,True
PUBLISHED_PRECOMPUTED_FEATURE_EVALUATION,FEATURE_SEARCH_ONLY,second_S2D.mat,656,780,3,42148,780,0.9992474317550659,True
PUBLISHED_PRECOMPUTED_FEATURE_EVALUATION,FEATURE_SEARCH_ONLY,second_S2D.mat,656,780,4,42138,780,0.9992456436157227,True
PUBLISHED_PRECOMPUTED_FEATURE_EVALUATION,FEATURE_SEARCH_ONLY,second_S2D.mat,656,780,5,42142,780,0.9992443919181824,True
PUBLISHED_PRECOMPUTED_FEATURE_EVALUATION,FEATURE_SEARCH_ONLY,second_S2D.mat,656,780,6,42157,780,0.9992426037788391,True
PUBLISHED_PRECOMPUTED_FEATURE_EVALUATION,FEATURE_SEARCH_ONLY,second_S2D.mat,656,780,7,42149,780,0.9992275834083557,True
PUBLISHED_PRECOMPUTED_FEATURE_EVALUATION,FEATURE_SEARCH_ONLY,second_S2D.mat,656,780,8,42146,780,0.9992150664329529,True
PUBLISHED_PRECOMPUTED_FEATURE_EVALUATION,FEATURE_SEARCH_ONLY,second_S2D.mat,656,780,9,42129,780,0.9992032647132874,True
PUBLISHED_PRECOMPUTED_FEATURE_EVALUATION,FEATURE_SEARCH_ONLY,second_S2D.mat,656,780,10,42160,780,0.9991916418075562,True
PUBLISHED_PRECOMPUTED_FEATURE_EVALUATION,FEATURE_SEARCH_ONLY,second_S2D.mat,657,781,1,17299,320,0.9982202649116516,False
PUBLISHED_PRECOMPUTED_FEATURE_EVALUATION,FEATURE_SEARCH_ONLY,second_S2D.mat,657,781,2,17281,320,0.9982192516326904,False
PUBLISHED_PRECOMPUTED_FEATURE_EVALUATION,FEATURE_SEARCH_ONLY,second_S2D.mat,657,781,3,17282,320,0.9981999397277832,False
PUBLISHED_PRECOMPUTED_FEATURE_EVALUATION,FEATURE_SEARCH_ONLY,second_S2D.mat,657,781,4,17283,320,0.9981962442398071,False
PUBLISHED_PRECOMPUTED_FEATURE_EVALUATION,FEATURE_SEARCH_ONLY,second_S2D.mat,657,781,5,17300,320,0.998138427734375,False
PUBLISHED_PRECOMPUTED_FEATURE_EVALUATION,FEATURE_SEARCH_ONLY,second_S2D.mat,657,781,6,17288,320,0.9981186389923096,False
PUBLISHED_PRECOMPUTED_FEATURE_EVALUATION,FEATURE_SEARCH_ONLY,second_S2D.mat,657,781,7,17319,320,0.9980848431587219,False
PUBLISHED_PRECOMPUTED_FEATURE_EVALUATION,FEATURE_SEARCH_ONLY,second_S2D.mat,657,781,8,4400,81,0.9980745911598206,False
PUBLISHED_PRECOMPUTED_FEATURE_EVALUATION,FEATURE_SEARCH_ONLY,second_S2D.mat,657,781,9,17301,320,0.9980695247650146,False
PUBLISHED_PRECOMPUTED_FEATURE_EVALUATION,FEATURE_SEARCH_ONLY,second_S2D.mat,657,781,10,29523,546,0.998062014579773,False
PUBLISHED_PRECOMPUTED_FEATURE_EVALUATION,FEATURE_SEARCH_ONLY,second_S2D.mat,658,782,1,42241,782,0.9991577863693237,True
PUBLISHED_PRECOMPUTED_FEATURE_EVALUATION,FEATURE_SEARCH_ONLY,second_S2D.mat,658,782,2,42240,782,0.9991375207901001,True
PUBLISHED_PRECOMPUTED_FEATURE_EVALUATION,FEATURE_SEARCH_ONLY,second_S2D.mat,658,782,3,42250,782,0.9991018176078796,True
PUBLISHED_PRECOMPUTED_FEATURE_EVALUATION,FEATURE_SEARCH_ONLY,second_S2D.mat,658,782,4,42239,782,0.9990949630737305,True
PUBLISHED_PRECOMPUTED_FEATURE_EVALUATION,FEATURE_SEARCH_ONLY,second_S2D.mat,658,782,5,42254,782,0.9990602731704712,True
PUBLISHED_PRECOMPUTED_FEATURE_EVALUATION,FEATURE_SEARCH_ONLY,second_S2D.mat,658,782,6,42268,782,0.9990589618682861,True
PUBLISHED_PRECOMPUTED_FEATURE_EVALUATION,FEATURE_SEARCH_ONLY,second_S2D.mat,658,782,7,42255,782,0.9990586638450623,True
PUBLISHED_PRECOMPUTED_FEATURE_EVALUATION,FEATURE_SEARCH_ONLY,second_S2D.mat,658,782,8,42236,782,0.9990549683570862,True
PUBLISHED_PRECOMPUTED_FEATURE_EVALUATION,FEATURE_SEARCH_ONLY,second_S2D.mat,658,782,9,42259,782,0.9990468621253967,True
PUBLISHED_PRECOMPUTED_FEATURE_EVALUATION,FEATURE_SEARCH_ONLY,second_S2D.mat,658,782,10,42256,782,0.9990465044975281,True
PUBLISHED_PRECOMPUTED_FEATURE_EVALUATION,FEATURE_SEARCH_ONLY,second_S2D.mat,659,783,1,42297,783,0.9992085695266724,True
PUBLISHED_PRECOMPUTED_FEATURE_EVALUATION,FEATURE_SEARCH_ONLY,second_S2D.mat,659,783,2,42298,783,0.9991809725761414,True
PUBLISHED_PRECOMPUTED_FEATURE_EVALUATION,FEATURE_SEARCH_ONLY,second_S2D.mat,659,783,3,42315,783,0.999143660068512,True
PUBLISHED_PRECOMPUTED_FEATURE_EVALUATION,FEATURE_SEARCH_ONLY,second_S2D.mat,659,783,4,42316,783,0.9991187453269958,True
PUBLISHED_PRECOMPUTED_FEATURE_EVALUATION,FEATURE_SEARCH_ONLY,second_S2D.mat,659,783,5,42299,783,0.9990887641906738,True
PUBLISHED_PRECOMPUTED_FEATURE_EVALUATION,FEATURE_SEARCH_ONLY,second_S2D.mat,659,783,6,42317,783,0.9990720748901367,True
PUBLISHED_PRECOMPUTED_FEATURE_EVALUATION,FEATURE_SEARCH_ONLY,second_S2D.mat,659,783,7,42300,783,0.9990216493606567,True
PUBLISHED_PRECOMPUTED_FEATURE_EVALUATION,FEATURE_SEARCH_ONLY,second_S2D.mat,659,783,8,42306,783,0.9989927411079407,True
PUBLISHED_PRECOMPUTED_FEATURE_EVALUATION,FEATURE_SEARCH_ONLY,second_S2D.mat,659,783,9,42295,783,0.9989771246910095,True
PUBLISHED_PRECOMPUTED_FEATURE_EVALUATION,FEATURE_SEARCH_ONLY,second_S2D.mat,659,783,10,42318,783,0.9989537000656128,True
PUBLISHED_PRECOMPUTED_FEATURE_EVALUATION,FEATURE_SEARCH_ONLY,second_S2D.mat,660,784,1,42384,784,0.9992064237594604,True
PUBLISHED_PRECOMPUTED_FEATURE_EVALUATION,FEATURE_SEARCH_ONLY,second_S2D.mat,660,784,2,42385,784,0.9991897940635681,True
PUBLISHED_PRECOMPUTED_FEATURE_EVALUATION,FEATURE_SEARCH_ONLY,second_S2D.mat,660,784,3,42366,784,0.9991859197616577,True
PUBLISHED_PRECOMPUTED_FEATURE_EVALUATION,FEATURE_SEARCH_ONLY,second_S2D.mat,660,784,4,42348,784,0.9991705417633057,True
PUBLISHED_PRECOMPUTED_FEATURE_EVALUATION,FEATURE_SEARCH_ONLY,second_S2D.mat,660,784,5,42349,784,0.9991497993469238,True
PUBLISHED_PRECOMPUTED_FEATURE_EVALUATION,FEATURE_SEARCH_ONLY,second_S2D.mat,660,784,6,42365,784,0.9991322159767151,True
PUBLISHED_PRECOMPUTED_FEATURE_EVALUATION,FEATURE_SEARCH_ONLY,second_S2D.mat,660,784,7,42347,784,0.9991297125816345,True
PUBLISHED_PRECOMPUTED_FEATURE_EVALUATION,FEATURE_SEARCH_ONLY,second_S2D.mat,660,784,8,42367,784,0.9991244077682495,True
PUBLISHED_PRECOMPUTED_FEATURE_EVALUATION,FEATURE_SEARCH_ONLY,second_S2D.mat,660,784,9,42352,784,0.9990554451942444,True
PUBLISHED_PRECOMPUTED_FEATURE_EVALUATION,FEATURE_SEARCH_ONLY,second_S2D.mat,660,784,10,42351,784,0.9990274906158447,True
PUBLISHED_PRECOMPUTED_FEATURE_EVALUATION,FEATURE_SEARCH_ONLY,second_S2D.mat,661,785,1,42420,785,0.999448299407959,True
PUBLISHED_PRECOMPUTED_FEATURE_EVALUATION,FEATURE_SEARCH_ONLY,second_S2D.mat,661,785,2,42402,785,0.9994005560874939,True
PUBLISHED_PRECOMPUTED_FEATURE_EVALUATION,FEATURE_SEARCH_ONLY,second_S2D.mat,661,785,3,42427,785,0.9993983507156372,True
PUBLISHED_PRECOMPUTED_FEATURE_EVALUATION,FEATURE_SEARCH_ONLY,second_S2D.mat,661,785,4,42428,785,0.9993820190429688,True
PUBLISHED_PRECOMPUTED_FEATURE_EVALUATION,FEATURE_SEARCH_ONLY,second_S2D.mat,661,785,5,42419,785,0.999380350112915,True
PUBLISHED_PRECOMPUTED_FEATURE_EVALUATION,FEATURE_SEARCH_ONLY,second_S2D.mat,661,785,6,42421,785,0.9993616342544556,True
PUBLISHED_PRECOMPUTED_FEATURE_EVALUATION,FEATURE_SEARCH_ONLY,second_S2D.mat,661,785,7,42403,785,0.999361515045166,True
PUBLISHED_PRECOMPUTED_FEATURE_EVALUATION,FEATURE_SEARCH_ONLY,second_S2D.mat,661,785,8,42436,785,0.9993373155593872,True
PUBLISHED_PRECOMPUTED_FEATURE_EVALUATION,FEATURE_SEARCH_ONLY,second_S2D.mat,661,785,9,42435,785,0.9993255138397217,True
PUBLISHED_PRECOMPUTED_FEATURE_EVALUATION,FEATURE_SEARCH_ONLY,second_S2D.mat,661,785,10,42437,785,0.9993117451667786,True
PUBLISHED_PRECOMPUTED_FEATURE_EVALUATION,FEATURE_SEARCH_ONLY,second_S2D.mat,662,787,1,42515,787,0.9992735385894775,True
PUBLISHED_PRECOMPUTED_FEATURE_EVALUATION,FEATURE_SEARCH_ONLY,second_S2D.mat,662,787,2,42513,787,0.999247133731842,True
PUBLISHED_PRECOMPUTED_FEATURE_EVALUATION,FEATURE_SEARCH_ONLY,second_S2D.mat,662,787,3,42514,787,0.9992464780807495,True
PUBLISHED_PRECOMPUTED_FEATURE_EVALUATION,FEATURE_SEARCH_ONLY,second_S2D.mat,662,787,4,42531,787,0.9992091655731201,True
PUBLISHED_PRECOMPUTED_FEATURE_EVALUATION,FEATURE_SEARCH_ONLY,second_S2D.mat,662,787,5,42516,787,0.9992029666900635,True
PUBLISHED_PRECOMPUTED_FEATURE_EVALUATION,FEATURE_SEARCH_ONLY,second_S2D.mat,662,787,6,42530,787,0.9991832971572876,True
PUBLISHED_PRECOMPUTED_FEATURE_EVALUATION,FEATURE_SEARCH_ONLY,second_S2D.mat,662,787,7,42532,787,0.999180257320404,True
PUBLISHED_PRECOMPUTED_FEATURE_EVALUATION,FEATURE_SEARCH_ONLY,second_S2D.mat,662,787,8,42517,787,0.9991734027862549,True
PUBLISHED_PRECOMPUTED_FEATURE_EVALUATION,FEATURE_SEARCH_ONLY,second_S2D.mat,662,787,9,42507,787,0.9991681575775146,True
PUBLISHED_PRECOMPUTED_FEATURE_EVALUATION,FEATURE_SEARCH_ONLY,second_S2D.mat,662,787,10,42523,787,0.9991592168807983,True
PUBLISHED_PRECOMPUTED_FEATURE_EVALUATION,FEATURE_SEARCH_ONLY,second_S2D.mat,663,788,1,42588,788,0.9996065497398376,True
PUBLISHED_PRECOMPUTED_FEATURE_EVALUATION,FEATURE_SEARCH_ONLY,second_S2D.mat,663,788,2,42605,788,0.9995431900024414,True
PUBLISHED_PRECOMPUTED_FEATURE_EVALUATION,FEATURE_SEARCH_ONLY,second_S2D.mat,663,788,3,42602,788,0.9995400309562683,True
PUBLISHED_PRECOMPUTED_FEATURE_EVALUATION,FEATURE_SEARCH_ONLY,second_S2D.mat,663,788,4,42587,788,0.9995295405387878,True
PUBLISHED_PRECOMPUTED_FEATURE_EVALUATION,FEATURE_SEARCH_ONLY,second_S2D.mat,663,788,5,42603,788,0.9995191097259521,True
PUBLISHED_PRECOMPUTED_FEATURE_EVALUATION,FEATURE_SEARCH_ONLY,second_S2D.mat,663,788,6,42592,788,0.9995079636573792,True
PUBLISHED_PRECOMPUTED_FEATURE_EVALUATION,FEATURE_SEARCH_ONLY,second_S2D.mat,663,788,7,42601,788,0.9995032548904419,True
PUBLISHED_PRECOMPUTED_FEATURE_EVALUATION,FEATURE_SEARCH_ONLY,second_S2D.mat,663,788,8,42584,788,0.9994943141937256,True
PUBLISHED_PRECOMPUTED_FEATURE_EVALUATION,FEATURE_SEARCH_ONLY,second_S2D.mat,663,788,9,42604,788,0.9994841814041138,True
PUBLISHED_PRECOMPUTED_FEATURE_EVALUATION,FEATURE_SEARCH_ONLY,second_S2D.mat,663,788,10,42591,788,0.9994713068008423,True
PUBLISHED_PRECOMPUTED_FEATURE_EVALUATION,FEATURE_SEARCH_ONLY,second_S2D.mat,664,789,1,42647,789,0.9989274144172668,True
PUBLISHED_PRECOMPUTED_FEATURE_EVALUATION,FEATURE_SEARCH_ONLY,second_S2D.mat,664,789,2,42648,789,0.9988905191421509,True
PUBLISHED_PRECOMPUTED_FEATURE_EVALUATION,FEATURE_SEARCH_ONLY,second_S2D.mat,664,789,3,42630,789,0.9988614916801453,True
PUBLISHED_PRECOMPUTED_FEATURE_EVALUATION,FEATURE_SEARCH_ONLY,second_S2D.mat,664,789,4,42631,789,0.9988589286804199,True
PUBLISHED_PRECOMPUTED_FEATURE_EVALUATION,FEATURE_SEARCH_ONLY,second_S2D.mat,664,789,5,42628,789,0.9988504648208618,True
PUBLISHED_PRECOMPUTED_FEATURE_EVALUATION,FEATURE_SEARCH_ONLY,second_S2D.mat,664,789,6,42627,789,0.9988438487052917,True
PUBLISHED_PRECOMPUTED_FEATURE_EVALUATION,FEATURE_SEARCH_ONLY,second_S2D.mat,664,789,7,42646,789,0.9988089799880981,True
PUBLISHED_PRECOMPUTED_FEATURE_EVALUATION,FEATURE_SEARCH_ONLY,second_S2D.mat,664,789,8,42629,789,0.9988064765930176,True
PUBLISHED_PRECOMPUTED_FEATURE_EVALUATION,FEATURE_SEARCH_ONLY,second_S2D.mat,664,789,9,42658,789,0.9987707138061523,True
PUBLISHED_PRECOMPUTED_FEATURE_EVALUATION,FEATURE_SEARCH_ONLY,second_S2D.mat,664,789,10,42649,789,0.998768150806427,True
PUBLISHED_PRECOMPUTED_FEATURE_EVALUATION,FEATURE_SEARCH_ONLY,second_S2D.mat,665,790,1,42689,790,0.9994747638702393,True
PUBLISHED_PRECOMPUTED_FEATURE_EVALUATION,FEATURE_SEARCH_ONLY,second_S2D.mat,665,790,2,42696,790,0.9994683861732483,True
PUBLISHED_PRECOMPUTED_FEATURE_EVALUATION,FEATURE_SEARCH_ONLY,second_S2D.mat,665,790,3,42707,790,0.9994580745697021,True
PUBLISHED_PRECOMPUTED_FEATURE_EVALUATION,FEATURE_SEARCH_ONLY,second_S2D.mat,665,790,4,42695,790,0.9994539618492126,True
PUBLISHED_PRECOMPUTED_FEATURE_EVALUATION,FEATURE_SEARCH_ONLY,second_S2D.mat,665,790,5,42706,790,0.9994512796401978,True
PUBLISHED_PRECOMPUTED_FEATURE_EVALUATION,FEATURE_SEARCH_ONLY,second_S2D.mat,665,790,6,42687,790,0.9994380474090576,True
PUBLISHED_PRECOMPUTED_FEATURE_EVALUATION,FEATURE_SEARCH_ONLY,second_S2D.mat,665,790,7,42705,790,0.9994195699691772,True
PUBLISHED_PRECOMPUTED_FEATURE_EVALUATION,FEATURE_SEARCH_ONLY,second_S2D.mat,665,790,8,42698,790,0.9994161128997803,True
PUBLISHED_PRECOMPUTED_FEATURE_EVALUATION,FEATURE_SEARCH_ONLY,second_S2D.mat,665,790,9,42678,790,0.9994124174118042,True
PUBLISHED_PRECOMPUTED_FEATURE_EVALUATION,FEATURE_SEARCH_ONLY,second_S2D.mat,665,790,10,42708,790,0.9993895292282104,True
PUBLISHED_PRECOMPUTED_FEATURE_EVALUATION,FEATURE_SEARCH_ONLY,second_S2D.mat,666,791,1,42731,791,0.9994969964027405,True
PUBLISHED_PRECOMPUTED_FEATURE_EVALUATION,FEATURE_SEARCH_ONLY,second_S2D.mat,666,791,2,42749,791,0.99943608045578,True
PUBLISHED_PRECOMPUTED_FEATURE_EVALUATION,FEATURE_SEARCH_ONLY,second_S2D.mat,666,791,3,42750,791,0.9994194507598877,True
PUBLISHED_PRECOMPUTED_FEATURE_EVALUATION,FEATURE_SEARCH_ONLY,second_S2D.mat,666,791,4,42730,791,0.9994151592254639,True
PUBLISHED_PRECOMPUTED_FEATURE_EVALUATION,FEATURE_SEARCH_ONLY,second_S2D.mat,666,791,5,42751,791,0.9993924498558044,True
PUBLISHED_PRECOMPUTED_FEATURE_EVALUATION,FEATURE_SEARCH_ONLY,second_S2D.mat,666,791,6,42732,791,0.9993780255317688,True
PUBLISHED_PRECOMPUTED_FEATURE_EVALUATION,FEATURE_SEARCH_ONLY,second_S2D.mat,666,791,7,42729,791,0.9993765950202942,True
PUBLISHED_PRECOMPUTED_FEATURE_EVALUATION,FEATURE_SEARCH_ONLY,second_S2D.mat,666,791,8,42745,791,0.9993411898612976,True
PUBLISHED_PRECOMPUTED_FEATURE_EVALUATION,FEATURE_SEARCH_ONLY,second_S2D.mat,666,791,9,42726,791,0.9993401169776917,True
PUBLISHED_PRECOMPUTED_FEATURE_EVALUATION,FEATURE_SEARCH_ONLY,second_S2D.mat,666,791,10,42747,791,0.9993332624435425,True
PUBLISHED_PRECOMPUTED_FEATURE_EVALUATION,FEATURE_SEARCH_ONLY,second_S2D.mat,667,792,1,42794,792,0.999544620513916,True
PUBLISHED_PRECOMPUTED_FEATURE_EVALUATION,FEATURE_SEARCH_ONLY,second_S2D.mat,667,792,2,42809,792,0.9995149374008179,True
PUBLISHED_PRECOMPUTED_FEATURE_EVALUATION,FEATURE_SEARCH_ONLY,second_S2D.mat,667,792,3,42791,792,0.9994961619377136,True
PUBLISHED_PRECOMPUTED_FEATURE_EVALUATION,FEATURE_SEARCH_ONLY,second_S2D.mat,667,792,4,42810,792,0.9994899034500122,True
PUBLISHED_PRECOMPUTED_FEATURE_EVALUATION,FEATURE_SEARCH_ONLY,second_S2D.mat,667,792,5,42795,792,0.9994795322418213,True
PUBLISHED_PRECOMPUTED_FEATURE_EVALUATION,FEATURE_SEARCH_ONLY,second_S2D.mat,667,792,6,42792,792,0.9994702935218811,True
PUBLISHED_PRECOMPUTED_FEATURE_EVALUATION,FEATURE_SEARCH_ONLY,second_S2D.mat,667,792,7,42796,792,0.9994692206382751,True
PUBLISHED_PRECOMPUTED_FEATURE_EVALUATION,FEATURE_SEARCH_ONLY,second_S2D.mat,667,792,8,42803,792,0.9994592070579529,True
PUBLISHED_PRECOMPUTED_FEATURE_EVALUATION,FEATURE_SEARCH_ONLY,second_S2D.mat,667,792,9,42802,792,0.9994590282440186,True
PUBLISHED_PRECOMPUTED_FEATURE_EVALUATION,FEATURE_SEARCH_ONLY,second_S2D.mat,667,792,10,42793,792,0.9994557499885559,True
PUBLISHED_PRECOMPUTED_FEATURE_EVALUATION,FEATURE_SEARCH_ONLY,second_S2D.mat,668,795,1,42956,795,0.9985337257385254,True
PUBLISHED_PRECOMPUTED_FEATURE_EVALUATION,FEATURE_SEARCH_ONLY,second_S2D.mat,668,795,2,42973,795,0.9985189437866211,True
PUBLISHED_PRECOMPUTED_FEATURE_EVALUATION,FEATURE_SEARCH_ONLY,second_S2D.mat,668,795,3,42976,795,0.9984627962112427,True
PUBLISHED_PRECOMPUTED_FEATURE_EVALUATION,FEATURE_SEARCH_ONLY,second_S2D.mat,668,795,4,42957,795,0.998458206653595,True
PUBLISHED_PRECOMPUTED_FEATURE_EVALUATION,FEATURE_SEARCH_ONLY,second_S2D.mat,668,795,5,42974,795,0.998453676700592,True
PUBLISHED_PRECOMPUTED_FEATURE_EVALUATION,FEATURE_SEARCH_ONLY,second_S2D.mat,668,795,6,42941,795,0.9984359741210938,True
PUBLISHED_PRECOMPUTED_FEATURE_EVALUATION,FEATURE_SEARCH_ONLY,second_S2D.mat,668,795,7,42961,795,0.9984300136566162,True
PUBLISHED_PRECOMPUTED_FEATURE_EVALUATION,FEATURE_SEARCH_ONLY,second_S2D.mat,668,795,8,42979,795,0.9984300136566162,True
PUBLISHED_PRECOMPUTED_FEATURE_EVALUATION,FEATURE_SEARCH_ONLY,second_S2D.mat,668,795,9,42975,795,0.9984166026115417,True
PUBLISHED_PRECOMPUTED_FEATURE_EVALUATION,FEATURE_SEARCH_ONLY,second_S2D.mat,668,795,10,42938,795,0.9984080791473389,True
PUBLISHED_PRECOMPUTED_FEATURE_EVALUATION,FEATURE_SEARCH_ONLY,second_S2D.mat,669,796,1,43023,796,0.9990174770355225,True
PUBLISHED_PRECOMPUTED_FEATURE_EVALUATION,FEATURE_SEARCH_ONLY,second_S2D.mat,669,796,2,43007,796,0.998918354511261,True
PUBLISHED_PRECOMPUTED_FEATURE_EVALUATION,FEATURE_SEARCH_ONLY,second_S2D.mat,669,796,3,43024,796,0.9988698959350586,True
PUBLISHED_PRECOMPUTED_FEATURE_EVALUATION,FEATURE_SEARCH_ONLY,second_S2D.mat,669,796,4,43028,796,0.9988692402839661,True
PUBLISHED_PRECOMPUTED_FEATURE_EVALUATION,FEATURE_SEARCH_ONLY,second_S2D.mat,669,796,5,43005,796,0.9988347291946411,True
PUBLISHED_PRECOMPUTED_FEATURE_EVALUATION,FEATURE_SEARCH_ONLY,second_S2D.mat,669,796,6,43006,796,0.9988318681716919,True
PUBLISHED_PRECOMPUTED_FEATURE_EVALUATION,FEATURE_SEARCH_ONLY,second_S2D.mat,669,796,7,43025,796,0.9988098740577698,True
PUBLISHED_PRECOMPUTED_FEATURE_EVALUATION,FEATURE_SEARCH_ONLY,second_S2D.mat,669,796,8,43010,796,0.9987980723381042,True
PUBLISHED_PRECOMPUTED_FEATURE_EVALUATION,FEATURE_SEARCH_ONLY,second_S2D.mat,669,796,9,43027,796,0.9987705945968628,True
PUBLISHED_PRECOMPUTED_FEATURE_EVALUATION,FEATURE_SEARCH_ONLY,second_S2D.mat,669,796,10,43009,796,0.9987273216247559,True
PUBLISHED_PRECOMPUTED_FEATURE_EVALUATION,FEATURE_SEARCH_ONLY,second_S2D.mat,670,797,1,43073,797,0.998784601688385,True
PUBLISHED_PRECOMPUTED_FEATURE_EVALUATION,FEATURE_SEARCH_ONLY,second_S2D.mat,670,797,2,43072,797,0.9987006187438965,True
PUBLISHED_PRECOMPUTED_FEATURE_EVALUATION,FEATURE_SEARCH_ONLY,second_S2D.mat,670,797,3,43055,797,0.9986682534217834,True
PUBLISHED_PRECOMPUTED_FEATURE_EVALUATION,FEATURE_SEARCH_ONLY,second_S2D.mat,670,797,4,43068,797,0.9986004829406738,True
PUBLISHED_PRECOMPUTED_FEATURE_EVALUATION,FEATURE_SEARCH_ONLY,second_S2D.mat,670,797,5,43067,797,0.9985809922218323,True
PUBLISHED_PRECOMPUTED_FEATURE_EVALUATION,FEATURE_SEARCH_ONLY,second_S2D.mat,670,797,6,43066,797,0.9985470175743103,True
PUBLISHED_PRECOMPUTED_FEATURE_EVALUATION,FEATURE_SEARCH_ONLY,second_S2D.mat,670,797,7,43050,797,0.9985377192497253,True
PUBLISHED_PRECOMPUTED_FEATURE_EVALUATION,FEATURE_SEARCH_ONLY,second_S2D.mat,670,797,8,43090,797,0.998537540435791,True
PUBLISHED_PRECOMPUTED_FEATURE_EVALUATION,FEATURE_SEARCH_ONLY,second_S2D.mat,670,797,9,43087,797,0.9985352754592896,True
PUBLISHED_PRECOMPUTED_FEATURE_EVALUATION,FEATURE_SEARCH_ONLY,second_S2D.mat,670,797,10,22585,418,0.9985028505325317,False
PUBLISHED_PRECOMPUTED_FEATURE_EVALUATION,FEATURE_SEARCH_ONLY,second_S2D.mat,671,798,1,43099,798,0.9989449381828308,True
PUBLISHED_PRECOMPUTED_FEATURE_EVALUATION,FEATURE_SEARCH_ONLY,second_S2D.mat,671,798,2,43098,798,0.9989441633224487,True
PUBLISHED_PRECOMPUTED_FEATURE_EVALUATION,FEATURE_SEARCH_ONLY,second_S2D.mat,671,798,3,43124,798,0.998917281627655,True
PUBLISHED_PRECOMPUTED_FEATURE_EVALUATION,FEATURE_SEARCH_ONLY,second_S2D.mat,671,798,4,43119,798,0.9989045858383179,True
PUBLISHED_PRECOMPUTED_FEATURE_EVALUATION,FEATURE_SEARCH_ONLY,second_S2D.mat,671,798,5,43144,798,0.9988740086555481,True
PUBLISHED_PRECOMPUTED_FEATURE_EVALUATION,FEATURE_SEARCH_ONLY,second_S2D.mat,671,798,6,43108,798,0.9988733530044556,True
PUBLISHED_PRECOMPUTED_FEATURE_EVALUATION,FEATURE_SEARCH_ONLY,second_S2D.mat,671,798,7,43127,798,0.9988608956336975,True
PUBLISHED_PRECOMPUTED_FEATURE_EVALUATION,FEATURE_SEARCH_ONLY,second_S2D.mat,671,798,8,43093,798,0.9988503456115723,True
PUBLISHED_PRECOMPUTED_FEATURE_EVALUATION,FEATURE_SEARCH_ONLY,second_S2D.mat,671,798,9,43123,798,0.9988499879837036,True
PUBLISHED_PRECOMPUTED_FEATURE_EVALUATION,FEATURE_SEARCH_ONLY,second_S2D.mat,671,798,10,43125,798,0.9988495111465454,True
PUBLISHED_PRECOMPUTED_FEATURE_EVALUATION,FEATURE_SEARCH_ONLY,second_S2D.mat,672,799,1,41905,776,0.9990516901016235,False
PUBLISHED_PRECOMPUTED_FEATURE_EVALUATION,FEATURE_SEARCH_ONLY,second_S2D.mat,672,799,2,41911,776,0.9990187287330627,False
PUBLISHED_PRECOMPUTED_FEATURE_EVALUATION,FEATURE_SEARCH_ONLY,second_S2D.mat,672,799,3,41912,776,0.9990063905715942,False
PUBLISHED_PRECOMPUTED_FEATURE_EVALUATION,FEATURE_SEARCH_ONLY,second_S2D.mat,672,799,4,43188,799,0.9989929795265198,True
PUBLISHED_PRECOMPUTED_FEATURE_EVALUATION,FEATURE_SEARCH_ONLY,second_S2D.mat,672,799,5,41915,776,0.9989817142486572,False
PUBLISHED_PRECOMPUTED_FEATURE_EVALUATION,FEATURE_SEARCH_ONLY,second_S2D.mat,672,799,6,41918,776,0.9989763498306274,False
PUBLISHED_PRECOMPUTED_FEATURE_EVALUATION,FEATURE_SEARCH_ONLY,second_S2D.mat,672,799,7,41916,776,0.9989721179008484,False
PUBLISHED_PRECOMPUTED_FEATURE_EVALUATION,FEATURE_SEARCH_ONLY,second_S2D.mat,672,799,8,41906,776,0.9989653825759888,False
PUBLISHED_PRECOMPUTED_FEATURE_EVALUATION,FEATURE_SEARCH_ONLY,second_S2D.mat,672,799,9,43187,799,0.9989542961120605,True
PUBLISHED_PRECOMPUTED_FEATURE_EVALUATION,FEATURE_SEARCH_ONLY,second_S2D.mat,672,799,10,41914,776,0.9989538192749023,False
PUBLISHED_PRECOMPUTED_FEATURE_EVALUATION,FEATURE_SEARCH_ONLY,second_S2D.mat,673,800,1,43232,800,0.9990434050559998,True
PUBLISHED_PRECOMPUTED_FEATURE_EVALUATION,FEATURE_SEARCH_ONLY,second_S2D.mat,673,800,2,43233,800,0.9989069104194641,True
PUBLISHED_PRECOMPUTED_FEATURE_EVALUATION,FEATURE_SEARCH_ONLY,second_S2D.mat,673,800,3,43235,800,0.9988747835159302,True
PUBLISHED_PRECOMPUTED_FEATURE_EVALUATION,FEATURE_SEARCH_ONLY,second_S2D.mat,673,800,4,43236,800,0.9988616704940796,True
PUBLISHED_PRECOMPUTED_FEATURE_EVALUATION,FEATURE_SEARCH_ONLY,second_S2D.mat,673,800,5,43250,800,0.9988527894020081,True
PUBLISHED_PRECOMPUTED_FEATURE_EVALUATION,FEATURE_SEARCH_ONLY,second_S2D.mat,673,800,6,43231,800,0.9988482594490051,True
PUBLISHED_PRECOMPUTED_FEATURE_EVALUATION,FEATURE_SEARCH_ONLY,second_S2D.mat,673,800,7,43234,800,0.9988349080085754,True
PUBLISHED_PRECOMPUTED_FEATURE_EVALUATION,FEATURE_SEARCH_ONLY,second_S2D.mat,673,800,8,43251,800,0.9988086223602295,True
PUBLISHED_PRECOMPUTED_FEATURE_EVALUATION,FEATURE_SEARCH_ONLY,second_S2D.mat,673,800,9,43218,800,0.9987963438034058,True
PUBLISHED_PRECOMPUTED_FEATURE_EVALUATION,FEATURE_SEARCH_ONLY,second_S2D.mat,673,800,10,43214,800,0.9987956285476685,True
PUBLISHED_PRECOMPUTED_FEATURE_EVALUATION,FEATURE_SEARCH_ONLY,second_S2D.mat,674,801,1,43299,801,0.9990588426589966,True
PUBLISHED_PRECOMPUTED_FEATURE_EVALUATION,FEATURE_SEARCH_ONLY,second_S2D.mat,674,801,2,43281,801,0.9990463852882385,True
PUBLISHED_PRECOMPUTED_FEATURE_EVALUATION,FEATURE_SEARCH_ONLY,second_S2D.mat,674,801,3,43263,801,0.9990113973617554,True
PUBLISHED_PRECOMPUTED_FEATURE_EVALUATION,FEATURE_SEARCH_ONLY,second_S2D.mat,674,801,4,43280,801,0.9990091919898987,True
PUBLISHED_PRECOMPUTED_FEATURE_EVALUATION,FEATURE_SEARCH_ONLY,second_S2D.mat,674,801,5,43268,801,0.9990059733390808,True
PUBLISHED_PRECOMPUTED_FEATURE_EVALUATION,FEATURE_SEARCH_ONLY,second_S2D.mat,674,801,6,43282,801,0.9989758133888245,True
PUBLISHED_PRECOMPUTED_FEATURE_EVALUATION,FEATURE_SEARCH_ONLY,second_S2D.mat,674,801,7,43278,801,0.9989653825759888,True
PUBLISHED_PRECOMPUTED_FEATURE_EVALUATION,FEATURE_SEARCH_ONLY,second_S2D.mat,674,801,8,43266,801,0.9989644885063171,True
PUBLISHED_PRECOMPUTED_FEATURE_EVALUATION,FEATURE_SEARCH_ONLY,second_S2D.mat,674,801,9,43265,801,0.9989562034606934,True
PUBLISHED_PRECOMPUTED_FEATURE_EVALUATION,FEATURE_SEARCH_ONLY,second_S2D.mat,674,801,10,43260,801,0.9989504814147949,True
PUBLISHED_PRECOMPUTED_FEATURE_EVALUATION,FEATURE_SEARCH_ONLY,second_S2D.mat,675,802,1,43319,802,0.9993820190429688,True
PUBLISHED_PRECOMPUTED_FEATURE_EVALUATION,FEATURE_SEARCH_ONLY,second_S2D.mat,675,802,2,43337,802,0.99937903881073,True
PUBLISHED_PRECOMPUTED_FEATURE_EVALUATION,FEATURE_SEARCH_ONLY,second_S2D.mat,675,802,3,43340,802,0.9993629455566406,True
PUBLISHED_PRECOMPUTED_FEATURE_EVALUATION,FEATURE_SEARCH_ONLY,second_S2D.mat,675,802,4,43339,802,0.9993383288383484,True
PUBLISHED_PRECOMPUTED_FEATURE_EVALUATION,FEATURE_SEARCH_ONLY,second_S2D.mat,675,802,5,43338,802,0.9993143081665039,True
PUBLISHED_PRECOMPUTED_FEATURE_EVALUATION,FEATURE_SEARCH_ONLY,second_S2D.mat,675,802,6,43355,802,0.9993073344230652,True
PUBLISHED_PRECOMPUTED_FEATURE_EVALUATION,FEATURE_SEARCH_ONLY,second_S2D.mat,675,802,7,43333,802,0.9992960095405579,True
PUBLISHED_PRECOMPUTED_FEATURE_EVALUATION,FEATURE_SEARCH_ONLY,second_S2D.mat,675,802,8,43315,802,0.9992959499359131,True
PUBLISHED_PRECOMPUTED_FEATURE_EVALUATION,FEATURE_SEARCH_ONLY,second_S2D.mat,675,802,9,43356,802,0.9992945194244385,True
PUBLISHED_PRECOMPUTED_FEATURE_EVALUATION,FEATURE_SEARCH_ONLY,second_S2D.mat,675,802,10,43344,802,0.9992905259132385,True
PUBLISHED_PRECOMPUTED_FEATURE_EVALUATION,FEATURE_SEARCH_ONLY,second_S2D.mat,676,803,1,43395,803,0.999241292476654,True
PUBLISHED_PRECOMPUTED_FEATURE_EVALUATION,FEATURE_SEARCH_ONLY,second_S2D.mat,676,803,2,43393,803,0.9992159008979797,True
PUBLISHED_PRECOMPUTED_FEATURE_EVALUATION,FEATURE_SEARCH_ONLY,second_S2D.mat,676,803,3,43394,803,0.9991877675056458,True
PUBLISHED_PRECOMPUTED_FEATURE_EVALUATION,FEATURE_SEARCH_ONLY,second_S2D.mat,676,803,4,43371,803,0.999176025390625,True
PUBLISHED_PRECOMPUTED_FEATURE_EVALUATION,FEATURE_SEARCH_ONLY,second_S2D.mat,676,803,5,43377,803,0.9991759061813354,True
PUBLISHED_PRECOMPUTED_FEATURE_EVALUATION,FEATURE_SEARCH_ONLY,second_S2D.mat,676,803,6,43376,803,0.999164879322052,True
PUBLISHED_PRECOMPUTED_FEATURE_EVALUATION,FEATURE_SEARCH_ONLY,second_S2D.mat,676,803,7,43370,803,0.9991574883460999,True
PUBLISHED_PRECOMPUTED_FEATURE_EVALUATION,FEATURE_SEARCH_ONLY,second_S2D.mat,676,803,8,43388,803,0.9991556406021118,True
PUBLISHED_PRECOMPUTED_FEATURE_EVALUATION,FEATURE_SEARCH_ONLY,second_S2D.mat,676,803,9,43372,803,0.9991539716720581,True
PUBLISHED_PRECOMPUTED_FEATURE_EVALUATION,FEATURE_SEARCH_ONLY,second_S2D.mat,676,803,10,43385,803,0.9991516470909119,True
PUBLISHED_PRECOMPUTED_FEATURE_EVALUATION,FEATURE_SEARCH_ONLY,second_S2D.mat,677,804,1,43447,804,0.9993413686752319,True
PUBLISHED_PRECOMPUTED_FEATURE_EVALUATION,FEATURE_SEARCH_ONLY,second_S2D.mat,677,804,2,43446,804,0.9993096590042114,True
PUBLISHED_PRECOMPUTED_FEATURE_EVALUATION,FEATURE_SEARCH_ONLY,second_S2D.mat,677,804,3,43448,804,0.9992489814758301,True
PUBLISHED_PRECOMPUTED_FEATURE_EVALUATION,FEATURE_SEARCH_ONLY,second_S2D.mat,677,804,4,43451,804,0.9992413520812988,True
PUBLISHED_PRECOMPUTED_FEATURE_EVALUATION,FEATURE_SEARCH_ONLY,second_S2D.mat,677,804,5,43452,804,0.999239981174469,True
PUBLISHED_PRECOMPUTED_FEATURE_EVALUATION,FEATURE_SEARCH_ONLY,second_S2D.mat,677,804,6,43453,804,0.9991815686225891,True
PUBLISHED_PRECOMPUTED_FEATURE_EVALUATION,FEATURE_SEARCH_ONLY,second_S2D.mat,677,804,7,43445,804,0.9991664290428162,True
PUBLISHED_PRECOMPUTED_FEATURE_EVALUATION,FEATURE_SEARCH_ONLY,second_S2D.mat,677,804,8,43429,804,0.9991569519042969,True
PUBLISHED_PRECOMPUTED_FEATURE_EVALUATION,FEATURE_SEARCH_ONLY,second_S2D.mat,677,804,9,43428,804,0.9991503953933716,True
PUBLISHED_PRECOMPUTED_FEATURE_EVALUATION,FEATURE_SEARCH_ONLY,second_S2D.mat,677,804,10,43435,804,0.9991436004638672,True
PUBLISHED_PRECOMPUTED_FEATURE_EVALUATION,FEATURE_SEARCH_ONLY,second_S2D.mat,678,805,1,43489,805,0.9993451833724976,True
PUBLISHED_PRECOMPUTED_FEATURE_EVALUATION,FEATURE_SEARCH_ONLY,second_S2D.mat,678,805,2,43506,805,0.9993025064468384,True
PUBLISHED_PRECOMPUTED_FEATURE_EVALUATION,FEATURE_SEARCH_ONLY,second_S2D.mat,678,805,3,43498,805,0.9992802143096924,True
PUBLISHED_PRECOMPUTED_FEATURE_EVALUATION,FEATURE_SEARCH_ONLY,second_S2D.mat,678,805,4,43507,805,0.9992763996124268,True
PUBLISHED_PRECOMPUTED_FEATURE_EVALUATION,FEATURE_SEARCH_ONLY,second_S2D.mat,678,805,5,43488,805,0.9992685317993164,True
PUBLISHED_PRECOMPUTED_FEATURE_EVALUATION,FEATURE_SEARCH_ONLY,second_S2D.mat,678,805,6,43480,805,0.9992406368255615,True
PUBLISHED_PRECOMPUTED_FEATURE_EVALUATION,FEATURE_SEARCH_ONLY,second_S2D.mat,678,805,7,43496,805,0.999229907989502,True
PUBLISHED_PRECOMPUTED_FEATURE_EVALUATION,FEATURE_SEARCH_ONLY,second_S2D.mat,678,805,8,43501,805,0.999228835105896,True
PUBLISHED_PRECOMPUTED_FEATURE_EVALUATION,FEATURE_SEARCH_ONLY,second_S2D.mat,678,805,9,43505,805,0.9992274045944214,True
PUBLISHED_PRECOMPUTED_FEATURE_EVALUATION,FEATURE_SEARCH_ONLY,second_S2D.mat,678,805,10,43502,805,0.999215841293335,True
PUBLISHED_PRECOMPUTED_FEATURE_EVALUATION,FEATURE_SEARCH_ONLY,second_S2D.mat,679,807,1,43613,807,0.9997222423553467,True
PUBLISHED_PRECOMPUTED_FEATURE_EVALUATION,FEATURE_SEARCH_ONLY,second_S2D.mat,679,807,2,43614,807,0.9997130632400513,True
PUBLISHED_PRECOMPUTED_FEATURE_EVALUATION,FEATURE_SEARCH_ONLY,second_S2D.mat,679,807,3,43605,807,0.9997005462646484,True
PUBLISHED_PRECOMPUTED_FEATURE_EVALUATION,FEATURE_SEARCH_ONLY,second_S2D.mat,679,807,4,43595,807,0.9996692538261414,True
PUBLISHED_PRECOMPUTED_FEATURE_EVALUATION,FEATURE_SEARCH_ONLY,second_S2D.mat,679,807,5,43604,807,0.9996628761291504,True
PUBLISHED_PRECOMPUTED_FEATURE_EVALUATION,FEATURE_SEARCH_ONLY,second_S2D.mat,679,807,6,43596,807,0.9996606111526489,True
PUBLISHED_PRECOMPUTED_FEATURE_EVALUATION,FEATURE_SEARCH_ONLY,second_S2D.mat,679,807,7,43597,807,0.999636173248291,True
PUBLISHED_PRECOMPUTED_FEATURE_EVALUATION,FEATURE_SEARCH_ONLY,second_S2D.mat,679,807,8,43606,807,0.9996355772018433,True
PUBLISHED_PRECOMPUTED_FEATURE_EVALUATION,FEATURE_SEARCH_ONLY,second_S2D.mat,679,807,9,43623,807,0.9996219277381897,True
PUBLISHED_PRECOMPUTED_FEATURE_EVALUATION,FEATURE_SEARCH_ONLY,second_S2D.mat,679,807,10,43612,807,0.9996201395988464,True
PUBLISHED_PRECOMPUTED_FEATURE_EVALUATION,FEATURE_SEARCH_ONLY,second_S2D.mat,680,808,1,43664,808,0.9995788335800171,True
PUBLISHED_PRECOMPUTED_FEATURE_EVALUATION,FEATURE_SEARCH_ONLY,second_S2D.mat,680,808,2,43654,808,0.9995039701461792,True
PUBLISHED_PRECOMPUTED_FEATURE_EVALUATION,FEATURE_SEARCH_ONLY,second_S2D.mat,680,808,3,43653,808,0.9994730353355408,True
PUBLISHED_PRECOMPUTED_FEATURE_EVALUATION,FEATURE_SEARCH_ONLY,second_S2D.mat,680,808,4,43672,808,0.9994677901268005,True
PUBLISHED_PRECOMPUTED_FEATURE_EVALUATION,FEATURE_SEARCH_ONLY,second_S2D.mat,680,808,5,43646,808,0.9994595050811768,True
PUBLISHED_PRECOMPUTED_FEATURE_EVALUATION,FEATURE_SEARCH_ONLY,second_S2D.mat,680,808,6,43671,808,0.9994304180145264,True
PUBLISHED_PRECOMPUTED_FEATURE_EVALUATION,FEATURE_SEARCH_ONLY,second_S2D.mat,680,808,7,43663,808,0.9994292259216309,True
PUBLISHED_PRECOMPUTED_FEATURE_EVALUATION,FEATURE_SEARCH_ONLY,second_S2D.mat,680,808,8,43665,808,0.9993907809257507,True
PUBLISHED_PRECOMPUTED_FEATURE_EVALUATION,FEATURE_SEARCH_ONLY,second_S2D.mat,680,808,9,43647,808,0.9993736743927002,True
PUBLISHED_PRECOMPUTED_FEATURE_EVALUATION,FEATURE_SEARCH_ONLY,second_S2D.mat,680,808,10,43645,808,0.9993480443954468,True
PUBLISHED_PRECOMPUTED_FEATURE_EVALUATION,FEATURE_SEARCH_ONLY,second_S2D.mat,681,811,1,43826,811,0.9995778799057007,True
PUBLISHED_PRECOMPUTED_FEATURE_EVALUATION,FEATURE_SEARCH_ONLY,second_S2D.mat,681,811,2,43825,811,0.9995335936546326,True
PUBLISHED_PRECOMPUTED_FEATURE_EVALUATION,FEATURE_SEARCH_ONLY,second_S2D.mat,681,811,3,43827,811,0.9995207190513611,True
PUBLISHED_PRECOMPUTED_FEATURE_EVALUATION,FEATURE_SEARCH_ONLY,second_S2D.mat,681,811,4,43807,811,0.9995023012161255,True
PUBLISHED_PRECOMPUTED_FEATURE_EVALUATION,FEATURE_SEARCH_ONLY,second_S2D.mat,681,811,5,43835,811,0.9994886517524719,True
PUBLISHED_PRECOMPUTED_FEATURE_EVALUATION,FEATURE_SEARCH_ONLY,second_S2D.mat,681,811,6,43809,811,0.9994848370552063,True
PUBLISHED_PRECOMPUTED_FEATURE_EVALUATION,FEATURE_SEARCH_ONLY,second_S2D.mat,681,811,7,43824,811,0.9994539618492126,True
PUBLISHED_PRECOMPUTED_FEATURE_EVALUATION,FEATURE_SEARCH_ONLY,second_S2D.mat,681,811,8,43822,811,0.9994510412216187,True
PUBLISHED_PRECOMPUTED_FEATURE_EVALUATION,FEATURE_SEARCH_ONLY,second_S2D.mat,681,811,9,43808,811,0.9994467496871948,True
PUBLISHED_PRECOMPUTED_FEATURE_EVALUATION,FEATURE_SEARCH_ONLY,second_S2D.mat,681,811,10,43832,811,0.999442994594574,True
PUBLISHED_PRECOMPUTED_FEATURE_EVALUATION,FEATURE_SEARCH_ONLY,second_S2D.mat,682,813,1,43930,813,0.9993016719818115,True
PUBLISHED_PRECOMPUTED_FEATURE_EVALUATION,FEATURE_SEARCH_ONLY,second_S2D.mat,682,813,2,43948,813,0.9992146492004395,True
PUBLISHED_PRECOMPUTED_FEATURE_EVALUATION,FEATURE_SEARCH_ONLY,second_S2D.mat,682,813,3,43947,813,0.9991193413734436,True
PUBLISHED_PRECOMPUTED_FEATURE_EVALUATION,FEATURE_SEARCH_ONLY,second_S2D.mat,682,813,4,43944,813,0.9990625977516174,True
PUBLISHED_PRECOMPUTED_FEATURE_EVALUATION,FEATURE_SEARCH_ONLY,second_S2D.mat,682,813,5,43925,813,0.9990407228469849,True
PUBLISHED_PRECOMPUTED_FEATURE_EVALUATION,FEATURE_SEARCH_ONLY,second_S2D.mat,682,813,6,43923,813,0.9990390539169312,True
PUBLISHED_PRECOMPUTED_FEATURE_EVALUATION,FEATURE_SEARCH_ONLY,second_S2D.mat,682,813,7,43943,813,0.9990293383598328,True
PUBLISHED_PRECOMPUTED_FEATURE_EVALUATION,FEATURE_SEARCH_ONLY,second_S2D.mat,682,813,8,43939,813,0.9990142583847046,True
PUBLISHED_PRECOMPUTED_FEATURE_EVALUATION,FEATURE_SEARCH_ONLY,second_S2D.mat,682,813,9,43908,813,0.9990026950836182,True
PUBLISHED_PRECOMPUTED_FEATURE_EVALUATION,FEATURE_SEARCH_ONLY,second_S2D.mat,682,813,10,43926,813,0.9990023374557495,True
PUBLISHED_PRECOMPUTED_FEATURE_EVALUATION,FEATURE_SEARCH_ONLY,second_S2D.mat,683,814,1,43990,814,0.9994118809700012,True
PUBLISHED_PRECOMPUTED_FEATURE_EVALUATION,FEATURE_SEARCH_ONLY,second_S2D.mat,683,814,2,43991,814,0.9993900060653687,True
PUBLISHED_PRECOMPUTED_FEATURE_EVALUATION,FEATURE_SEARCH_ONLY,second_S2D.mat,683,814,3,44008,814,0.9993531703948975,True
PUBLISHED_PRECOMPUTED_FEATURE_EVALUATION,FEATURE_SEARCH_ONLY,second_S2D.mat,683,814,4,43996,814,0.999351978302002,True
PUBLISHED_PRECOMPUTED_FEATURE_EVALUATION,FEATURE_SEARCH_ONLY,second_S2D.mat,683,814,5,43985,814,0.9993241429328918,True
PUBLISHED_PRECOMPUTED_FEATURE_EVALUATION,FEATURE_SEARCH_ONLY,second_S2D.mat,683,814,6,43995,814,0.9993224143981934,True
PUBLISHED_PRECOMPUTED_FEATURE_EVALUATION,FEATURE_SEARCH_ONLY,second_S2D.mat,683,814,7,43978,814,0.9993125200271606,True
PUBLISHED_PRECOMPUTED_FEATURE_EVALUATION,FEATURE_SEARCH_ONLY,second_S2D.mat,683,814,8,43972,814,0.9992300271987915,True
PUBLISHED_PRECOMPUTED_FEATURE_EVALUATION,FEATURE_SEARCH_ONLY,second_S2D.mat,683,814,9,43973,814,0.9992192983627319,True
PUBLISHED_PRECOMPUTED_FEATURE_EVALUATION,FEATURE_SEARCH_ONLY,second_S2D.mat,683,814,10,44009,814,0.9992192983627319,True
PUBLISHED_PRECOMPUTED_FEATURE_EVALUATION,FEATURE_SEARCH_ONLY,second_S2D.mat,684,815,1,44044,815,0.9996026158332825,True
PUBLISHED_PRECOMPUTED_FEATURE_EVALUATION,FEATURE_SEARCH_ONLY,second_S2D.mat,684,815,2,44053,815,0.9995244145393372,True
PUBLISHED_PRECOMPUTED_FEATURE_EVALUATION,FEATURE_SEARCH_ONLY,second_S2D.mat,684,815,3,44045,815,0.9995222687721252,True
PUBLISHED_PRECOMPUTED_FEATURE_EVALUATION,FEATURE_SEARCH_ONLY,second_S2D.mat,684,815,4,44054,815,0.9995198249816895,True
PUBLISHED_PRECOMPUTED_FEATURE_EVALUATION,FEATURE_SEARCH_ONLY,second_S2D.mat,684,815,5,44043,815,0.9995120763778687,True
PUBLISHED_PRECOMPUTED_FEATURE_EVALUATION,FEATURE_SEARCH_ONLY,second_S2D.mat,684,815,6,44052,815,0.9995102882385254,True
PUBLISHED_PRECOMPUTED_FEATURE_EVALUATION,FEATURE_SEARCH_ONLY,second_S2D.mat,684,815,7,44057,815,0.9994779825210571,True
PUBLISHED_PRECOMPUTED_FEATURE_EVALUATION,FEATURE_SEARCH_ONLY,second_S2D.mat,684,815,8,44051,815,0.9994655847549438,True
PUBLISHED_PRECOMPUTED_FEATURE_EVALUATION,FEATURE_SEARCH_ONLY,second_S2D.mat,684,815,9,44050,815,0.9994646906852722,True
PUBLISHED_PRECOMPUTED_FEATURE_EVALUATION,FEATURE_SEARCH_ONLY,second_S2D.mat,684,815,10,44046,815,0.9994606375694275,True
PUBLISHED_PRECOMPUTED_FEATURE_EVALUATION,FEATURE_SEARCH_ONLY,second_S2D.mat,685,816,1,44096,816,0.9996082782745361,True
PUBLISHED_PRECOMPUTED_FEATURE_EVALUATION,FEATURE_SEARCH_ONLY,second_S2D.mat,685,816,2,44093,816,0.9995840191841125,True
PUBLISHED_PRECOMPUTED_FEATURE_EVALUATION,FEATURE_SEARCH_ONLY,second_S2D.mat,685,816,3,44114,816,0.999582827091217,True
PUBLISHED_PRECOMPUTED_FEATURE_EVALUATION,FEATURE_SEARCH_ONLY,second_S2D.mat,685,816,4,44095,816,0.9995712041854858,True
PUBLISHED_PRECOMPUTED_FEATURE_EVALUATION,FEATURE_SEARCH_ONLY,second_S2D.mat,685,816,5,44097,816,0.9995574355125427,True
PUBLISHED_PRECOMPUTED_FEATURE_EVALUATION,FEATURE_SEARCH_ONLY,second_S2D.mat,685,816,6,44094,816,0.9995383620262146,True
PUBLISHED_PRECOMPUTED_FEATURE_EVALUATION,FEATURE_SEARCH_ONLY,second_S2D.mat,685,816,7,44104,816,0.9995303153991699,True
PUBLISHED_PRECOMPUTED_FEATURE_EVALUATION,FEATURE_SEARCH_ONLY,second_S2D.mat,685,816,8,44078,816,0.9995079636573792,True
PUBLISHED_PRECOMPUTED_FEATURE_EVALUATION,FEATURE_SEARCH_ONLY,second_S2D.mat,685,816,9,44092,816,0.9995008111000061,True
PUBLISHED_PRECOMPUTED_FEATURE_EVALUATION,FEATURE_SEARCH_ONLY,second_S2D.mat,685,816,10,44113,816,0.999500572681427,True
PUBLISHED_PRECOMPUTED_FEATURE_EVALUATION,FEATURE_SEARCH_ONLY,second_S2D.mat,686,817,1,44162,817,0.9994893074035645,True
PUBLISHED_PRECOMPUTED_FEATURE_EVALUATION,FEATURE_SEARCH_ONLY,second_S2D.mat,686,817,2,44144,817,0.9994432330131531,True
PUBLISHED_PRECOMPUTED_FEATURE_EVALUATION,FEATURE_SEARCH_ONLY,second_S2D.mat,686,817,3,44161,817,0.9994316697120667,True
PUBLISHED_PRECOMPUTED_FEATURE_EVALUATION,FEATURE_SEARCH_ONLY,second_S2D.mat,686,817,4,44143,817,0.9994314312934875,True
PUBLISHED_PRECOMPUTED_FEATURE_EVALUATION,FEATURE_SEARCH_ONLY,second_S2D.mat,686,817,5,44145,817,0.9994038939476013,True
PUBLISHED_PRECOMPUTED_FEATURE_EVALUATION,FEATURE_SEARCH_ONLY,second_S2D.mat,686,817,6,44150,817,0.9993889927864075,True
PUBLISHED_PRECOMPUTED_FEATURE_EVALUATION,FEATURE_SEARCH_ONLY,second_S2D.mat,686,817,7,44142,817,0.9993887543678284,True
PUBLISHED_PRECOMPUTED_FEATURE_EVALUATION,FEATURE_SEARCH_ONLY,second_S2D.mat,686,817,8,44159,817,0.9993828535079956,True
PUBLISHED_PRECOMPUTED_FEATURE_EVALUATION,FEATURE_SEARCH_ONLY,second_S2D.mat,686,817,9,44141,817,0.9993722438812256,True
PUBLISHED_PRECOMPUTED_FEATURE_EVALUATION,FEATURE_SEARCH_ONLY,second_S2D.mat,686,817,10,44160,817,0.9993703961372375,True
PUBLISHED_PRECOMPUTED_FEATURE_EVALUATION,FEATURE_SEARCH_ONLY,second_S2D.mat,687,819,1,34332,635,0.9983272552490234,False
PUBLISHED_PRECOMPUTED_FEATURE_EVALUATION,FEATURE_SEARCH_ONLY,second_S2D.mat,687,819,2,34333,635,0.9983252286911011,False
PUBLISHED_PRECOMPUTED_FEATURE_EVALUATION,FEATURE_SEARCH_ONLY,second_S2D.mat,687,819,3,34315,635,0.9983222484588623,False
PUBLISHED_PRECOMPUTED_FEATURE_EVALUATION,FEATURE_SEARCH_ONLY,second_S2D.mat,687,819,4,43369,803,0.9982970952987671,False
PUBLISHED_PRECOMPUTED_FEATURE_EVALUATION,FEATURE_SEARCH_ONLY,second_S2D.mat,687,819,5,28974,536,0.9982349872589111,False
PUBLISHED_PRECOMPUTED_FEATURE_EVALUATION,FEATURE_SEARCH_ONLY,second_S2D.mat,687,819,6,34314,635,0.9982322454452515,False
PUBLISHED_PRECOMPUTED_FEATURE_EVALUATION,FEATURE_SEARCH_ONLY,second_S2D.mat,687,819,7,43376,803,0.9982085227966309,False
PUBLISHED_PRECOMPUTED_FEATURE_EVALUATION,FEATURE_SEARCH_ONLY,second_S2D.mat,687,819,8,43377,803,0.9981976747512817,False
PUBLISHED_PRECOMPUTED_FEATURE_EVALUATION,FEATURE_SEARCH_ONLY,second_S2D.mat,687,819,9,43370,803,0.9981928467750549,False
PUBLISHED_PRECOMPUTED_FEATURE_EVALUATION,FEATURE_SEARCH_ONLY,second_S2D.mat,687,819,10,28993,536,0.998192548751831,False
PUBLISHED_PRECOMPUTED_FEATURE_EVALUATION,FEATURE_SEARCH_ONLY,second_S2D.mat,688,822,1,44414,822,0.9992727041244507,True
PUBLISHED_PRECOMPUTED_FEATURE_EVALUATION,FEATURE_SEARCH_ONLY,second_S2D.mat,688,822,2,44410,822,0.9991936087608337,True
PUBLISHED_PRECOMPUTED_FEATURE_EVALUATION,FEATURE_SEARCH_ONLY,second_S2D.mat,688,822,3,44413,822,0.999171793460846,True
PUBLISHED_PRECOMPUTED_FEATURE_EVALUATION,FEATURE_SEARCH_ONLY,second_S2D.mat,688,822,4,44407,822,0.9991661906242371,True
PUBLISHED_PRECOMPUTED_FEATURE_EVALUATION,FEATURE_SEARCH_ONLY,second_S2D.mat,688,822,5,44415,822,0.9991466999053955,True
PUBLISHED_PRECOMPUTED_FEATURE_EVALUATION,FEATURE_SEARCH_ONLY,second_S2D.mat,688,822,6,44412,822,0.9991358518600464,True
PUBLISHED_PRECOMPUTED_FEATURE_EVALUATION,FEATURE_SEARCH_ONLY,second_S2D.mat,688,822,7,44424,822,0.9991253018379211,True
PUBLISHED_PRECOMPUTED_FEATURE_EVALUATION,FEATURE_SEARCH_ONLY,second_S2D.mat,688,822,8,44425,822,0.999121904373169,True
PUBLISHED_PRECOMPUTED_FEATURE_EVALUATION,FEATURE_SEARCH_ONLY,second_S2D.mat,688,822,9,44396,822,0.999113917350769,True
PUBLISHED_PRECOMPUTED_FEATURE_EVALUATION,FEATURE_SEARCH_ONLY,second_S2D.mat,688,822,10,44416,822,0.9990853667259216,True
PUBLISHED_PRECOMPUTED_FEATURE_EVALUATION,FEATURE_SEARCH_ONLY,second_S2D.mat,689,823,1,44477,823,0.9991604089736938,True
PUBLISHED_PRECOMPUTED_FEATURE_EVALUATION,FEATURE_SEARCH_ONLY,second_S2D.mat,689,823,2,44495,823,0.999127984046936,True
PUBLISHED_PRECOMPUTED_FEATURE_EVALUATION,FEATURE_SEARCH_ONLY,second_S2D.mat,689,823,3,44478,823,0.9990808367729187,True
PUBLISHED_PRECOMPUTED_FEATURE_EVALUATION,FEATURE_SEARCH_ONLY,second_S2D.mat,689,823,4,44474,823,0.9989773035049438,True
PUBLISHED_PRECOMPUTED_FEATURE_EVALUATION,FEATURE_SEARCH_ONLY,second_S2D.mat,689,823,5,44479,823,0.9989761114120483,True
PUBLISHED_PRECOMPUTED_FEATURE_EVALUATION,FEATURE_SEARCH_ONLY,second_S2D.mat,689,823,6,44459,823,0.9989501237869263,True
PUBLISHED_PRECOMPUTED_FEATURE_EVALUATION,FEATURE_SEARCH_ONLY,second_S2D.mat,689,823,7,44472,823,0.9989174604415894,True
PUBLISHED_PRECOMPUTED_FEATURE_EVALUATION,FEATURE_SEARCH_ONLY,second_S2D.mat,689,823,8,44476,823,0.9989053606987,True
PUBLISHED_PRECOMPUTED_FEATURE_EVALUATION,FEATURE_SEARCH_ONLY,second_S2D.mat,689,823,9,44492,823,0.9988852739334106,True
PUBLISHED_PRECOMPUTED_FEATURE_EVALUATION,FEATURE_SEARCH_ONLY,second_S2D.mat,689,823,10,44461,823,0.9988834261894226,True
PUBLISHED_PRECOMPUTED_FEATURE_EVALUATION,FEATURE_SEARCH_ONLY,second_S2D.mat,690,824,1,44523,824,0.9991835355758667,True
PUBLISHED_PRECOMPUTED_FEATURE_EVALUATION,FEATURE_SEARCH_ONLY,second_S2D.mat,690,824,2,44524,824,0.9991761445999146,True
PUBLISHED_PRECOMPUTED_FEATURE_EVALUATION,FEATURE_SEARCH_ONLY,second_S2D.mat,690,824,3,44525,824,0.9991711378097534,True
PUBLISHED_PRECOMPUTED_FEATURE_EVALUATION,FEATURE_SEARCH_ONLY,second_S2D.mat,690,824,4,44543,824,0.9991477131843567,True
PUBLISHED_PRECOMPUTED_FEATURE_EVALUATION,FEATURE_SEARCH_ONLY,second_S2D.mat,690,824,5,44532,824,0.9991467595100403,True
PUBLISHED_PRECOMPUTED_FEATURE_EVALUATION,FEATURE_SEARCH_ONLY,second_S2D.mat,690,824,6,44541,824,0.9991407990455627,True
PUBLISHED_PRECOMPUTED_FEATURE_EVALUATION,FEATURE_SEARCH_ONLY,second_S2D.mat,690,824,7,44544,824,0.9991135597229004,True
PUBLISHED_PRECOMPUTED_FEATURE_EVALUATION,FEATURE_SEARCH_ONLY,second_S2D.mat,690,824,8,44542,824,0.9990957975387573,True
PUBLISHED_PRECOMPUTED_FEATURE_EVALUATION,FEATURE_SEARCH_ONLY,second_S2D.mat,690,824,9,44522,824,0.9990628957748413,True
PUBLISHED_PRECOMPUTED_FEATURE_EVALUATION,FEATURE_SEARCH_ONLY,second_S2D.mat,690,824,10,44540,824,0.9990496039390564,True
PUBLISHED_PRECOMPUTED_FEATURE_EVALUATION,FEATURE_SEARCH_ONLY,second_S2D.mat,691,825,1,44597,825,0.9996775388717651,True
PUBLISHED_PRECOMPUTED_FEATURE_EVALUATION,FEATURE_SEARCH_ONLY,second_S2D.mat,691,825,2,44584,825,0.9996727705001831,True
PUBLISHED_PRECOMPUTED_FEATURE_EVALUATION,FEATURE_SEARCH_ONLY,second_S2D.mat,691,825,3,44583,825,0.9996691942214966,True
PUBLISHED_PRECOMPUTED_FEATURE_EVALUATION,FEATURE_SEARCH_ONLY,second_S2D.mat,691,825,4,44586,825,0.9996528029441833,True
PUBLISHED_PRECOMPUTED_FEATURE_EVALUATION,FEATURE_SEARCH_ONLY,second_S2D.mat,691,825,5,44585,825,0.9996412992477417,True
PUBLISHED_PRECOMPUTED_FEATURE_EVALUATION,FEATURE_SEARCH_ONLY,second_S2D.mat,691,825,6,44598,825,0.9996330142021179,True
PUBLISHED_PRECOMPUTED_FEATURE_EVALUATION,FEATURE_SEARCH_ONLY,second_S2D.mat,691,825,7,44582,825,0.9996252059936523,True
PUBLISHED_PRECOMPUTED_FEATURE_EVALUATION,FEATURE_SEARCH_ONLY,second_S2D.mat,691,825,8,44587,825,0.9996112585067749,True
PUBLISHED_PRECOMPUTED_FEATURE_EVALUATION,FEATURE_SEARCH_ONLY,second_S2D.mat,691,825,9,44579,825,0.999603807926178,True
PUBLISHED_PRECOMPUTED_FEATURE_EVALUATION,FEATURE_SEARCH_ONLY,second_S2D.mat,691,825,10,44581,825,0.9996012449264526,True
PUBLISHED_PRECOMPUTED_FEATURE_EVALUATION,FEATURE_SEARCH_ONLY,second_S2D.mat,692,826,1,44628,826,0.9986607432365417,True
PUBLISHED_PRECOMPUTED_FEATURE_EVALUATION,FEATURE_SEARCH_ONLY,second_S2D.mat,692,826,2,44630,826,0.9986358880996704,True
PUBLISHED_PRECOMPUTED_FEATURE_EVALUATION,FEATURE_SEARCH_ONLY,second_S2D.mat,692,826,3,44629,826,0.9986253976821899,True
PUBLISHED_PRECOMPUTED_FEATURE_EVALUATION,FEATURE_SEARCH_ONLY,second_S2D.mat,692,826,4,44631,826,0.9986090660095215,True
PUBLISHED_PRECOMPUTED_FEATURE_EVALUATION,FEATURE_SEARCH_ONLY,second_S2D.mat,692,826,5,44645,826,0.9985778331756592,True
PUBLISHED_PRECOMPUTED_FEATURE_EVALUATION,FEATURE_SEARCH_ONLY,second_S2D.mat,692,826,6,44613,826,0.9984923005104065,True
PUBLISHED_PRECOMPUTED_FEATURE_EVALUATION,FEATURE_SEARCH_ONLY,second_S2D.mat,692,826,7,44647,826,0.9984831809997559,True
PUBLISHED_PRECOMPUTED_FEATURE_EVALUATION,FEATURE_SEARCH_ONLY,second_S2D.mat,692,826,8,44632,826,0.9984830617904663,True
PUBLISHED_PRECOMPUTED_FEATURE_EVALUATION,FEATURE_SEARCH_ONLY,second_S2D.mat,692,826,9,44610,826,0.9984776377677917,True
PUBLISHED_PRECOMPUTED_FEATURE_EVALUATION,FEATURE_SEARCH_ONLY,second_S2D.mat,692,826,10,44649,826,0.998470664024353,True
PUBLISHED_PRECOMPUTED_FEATURE_EVALUATION,FEATURE_SEARCH_ONLY,second_S2D.mat,693,827,1,44689,827,0.9995423555374146,True
PUBLISHED_PRECOMPUTED_FEATURE_EVALUATION,FEATURE_SEARCH_ONLY,second_S2D.mat,693,827,2,44671,827,0.9995115995407104,True
PUBLISHED_PRECOMPUTED_FEATURE_EVALUATION,FEATURE_SEARCH_ONLY,second_S2D.mat,693,827,3,44690,827,0.9995008707046509,True
PUBLISHED_PRECOMPUTED_FEATURE_EVALUATION,FEATURE_SEARCH_ONLY,second_S2D.mat,693,827,4,44680,827,0.9994999170303345,True
PUBLISHED_PRECOMPUTED_FEATURE_EVALUATION,FEATURE_SEARCH_ONLY,second_S2D.mat,693,827,5,44688,827,0.9994851350784302,True
PUBLISHED_PRECOMPUTED_FEATURE_EVALUATION,FEATURE_SEARCH_ONLY,second_S2D.mat,693,827,6,44698,827,0.9994814395904541,True
PUBLISHED_PRECOMPUTED_FEATURE_EVALUATION,FEATURE_SEARCH_ONLY,second_S2D.mat,693,827,7,44706,827,0.9994298219680786,True
PUBLISHED_PRECOMPUTED_FEATURE_EVALUATION,FEATURE_SEARCH_ONLY,second_S2D.mat,693,827,8,44672,827,0.9994267225265503,True
PUBLISHED_PRECOMPUTED_FEATURE_EVALUATION,FEATURE_SEARCH_ONLY,second_S2D.mat,693,827,9,44699,827,0.999424934387207,True
PUBLISHED_PRECOMPUTED_FEATURE_EVALUATION,FEATURE_SEARCH_ONLY,second_S2D.mat,693,827,10,44707,827,0.999413013458252,True
PUBLISHED_PRECOMPUTED_FEATURE_EVALUATION,FEATURE_SEARCH_ONLY,second_S2D.mat,694,828,1,44743,828,0.9994150400161743,True
PUBLISHED_PRECOMPUTED_FEATURE_EVALUATION,FEATURE_SEARCH_ONLY,second_S2D.mat,694,828,2,44761,828,0.9993303418159485,True
PUBLISHED_PRECOMPUTED_FEATURE_EVALUATION,FEATURE_SEARCH_ONLY,second_S2D.mat,694,828,3,44754,828,0.9993217587471008,True
PUBLISHED_PRECOMPUTED_FEATURE_EVALUATION,FEATURE_SEARCH_ONLY,second_S2D.mat,694,828,4,44745,828,0.9993200898170471,True
PUBLISHED_PRECOMPUTED_FEATURE_EVALUATION,FEATURE_SEARCH_ONLY,second_S2D.mat,694,828,5,44742,828,0.9993157386779785,True
PUBLISHED_PRECOMPUTED_FEATURE_EVALUATION,FEATURE_SEARCH_ONLY,second_S2D.mat,694,828,6,44744,828,0.9992827773094177,True
PUBLISHED_PRECOMPUTED_FEATURE_EVALUATION,FEATURE_SEARCH_ONLY,second_S2D.mat,694,828,7,44740,828,0.9992725849151611,True
PUBLISHED_PRECOMPUTED_FEATURE_EVALUATION,FEATURE_SEARCH_ONLY,second_S2D.mat,694,828,8,44755,828,0.9992711544036865,True
PUBLISHED_PRECOMPUTED_FEATURE_EVALUATION,FEATURE_SEARCH_ONLY,second_S2D.mat,694,828,9,44739,828,0.9992575645446777,True
PUBLISHED_PRECOMPUTED_FEATURE_EVALUATION,FEATURE_SEARCH_ONLY,second_S2D.mat,694,828,10,44752,828,0.9992461800575256,True
PUBLISHED_PRECOMPUTED_FEATURE_EVALUATION,FEATURE_SEARCH_ONLY,second_S2D.mat,695,829,1,44800,829,0.9994957447052002,True
PUBLISHED_PRECOMPUTED_FEATURE_EVALUATION,FEATURE_SEARCH_ONLY,second_S2D.mat,695,829,2,44803,829,0.9994888305664062,True
PUBLISHED_PRECOMPUTED_FEATURE_EVALUATION,FEATURE_SEARCH_ONLY,second_S2D.mat,695,829,3,44802,829,0.9994610548019409,True
PUBLISHED_PRECOMPUTED_FEATURE_EVALUATION,FEATURE_SEARCH_ONLY,second_S2D.mat,695,829,4,44795,829,0.9994491338729858,True
PUBLISHED_PRECOMPUTED_FEATURE_EVALUATION,FEATURE_SEARCH_ONLY,second_S2D.mat,695,829,5,44801,829,0.9994410276412964,True
PUBLISHED_PRECOMPUTED_FEATURE_EVALUATION,FEATURE_SEARCH_ONLY,second_S2D.mat,695,829,6,44809,829,0.9994287490844727,True
PUBLISHED_PRECOMPUTED_FEATURE_EVALUATION,FEATURE_SEARCH_ONLY,second_S2D.mat,695,829,7,44810,829,0.9994264245033264,True
PUBLISHED_PRECOMPUTED_FEATURE_EVALUATION,FEATURE_SEARCH_ONLY,second_S2D.mat,695,829,8,44796,829,0.9994245767593384,True
PUBLISHED_PRECOMPUTED_FEATURE_EVALUATION,FEATURE_SEARCH_ONLY,second_S2D.mat,695,829,9,44804,829,0.999422550201416,True
PUBLISHED_PRECOMPUTED_FEATURE_EVALUATION,FEATURE_SEARCH_ONLY,second_S2D.mat,695,829,10,44818,829,0.999422550201416,True
PUBLISHED_PRECOMPUTED_FEATURE_EVALUATION,FEATURE_SEARCH_ONLY,second_S2D.mat,696,830,1,44864,830,0.9993708729743958,True
PUBLISHED_PRECOMPUTED_FEATURE_EVALUATION,FEATURE_SEARCH_ONLY,second_S2D.mat,696,830,2,44863,830,0.9993687868118286,True
PUBLISHED_PRECOMPUTED_FEATURE_EVALUATION,FEATURE_SEARCH_ONLY,second_S2D.mat,696,830,3,44847,830,0.9993535876274109,True
PUBLISHED_PRECOMPUTED_FEATURE_EVALUATION,FEATURE_SEARCH_ONLY,second_S2D.mat,696,830,4,44865,830,0.999342679977417,True
PUBLISHED_PRECOMPUTED_FEATURE_EVALUATION,FEATURE_SEARCH_ONLY,second_S2D.mat,696,830,5,44848,830,0.9993263483047485,True
PUBLISHED_PRECOMPUTED_FEATURE_EVALUATION,FEATURE_SEARCH_ONLY,second_S2D.mat,696,830,6,44833,830,0.9993224143981934,True
PUBLISHED_PRECOMPUTED_FEATURE_EVALUATION,FEATURE_SEARCH_ONLY,second_S2D.mat,696,830,7,44846,830,0.9993065595626831,True
PUBLISHED_PRECOMPUTED_FEATURE_EVALUATION,FEATURE_SEARCH_ONLY,second_S2D.mat,696,830,8,44831,830,0.9993020296096802,True
PUBLISHED_PRECOMPUTED_FEATURE_EVALUATION,FEATURE_SEARCH_ONLY,second_S2D.mat,696,830,9,44852,830,0.9992839097976685,True
PUBLISHED_PRECOMPUTED_FEATURE_EVALUATION,FEATURE_SEARCH_ONLY,second_S2D.mat,696,830,10,44866,830,0.9992813467979431,True
PUBLISHED_PRECOMPUTED_FEATURE_EVALUATION,FEATURE_SEARCH_ONLY,second_S2D.mat,697,831,1,44917,831,0.9990517497062683,True
PUBLISHED_PRECOMPUTED_FEATURE_EVALUATION,FEATURE_SEARCH_ONLY,second_S2D.mat,697,831,2,44921,831,0.9990500211715698,True
PUBLISHED_PRECOMPUTED_FEATURE_EVALUATION,FEATURE_SEARCH_ONLY,second_S2D.mat,697,831,3,44918,831,0.9990379810333252,True
PUBLISHED_PRECOMPUTED_FEATURE_EVALUATION,FEATURE_SEARCH_ONLY,second_S2D.mat,697,831,4,44904,831,0.999032735824585,True
PUBLISHED_PRECOMPUTED_FEATURE_EVALUATION,FEATURE_SEARCH_ONLY,second_S2D.mat,697,831,5,44908,831,0.999030351638794,True
PUBLISHED_PRECOMPUTED_FEATURE_EVALUATION,FEATURE_SEARCH_ONLY,second_S2D.mat,697,831,6,44899,831,0.9990298748016357,True
PUBLISHED_PRECOMPUTED_FEATURE_EVALUATION,FEATURE_SEARCH_ONLY,second_S2D.mat,697,831,7,44920,831,0.9990270733833313,True
PUBLISHED_PRECOMPUTED_FEATURE_EVALUATION,FEATURE_SEARCH_ONLY,second_S2D.mat,697,831,8,44922,831,0.9990158677101135,True
PUBLISHED_PRECOMPUTED_FEATURE_EVALUATION,FEATURE_SEARCH_ONLY,second_S2D.mat,697,831,9,44906,831,0.9990124106407166,True
PUBLISHED_PRECOMPUTED_FEATURE_EVALUATION,FEATURE_SEARCH_ONLY,second_S2D.mat,697,831,10,44903,831,0.9990009665489197,True
PUBLISHED_PRECOMPUTED_FEATURE_EVALUATION,FEATURE_SEARCH_ONLY,second_S2D.mat,698,832,1,44968,832,0.9993540048599243,True
PUBLISHED_PRECOMPUTED_FEATURE_EVALUATION,FEATURE_SEARCH_ONLY,second_S2D.mat,698,832,2,44969,832,0.9993182420730591,True
PUBLISHED_PRECOMPUTED_FEATURE_EVALUATION,FEATURE_SEARCH_ONLY,second_S2D.mat,698,832,3,44977,832,0.9992358684539795,True
PUBLISHED_PRECOMPUTED_FEATURE_EVALUATION,FEATURE_SEARCH_ONLY,second_S2D.mat,698,832,4,44970,832,0.9992332458496094,True
PUBLISHED_PRECOMPUTED_FEATURE_EVALUATION,FEATURE_SEARCH_ONLY,second_S2D.mat,698,832,5,44952,832,0.9992035031318665,True
PUBLISHED_PRECOMPUTED_FEATURE_EVALUATION,FEATURE_SEARCH_ONLY,second_S2D.mat,698,832,6,44959,832,0.9991987943649292,True
PUBLISHED_PRECOMPUTED_FEATURE_EVALUATION,FEATURE_SEARCH_ONLY,second_S2D.mat,698,832,7,44971,832,0.9991858601570129,True
PUBLISHED_PRECOMPUTED_FEATURE_EVALUATION,FEATURE_SEARCH_ONLY,second_S2D.mat,698,832,8,44957,832,0.9991825222969055,True
PUBLISHED_PRECOMPUTED_FEATURE_EVALUATION,FEATURE_SEARCH_ONLY,second_S2D.mat,698,832,9,44978,832,0.9991785883903503,True
PUBLISHED_PRECOMPUTED_FEATURE_EVALUATION,FEATURE_SEARCH_ONLY,second_S2D.mat,698,832,10,44967,832,0.9991773366928101,True
PUBLISHED_PRECOMPUTED_FEATURE_EVALUATION,FEATURE_SEARCH_ONLY,second_S2D.mat,699,835,1,45129,835,0.9993788003921509,True
PUBLISHED_PRECOMPUTED_FEATURE_EVALUATION,FEATURE_SEARCH_ONLY,second_S2D.mat,699,835,2,45139,835,0.9993121027946472,True
PUBLISHED_PRECOMPUTED_FEATURE_EVALUATION,FEATURE_SEARCH_ONLY,second_S2D.mat,699,835,3,45121,835,0.9993118643760681,True
PUBLISHED_PRECOMPUTED_FEATURE_EVALUATION,FEATURE_SEARCH_ONLY,second_S2D.mat,699,835,4,45130,835,0.9993112683296204,True
PUBLISHED_PRECOMPUTED_FEATURE_EVALUATION,FEATURE_SEARCH_ONLY,second_S2D.mat,699,835,5,45128,835,0.9993001222610474,True
PUBLISHED_PRECOMPUTED_FEATURE_EVALUATION,FEATURE_SEARCH_ONLY,second_S2D.mat,699,835,6,45123,835,0.9992976188659668,True
PUBLISHED_PRECOMPUTED_FEATURE_EVALUATION,FEATURE_SEARCH_ONLY,second_S2D.mat,699,835,7,45104,835,0.9992683529853821,True
PUBLISHED_PRECOMPUTED_FEATURE_EVALUATION,FEATURE_SEARCH_ONLY,second_S2D.mat,699,835,8,45140,835,0.9992644786834717,True
PUBLISHED_PRECOMPUTED_FEATURE_EVALUATION,FEATURE_SEARCH_ONLY,second_S2D.mat,699,835,9,45138,835,0.9992637634277344,True
PUBLISHED_PRECOMPUTED_FEATURE_EVALUATION,FEATURE_SEARCH_ONLY,second_S2D.mat,699,835,10,45119,835,0.9992567300796509,True
PUBLISHED_PRECOMPUTED_FEATURE_EVALUATION,FEATURE_SEARCH_ONLY,second_S2D.mat,700,836,1,45180,836,0.9992217421531677,True
PUBLISHED_PRECOMPUTED_FEATURE_EVALUATION,FEATURE_SEARCH_ONLY,second_S2D.mat,700,836,2,45170,836,0.9991498589515686,True
PUBLISHED_PRECOMPUTED_FEATURE_EVALUATION,FEATURE_SEARCH_ONLY,second_S2D.mat,700,836,3,45181,836,0.9991380572319031,True
PUBLISHED_PRECOMPUTED_FEATURE_EVALUATION,FEATURE_SEARCH_ONLY,second_S2D.mat,700,836,4,45164,836,0.9991288781166077,True
PUBLISHED_PRECOMPUTED_FEATURE_EVALUATION,FEATURE_SEARCH_ONLY,second_S2D.mat,700,836,5,45162,836,0.9991174340248108,True
PUBLISHED_PRECOMPUTED_FEATURE_EVALUATION,FEATURE_SEARCH_ONLY,second_S2D.mat,700,836,6,45187,836,0.999116063117981,True
PUBLISHED_PRECOMPUTED_FEATURE_EVALUATION,FEATURE_SEARCH_ONLY,second_S2D.mat,700,836,7,45179,836,0.9991139769554138,True
PUBLISHED_PRECOMPUTED_FEATURE_EVALUATION,FEATURE_SEARCH_ONLY,second_S2D.mat,700,836,8,45145,836,0.9991030693054199,True
PUBLISHED_PRECOMPUTED_FEATURE_EVALUATION,FEATURE_SEARCH_ONLY,second_S2D.mat,700,836,9,45182,836,0.999066948890686,True
PUBLISHED_PRECOMPUTED_FEATURE_EVALUATION,FEATURE_SEARCH_ONLY,second_S2D.mat,700,836,10,45163,836,0.999065637588501,True
