sample_key,dataset_partition,sample_id,uav_image_count,satellite_image_count,other_image_count,uav_relative_member,uav_member
map2019/merge_test_700-1800_cr0.95_stride100/Chuanmei_100_000000,merge_test_700-1800_cr0.95_stride100,Chuanmei_100_000000,1,12,0,UAV/0.JPG,map2019/merge_test_700-1800_cr0.95_stride100/Chuanmei_100_000000/UAV/0.JPG
map2019/merge_test_700-1800_cr0.95_stride100/Chuanmei_100_000001,merge_test_700-1800_cr0.95_stride100,Chuanmei_100_000001,1,12,0,UAV/0.JPG,map2019/merge_test_700-1800_cr0.95_stride100/Chuanmei_100_000001/UAV/0.JPG
map2019/merge_test_700-1800_cr0.95_stride100/Chuanmei_100_000002,merge_test_700-1800_cr0.95_stride100,Chuanmei_100_000002,1,12,0,UAV/0.JPG,map2019/merge_test_700-1800_cr0.95_stride100/Chuanmei_100_000002/UAV/0.JPG
map2019/merge_test_700-1800_cr0.95_stride100/Chuanmei_100_000003,merge_test_700-1800_cr0.95_stride100,Chuanmei_100_000003,1,12,0,UAV/0.JPG,map2019/merge_test_700-1800_cr0.95_stride100/Chuanmei_100_000003/UAV/0.JPG
map2019/merge_test_700-1800_cr0.95_stride100/Chuanmei_100_000004,merge_test_700-1800_cr0.95_stride100,Chuanmei_100_000004,1,12,0,UAV/0.JPG,map2019/merge_test_700-1800_cr0.95_stride100/Chuanmei_100_000004/UAV/0.JPG
map2019/merge_test_700-1800_cr0.95_stride100/Chuanmei_100_000005,merge_test_700-1800_cr0.95_stride100,Chuanmei_100_000005,1,12,0,UAV/0.JPG,map2019/merge_test_700-1800_cr0.95_stride100/Chuanmei_100_000005/UAV/0.JPG
map2019/merge_test_700-1800_cr0.95_stride100/Chuanmei_100_000006,merge_test_700-1800_cr0.95_stride100,Chuanmei_100_000006,1,12,0,UAV/0.JPG,map2019/merge_test_700-1800_cr0.95_stride100/Chuanmei_100_000006/UAV/0.JPG
map2019/merge_test_700-1800_cr0.95_stride100/Chuanmei_100_000007,merge_test_700-1800_cr0.95_stride100,Chuanmei_100_000007,1,12,0,UAV/0.JPG,map2019/merge_test_700-1800_cr0.95_stride100/Chuanmei_100_000007/UAV/0.JPG
map2019/merge_test_700-1800_cr0.95_stride100/Chuanmei_100_000008,merge_test_700-1800_cr0.95_stride100,Chuanmei_100_000008,1,12,0,UAV/0.JPG,map2019/merge_test_700-1800_cr0.95_stride100/Chuanmei_100_000008/UAV/0.JPG
map2019/merge_test_700-1800_cr0.95_stride100/Chuanmei_100_000009,merge_test_700-1800_cr0.95_stride100,Chuanmei_100_000009,1,12,0,UAV/0.JPG,map2019/merge_test_700-1800_cr0.95_stride100/Chuanmei_100_000009/UAV/0.JPG
map2019/merge_test_700-1800_cr0.95_stride100/Chuanmei_100_000010,merge_test_700-1800_cr0.95_stride100,Chuanmei_100_000010,1,12,0,UAV/0.JPG,map2019/merge_test_700-1800_cr0.95_stride100/Chuanmei_100_000010/UAV/0.JPG
map2019/merge_test_700-1800_cr0.95_stride100/Chuanmei_100_000011,merge_test_700-1800_cr0.95_stride100,Chuanmei_100_000011,1,12,0,UAV/0.JPG,map2019/merge_test_700-1800_cr0.95_stride100/Chuanmei_100_000011/UAV/0.JPG
map2019/merge_test_700-1800_cr0.95_stride100/Chuanmei_100_000012,merge_test_700-1800_cr0.95_stride100,Chuanmei_100_000012,1,12,0,UAV/0.JPG,map2019/merge_test_700-1800_cr0.95_stride100/Chuanmei_100_000012/UAV/0.JPG
map2019/merge_test_700-1800_cr0.95_stride100/Chuanmei_100_000013,merge_test_700-1800_cr0.95_stride100,Chuanmei_100_000013,1,12,0,UAV/0.JPG,map2019/merge_test_700-1800_cr0.95_stride100/Chuanmei_100_000013/UAV/0.JPG
map2019/merge_test_700-1800_cr0.95_stride100/Chuanmei_100_000014,merge_test_700-1800_cr0.95_stride100,Chuanmei_100_000014,1,12,0,UAV/0.JPG,map2019/merge_test_700-1800_cr0.95_stride100/Chuanmei_100_000014/UAV/0.JPG
map2019/merge_test_700-1800_cr0.95_stride100/Chuanmei_100_000015,merge_test_700-1800_cr0.95_stride100,Chuanmei_100_000015,1,12,0,UAV/0.JPG,map2019/merge_test_700-1800_cr0.95_stride100/Chuanmei_100_000015/UAV/0.JPG
map2019/merge_test_700-1800_cr0.95_stride100/Chuanmei_100_000016,merge_test_700-1800_cr0.95_stride100,Chuanmei_100_000016,1,12,0,UAV/0.JPG,map2019/merge_test_700-1800_cr0.95_stride100/Chuanmei_100_000016/UAV/0.JPG
map2019/merge_test_700-1800_cr0.95_stride100/Chuanmei_100_000017,merge_test_700-1800_cr0.95_stride100,Chuanmei_100_000017,1,12,0,UAV/0.JPG,map2019/merge_test_700-1800_cr0.95_stride100/Chuanmei_100_000017/UAV/0.JPG
map2019/merge_test_700-1800_cr0.95_stride100/Chuanmei_100_000018,merge_test_700-1800_cr0.95_stride100,Chuanmei_100_000018,1,12,0,UAV/0.JPG,map2019/merge_test_700-1800_cr0.95_stride100/Chuanmei_100_000018/UAV/0.JPG
map2019/merge_test_700-1800_cr0.95_stride100/Chuanmei_100_000019,merge_test_700-1800_cr0.95_stride100,Chuanmei_100_000019,1,12,0,UAV/0.JPG,map2019/merge_test_700-1800_cr0.95_stride100/Chuanmei_100_000019/UAV/0.JPG
map2019/merge_test_700-1800_cr0.95_stride100/Chuanmei_100_000020,merge_test_700-1800_cr0.95_stride100,Chuanmei_100_000020,1,12,0,UAV/0.JPG,map2019/merge_test_700-1800_cr0.95_stride100/Chuanmei_100_000020/UAV/0.JPG
map2019/merge_test_700-1800_cr0.95_stride100/Chuanmei_100_000021,merge_test_700-1800_cr0.95_stride100,Chuanmei_100_000021,1,12,0,UAV/0.JPG,map2019/merge_test_700-1800_cr0.95_stride100/Chuanmei_100_000021/UAV/0.JPG
map2019/merge_test_700-1800_cr0.95_stride100/Chuanmei_100_000022,merge_test_700-1800_cr0.95_stride100,Chuanmei_100_000022,1,12,0,UAV/0.JPG,map2019/merge_test_700-1800_cr0.95_stride100/Chuanmei_100_000022/UAV/0.JPG
map2019/merge_test_700-1800_cr0.95_stride100/Chuanmei_100_000023,merge_test_700-1800_cr0.95_stride100,Chuanmei_100_000023,1,12,0,UAV/0.JPG,map2019/merge_test_700-1800_cr0.95_stride100/Chuanmei_100_000023/UAV/0.JPG
map2019/merge_test_700-1800_cr0.95_stride100/Chuanmei_100_000024,merge_test_700-1800_cr0.95_stride100,Chuanmei_100_000024,1,12,0,UAV/0.JPG,map2019/merge_test_700-1800_cr0.95_stride100/Chuanmei_100_000024/UAV/0.JPG
map2019/merge_test_700-1800_cr0.95_stride100/Chuanmei_100_000025,merge_test_700-1800_cr0.95_stride100,Chuanmei_100_000025,1,12,0,UAV/0.JPG,map2019/merge_test_700-1800_cr0.95_stride100/Chuanmei_100_000025/UAV/0.JPG
map2019/merge_test_700-1800_cr0.95_stride100/Chuanmei_100_000026,merge_test_700-1800_cr0.95_stride100,Chuanmei_100_000026,1,12,0,UAV/0.JPG,map2019/merge_test_700-1800_cr0.95_stride100/Chuanmei_100_000026/UAV/0.JPG
map2019/merge_test_700-1800_cr0.95_stride100/Chuanmei_100_000027,merge_test_700-1800_cr0.95_stride100,Chuanmei_100_000027,1,12,0,UAV/0.JPG,map2019/merge_test_700-1800_cr0.95_stride100/Chuanmei_100_000027/UAV/0.JPG
map2019/merge_test_700-1800_cr0.95_stride100/Chuanmei_100_000028,merge_test_700-1800_cr0.95_stride100,Chuanmei_100_000028,1,12,0,UAV/0.JPG,map2019/merge_test_700-1800_cr0.95_stride100/Chuanmei_100_000028/UAV/0.JPG
map2019/merge_test_700-1800_cr0.95_stride100/Chuanmei_100_000029,merge_test_700-1800_cr0.95_stride100,Chuanmei_100_000029,1,12,0,UAV/0.JPG,map2019/merge_test_700-1800_cr0.95_stride100/Chuanmei_100_000029/UAV/0.JPG
map2019/merge_test_700-1800_cr0.95_stride100/Chuanmei_100_000030,merge_test_700-1800_cr0.95_stride100,Chuanmei_100_000030,1,12,0,UAV/0.JPG,map2019/merge_test_700-1800_cr0.95_stride100/Chuanmei_100_000030/UAV/0.JPG
map2019/merge_test_700-1800_cr0.95_stride100/Chuanmei_100_000031,merge_test_700-1800_cr0.95_stride100,Chuanmei_100_000031,1,12,0,UAV/0.JPG,map2019/merge_test_700-1800_cr0.95_stride100/Chuanmei_100_000031/UAV/0.JPG
map2019/merge_test_700-1800_cr0.95_stride100/Chuanmei_100_000032,merge_test_700-1800_cr0.95_stride100,Chuanmei_100_000032,1,12,0,UAV/0.JPG,map2019/merge_test_700-1800_cr0.95_stride100/Chuanmei_100_000032/UAV/0.JPG
map2019/merge_test_700-1800_cr0.95_stride100/Chuanmei_100_000033,merge_test_700-1800_cr0.95_stride100,Chuanmei_100_000033,1,12,0,UAV/0.JPG,map2019/merge_test_700-1800_cr0.95_stride100/Chuanmei_100_000033/UAV/0.JPG
map2019/merge_test_700-1800_cr0.95_stride100/Chuanmei_100_000034,merge_test_700-1800_cr0.95_stride100,Chuanmei_100_000034,1,12,0,UAV/0.JPG,map2019/merge_test_700-1800_cr0.95_stride100/Chuanmei_100_000034/UAV/0.JPG
map2019/merge_test_700-1800_cr0.95_stride100/Chuanmei_100_000035,merge_test_700-1800_cr0.95_stride100,Chuanmei_100_000035,1,12,0,UAV/0.JPG,map2019/merge_test_700-1800_cr0.95_stride100/Chuanmei_100_000035/UAV/0.JPG
map2019/merge_test_700-1800_cr0.95_stride100/Chuanmei_100_000036,merge_test_700-1800_cr0.95_stride100,Chuanmei_100_000036,1,12,0,UAV/0.JPG,map2019/merge_test_700-1800_cr0.95_stride100/Chuanmei_100_000036/UAV/0.JPG
map2019/merge_test_700-1800_cr0.95_stride100/Chuanmei_100_000037,merge_test_700-1800_cr0.95_stride100,Chuanmei_100_000037,1,12,0,UAV/0.JPG,map2019/merge_test_700-1800_cr0.95_stride100/Chuanmei_100_000037/UAV/0.JPG
map2019/merge_test_700-1800_cr0.95_stride100/Chuanmei_100_000038,merge_test_700-1800_cr0.95_stride100,Chuanmei_100_000038,1,12,0,UAV/0.JPG,map2019/merge_test_700-1800_cr0.95_stride100/Chuanmei_100_000038/UAV/0.JPG
map2019/merge_test_700-1800_cr0.95_stride100/Chuanmei_100_000039,merge_test_700-1800_cr0.95_stride100,Chuanmei_100_000039,1,12,0,UAV/0.JPG,map2019/merge_test_700-1800_cr0.95_stride100/Chuanmei_100_000039/UAV/0.JPG
map2019/merge_test_700-1800_cr0.95_stride100/Chuanmei_100_000040,merge_test_700-1800_cr0.95_stride100,Chuanmei_100_000040,1,12,0,UAV/0.JPG,map2019/merge_test_700-1800_cr0.95_stride100/Chuanmei_100_000040/UAV/0.JPG
map2019/merge_test_700-1800_cr0.95_stride100/Chuanmei_100_000041,merge_test_700-1800_cr0.95_stride100,Chuanmei_100_000041,1,12,0,UAV/0.JPG,map2019/merge_test_700-1800_cr0.95_stride100/Chuanmei_100_000041/UAV/0.JPG
map2019/merge_test_700-1800_cr0.95_stride100/Chuanmei_100_000042,merge_test_700-1800_cr0.95_stride100,Chuanmei_100_000042,1,12,0,UAV/0.JPG,map2019/merge_test_700-1800_cr0.95_stride100/Chuanmei_100_000042/UAV/0.JPG
map2019/merge_test_700-1800_cr0.95_stride100/Chuanmei_100_000043,merge_test_700-1800_cr0.95_stride100,Chuanmei_100_000043,1,12,0,UAV/0.JPG,map2019/merge_test_700-1800_cr0.95_stride100/Chuanmei_100_000043/UAV/0.JPG
map2019/merge_test_700-1800_cr0.95_stride100/Chuanmei_100_000044,merge_test_700-1800_cr0.95_stride100,Chuanmei_100_000044,1,12,0,UAV/0.JPG,map2019/merge_test_700-1800_cr0.95_stride100/Chuanmei_100_000044/UAV/0.JPG
map2019/merge_test_700-1800_cr0.95_stride100/Chuanmei_100_000045,merge_test_700-1800_cr0.95_stride100,Chuanmei_100_000045,1,12,0,UAV/0.JPG,map2019/merge_test_700-1800_cr0.95_stride100/Chuanmei_100_000045/UAV/0.JPG
map2019/merge_test_700-1800_cr0.95_stride100/Chuanmei_100_000046,merge_test_700-1800_cr0.95_stride100,Chuanmei_100_000046,1,12,0,UAV/0.JPG,map2019/merge_test_700-1800_cr0.95_stride100/Chuanmei_100_000046/UAV/0.JPG
map2019/merge_test_700-1800_cr0.95_stride100/Chuanmei_100_000047,merge_test_700-1800_cr0.95_stride100,Chuanmei_100_000047,1,12,0,UAV/0.JPG,map2019/merge_test_700-1800_cr0.95_stride100/Chuanmei_100_000047/UAV/0.JPG
map2019/merge_test_700-1800_cr0.95_stride100/Chuanmei_100_000048,merge_test_700-1800_cr0.95_stride100,Chuanmei_100_000048,1,12,0,UAV/0.JPG,map2019/merge_test_700-1800_cr0.95_stride100/Chuanmei_100_000048/UAV/0.JPG
map2019/merge_test_700-1800_cr0.95_stride100/Chuanmei_100_000049,merge_test_700-1800_cr0.95_stride100,Chuanmei_100_000049,1,12,0,UAV/0.JPG,map2019/merge_test_700-1800_cr0.95_stride100/Chuanmei_100_000049/UAV/0.JPG
map2019/merge_test_700-1800_cr0.95_stride100/Chuanmei_100_000050,merge_test_700-1800_cr0.95_stride100,Chuanmei_100_000050,1,12,0,UAV/0.JPG,map2019/merge_test_700-1800_cr0.95_stride100/Chuanmei_100_000050/UAV/0.JPG
map2019/merge_test_700-1800_cr0.95_stride100/Chuanmei_100_000051,merge_test_700-1800_cr0.95_stride100,Chuanmei_100_000051,1,12,0,UAV/0.JPG,map2019/merge_test_700-1800_cr0.95_stride100/Chuanmei_100_000051/UAV/0.JPG
map2019/merge_test_700-1800_cr0.95_stride100/Chuanmei_100_000052,merge_test_700-1800_cr0.95_stride100,Chuanmei_100_000052,1,12,0,UAV/0.JPG,map2019/merge_test_700-1800_cr0.95_stride100/Chuanmei_100_000052/UAV/0.JPG
map2019/merge_test_700-1800_cr0.95_stride100/Chuanmei_100_000053,merge_test_700-1800_cr0.95_stride100,Chuanmei_100_000053,1,12,0,UAV/0.JPG,map2019/merge_test_700-1800_cr0.95_stride100/Chuanmei_100_000053/UAV/0.JPG
map2019/merge_test_700-1800_cr0.95_stride100/Chuanmei_100_000054,merge_test_700-1800_cr0.95_stride100,Chuanmei_100_000054,1,12,0,UAV/0.JPG,map2019/merge_test_700-1800_cr0.95_stride100/Chuanmei_100_000054/UAV/0.JPG
map2019/merge_test_700-1800_cr0.95_stride100/Chuanmei_100_000055,merge_test_700-1800_cr0.95_stride100,Chuanmei_100_000055,1,12,0,UAV/0.JPG,map2019/merge_test_700-1800_cr0.95_stride100/Chuanmei_100_000055/UAV/0.JPG
map2019/merge_test_700-1800_cr0.95_stride100/Chuanmei_100_000056,merge_test_700-1800_cr0.95_stride100,Chuanmei_100_000056,1,12,0,UAV/0.JPG,map2019/merge_test_700-1800_cr0.95_stride100/Chuanmei_100_000056/UAV/0.JPG
map2019/merge_test_700-1800_cr0.95_stride100/Chuanmei_100_000057,merge_test_700-1800_cr0.95_stride100,Chuanmei_100_000057,1,12,0,UAV/0.JPG,map2019/merge_test_700-1800_cr0.95_stride100/Chuanmei_100_000057/UAV/0.JPG
map2019/merge_test_700-1800_cr0.95_stride100/Chuanmei_100_000058,merge_test_700-1800_cr0.95_stride100,Chuanmei_100_000058,1,12,0,UAV/0.JPG,map2019/merge_test_700-1800_cr0.95_stride100/Chuanmei_100_000058/UAV/0.JPG
map2019/merge_test_700-1800_cr0.95_stride100/Chuanmei_100_000059,merge_test_700-1800_cr0.95_stride100,Chuanmei_100_000059,1,12,0,UAV/0.JPG,map2019/merge_test_700-1800_cr0.95_stride100/Chuanmei_100_000059/UAV/0.JPG
map2019/merge_test_700-1800_cr0.95_stride100/Chuanmei_100_000060,merge_test_700-1800_cr0.95_stride100,Chuanmei_100_000060,1,12,0,UAV/0.JPG,map2019/merge_test_700-1800_cr0.95_stride100/Chuanmei_100_000060/UAV/0.JPG
map2019/merge_test_700-1800_cr0.95_stride100/Chuanmei_100_000061,merge_test_700-1800_cr0.95_stride100,Chuanmei_100_000061,1,12,0,UAV/0.JPG,map2019/merge_test_700-1800_cr0.95_stride100/Chuanmei_100_000061/UAV/0.JPG
map2019/merge_test_700-1800_cr0.95_stride100/Chuanmei_100_000062,merge_test_700-1800_cr0.95_stride100,Chuanmei_100_000062,1,12,0,UAV/0.JPG,map2019/merge_test_700-1800_cr0.95_stride100/Chuanmei_100_000062/UAV/0.JPG
map2019/merge_test_700-1800_cr0.95_stride100/Chuanmei_100_000063,merge_test_700-1800_cr0.95_stride100,Chuanmei_100_000063,1,12,0,UAV/0.JPG,map2019/merge_test_700-1800_cr0.95_stride100/Chuanmei_100_000063/UAV/0.JPG
map2019/merge_test_700-1800_cr0.95_stride100/Chuanmei_100_000064,merge_test_700-1800_cr0.95_stride100,Chuanmei_100_000064,1,12,0,UAV/0.JPG,map2019/merge_test_700-1800_cr0.95_stride100/Chuanmei_100_000064/UAV/0.JPG
map2019/merge_test_700-1800_cr0.95_stride100/Chuanmei_100_000065,merge_test_700-1800_cr0.95_stride100,Chuanmei_100_000065,1,12,0,UAV/0.JPG,map2019/merge_test_700-1800_cr0.95_stride100/Chuanmei_100_000065/UAV/0.JPG
map2019/merge_test_700-1800_cr0.95_stride100/Chuanmei_100_000066,merge_test_700-1800_cr0.95_stride100,Chuanmei_100_000066,1,12,0,UAV/0.JPG,map2019/merge_test_700-1800_cr0.95_stride100/Chuanmei_100_000066/UAV/0.JPG
map2019/merge_test_700-1800_cr0.95_stride100/Chuanmei_100_000067,merge_test_700-1800_cr0.95_stride100,Chuanmei_100_000067,1,12,0,UAV/0.JPG,map2019/merge_test_700-1800_cr0.95_stride100/Chuanmei_100_000067/UAV/0.JPG
map2019/merge_test_700-1800_cr0.95_stride100/Chuanmei_100_000068,merge_test_700-1800_cr0.95_stride100,Chuanmei_100_000068,1,12,0,UAV/0.JPG,map2019/merge_test_700-1800_cr0.95_stride100/Chuanmei_100_000068/UAV/0.JPG
map2019/merge_test_700-1800_cr0.95_stride100/Chuanmei_100_000069,merge_test_700-1800_cr0.95_stride100,Chuanmei_100_000069,1,12,0,UAV/0.JPG,map2019/merge_test_700-1800_cr0.95_stride100/Chuanmei_100_000069/UAV/0.JPG
map2019/merge_test_700-1800_cr0.95_stride100/Chuanmei_100_000070,merge_test_700-1800_cr0.95_stride100,Chuanmei_100_000070,1,12,0,UAV/0.JPG,map2019/merge_test_700-1800_cr0.95_stride100/Chuanmei_100_000070/UAV/0.JPG
map2019/merge_test_700-1800_cr0.95_stride100/Chuanmei_100_000071,merge_test_700-1800_cr0.95_stride100,Chuanmei_100_000071,1,12,0,UAV/0.JPG,map2019/merge_test_700-1800_cr0.95_stride100/Chuanmei_100_000071/UAV/0.JPG
map2019/merge_test_700-1800_cr0.95_stride100/Chuanmei_100_000072,merge_test_700-1800_cr0.95_stride100,Chuanmei_100_000072,1,12,0,UAV/0.JPG,map2019/merge_test_700-1800_cr0.95_stride100/Chuanmei_100_000072/UAV/0.JPG
map2019/merge_test_700-1800_cr0.95_stride100/Chuanmei_100_000073,merge_test_700-1800_cr0.95_stride100,Chuanmei_100_000073,1,12,0,UAV/0.JPG,map2019/merge_test_700-1800_cr0.95_stride100/Chuanmei_100_000073/UAV/0.JPG
map2019/merge_test_700-1800_cr0.95_stride100/Chuanmei_100_000074,merge_test_700-1800_cr0.95_stride100,Chuanmei_100_000074,1,12,0,UAV/0.JPG,map2019/merge_test_700-1800_cr0.95_stride100/Chuanmei_100_000074/UAV/0.JPG
map2019/merge_test_700-1800_cr0.95_stride100/Chuanmei_100_000075,merge_test_700-1800_cr0.95_stride100,Chuanmei_100_000075,1,12,0,UAV/0.JPG,map2019/merge_test_700-1800_cr0.95_stride100/Chuanmei_100_000075/UAV/0.JPG
map2019/merge_test_700-1800_cr0.95_stride100/Chuanmei_100_000076,merge_test_700-1800_cr0.95_stride100,Chuanmei_100_000076,1,12,0,UAV/0.JPG,map2019/merge_test_700-1800_cr0.95_stride100/Chuanmei_100_000076/UAV/0.JPG
map2019/merge_test_700-1800_cr0.95_stride100/Chuanmei_100_000077,merge_test_700-1800_cr0.95_stride100,Chuanmei_100_000077,1,12,0,UAV/0.JPG,map2019/merge_test_700-1800_cr0.95_stride100/Chuanmei_100_000077/UAV/0.JPG
map2019/merge_test_700-1800_cr0.95_stride100/Chuanmei_100_000078,merge_test_700-1800_cr0.95_stride100,Chuanmei_100_000078,1,12,0,UAV/0.JPG,map2019/merge_test_700-1800_cr0.95_stride100/Chuanmei_100_000078/UAV/0.JPG
map2019/merge_test_700-1800_cr0.95_stride100/Chuanmei_100_000079,merge_test_700-1800_cr0.95_stride100,Chuanmei_100_000079,1,12,0,UAV/0.JPG,map2019/merge_test_700-1800_cr0.95_stride100/Chuanmei_100_000079/UAV/0.JPG
map2019/merge_test_700-1800_cr0.95_stride100/Chuanmei_100_000080,merge_test_700-1800_cr0.95_stride100,Chuanmei_100_000080,1,12,0,UAV/0.JPG,map2019/merge_test_700-1800_cr0.95_stride100/Chuanmei_100_000080/UAV/0.JPG
map2019/merge_test_700-1800_cr0.95_stride100/Chuanmei_100_000081,merge_test_700-1800_cr0.95_stride100,Chuanmei_100_000081,1,12,0,UAV/0.JPG,map2019/merge_test_700-1800_cr0.95_stride100/Chuanmei_100_000081/UAV/0.JPG
map2019/merge_test_700-1800_cr0.95_stride100/Chuanmei_100_000082,merge_test_700-1800_cr0.95_stride100,Chuanmei_100_000082,1,12,0,UAV/0.JPG,map2019/merge_test_700-1800_cr0.95_stride100/Chuanmei_100_000082/UAV/0.JPG
map2019/merge_test_700-1800_cr0.95_stride100/Chuanmei_100_000083,merge_test_700-1800_cr0.95_stride100,Chuanmei_100_000083,1,12,0,UAV/0.JPG,map2019/merge_test_700-1800_cr0.95_stride100/Chuanmei_100_000083/UAV/0.JPG
map2019/merge_test_700-1800_cr0.95_stride100/Chuanmei_100_000084,merge_test_700-1800_cr0.95_stride100,Chuanmei_100_000084,1,12,0,UAV/0.JPG,map2019/merge_test_700-1800_cr0.95_stride100/Chuanmei_100_000084/UAV/0.JPG
map2019/merge_test_700-1800_cr0.95_stride100/Chuanmei_100_000085,merge_test_700-1800_cr0.95_stride100,Chuanmei_100_000085,1,12,0,UAV/0.JPG,map2019/merge_test_700-1800_cr0.95_stride100/Chuanmei_100_000085/UAV/0.JPG
map2019/merge_test_700-1800_cr0.95_stride100/Chuanmei_100_000086,merge_test_700-1800_cr0.95_stride100,Chuanmei_100_000086,1,12,0,UAV/0.JPG,map2019/merge_test_700-1800_cr0.95_stride100/Chuanmei_100_000086/UAV/0.JPG
map2019/merge_test_700-1800_cr0.95_stride100/Chuanmei_100_000087,merge_test_700-1800_cr0.95_stride100,Chuanmei_100_000087,1,12,0,UAV/0.JPG,map2019/merge_test_700-1800_cr0.95_stride100/Chuanmei_100_000087/UAV/0.JPG
map2019/merge_test_700-1800_cr0.95_stride100/Chuanmei_100_000088,merge_test_700-1800_cr0.95_stride100,Chuanmei_100_000088,1,12,0,UAV/0.JPG,map2019/merge_test_700-1800_cr0.95_stride100/Chuanmei_100_000088/UAV/0.JPG
map2019/merge_test_700-1800_cr0.95_stride100/Chuanmei_100_000089,merge_test_700-1800_cr0.95_stride100,Chuanmei_100_000089,1,12,0,UAV/0.JPG,map2019/merge_test_700-1800_cr0.95_stride100/Chuanmei_100_000089/UAV/0.JPG
map2019/merge_test_700-1800_cr0.95_stride100/Chuanmei_100_000090,merge_test_700-1800_cr0.95_stride100,Chuanmei_100_000090,1,12,0,UAV/0.JPG,map2019/merge_test_700-1800_cr0.95_stride100/Chuanmei_100_000090/UAV/0.JPG
map2019/merge_test_700-1800_cr0.95_stride100/Chuanmei_100_000091,merge_test_700-1800_cr0.95_stride100,Chuanmei_100_000091,1,12,0,UAV/0.JPG,map2019/merge_test_700-1800_cr0.95_stride100/Chuanmei_100_000091/UAV/0.JPG
map2019/merge_test_700-1800_cr0.95_stride100/Chuanmei_100_000092,merge_test_700-1800_cr0.95_stride100,Chuanmei_100_000092,1,12,0,UAV/0.JPG,map2019/merge_test_700-1800_cr0.95_stride100/Chuanmei_100_000092/UAV/0.JPG
map2019/merge_test_700-1800_cr0.95_stride100/Chuanmei_100_000093,merge_test_700-1800_cr0.95_stride100,Chuanmei_100_000093,1,12,0,UAV/0.JPG,map2019/merge_test_700-1800_cr0.95_stride100/Chuanmei_100_000093/UAV/0.JPG
map2019/merge_test_700-1800_cr0.95_stride100/Chuanmei_100_000094,merge_test_700-1800_cr0.95_stride100,Chuanmei_100_000094,1,12,0,UAV/0.JPG,map2019/merge_test_700-1800_cr0.95_stride100/Chuanmei_100_000094/UAV/0.JPG
map2019/merge_test_700-1800_cr0.95_stride100/Chuanmei_100_000095,merge_test_700-1800_cr0.95_stride100,Chuanmei_100_000095,1,12,0,UAV/0.JPG,map2019/merge_test_700-1800_cr0.95_stride100/Chuanmei_100_000095/UAV/0.JPG
map2019/merge_test_700-1800_cr0.95_stride100/Chuanmei_100_000096,merge_test_700-1800_cr0.95_stride100,Chuanmei_100_000096,1,12,0,UAV/0.JPG,map2019/merge_test_700-1800_cr0.95_stride100/Chuanmei_100_000096/UAV/0.JPG
map2019/merge_test_700-1800_cr0.95_stride100/Chuanmei_100_000097,merge_test_700-1800_cr0.95_stride100,Chuanmei_100_000097,1,12,0,UAV/0.JPG,map2019/merge_test_700-1800_cr0.95_stride100/Chuanmei_100_000097/UAV/0.JPG
map2019/merge_test_700-1800_cr0.95_stride100/Chuanmei_100_000098,merge_test_700-1800_cr0.95_stride100,Chuanmei_100_000098,1,12,0,UAV/0.JPG,map2019/merge_test_700-1800_cr0.95_stride100/Chuanmei_100_000098/UAV/0.JPG
map2019/merge_test_700-1800_cr0.95_stride100/Chuanmei_100_000099,merge_test_700-1800_cr0.95_stride100,Chuanmei_100_000099,1,12,0,UAV/0.JPG,map2019/merge_test_700-1800_cr0.95_stride100/Chuanmei_100_000099/UAV/0.JPG
map2019/merge_test_700-1800_cr0.95_stride100/Chuanmei_100_000100,merge_test_700-1800_cr0.95_stride100,Chuanmei_100_000100,1,12,0,UAV/0.JPG,map2019/merge_test_700-1800_cr0.95_stride100/Chuanmei_100_000100/UAV/0.JPG
map2019/merge_test_700-1800_cr0.95_stride100/Chuanmei_100_000101,merge_test_700-1800_cr0.95_stride100,Chuanmei_100_000101,1,12,0,UAV/0.JPG,map2019/merge_test_700-1800_cr0.95_stride100/Chuanmei_100_000101/UAV/0.JPG
map2019/merge_test_700-1800_cr0.95_stride100/Chuanmei_100_000102,merge_test_700-1800_cr0.95_stride100,Chuanmei_100_000102,1,12,0,UAV/0.JPG,map2019/merge_test_700-1800_cr0.95_stride100/Chuanmei_100_000102/UAV/0.JPG
map2019/merge_test_700-1800_cr0.95_stride100/Chuanmei_100_000103,merge_test_700-1800_cr0.95_stride100,Chuanmei_100_000103,1,12,0,UAV/0.JPG,map2019/merge_test_700-1800_cr0.95_stride100/Chuanmei_100_000103/UAV/0.JPG
map2019/merge_test_700-1800_cr0.95_stride100/Chuanmei_100_000104,merge_test_700-1800_cr0.95_stride100,Chuanmei_100_000104,1,12,0,UAV/0.JPG,map2019/merge_test_700-1800_cr0.95_stride100/Chuanmei_100_000104/UAV/0.JPG
map2019/merge_test_700-1800_cr0.95_stride100/Chuanmei_100_000105,merge_test_700-1800_cr0.95_stride100,Chuanmei_100_000105,1,12,0,UAV/0.JPG,map2019/merge_test_700-1800_cr0.95_stride100/Chuanmei_100_000105/UAV/0.JPG
map2019/merge_test_700-1800_cr0.95_stride100/Chuanmei_100_000106,merge_test_700-1800_cr0.95_stride100,Chuanmei_100_000106,1,12,0,UAV/0.JPG,map2019/merge_test_700-1800_cr0.95_stride100/Chuanmei_100_000106/UAV/0.JPG
map2019/merge_test_700-1800_cr0.95_stride100/Chuanmei_100_000107,merge_test_700-1800_cr0.95_stride100,Chuanmei_100_000107,1,12,0,UAV/0.JPG,map2019/merge_test_700-1800_cr0.95_stride100/Chuanmei_100_000107/UAV/0.JPG
map2019/merge_test_700-1800_cr0.95_stride100/Chuanmei_100_000108,merge_test_700-1800_cr0.95_stride100,Chuanmei_100_000108,1,12,0,UAV/0.JPG,map2019/merge_test_700-1800_cr0.95_stride100/Chuanmei_100_000108/UAV/0.JPG
map2019/merge_test_700-1800_cr0.95_stride100/Chuanmei_100_000109,merge_test_700-1800_cr0.95_stride100,Chuanmei_100_000109,1,12,0,UAV/0.JPG,map2019/merge_test_700-1800_cr0.95_stride100/Chuanmei_100_000109/UAV/0.JPG
map2019/merge_test_700-1800_cr0.95_stride100/Chuanmei_100_000110,merge_test_700-1800_cr0.95_stride100,Chuanmei_100_000110,1,12,0,UAV/0.JPG,map2019/merge_test_700-1800_cr0.95_stride100/Chuanmei_100_000110/UAV/0.JPG
map2019/merge_test_700-1800_cr0.95_stride100/Chuanmei_100_000111,merge_test_700-1800_cr0.95_stride100,Chuanmei_100_000111,1,12,0,UAV/0.JPG,map2019/merge_test_700-1800_cr0.95_stride100/Chuanmei_100_000111/UAV/0.JPG
map2019/merge_test_700-1800_cr0.95_stride100/Chuanmei_100_000112,merge_test_700-1800_cr0.95_stride100,Chuanmei_100_000112,1,12,0,UAV/0.JPG,map2019/merge_test_700-1800_cr0.95_stride100/Chuanmei_100_000112/UAV/0.JPG
map2019/merge_test_700-1800_cr0.95_stride100/Chuanmei_100_000113,merge_test_700-1800_cr0.95_stride100,Chuanmei_100_000113,1,12,0,UAV/0.JPG,map2019/merge_test_700-1800_cr0.95_stride100/Chuanmei_100_000113/UAV/0.JPG
map2019/merge_test_700-1800_cr0.95_stride100/Chuanmei_100_000114,merge_test_700-1800_cr0.95_stride100,Chuanmei_100_000114,1,12,0,UAV/0.JPG,map2019/merge_test_700-1800_cr0.95_stride100/Chuanmei_100_000114/UAV/0.JPG
map2019/merge_test_700-1800_cr0.95_stride100/Chuanmei_100_000115,merge_test_700-1800_cr0.95_stride100,Chuanmei_100_000115,1,12,0,UAV/0.JPG,map2019/merge_test_700-1800_cr0.95_stride100/Chuanmei_100_000115/UAV/0.JPG
map2019/merge_test_700-1800_cr0.95_stride100/Chuanmei_100_000116,merge_test_700-1800_cr0.95_stride100,Chuanmei_100_000116,1,12,0,UAV/0.JPG,map2019/merge_test_700-1800_cr0.95_stride100/Chuanmei_100_000116/UAV/0.JPG
map2019/merge_test_700-1800_cr0.95_stride100/Chuanmei_100_000117,merge_test_700-1800_cr0.95_stride100,Chuanmei_100_000117,1,12,0,UAV/0.JPG,map2019/merge_test_700-1800_cr0.95_stride100/Chuanmei_100_000117/UAV/0.JPG
map2019/merge_test_700-1800_cr0.95_stride100/Chuanmei_100_000118,merge_test_700-1800_cr0.95_stride100,Chuanmei_100_000118,1,12,0,UAV/0.JPG,map2019/merge_test_700-1800_cr0.95_stride100/Chuanmei_100_000118/UAV/0.JPG
map2019/merge_test_700-1800_cr0.95_stride100/Chuanmei_100_000119,merge_test_700-1800_cr0.95_stride100,Chuanmei_100_000119,1,12,0,UAV/0.JPG,map2019/merge_test_700-1800_cr0.95_stride100/Chuanmei_100_000119/UAV/0.JPG
map2019/merge_test_700-1800_cr0.95_stride100/Chuanmei_100_000120,merge_test_700-1800_cr0.95_stride100,Chuanmei_100_000120,1,12,0,UAV/0.JPG,map2019/merge_test_700-1800_cr0.95_stride100/Chuanmei_100_000120/UAV/0.JPG
map2019/merge_test_700-1800_cr0.95_stride100/Chuanmei_100_000121,merge_test_700-1800_cr0.95_stride100,Chuanmei_100_000121,1,12,0,UAV/0.JPG,map2019/merge_test_700-1800_cr0.95_stride100/Chuanmei_100_000121/UAV/0.JPG
map2019/merge_test_700-1800_cr0.95_stride100/Chuanmei_100_000122,merge_test_700-1800_cr0.95_stride100,Chuanmei_100_000122,1,12,0,UAV/0.JPG,map2019/merge_test_700-1800_cr0.95_stride100/Chuanmei_100_000122/UAV/0.JPG
map2019/merge_test_700-1800_cr0.95_stride100/Chuanmei_100_000123,merge_test_700-1800_cr0.95_stride100,Chuanmei_100_000123,1,12,0,UAV/0.JPG,map2019/merge_test_700-1800_cr0.95_stride100/Chuanmei_100_000123/UAV/0.JPG
map2019/merge_test_700-1800_cr0.95_stride100/Chuanmei_100_000124,merge_test_700-1800_cr0.95_stride100,Chuanmei_100_000124,1,12,0,UAV/0.JPG,map2019/merge_test_700-1800_cr0.95_stride100/Chuanmei_100_000124/UAV/0.JPG
map2019/merge_test_700-1800_cr0.95_stride100/Chuanmei_100_000125,merge_test_700-1800_cr0.95_stride100,Chuanmei_100_000125,1,12,0,UAV/0.JPG,map2019/merge_test_700-1800_cr0.95_stride100/Chuanmei_100_000125/UAV/0.JPG
map2019/merge_test_700-1800_cr0.95_stride100/Chuanmei_100_000126,merge_test_700-1800_cr0.95_stride100,Chuanmei_100_000126,1,12,0,UAV/0.JPG,map2019/merge_test_700-1800_cr0.95_stride100/Chuanmei_100_000126/UAV/0.JPG
map2019/merge_test_700-1800_cr0.95_stride100/Chuanmei_100_000127,merge_test_700-1800_cr0.95_stride100,Chuanmei_100_000127,1,12,0,UAV/0.JPG,map2019/merge_test_700-1800_cr0.95_stride100/Chuanmei_100_000127/UAV/0.JPG
map2019/merge_test_700-1800_cr0.95_stride100/Chuanmei_100_000128,merge_test_700-1800_cr0.95_stride100,Chuanmei_100_000128,1,12,0,UAV/0.JPG,map2019/merge_test_700-1800_cr0.95_stride100/Chuanmei_100_000128/UAV/0.JPG
map2019/merge_test_700-1800_cr0.95_stride100/Chuanmei_100_000129,merge_test_700-1800_cr0.95_stride100,Chuanmei_100_000129,1,12,0,UAV/0.JPG,map2019/merge_test_700-1800_cr0.95_stride100/Chuanmei_100_000129/UAV/0.JPG
map2019/merge_test_700-1800_cr0.95_stride100/Chuanmei_100_000130,merge_test_700-1800_cr0.95_stride100,Chuanmei_100_000130,1,12,0,UAV/0.JPG,map2019/merge_test_700-1800_cr0.95_stride100/Chuanmei_100_000130/UAV/0.JPG
map2019/merge_test_700-1800_cr0.95_stride100/Chuanmei_100_000131,merge_test_700-1800_cr0.95_stride100,Chuanmei_100_000131,1,12,0,UAV/0.JPG,map2019/merge_test_700-1800_cr0.95_stride100/Chuanmei_100_000131/UAV/0.JPG
map2019/merge_test_700-1800_cr0.95_stride100/Chuanmei_100_000132,merge_test_700-1800_cr0.95_stride100,Chuanmei_100_000132,1,12,0,UAV/0.JPG,map2019/merge_test_700-1800_cr0.95_stride100/Chuanmei_100_000132/UAV/0.JPG
map2019/merge_test_700-1800_cr0.95_stride100/Chuanmei_100_000133,merge_test_700-1800_cr0.95_stride100,Chuanmei_100_000133,1,12,0,UAV/0.JPG,map2019/merge_test_700-1800_cr0.95_stride100/Chuanmei_100_000133/UAV/0.JPG
map2019/merge_test_700-1800_cr0.95_stride100/Chuanmei_100_000134,merge_test_700-1800_cr0.95_stride100,Chuanmei_100_000134,1,12,0,UAV/0.JPG,map2019/merge_test_700-1800_cr0.95_stride100/Chuanmei_100_000134/UAV/0.JPG
map2019/merge_test_700-1800_cr0.95_stride100/Chuanmei_100_000135,merge_test_700-1800_cr0.95_stride100,Chuanmei_100_000135,1,12,0,UAV/0.JPG,map2019/merge_test_700-1800_cr0.95_stride100/Chuanmei_100_000135/UAV/0.JPG
map2019/merge_test_700-1800_cr0.95_stride100/Chuanmei_100_000136,merge_test_700-1800_cr0.95_stride100,Chuanmei_100_000136,1,12,0,UAV/0.JPG,map2019/merge_test_700-1800_cr0.95_stride100/Chuanmei_100_000136/UAV/0.JPG
map2019/merge_test_700-1800_cr0.95_stride100/Chuanmei_100_000137,merge_test_700-1800_cr0.95_stride100,Chuanmei_100_000137,1,12,0,UAV/0.JPG,map2019/merge_test_700-1800_cr0.95_stride100/Chuanmei_100_000137/UAV/0.JPG
map2019/merge_test_700-1800_cr0.95_stride100/Chuanmei_100_000138,merge_test_700-1800_cr0.95_stride100,Chuanmei_100_000138,1,12,0,UAV/0.JPG,map2019/merge_test_700-1800_cr0.95_stride100/Chuanmei_100_000138/UAV/0.JPG
map2019/merge_test_700-1800_cr0.95_stride100/Chuanmei_100_000139,merge_test_700-1800_cr0.95_stride100,Chuanmei_100_000139,1,12,0,UAV/0.JPG,map2019/merge_test_700-1800_cr0.95_stride100/Chuanmei_100_000139/UAV/0.JPG
map2019/merge_test_700-1800_cr0.95_stride100/Chuanmei_100_000140,merge_test_700-1800_cr0.95_stride100,Chuanmei_100_000140,1,12,0,UAV/0.JPG,map2019/merge_test_700-1800_cr0.95_stride100/Chuanmei_100_000140/UAV/0.JPG
map2019/merge_test_700-1800_cr0.95_stride100/Chuanmei_100_000141,merge_test_700-1800_cr0.95_stride100,Chuanmei_100_000141,1,12,0,UAV/0.JPG,map2019/merge_test_700-1800_cr0.95_stride100/Chuanmei_100_000141/UAV/0.JPG
map2019/merge_test_700-1800_cr0.95_stride100/Chuanmei_100_000142,merge_test_700-1800_cr0.95_stride100,Chuanmei_100_000142,1,12,0,UAV/0.JPG,map2019/merge_test_700-1800_cr0.95_stride100/Chuanmei_100_000142/UAV/0.JPG
map2019/merge_test_700-1800_cr0.95_stride100/Chuanmei_100_000143,merge_test_700-1800_cr0.95_stride100,Chuanmei_100_000143,1,12,0,UAV/0.JPG,map2019/merge_test_700-1800_cr0.95_stride100/Chuanmei_100_000143/UAV/0.JPG
map2019/merge_test_700-1800_cr0.95_stride100/Chuanmei_100_000144,merge_test_700-1800_cr0.95_stride100,Chuanmei_100_000144,1,12,0,UAV/0.JPG,map2019/merge_test_700-1800_cr0.95_stride100/Chuanmei_100_000144/UAV/0.JPG
map2019/merge_test_700-1800_cr0.95_stride100/Chuanmei_100_000145,merge_test_700-1800_cr0.95_stride100,Chuanmei_100_000145,1,12,0,UAV/0.JPG,map2019/merge_test_700-1800_cr0.95_stride100/Chuanmei_100_000145/UAV/0.JPG
map2019/merge_test_700-1800_cr0.95_stride100/Chuanmei_100_000146,merge_test_700-1800_cr0.95_stride100,Chuanmei_100_000146,1,12,0,UAV/0.JPG,map2019/merge_test_700-1800_cr0.95_stride100/Chuanmei_100_000146/UAV/0.JPG
map2019/merge_test_700-1800_cr0.95_stride100/Chuanmei_100_000147,merge_test_700-1800_cr0.95_stride100,Chuanmei_100_000147,1,12,0,UAV/0.JPG,map2019/merge_test_700-1800_cr0.95_stride100/Chuanmei_100_000147/UAV/0.JPG
map2019/merge_test_700-1800_cr0.95_stride100/Chuanmei_100_000148,merge_test_700-1800_cr0.95_stride100,Chuanmei_100_000148,1,12,0,UAV/0.JPG,map2019/merge_test_700-1800_cr0.95_stride100/Chuanmei_100_000148/UAV/0.JPG
map2019/merge_test_700-1800_cr0.95_stride100/Chuanmei_100_000149,merge_test_700-1800_cr0.95_stride100,Chuanmei_100_000149,1,12,0,UAV/0.JPG,map2019/merge_test_700-1800_cr0.95_stride100/Chuanmei_100_000149/UAV/0.JPG
map2019/merge_test_700-1800_cr0.95_stride100/Chuanmei_100_000150,merge_test_700-1800_cr0.95_stride100,Chuanmei_100_000150,1,12,0,UAV/0.JPG,map2019/merge_test_700-1800_cr0.95_stride100/Chuanmei_100_000150/UAV/0.JPG
map2019/merge_test_700-1800_cr0.95_stride100/Chuanmei_100_000151,merge_test_700-1800_cr0.95_stride100,Chuanmei_100_000151,1,12,0,UAV/0.JPG,map2019/merge_test_700-1800_cr0.95_stride100/Chuanmei_100_000151/UAV/0.JPG
map2019/merge_test_700-1800_cr0.95_stride100/Chuanmei_100_000152,merge_test_700-1800_cr0.95_stride100,Chuanmei_100_000152,1,12,0,UAV/0.JPG,map2019/merge_test_700-1800_cr0.95_stride100/Chuanmei_100_000152/UAV/0.JPG
map2019/merge_test_700-1800_cr0.95_stride100/Chuanmei_100_000153,merge_test_700-1800_cr0.95_stride100,Chuanmei_100_000153,1,12,0,UAV/0.JPG,map2019/merge_test_700-1800_cr0.95_stride100/Chuanmei_100_000153/UAV/0.JPG
map2019/merge_test_700-1800_cr0.95_stride100/Chuanmei_100_000154,merge_test_700-1800_cr0.95_stride100,Chuanmei_100_000154,1,12,0,UAV/0.JPG,map2019/merge_test_700-1800_cr0.95_stride100/Chuanmei_100_000154/UAV/0.JPG
map2019/merge_test_700-1800_cr0.95_stride100/Chuanmei_100_000155,merge_test_700-1800_cr0.95_stride100,Chuanmei_100_000155,1,12,0,UAV/0.JPG,map2019/merge_test_700-1800_cr0.95_stride100/Chuanmei_100_000155/UAV/0.JPG
map2019/merge_test_700-1800_cr0.95_stride100/Chuanmei_100_000156,merge_test_700-1800_cr0.95_stride100,Chuanmei_100_000156,1,12,0,UAV/0.JPG,map2019/merge_test_700-1800_cr0.95_stride100/Chuanmei_100_000156/UAV/0.JPG
map2019/merge_test_700-1800_cr0.95_stride100/Chuanmei_100_000157,merge_test_700-1800_cr0.95_stride100,Chuanmei_100_000157,1,12,0,UAV/0.JPG,map2019/merge_test_700-1800_cr0.95_stride100/Chuanmei_100_000157/UAV/0.JPG
map2019/merge_test_700-1800_cr0.95_stride100/Chuanmei_100_000158,merge_test_700-1800_cr0.95_stride100,Chuanmei_100_000158,1,12,0,UAV/0.JPG,map2019/merge_test_700-1800_cr0.95_stride100/Chuanmei_100_000158/UAV/0.JPG
map2019/merge_test_700-1800_cr0.95_stride100/Chuanmei_100_000159,merge_test_700-1800_cr0.95_stride100,Chuanmei_100_000159,1,12,0,UAV/0.JPG,map2019/merge_test_700-1800_cr0.95_stride100/Chuanmei_100_000159/UAV/0.JPG
map2019/merge_test_700-1800_cr0.95_stride100/Chuanmei_100_000160,merge_test_700-1800_cr0.95_stride100,Chuanmei_100_000160,1,12,0,UAV/0.JPG,map2019/merge_test_700-1800_cr0.95_stride100/Chuanmei_100_000160/UAV/0.JPG
map2019/merge_test_700-1800_cr0.95_stride100/Chuanmei_100_000161,merge_test_700-1800_cr0.95_stride100,Chuanmei_100_000161,1,12,0,UAV/0.JPG,map2019/merge_test_700-1800_cr0.95_stride100/Chuanmei_100_000161/UAV/0.JPG
map2019/merge_test_700-1800_cr0.95_stride100/Chuanmei_100_000162,merge_test_700-1800_cr0.95_stride100,Chuanmei_100_000162,1,12,0,UAV/0.JPG,map2019/merge_test_700-1800_cr0.95_stride100/Chuanmei_100_000162/UAV/0.JPG
map2019/merge_test_700-1800_cr0.95_stride100/Chuanmei_100_000163,merge_test_700-1800_cr0.95_stride100,Chuanmei_100_000163,1,12,0,UAV/0.JPG,map2019/merge_test_700-1800_cr0.95_stride100/Chuanmei_100_000163/UAV/0.JPG
map2019/merge_test_700-1800_cr0.95_stride100/Chuanmei_100_000164,merge_test_700-1800_cr0.95_stride100,Chuanmei_100_000164,1,12,0,UAV/0.JPG,map2019/merge_test_700-1800_cr0.95_stride100/Chuanmei_100_000164/UAV/0.JPG
map2019/merge_test_700-1800_cr0.95_stride100/Chuanmei_100_000165,merge_test_700-1800_cr0.95_stride100,Chuanmei_100_000165,1,12,0,UAV/0.JPG,map2019/merge_test_700-1800_cr0.95_stride100/Chuanmei_100_000165/UAV/0.JPG
map2019/merge_test_700-1800_cr0.95_stride100/Chuanmei_100_000166,merge_test_700-1800_cr0.95_stride100,Chuanmei_100_000166,1,12,0,UAV/0.JPG,map2019/merge_test_700-1800_cr0.95_stride100/Chuanmei_100_000166/UAV/0.JPG
map2019/merge_test_700-1800_cr0.95_stride100/Chuanmei_100_000167,merge_test_700-1800_cr0.95_stride100,Chuanmei_100_000167,1,12,0,UAV/0.JPG,map2019/merge_test_700-1800_cr0.95_stride100/Chuanmei_100_000167/UAV/0.JPG
map2019/merge_test_700-1800_cr0.95_stride100/Chuanmei_100_000168,merge_test_700-1800_cr0.95_stride100,Chuanmei_100_000168,1,12,0,UAV/0.JPG,map2019/merge_test_700-1800_cr0.95_stride100/Chuanmei_100_000168/UAV/0.JPG
map2019/merge_test_700-1800_cr0.95_stride100/Chuanmei_100_000169,merge_test_700-1800_cr0.95_stride100,Chuanmei_100_000169,1,12,0,UAV/0.JPG,map2019/merge_test_700-1800_cr0.95_stride100/Chuanmei_100_000169/UAV/0.JPG
map2019/merge_test_700-1800_cr0.95_stride100/Chuanmei_100_000170,merge_test_700-1800_cr0.95_stride100,Chuanmei_100_000170,1,12,0,UAV/0.JPG,map2019/merge_test_700-1800_cr0.95_stride100/Chuanmei_100_000170/UAV/0.JPG
map2019/merge_test_700-1800_cr0.95_stride100/Chuanmei_100_000171,merge_test_700-1800_cr0.95_stride100,Chuanmei_100_000171,1,12,0,UAV/0.JPG,map2019/merge_test_700-1800_cr0.95_stride100/Chuanmei_100_000171/UAV/0.JPG
map2019/merge_test_700-1800_cr0.95_stride100/Chuanmei_100_000172,merge_test_700-1800_cr0.95_stride100,Chuanmei_100_000172,1,12,0,UAV/0.JPG,map2019/merge_test_700-1800_cr0.95_stride100/Chuanmei_100_000172/UAV/0.JPG
map2019/merge_test_700-1800_cr0.95_stride100/Chuanmei_100_000173,merge_test_700-1800_cr0.95_stride100,Chuanmei_100_000173,1,12,0,UAV/0.JPG,map2019/merge_test_700-1800_cr0.95_stride100/Chuanmei_100_000173/UAV/0.JPG
map2019/merge_test_700-1800_cr0.95_stride100/Chuanmei_100_000174,merge_test_700-1800_cr0.95_stride100,Chuanmei_100_000174,1,12,0,UAV/0.JPG,map2019/merge_test_700-1800_cr0.95_stride100/Chuanmei_100_000174/UAV/0.JPG
map2019/merge_test_700-1800_cr0.95_stride100/Chuanmei_100_000175,merge_test_700-1800_cr0.95_stride100,Chuanmei_100_000175,1,12,0,UAV/0.JPG,map2019/merge_test_700-1800_cr0.95_stride100/Chuanmei_100_000175/UAV/0.JPG
map2019/merge_test_700-1800_cr0.95_stride100/Chuanmei_100_000176,merge_test_700-1800_cr0.95_stride100,Chuanmei_100_000176,1,12,0,UAV/0.JPG,map2019/merge_test_700-1800_cr0.95_stride100/Chuanmei_100_000176/UAV/0.JPG
map2019/merge_test_700-1800_cr0.95_stride100/Chuanmei_100_000177,merge_test_700-1800_cr0.95_stride100,Chuanmei_100_000177,1,12,0,UAV/0.JPG,map2019/merge_test_700-1800_cr0.95_stride100/Chuanmei_100_000177/UAV/0.JPG
map2019/merge_test_700-1800_cr0.95_stride100/Chuanmei_100_000178,merge_test_700-1800_cr0.95_stride100,Chuanmei_100_000178,1,12,0,UAV/0.JPG,map2019/merge_test_700-1800_cr0.95_stride100/Chuanmei_100_000178/UAV/0.JPG
map2019/merge_test_700-1800_cr0.95_stride100/Chuanmei_100_000179,merge_test_700-1800_cr0.95_stride100,Chuanmei_100_000179,1,12,0,UAV/0.JPG,map2019/merge_test_700-1800_cr0.95_stride100/Chuanmei_100_000179/UAV/0.JPG
map2019/merge_test_700-1800_cr0.95_stride100/Chuanmei_100_000180,merge_test_700-1800_cr0.95_stride100,Chuanmei_100_000180,1,12,0,UAV/0.JPG,map2019/merge_test_700-1800_cr0.95_stride100/Chuanmei_100_000180/UAV/0.JPG
map2019/merge_test_700-1800_cr0.95_stride100/Chuanmei_100_000181,merge_test_700-1800_cr0.95_stride100,Chuanmei_100_000181,1,12,0,UAV/0.JPG,map2019/merge_test_700-1800_cr0.95_stride100/Chuanmei_100_000181/UAV/0.JPG
map2019/merge_test_700-1800_cr0.95_stride100/Chuanmei_100_000182,merge_test_700-1800_cr0.95_stride100,Chuanmei_100_000182,1,12,0,UAV/0.JPG,map2019/merge_test_700-1800_cr0.95_stride100/Chuanmei_100_000182/UAV/0.JPG
map2019/merge_test_700-1800_cr0.95_stride100/Chuanmei_100_000183,merge_test_700-1800_cr0.95_stride100,Chuanmei_100_000183,1,12,0,UAV/0.JPG,map2019/merge_test_700-1800_cr0.95_stride100/Chuanmei_100_000183/UAV/0.JPG
map2019/merge_test_700-1800_cr0.95_stride100/Chuanmei_100_000184,merge_test_700-1800_cr0.95_stride100,Chuanmei_100_000184,1,12,0,UAV/0.JPG,map2019/merge_test_700-1800_cr0.95_stride100/Chuanmei_100_000184/UAV/0.JPG
map2019/merge_test_700-1800_cr0.95_stride100/Chuanmei_100_000185,merge_test_700-1800_cr0.95_stride100,Chuanmei_100_000185,1,12,0,UAV/0.JPG,map2019/merge_test_700-1800_cr0.95_stride100/Chuanmei_100_000185/UAV/0.JPG
map2019/merge_test_700-1800_cr0.95_stride100/Chuanmei_100_000186,merge_test_700-1800_cr0.95_stride100,Chuanmei_100_000186,1,12,0,UAV/0.JPG,map2019/merge_test_700-1800_cr0.95_stride100/Chuanmei_100_000186/UAV/0.JPG
map2019/merge_test_700-1800_cr0.95_stride100/Chuanmei_100_000187,merge_test_700-1800_cr0.95_stride100,Chuanmei_100_000187,1,12,0,UAV/0.JPG,map2019/merge_test_700-1800_cr0.95_stride100/Chuanmei_100_000187/UAV/0.JPG
map2019/merge_test_700-1800_cr0.95_stride100/Chuanmei_100_000188,merge_test_700-1800_cr0.95_stride100,Chuanmei_100_000188,1,12,0,UAV/0.JPG,map2019/merge_test_700-1800_cr0.95_stride100/Chuanmei_100_000188/UAV/0.JPG
map2019/merge_test_700-1800_cr0.95_stride100/Chuanmei_100_000189,merge_test_700-1800_cr0.95_stride100,Chuanmei_100_000189,1,12,0,UAV/0.JPG,map2019/merge_test_700-1800_cr0.95_stride100/Chuanmei_100_000189/UAV/0.JPG
map2019/merge_test_700-1800_cr0.95_stride100/Chuanmei_100_000190,merge_test_700-1800_cr0.95_stride100,Chuanmei_100_000190,1,12,0,UAV/0.JPG,map2019/merge_test_700-1800_cr0.95_stride100/Chuanmei_100_000190/UAV/0.JPG
map2019/merge_test_700-1800_cr0.95_stride100/Chuanmei_100_000191,merge_test_700-1800_cr0.95_stride100,Chuanmei_100_000191,1,12,0,UAV/0.JPG,map2019/merge_test_700-1800_cr0.95_stride100/Chuanmei_100_000191/UAV/0.JPG
map2019/merge_test_700-1800_cr0.95_stride100/Chuanmei_100_000192,merge_test_700-1800_cr0.95_stride100,Chuanmei_100_000192,1,12,0,UAV/0.JPG,map2019/merge_test_700-1800_cr0.95_stride100/Chuanmei_100_000192/UAV/0.JPG
map2019/merge_test_700-1800_cr0.95_stride100/Chuanmei_100_000193,merge_test_700-1800_cr0.95_stride100,Chuanmei_100_000193,1,12,0,UAV/0.JPG,map2019/merge_test_700-1800_cr0.95_stride100/Chuanmei_100_000193/UAV/0.JPG
map2019/merge_test_700-1800_cr0.95_stride100/Chuanmei_100_000194,merge_test_700-1800_cr0.95_stride100,Chuanmei_100_000194,1,12,0,UAV/0.JPG,map2019/merge_test_700-1800_cr0.95_stride100/Chuanmei_100_000194/UAV/0.JPG
map2019/merge_test_700-1800_cr0.95_stride100/Chuanmei_100_000195,merge_test_700-1800_cr0.95_stride100,Chuanmei_100_000195,1,12,0,UAV/0.JPG,map2019/merge_test_700-1800_cr0.95_stride100/Chuanmei_100_000195/UAV/0.JPG
map2019/merge_test_700-1800_cr0.95_stride100/Chuanmei_100_000196,merge_test_700-1800_cr0.95_stride100,Chuanmei_100_000196,1,12,0,UAV/0.JPG,map2019/merge_test_700-1800_cr0.95_stride100/Chuanmei_100_000196/UAV/0.JPG
map2019/merge_test_700-1800_cr0.95_stride100/Chuanmei_100_000197,merge_test_700-1800_cr0.95_stride100,Chuanmei_100_000197,1,12,0,UAV/0.JPG,map2019/merge_test_700-1800_cr0.95_stride100/Chuanmei_100_000197/UAV/0.JPG
map2019/merge_test_700-1800_cr0.95_stride100/Chuanmei_100_000198,merge_test_700-1800_cr0.95_stride100,Chuanmei_100_000198,1,12,0,UAV/0.JPG,map2019/merge_test_700-1800_cr0.95_stride100/Chuanmei_100_000198/UAV/0.JPG
map2019/merge_test_700-1800_cr0.95_stride100/Chuanmei_100_000199,merge_test_700-1800_cr0.95_stride100,Chuanmei_100_000199,1,12,0,UAV/0.JPG,map2019/merge_test_700-1800_cr0.95_stride100/Chuanmei_100_000199/UAV/0.JPG
map2019/merge_test_700-1800_cr0.95_stride100/Chuanmei_80_000000,merge_test_700-1800_cr0.95_stride100,Chuanmei_80_000000,1,12,0,UAV/0.JPG,map2019/merge_test_700-1800_cr0.95_stride100/Chuanmei_80_000000/UAV/0.JPG
map2019/merge_test_700-1800_cr0.95_stride100/Chuanmei_80_000001,merge_test_700-1800_cr0.95_stride100,Chuanmei_80_000001,1,12,0,UAV/0.JPG,map2019/merge_test_700-1800_cr0.95_stride100/Chuanmei_80_000001/UAV/0.JPG
map2019/merge_test_700-1800_cr0.95_stride100/Chuanmei_80_000002,merge_test_700-1800_cr0.95_stride100,Chuanmei_80_000002,1,12,0,UAV/0.JPG,map2019/merge_test_700-1800_cr0.95_stride100/Chuanmei_80_000002/UAV/0.JPG
map2019/merge_test_700-1800_cr0.95_stride100/Chuanmei_80_000003,merge_test_700-1800_cr0.95_stride100,Chuanmei_80_000003,1,12,0,UAV/0.JPG,map2019/merge_test_700-1800_cr0.95_stride100/Chuanmei_80_000003/UAV/0.JPG
map2019/merge_test_700-1800_cr0.95_stride100/Chuanmei_80_000004,merge_test_700-1800_cr0.95_stride100,Chuanmei_80_000004,1,12,0,UAV/0.JPG,map2019/merge_test_700-1800_cr0.95_stride100/Chuanmei_80_000004/UAV/0.JPG
map2019/merge_test_700-1800_cr0.95_stride100/Chuanmei_80_000005,merge_test_700-1800_cr0.95_stride100,Chuanmei_80_000005,1,12,0,UAV/0.JPG,map2019/merge_test_700-1800_cr0.95_stride100/Chuanmei_80_000005/UAV/0.JPG
map2019/merge_test_700-1800_cr0.95_stride100/Chuanmei_80_000006,merge_test_700-1800_cr0.95_stride100,Chuanmei_80_000006,1,12,0,UAV/0.JPG,map2019/merge_test_700-1800_cr0.95_stride100/Chuanmei_80_000006/UAV/0.JPG
map2019/merge_test_700-1800_cr0.95_stride100/Chuanmei_80_000007,merge_test_700-1800_cr0.95_stride100,Chuanmei_80_000007,1,12,0,UAV/0.JPG,map2019/merge_test_700-1800_cr0.95_stride100/Chuanmei_80_000007/UAV/0.JPG
map2019/merge_test_700-1800_cr0.95_stride100/Chuanmei_80_000008,merge_test_700-1800_cr0.95_stride100,Chuanmei_80_000008,1,12,0,UAV/0.JPG,map2019/merge_test_700-1800_cr0.95_stride100/Chuanmei_80_000008/UAV/0.JPG
map2019/merge_test_700-1800_cr0.95_stride100/Chuanmei_80_000009,merge_test_700-1800_cr0.95_stride100,Chuanmei_80_000009,1,12,0,UAV/0.JPG,map2019/merge_test_700-1800_cr0.95_stride100/Chuanmei_80_000009/UAV/0.JPG
map2019/merge_test_700-1800_cr0.95_stride100/Chuanmei_80_000010,merge_test_700-1800_cr0.95_stride100,Chuanmei_80_000010,1,12,0,UAV/0.JPG,map2019/merge_test_700-1800_cr0.95_stride100/Chuanmei_80_000010/UAV/0.JPG
map2019/merge_test_700-1800_cr0.95_stride100/Chuanmei_80_000011,merge_test_700-1800_cr0.95_stride100,Chuanmei_80_000011,1,12,0,UAV/0.JPG,map2019/merge_test_700-1800_cr0.95_stride100/Chuanmei_80_000011/UAV/0.JPG
map2019/merge_test_700-1800_cr0.95_stride100/Chuanmei_80_000012,merge_test_700-1800_cr0.95_stride100,Chuanmei_80_000012,1,12,0,UAV/0.JPG,map2019/merge_test_700-1800_cr0.95_stride100/Chuanmei_80_000012/UAV/0.JPG
map2019/merge_test_700-1800_cr0.95_stride100/Chuanmei_80_000013,merge_test_700-1800_cr0.95_stride100,Chuanmei_80_000013,1,12,0,UAV/0.JPG,map2019/merge_test_700-1800_cr0.95_stride100/Chuanmei_80_000013/UAV/0.JPG
map2019/merge_test_700-1800_cr0.95_stride100/Chuanmei_80_000014,merge_test_700-1800_cr0.95_stride100,Chuanmei_80_000014,1,12,0,UAV/0.JPG,map2019/merge_test_700-1800_cr0.95_stride100/Chuanmei_80_000014/UAV/0.JPG
map2019/merge_test_700-1800_cr0.95_stride100/Chuanmei_80_000015,merge_test_700-1800_cr0.95_stride100,Chuanmei_80_000015,1,12,0,UAV/0.JPG,map2019/merge_test_700-1800_cr0.95_stride100/Chuanmei_80_000015/UAV/0.JPG
map2019/merge_test_700-1800_cr0.95_stride100/Chuanmei_80_000016,merge_test_700-1800_cr0.95_stride100,Chuanmei_80_000016,1,12,0,UAV/0.JPG,map2019/merge_test_700-1800_cr0.95_stride100/Chuanmei_80_000016/UAV/0.JPG
map2019/merge_test_700-1800_cr0.95_stride100/Chuanmei_80_000017,merge_test_700-1800_cr0.95_stride100,Chuanmei_80_000017,1,12,0,UAV/0.JPG,map2019/merge_test_700-1800_cr0.95_stride100/Chuanmei_80_000017/UAV/0.JPG
map2019/merge_test_700-1800_cr0.95_stride100/Chuanmei_80_000018,merge_test_700-1800_cr0.95_stride100,Chuanmei_80_000018,1,12,0,UAV/0.JPG,map2019/merge_test_700-1800_cr0.95_stride100/Chuanmei_80_000018/UAV/0.JPG
map2019/merge_test_700-1800_cr0.95_stride100/Chuanmei_80_000019,merge_test_700-1800_cr0.95_stride100,Chuanmei_80_000019,1,12,0,UAV/0.JPG,map2019/merge_test_700-1800_cr0.95_stride100/Chuanmei_80_000019/UAV/0.JPG
map2019/merge_test_700-1800_cr0.95_stride100/Chuanmei_80_000020,merge_test_700-1800_cr0.95_stride100,Chuanmei_80_000020,1,12,0,UAV/0.JPG,map2019/merge_test_700-1800_cr0.95_stride100/Chuanmei_80_000020/UAV/0.JPG
map2019/merge_test_700-1800_cr0.95_stride100/Chuanmei_80_000021,merge_test_700-1800_cr0.95_stride100,Chuanmei_80_000021,1,12,0,UAV/0.JPG,map2019/merge_test_700-1800_cr0.95_stride100/Chuanmei_80_000021/UAV/0.JPG
map2019/merge_test_700-1800_cr0.95_stride100/Chuanmei_80_000022,merge_test_700-1800_cr0.95_stride100,Chuanmei_80_000022,1,12,0,UAV/0.JPG,map2019/merge_test_700-1800_cr0.95_stride100/Chuanmei_80_000022/UAV/0.JPG
map2019/merge_test_700-1800_cr0.95_stride100/Chuanmei_80_000023,merge_test_700-1800_cr0.95_stride100,Chuanmei_80_000023,1,12,0,UAV/0.JPG,map2019/merge_test_700-1800_cr0.95_stride100/Chuanmei_80_000023/UAV/0.JPG
map2019/merge_test_700-1800_cr0.95_stride100/Chuanmei_80_000024,merge_test_700-1800_cr0.95_stride100,Chuanmei_80_000024,1,12,0,UAV/0.JPG,map2019/merge_test_700-1800_cr0.95_stride100/Chuanmei_80_000024/UAV/0.JPG
map2019/merge_test_700-1800_cr0.95_stride100/Chuanmei_80_000025,merge_test_700-1800_cr0.95_stride100,Chuanmei_80_000025,1,12,0,UAV/0.JPG,map2019/merge_test_700-1800_cr0.95_stride100/Chuanmei_80_000025/UAV/0.JPG
map2019/merge_test_700-1800_cr0.95_stride100/Chuanmei_80_000026,merge_test_700-1800_cr0.95_stride100,Chuanmei_80_000026,1,12,0,UAV/0.JPG,map2019/merge_test_700-1800_cr0.95_stride100/Chuanmei_80_000026/UAV/0.JPG
map2019/merge_test_700-1800_cr0.95_stride100/Chuanmei_80_000027,merge_test_700-1800_cr0.95_stride100,Chuanmei_80_000027,1,12,0,UAV/0.JPG,map2019/merge_test_700-1800_cr0.95_stride100/Chuanmei_80_000027/UAV/0.JPG
map2019/merge_test_700-1800_cr0.95_stride100/Chuanmei_80_000028,merge_test_700-1800_cr0.95_stride100,Chuanmei_80_000028,1,12,0,UAV/0.JPG,map2019/merge_test_700-1800_cr0.95_stride100/Chuanmei_80_000028/UAV/0.JPG
map2019/merge_test_700-1800_cr0.95_stride100/Chuanmei_80_000029,merge_test_700-1800_cr0.95_stride100,Chuanmei_80_000029,1,12,0,UAV/0.JPG,map2019/merge_test_700-1800_cr0.95_stride100/Chuanmei_80_000029/UAV/0.JPG
map2019/merge_test_700-1800_cr0.95_stride100/Chuanmei_80_000030,merge_test_700-1800_cr0.95_stride100,Chuanmei_80_000030,1,12,0,UAV/0.JPG,map2019/merge_test_700-1800_cr0.95_stride100/Chuanmei_80_000030/UAV/0.JPG
map2019/merge_test_700-1800_cr0.95_stride100/Chuanmei_80_000031,merge_test_700-1800_cr0.95_stride100,Chuanmei_80_000031,1,12,0,UAV/0.JPG,map2019/merge_test_700-1800_cr0.95_stride100/Chuanmei_80_000031/UAV/0.JPG
map2019/merge_test_700-1800_cr0.95_stride100/Chuanmei_80_000032,merge_test_700-1800_cr0.95_stride100,Chuanmei_80_000032,1,12,0,UAV/0.JPG,map2019/merge_test_700-1800_cr0.95_stride100/Chuanmei_80_000032/UAV/0.JPG
map2019/merge_test_700-1800_cr0.95_stride100/Chuanmei_80_000033,merge_test_700-1800_cr0.95_stride100,Chuanmei_80_000033,1,12,0,UAV/0.JPG,map2019/merge_test_700-1800_cr0.95_stride100/Chuanmei_80_000033/UAV/0.JPG
map2019/merge_test_700-1800_cr0.95_stride100/Chuanmei_80_000034,merge_test_700-1800_cr0.95_stride100,Chuanmei_80_000034,1,12,0,UAV/0.JPG,map2019/merge_test_700-1800_cr0.95_stride100/Chuanmei_80_000034/UAV/0.JPG
map2019/merge_test_700-1800_cr0.95_stride100/Chuanmei_80_000035,merge_test_700-1800_cr0.95_stride100,Chuanmei_80_000035,1,12,0,UAV/0.JPG,map2019/merge_test_700-1800_cr0.95_stride100/Chuanmei_80_000035/UAV/0.JPG
map2019/merge_test_700-1800_cr0.95_stride100/Chuanmei_80_000036,merge_test_700-1800_cr0.95_stride100,Chuanmei_80_000036,1,12,0,UAV/0.JPG,map2019/merge_test_700-1800_cr0.95_stride100/Chuanmei_80_000036/UAV/0.JPG
map2019/merge_test_700-1800_cr0.95_stride100/Chuanmei_80_000037,merge_test_700-1800_cr0.95_stride100,Chuanmei_80_000037,1,12,0,UAV/0.JPG,map2019/merge_test_700-1800_cr0.95_stride100/Chuanmei_80_000037/UAV/0.JPG
map2019/merge_test_700-1800_cr0.95_stride100/Chuanmei_80_000038,merge_test_700-1800_cr0.95_stride100,Chuanmei_80_000038,1,12,0,UAV/0.JPG,map2019/merge_test_700-1800_cr0.95_stride100/Chuanmei_80_000038/UAV/0.JPG
map2019/merge_test_700-1800_cr0.95_stride100/Chuanmei_80_000039,merge_test_700-1800_cr0.95_stride100,Chuanmei_80_000039,1,12,0,UAV/0.JPG,map2019/merge_test_700-1800_cr0.95_stride100/Chuanmei_80_000039/UAV/0.JPG
map2019/merge_test_700-1800_cr0.95_stride100/Chuanmei_80_000040,merge_test_700-1800_cr0.95_stride100,Chuanmei_80_000040,1,12,0,UAV/0.JPG,map2019/merge_test_700-1800_cr0.95_stride100/Chuanmei_80_000040/UAV/0.JPG
map2019/merge_test_700-1800_cr0.95_stride100/Chuanmei_80_000041,merge_test_700-1800_cr0.95_stride100,Chuanmei_80_000041,1,12,0,UAV/0.JPG,map2019/merge_test_700-1800_cr0.95_stride100/Chuanmei_80_000041/UAV/0.JPG
map2019/merge_test_700-1800_cr0.95_stride100/Chuanmei_80_000042,merge_test_700-1800_cr0.95_stride100,Chuanmei_80_000042,1,12,0,UAV/0.JPG,map2019/merge_test_700-1800_cr0.95_stride100/Chuanmei_80_000042/UAV/0.JPG
map2019/merge_test_700-1800_cr0.95_stride100/Chuanmei_80_000043,merge_test_700-1800_cr0.95_stride100,Chuanmei_80_000043,1,12,0,UAV/0.JPG,map2019/merge_test_700-1800_cr0.95_stride100/Chuanmei_80_000043/UAV/0.JPG
map2019/merge_test_700-1800_cr0.95_stride100/Chuanmei_80_000044,merge_test_700-1800_cr0.95_stride100,Chuanmei_80_000044,1,12,0,UAV/0.JPG,map2019/merge_test_700-1800_cr0.95_stride100/Chuanmei_80_000044/UAV/0.JPG
map2019/merge_test_700-1800_cr0.95_stride100/Chuanmei_80_000045,merge_test_700-1800_cr0.95_stride100,Chuanmei_80_000045,1,12,0,UAV/0.JPG,map2019/merge_test_700-1800_cr0.95_stride100/Chuanmei_80_000045/UAV/0.JPG
map2019/merge_test_700-1800_cr0.95_stride100/Chuanmei_80_000046,merge_test_700-1800_cr0.95_stride100,Chuanmei_80_000046,1,12,0,UAV/0.JPG,map2019/merge_test_700-1800_cr0.95_stride100/Chuanmei_80_000046/UAV/0.JPG
map2019/merge_test_700-1800_cr0.95_stride100/Chuanmei_80_000047,merge_test_700-1800_cr0.95_stride100,Chuanmei_80_000047,1,12,0,UAV/0.JPG,map2019/merge_test_700-1800_cr0.95_stride100/Chuanmei_80_000047/UAV/0.JPG
map2019/merge_test_700-1800_cr0.95_stride100/Chuanmei_80_000048,merge_test_700-1800_cr0.95_stride100,Chuanmei_80_000048,1,12,0,UAV/0.JPG,map2019/merge_test_700-1800_cr0.95_stride100/Chuanmei_80_000048/UAV/0.JPG
map2019/merge_test_700-1800_cr0.95_stride100/Chuanmei_80_000049,merge_test_700-1800_cr0.95_stride100,Chuanmei_80_000049,1,12,0,UAV/0.JPG,map2019/merge_test_700-1800_cr0.95_stride100/Chuanmei_80_000049/UAV/0.JPG
map2019/merge_test_700-1800_cr0.95_stride100/Chuanmei_80_000050,merge_test_700-1800_cr0.95_stride100,Chuanmei_80_000050,1,12,0,UAV/0.JPG,map2019/merge_test_700-1800_cr0.95_stride100/Chuanmei_80_000050/UAV/0.JPG
map2019/merge_test_700-1800_cr0.95_stride100/Chuanmei_80_000051,merge_test_700-1800_cr0.95_stride100,Chuanmei_80_000051,1,12,0,UAV/0.JPG,map2019/merge_test_700-1800_cr0.95_stride100/Chuanmei_80_000051/UAV/0.JPG
map2019/merge_test_700-1800_cr0.95_stride100/Chuanmei_80_000052,merge_test_700-1800_cr0.95_stride100,Chuanmei_80_000052,1,12,0,UAV/0.JPG,map2019/merge_test_700-1800_cr0.95_stride100/Chuanmei_80_000052/UAV/0.JPG
map2019/merge_test_700-1800_cr0.95_stride100/Chuanmei_80_000053,merge_test_700-1800_cr0.95_stride100,Chuanmei_80_000053,1,12,0,UAV/0.JPG,map2019/merge_test_700-1800_cr0.95_stride100/Chuanmei_80_000053/UAV/0.JPG
map2019/merge_test_700-1800_cr0.95_stride100/Chuanmei_80_000054,merge_test_700-1800_cr0.95_stride100,Chuanmei_80_000054,1,12,0,UAV/0.JPG,map2019/merge_test_700-1800_cr0.95_stride100/Chuanmei_80_000054/UAV/0.JPG
map2019/merge_test_700-1800_cr0.95_stride100/Chuanmei_80_000055,merge_test_700-1800_cr0.95_stride100,Chuanmei_80_000055,1,12,0,UAV/0.JPG,map2019/merge_test_700-1800_cr0.95_stride100/Chuanmei_80_000055/UAV/0.JPG
map2019/merge_test_700-1800_cr0.95_stride100/Chuanmei_80_000056,merge_test_700-1800_cr0.95_stride100,Chuanmei_80_000056,1,12,0,UAV/0.JPG,map2019/merge_test_700-1800_cr0.95_stride100/Chuanmei_80_000056/UAV/0.JPG
map2019/merge_test_700-1800_cr0.95_stride100/Chuanmei_80_000057,merge_test_700-1800_cr0.95_stride100,Chuanmei_80_000057,1,12,0,UAV/0.JPG,map2019/merge_test_700-1800_cr0.95_stride100/Chuanmei_80_000057/UAV/0.JPG
map2019/merge_test_700-1800_cr0.95_stride100/Chuanmei_80_000058,merge_test_700-1800_cr0.95_stride100,Chuanmei_80_000058,1,12,0,UAV/0.JPG,map2019/merge_test_700-1800_cr0.95_stride100/Chuanmei_80_000058/UAV/0.JPG
map2019/merge_test_700-1800_cr0.95_stride100/Chuanmei_80_000059,merge_test_700-1800_cr0.95_stride100,Chuanmei_80_000059,1,12,0,UAV/0.JPG,map2019/merge_test_700-1800_cr0.95_stride100/Chuanmei_80_000059/UAV/0.JPG
map2019/merge_test_700-1800_cr0.95_stride100/Chuanmei_80_000060,merge_test_700-1800_cr0.95_stride100,Chuanmei_80_000060,1,12,0,UAV/0.JPG,map2019/merge_test_700-1800_cr0.95_stride100/Chuanmei_80_000060/UAV/0.JPG
map2019/merge_test_700-1800_cr0.95_stride100/Chuanmei_80_000061,merge_test_700-1800_cr0.95_stride100,Chuanmei_80_000061,1,12,0,UAV/0.JPG,map2019/merge_test_700-1800_cr0.95_stride100/Chuanmei_80_000061/UAV/0.JPG
map2019/merge_test_700-1800_cr0.95_stride100/Chuanmei_80_000062,merge_test_700-1800_cr0.95_stride100,Chuanmei_80_000062,1,12,0,UAV/0.JPG,map2019/merge_test_700-1800_cr0.95_stride100/Chuanmei_80_000062/UAV/0.JPG
map2019/merge_test_700-1800_cr0.95_stride100/Chuanmei_80_000063,merge_test_700-1800_cr0.95_stride100,Chuanmei_80_000063,1,12,0,UAV/0.JPG,map2019/merge_test_700-1800_cr0.95_stride100/Chuanmei_80_000063/UAV/0.JPG
map2019/merge_test_700-1800_cr0.95_stride100/Chuanmei_80_000064,merge_test_700-1800_cr0.95_stride100,Chuanmei_80_000064,1,12,0,UAV/0.JPG,map2019/merge_test_700-1800_cr0.95_stride100/Chuanmei_80_000064/UAV/0.JPG
map2019/merge_test_700-1800_cr0.95_stride100/Chuanmei_80_000065,merge_test_700-1800_cr0.95_stride100,Chuanmei_80_000065,1,12,0,UAV/0.JPG,map2019/merge_test_700-1800_cr0.95_stride100/Chuanmei_80_000065/UAV/0.JPG
map2019/merge_test_700-1800_cr0.95_stride100/Chuanmei_80_000066,merge_test_700-1800_cr0.95_stride100,Chuanmei_80_000066,1,12,0,UAV/0.JPG,map2019/merge_test_700-1800_cr0.95_stride100/Chuanmei_80_000066/UAV/0.JPG
map2019/merge_test_700-1800_cr0.95_stride100/Chuanmei_80_000067,merge_test_700-1800_cr0.95_stride100,Chuanmei_80_000067,1,12,0,UAV/0.JPG,map2019/merge_test_700-1800_cr0.95_stride100/Chuanmei_80_000067/UAV/0.JPG
map2019/merge_test_700-1800_cr0.95_stride100/Chuanmei_80_000068,merge_test_700-1800_cr0.95_stride100,Chuanmei_80_000068,1,12,0,UAV/0.JPG,map2019/merge_test_700-1800_cr0.95_stride100/Chuanmei_80_000068/UAV/0.JPG
map2019/merge_test_700-1800_cr0.95_stride100/Chuanmei_80_000069,merge_test_700-1800_cr0.95_stride100,Chuanmei_80_000069,1,12,0,UAV/0.JPG,map2019/merge_test_700-1800_cr0.95_stride100/Chuanmei_80_000069/UAV/0.JPG
map2019/merge_test_700-1800_cr0.95_stride100/Chuanmei_80_000070,merge_test_700-1800_cr0.95_stride100,Chuanmei_80_000070,1,12,0,UAV/0.JPG,map2019/merge_test_700-1800_cr0.95_stride100/Chuanmei_80_000070/UAV/0.JPG
map2019/merge_test_700-1800_cr0.95_stride100/Chuanmei_80_000071,merge_test_700-1800_cr0.95_stride100,Chuanmei_80_000071,1,12,0,UAV/0.JPG,map2019/merge_test_700-1800_cr0.95_stride100/Chuanmei_80_000071/UAV/0.JPG
map2019/merge_test_700-1800_cr0.95_stride100/Chuanmei_80_000072,merge_test_700-1800_cr0.95_stride100,Chuanmei_80_000072,1,12,0,UAV/0.JPG,map2019/merge_test_700-1800_cr0.95_stride100/Chuanmei_80_000072/UAV/0.JPG
map2019/merge_test_700-1800_cr0.95_stride100/Chuanmei_80_000073,merge_test_700-1800_cr0.95_stride100,Chuanmei_80_000073,1,12,0,UAV/0.JPG,map2019/merge_test_700-1800_cr0.95_stride100/Chuanmei_80_000073/UAV/0.JPG
map2019/merge_test_700-1800_cr0.95_stride100/Chuanmei_80_000074,merge_test_700-1800_cr0.95_stride100,Chuanmei_80_000074,1,12,0,UAV/0.JPG,map2019/merge_test_700-1800_cr0.95_stride100/Chuanmei_80_000074/UAV/0.JPG
map2019/merge_test_700-1800_cr0.95_stride100/Chuanmei_80_000075,merge_test_700-1800_cr0.95_stride100,Chuanmei_80_000075,1,12,0,UAV/0.JPG,map2019/merge_test_700-1800_cr0.95_stride100/Chuanmei_80_000075/UAV/0.JPG
map2019/merge_test_700-1800_cr0.95_stride100/Chuanmei_80_000076,merge_test_700-1800_cr0.95_stride100,Chuanmei_80_000076,1,12,0,UAV/0.JPG,map2019/merge_test_700-1800_cr0.95_stride100/Chuanmei_80_000076/UAV/0.JPG
map2019/merge_test_700-1800_cr0.95_stride100/Chuanmei_80_000077,merge_test_700-1800_cr0.95_stride100,Chuanmei_80_000077,1,12,0,UAV/0.JPG,map2019/merge_test_700-1800_cr0.95_stride100/Chuanmei_80_000077/UAV/0.JPG
map2019/merge_test_700-1800_cr0.95_stride100/Chuanmei_80_000078,merge_test_700-1800_cr0.95_stride100,Chuanmei_80_000078,1,12,0,UAV/0.JPG,map2019/merge_test_700-1800_cr0.95_stride100/Chuanmei_80_000078/UAV/0.JPG
map2019/merge_test_700-1800_cr0.95_stride100/Chuanmei_80_000079,merge_test_700-1800_cr0.95_stride100,Chuanmei_80_000079,1,12,0,UAV/0.JPG,map2019/merge_test_700-1800_cr0.95_stride100/Chuanmei_80_000079/UAV/0.JPG
map2019/merge_test_700-1800_cr0.95_stride100/Chuanmei_80_000080,merge_test_700-1800_cr0.95_stride100,Chuanmei_80_000080,1,12,0,UAV/0.JPG,map2019/merge_test_700-1800_cr0.95_stride100/Chuanmei_80_000080/UAV/0.JPG
map2019/merge_test_700-1800_cr0.95_stride100/Chuanmei_80_000081,merge_test_700-1800_cr0.95_stride100,Chuanmei_80_000081,1,12,0,UAV/0.JPG,map2019/merge_test_700-1800_cr0.95_stride100/Chuanmei_80_000081/UAV/0.JPG
map2019/merge_test_700-1800_cr0.95_stride100/Chuanmei_80_000082,merge_test_700-1800_cr0.95_stride100,Chuanmei_80_000082,1,12,0,UAV/0.JPG,map2019/merge_test_700-1800_cr0.95_stride100/Chuanmei_80_000082/UAV/0.JPG
map2019/merge_test_700-1800_cr0.95_stride100/Chuanmei_80_000083,merge_test_700-1800_cr0.95_stride100,Chuanmei_80_000083,1,12,0,UAV/0.JPG,map2019/merge_test_700-1800_cr0.95_stride100/Chuanmei_80_000083/UAV/0.JPG
map2019/merge_test_700-1800_cr0.95_stride100/Chuanmei_80_000084,merge_test_700-1800_cr0.95_stride100,Chuanmei_80_000084,1,12,0,UAV/0.JPG,map2019/merge_test_700-1800_cr0.95_stride100/Chuanmei_80_000084/UAV/0.JPG
map2019/merge_test_700-1800_cr0.95_stride100/Chuanmei_80_000085,merge_test_700-1800_cr0.95_stride100,Chuanmei_80_000085,1,12,0,UAV/0.JPG,map2019/merge_test_700-1800_cr0.95_stride100/Chuanmei_80_000085/UAV/0.JPG
map2019/merge_test_700-1800_cr0.95_stride100/Chuanmei_80_000086,merge_test_700-1800_cr0.95_stride100,Chuanmei_80_000086,1,12,0,UAV/0.JPG,map2019/merge_test_700-1800_cr0.95_stride100/Chuanmei_80_000086/UAV/0.JPG
map2019/merge_test_700-1800_cr0.95_stride100/Chuanmei_80_000087,merge_test_700-1800_cr0.95_stride100,Chuanmei_80_000087,1,12,0,UAV/0.JPG,map2019/merge_test_700-1800_cr0.95_stride100/Chuanmei_80_000087/UAV/0.JPG
map2019/merge_test_700-1800_cr0.95_stride100/Chuanmei_80_000088,merge_test_700-1800_cr0.95_stride100,Chuanmei_80_000088,1,12,0,UAV/0.JPG,map2019/merge_test_700-1800_cr0.95_stride100/Chuanmei_80_000088/UAV/0.JPG
map2019/merge_test_700-1800_cr0.95_stride100/Chuanmei_80_000089,merge_test_700-1800_cr0.95_stride100,Chuanmei_80_000089,1,12,0,UAV/0.JPG,map2019/merge_test_700-1800_cr0.95_stride100/Chuanmei_80_000089/UAV/0.JPG
map2019/merge_test_700-1800_cr0.95_stride100/Chuanmei_80_000090,merge_test_700-1800_cr0.95_stride100,Chuanmei_80_000090,1,12,0,UAV/0.JPG,map2019/merge_test_700-1800_cr0.95_stride100/Chuanmei_80_000090/UAV/0.JPG
map2019/merge_test_700-1800_cr0.95_stride100/Chuanmei_80_000091,merge_test_700-1800_cr0.95_stride100,Chuanmei_80_000091,1,12,0,UAV/0.JPG,map2019/merge_test_700-1800_cr0.95_stride100/Chuanmei_80_000091/UAV/0.JPG
map2019/merge_test_700-1800_cr0.95_stride100/Chuanmei_80_000092,merge_test_700-1800_cr0.95_stride100,Chuanmei_80_000092,1,12,0,UAV/0.JPG,map2019/merge_test_700-1800_cr0.95_stride100/Chuanmei_80_000092/UAV/0.JPG
map2019/merge_test_700-1800_cr0.95_stride100/Chuanmei_80_000093,merge_test_700-1800_cr0.95_stride100,Chuanmei_80_000093,1,12,0,UAV/0.JPG,map2019/merge_test_700-1800_cr0.95_stride100/Chuanmei_80_000093/UAV/0.JPG
map2019/merge_test_700-1800_cr0.95_stride100/Chuanmei_80_000094,merge_test_700-1800_cr0.95_stride100,Chuanmei_80_000094,1,12,0,UAV/0.JPG,map2019/merge_test_700-1800_cr0.95_stride100/Chuanmei_80_000094/UAV/0.JPG
map2019/merge_test_700-1800_cr0.95_stride100/Chuanmei_80_000095,merge_test_700-1800_cr0.95_stride100,Chuanmei_80_000095,1,12,0,UAV/0.JPG,map2019/merge_test_700-1800_cr0.95_stride100/Chuanmei_80_000095/UAV/0.JPG
map2019/merge_test_700-1800_cr0.95_stride100/Chuanmei_80_000096,merge_test_700-1800_cr0.95_stride100,Chuanmei_80_000096,1,12,0,UAV/0.JPG,map2019/merge_test_700-1800_cr0.95_stride100/Chuanmei_80_000096/UAV/0.JPG
map2019/merge_test_700-1800_cr0.95_stride100/Chuanmei_80_000097,merge_test_700-1800_cr0.95_stride100,Chuanmei_80_000097,1,12,0,UAV/0.JPG,map2019/merge_test_700-1800_cr0.95_stride100/Chuanmei_80_000097/UAV/0.JPG
map2019/merge_test_700-1800_cr0.95_stride100/Chuanmei_80_000098,merge_test_700-1800_cr0.95_stride100,Chuanmei_80_000098,1,12,0,UAV/0.JPG,map2019/merge_test_700-1800_cr0.95_stride100/Chuanmei_80_000098/UAV/0.JPG
map2019/merge_test_700-1800_cr0.95_stride100/Chuanmei_80_000099,merge_test_700-1800_cr0.95_stride100,Chuanmei_80_000099,1,12,0,UAV/0.JPG,map2019/merge_test_700-1800_cr0.95_stride100/Chuanmei_80_000099/UAV/0.JPG
map2019/merge_test_700-1800_cr0.95_stride100/Chuanmei_80_000100,merge_test_700-1800_cr0.95_stride100,Chuanmei_80_000100,1,12,0,UAV/0.JPG,map2019/merge_test_700-1800_cr0.95_stride100/Chuanmei_80_000100/UAV/0.JPG
map2019/merge_test_700-1800_cr0.95_stride100/Chuanmei_80_000101,merge_test_700-1800_cr0.95_stride100,Chuanmei_80_000101,1,12,0,UAV/0.JPG,map2019/merge_test_700-1800_cr0.95_stride100/Chuanmei_80_000101/UAV/0.JPG
map2019/merge_test_700-1800_cr0.95_stride100/Chuanmei_80_000102,merge_test_700-1800_cr0.95_stride100,Chuanmei_80_000102,1,12,0,UAV/0.JPG,map2019/merge_test_700-1800_cr0.95_stride100/Chuanmei_80_000102/UAV/0.JPG
map2019/merge_test_700-1800_cr0.95_stride100/Chuanmei_80_000103,merge_test_700-1800_cr0.95_stride100,Chuanmei_80_000103,1,12,0,UAV/0.JPG,map2019/merge_test_700-1800_cr0.95_stride100/Chuanmei_80_000103/UAV/0.JPG
map2019/merge_test_700-1800_cr0.95_stride100/Chuanmei_80_000104,merge_test_700-1800_cr0.95_stride100,Chuanmei_80_000104,1,12,0,UAV/0.JPG,map2019/merge_test_700-1800_cr0.95_stride100/Chuanmei_80_000104/UAV/0.JPG
map2019/merge_test_700-1800_cr0.95_stride100/Chuanmei_80_000105,merge_test_700-1800_cr0.95_stride100,Chuanmei_80_000105,1,12,0,UAV/0.JPG,map2019/merge_test_700-1800_cr0.95_stride100/Chuanmei_80_000105/UAV/0.JPG
map2019/merge_test_700-1800_cr0.95_stride100/Chuanmei_80_000106,merge_test_700-1800_cr0.95_stride100,Chuanmei_80_000106,1,12,0,UAV/0.JPG,map2019/merge_test_700-1800_cr0.95_stride100/Chuanmei_80_000106/UAV/0.JPG
map2019/merge_test_700-1800_cr0.95_stride100/Chuanmei_80_000107,merge_test_700-1800_cr0.95_stride100,Chuanmei_80_000107,1,12,0,UAV/0.JPG,map2019/merge_test_700-1800_cr0.95_stride100/Chuanmei_80_000107/UAV/0.JPG
map2019/merge_test_700-1800_cr0.95_stride100/Chuanmei_80_000108,merge_test_700-1800_cr0.95_stride100,Chuanmei_80_000108,1,12,0,UAV/0.JPG,map2019/merge_test_700-1800_cr0.95_stride100/Chuanmei_80_000108/UAV/0.JPG
map2019/merge_test_700-1800_cr0.95_stride100/Chuanmei_80_000109,merge_test_700-1800_cr0.95_stride100,Chuanmei_80_000109,1,12,0,UAV/0.JPG,map2019/merge_test_700-1800_cr0.95_stride100/Chuanmei_80_000109/UAV/0.JPG
map2019/merge_test_700-1800_cr0.95_stride100/Chuanmei_80_000110,merge_test_700-1800_cr0.95_stride100,Chuanmei_80_000110,1,12,0,UAV/0.JPG,map2019/merge_test_700-1800_cr0.95_stride100/Chuanmei_80_000110/UAV/0.JPG
map2019/merge_test_700-1800_cr0.95_stride100/Chuanmei_80_000111,merge_test_700-1800_cr0.95_stride100,Chuanmei_80_000111,1,12,0,UAV/0.JPG,map2019/merge_test_700-1800_cr0.95_stride100/Chuanmei_80_000111/UAV/0.JPG
map2019/merge_test_700-1800_cr0.95_stride100/Chuanmei_80_000112,merge_test_700-1800_cr0.95_stride100,Chuanmei_80_000112,1,12,0,UAV/0.JPG,map2019/merge_test_700-1800_cr0.95_stride100/Chuanmei_80_000112/UAV/0.JPG
map2019/merge_test_700-1800_cr0.95_stride100/Chuanmei_80_000113,merge_test_700-1800_cr0.95_stride100,Chuanmei_80_000113,1,12,0,UAV/0.JPG,map2019/merge_test_700-1800_cr0.95_stride100/Chuanmei_80_000113/UAV/0.JPG
map2019/merge_test_700-1800_cr0.95_stride100/Chuanmei_80_000114,merge_test_700-1800_cr0.95_stride100,Chuanmei_80_000114,1,12,0,UAV/0.JPG,map2019/merge_test_700-1800_cr0.95_stride100/Chuanmei_80_000114/UAV/0.JPG
map2019/merge_test_700-1800_cr0.95_stride100/Chuanmei_80_000115,merge_test_700-1800_cr0.95_stride100,Chuanmei_80_000115,1,12,0,UAV/0.JPG,map2019/merge_test_700-1800_cr0.95_stride100/Chuanmei_80_000115/UAV/0.JPG
map2019/merge_test_700-1800_cr0.95_stride100/Chuanmei_80_000116,merge_test_700-1800_cr0.95_stride100,Chuanmei_80_000116,1,12,0,UAV/0.JPG,map2019/merge_test_700-1800_cr0.95_stride100/Chuanmei_80_000116/UAV/0.JPG
map2019/merge_test_700-1800_cr0.95_stride100/Chuanmei_80_000117,merge_test_700-1800_cr0.95_stride100,Chuanmei_80_000117,1,12,0,UAV/0.JPG,map2019/merge_test_700-1800_cr0.95_stride100/Chuanmei_80_000117/UAV/0.JPG
map2019/merge_test_700-1800_cr0.95_stride100/Chuanmei_80_000118,merge_test_700-1800_cr0.95_stride100,Chuanmei_80_000118,1,12,0,UAV/0.JPG,map2019/merge_test_700-1800_cr0.95_stride100/Chuanmei_80_000118/UAV/0.JPG
map2019/merge_test_700-1800_cr0.95_stride100/Chuanmei_80_000119,merge_test_700-1800_cr0.95_stride100,Chuanmei_80_000119,1,12,0,UAV/0.JPG,map2019/merge_test_700-1800_cr0.95_stride100/Chuanmei_80_000119/UAV/0.JPG
map2019/merge_test_700-1800_cr0.95_stride100/Chuanmei_80_000120,merge_test_700-1800_cr0.95_stride100,Chuanmei_80_000120,1,12,0,UAV/0.JPG,map2019/merge_test_700-1800_cr0.95_stride100/Chuanmei_80_000120/UAV/0.JPG
map2019/merge_test_700-1800_cr0.95_stride100/Chuanmei_80_000121,merge_test_700-1800_cr0.95_stride100,Chuanmei_80_000121,1,12,0,UAV/0.JPG,map2019/merge_test_700-1800_cr0.95_stride100/Chuanmei_80_000121/UAV/0.JPG
map2019/merge_test_700-1800_cr0.95_stride100/Chuanmei_80_000122,merge_test_700-1800_cr0.95_stride100,Chuanmei_80_000122,1,12,0,UAV/0.JPG,map2019/merge_test_700-1800_cr0.95_stride100/Chuanmei_80_000122/UAV/0.JPG
map2019/merge_test_700-1800_cr0.95_stride100/Chuanmei_80_000123,merge_test_700-1800_cr0.95_stride100,Chuanmei_80_000123,1,12,0,UAV/0.JPG,map2019/merge_test_700-1800_cr0.95_stride100/Chuanmei_80_000123/UAV/0.JPG
map2019/merge_test_700-1800_cr0.95_stride100/Chuanmei_80_000124,merge_test_700-1800_cr0.95_stride100,Chuanmei_80_000124,1,12,0,UAV/0.JPG,map2019/merge_test_700-1800_cr0.95_stride100/Chuanmei_80_000124/UAV/0.JPG
map2019/merge_test_700-1800_cr0.95_stride100/Chuanmei_80_000125,merge_test_700-1800_cr0.95_stride100,Chuanmei_80_000125,1,12,0,UAV/0.JPG,map2019/merge_test_700-1800_cr0.95_stride100/Chuanmei_80_000125/UAV/0.JPG
map2019/merge_test_700-1800_cr0.95_stride100/Chuanmei_80_000126,merge_test_700-1800_cr0.95_stride100,Chuanmei_80_000126,1,12,0,UAV/0.JPG,map2019/merge_test_700-1800_cr0.95_stride100/Chuanmei_80_000126/UAV/0.JPG
map2019/merge_test_700-1800_cr0.95_stride100/Chuanmei_80_000127,merge_test_700-1800_cr0.95_stride100,Chuanmei_80_000127,1,12,0,UAV/0.JPG,map2019/merge_test_700-1800_cr0.95_stride100/Chuanmei_80_000127/UAV/0.JPG
map2019/merge_test_700-1800_cr0.95_stride100/Chuanmei_80_000128,merge_test_700-1800_cr0.95_stride100,Chuanmei_80_000128,1,12,0,UAV/0.JPG,map2019/merge_test_700-1800_cr0.95_stride100/Chuanmei_80_000128/UAV/0.JPG
map2019/merge_test_700-1800_cr0.95_stride100/Chuanmei_80_000129,merge_test_700-1800_cr0.95_stride100,Chuanmei_80_000129,1,12,0,UAV/0.JPG,map2019/merge_test_700-1800_cr0.95_stride100/Chuanmei_80_000129/UAV/0.JPG
map2019/merge_test_700-1800_cr0.95_stride100/Chuanmei_80_000130,merge_test_700-1800_cr0.95_stride100,Chuanmei_80_000130,1,12,0,UAV/0.JPG,map2019/merge_test_700-1800_cr0.95_stride100/Chuanmei_80_000130/UAV/0.JPG
map2019/merge_test_700-1800_cr0.95_stride100/Chuanmei_80_000131,merge_test_700-1800_cr0.95_stride100,Chuanmei_80_000131,1,12,0,UAV/0.JPG,map2019/merge_test_700-1800_cr0.95_stride100/Chuanmei_80_000131/UAV/0.JPG
map2019/merge_test_700-1800_cr0.95_stride100/Chuanmei_80_000132,merge_test_700-1800_cr0.95_stride100,Chuanmei_80_000132,1,12,0,UAV/0.JPG,map2019/merge_test_700-1800_cr0.95_stride100/Chuanmei_80_000132/UAV/0.JPG
map2019/merge_test_700-1800_cr0.95_stride100/Chuanmei_80_000133,merge_test_700-1800_cr0.95_stride100,Chuanmei_80_000133,1,12,0,UAV/0.JPG,map2019/merge_test_700-1800_cr0.95_stride100/Chuanmei_80_000133/UAV/0.JPG
map2019/merge_test_700-1800_cr0.95_stride100/Chuanmei_80_000134,merge_test_700-1800_cr0.95_stride100,Chuanmei_80_000134,1,12,0,UAV/0.JPG,map2019/merge_test_700-1800_cr0.95_stride100/Chuanmei_80_000134/UAV/0.JPG
map2019/merge_test_700-1800_cr0.95_stride100/Chuanmei_80_000135,merge_test_700-1800_cr0.95_stride100,Chuanmei_80_000135,1,12,0,UAV/0.JPG,map2019/merge_test_700-1800_cr0.95_stride100/Chuanmei_80_000135/UAV/0.JPG
map2019/merge_test_700-1800_cr0.95_stride100/Chuanmei_80_000136,merge_test_700-1800_cr0.95_stride100,Chuanmei_80_000136,1,12,0,UAV/0.JPG,map2019/merge_test_700-1800_cr0.95_stride100/Chuanmei_80_000136/UAV/0.JPG
map2019/merge_test_700-1800_cr0.95_stride100/Chuanmei_80_000137,merge_test_700-1800_cr0.95_stride100,Chuanmei_80_000137,1,12,0,UAV/0.JPG,map2019/merge_test_700-1800_cr0.95_stride100/Chuanmei_80_000137/UAV/0.JPG
map2019/merge_test_700-1800_cr0.95_stride100/Chuanmei_80_000138,merge_test_700-1800_cr0.95_stride100,Chuanmei_80_000138,1,12,0,UAV/0.JPG,map2019/merge_test_700-1800_cr0.95_stride100/Chuanmei_80_000138/UAV/0.JPG
map2019/merge_test_700-1800_cr0.95_stride100/Chuanmei_80_000139,merge_test_700-1800_cr0.95_stride100,Chuanmei_80_000139,1,12,0,UAV/0.JPG,map2019/merge_test_700-1800_cr0.95_stride100/Chuanmei_80_000139/UAV/0.JPG
map2019/merge_test_700-1800_cr0.95_stride100/Chuanmei_80_000140,merge_test_700-1800_cr0.95_stride100,Chuanmei_80_000140,1,12,0,UAV/0.JPG,map2019/merge_test_700-1800_cr0.95_stride100/Chuanmei_80_000140/UAV/0.JPG
map2019/merge_test_700-1800_cr0.95_stride100/Chuanmei_80_000141,merge_test_700-1800_cr0.95_stride100,Chuanmei_80_000141,1,12,0,UAV/0.JPG,map2019/merge_test_700-1800_cr0.95_stride100/Chuanmei_80_000141/UAV/0.JPG
map2019/merge_test_700-1800_cr0.95_stride100/Chuanmei_80_000142,merge_test_700-1800_cr0.95_stride100,Chuanmei_80_000142,1,12,0,UAV/0.JPG,map2019/merge_test_700-1800_cr0.95_stride100/Chuanmei_80_000142/UAV/0.JPG
map2019/merge_test_700-1800_cr0.95_stride100/Chuanmei_80_000143,merge_test_700-1800_cr0.95_stride100,Chuanmei_80_000143,1,12,0,UAV/0.JPG,map2019/merge_test_700-1800_cr0.95_stride100/Chuanmei_80_000143/UAV/0.JPG
map2019/merge_test_700-1800_cr0.95_stride100/Chuanmei_80_000144,merge_test_700-1800_cr0.95_stride100,Chuanmei_80_000144,1,12,0,UAV/0.JPG,map2019/merge_test_700-1800_cr0.95_stride100/Chuanmei_80_000144/UAV/0.JPG
map2019/merge_test_700-1800_cr0.95_stride100/Chuanmei_80_000145,merge_test_700-1800_cr0.95_stride100,Chuanmei_80_000145,1,12,0,UAV/0.JPG,map2019/merge_test_700-1800_cr0.95_stride100/Chuanmei_80_000145/UAV/0.JPG
map2019/merge_test_700-1800_cr0.95_stride100/Chuanmei_80_000146,merge_test_700-1800_cr0.95_stride100,Chuanmei_80_000146,1,12,0,UAV/0.JPG,map2019/merge_test_700-1800_cr0.95_stride100/Chuanmei_80_000146/UAV/0.JPG
map2019/merge_test_700-1800_cr0.95_stride100/Chuanmei_80_000147,merge_test_700-1800_cr0.95_stride100,Chuanmei_80_000147,1,12,0,UAV/0.JPG,map2019/merge_test_700-1800_cr0.95_stride100/Chuanmei_80_000147/UAV/0.JPG
map2019/merge_test_700-1800_cr0.95_stride100/Chuanmei_80_000148,merge_test_700-1800_cr0.95_stride100,Chuanmei_80_000148,1,12,0,UAV/0.JPG,map2019/merge_test_700-1800_cr0.95_stride100/Chuanmei_80_000148/UAV/0.JPG
map2019/merge_test_700-1800_cr0.95_stride100/Chuanmei_80_000149,merge_test_700-1800_cr0.95_stride100,Chuanmei_80_000149,1,12,0,UAV/0.JPG,map2019/merge_test_700-1800_cr0.95_stride100/Chuanmei_80_000149/UAV/0.JPG
map2019/merge_test_700-1800_cr0.95_stride100/Chuanmei_80_000150,merge_test_700-1800_cr0.95_stride100,Chuanmei_80_000150,1,12,0,UAV/0.JPG,map2019/merge_test_700-1800_cr0.95_stride100/Chuanmei_80_000150/UAV/0.JPG
map2019/merge_test_700-1800_cr0.95_stride100/Chuanmei_80_000151,merge_test_700-1800_cr0.95_stride100,Chuanmei_80_000151,1,12,0,UAV/0.JPG,map2019/merge_test_700-1800_cr0.95_stride100/Chuanmei_80_000151/UAV/0.JPG
map2019/merge_test_700-1800_cr0.95_stride100/Chuanmei_80_000152,merge_test_700-1800_cr0.95_stride100,Chuanmei_80_000152,1,12,0,UAV/0.JPG,map2019/merge_test_700-1800_cr0.95_stride100/Chuanmei_80_000152/UAV/0.JPG
map2019/merge_test_700-1800_cr0.95_stride100/Chuanmei_80_000153,merge_test_700-1800_cr0.95_stride100,Chuanmei_80_000153,1,12,0,UAV/0.JPG,map2019/merge_test_700-1800_cr0.95_stride100/Chuanmei_80_000153/UAV/0.JPG
map2019/merge_test_700-1800_cr0.95_stride100/Chuanmei_80_000154,merge_test_700-1800_cr0.95_stride100,Chuanmei_80_000154,1,12,0,UAV/0.JPG,map2019/merge_test_700-1800_cr0.95_stride100/Chuanmei_80_000154/UAV/0.JPG
map2019/merge_test_700-1800_cr0.95_stride100/Chuanmei_80_000155,merge_test_700-1800_cr0.95_stride100,Chuanmei_80_000155,1,12,0,UAV/0.JPG,map2019/merge_test_700-1800_cr0.95_stride100/Chuanmei_80_000155/UAV/0.JPG
map2019/merge_test_700-1800_cr0.95_stride100/Chuanmei_80_000156,merge_test_700-1800_cr0.95_stride100,Chuanmei_80_000156,1,12,0,UAV/0.JPG,map2019/merge_test_700-1800_cr0.95_stride100/Chuanmei_80_000156/UAV/0.JPG
map2019/merge_test_700-1800_cr0.95_stride100/Chuanmei_80_000157,merge_test_700-1800_cr0.95_stride100,Chuanmei_80_000157,1,12,0,UAV/0.JPG,map2019/merge_test_700-1800_cr0.95_stride100/Chuanmei_80_000157/UAV/0.JPG
map2019/merge_test_700-1800_cr0.95_stride100/Chuanmei_80_000158,merge_test_700-1800_cr0.95_stride100,Chuanmei_80_000158,1,12,0,UAV/0.JPG,map2019/merge_test_700-1800_cr0.95_stride100/Chuanmei_80_000158/UAV/0.JPG
map2019/merge_test_700-1800_cr0.95_stride100/Chuanmei_80_000159,merge_test_700-1800_cr0.95_stride100,Chuanmei_80_000159,1,12,0,UAV/0.JPG,map2019/merge_test_700-1800_cr0.95_stride100/Chuanmei_80_000159/UAV/0.JPG
map2019/merge_test_700-1800_cr0.95_stride100/Chuanmei_80_000160,merge_test_700-1800_cr0.95_stride100,Chuanmei_80_000160,1,12,0,UAV/0.JPG,map2019/merge_test_700-1800_cr0.95_stride100/Chuanmei_80_000160/UAV/0.JPG
map2019/merge_test_700-1800_cr0.95_stride100/Chuanmei_80_000161,merge_test_700-1800_cr0.95_stride100,Chuanmei_80_000161,1,12,0,UAV/0.JPG,map2019/merge_test_700-1800_cr0.95_stride100/Chuanmei_80_000161/UAV/0.JPG
map2019/merge_test_700-1800_cr0.95_stride100/Chuanmei_80_000162,merge_test_700-1800_cr0.95_stride100,Chuanmei_80_000162,1,12,0,UAV/0.JPG,map2019/merge_test_700-1800_cr0.95_stride100/Chuanmei_80_000162/UAV/0.JPG
map2019/merge_test_700-1800_cr0.95_stride100/Chuanmei_80_000163,merge_test_700-1800_cr0.95_stride100,Chuanmei_80_000163,1,12,0,UAV/0.JPG,map2019/merge_test_700-1800_cr0.95_stride100/Chuanmei_80_000163/UAV/0.JPG
map2019/merge_test_700-1800_cr0.95_stride100/Chuanmei_80_000164,merge_test_700-1800_cr0.95_stride100,Chuanmei_80_000164,1,12,0,UAV/0.JPG,map2019/merge_test_700-1800_cr0.95_stride100/Chuanmei_80_000164/UAV/0.JPG
map2019/merge_test_700-1800_cr0.95_stride100/Chuanmei_80_000165,merge_test_700-1800_cr0.95_stride100,Chuanmei_80_000165,1,12,0,UAV/0.JPG,map2019/merge_test_700-1800_cr0.95_stride100/Chuanmei_80_000165/UAV/0.JPG
map2019/merge_test_700-1800_cr0.95_stride100/Chuanmei_80_000166,merge_test_700-1800_cr0.95_stride100,Chuanmei_80_000166,1,12,0,UAV/0.JPG,map2019/merge_test_700-1800_cr0.95_stride100/Chuanmei_80_000166/UAV/0.JPG
map2019/merge_test_700-1800_cr0.95_stride100/Chuanmei_80_000167,merge_test_700-1800_cr0.95_stride100,Chuanmei_80_000167,1,12,0,UAV/0.JPG,map2019/merge_test_700-1800_cr0.95_stride100/Chuanmei_80_000167/UAV/0.JPG
map2019/merge_test_700-1800_cr0.95_stride100/Chuanmei_80_000168,merge_test_700-1800_cr0.95_stride100,Chuanmei_80_000168,1,12,0,UAV/0.JPG,map2019/merge_test_700-1800_cr0.95_stride100/Chuanmei_80_000168/UAV/0.JPG
map2019/merge_test_700-1800_cr0.95_stride100/Chuanmei_80_000169,merge_test_700-1800_cr0.95_stride100,Chuanmei_80_000169,1,12,0,UAV/0.JPG,map2019/merge_test_700-1800_cr0.95_stride100/Chuanmei_80_000169/UAV/0.JPG
map2019/merge_test_700-1800_cr0.95_stride100/Chuanmei_80_000170,merge_test_700-1800_cr0.95_stride100,Chuanmei_80_000170,1,12,0,UAV/0.JPG,map2019/merge_test_700-1800_cr0.95_stride100/Chuanmei_80_000170/UAV/0.JPG
map2019/merge_test_700-1800_cr0.95_stride100/Chuanmei_80_000171,merge_test_700-1800_cr0.95_stride100,Chuanmei_80_000171,1,12,0,UAV/0.JPG,map2019/merge_test_700-1800_cr0.95_stride100/Chuanmei_80_000171/UAV/0.JPG
map2019/merge_test_700-1800_cr0.95_stride100/Chuanmei_80_000172,merge_test_700-1800_cr0.95_stride100,Chuanmei_80_000172,1,12,0,UAV/0.JPG,map2019/merge_test_700-1800_cr0.95_stride100/Chuanmei_80_000172/UAV/0.JPG
map2019/merge_test_700-1800_cr0.95_stride100/Chuanmei_80_000173,merge_test_700-1800_cr0.95_stride100,Chuanmei_80_000173,1,12,0,UAV/0.JPG,map2019/merge_test_700-1800_cr0.95_stride100/Chuanmei_80_000173/UAV/0.JPG
map2019/merge_test_700-1800_cr0.95_stride100/Chuanmei_80_000174,merge_test_700-1800_cr0.95_stride100,Chuanmei_80_000174,1,12,0,UAV/0.JPG,map2019/merge_test_700-1800_cr0.95_stride100/Chuanmei_80_000174/UAV/0.JPG
map2019/merge_test_700-1800_cr0.95_stride100/Chuanmei_80_000175,merge_test_700-1800_cr0.95_stride100,Chuanmei_80_000175,1,12,0,UAV/0.JPG,map2019/merge_test_700-1800_cr0.95_stride100/Chuanmei_80_000175/UAV/0.JPG
map2019/merge_test_700-1800_cr0.95_stride100/Chuanmei_80_000176,merge_test_700-1800_cr0.95_stride100,Chuanmei_80_000176,1,12,0,UAV/0.JPG,map2019/merge_test_700-1800_cr0.95_stride100/Chuanmei_80_000176/UAV/0.JPG
map2019/merge_test_700-1800_cr0.95_stride100/Chuanmei_80_000177,merge_test_700-1800_cr0.95_stride100,Chuanmei_80_000177,1,12,0,UAV/0.JPG,map2019/merge_test_700-1800_cr0.95_stride100/Chuanmei_80_000177/UAV/0.JPG
map2019/merge_test_700-1800_cr0.95_stride100/Chuanmei_80_000178,merge_test_700-1800_cr0.95_stride100,Chuanmei_80_000178,1,12,0,UAV/0.JPG,map2019/merge_test_700-1800_cr0.95_stride100/Chuanmei_80_000178/UAV/0.JPG
map2019/merge_test_700-1800_cr0.95_stride100/Chuanmei_80_000179,merge_test_700-1800_cr0.95_stride100,Chuanmei_80_000179,1,12,0,UAV/0.JPG,map2019/merge_test_700-1800_cr0.95_stride100/Chuanmei_80_000179/UAV/0.JPG
map2019/merge_test_700-1800_cr0.95_stride100/Chuanmei_80_000180,merge_test_700-1800_cr0.95_stride100,Chuanmei_80_000180,1,12,0,UAV/0.JPG,map2019/merge_test_700-1800_cr0.95_stride100/Chuanmei_80_000180/UAV/0.JPG
map2019/merge_test_700-1800_cr0.95_stride100/Chuanmei_80_000181,merge_test_700-1800_cr0.95_stride100,Chuanmei_80_000181,1,12,0,UAV/0.JPG,map2019/merge_test_700-1800_cr0.95_stride100/Chuanmei_80_000181/UAV/0.JPG
map2019/merge_test_700-1800_cr0.95_stride100/Chuanmei_80_000182,merge_test_700-1800_cr0.95_stride100,Chuanmei_80_000182,1,12,0,UAV/0.JPG,map2019/merge_test_700-1800_cr0.95_stride100/Chuanmei_80_000182/UAV/0.JPG
map2019/merge_test_700-1800_cr0.95_stride100/Chuanmei_80_000183,merge_test_700-1800_cr0.95_stride100,Chuanmei_80_000183,1,12,0,UAV/0.JPG,map2019/merge_test_700-1800_cr0.95_stride100/Chuanmei_80_000183/UAV/0.JPG
map2019/merge_test_700-1800_cr0.95_stride100/Chuanmei_80_000184,merge_test_700-1800_cr0.95_stride100,Chuanmei_80_000184,1,12,0,UAV/0.JPG,map2019/merge_test_700-1800_cr0.95_stride100/Chuanmei_80_000184/UAV/0.JPG
map2019/merge_test_700-1800_cr0.95_stride100/Chuanmei_80_000185,merge_test_700-1800_cr0.95_stride100,Chuanmei_80_000185,1,12,0,UAV/0.JPG,map2019/merge_test_700-1800_cr0.95_stride100/Chuanmei_80_000185/UAV/0.JPG
map2019/merge_test_700-1800_cr0.95_stride100/Chuanmei_80_000186,merge_test_700-1800_cr0.95_stride100,Chuanmei_80_000186,1,12,0,UAV/0.JPG,map2019/merge_test_700-1800_cr0.95_stride100/Chuanmei_80_000186/UAV/0.JPG
map2019/merge_test_700-1800_cr0.95_stride100/Chuanmei_80_000187,merge_test_700-1800_cr0.95_stride100,Chuanmei_80_000187,1,12,0,UAV/0.JPG,map2019/merge_test_700-1800_cr0.95_stride100/Chuanmei_80_000187/UAV/0.JPG
map2019/merge_test_700-1800_cr0.95_stride100/Chuanmei_80_000188,merge_test_700-1800_cr0.95_stride100,Chuanmei_80_000188,1,12,0,UAV/0.JPG,map2019/merge_test_700-1800_cr0.95_stride100/Chuanmei_80_000188/UAV/0.JPG
map2019/merge_test_700-1800_cr0.95_stride100/Chuanmei_80_000189,merge_test_700-1800_cr0.95_stride100,Chuanmei_80_000189,1,12,0,UAV/0.JPG,map2019/merge_test_700-1800_cr0.95_stride100/Chuanmei_80_000189/UAV/0.JPG
map2019/merge_test_700-1800_cr0.95_stride100/Chuanmei_80_000190,merge_test_700-1800_cr0.95_stride100,Chuanmei_80_000190,1,12,0,UAV/0.JPG,map2019/merge_test_700-1800_cr0.95_stride100/Chuanmei_80_000190/UAV/0.JPG
map2019/merge_test_700-1800_cr0.95_stride100/Chuanmei_80_000191,merge_test_700-1800_cr0.95_stride100,Chuanmei_80_000191,1,12,0,UAV/0.JPG,map2019/merge_test_700-1800_cr0.95_stride100/Chuanmei_80_000191/UAV/0.JPG
map2019/merge_test_700-1800_cr0.95_stride100/Chuanmei_80_000192,merge_test_700-1800_cr0.95_stride100,Chuanmei_80_000192,1,12,0,UAV/0.JPG,map2019/merge_test_700-1800_cr0.95_stride100/Chuanmei_80_000192/UAV/0.JPG
map2019/merge_test_700-1800_cr0.95_stride100/Chuanmei_80_000193,merge_test_700-1800_cr0.95_stride100,Chuanmei_80_000193,1,12,0,UAV/0.JPG,map2019/merge_test_700-1800_cr0.95_stride100/Chuanmei_80_000193/UAV/0.JPG
map2019/merge_test_700-1800_cr0.95_stride100/Chuanmei_80_000194,merge_test_700-1800_cr0.95_stride100,Chuanmei_80_000194,1,12,0,UAV/0.JPG,map2019/merge_test_700-1800_cr0.95_stride100/Chuanmei_80_000194/UAV/0.JPG
map2019/merge_test_700-1800_cr0.95_stride100/Chuanmei_80_000195,merge_test_700-1800_cr0.95_stride100,Chuanmei_80_000195,1,12,0,UAV/0.JPG,map2019/merge_test_700-1800_cr0.95_stride100/Chuanmei_80_000195/UAV/0.JPG
map2019/merge_test_700-1800_cr0.95_stride100/Chuanmei_80_000196,merge_test_700-1800_cr0.95_stride100,Chuanmei_80_000196,1,12,0,UAV/0.JPG,map2019/merge_test_700-1800_cr0.95_stride100/Chuanmei_80_000196/UAV/0.JPG
map2019/merge_test_700-1800_cr0.95_stride100/Chuanmei_80_000197,merge_test_700-1800_cr0.95_stride100,Chuanmei_80_000197,1,12,0,UAV/0.JPG,map2019/merge_test_700-1800_cr0.95_stride100/Chuanmei_80_000197/UAV/0.JPG
map2019/merge_test_700-1800_cr0.95_stride100/Chuanmei_80_000198,merge_test_700-1800_cr0.95_stride100,Chuanmei_80_000198,1,12,0,UAV/0.JPG,map2019/merge_test_700-1800_cr0.95_stride100/Chuanmei_80_000198/UAV/0.JPG
map2019/merge_test_700-1800_cr0.95_stride100/Chuanmei_80_000199,merge_test_700-1800_cr0.95_stride100,Chuanmei_80_000199,1,12,0,UAV/0.JPG,map2019/merge_test_700-1800_cr0.95_stride100/Chuanmei_80_000199/UAV/0.JPG
map2019/merge_test_700-1800_cr0.95_stride100/Chuanmei_90_000000,merge_test_700-1800_cr0.95_stride100,Chuanmei_90_000000,1,12,0,UAV/0.JPG,map2019/merge_test_700-1800_cr0.95_stride100/Chuanmei_90_000000/UAV/0.JPG
map2019/merge_test_700-1800_cr0.95_stride100/Chuanmei_90_000001,merge_test_700-1800_cr0.95_stride100,Chuanmei_90_000001,1,12,0,UAV/0.JPG,map2019/merge_test_700-1800_cr0.95_stride100/Chuanmei_90_000001/UAV/0.JPG
map2019/merge_test_700-1800_cr0.95_stride100/Chuanmei_90_000002,merge_test_700-1800_cr0.95_stride100,Chuanmei_90_000002,1,12,0,UAV/0.JPG,map2019/merge_test_700-1800_cr0.95_stride100/Chuanmei_90_000002/UAV/0.JPG
map2019/merge_test_700-1800_cr0.95_stride100/Chuanmei_90_000003,merge_test_700-1800_cr0.95_stride100,Chuanmei_90_000003,1,12,0,UAV/0.JPG,map2019/merge_test_700-1800_cr0.95_stride100/Chuanmei_90_000003/UAV/0.JPG
map2019/merge_test_700-1800_cr0.95_stride100/Chuanmei_90_000004,merge_test_700-1800_cr0.95_stride100,Chuanmei_90_000004,1,12,0,UAV/0.JPG,map2019/merge_test_700-1800_cr0.95_stride100/Chuanmei_90_000004/UAV/0.JPG
map2019/merge_test_700-1800_cr0.95_stride100/Chuanmei_90_000005,merge_test_700-1800_cr0.95_stride100,Chuanmei_90_000005,1,12,0,UAV/0.JPG,map2019/merge_test_700-1800_cr0.95_stride100/Chuanmei_90_000005/UAV/0.JPG
map2019/merge_test_700-1800_cr0.95_stride100/Chuanmei_90_000006,merge_test_700-1800_cr0.95_stride100,Chuanmei_90_000006,1,12,0,UAV/0.JPG,map2019/merge_test_700-1800_cr0.95_stride100/Chuanmei_90_000006/UAV/0.JPG
map2019/merge_test_700-1800_cr0.95_stride100/Chuanmei_90_000007,merge_test_700-1800_cr0.95_stride100,Chuanmei_90_000007,1,12,0,UAV/0.JPG,map2019/merge_test_700-1800_cr0.95_stride100/Chuanmei_90_000007/UAV/0.JPG
map2019/merge_test_700-1800_cr0.95_stride100/Chuanmei_90_000008,merge_test_700-1800_cr0.95_stride100,Chuanmei_90_000008,1,12,0,UAV/0.JPG,map2019/merge_test_700-1800_cr0.95_stride100/Chuanmei_90_000008/UAV/0.JPG
map2019/merge_test_700-1800_cr0.95_stride100/Chuanmei_90_000009,merge_test_700-1800_cr0.95_stride100,Chuanmei_90_000009,1,12,0,UAV/0.JPG,map2019/merge_test_700-1800_cr0.95_stride100/Chuanmei_90_000009/UAV/0.JPG
map2019/merge_test_700-1800_cr0.95_stride100/Chuanmei_90_000010,merge_test_700-1800_cr0.95_stride100,Chuanmei_90_000010,1,12,0,UAV/0.JPG,map2019/merge_test_700-1800_cr0.95_stride100/Chuanmei_90_000010/UAV/0.JPG
map2019/merge_test_700-1800_cr0.95_stride100/Chuanmei_90_000011,merge_test_700-1800_cr0.95_stride100,Chuanmei_90_000011,1,12,0,UAV/0.JPG,map2019/merge_test_700-1800_cr0.95_stride100/Chuanmei_90_000011/UAV/0.JPG
map2019/merge_test_700-1800_cr0.95_stride100/Chuanmei_90_000012,merge_test_700-1800_cr0.95_stride100,Chuanmei_90_000012,1,12,0,UAV/0.JPG,map2019/merge_test_700-1800_cr0.95_stride100/Chuanmei_90_000012/UAV/0.JPG
map2019/merge_test_700-1800_cr0.95_stride100/Chuanmei_90_000013,merge_test_700-1800_cr0.95_stride100,Chuanmei_90_000013,1,12,0,UAV/0.JPG,map2019/merge_test_700-1800_cr0.95_stride100/Chuanmei_90_000013/UAV/0.JPG
map2019/merge_test_700-1800_cr0.95_stride100/Chuanmei_90_000014,merge_test_700-1800_cr0.95_stride100,Chuanmei_90_000014,1,12,0,UAV/0.JPG,map2019/merge_test_700-1800_cr0.95_stride100/Chuanmei_90_000014/UAV/0.JPG
map2019/merge_test_700-1800_cr0.95_stride100/Chuanmei_90_000015,merge_test_700-1800_cr0.95_stride100,Chuanmei_90_000015,1,12,0,UAV/0.JPG,map2019/merge_test_700-1800_cr0.95_stride100/Chuanmei_90_000015/UAV/0.JPG
map2019/merge_test_700-1800_cr0.95_stride100/Chuanmei_90_000016,merge_test_700-1800_cr0.95_stride100,Chuanmei_90_000016,1,12,0,UAV/0.JPG,map2019/merge_test_700-1800_cr0.95_stride100/Chuanmei_90_000016/UAV/0.JPG
map2019/merge_test_700-1800_cr0.95_stride100/Chuanmei_90_000017,merge_test_700-1800_cr0.95_stride100,Chuanmei_90_000017,1,12,0,UAV/0.JPG,map2019/merge_test_700-1800_cr0.95_stride100/Chuanmei_90_000017/UAV/0.JPG
map2019/merge_test_700-1800_cr0.95_stride100/Chuanmei_90_000018,merge_test_700-1800_cr0.95_stride100,Chuanmei_90_000018,1,12,0,UAV/0.JPG,map2019/merge_test_700-1800_cr0.95_stride100/Chuanmei_90_000018/UAV/0.JPG
map2019/merge_test_700-1800_cr0.95_stride100/Chuanmei_90_000019,merge_test_700-1800_cr0.95_stride100,Chuanmei_90_000019,1,12,0,UAV/0.JPG,map2019/merge_test_700-1800_cr0.95_stride100/Chuanmei_90_000019/UAV/0.JPG
map2019/merge_test_700-1800_cr0.95_stride100/Chuanmei_90_000020,merge_test_700-1800_cr0.95_stride100,Chuanmei_90_000020,1,12,0,UAV/0.JPG,map2019/merge_test_700-1800_cr0.95_stride100/Chuanmei_90_000020/UAV/0.JPG
map2019/merge_test_700-1800_cr0.95_stride100/Chuanmei_90_000021,merge_test_700-1800_cr0.95_stride100,Chuanmei_90_000021,1,12,0,UAV/0.JPG,map2019/merge_test_700-1800_cr0.95_stride100/Chuanmei_90_000021/UAV/0.JPG
map2019/merge_test_700-1800_cr0.95_stride100/Chuanmei_90_000022,merge_test_700-1800_cr0.95_stride100,Chuanmei_90_000022,1,12,0,UAV/0.JPG,map2019/merge_test_700-1800_cr0.95_stride100/Chuanmei_90_000022/UAV/0.JPG
map2019/merge_test_700-1800_cr0.95_stride100/Chuanmei_90_000023,merge_test_700-1800_cr0.95_stride100,Chuanmei_90_000023,1,12,0,UAV/0.JPG,map2019/merge_test_700-1800_cr0.95_stride100/Chuanmei_90_000023/UAV/0.JPG
map2019/merge_test_700-1800_cr0.95_stride100/Chuanmei_90_000024,merge_test_700-1800_cr0.95_stride100,Chuanmei_90_000024,1,12,0,UAV/0.JPG,map2019/merge_test_700-1800_cr0.95_stride100/Chuanmei_90_000024/UAV/0.JPG
map2019/merge_test_700-1800_cr0.95_stride100/Chuanmei_90_000025,merge_test_700-1800_cr0.95_stride100,Chuanmei_90_000025,1,12,0,UAV/0.JPG,map2019/merge_test_700-1800_cr0.95_stride100/Chuanmei_90_000025/UAV/0.JPG
map2019/merge_test_700-1800_cr0.95_stride100/Chuanmei_90_000026,merge_test_700-1800_cr0.95_stride100,Chuanmei_90_000026,1,12,0,UAV/0.JPG,map2019/merge_test_700-1800_cr0.95_stride100/Chuanmei_90_000026/UAV/0.JPG
map2019/merge_test_700-1800_cr0.95_stride100/Chuanmei_90_000027,merge_test_700-1800_cr0.95_stride100,Chuanmei_90_000027,1,12,0,UAV/0.JPG,map2019/merge_test_700-1800_cr0.95_stride100/Chuanmei_90_000027/UAV/0.JPG
map2019/merge_test_700-1800_cr0.95_stride100/Chuanmei_90_000028,merge_test_700-1800_cr0.95_stride100,Chuanmei_90_000028,1,12,0,UAV/0.JPG,map2019/merge_test_700-1800_cr0.95_stride100/Chuanmei_90_000028/UAV/0.JPG
map2019/merge_test_700-1800_cr0.95_stride100/Chuanmei_90_000029,merge_test_700-1800_cr0.95_stride100,Chuanmei_90_000029,1,12,0,UAV/0.JPG,map2019/merge_test_700-1800_cr0.95_stride100/Chuanmei_90_000029/UAV/0.JPG
map2019/merge_test_700-1800_cr0.95_stride100/Chuanmei_90_000030,merge_test_700-1800_cr0.95_stride100,Chuanmei_90_000030,1,12,0,UAV/0.JPG,map2019/merge_test_700-1800_cr0.95_stride100/Chuanmei_90_000030/UAV/0.JPG
map2019/merge_test_700-1800_cr0.95_stride100/Chuanmei_90_000031,merge_test_700-1800_cr0.95_stride100,Chuanmei_90_000031,1,12,0,UAV/0.JPG,map2019/merge_test_700-1800_cr0.95_stride100/Chuanmei_90_000031/UAV/0.JPG
map2019/merge_test_700-1800_cr0.95_stride100/Chuanmei_90_000032,merge_test_700-1800_cr0.95_stride100,Chuanmei_90_000032,1,12,0,UAV/0.JPG,map2019/merge_test_700-1800_cr0.95_stride100/Chuanmei_90_000032/UAV/0.JPG
map2019/merge_test_700-1800_cr0.95_stride100/Chuanmei_90_000033,merge_test_700-1800_cr0.95_stride100,Chuanmei_90_000033,1,12,0,UAV/0.JPG,map2019/merge_test_700-1800_cr0.95_stride100/Chuanmei_90_000033/UAV/0.JPG
map2019/merge_test_700-1800_cr0.95_stride100/Chuanmei_90_000034,merge_test_700-1800_cr0.95_stride100,Chuanmei_90_000034,1,12,0,UAV/0.JPG,map2019/merge_test_700-1800_cr0.95_stride100/Chuanmei_90_000034/UAV/0.JPG
map2019/merge_test_700-1800_cr0.95_stride100/Chuanmei_90_000035,merge_test_700-1800_cr0.95_stride100,Chuanmei_90_000035,1,12,0,UAV/0.JPG,map2019/merge_test_700-1800_cr0.95_stride100/Chuanmei_90_000035/UAV/0.JPG
map2019/merge_test_700-1800_cr0.95_stride100/Chuanmei_90_000036,merge_test_700-1800_cr0.95_stride100,Chuanmei_90_000036,1,12,0,UAV/0.JPG,map2019/merge_test_700-1800_cr0.95_stride100/Chuanmei_90_000036/UAV/0.JPG
map2019/merge_test_700-1800_cr0.95_stride100/Chuanmei_90_000037,merge_test_700-1800_cr0.95_stride100,Chuanmei_90_000037,1,12,0,UAV/0.JPG,map2019/merge_test_700-1800_cr0.95_stride100/Chuanmei_90_000037/UAV/0.JPG
map2019/merge_test_700-1800_cr0.95_stride100/Chuanmei_90_000038,merge_test_700-1800_cr0.95_stride100,Chuanmei_90_000038,1,12,0,UAV/0.JPG,map2019/merge_test_700-1800_cr0.95_stride100/Chuanmei_90_000038/UAV/0.JPG
map2019/merge_test_700-1800_cr0.95_stride100/Chuanmei_90_000039,merge_test_700-1800_cr0.95_stride100,Chuanmei_90_000039,1,12,0,UAV/0.JPG,map2019/merge_test_700-1800_cr0.95_stride100/Chuanmei_90_000039/UAV/0.JPG
map2019/merge_test_700-1800_cr0.95_stride100/Chuanmei_90_000040,merge_test_700-1800_cr0.95_stride100,Chuanmei_90_000040,1,12,0,UAV/0.JPG,map2019/merge_test_700-1800_cr0.95_stride100/Chuanmei_90_000040/UAV/0.JPG
map2019/merge_test_700-1800_cr0.95_stride100/Chuanmei_90_000041,merge_test_700-1800_cr0.95_stride100,Chuanmei_90_000041,1,12,0,UAV/0.JPG,map2019/merge_test_700-1800_cr0.95_stride100/Chuanmei_90_000041/UAV/0.JPG
map2019/merge_test_700-1800_cr0.95_stride100/Chuanmei_90_000042,merge_test_700-1800_cr0.95_stride100,Chuanmei_90_000042,1,12,0,UAV/0.JPG,map2019/merge_test_700-1800_cr0.95_stride100/Chuanmei_90_000042/UAV/0.JPG
map2019/merge_test_700-1800_cr0.95_stride100/Chuanmei_90_000043,merge_test_700-1800_cr0.95_stride100,Chuanmei_90_000043,1,12,0,UAV/0.JPG,map2019/merge_test_700-1800_cr0.95_stride100/Chuanmei_90_000043/UAV/0.JPG
map2019/merge_test_700-1800_cr0.95_stride100/Chuanmei_90_000044,merge_test_700-1800_cr0.95_stride100,Chuanmei_90_000044,1,12,0,UAV/0.JPG,map2019/merge_test_700-1800_cr0.95_stride100/Chuanmei_90_000044/UAV/0.JPG
map2019/merge_test_700-1800_cr0.95_stride100/Chuanmei_90_000045,merge_test_700-1800_cr0.95_stride100,Chuanmei_90_000045,1,12,0,UAV/0.JPG,map2019/merge_test_700-1800_cr0.95_stride100/Chuanmei_90_000045/UAV/0.JPG
map2019/merge_test_700-1800_cr0.95_stride100/Chuanmei_90_000046,merge_test_700-1800_cr0.95_stride100,Chuanmei_90_000046,1,12,0,UAV/0.JPG,map2019/merge_test_700-1800_cr0.95_stride100/Chuanmei_90_000046/UAV/0.JPG
map2019/merge_test_700-1800_cr0.95_stride100/Chuanmei_90_000047,merge_test_700-1800_cr0.95_stride100,Chuanmei_90_000047,1,12,0,UAV/0.JPG,map2019/merge_test_700-1800_cr0.95_stride100/Chuanmei_90_000047/UAV/0.JPG
map2019/merge_test_700-1800_cr0.95_stride100/Chuanmei_90_000048,merge_test_700-1800_cr0.95_stride100,Chuanmei_90_000048,1,12,0,UAV/0.JPG,map2019/merge_test_700-1800_cr0.95_stride100/Chuanmei_90_000048/UAV/0.JPG
map2019/merge_test_700-1800_cr0.95_stride100/Chuanmei_90_000049,merge_test_700-1800_cr0.95_stride100,Chuanmei_90_000049,1,12,0,UAV/0.JPG,map2019/merge_test_700-1800_cr0.95_stride100/Chuanmei_90_000049/UAV/0.JPG
map2019/merge_test_700-1800_cr0.95_stride100/Chuanmei_90_000050,merge_test_700-1800_cr0.95_stride100,Chuanmei_90_000050,1,12,0,UAV/0.JPG,map2019/merge_test_700-1800_cr0.95_stride100/Chuanmei_90_000050/UAV/0.JPG
map2019/merge_test_700-1800_cr0.95_stride100/Chuanmei_90_000051,merge_test_700-1800_cr0.95_stride100,Chuanmei_90_000051,1,12,0,UAV/0.JPG,map2019/merge_test_700-1800_cr0.95_stride100/Chuanmei_90_000051/UAV/0.JPG
map2019/merge_test_700-1800_cr0.95_stride100/Chuanmei_90_000052,merge_test_700-1800_cr0.95_stride100,Chuanmei_90_000052,1,12,0,UAV/0.JPG,map2019/merge_test_700-1800_cr0.95_stride100/Chuanmei_90_000052/UAV/0.JPG
map2019/merge_test_700-1800_cr0.95_stride100/Chuanmei_90_000053,merge_test_700-1800_cr0.95_stride100,Chuanmei_90_000053,1,12,0,UAV/0.JPG,map2019/merge_test_700-1800_cr0.95_stride100/Chuanmei_90_000053/UAV/0.JPG
map2019/merge_test_700-1800_cr0.95_stride100/Chuanmei_90_000054,merge_test_700-1800_cr0.95_stride100,Chuanmei_90_000054,1,12,0,UAV/0.JPG,map2019/merge_test_700-1800_cr0.95_stride100/Chuanmei_90_000054/UAV/0.JPG
map2019/merge_test_700-1800_cr0.95_stride100/Chuanmei_90_000055,merge_test_700-1800_cr0.95_stride100,Chuanmei_90_000055,1,12,0,UAV/0.JPG,map2019/merge_test_700-1800_cr0.95_stride100/Chuanmei_90_000055/UAV/0.JPG
map2019/merge_test_700-1800_cr0.95_stride100/Chuanmei_90_000056,merge_test_700-1800_cr0.95_stride100,Chuanmei_90_000056,1,12,0,UAV/0.JPG,map2019/merge_test_700-1800_cr0.95_stride100/Chuanmei_90_000056/UAV/0.JPG
map2019/merge_test_700-1800_cr0.95_stride100/Chuanmei_90_000057,merge_test_700-1800_cr0.95_stride100,Chuanmei_90_000057,1,12,0,UAV/0.JPG,map2019/merge_test_700-1800_cr0.95_stride100/Chuanmei_90_000057/UAV/0.JPG
map2019/merge_test_700-1800_cr0.95_stride100/Chuanmei_90_000058,merge_test_700-1800_cr0.95_stride100,Chuanmei_90_000058,1,12,0,UAV/0.JPG,map2019/merge_test_700-1800_cr0.95_stride100/Chuanmei_90_000058/UAV/0.JPG
map2019/merge_test_700-1800_cr0.95_stride100/Chuanmei_90_000059,merge_test_700-1800_cr0.95_stride100,Chuanmei_90_000059,1,12,0,UAV/0.JPG,map2019/merge_test_700-1800_cr0.95_stride100/Chuanmei_90_000059/UAV/0.JPG
map2019/merge_test_700-1800_cr0.95_stride100/Chuanmei_90_000060,merge_test_700-1800_cr0.95_stride100,Chuanmei_90_000060,1,12,0,UAV/0.JPG,map2019/merge_test_700-1800_cr0.95_stride100/Chuanmei_90_000060/UAV/0.JPG
map2019/merge_test_700-1800_cr0.95_stride100/Chuanmei_90_000061,merge_test_700-1800_cr0.95_stride100,Chuanmei_90_000061,1,12,0,UAV/0.JPG,map2019/merge_test_700-1800_cr0.95_stride100/Chuanmei_90_000061/UAV/0.JPG
map2019/merge_test_700-1800_cr0.95_stride100/Chuanmei_90_000062,merge_test_700-1800_cr0.95_stride100,Chuanmei_90_000062,1,12,0,UAV/0.JPG,map2019/merge_test_700-1800_cr0.95_stride100/Chuanmei_90_000062/UAV/0.JPG
map2019/merge_test_700-1800_cr0.95_stride100/Chuanmei_90_000063,merge_test_700-1800_cr0.95_stride100,Chuanmei_90_000063,1,12,0,UAV/0.JPG,map2019/merge_test_700-1800_cr0.95_stride100/Chuanmei_90_000063/UAV/0.JPG
map2019/merge_test_700-1800_cr0.95_stride100/Chuanmei_90_000064,merge_test_700-1800_cr0.95_stride100,Chuanmei_90_000064,1,12,0,UAV/0.JPG,map2019/merge_test_700-1800_cr0.95_stride100/Chuanmei_90_000064/UAV/0.JPG
map2019/merge_test_700-1800_cr0.95_stride100/Chuanmei_90_000065,merge_test_700-1800_cr0.95_stride100,Chuanmei_90_000065,1,12,0,UAV/0.JPG,map2019/merge_test_700-1800_cr0.95_stride100/Chuanmei_90_000065/UAV/0.JPG
map2019/merge_test_700-1800_cr0.95_stride100/Chuanmei_90_000066,merge_test_700-1800_cr0.95_stride100,Chuanmei_90_000066,1,12,0,UAV/0.JPG,map2019/merge_test_700-1800_cr0.95_stride100/Chuanmei_90_000066/UAV/0.JPG
map2019/merge_test_700-1800_cr0.95_stride100/Chuanmei_90_000067,merge_test_700-1800_cr0.95_stride100,Chuanmei_90_000067,1,12,0,UAV/0.JPG,map2019/merge_test_700-1800_cr0.95_stride100/Chuanmei_90_000067/UAV/0.JPG
map2019/merge_test_700-1800_cr0.95_stride100/Chuanmei_90_000068,merge_test_700-1800_cr0.95_stride100,Chuanmei_90_000068,1,12,0,UAV/0.JPG,map2019/merge_test_700-1800_cr0.95_stride100/Chuanmei_90_000068/UAV/0.JPG
map2019/merge_test_700-1800_cr0.95_stride100/Chuanmei_90_000069,merge_test_700-1800_cr0.95_stride100,Chuanmei_90_000069,1,12,0,UAV/0.JPG,map2019/merge_test_700-1800_cr0.95_stride100/Chuanmei_90_000069/UAV/0.JPG
map2019/merge_test_700-1800_cr0.95_stride100/Chuanmei_90_000070,merge_test_700-1800_cr0.95_stride100,Chuanmei_90_000070,1,12,0,UAV/0.JPG,map2019/merge_test_700-1800_cr0.95_stride100/Chuanmei_90_000070/UAV/0.JPG
map2019/merge_test_700-1800_cr0.95_stride100/Chuanmei_90_000071,merge_test_700-1800_cr0.95_stride100,Chuanmei_90_000071,1,12,0,UAV/0.JPG,map2019/merge_test_700-1800_cr0.95_stride100/Chuanmei_90_000071/UAV/0.JPG
map2019/merge_test_700-1800_cr0.95_stride100/Chuanmei_90_000072,merge_test_700-1800_cr0.95_stride100,Chuanmei_90_000072,1,12,0,UAV/0.JPG,map2019/merge_test_700-1800_cr0.95_stride100/Chuanmei_90_000072/UAV/0.JPG
map2019/merge_test_700-1800_cr0.95_stride100/Chuanmei_90_000073,merge_test_700-1800_cr0.95_stride100,Chuanmei_90_000073,1,12,0,UAV/0.JPG,map2019/merge_test_700-1800_cr0.95_stride100/Chuanmei_90_000073/UAV/0.JPG
map2019/merge_test_700-1800_cr0.95_stride100/Chuanmei_90_000074,merge_test_700-1800_cr0.95_stride100,Chuanmei_90_000074,1,12,0,UAV/0.JPG,map2019/merge_test_700-1800_cr0.95_stride100/Chuanmei_90_000074/UAV/0.JPG
map2019/merge_test_700-1800_cr0.95_stride100/Chuanmei_90_000075,merge_test_700-1800_cr0.95_stride100,Chuanmei_90_000075,1,12,0,UAV/0.JPG,map2019/merge_test_700-1800_cr0.95_stride100/Chuanmei_90_000075/UAV/0.JPG
map2019/merge_test_700-1800_cr0.95_stride100/Chuanmei_90_000076,merge_test_700-1800_cr0.95_stride100,Chuanmei_90_000076,1,12,0,UAV/0.JPG,map2019/merge_test_700-1800_cr0.95_stride100/Chuanmei_90_000076/UAV/0.JPG
map2019/merge_test_700-1800_cr0.95_stride100/Chuanmei_90_000077,merge_test_700-1800_cr0.95_stride100,Chuanmei_90_000077,1,12,0,UAV/0.JPG,map2019/merge_test_700-1800_cr0.95_stride100/Chuanmei_90_000077/UAV/0.JPG
map2019/merge_test_700-1800_cr0.95_stride100/Chuanmei_90_000078,merge_test_700-1800_cr0.95_stride100,Chuanmei_90_000078,1,12,0,UAV/0.JPG,map2019/merge_test_700-1800_cr0.95_stride100/Chuanmei_90_000078/UAV/0.JPG
map2019/merge_test_700-1800_cr0.95_stride100/Chuanmei_90_000079,merge_test_700-1800_cr0.95_stride100,Chuanmei_90_000079,1,12,0,UAV/0.JPG,map2019/merge_test_700-1800_cr0.95_stride100/Chuanmei_90_000079/UAV/0.JPG
map2019/merge_test_700-1800_cr0.95_stride100/Chuanmei_90_000080,merge_test_700-1800_cr0.95_stride100,Chuanmei_90_000080,1,12,0,UAV/0.JPG,map2019/merge_test_700-1800_cr0.95_stride100/Chuanmei_90_000080/UAV/0.JPG
map2019/merge_test_700-1800_cr0.95_stride100/Chuanmei_90_000081,merge_test_700-1800_cr0.95_stride100,Chuanmei_90_000081,1,12,0,UAV/0.JPG,map2019/merge_test_700-1800_cr0.95_stride100/Chuanmei_90_000081/UAV/0.JPG
map2019/merge_test_700-1800_cr0.95_stride100/Chuanmei_90_000082,merge_test_700-1800_cr0.95_stride100,Chuanmei_90_000082,1,12,0,UAV/0.JPG,map2019/merge_test_700-1800_cr0.95_stride100/Chuanmei_90_000082/UAV/0.JPG
map2019/merge_test_700-1800_cr0.95_stride100/Chuanmei_90_000083,merge_test_700-1800_cr0.95_stride100,Chuanmei_90_000083,1,12,0,UAV/0.JPG,map2019/merge_test_700-1800_cr0.95_stride100/Chuanmei_90_000083/UAV/0.JPG
map2019/merge_test_700-1800_cr0.95_stride100/Chuanmei_90_000084,merge_test_700-1800_cr0.95_stride100,Chuanmei_90_000084,1,12,0,UAV/0.JPG,map2019/merge_test_700-1800_cr0.95_stride100/Chuanmei_90_000084/UAV/0.JPG
map2019/merge_test_700-1800_cr0.95_stride100/Chuanmei_90_000085,merge_test_700-1800_cr0.95_stride100,Chuanmei_90_000085,1,12,0,UAV/0.JPG,map2019/merge_test_700-1800_cr0.95_stride100/Chuanmei_90_000085/UAV/0.JPG
map2019/merge_test_700-1800_cr0.95_stride100/Chuanmei_90_000086,merge_test_700-1800_cr0.95_stride100,Chuanmei_90_000086,1,12,0,UAV/0.JPG,map2019/merge_test_700-1800_cr0.95_stride100/Chuanmei_90_000086/UAV/0.JPG
map2019/merge_test_700-1800_cr0.95_stride100/Chuanmei_90_000087,merge_test_700-1800_cr0.95_stride100,Chuanmei_90_000087,1,12,0,UAV/0.JPG,map2019/merge_test_700-1800_cr0.95_stride100/Chuanmei_90_000087/UAV/0.JPG
map2019/merge_test_700-1800_cr0.95_stride100/Chuanmei_90_000088,merge_test_700-1800_cr0.95_stride100,Chuanmei_90_000088,1,12,0,UAV/0.JPG,map2019/merge_test_700-1800_cr0.95_stride100/Chuanmei_90_000088/UAV/0.JPG
map2019/merge_test_700-1800_cr0.95_stride100/Chuanmei_90_000089,merge_test_700-1800_cr0.95_stride100,Chuanmei_90_000089,1,12,0,UAV/0.JPG,map2019/merge_test_700-1800_cr0.95_stride100/Chuanmei_90_000089/UAV/0.JPG
map2019/merge_test_700-1800_cr0.95_stride100/Chuanmei_90_000090,merge_test_700-1800_cr0.95_stride100,Chuanmei_90_000090,1,12,0,UAV/0.JPG,map2019/merge_test_700-1800_cr0.95_stride100/Chuanmei_90_000090/UAV/0.JPG
map2019/merge_test_700-1800_cr0.95_stride100/Chuanmei_90_000091,merge_test_700-1800_cr0.95_stride100,Chuanmei_90_000091,1,12,0,UAV/0.JPG,map2019/merge_test_700-1800_cr0.95_stride100/Chuanmei_90_000091/UAV/0.JPG
map2019/merge_test_700-1800_cr0.95_stride100/Chuanmei_90_000092,merge_test_700-1800_cr0.95_stride100,Chuanmei_90_000092,1,12,0,UAV/0.JPG,map2019/merge_test_700-1800_cr0.95_stride100/Chuanmei_90_000092/UAV/0.JPG
map2019/merge_test_700-1800_cr0.95_stride100/Chuanmei_90_000093,merge_test_700-1800_cr0.95_stride100,Chuanmei_90_000093,1,12,0,UAV/0.JPG,map2019/merge_test_700-1800_cr0.95_stride100/Chuanmei_90_000093/UAV/0.JPG
map2019/merge_test_700-1800_cr0.95_stride100/Chuanmei_90_000094,merge_test_700-1800_cr0.95_stride100,Chuanmei_90_000094,1,12,0,UAV/0.JPG,map2019/merge_test_700-1800_cr0.95_stride100/Chuanmei_90_000094/UAV/0.JPG
map2019/merge_test_700-1800_cr0.95_stride100/Chuanmei_90_000095,merge_test_700-1800_cr0.95_stride100,Chuanmei_90_000095,1,12,0,UAV/0.JPG,map2019/merge_test_700-1800_cr0.95_stride100/Chuanmei_90_000095/UAV/0.JPG
map2019/merge_test_700-1800_cr0.95_stride100/Chuanmei_90_000096,merge_test_700-1800_cr0.95_stride100,Chuanmei_90_000096,1,12,0,UAV/0.JPG,map2019/merge_test_700-1800_cr0.95_stride100/Chuanmei_90_000096/UAV/0.JPG
map2019/merge_test_700-1800_cr0.95_stride100/Chuanmei_90_000097,merge_test_700-1800_cr0.95_stride100,Chuanmei_90_000097,1,12,0,UAV/0.JPG,map2019/merge_test_700-1800_cr0.95_stride100/Chuanmei_90_000097/UAV/0.JPG
map2019/merge_test_700-1800_cr0.95_stride100/Chuanmei_90_000098,merge_test_700-1800_cr0.95_stride100,Chuanmei_90_000098,1,12,0,UAV/0.JPG,map2019/merge_test_700-1800_cr0.95_stride100/Chuanmei_90_000098/UAV/0.JPG
map2019/merge_test_700-1800_cr0.95_stride100/Chuanmei_90_000099,merge_test_700-1800_cr0.95_stride100,Chuanmei_90_000099,1,12,0,UAV/0.JPG,map2019/merge_test_700-1800_cr0.95_stride100/Chuanmei_90_000099/UAV/0.JPG
map2019/merge_test_700-1800_cr0.95_stride100/Chuanmei_90_000100,merge_test_700-1800_cr0.95_stride100,Chuanmei_90_000100,1,12,0,UAV/0.JPG,map2019/merge_test_700-1800_cr0.95_stride100/Chuanmei_90_000100/UAV/0.JPG
map2019/merge_test_700-1800_cr0.95_stride100/Chuanmei_90_000101,merge_test_700-1800_cr0.95_stride100,Chuanmei_90_000101,1,12,0,UAV/0.JPG,map2019/merge_test_700-1800_cr0.95_stride100/Chuanmei_90_000101/UAV/0.JPG
map2019/merge_test_700-1800_cr0.95_stride100/Chuanmei_90_000102,merge_test_700-1800_cr0.95_stride100,Chuanmei_90_000102,1,12,0,UAV/0.JPG,map2019/merge_test_700-1800_cr0.95_stride100/Chuanmei_90_000102/UAV/0.JPG
map2019/merge_test_700-1800_cr0.95_stride100/Chuanmei_90_000103,merge_test_700-1800_cr0.95_stride100,Chuanmei_90_000103,1,12,0,UAV/0.JPG,map2019/merge_test_700-1800_cr0.95_stride100/Chuanmei_90_000103/UAV/0.JPG
map2019/merge_test_700-1800_cr0.95_stride100/Chuanmei_90_000104,merge_test_700-1800_cr0.95_stride100,Chuanmei_90_000104,1,12,0,UAV/0.JPG,map2019/merge_test_700-1800_cr0.95_stride100/Chuanmei_90_000104/UAV/0.JPG
map2019/merge_test_700-1800_cr0.95_stride100/Chuanmei_90_000105,merge_test_700-1800_cr0.95_stride100,Chuanmei_90_000105,1,12,0,UAV/0.JPG,map2019/merge_test_700-1800_cr0.95_stride100/Chuanmei_90_000105/UAV/0.JPG
map2019/merge_test_700-1800_cr0.95_stride100/Chuanmei_90_000106,merge_test_700-1800_cr0.95_stride100,Chuanmei_90_000106,1,12,0,UAV/0.JPG,map2019/merge_test_700-1800_cr0.95_stride100/Chuanmei_90_000106/UAV/0.JPG
map2019/merge_test_700-1800_cr0.95_stride100/Chuanmei_90_000107,merge_test_700-1800_cr0.95_stride100,Chuanmei_90_000107,1,12,0,UAV/0.JPG,map2019/merge_test_700-1800_cr0.95_stride100/Chuanmei_90_000107/UAV/0.JPG
map2019/merge_test_700-1800_cr0.95_stride100/Chuanmei_90_000108,merge_test_700-1800_cr0.95_stride100,Chuanmei_90_000108,1,12,0,UAV/0.JPG,map2019/merge_test_700-1800_cr0.95_stride100/Chuanmei_90_000108/UAV/0.JPG
map2019/merge_test_700-1800_cr0.95_stride100/Chuanmei_90_000109,merge_test_700-1800_cr0.95_stride100,Chuanmei_90_000109,1,12,0,UAV/0.JPG,map2019/merge_test_700-1800_cr0.95_stride100/Chuanmei_90_000109/UAV/0.JPG
map2019/merge_test_700-1800_cr0.95_stride100/Chuanmei_90_000110,merge_test_700-1800_cr0.95_stride100,Chuanmei_90_000110,1,12,0,UAV/0.JPG,map2019/merge_test_700-1800_cr0.95_stride100/Chuanmei_90_000110/UAV/0.JPG
map2019/merge_test_700-1800_cr0.95_stride100/Chuanmei_90_000111,merge_test_700-1800_cr0.95_stride100,Chuanmei_90_000111,1,12,0,UAV/0.JPG,map2019/merge_test_700-1800_cr0.95_stride100/Chuanmei_90_000111/UAV/0.JPG
map2019/merge_test_700-1800_cr0.95_stride100/Chuanmei_90_000112,merge_test_700-1800_cr0.95_stride100,Chuanmei_90_000112,1,12,0,UAV/0.JPG,map2019/merge_test_700-1800_cr0.95_stride100/Chuanmei_90_000112/UAV/0.JPG
map2019/merge_test_700-1800_cr0.95_stride100/Chuanmei_90_000113,merge_test_700-1800_cr0.95_stride100,Chuanmei_90_000113,1,12,0,UAV/0.JPG,map2019/merge_test_700-1800_cr0.95_stride100/Chuanmei_90_000113/UAV/0.JPG
map2019/merge_test_700-1800_cr0.95_stride100/Chuanmei_90_000114,merge_test_700-1800_cr0.95_stride100,Chuanmei_90_000114,1,12,0,UAV/0.JPG,map2019/merge_test_700-1800_cr0.95_stride100/Chuanmei_90_000114/UAV/0.JPG
map2019/merge_test_700-1800_cr0.95_stride100/Chuanmei_90_000115,merge_test_700-1800_cr0.95_stride100,Chuanmei_90_000115,1,12,0,UAV/0.JPG,map2019/merge_test_700-1800_cr0.95_stride100/Chuanmei_90_000115/UAV/0.JPG
map2019/merge_test_700-1800_cr0.95_stride100/Chuanmei_90_000116,merge_test_700-1800_cr0.95_stride100,Chuanmei_90_000116,1,12,0,UAV/0.JPG,map2019/merge_test_700-1800_cr0.95_stride100/Chuanmei_90_000116/UAV/0.JPG
map2019/merge_test_700-1800_cr0.95_stride100/Chuanmei_90_000117,merge_test_700-1800_cr0.95_stride100,Chuanmei_90_000117,1,12,0,UAV/0.JPG,map2019/merge_test_700-1800_cr0.95_stride100/Chuanmei_90_000117/UAV/0.JPG
map2019/merge_test_700-1800_cr0.95_stride100/Chuanmei_90_000118,merge_test_700-1800_cr0.95_stride100,Chuanmei_90_000118,1,12,0,UAV/0.JPG,map2019/merge_test_700-1800_cr0.95_stride100/Chuanmei_90_000118/UAV/0.JPG
map2019/merge_test_700-1800_cr0.95_stride100/Chuanmei_90_000119,merge_test_700-1800_cr0.95_stride100,Chuanmei_90_000119,1,12,0,UAV/0.JPG,map2019/merge_test_700-1800_cr0.95_stride100/Chuanmei_90_000119/UAV/0.JPG
map2019/merge_test_700-1800_cr0.95_stride100/Chuanmei_90_000120,merge_test_700-1800_cr0.95_stride100,Chuanmei_90_000120,1,12,0,UAV/0.JPG,map2019/merge_test_700-1800_cr0.95_stride100/Chuanmei_90_000120/UAV/0.JPG
map2019/merge_test_700-1800_cr0.95_stride100/Chuanmei_90_000121,merge_test_700-1800_cr0.95_stride100,Chuanmei_90_000121,1,12,0,UAV/0.JPG,map2019/merge_test_700-1800_cr0.95_stride100/Chuanmei_90_000121/UAV/0.JPG
map2019/merge_test_700-1800_cr0.95_stride100/Chuanmei_90_000122,merge_test_700-1800_cr0.95_stride100,Chuanmei_90_000122,1,12,0,UAV/0.JPG,map2019/merge_test_700-1800_cr0.95_stride100/Chuanmei_90_000122/UAV/0.JPG
map2019/merge_test_700-1800_cr0.95_stride100/Chuanmei_90_000123,merge_test_700-1800_cr0.95_stride100,Chuanmei_90_000123,1,12,0,UAV/0.JPG,map2019/merge_test_700-1800_cr0.95_stride100/Chuanmei_90_000123/UAV/0.JPG
map2019/merge_test_700-1800_cr0.95_stride100/Chuanmei_90_000124,merge_test_700-1800_cr0.95_stride100,Chuanmei_90_000124,1,12,0,UAV/0.JPG,map2019/merge_test_700-1800_cr0.95_stride100/Chuanmei_90_000124/UAV/0.JPG
map2019/merge_test_700-1800_cr0.95_stride100/Chuanmei_90_000125,merge_test_700-1800_cr0.95_stride100,Chuanmei_90_000125,1,12,0,UAV/0.JPG,map2019/merge_test_700-1800_cr0.95_stride100/Chuanmei_90_000125/UAV/0.JPG
map2019/merge_test_700-1800_cr0.95_stride100/Chuanmei_90_000126,merge_test_700-1800_cr0.95_stride100,Chuanmei_90_000126,1,12,0,UAV/0.JPG,map2019/merge_test_700-1800_cr0.95_stride100/Chuanmei_90_000126/UAV/0.JPG
map2019/merge_test_700-1800_cr0.95_stride100/Chuanmei_90_000127,merge_test_700-1800_cr0.95_stride100,Chuanmei_90_000127,1,12,0,UAV/0.JPG,map2019/merge_test_700-1800_cr0.95_stride100/Chuanmei_90_000127/UAV/0.JPG
map2019/merge_test_700-1800_cr0.95_stride100/Chuanmei_90_000128,merge_test_700-1800_cr0.95_stride100,Chuanmei_90_000128,1,12,0,UAV/0.JPG,map2019/merge_test_700-1800_cr0.95_stride100/Chuanmei_90_000128/UAV/0.JPG
map2019/merge_test_700-1800_cr0.95_stride100/Chuanmei_90_000129,merge_test_700-1800_cr0.95_stride100,Chuanmei_90_000129,1,12,0,UAV/0.JPG,map2019/merge_test_700-1800_cr0.95_stride100/Chuanmei_90_000129/UAV/0.JPG
map2019/merge_test_700-1800_cr0.95_stride100/Chuanmei_90_000130,merge_test_700-1800_cr0.95_stride100,Chuanmei_90_000130,1,12,0,UAV/0.JPG,map2019/merge_test_700-1800_cr0.95_stride100/Chuanmei_90_000130/UAV/0.JPG
map2019/merge_test_700-1800_cr0.95_stride100/Chuanmei_90_000131,merge_test_700-1800_cr0.95_stride100,Chuanmei_90_000131,1,12,0,UAV/0.JPG,map2019/merge_test_700-1800_cr0.95_stride100/Chuanmei_90_000131/UAV/0.JPG
map2019/merge_test_700-1800_cr0.95_stride100/Chuanmei_90_000132,merge_test_700-1800_cr0.95_stride100,Chuanmei_90_000132,1,12,0,UAV/0.JPG,map2019/merge_test_700-1800_cr0.95_stride100/Chuanmei_90_000132/UAV/0.JPG
map2019/merge_test_700-1800_cr0.95_stride100/Chuanmei_90_000133,merge_test_700-1800_cr0.95_stride100,Chuanmei_90_000133,1,12,0,UAV/0.JPG,map2019/merge_test_700-1800_cr0.95_stride100/Chuanmei_90_000133/UAV/0.JPG
map2019/merge_test_700-1800_cr0.95_stride100/Chuanmei_90_000134,merge_test_700-1800_cr0.95_stride100,Chuanmei_90_000134,1,12,0,UAV/0.JPG,map2019/merge_test_700-1800_cr0.95_stride100/Chuanmei_90_000134/UAV/0.JPG
map2019/merge_test_700-1800_cr0.95_stride100/Chuanmei_90_000135,merge_test_700-1800_cr0.95_stride100,Chuanmei_90_000135,1,12,0,UAV/0.JPG,map2019/merge_test_700-1800_cr0.95_stride100/Chuanmei_90_000135/UAV/0.JPG
map2019/merge_test_700-1800_cr0.95_stride100/Chuanmei_90_000136,merge_test_700-1800_cr0.95_stride100,Chuanmei_90_000136,1,12,0,UAV/0.JPG,map2019/merge_test_700-1800_cr0.95_stride100/Chuanmei_90_000136/UAV/0.JPG
map2019/merge_test_700-1800_cr0.95_stride100/Chuanmei_90_000137,merge_test_700-1800_cr0.95_stride100,Chuanmei_90_000137,1,12,0,UAV/0.JPG,map2019/merge_test_700-1800_cr0.95_stride100/Chuanmei_90_000137/UAV/0.JPG
map2019/merge_test_700-1800_cr0.95_stride100/Chuanmei_90_000138,merge_test_700-1800_cr0.95_stride100,Chuanmei_90_000138,1,12,0,UAV/0.JPG,map2019/merge_test_700-1800_cr0.95_stride100/Chuanmei_90_000138/UAV/0.JPG
map2019/merge_test_700-1800_cr0.95_stride100/Chuanmei_90_000139,merge_test_700-1800_cr0.95_stride100,Chuanmei_90_000139,1,12,0,UAV/0.JPG,map2019/merge_test_700-1800_cr0.95_stride100/Chuanmei_90_000139/UAV/0.JPG
map2019/merge_test_700-1800_cr0.95_stride100/Chuanmei_90_000140,merge_test_700-1800_cr0.95_stride100,Chuanmei_90_000140,1,12,0,UAV/0.JPG,map2019/merge_test_700-1800_cr0.95_stride100/Chuanmei_90_000140/UAV/0.JPG
map2019/merge_test_700-1800_cr0.95_stride100/Chuanmei_90_000141,merge_test_700-1800_cr0.95_stride100,Chuanmei_90_000141,1,12,0,UAV/0.JPG,map2019/merge_test_700-1800_cr0.95_stride100/Chuanmei_90_000141/UAV/0.JPG
map2019/merge_test_700-1800_cr0.95_stride100/Chuanmei_90_000142,merge_test_700-1800_cr0.95_stride100,Chuanmei_90_000142,1,12,0,UAV/0.JPG,map2019/merge_test_700-1800_cr0.95_stride100/Chuanmei_90_000142/UAV/0.JPG
map2019/merge_test_700-1800_cr0.95_stride100/Chuanmei_90_000143,merge_test_700-1800_cr0.95_stride100,Chuanmei_90_000143,1,12,0,UAV/0.JPG,map2019/merge_test_700-1800_cr0.95_stride100/Chuanmei_90_000143/UAV/0.JPG
map2019/merge_test_700-1800_cr0.95_stride100/Chuanmei_90_000144,merge_test_700-1800_cr0.95_stride100,Chuanmei_90_000144,1,12,0,UAV/0.JPG,map2019/merge_test_700-1800_cr0.95_stride100/Chuanmei_90_000144/UAV/0.JPG
map2019/merge_test_700-1800_cr0.95_stride100/Chuanmei_90_000145,merge_test_700-1800_cr0.95_stride100,Chuanmei_90_000145,1,12,0,UAV/0.JPG,map2019/merge_test_700-1800_cr0.95_stride100/Chuanmei_90_000145/UAV/0.JPG
map2019/merge_test_700-1800_cr0.95_stride100/Chuanmei_90_000146,merge_test_700-1800_cr0.95_stride100,Chuanmei_90_000146,1,12,0,UAV/0.JPG,map2019/merge_test_700-1800_cr0.95_stride100/Chuanmei_90_000146/UAV/0.JPG
map2019/merge_test_700-1800_cr0.95_stride100/Chuanmei_90_000147,merge_test_700-1800_cr0.95_stride100,Chuanmei_90_000147,1,12,0,UAV/0.JPG,map2019/merge_test_700-1800_cr0.95_stride100/Chuanmei_90_000147/UAV/0.JPG
map2019/merge_test_700-1800_cr0.95_stride100/Chuanmei_90_000148,merge_test_700-1800_cr0.95_stride100,Chuanmei_90_000148,1,12,0,UAV/0.JPG,map2019/merge_test_700-1800_cr0.95_stride100/Chuanmei_90_000148/UAV/0.JPG
map2019/merge_test_700-1800_cr0.95_stride100/Chuanmei_90_000149,merge_test_700-1800_cr0.95_stride100,Chuanmei_90_000149,1,12,0,UAV/0.JPG,map2019/merge_test_700-1800_cr0.95_stride100/Chuanmei_90_000149/UAV/0.JPG
map2019/merge_test_700-1800_cr0.95_stride100/Chuanmei_90_000150,merge_test_700-1800_cr0.95_stride100,Chuanmei_90_000150,1,12,0,UAV/0.JPG,map2019/merge_test_700-1800_cr0.95_stride100/Chuanmei_90_000150/UAV/0.JPG
map2019/merge_test_700-1800_cr0.95_stride100/Chuanmei_90_000151,merge_test_700-1800_cr0.95_stride100,Chuanmei_90_000151,1,12,0,UAV/0.JPG,map2019/merge_test_700-1800_cr0.95_stride100/Chuanmei_90_000151/UAV/0.JPG
map2019/merge_test_700-1800_cr0.95_stride100/Chuanmei_90_000152,merge_test_700-1800_cr0.95_stride100,Chuanmei_90_000152,1,12,0,UAV/0.JPG,map2019/merge_test_700-1800_cr0.95_stride100/Chuanmei_90_000152/UAV/0.JPG
map2019/merge_test_700-1800_cr0.95_stride100/Chuanmei_90_000153,merge_test_700-1800_cr0.95_stride100,Chuanmei_90_000153,1,12,0,UAV/0.JPG,map2019/merge_test_700-1800_cr0.95_stride100/Chuanmei_90_000153/UAV/0.JPG
map2019/merge_test_700-1800_cr0.95_stride100/Chuanmei_90_000154,merge_test_700-1800_cr0.95_stride100,Chuanmei_90_000154,1,12,0,UAV/0.JPG,map2019/merge_test_700-1800_cr0.95_stride100/Chuanmei_90_000154/UAV/0.JPG
map2019/merge_test_700-1800_cr0.95_stride100/Chuanmei_90_000155,merge_test_700-1800_cr0.95_stride100,Chuanmei_90_000155,1,12,0,UAV/0.JPG,map2019/merge_test_700-1800_cr0.95_stride100/Chuanmei_90_000155/UAV/0.JPG
map2019/merge_test_700-1800_cr0.95_stride100/Chuanmei_90_000156,merge_test_700-1800_cr0.95_stride100,Chuanmei_90_000156,1,12,0,UAV/0.JPG,map2019/merge_test_700-1800_cr0.95_stride100/Chuanmei_90_000156/UAV/0.JPG
map2019/merge_test_700-1800_cr0.95_stride100/Chuanmei_90_000157,merge_test_700-1800_cr0.95_stride100,Chuanmei_90_000157,1,12,0,UAV/0.JPG,map2019/merge_test_700-1800_cr0.95_stride100/Chuanmei_90_000157/UAV/0.JPG
map2019/merge_test_700-1800_cr0.95_stride100/Chuanmei_90_000158,merge_test_700-1800_cr0.95_stride100,Chuanmei_90_000158,1,12,0,UAV/0.JPG,map2019/merge_test_700-1800_cr0.95_stride100/Chuanmei_90_000158/UAV/0.JPG
map2019/merge_test_700-1800_cr0.95_stride100/Chuanmei_90_000159,merge_test_700-1800_cr0.95_stride100,Chuanmei_90_000159,1,12,0,UAV/0.JPG,map2019/merge_test_700-1800_cr0.95_stride100/Chuanmei_90_000159/UAV/0.JPG
map2019/merge_test_700-1800_cr0.95_stride100/Chuanmei_90_000160,merge_test_700-1800_cr0.95_stride100,Chuanmei_90_000160,1,12,0,UAV/0.JPG,map2019/merge_test_700-1800_cr0.95_stride100/Chuanmei_90_000160/UAV/0.JPG
map2019/merge_test_700-1800_cr0.95_stride100/Chuanmei_90_000161,merge_test_700-1800_cr0.95_stride100,Chuanmei_90_000161,1,12,0,UAV/0.JPG,map2019/merge_test_700-1800_cr0.95_stride100/Chuanmei_90_000161/UAV/0.JPG
map2019/merge_test_700-1800_cr0.95_stride100/Chuanmei_90_000162,merge_test_700-1800_cr0.95_stride100,Chuanmei_90_000162,1,12,0,UAV/0.JPG,map2019/merge_test_700-1800_cr0.95_stride100/Chuanmei_90_000162/UAV/0.JPG
map2019/merge_test_700-1800_cr0.95_stride100/Chuanmei_90_000163,merge_test_700-1800_cr0.95_stride100,Chuanmei_90_000163,1,12,0,UAV/0.JPG,map2019/merge_test_700-1800_cr0.95_stride100/Chuanmei_90_000163/UAV/0.JPG
map2019/merge_test_700-1800_cr0.95_stride100/Chuanmei_90_000164,merge_test_700-1800_cr0.95_stride100,Chuanmei_90_000164,1,12,0,UAV/0.JPG,map2019/merge_test_700-1800_cr0.95_stride100/Chuanmei_90_000164/UAV/0.JPG
map2019/merge_test_700-1800_cr0.95_stride100/Chuanmei_90_000165,merge_test_700-1800_cr0.95_stride100,Chuanmei_90_000165,1,12,0,UAV/0.JPG,map2019/merge_test_700-1800_cr0.95_stride100/Chuanmei_90_000165/UAV/0.JPG
map2019/merge_test_700-1800_cr0.95_stride100/Chuanmei_90_000166,merge_test_700-1800_cr0.95_stride100,Chuanmei_90_000166,1,12,0,UAV/0.JPG,map2019/merge_test_700-1800_cr0.95_stride100/Chuanmei_90_000166/UAV/0.JPG
map2019/merge_test_700-1800_cr0.95_stride100/Chuanmei_90_000167,merge_test_700-1800_cr0.95_stride100,Chuanmei_90_000167,1,12,0,UAV/0.JPG,map2019/merge_test_700-1800_cr0.95_stride100/Chuanmei_90_000167/UAV/0.JPG
map2019/merge_test_700-1800_cr0.95_stride100/Chuanmei_90_000168,merge_test_700-1800_cr0.95_stride100,Chuanmei_90_000168,1,12,0,UAV/0.JPG,map2019/merge_test_700-1800_cr0.95_stride100/Chuanmei_90_000168/UAV/0.JPG
map2019/merge_test_700-1800_cr0.95_stride100/Chuanmei_90_000169,merge_test_700-1800_cr0.95_stride100,Chuanmei_90_000169,1,12,0,UAV/0.JPG,map2019/merge_test_700-1800_cr0.95_stride100/Chuanmei_90_000169/UAV/0.JPG
map2019/merge_test_700-1800_cr0.95_stride100/Chuanmei_90_000170,merge_test_700-1800_cr0.95_stride100,Chuanmei_90_000170,1,12,0,UAV/0.JPG,map2019/merge_test_700-1800_cr0.95_stride100/Chuanmei_90_000170/UAV/0.JPG
map2019/merge_test_700-1800_cr0.95_stride100/Chuanmei_90_000171,merge_test_700-1800_cr0.95_stride100,Chuanmei_90_000171,1,12,0,UAV/0.JPG,map2019/merge_test_700-1800_cr0.95_stride100/Chuanmei_90_000171/UAV/0.JPG
map2019/merge_test_700-1800_cr0.95_stride100/Chuanmei_90_000172,merge_test_700-1800_cr0.95_stride100,Chuanmei_90_000172,1,12,0,UAV/0.JPG,map2019/merge_test_700-1800_cr0.95_stride100/Chuanmei_90_000172/UAV/0.JPG
map2019/merge_test_700-1800_cr0.95_stride100/Chuanmei_90_000173,merge_test_700-1800_cr0.95_stride100,Chuanmei_90_000173,1,12,0,UAV/0.JPG,map2019/merge_test_700-1800_cr0.95_stride100/Chuanmei_90_000173/UAV/0.JPG
map2019/merge_test_700-1800_cr0.95_stride100/Chuanmei_90_000174,merge_test_700-1800_cr0.95_stride100,Chuanmei_90_000174,1,12,0,UAV/0.JPG,map2019/merge_test_700-1800_cr0.95_stride100/Chuanmei_90_000174/UAV/0.JPG
map2019/merge_test_700-1800_cr0.95_stride100/Chuanmei_90_000175,merge_test_700-1800_cr0.95_stride100,Chuanmei_90_000175,1,12,0,UAV/0.JPG,map2019/merge_test_700-1800_cr0.95_stride100/Chuanmei_90_000175/UAV/0.JPG
map2019/merge_test_700-1800_cr0.95_stride100/Chuanmei_90_000176,merge_test_700-1800_cr0.95_stride100,Chuanmei_90_000176,1,12,0,UAV/0.JPG,map2019/merge_test_700-1800_cr0.95_stride100/Chuanmei_90_000176/UAV/0.JPG
map2019/merge_test_700-1800_cr0.95_stride100/Chuanmei_90_000177,merge_test_700-1800_cr0.95_stride100,Chuanmei_90_000177,1,12,0,UAV/0.JPG,map2019/merge_test_700-1800_cr0.95_stride100/Chuanmei_90_000177/UAV/0.JPG
map2019/merge_test_700-1800_cr0.95_stride100/Chuanmei_90_000178,merge_test_700-1800_cr0.95_stride100,Chuanmei_90_000178,1,12,0,UAV/0.JPG,map2019/merge_test_700-1800_cr0.95_stride100/Chuanmei_90_000178/UAV/0.JPG
map2019/merge_test_700-1800_cr0.95_stride100/Chuanmei_90_000179,merge_test_700-1800_cr0.95_stride100,Chuanmei_90_000179,1,12,0,UAV/0.JPG,map2019/merge_test_700-1800_cr0.95_stride100/Chuanmei_90_000179/UAV/0.JPG
map2019/merge_test_700-1800_cr0.95_stride100/Chuanmei_90_000180,merge_test_700-1800_cr0.95_stride100,Chuanmei_90_000180,1,12,0,UAV/0.JPG,map2019/merge_test_700-1800_cr0.95_stride100/Chuanmei_90_000180/UAV/0.JPG
map2019/merge_test_700-1800_cr0.95_stride100/Chuanmei_90_000181,merge_test_700-1800_cr0.95_stride100,Chuanmei_90_000181,1,12,0,UAV/0.JPG,map2019/merge_test_700-1800_cr0.95_stride100/Chuanmei_90_000181/UAV/0.JPG
map2019/merge_test_700-1800_cr0.95_stride100/Chuanmei_90_000182,merge_test_700-1800_cr0.95_stride100,Chuanmei_90_000182,1,12,0,UAV/0.JPG,map2019/merge_test_700-1800_cr0.95_stride100/Chuanmei_90_000182/UAV/0.JPG
map2019/merge_test_700-1800_cr0.95_stride100/Chuanmei_90_000183,merge_test_700-1800_cr0.95_stride100,Chuanmei_90_000183,1,12,0,UAV/0.JPG,map2019/merge_test_700-1800_cr0.95_stride100/Chuanmei_90_000183/UAV/0.JPG
map2019/merge_test_700-1800_cr0.95_stride100/Chuanmei_90_000184,merge_test_700-1800_cr0.95_stride100,Chuanmei_90_000184,1,12,0,UAV/0.JPG,map2019/merge_test_700-1800_cr0.95_stride100/Chuanmei_90_000184/UAV/0.JPG
map2019/merge_test_700-1800_cr0.95_stride100/Chuanmei_90_000185,merge_test_700-1800_cr0.95_stride100,Chuanmei_90_000185,1,12,0,UAV/0.JPG,map2019/merge_test_700-1800_cr0.95_stride100/Chuanmei_90_000185/UAV/0.JPG
map2019/merge_test_700-1800_cr0.95_stride100/Chuanmei_90_000186,merge_test_700-1800_cr0.95_stride100,Chuanmei_90_000186,1,12,0,UAV/0.JPG,map2019/merge_test_700-1800_cr0.95_stride100/Chuanmei_90_000186/UAV/0.JPG
map2019/merge_test_700-1800_cr0.95_stride100/Chuanmei_90_000187,merge_test_700-1800_cr0.95_stride100,Chuanmei_90_000187,1,12,0,UAV/0.JPG,map2019/merge_test_700-1800_cr0.95_stride100/Chuanmei_90_000187/UAV/0.JPG
map2019/merge_test_700-1800_cr0.95_stride100/Chuanmei_90_000188,merge_test_700-1800_cr0.95_stride100,Chuanmei_90_000188,1,12,0,UAV/0.JPG,map2019/merge_test_700-1800_cr0.95_stride100/Chuanmei_90_000188/UAV/0.JPG
map2019/merge_test_700-1800_cr0.95_stride100/Chuanmei_90_000189,merge_test_700-1800_cr0.95_stride100,Chuanmei_90_000189,1,12,0,UAV/0.JPG,map2019/merge_test_700-1800_cr0.95_stride100/Chuanmei_90_000189/UAV/0.JPG
map2019/merge_test_700-1800_cr0.95_stride100/Chuanmei_90_000190,merge_test_700-1800_cr0.95_stride100,Chuanmei_90_000190,1,12,0,UAV/0.JPG,map2019/merge_test_700-1800_cr0.95_stride100/Chuanmei_90_000190/UAV/0.JPG
map2019/merge_test_700-1800_cr0.95_stride100/Chuanmei_90_000191,merge_test_700-1800_cr0.95_stride100,Chuanmei_90_000191,1,12,0,UAV/0.JPG,map2019/merge_test_700-1800_cr0.95_stride100/Chuanmei_90_000191/UAV/0.JPG
map2019/merge_test_700-1800_cr0.95_stride100/Chuanmei_90_000192,merge_test_700-1800_cr0.95_stride100,Chuanmei_90_000192,1,12,0,UAV/0.JPG,map2019/merge_test_700-1800_cr0.95_stride100/Chuanmei_90_000192/UAV/0.JPG
map2019/merge_test_700-1800_cr0.95_stride100/Chuanmei_90_000193,merge_test_700-1800_cr0.95_stride100,Chuanmei_90_000193,1,12,0,UAV/0.JPG,map2019/merge_test_700-1800_cr0.95_stride100/Chuanmei_90_000193/UAV/0.JPG
map2019/merge_test_700-1800_cr0.95_stride100/Chuanmei_90_000194,merge_test_700-1800_cr0.95_stride100,Chuanmei_90_000194,1,12,0,UAV/0.JPG,map2019/merge_test_700-1800_cr0.95_stride100/Chuanmei_90_000194/UAV/0.JPG
map2019/merge_test_700-1800_cr0.95_stride100/Chuanmei_90_000195,merge_test_700-1800_cr0.95_stride100,Chuanmei_90_000195,1,12,0,UAV/0.JPG,map2019/merge_test_700-1800_cr0.95_stride100/Chuanmei_90_000195/UAV/0.JPG
map2019/merge_test_700-1800_cr0.95_stride100/Chuanmei_90_000196,merge_test_700-1800_cr0.95_stride100,Chuanmei_90_000196,1,12,0,UAV/0.JPG,map2019/merge_test_700-1800_cr0.95_stride100/Chuanmei_90_000196/UAV/0.JPG
map2019/merge_test_700-1800_cr0.95_stride100/Chuanmei_90_000197,merge_test_700-1800_cr0.95_stride100,Chuanmei_90_000197,1,12,0,UAV/0.JPG,map2019/merge_test_700-1800_cr0.95_stride100/Chuanmei_90_000197/UAV/0.JPG
map2019/merge_test_700-1800_cr0.95_stride100/Chuanmei_90_000198,merge_test_700-1800_cr0.95_stride100,Chuanmei_90_000198,1,12,0,UAV/0.JPG,map2019/merge_test_700-1800_cr0.95_stride100/Chuanmei_90_000198/UAV/0.JPG
map2019/merge_test_700-1800_cr0.95_stride100/Chuanmei_90_000199,merge_test_700-1800_cr0.95_stride100,Chuanmei_90_000199,1,12,0,UAV/0.JPG,map2019/merge_test_700-1800_cr0.95_stride100/Chuanmei_90_000199/UAV/0.JPG
map2019/merge_test_700-1800_cr0.95_stride100/Hangdian_100_000000,merge_test_700-1800_cr0.95_stride100,Hangdian_100_000000,1,12,0,UAV/0.JPG,map2019/merge_test_700-1800_cr0.95_stride100/Hangdian_100_000000/UAV/0.JPG
map2019/merge_test_700-1800_cr0.95_stride100/Hangdian_100_000001,merge_test_700-1800_cr0.95_stride100,Hangdian_100_000001,1,12,0,UAV/0.JPG,map2019/merge_test_700-1800_cr0.95_stride100/Hangdian_100_000001/UAV/0.JPG
map2019/merge_test_700-1800_cr0.95_stride100/Hangdian_100_000002,merge_test_700-1800_cr0.95_stride100,Hangdian_100_000002,1,12,0,UAV/0.JPG,map2019/merge_test_700-1800_cr0.95_stride100/Hangdian_100_000002/UAV/0.JPG
map2019/merge_test_700-1800_cr0.95_stride100/Hangdian_100_000003,merge_test_700-1800_cr0.95_stride100,Hangdian_100_000003,1,12,0,UAV/0.JPG,map2019/merge_test_700-1800_cr0.95_stride100/Hangdian_100_000003/UAV/0.JPG
map2019/merge_test_700-1800_cr0.95_stride100/Hangdian_100_000004,merge_test_700-1800_cr0.95_stride100,Hangdian_100_000004,1,12,0,UAV/0.JPG,map2019/merge_test_700-1800_cr0.95_stride100/Hangdian_100_000004/UAV/0.JPG
map2019/merge_test_700-1800_cr0.95_stride100/Hangdian_100_000005,merge_test_700-1800_cr0.95_stride100,Hangdian_100_000005,1,12,0,UAV/0.JPG,map2019/merge_test_700-1800_cr0.95_stride100/Hangdian_100_000005/UAV/0.JPG
map2019/merge_test_700-1800_cr0.95_stride100/Hangdian_100_000006,merge_test_700-1800_cr0.95_stride100,Hangdian_100_000006,1,12,0,UAV/0.JPG,map2019/merge_test_700-1800_cr0.95_stride100/Hangdian_100_000006/UAV/0.JPG
map2019/merge_test_700-1800_cr0.95_stride100/Hangdian_100_000007,merge_test_700-1800_cr0.95_stride100,Hangdian_100_000007,1,12,0,UAV/0.JPG,map2019/merge_test_700-1800_cr0.95_stride100/Hangdian_100_000007/UAV/0.JPG
map2019/merge_test_700-1800_cr0.95_stride100/Hangdian_100_000008,merge_test_700-1800_cr0.95_stride100,Hangdian_100_000008,1,12,0,UAV/0.JPG,map2019/merge_test_700-1800_cr0.95_stride100/Hangdian_100_000008/UAV/0.JPG
map2019/merge_test_700-1800_cr0.95_stride100/Hangdian_100_000009,merge_test_700-1800_cr0.95_stride100,Hangdian_100_000009,1,12,0,UAV/0.JPG,map2019/merge_test_700-1800_cr0.95_stride100/Hangdian_100_000009/UAV/0.JPG
map2019/merge_test_700-1800_cr0.95_stride100/Hangdian_100_000010,merge_test_700-1800_cr0.95_stride100,Hangdian_100_000010,1,12,0,UAV/0.JPG,map2019/merge_test_700-1800_cr0.95_stride100/Hangdian_100_000010/UAV/0.JPG
map2019/merge_test_700-1800_cr0.95_stride100/Hangdian_100_000011,merge_test_700-1800_cr0.95_stride100,Hangdian_100_000011,1,12,0,UAV/0.JPG,map2019/merge_test_700-1800_cr0.95_stride100/Hangdian_100_000011/UAV/0.JPG
map2019/merge_test_700-1800_cr0.95_stride100/Hangdian_100_000012,merge_test_700-1800_cr0.95_stride100,Hangdian_100_000012,1,12,0,UAV/0.JPG,map2019/merge_test_700-1800_cr0.95_stride100/Hangdian_100_000012/UAV/0.JPG
map2019/merge_test_700-1800_cr0.95_stride100/Hangdian_100_000013,merge_test_700-1800_cr0.95_stride100,Hangdian_100_000013,1,12,0,UAV/0.JPG,map2019/merge_test_700-1800_cr0.95_stride100/Hangdian_100_000013/UAV/0.JPG
map2019/merge_test_700-1800_cr0.95_stride100/Hangdian_100_000014,merge_test_700-1800_cr0.95_stride100,Hangdian_100_000014,1,12,0,UAV/0.JPG,map2019/merge_test_700-1800_cr0.95_stride100/Hangdian_100_000014/UAV/0.JPG
map2019/merge_test_700-1800_cr0.95_stride100/Hangdian_100_000015,merge_test_700-1800_cr0.95_stride100,Hangdian_100_000015,1,12,0,UAV/0.JPG,map2019/merge_test_700-1800_cr0.95_stride100/Hangdian_100_000015/UAV/0.JPG
map2019/merge_test_700-1800_cr0.95_stride100/Hangdian_100_000016,merge_test_700-1800_cr0.95_stride100,Hangdian_100_000016,1,12,0,UAV/0.JPG,map2019/merge_test_700-1800_cr0.95_stride100/Hangdian_100_000016/UAV/0.JPG
map2019/merge_test_700-1800_cr0.95_stride100/Hangdian_100_000017,merge_test_700-1800_cr0.95_stride100,Hangdian_100_000017,1,12,0,UAV/0.JPG,map2019/merge_test_700-1800_cr0.95_stride100/Hangdian_100_000017/UAV/0.JPG
map2019/merge_test_700-1800_cr0.95_stride100/Hangdian_100_000018,merge_test_700-1800_cr0.95_stride100,Hangdian_100_000018,1,12,0,UAV/0.JPG,map2019/merge_test_700-1800_cr0.95_stride100/Hangdian_100_000018/UAV/0.JPG
map2019/merge_test_700-1800_cr0.95_stride100/Hangdian_100_000019,merge_test_700-1800_cr0.95_stride100,Hangdian_100_000019,1,12,0,UAV/0.JPG,map2019/merge_test_700-1800_cr0.95_stride100/Hangdian_100_000019/UAV/0.JPG
map2019/merge_test_700-1800_cr0.95_stride100/Hangdian_100_000020,merge_test_700-1800_cr0.95_stride100,Hangdian_100_000020,1,12,0,UAV/0.JPG,map2019/merge_test_700-1800_cr0.95_stride100/Hangdian_100_000020/UAV/0.JPG
map2019/merge_test_700-1800_cr0.95_stride100/Hangdian_100_000021,merge_test_700-1800_cr0.95_stride100,Hangdian_100_000021,1,12,0,UAV/0.JPG,map2019/merge_test_700-1800_cr0.95_stride100/Hangdian_100_000021/UAV/0.JPG
map2019/merge_test_700-1800_cr0.95_stride100/Hangdian_100_000022,merge_test_700-1800_cr0.95_stride100,Hangdian_100_000022,1,12,0,UAV/0.JPG,map2019/merge_test_700-1800_cr0.95_stride100/Hangdian_100_000022/UAV/0.JPG
map2019/merge_test_700-1800_cr0.95_stride100/Hangdian_100_000023,merge_test_700-1800_cr0.95_stride100,Hangdian_100_000023,1,12,0,UAV/0.JPG,map2019/merge_test_700-1800_cr0.95_stride100/Hangdian_100_000023/UAV/0.JPG
map2019/merge_test_700-1800_cr0.95_stride100/Hangdian_100_000024,merge_test_700-1800_cr0.95_stride100,Hangdian_100_000024,1,12,0,UAV/0.JPG,map2019/merge_test_700-1800_cr0.95_stride100/Hangdian_100_000024/UAV/0.JPG
map2019/merge_test_700-1800_cr0.95_stride100/Hangdian_100_000025,merge_test_700-1800_cr0.95_stride100,Hangdian_100_000025,1,12,0,UAV/0.JPG,map2019/merge_test_700-1800_cr0.95_stride100/Hangdian_100_000025/UAV/0.JPG
map2019/merge_test_700-1800_cr0.95_stride100/Hangdian_100_000026,merge_test_700-1800_cr0.95_stride100,Hangdian_100_000026,1,12,0,UAV/0.JPG,map2019/merge_test_700-1800_cr0.95_stride100/Hangdian_100_000026/UAV/0.JPG
map2019/merge_test_700-1800_cr0.95_stride100/Hangdian_100_000027,merge_test_700-1800_cr0.95_stride100,Hangdian_100_000027,1,12,0,UAV/0.JPG,map2019/merge_test_700-1800_cr0.95_stride100/Hangdian_100_000027/UAV/0.JPG
map2019/merge_test_700-1800_cr0.95_stride100/Hangdian_100_000028,merge_test_700-1800_cr0.95_stride100,Hangdian_100_000028,1,12,0,UAV/0.JPG,map2019/merge_test_700-1800_cr0.95_stride100/Hangdian_100_000028/UAV/0.JPG
map2019/merge_test_700-1800_cr0.95_stride100/Hangdian_100_000029,merge_test_700-1800_cr0.95_stride100,Hangdian_100_000029,1,12,0,UAV/0.JPG,map2019/merge_test_700-1800_cr0.95_stride100/Hangdian_100_000029/UAV/0.JPG
map2019/merge_test_700-1800_cr0.95_stride100/Hangdian_100_000030,merge_test_700-1800_cr0.95_stride100,Hangdian_100_000030,1,12,0,UAV/0.JPG,map2019/merge_test_700-1800_cr0.95_stride100/Hangdian_100_000030/UAV/0.JPG
map2019/merge_test_700-1800_cr0.95_stride100/Hangdian_100_000031,merge_test_700-1800_cr0.95_stride100,Hangdian_100_000031,1,12,0,UAV/0.JPG,map2019/merge_test_700-1800_cr0.95_stride100/Hangdian_100_000031/UAV/0.JPG
map2019/merge_test_700-1800_cr0.95_stride100/Hangdian_100_000032,merge_test_700-1800_cr0.95_stride100,Hangdian_100_000032,1,12,0,UAV/0.JPG,map2019/merge_test_700-1800_cr0.95_stride100/Hangdian_100_000032/UAV/0.JPG
map2019/merge_test_700-1800_cr0.95_stride100/Hangdian_100_000033,merge_test_700-1800_cr0.95_stride100,Hangdian_100_000033,1,12,0,UAV/0.JPG,map2019/merge_test_700-1800_cr0.95_stride100/Hangdian_100_000033/UAV/0.JPG
map2019/merge_test_700-1800_cr0.95_stride100/Hangdian_100_000034,merge_test_700-1800_cr0.95_stride100,Hangdian_100_000034,1,12,0,UAV/0.JPG,map2019/merge_test_700-1800_cr0.95_stride100/Hangdian_100_000034/UAV/0.JPG
map2019/merge_test_700-1800_cr0.95_stride100/Hangdian_100_000035,merge_test_700-1800_cr0.95_stride100,Hangdian_100_000035,1,12,0,UAV/0.JPG,map2019/merge_test_700-1800_cr0.95_stride100/Hangdian_100_000035/UAV/0.JPG
map2019/merge_test_700-1800_cr0.95_stride100/Hangdian_100_000036,merge_test_700-1800_cr0.95_stride100,Hangdian_100_000036,1,12,0,UAV/0.JPG,map2019/merge_test_700-1800_cr0.95_stride100/Hangdian_100_000036/UAV/0.JPG
map2019/merge_test_700-1800_cr0.95_stride100/Hangdian_100_000037,merge_test_700-1800_cr0.95_stride100,Hangdian_100_000037,1,12,0,UAV/0.JPG,map2019/merge_test_700-1800_cr0.95_stride100/Hangdian_100_000037/UAV/0.JPG
map2019/merge_test_700-1800_cr0.95_stride100/Hangdian_100_000038,merge_test_700-1800_cr0.95_stride100,Hangdian_100_000038,1,12,0,UAV/0.JPG,map2019/merge_test_700-1800_cr0.95_stride100/Hangdian_100_000038/UAV/0.JPG
map2019/merge_test_700-1800_cr0.95_stride100/Hangdian_100_000039,merge_test_700-1800_cr0.95_stride100,Hangdian_100_000039,1,12,0,UAV/0.JPG,map2019/merge_test_700-1800_cr0.95_stride100/Hangdian_100_000039/UAV/0.JPG
map2019/merge_test_700-1800_cr0.95_stride100/Hangdian_100_000040,merge_test_700-1800_cr0.95_stride100,Hangdian_100_000040,1,12,0,UAV/0.JPG,map2019/merge_test_700-1800_cr0.95_stride100/Hangdian_100_000040/UAV/0.JPG
map2019/merge_test_700-1800_cr0.95_stride100/Hangdian_100_000041,merge_test_700-1800_cr0.95_stride100,Hangdian_100_000041,1,12,0,UAV/0.JPG,map2019/merge_test_700-1800_cr0.95_stride100/Hangdian_100_000041/UAV/0.JPG
map2019/merge_test_700-1800_cr0.95_stride100/Hangdian_100_000042,merge_test_700-1800_cr0.95_stride100,Hangdian_100_000042,1,12,0,UAV/0.JPG,map2019/merge_test_700-1800_cr0.95_stride100/Hangdian_100_000042/UAV/0.JPG
map2019/merge_test_700-1800_cr0.95_stride100/Hangdian_100_000043,merge_test_700-1800_cr0.95_stride100,Hangdian_100_000043,1,12,0,UAV/0.JPG,map2019/merge_test_700-1800_cr0.95_stride100/Hangdian_100_000043/UAV/0.JPG
map2019/merge_test_700-1800_cr0.95_stride100/Hangdian_100_000044,merge_test_700-1800_cr0.95_stride100,Hangdian_100_000044,1,12,0,UAV/0.JPG,map2019/merge_test_700-1800_cr0.95_stride100/Hangdian_100_000044/UAV/0.JPG
map2019/merge_test_700-1800_cr0.95_stride100/Hangdian_100_000045,merge_test_700-1800_cr0.95_stride100,Hangdian_100_000045,1,12,0,UAV/0.JPG,map2019/merge_test_700-1800_cr0.95_stride100/Hangdian_100_000045/UAV/0.JPG
map2019/merge_test_700-1800_cr0.95_stride100/Hangdian_100_000046,merge_test_700-1800_cr0.95_stride100,Hangdian_100_000046,1,12,0,UAV/0.JPG,map2019/merge_test_700-1800_cr0.95_stride100/Hangdian_100_000046/UAV/0.JPG
map2019/merge_test_700-1800_cr0.95_stride100/Hangdian_100_000047,merge_test_700-1800_cr0.95_stride100,Hangdian_100_000047,1,12,0,UAV/0.JPG,map2019/merge_test_700-1800_cr0.95_stride100/Hangdian_100_000047/UAV/0.JPG
map2019/merge_test_700-1800_cr0.95_stride100/Hangdian_100_000048,merge_test_700-1800_cr0.95_stride100,Hangdian_100_000048,1,12,0,UAV/0.JPG,map2019/merge_test_700-1800_cr0.95_stride100/Hangdian_100_000048/UAV/0.JPG
map2019/merge_test_700-1800_cr0.95_stride100/Hangdian_100_000049,merge_test_700-1800_cr0.95_stride100,Hangdian_100_000049,1,12,0,UAV/0.JPG,map2019/merge_test_700-1800_cr0.95_stride100/Hangdian_100_000049/UAV/0.JPG
map2019/merge_test_700-1800_cr0.95_stride100/Hangdian_100_000050,merge_test_700-1800_cr0.95_stride100,Hangdian_100_000050,1,12,0,UAV/0.JPG,map2019/merge_test_700-1800_cr0.95_stride100/Hangdian_100_000050/UAV/0.JPG
map2019/merge_test_700-1800_cr0.95_stride100/Hangdian_100_000051,merge_test_700-1800_cr0.95_stride100,Hangdian_100_000051,1,12,0,UAV/0.JPG,map2019/merge_test_700-1800_cr0.95_stride100/Hangdian_100_000051/UAV/0.JPG
map2019/merge_test_700-1800_cr0.95_stride100/Hangdian_100_000052,merge_test_700-1800_cr0.95_stride100,Hangdian_100_000052,1,12,0,UAV/0.JPG,map2019/merge_test_700-1800_cr0.95_stride100/Hangdian_100_000052/UAV/0.JPG
map2019/merge_test_700-1800_cr0.95_stride100/Hangdian_100_000053,merge_test_700-1800_cr0.95_stride100,Hangdian_100_000053,1,12,0,UAV/0.JPG,map2019/merge_test_700-1800_cr0.95_stride100/Hangdian_100_000053/UAV/0.JPG
map2019/merge_test_700-1800_cr0.95_stride100/Hangdian_100_000054,merge_test_700-1800_cr0.95_stride100,Hangdian_100_000054,1,12,0,UAV/0.JPG,map2019/merge_test_700-1800_cr0.95_stride100/Hangdian_100_000054/UAV/0.JPG
map2019/merge_test_700-1800_cr0.95_stride100/Hangdian_100_000055,merge_test_700-1800_cr0.95_stride100,Hangdian_100_000055,1,12,0,UAV/0.JPG,map2019/merge_test_700-1800_cr0.95_stride100/Hangdian_100_000055/UAV/0.JPG
map2019/merge_test_700-1800_cr0.95_stride100/Hangdian_100_000056,merge_test_700-1800_cr0.95_stride100,Hangdian_100_000056,1,12,0,UAV/0.JPG,map2019/merge_test_700-1800_cr0.95_stride100/Hangdian_100_000056/UAV/0.JPG
map2019/merge_test_700-1800_cr0.95_stride100/Hangdian_100_000057,merge_test_700-1800_cr0.95_stride100,Hangdian_100_000057,1,12,0,UAV/0.JPG,map2019/merge_test_700-1800_cr0.95_stride100/Hangdian_100_000057/UAV/0.JPG
map2019/merge_test_700-1800_cr0.95_stride100/Hangdian_100_000058,merge_test_700-1800_cr0.95_stride100,Hangdian_100_000058,1,12,0,UAV/0.JPG,map2019/merge_test_700-1800_cr0.95_stride100/Hangdian_100_000058/UAV/0.JPG
map2019/merge_test_700-1800_cr0.95_stride100/Hangdian_100_000059,merge_test_700-1800_cr0.95_stride100,Hangdian_100_000059,1,12,0,UAV/0.JPG,map2019/merge_test_700-1800_cr0.95_stride100/Hangdian_100_000059/UAV/0.JPG
map2019/merge_test_700-1800_cr0.95_stride100/Hangdian_100_000060,merge_test_700-1800_cr0.95_stride100,Hangdian_100_000060,1,12,0,UAV/0.JPG,map2019/merge_test_700-1800_cr0.95_stride100/Hangdian_100_000060/UAV/0.JPG
map2019/merge_test_700-1800_cr0.95_stride100/Hangdian_100_000061,merge_test_700-1800_cr0.95_stride100,Hangdian_100_000061,1,12,0,UAV/0.JPG,map2019/merge_test_700-1800_cr0.95_stride100/Hangdian_100_000061/UAV/0.JPG
map2019/merge_test_700-1800_cr0.95_stride100/Hangdian_100_000062,merge_test_700-1800_cr0.95_stride100,Hangdian_100_000062,1,12,0,UAV/0.JPG,map2019/merge_test_700-1800_cr0.95_stride100/Hangdian_100_000062/UAV/0.JPG
map2019/merge_test_700-1800_cr0.95_stride100/Hangdian_100_000063,merge_test_700-1800_cr0.95_stride100,Hangdian_100_000063,1,12,0,UAV/0.JPG,map2019/merge_test_700-1800_cr0.95_stride100/Hangdian_100_000063/UAV/0.JPG
map2019/merge_test_700-1800_cr0.95_stride100/Hangdian_100_000064,merge_test_700-1800_cr0.95_stride100,Hangdian_100_000064,1,12,0,UAV/0.JPG,map2019/merge_test_700-1800_cr0.95_stride100/Hangdian_100_000064/UAV/0.JPG
map2019/merge_test_700-1800_cr0.95_stride100/Hangdian_100_000065,merge_test_700-1800_cr0.95_stride100,Hangdian_100_000065,1,12,0,UAV/0.JPG,map2019/merge_test_700-1800_cr0.95_stride100/Hangdian_100_000065/UAV/0.JPG
map2019/merge_test_700-1800_cr0.95_stride100/Hangdian_100_000066,merge_test_700-1800_cr0.95_stride100,Hangdian_100_000066,1,12,0,UAV/0.JPG,map2019/merge_test_700-1800_cr0.95_stride100/Hangdian_100_000066/UAV/0.JPG
map2019/merge_test_700-1800_cr0.95_stride100/Hangdian_100_000067,merge_test_700-1800_cr0.95_stride100,Hangdian_100_000067,1,12,0,UAV/0.JPG,map2019/merge_test_700-1800_cr0.95_stride100/Hangdian_100_000067/UAV/0.JPG
map2019/merge_test_700-1800_cr0.95_stride100/Hangdian_100_000068,merge_test_700-1800_cr0.95_stride100,Hangdian_100_000068,1,12,0,UAV/0.JPG,map2019/merge_test_700-1800_cr0.95_stride100/Hangdian_100_000068/UAV/0.JPG
map2019/merge_test_700-1800_cr0.95_stride100/Hangdian_100_000069,merge_test_700-1800_cr0.95_stride100,Hangdian_100_000069,1,12,0,UAV/0.JPG,map2019/merge_test_700-1800_cr0.95_stride100/Hangdian_100_000069/UAV/0.JPG
map2019/merge_test_700-1800_cr0.95_stride100/Hangdian_100_000070,merge_test_700-1800_cr0.95_stride100,Hangdian_100_000070,1,12,0,UAV/0.JPG,map2019/merge_test_700-1800_cr0.95_stride100/Hangdian_100_000070/UAV/0.JPG
map2019/merge_test_700-1800_cr0.95_stride100/Hangdian_100_000071,merge_test_700-1800_cr0.95_stride100,Hangdian_100_000071,1,12,0,UAV/0.JPG,map2019/merge_test_700-1800_cr0.95_stride100/Hangdian_100_000071/UAV/0.JPG
map2019/merge_test_700-1800_cr0.95_stride100/Hangdian_100_000072,merge_test_700-1800_cr0.95_stride100,Hangdian_100_000072,1,12,0,UAV/0.JPG,map2019/merge_test_700-1800_cr0.95_stride100/Hangdian_100_000072/UAV/0.JPG
map2019/merge_test_700-1800_cr0.95_stride100/Hangdian_100_000073,merge_test_700-1800_cr0.95_stride100,Hangdian_100_000073,1,12,0,UAV/0.JPG,map2019/merge_test_700-1800_cr0.95_stride100/Hangdian_100_000073/UAV/0.JPG
map2019/merge_test_700-1800_cr0.95_stride100/Hangdian_100_000074,merge_test_700-1800_cr0.95_stride100,Hangdian_100_000074,1,12,0,UAV/0.JPG,map2019/merge_test_700-1800_cr0.95_stride100/Hangdian_100_000074/UAV/0.JPG
map2019/merge_test_700-1800_cr0.95_stride100/Hangdian_100_000075,merge_test_700-1800_cr0.95_stride100,Hangdian_100_000075,1,12,0,UAV/0.JPG,map2019/merge_test_700-1800_cr0.95_stride100/Hangdian_100_000075/UAV/0.JPG
map2019/merge_test_700-1800_cr0.95_stride100/Hangdian_100_000076,merge_test_700-1800_cr0.95_stride100,Hangdian_100_000076,1,12,0,UAV/0.JPG,map2019/merge_test_700-1800_cr0.95_stride100/Hangdian_100_000076/UAV/0.JPG
map2019/merge_test_700-1800_cr0.95_stride100/Hangdian_100_000077,merge_test_700-1800_cr0.95_stride100,Hangdian_100_000077,1,12,0,UAV/0.JPG,map2019/merge_test_700-1800_cr0.95_stride100/Hangdian_100_000077/UAV/0.JPG
map2019/merge_test_700-1800_cr0.95_stride100/Hangdian_100_000078,merge_test_700-1800_cr0.95_stride100,Hangdian_100_000078,1,12,0,UAV/0.JPG,map2019/merge_test_700-1800_cr0.95_stride100/Hangdian_100_000078/UAV/0.JPG
map2019/merge_test_700-1800_cr0.95_stride100/Hangdian_100_000079,merge_test_700-1800_cr0.95_stride100,Hangdian_100_000079,1,12,0,UAV/0.JPG,map2019/merge_test_700-1800_cr0.95_stride100/Hangdian_100_000079/UAV/0.JPG
map2019/merge_test_700-1800_cr0.95_stride100/Hangdian_100_000080,merge_test_700-1800_cr0.95_stride100,Hangdian_100_000080,1,12,0,UAV/0.JPG,map2019/merge_test_700-1800_cr0.95_stride100/Hangdian_100_000080/UAV/0.JPG
map2019/merge_test_700-1800_cr0.95_stride100/Hangdian_100_000081,merge_test_700-1800_cr0.95_stride100,Hangdian_100_000081,1,12,0,UAV/0.JPG,map2019/merge_test_700-1800_cr0.95_stride100/Hangdian_100_000081/UAV/0.JPG
map2019/merge_test_700-1800_cr0.95_stride100/Hangdian_100_000082,merge_test_700-1800_cr0.95_stride100,Hangdian_100_000082,1,12,0,UAV/0.JPG,map2019/merge_test_700-1800_cr0.95_stride100/Hangdian_100_000082/UAV/0.JPG
map2019/merge_test_700-1800_cr0.95_stride100/Hangdian_100_000083,merge_test_700-1800_cr0.95_stride100,Hangdian_100_000083,1,12,0,UAV/0.JPG,map2019/merge_test_700-1800_cr0.95_stride100/Hangdian_100_000083/UAV/0.JPG
map2019/merge_test_700-1800_cr0.95_stride100/Hangdian_100_000084,merge_test_700-1800_cr0.95_stride100,Hangdian_100_000084,1,12,0,UAV/0.JPG,map2019/merge_test_700-1800_cr0.95_stride100/Hangdian_100_000084/UAV/0.JPG
map2019/merge_test_700-1800_cr0.95_stride100/Hangdian_100_000085,merge_test_700-1800_cr0.95_stride100,Hangdian_100_000085,1,12,0,UAV/0.JPG,map2019/merge_test_700-1800_cr0.95_stride100/Hangdian_100_000085/UAV/0.JPG
map2019/merge_test_700-1800_cr0.95_stride100/Hangdian_100_000086,merge_test_700-1800_cr0.95_stride100,Hangdian_100_000086,1,12,0,UAV/0.JPG,map2019/merge_test_700-1800_cr0.95_stride100/Hangdian_100_000086/UAV/0.JPG
map2019/merge_test_700-1800_cr0.95_stride100/Hangdian_100_000087,merge_test_700-1800_cr0.95_stride100,Hangdian_100_000087,1,12,0,UAV/0.JPG,map2019/merge_test_700-1800_cr0.95_stride100/Hangdian_100_000087/UAV/0.JPG
map2019/merge_test_700-1800_cr0.95_stride100/Hangdian_100_000088,merge_test_700-1800_cr0.95_stride100,Hangdian_100_000088,1,12,0,UAV/0.JPG,map2019/merge_test_700-1800_cr0.95_stride100/Hangdian_100_000088/UAV/0.JPG
map2019/merge_test_700-1800_cr0.95_stride100/Hangdian_100_000089,merge_test_700-1800_cr0.95_stride100,Hangdian_100_000089,1,12,0,UAV/0.JPG,map2019/merge_test_700-1800_cr0.95_stride100/Hangdian_100_000089/UAV/0.JPG
map2019/merge_test_700-1800_cr0.95_stride100/Hangdian_100_000090,merge_test_700-1800_cr0.95_stride100,Hangdian_100_000090,1,12,0,UAV/0.JPG,map2019/merge_test_700-1800_cr0.95_stride100/Hangdian_100_000090/UAV/0.JPG
map2019/merge_test_700-1800_cr0.95_stride100/Hangdian_100_000091,merge_test_700-1800_cr0.95_stride100,Hangdian_100_000091,1,12,0,UAV/0.JPG,map2019/merge_test_700-1800_cr0.95_stride100/Hangdian_100_000091/UAV/0.JPG
map2019/merge_test_700-1800_cr0.95_stride100/Hangdian_100_000092,merge_test_700-1800_cr0.95_stride100,Hangdian_100_000092,1,12,0,UAV/0.JPG,map2019/merge_test_700-1800_cr0.95_stride100/Hangdian_100_000092/UAV/0.JPG
map2019/merge_test_700-1800_cr0.95_stride100/Hangdian_100_000093,merge_test_700-1800_cr0.95_stride100,Hangdian_100_000093,1,12,0,UAV/0.JPG,map2019/merge_test_700-1800_cr0.95_stride100/Hangdian_100_000093/UAV/0.JPG
map2019/merge_test_700-1800_cr0.95_stride100/Hangdian_100_000094,merge_test_700-1800_cr0.95_stride100,Hangdian_100_000094,1,12,0,UAV/0.JPG,map2019/merge_test_700-1800_cr0.95_stride100/Hangdian_100_000094/UAV/0.JPG
map2019/merge_test_700-1800_cr0.95_stride100/Hangdian_100_000095,merge_test_700-1800_cr0.95_stride100,Hangdian_100_000095,1,12,0,UAV/0.JPG,map2019/merge_test_700-1800_cr0.95_stride100/Hangdian_100_000095/UAV/0.JPG
map2019/merge_test_700-1800_cr0.95_stride100/Hangdian_100_000096,merge_test_700-1800_cr0.95_stride100,Hangdian_100_000096,1,12,0,UAV/0.JPG,map2019/merge_test_700-1800_cr0.95_stride100/Hangdian_100_000096/UAV/0.JPG
map2019/merge_test_700-1800_cr0.95_stride100/Hangdian_100_000097,merge_test_700-1800_cr0.95_stride100,Hangdian_100_000097,1,12,0,UAV/0.JPG,map2019/merge_test_700-1800_cr0.95_stride100/Hangdian_100_000097/UAV/0.JPG
map2019/merge_test_700-1800_cr0.95_stride100/Hangdian_100_000098,merge_test_700-1800_cr0.95_stride100,Hangdian_100_000098,1,12,0,UAV/0.JPG,map2019/merge_test_700-1800_cr0.95_stride100/Hangdian_100_000098/UAV/0.JPG
map2019/merge_test_700-1800_cr0.95_stride100/Hangdian_100_000099,merge_test_700-1800_cr0.95_stride100,Hangdian_100_000099,1,12,0,UAV/0.JPG,map2019/merge_test_700-1800_cr0.95_stride100/Hangdian_100_000099/UAV/0.JPG
map2019/merge_test_700-1800_cr0.95_stride100/Hangdian_100_000100,merge_test_700-1800_cr0.95_stride100,Hangdian_100_000100,1,12,0,UAV/0.JPG,map2019/merge_test_700-1800_cr0.95_stride100/Hangdian_100_000100/UAV/0.JPG
map2019/merge_test_700-1800_cr0.95_stride100/Hangdian_100_000101,merge_test_700-1800_cr0.95_stride100,Hangdian_100_000101,1,12,0,UAV/0.JPG,map2019/merge_test_700-1800_cr0.95_stride100/Hangdian_100_000101/UAV/0.JPG
map2019/merge_test_700-1800_cr0.95_stride100/Hangdian_100_000102,merge_test_700-1800_cr0.95_stride100,Hangdian_100_000102,1,12,0,UAV/0.JPG,map2019/merge_test_700-1800_cr0.95_stride100/Hangdian_100_000102/UAV/0.JPG
map2019/merge_test_700-1800_cr0.95_stride100/Hangdian_100_000103,merge_test_700-1800_cr0.95_stride100,Hangdian_100_000103,1,12,0,UAV/0.JPG,map2019/merge_test_700-1800_cr0.95_stride100/Hangdian_100_000103/UAV/0.JPG
map2019/merge_test_700-1800_cr0.95_stride100/Hangdian_100_000104,merge_test_700-1800_cr0.95_stride100,Hangdian_100_000104,1,12,0,UAV/0.JPG,map2019/merge_test_700-1800_cr0.95_stride100/Hangdian_100_000104/UAV/0.JPG
map2019/merge_test_700-1800_cr0.95_stride100/Hangdian_100_000105,merge_test_700-1800_cr0.95_stride100,Hangdian_100_000105,1,12,0,UAV/0.JPG,map2019/merge_test_700-1800_cr0.95_stride100/Hangdian_100_000105/UAV/0.JPG
map2019/merge_test_700-1800_cr0.95_stride100/Hangdian_100_000106,merge_test_700-1800_cr0.95_stride100,Hangdian_100_000106,1,12,0,UAV/0.JPG,map2019/merge_test_700-1800_cr0.95_stride100/Hangdian_100_000106/UAV/0.JPG
map2019/merge_test_700-1800_cr0.95_stride100/Hangdian_100_000107,merge_test_700-1800_cr0.95_stride100,Hangdian_100_000107,1,12,0,UAV/0.JPG,map2019/merge_test_700-1800_cr0.95_stride100/Hangdian_100_000107/UAV/0.JPG
map2019/merge_test_700-1800_cr0.95_stride100/Hangdian_100_000108,merge_test_700-1800_cr0.95_stride100,Hangdian_100_000108,1,12,0,UAV/0.JPG,map2019/merge_test_700-1800_cr0.95_stride100/Hangdian_100_000108/UAV/0.JPG
map2019/merge_test_700-1800_cr0.95_stride100/Hangdian_100_000109,merge_test_700-1800_cr0.95_stride100,Hangdian_100_000109,1,12,0,UAV/0.JPG,map2019/merge_test_700-1800_cr0.95_stride100/Hangdian_100_000109/UAV/0.JPG
map2019/merge_test_700-1800_cr0.95_stride100/Hangdian_100_000110,merge_test_700-1800_cr0.95_stride100,Hangdian_100_000110,1,12,0,UAV/0.JPG,map2019/merge_test_700-1800_cr0.95_stride100/Hangdian_100_000110/UAV/0.JPG
map2019/merge_test_700-1800_cr0.95_stride100/Hangdian_100_000111,merge_test_700-1800_cr0.95_stride100,Hangdian_100_000111,1,12,0,UAV/0.JPG,map2019/merge_test_700-1800_cr0.95_stride100/Hangdian_100_000111/UAV/0.JPG
map2019/merge_test_700-1800_cr0.95_stride100/Hangdian_100_000112,merge_test_700-1800_cr0.95_stride100,Hangdian_100_000112,1,12,0,UAV/0.JPG,map2019/merge_test_700-1800_cr0.95_stride100/Hangdian_100_000112/UAV/0.JPG
map2019/merge_test_700-1800_cr0.95_stride100/Hangdian_100_000113,merge_test_700-1800_cr0.95_stride100,Hangdian_100_000113,1,12,0,UAV/0.JPG,map2019/merge_test_700-1800_cr0.95_stride100/Hangdian_100_000113/UAV/0.JPG
map2019/merge_test_700-1800_cr0.95_stride100/Hangdian_100_000114,merge_test_700-1800_cr0.95_stride100,Hangdian_100_000114,1,12,0,UAV/0.JPG,map2019/merge_test_700-1800_cr0.95_stride100/Hangdian_100_000114/UAV/0.JPG
map2019/merge_test_700-1800_cr0.95_stride100/Hangdian_100_000115,merge_test_700-1800_cr0.95_stride100,Hangdian_100_000115,1,12,0,UAV/0.JPG,map2019/merge_test_700-1800_cr0.95_stride100/Hangdian_100_000115/UAV/0.JPG
map2019/merge_test_700-1800_cr0.95_stride100/Hangdian_100_000116,merge_test_700-1800_cr0.95_stride100,Hangdian_100_000116,1,12,0,UAV/0.JPG,map2019/merge_test_700-1800_cr0.95_stride100/Hangdian_100_000116/UAV/0.JPG
map2019/merge_test_700-1800_cr0.95_stride100/Hangdian_100_000117,merge_test_700-1800_cr0.95_stride100,Hangdian_100_000117,1,12,0,UAV/0.JPG,map2019/merge_test_700-1800_cr0.95_stride100/Hangdian_100_000117/UAV/0.JPG
map2019/merge_test_700-1800_cr0.95_stride100/Hangdian_100_000118,merge_test_700-1800_cr0.95_stride100,Hangdian_100_000118,1,12,0,UAV/0.JPG,map2019/merge_test_700-1800_cr0.95_stride100/Hangdian_100_000118/UAV/0.JPG
map2019/merge_test_700-1800_cr0.95_stride100/Hangdian_100_000119,merge_test_700-1800_cr0.95_stride100,Hangdian_100_000119,1,12,0,UAV/0.JPG,map2019/merge_test_700-1800_cr0.95_stride100/Hangdian_100_000119/UAV/0.JPG
map2019/merge_test_700-1800_cr0.95_stride100/Hangdian_100_000120,merge_test_700-1800_cr0.95_stride100,Hangdian_100_000120,1,12,0,UAV/0.JPG,map2019/merge_test_700-1800_cr0.95_stride100/Hangdian_100_000120/UAV/0.JPG
map2019/merge_test_700-1800_cr0.95_stride100/Hangdian_100_000121,merge_test_700-1800_cr0.95_stride100,Hangdian_100_000121,1,12,0,UAV/0.JPG,map2019/merge_test_700-1800_cr0.95_stride100/Hangdian_100_000121/UAV/0.JPG
map2019/merge_test_700-1800_cr0.95_stride100/Hangdian_100_000122,merge_test_700-1800_cr0.95_stride100,Hangdian_100_000122,1,12,0,UAV/0.JPG,map2019/merge_test_700-1800_cr0.95_stride100/Hangdian_100_000122/UAV/0.JPG
map2019/merge_test_700-1800_cr0.95_stride100/Hangdian_100_000123,merge_test_700-1800_cr0.95_stride100,Hangdian_100_000123,1,12,0,UAV/0.JPG,map2019/merge_test_700-1800_cr0.95_stride100/Hangdian_100_000123/UAV/0.JPG
map2019/merge_test_700-1800_cr0.95_stride100/Hangdian_100_000124,merge_test_700-1800_cr0.95_stride100,Hangdian_100_000124,1,12,0,UAV/0.JPG,map2019/merge_test_700-1800_cr0.95_stride100/Hangdian_100_000124/UAV/0.JPG
map2019/merge_test_700-1800_cr0.95_stride100/Hangdian_100_000125,merge_test_700-1800_cr0.95_stride100,Hangdian_100_000125,1,12,0,UAV/0.JPG,map2019/merge_test_700-1800_cr0.95_stride100/Hangdian_100_000125/UAV/0.JPG
map2019/merge_test_700-1800_cr0.95_stride100/Hangdian_100_000126,merge_test_700-1800_cr0.95_stride100,Hangdian_100_000126,1,12,0,UAV/0.JPG,map2019/merge_test_700-1800_cr0.95_stride100/Hangdian_100_000126/UAV/0.JPG
map2019/merge_test_700-1800_cr0.95_stride100/Hangdian_100_000127,merge_test_700-1800_cr0.95_stride100,Hangdian_100_000127,1,12,0,UAV/0.JPG,map2019/merge_test_700-1800_cr0.95_stride100/Hangdian_100_000127/UAV/0.JPG
map2019/merge_test_700-1800_cr0.95_stride100/Hangdian_100_000128,merge_test_700-1800_cr0.95_stride100,Hangdian_100_000128,1,12,0,UAV/0.JPG,map2019/merge_test_700-1800_cr0.95_stride100/Hangdian_100_000128/UAV/0.JPG
map2019/merge_test_700-1800_cr0.95_stride100/Hangdian_100_000129,merge_test_700-1800_cr0.95_stride100,Hangdian_100_000129,1,12,0,UAV/0.JPG,map2019/merge_test_700-1800_cr0.95_stride100/Hangdian_100_000129/UAV/0.JPG
map2019/merge_test_700-1800_cr0.95_stride100/Hangdian_100_000130,merge_test_700-1800_cr0.95_stride100,Hangdian_100_000130,1,12,0,UAV/0.JPG,map2019/merge_test_700-1800_cr0.95_stride100/Hangdian_100_000130/UAV/0.JPG
map2019/merge_test_700-1800_cr0.95_stride100/Hangdian_100_000131,merge_test_700-1800_cr0.95_stride100,Hangdian_100_000131,1,12,0,UAV/0.JPG,map2019/merge_test_700-1800_cr0.95_stride100/Hangdian_100_000131/UAV/0.JPG
map2019/merge_test_700-1800_cr0.95_stride100/Hangdian_100_000132,merge_test_700-1800_cr0.95_stride100,Hangdian_100_000132,1,12,0,UAV/0.JPG,map2019/merge_test_700-1800_cr0.95_stride100/Hangdian_100_000132/UAV/0.JPG
map2019/merge_test_700-1800_cr0.95_stride100/Hangdian_100_000133,merge_test_700-1800_cr0.95_stride100,Hangdian_100_000133,1,12,0,UAV/0.JPG,map2019/merge_test_700-1800_cr0.95_stride100/Hangdian_100_000133/UAV/0.JPG
map2019/merge_test_700-1800_cr0.95_stride100/Hangdian_100_000134,merge_test_700-1800_cr0.95_stride100,Hangdian_100_000134,1,12,0,UAV/0.JPG,map2019/merge_test_700-1800_cr0.95_stride100/Hangdian_100_000134/UAV/0.JPG
map2019/merge_test_700-1800_cr0.95_stride100/Hangdian_100_000135,merge_test_700-1800_cr0.95_stride100,Hangdian_100_000135,1,12,0,UAV/0.JPG,map2019/merge_test_700-1800_cr0.95_stride100/Hangdian_100_000135/UAV/0.JPG
map2019/merge_test_700-1800_cr0.95_stride100/Hangdian_100_000136,merge_test_700-1800_cr0.95_stride100,Hangdian_100_000136,1,12,0,UAV/0.JPG,map2019/merge_test_700-1800_cr0.95_stride100/Hangdian_100_000136/UAV/0.JPG
map2019/merge_test_700-1800_cr0.95_stride100/Hangdian_100_000137,merge_test_700-1800_cr0.95_stride100,Hangdian_100_000137,1,12,0,UAV/0.JPG,map2019/merge_test_700-1800_cr0.95_stride100/Hangdian_100_000137/UAV/0.JPG
map2019/merge_test_700-1800_cr0.95_stride100/Hangdian_100_000138,merge_test_700-1800_cr0.95_stride100,Hangdian_100_000138,1,12,0,UAV/0.JPG,map2019/merge_test_700-1800_cr0.95_stride100/Hangdian_100_000138/UAV/0.JPG
map2019/merge_test_700-1800_cr0.95_stride100/Hangdian_100_000139,merge_test_700-1800_cr0.95_stride100,Hangdian_100_000139,1,12,0,UAV/0.JPG,map2019/merge_test_700-1800_cr0.95_stride100/Hangdian_100_000139/UAV/0.JPG
map2019/merge_test_700-1800_cr0.95_stride100/Hangdian_100_000140,merge_test_700-1800_cr0.95_stride100,Hangdian_100_000140,1,12,0,UAV/0.JPG,map2019/merge_test_700-1800_cr0.95_stride100/Hangdian_100_000140/UAV/0.JPG
map2019/merge_test_700-1800_cr0.95_stride100/Hangdian_100_000141,merge_test_700-1800_cr0.95_stride100,Hangdian_100_000141,1,12,0,UAV/0.JPG,map2019/merge_test_700-1800_cr0.95_stride100/Hangdian_100_000141/UAV/0.JPG
map2019/merge_test_700-1800_cr0.95_stride100/Hangdian_100_000142,merge_test_700-1800_cr0.95_stride100,Hangdian_100_000142,1,12,0,UAV/0.JPG,map2019/merge_test_700-1800_cr0.95_stride100/Hangdian_100_000142/UAV/0.JPG
map2019/merge_test_700-1800_cr0.95_stride100/Hangdian_100_000143,merge_test_700-1800_cr0.95_stride100,Hangdian_100_000143,1,12,0,UAV/0.JPG,map2019/merge_test_700-1800_cr0.95_stride100/Hangdian_100_000143/UAV/0.JPG
map2019/merge_test_700-1800_cr0.95_stride100/Hangdian_100_000144,merge_test_700-1800_cr0.95_stride100,Hangdian_100_000144,1,12,0,UAV/0.JPG,map2019/merge_test_700-1800_cr0.95_stride100/Hangdian_100_000144/UAV/0.JPG
map2019/merge_test_700-1800_cr0.95_stride100/Hangdian_100_000145,merge_test_700-1800_cr0.95_stride100,Hangdian_100_000145,1,12,0,UAV/0.JPG,map2019/merge_test_700-1800_cr0.95_stride100/Hangdian_100_000145/UAV/0.JPG
map2019/merge_test_700-1800_cr0.95_stride100/Hangdian_100_000146,merge_test_700-1800_cr0.95_stride100,Hangdian_100_000146,1,12,0,UAV/0.JPG,map2019/merge_test_700-1800_cr0.95_stride100/Hangdian_100_000146/UAV/0.JPG
map2019/merge_test_700-1800_cr0.95_stride100/Hangdian_100_000147,merge_test_700-1800_cr0.95_stride100,Hangdian_100_000147,1,12,0,UAV/0.JPG,map2019/merge_test_700-1800_cr0.95_stride100/Hangdian_100_000147/UAV/0.JPG
map2019/merge_test_700-1800_cr0.95_stride100/Hangdian_100_000148,merge_test_700-1800_cr0.95_stride100,Hangdian_100_000148,1,12,0,UAV/0.JPG,map2019/merge_test_700-1800_cr0.95_stride100/Hangdian_100_000148/UAV/0.JPG
map2019/merge_test_700-1800_cr0.95_stride100/Hangdian_100_000149,merge_test_700-1800_cr0.95_stride100,Hangdian_100_000149,1,12,0,UAV/0.JPG,map2019/merge_test_700-1800_cr0.95_stride100/Hangdian_100_000149/UAV/0.JPG
map2019/merge_test_700-1800_cr0.95_stride100/Hangdian_100_000150,merge_test_700-1800_cr0.95_stride100,Hangdian_100_000150,1,12,0,UAV/0.JPG,map2019/merge_test_700-1800_cr0.95_stride100/Hangdian_100_000150/UAV/0.JPG
map2019/merge_test_700-1800_cr0.95_stride100/Hangdian_100_000151,merge_test_700-1800_cr0.95_stride100,Hangdian_100_000151,1,12,0,UAV/0.JPG,map2019/merge_test_700-1800_cr0.95_stride100/Hangdian_100_000151/UAV/0.JPG
map2019/merge_test_700-1800_cr0.95_stride100/Hangdian_100_000152,merge_test_700-1800_cr0.95_stride100,Hangdian_100_000152,1,12,0,UAV/0.JPG,map2019/merge_test_700-1800_cr0.95_stride100/Hangdian_100_000152/UAV/0.JPG
map2019/merge_test_700-1800_cr0.95_stride100/Hangdian_100_000153,merge_test_700-1800_cr0.95_stride100,Hangdian_100_000153,1,12,0,UAV/0.JPG,map2019/merge_test_700-1800_cr0.95_stride100/Hangdian_100_000153/UAV/0.JPG
map2019/merge_test_700-1800_cr0.95_stride100/Hangdian_100_000154,merge_test_700-1800_cr0.95_stride100,Hangdian_100_000154,1,12,0,UAV/0.JPG,map2019/merge_test_700-1800_cr0.95_stride100/Hangdian_100_000154/UAV/0.JPG
map2019/merge_test_700-1800_cr0.95_stride100/Hangdian_100_000155,merge_test_700-1800_cr0.95_stride100,Hangdian_100_000155,1,12,0,UAV/0.JPG,map2019/merge_test_700-1800_cr0.95_stride100/Hangdian_100_000155/UAV/0.JPG
map2019/merge_test_700-1800_cr0.95_stride100/Hangdian_100_000156,merge_test_700-1800_cr0.95_stride100,Hangdian_100_000156,1,12,0,UAV/0.JPG,map2019/merge_test_700-1800_cr0.95_stride100/Hangdian_100_000156/UAV/0.JPG
map2019/merge_test_700-1800_cr0.95_stride100/Hangdian_100_000157,merge_test_700-1800_cr0.95_stride100,Hangdian_100_000157,1,12,0,UAV/0.JPG,map2019/merge_test_700-1800_cr0.95_stride100/Hangdian_100_000157/UAV/0.JPG
map2019/merge_test_700-1800_cr0.95_stride100/Hangdian_100_000158,merge_test_700-1800_cr0.95_stride100,Hangdian_100_000158,1,12,0,UAV/0.JPG,map2019/merge_test_700-1800_cr0.95_stride100/Hangdian_100_000158/UAV/0.JPG
map2019/merge_test_700-1800_cr0.95_stride100/Hangdian_100_000159,merge_test_700-1800_cr0.95_stride100,Hangdian_100_000159,1,12,0,UAV/0.JPG,map2019/merge_test_700-1800_cr0.95_stride100/Hangdian_100_000159/UAV/0.JPG
map2019/merge_test_700-1800_cr0.95_stride100/Hangdian_100_000160,merge_test_700-1800_cr0.95_stride100,Hangdian_100_000160,1,12,0,UAV/0.JPG,map2019/merge_test_700-1800_cr0.95_stride100/Hangdian_100_000160/UAV/0.JPG
map2019/merge_test_700-1800_cr0.95_stride100/Hangdian_100_000161,merge_test_700-1800_cr0.95_stride100,Hangdian_100_000161,1,12,0,UAV/0.JPG,map2019/merge_test_700-1800_cr0.95_stride100/Hangdian_100_000161/UAV/0.JPG
map2019/merge_test_700-1800_cr0.95_stride100/Hangdian_100_000162,merge_test_700-1800_cr0.95_stride100,Hangdian_100_000162,1,12,0,UAV/0.JPG,map2019/merge_test_700-1800_cr0.95_stride100/Hangdian_100_000162/UAV/0.JPG
map2019/merge_test_700-1800_cr0.95_stride100/Hangdian_100_000163,merge_test_700-1800_cr0.95_stride100,Hangdian_100_000163,1,12,0,UAV/0.JPG,map2019/merge_test_700-1800_cr0.95_stride100/Hangdian_100_000163/UAV/0.JPG
map2019/merge_test_700-1800_cr0.95_stride100/Hangdian_100_000164,merge_test_700-1800_cr0.95_stride100,Hangdian_100_000164,1,12,0,UAV/0.JPG,map2019/merge_test_700-1800_cr0.95_stride100/Hangdian_100_000164/UAV/0.JPG
map2019/merge_test_700-1800_cr0.95_stride100/Hangdian_100_000165,merge_test_700-1800_cr0.95_stride100,Hangdian_100_000165,1,12,0,UAV/0.JPG,map2019/merge_test_700-1800_cr0.95_stride100/Hangdian_100_000165/UAV/0.JPG
map2019/merge_test_700-1800_cr0.95_stride100/Hangdian_100_000166,merge_test_700-1800_cr0.95_stride100,Hangdian_100_000166,1,12,0,UAV/0.JPG,map2019/merge_test_700-1800_cr0.95_stride100/Hangdian_100_000166/UAV/0.JPG
map2019/merge_test_700-1800_cr0.95_stride100/Hangdian_100_000167,merge_test_700-1800_cr0.95_stride100,Hangdian_100_000167,1,12,0,UAV/0.JPG,map2019/merge_test_700-1800_cr0.95_stride100/Hangdian_100_000167/UAV/0.JPG
map2019/merge_test_700-1800_cr0.95_stride100/Hangdian_100_000168,merge_test_700-1800_cr0.95_stride100,Hangdian_100_000168,1,12,0,UAV/0.JPG,map2019/merge_test_700-1800_cr0.95_stride100/Hangdian_100_000168/UAV/0.JPG
map2019/merge_test_700-1800_cr0.95_stride100/Hangdian_100_000169,merge_test_700-1800_cr0.95_stride100,Hangdian_100_000169,1,12,0,UAV/0.JPG,map2019/merge_test_700-1800_cr0.95_stride100/Hangdian_100_000169/UAV/0.JPG
map2019/merge_test_700-1800_cr0.95_stride100/Hangdian_100_000170,merge_test_700-1800_cr0.95_stride100,Hangdian_100_000170,1,12,0,UAV/0.JPG,map2019/merge_test_700-1800_cr0.95_stride100/Hangdian_100_000170/UAV/0.JPG
map2019/merge_test_700-1800_cr0.95_stride100/Hangdian_100_000171,merge_test_700-1800_cr0.95_stride100,Hangdian_100_000171,1,12,0,UAV/0.JPG,map2019/merge_test_700-1800_cr0.95_stride100/Hangdian_100_000171/UAV/0.JPG
map2019/merge_test_700-1800_cr0.95_stride100/Hangdian_100_000172,merge_test_700-1800_cr0.95_stride100,Hangdian_100_000172,1,12,0,UAV/0.JPG,map2019/merge_test_700-1800_cr0.95_stride100/Hangdian_100_000172/UAV/0.JPG
map2019/merge_test_700-1800_cr0.95_stride100/Hangdian_100_000173,merge_test_700-1800_cr0.95_stride100,Hangdian_100_000173,1,12,0,UAV/0.JPG,map2019/merge_test_700-1800_cr0.95_stride100/Hangdian_100_000173/UAV/0.JPG
map2019/merge_test_700-1800_cr0.95_stride100/Hangdian_100_000174,merge_test_700-1800_cr0.95_stride100,Hangdian_100_000174,1,12,0,UAV/0.JPG,map2019/merge_test_700-1800_cr0.95_stride100/Hangdian_100_000174/UAV/0.JPG
map2019/merge_test_700-1800_cr0.95_stride100/Hangdian_100_000175,merge_test_700-1800_cr0.95_stride100,Hangdian_100_000175,1,12,0,UAV/0.JPG,map2019/merge_test_700-1800_cr0.95_stride100/Hangdian_100_000175/UAV/0.JPG
map2019/merge_test_700-1800_cr0.95_stride100/Hangdian_100_000176,merge_test_700-1800_cr0.95_stride100,Hangdian_100_000176,1,12,0,UAV/0.JPG,map2019/merge_test_700-1800_cr0.95_stride100/Hangdian_100_000176/UAV/0.JPG
map2019/merge_test_700-1800_cr0.95_stride100/Hangdian_80_000000,merge_test_700-1800_cr0.95_stride100,Hangdian_80_000000,1,12,0,UAV/0.JPG,map2019/merge_test_700-1800_cr0.95_stride100/Hangdian_80_000000/UAV/0.JPG
map2019/merge_test_700-1800_cr0.95_stride100/Hangdian_80_000001,merge_test_700-1800_cr0.95_stride100,Hangdian_80_000001,1,12,0,UAV/0.JPG,map2019/merge_test_700-1800_cr0.95_stride100/Hangdian_80_000001/UAV/0.JPG
map2019/merge_test_700-1800_cr0.95_stride100/Hangdian_80_000002,merge_test_700-1800_cr0.95_stride100,Hangdian_80_000002,1,12,0,UAV/0.JPG,map2019/merge_test_700-1800_cr0.95_stride100/Hangdian_80_000002/UAV/0.JPG
map2019/merge_test_700-1800_cr0.95_stride100/Hangdian_80_000003,merge_test_700-1800_cr0.95_stride100,Hangdian_80_000003,1,12,0,UAV/0.JPG,map2019/merge_test_700-1800_cr0.95_stride100/Hangdian_80_000003/UAV/0.JPG
map2019/merge_test_700-1800_cr0.95_stride100/Hangdian_80_000004,merge_test_700-1800_cr0.95_stride100,Hangdian_80_000004,1,12,0,UAV/0.JPG,map2019/merge_test_700-1800_cr0.95_stride100/Hangdian_80_000004/UAV/0.JPG
map2019/merge_test_700-1800_cr0.95_stride100/Hangdian_80_000005,merge_test_700-1800_cr0.95_stride100,Hangdian_80_000005,1,12,0,UAV/0.JPG,map2019/merge_test_700-1800_cr0.95_stride100/Hangdian_80_000005/UAV/0.JPG
map2019/merge_test_700-1800_cr0.95_stride100/Hangdian_80_000006,merge_test_700-1800_cr0.95_stride100,Hangdian_80_000006,1,12,0,UAV/0.JPG,map2019/merge_test_700-1800_cr0.95_stride100/Hangdian_80_000006/UAV/0.JPG
map2019/merge_test_700-1800_cr0.95_stride100/Hangdian_80_000007,merge_test_700-1800_cr0.95_stride100,Hangdian_80_000007,1,12,0,UAV/0.JPG,map2019/merge_test_700-1800_cr0.95_stride100/Hangdian_80_000007/UAV/0.JPG
map2019/merge_test_700-1800_cr0.95_stride100/Hangdian_80_000008,merge_test_700-1800_cr0.95_stride100,Hangdian_80_000008,1,12,0,UAV/0.JPG,map2019/merge_test_700-1800_cr0.95_stride100/Hangdian_80_000008/UAV/0.JPG
map2019/merge_test_700-1800_cr0.95_stride100/Hangdian_80_000009,merge_test_700-1800_cr0.95_stride100,Hangdian_80_000009,1,12,0,UAV/0.JPG,map2019/merge_test_700-1800_cr0.95_stride100/Hangdian_80_000009/UAV/0.JPG
map2019/merge_test_700-1800_cr0.95_stride100/Hangdian_80_000010,merge_test_700-1800_cr0.95_stride100,Hangdian_80_000010,1,12,0,UAV/0.JPG,map2019/merge_test_700-1800_cr0.95_stride100/Hangdian_80_000010/UAV/0.JPG
map2019/merge_test_700-1800_cr0.95_stride100/Hangdian_80_000011,merge_test_700-1800_cr0.95_stride100,Hangdian_80_000011,1,12,0,UAV/0.JPG,map2019/merge_test_700-1800_cr0.95_stride100/Hangdian_80_000011/UAV/0.JPG
map2019/merge_test_700-1800_cr0.95_stride100/Hangdian_80_000012,merge_test_700-1800_cr0.95_stride100,Hangdian_80_000012,1,12,0,UAV/0.JPG,map2019/merge_test_700-1800_cr0.95_stride100/Hangdian_80_000012/UAV/0.JPG
map2019/merge_test_700-1800_cr0.95_stride100/Hangdian_80_000013,merge_test_700-1800_cr0.95_stride100,Hangdian_80_000013,1,12,0,UAV/0.JPG,map2019/merge_test_700-1800_cr0.95_stride100/Hangdian_80_000013/UAV/0.JPG
map2019/merge_test_700-1800_cr0.95_stride100/Hangdian_80_000014,merge_test_700-1800_cr0.95_stride100,Hangdian_80_000014,1,12,0,UAV/0.JPG,map2019/merge_test_700-1800_cr0.95_stride100/Hangdian_80_000014/UAV/0.JPG
map2019/merge_test_700-1800_cr0.95_stride100/Hangdian_80_000015,merge_test_700-1800_cr0.95_stride100,Hangdian_80_000015,1,12,0,UAV/0.JPG,map2019/merge_test_700-1800_cr0.95_stride100/Hangdian_80_000015/UAV/0.JPG
map2019/merge_test_700-1800_cr0.95_stride100/Hangdian_80_000016,merge_test_700-1800_cr0.95_stride100,Hangdian_80_000016,1,12,0,UAV/0.JPG,map2019/merge_test_700-1800_cr0.95_stride100/Hangdian_80_000016/UAV/0.JPG
map2019/merge_test_700-1800_cr0.95_stride100/Hangdian_80_000017,merge_test_700-1800_cr0.95_stride100,Hangdian_80_000017,1,12,0,UAV/0.JPG,map2019/merge_test_700-1800_cr0.95_stride100/Hangdian_80_000017/UAV/0.JPG
map2019/merge_test_700-1800_cr0.95_stride100/Hangdian_80_000018,merge_test_700-1800_cr0.95_stride100,Hangdian_80_000018,1,12,0,UAV/0.JPG,map2019/merge_test_700-1800_cr0.95_stride100/Hangdian_80_000018/UAV/0.JPG
map2019/merge_test_700-1800_cr0.95_stride100/Hangdian_80_000019,merge_test_700-1800_cr0.95_stride100,Hangdian_80_000019,1,12,0,UAV/0.JPG,map2019/merge_test_700-1800_cr0.95_stride100/Hangdian_80_000019/UAV/0.JPG
map2019/merge_test_700-1800_cr0.95_stride100/Hangdian_80_000020,merge_test_700-1800_cr0.95_stride100,Hangdian_80_000020,1,12,0,UAV/0.JPG,map2019/merge_test_700-1800_cr0.95_stride100/Hangdian_80_000020/UAV/0.JPG
map2019/merge_test_700-1800_cr0.95_stride100/Hangdian_80_000021,merge_test_700-1800_cr0.95_stride100,Hangdian_80_000021,1,12,0,UAV/0.JPG,map2019/merge_test_700-1800_cr0.95_stride100/Hangdian_80_000021/UAV/0.JPG
map2019/merge_test_700-1800_cr0.95_stride100/Hangdian_80_000022,merge_test_700-1800_cr0.95_stride100,Hangdian_80_000022,1,12,0,UAV/0.JPG,map2019/merge_test_700-1800_cr0.95_stride100/Hangdian_80_000022/UAV/0.JPG
map2019/merge_test_700-1800_cr0.95_stride100/Hangdian_80_000023,merge_test_700-1800_cr0.95_stride100,Hangdian_80_000023,1,12,0,UAV/0.JPG,map2019/merge_test_700-1800_cr0.95_stride100/Hangdian_80_000023/UAV/0.JPG
map2019/merge_test_700-1800_cr0.95_stride100/Hangdian_80_000024,merge_test_700-1800_cr0.95_stride100,Hangdian_80_000024,1,12,0,UAV/0.JPG,map2019/merge_test_700-1800_cr0.95_stride100/Hangdian_80_000024/UAV/0.JPG
map2019/merge_test_700-1800_cr0.95_stride100/Hangdian_80_000025,merge_test_700-1800_cr0.95_stride100,Hangdian_80_000025,1,12,0,UAV/0.JPG,map2019/merge_test_700-1800_cr0.95_stride100/Hangdian_80_000025/UAV/0.JPG
map2019/merge_test_700-1800_cr0.95_stride100/Hangdian_80_000026,merge_test_700-1800_cr0.95_stride100,Hangdian_80_000026,1,12,0,UAV/0.JPG,map2019/merge_test_700-1800_cr0.95_stride100/Hangdian_80_000026/UAV/0.JPG
map2019/merge_test_700-1800_cr0.95_stride100/Hangdian_80_000027,merge_test_700-1800_cr0.95_stride100,Hangdian_80_000027,1,12,0,UAV/0.JPG,map2019/merge_test_700-1800_cr0.95_stride100/Hangdian_80_000027/UAV/0.JPG
map2019/merge_test_700-1800_cr0.95_stride100/Hangdian_80_000028,merge_test_700-1800_cr0.95_stride100,Hangdian_80_000028,1,12,0,UAV/0.JPG,map2019/merge_test_700-1800_cr0.95_stride100/Hangdian_80_000028/UAV/0.JPG
map2019/merge_test_700-1800_cr0.95_stride100/Hangdian_80_000029,merge_test_700-1800_cr0.95_stride100,Hangdian_80_000029,1,12,0,UAV/0.JPG,map2019/merge_test_700-1800_cr0.95_stride100/Hangdian_80_000029/UAV/0.JPG
map2019/merge_test_700-1800_cr0.95_stride100/Hangdian_80_000030,merge_test_700-1800_cr0.95_stride100,Hangdian_80_000030,1,12,0,UAV/0.JPG,map2019/merge_test_700-1800_cr0.95_stride100/Hangdian_80_000030/UAV/0.JPG
map2019/merge_test_700-1800_cr0.95_stride100/Hangdian_80_000031,merge_test_700-1800_cr0.95_stride100,Hangdian_80_000031,1,12,0,UAV/0.JPG,map2019/merge_test_700-1800_cr0.95_stride100/Hangdian_80_000031/UAV/0.JPG
map2019/merge_test_700-1800_cr0.95_stride100/Hangdian_80_000032,merge_test_700-1800_cr0.95_stride100,Hangdian_80_000032,1,12,0,UAV/0.JPG,map2019/merge_test_700-1800_cr0.95_stride100/Hangdian_80_000032/UAV/0.JPG
map2019/merge_test_700-1800_cr0.95_stride100/Hangdian_80_000033,merge_test_700-1800_cr0.95_stride100,Hangdian_80_000033,1,12,0,UAV/0.JPG,map2019/merge_test_700-1800_cr0.95_stride100/Hangdian_80_000033/UAV/0.JPG
map2019/merge_test_700-1800_cr0.95_stride100/Hangdian_80_000034,merge_test_700-1800_cr0.95_stride100,Hangdian_80_000034,1,12,0,UAV/0.JPG,map2019/merge_test_700-1800_cr0.95_stride100/Hangdian_80_000034/UAV/0.JPG
map2019/merge_test_700-1800_cr0.95_stride100/Hangdian_80_000035,merge_test_700-1800_cr0.95_stride100,Hangdian_80_000035,1,12,0,UAV/0.JPG,map2019/merge_test_700-1800_cr0.95_stride100/Hangdian_80_000035/UAV/0.JPG
map2019/merge_test_700-1800_cr0.95_stride100/Hangdian_80_000036,merge_test_700-1800_cr0.95_stride100,Hangdian_80_000036,1,12,0,UAV/0.JPG,map2019/merge_test_700-1800_cr0.95_stride100/Hangdian_80_000036/UAV/0.JPG
map2019/merge_test_700-1800_cr0.95_stride100/Hangdian_80_000037,merge_test_700-1800_cr0.95_stride100,Hangdian_80_000037,1,12,0,UAV/0.JPG,map2019/merge_test_700-1800_cr0.95_stride100/Hangdian_80_000037/UAV/0.JPG
map2019/merge_test_700-1800_cr0.95_stride100/Hangdian_80_000038,merge_test_700-1800_cr0.95_stride100,Hangdian_80_000038,1,12,0,UAV/0.JPG,map2019/merge_test_700-1800_cr0.95_stride100/Hangdian_80_000038/UAV/0.JPG
map2019/merge_test_700-1800_cr0.95_stride100/Hangdian_80_000039,merge_test_700-1800_cr0.95_stride100,Hangdian_80_000039,1,12,0,UAV/0.JPG,map2019/merge_test_700-1800_cr0.95_stride100/Hangdian_80_000039/UAV/0.JPG
map2019/merge_test_700-1800_cr0.95_stride100/Hangdian_80_000040,merge_test_700-1800_cr0.95_stride100,Hangdian_80_000040,1,12,0,UAV/0.JPG,map2019/merge_test_700-1800_cr0.95_stride100/Hangdian_80_000040/UAV/0.JPG
map2019/merge_test_700-1800_cr0.95_stride100/Hangdian_80_000041,merge_test_700-1800_cr0.95_stride100,Hangdian_80_000041,1,12,0,UAV/0.JPG,map2019/merge_test_700-1800_cr0.95_stride100/Hangdian_80_000041/UAV/0.JPG
map2019/merge_test_700-1800_cr0.95_stride100/Hangdian_80_000042,merge_test_700-1800_cr0.95_stride100,Hangdian_80_000042,1,12,0,UAV/0.JPG,map2019/merge_test_700-1800_cr0.95_stride100/Hangdian_80_000042/UAV/0.JPG
map2019/merge_test_700-1800_cr0.95_stride100/Hangdian_80_000043,merge_test_700-1800_cr0.95_stride100,Hangdian_80_000043,1,12,0,UAV/0.JPG,map2019/merge_test_700-1800_cr0.95_stride100/Hangdian_80_000043/UAV/0.JPG
map2019/merge_test_700-1800_cr0.95_stride100/Hangdian_80_000044,merge_test_700-1800_cr0.95_stride100,Hangdian_80_000044,1,12,0,UAV/0.JPG,map2019/merge_test_700-1800_cr0.95_stride100/Hangdian_80_000044/UAV/0.JPG
map2019/merge_test_700-1800_cr0.95_stride100/Hangdian_80_000045,merge_test_700-1800_cr0.95_stride100,Hangdian_80_000045,1,12,0,UAV/0.JPG,map2019/merge_test_700-1800_cr0.95_stride100/Hangdian_80_000045/UAV/0.JPG
map2019/merge_test_700-1800_cr0.95_stride100/Hangdian_80_000046,merge_test_700-1800_cr0.95_stride100,Hangdian_80_000046,1,12,0,UAV/0.JPG,map2019/merge_test_700-1800_cr0.95_stride100/Hangdian_80_000046/UAV/0.JPG
map2019/merge_test_700-1800_cr0.95_stride100/Hangdian_80_000047,merge_test_700-1800_cr0.95_stride100,Hangdian_80_000047,1,12,0,UAV/0.JPG,map2019/merge_test_700-1800_cr0.95_stride100/Hangdian_80_000047/UAV/0.JPG
map2019/merge_test_700-1800_cr0.95_stride100/Hangdian_80_000048,merge_test_700-1800_cr0.95_stride100,Hangdian_80_000048,1,12,0,UAV/0.JPG,map2019/merge_test_700-1800_cr0.95_stride100/Hangdian_80_000048/UAV/0.JPG
map2019/merge_test_700-1800_cr0.95_stride100/Hangdian_80_000049,merge_test_700-1800_cr0.95_stride100,Hangdian_80_000049,1,12,0,UAV/0.JPG,map2019/merge_test_700-1800_cr0.95_stride100/Hangdian_80_000049/UAV/0.JPG
map2019/merge_test_700-1800_cr0.95_stride100/Hangdian_80_000050,merge_test_700-1800_cr0.95_stride100,Hangdian_80_000050,1,12,0,UAV/0.JPG,map2019/merge_test_700-1800_cr0.95_stride100/Hangdian_80_000050/UAV/0.JPG
map2019/merge_test_700-1800_cr0.95_stride100/Hangdian_80_000051,merge_test_700-1800_cr0.95_stride100,Hangdian_80_000051,1,12,0,UAV/0.JPG,map2019/merge_test_700-1800_cr0.95_stride100/Hangdian_80_000051/UAV/0.JPG
map2019/merge_test_700-1800_cr0.95_stride100/Hangdian_80_000052,merge_test_700-1800_cr0.95_stride100,Hangdian_80_000052,1,12,0,UAV/0.JPG,map2019/merge_test_700-1800_cr0.95_stride100/Hangdian_80_000052/UAV/0.JPG
map2019/merge_test_700-1800_cr0.95_stride100/Hangdian_80_000053,merge_test_700-1800_cr0.95_stride100,Hangdian_80_000053,1,12,0,UAV/0.JPG,map2019/merge_test_700-1800_cr0.95_stride100/Hangdian_80_000053/UAV/0.JPG
map2019/merge_test_700-1800_cr0.95_stride100/Hangdian_80_000054,merge_test_700-1800_cr0.95_stride100,Hangdian_80_000054,1,12,0,UAV/0.JPG,map2019/merge_test_700-1800_cr0.95_stride100/Hangdian_80_000054/UAV/0.JPG
map2019/merge_test_700-1800_cr0.95_stride100/Hangdian_80_000055,merge_test_700-1800_cr0.95_stride100,Hangdian_80_000055,1,12,0,UAV/0.JPG,map2019/merge_test_700-1800_cr0.95_stride100/Hangdian_80_000055/UAV/0.JPG
map2019/merge_test_700-1800_cr0.95_stride100/Hangdian_80_000056,merge_test_700-1800_cr0.95_stride100,Hangdian_80_000056,1,12,0,UAV/0.JPG,map2019/merge_test_700-1800_cr0.95_stride100/Hangdian_80_000056/UAV/0.JPG
map2019/merge_test_700-1800_cr0.95_stride100/Hangdian_80_000057,merge_test_700-1800_cr0.95_stride100,Hangdian_80_000057,1,12,0,UAV/0.JPG,map2019/merge_test_700-1800_cr0.95_stride100/Hangdian_80_000057/UAV/0.JPG
map2019/merge_test_700-1800_cr0.95_stride100/Hangdian_80_000058,merge_test_700-1800_cr0.95_stride100,Hangdian_80_000058,1,12,0,UAV/0.JPG,map2019/merge_test_700-1800_cr0.95_stride100/Hangdian_80_000058/UAV/0.JPG
map2019/merge_test_700-1800_cr0.95_stride100/Hangdian_80_000059,merge_test_700-1800_cr0.95_stride100,Hangdian_80_000059,1,12,0,UAV/0.JPG,map2019/merge_test_700-1800_cr0.95_stride100/Hangdian_80_000059/UAV/0.JPG
map2019/merge_test_700-1800_cr0.95_stride100/Hangdian_80_000060,merge_test_700-1800_cr0.95_stride100,Hangdian_80_000060,1,12,0,UAV/0.JPG,map2019/merge_test_700-1800_cr0.95_stride100/Hangdian_80_000060/UAV/0.JPG
map2019/merge_test_700-1800_cr0.95_stride100/Hangdian_80_000061,merge_test_700-1800_cr0.95_stride100,Hangdian_80_000061,1,12,0,UAV/0.JPG,map2019/merge_test_700-1800_cr0.95_stride100/Hangdian_80_000061/UAV/0.JPG
map2019/merge_test_700-1800_cr0.95_stride100/Hangdian_80_000062,merge_test_700-1800_cr0.95_stride100,Hangdian_80_000062,1,12,0,UAV/0.JPG,map2019/merge_test_700-1800_cr0.95_stride100/Hangdian_80_000062/UAV/0.JPG
map2019/merge_test_700-1800_cr0.95_stride100/Hangdian_80_000063,merge_test_700-1800_cr0.95_stride100,Hangdian_80_000063,1,12,0,UAV/0.JPG,map2019/merge_test_700-1800_cr0.95_stride100/Hangdian_80_000063/UAV/0.JPG
map2019/merge_test_700-1800_cr0.95_stride100/Hangdian_80_000064,merge_test_700-1800_cr0.95_stride100,Hangdian_80_000064,1,12,0,UAV/0.JPG,map2019/merge_test_700-1800_cr0.95_stride100/Hangdian_80_000064/UAV/0.JPG
map2019/merge_test_700-1800_cr0.95_stride100/Hangdian_80_000065,merge_test_700-1800_cr0.95_stride100,Hangdian_80_000065,1,12,0,UAV/0.JPG,map2019/merge_test_700-1800_cr0.95_stride100/Hangdian_80_000065/UAV/0.JPG
map2019/merge_test_700-1800_cr0.95_stride100/Hangdian_80_000066,merge_test_700-1800_cr0.95_stride100,Hangdian_80_000066,1,12,0,UAV/0.JPG,map2019/merge_test_700-1800_cr0.95_stride100/Hangdian_80_000066/UAV/0.JPG
map2019/merge_test_700-1800_cr0.95_stride100/Hangdian_80_000067,merge_test_700-1800_cr0.95_stride100,Hangdian_80_000067,1,12,0,UAV/0.JPG,map2019/merge_test_700-1800_cr0.95_stride100/Hangdian_80_000067/UAV/0.JPG
map2019/merge_test_700-1800_cr0.95_stride100/Hangdian_80_000068,merge_test_700-1800_cr0.95_stride100,Hangdian_80_000068,1,12,0,UAV/0.JPG,map2019/merge_test_700-1800_cr0.95_stride100/Hangdian_80_000068/UAV/0.JPG
map2019/merge_test_700-1800_cr0.95_stride100/Hangdian_80_000069,merge_test_700-1800_cr0.95_stride100,Hangdian_80_000069,1,12,0,UAV/0.JPG,map2019/merge_test_700-1800_cr0.95_stride100/Hangdian_80_000069/UAV/0.JPG
map2019/merge_test_700-1800_cr0.95_stride100/Hangdian_80_000070,merge_test_700-1800_cr0.95_stride100,Hangdian_80_000070,1,12,0,UAV/0.JPG,map2019/merge_test_700-1800_cr0.95_stride100/Hangdian_80_000070/UAV/0.JPG
map2019/merge_test_700-1800_cr0.95_stride100/Hangdian_80_000071,merge_test_700-1800_cr0.95_stride100,Hangdian_80_000071,1,12,0,UAV/0.JPG,map2019/merge_test_700-1800_cr0.95_stride100/Hangdian_80_000071/UAV/0.JPG
map2019/merge_test_700-1800_cr0.95_stride100/Hangdian_80_000072,merge_test_700-1800_cr0.95_stride100,Hangdian_80_000072,1,12,0,UAV/0.JPG,map2019/merge_test_700-1800_cr0.95_stride100/Hangdian_80_000072/UAV/0.JPG
map2019/merge_test_700-1800_cr0.95_stride100/Hangdian_80_000073,merge_test_700-1800_cr0.95_stride100,Hangdian_80_000073,1,12,0,UAV/0.JPG,map2019/merge_test_700-1800_cr0.95_stride100/Hangdian_80_000073/UAV/0.JPG
map2019/merge_test_700-1800_cr0.95_stride100/Hangdian_80_000074,merge_test_700-1800_cr0.95_stride100,Hangdian_80_000074,1,12,0,UAV/0.JPG,map2019/merge_test_700-1800_cr0.95_stride100/Hangdian_80_000074/UAV/0.JPG
map2019/merge_test_700-1800_cr0.95_stride100/Hangdian_80_000075,merge_test_700-1800_cr0.95_stride100,Hangdian_80_000075,1,12,0,UAV/0.JPG,map2019/merge_test_700-1800_cr0.95_stride100/Hangdian_80_000075/UAV/0.JPG
map2019/merge_test_700-1800_cr0.95_stride100/Hangdian_80_000076,merge_test_700-1800_cr0.95_stride100,Hangdian_80_000076,1,12,0,UAV/0.JPG,map2019/merge_test_700-1800_cr0.95_stride100/Hangdian_80_000076/UAV/0.JPG
map2019/merge_test_700-1800_cr0.95_stride100/Hangdian_80_000077,merge_test_700-1800_cr0.95_stride100,Hangdian_80_000077,1,12,0,UAV/0.JPG,map2019/merge_test_700-1800_cr0.95_stride100/Hangdian_80_000077/UAV/0.JPG
map2019/merge_test_700-1800_cr0.95_stride100/Hangdian_80_000078,merge_test_700-1800_cr0.95_stride100,Hangdian_80_000078,1,12,0,UAV/0.JPG,map2019/merge_test_700-1800_cr0.95_stride100/Hangdian_80_000078/UAV/0.JPG
map2019/merge_test_700-1800_cr0.95_stride100/Hangdian_80_000079,merge_test_700-1800_cr0.95_stride100,Hangdian_80_000079,1,12,0,UAV/0.JPG,map2019/merge_test_700-1800_cr0.95_stride100/Hangdian_80_000079/UAV/0.JPG
map2019/merge_test_700-1800_cr0.95_stride100/Hangdian_80_000080,merge_test_700-1800_cr0.95_stride100,Hangdian_80_000080,1,12,0,UAV/0.JPG,map2019/merge_test_700-1800_cr0.95_stride100/Hangdian_80_000080/UAV/0.JPG
map2019/merge_test_700-1800_cr0.95_stride100/Hangdian_80_000081,merge_test_700-1800_cr0.95_stride100,Hangdian_80_000081,1,12,0,UAV/0.JPG,map2019/merge_test_700-1800_cr0.95_stride100/Hangdian_80_000081/UAV/0.JPG
map2019/merge_test_700-1800_cr0.95_stride100/Hangdian_80_000082,merge_test_700-1800_cr0.95_stride100,Hangdian_80_000082,1,12,0,UAV/0.JPG,map2019/merge_test_700-1800_cr0.95_stride100/Hangdian_80_000082/UAV/0.JPG
map2019/merge_test_700-1800_cr0.95_stride100/Hangdian_80_000083,merge_test_700-1800_cr0.95_stride100,Hangdian_80_000083,1,12,0,UAV/0.JPG,map2019/merge_test_700-1800_cr0.95_stride100/Hangdian_80_000083/UAV/0.JPG
map2019/merge_test_700-1800_cr0.95_stride100/Hangdian_80_000084,merge_test_700-1800_cr0.95_stride100,Hangdian_80_000084,1,12,0,UAV/0.JPG,map2019/merge_test_700-1800_cr0.95_stride100/Hangdian_80_000084/UAV/0.JPG
map2019/merge_test_700-1800_cr0.95_stride100/Hangdian_80_000085,merge_test_700-1800_cr0.95_stride100,Hangdian_80_000085,1,12,0,UAV/0.JPG,map2019/merge_test_700-1800_cr0.95_stride100/Hangdian_80_000085/UAV/0.JPG
map2019/merge_test_700-1800_cr0.95_stride100/Hangdian_80_000086,merge_test_700-1800_cr0.95_stride100,Hangdian_80_000086,1,12,0,UAV/0.JPG,map2019/merge_test_700-1800_cr0.95_stride100/Hangdian_80_000086/UAV/0.JPG
map2019/merge_test_700-1800_cr0.95_stride100/Hangdian_80_000087,merge_test_700-1800_cr0.95_stride100,Hangdian_80_000087,1,12,0,UAV/0.JPG,map2019/merge_test_700-1800_cr0.95_stride100/Hangdian_80_000087/UAV/0.JPG
map2019/merge_test_700-1800_cr0.95_stride100/Hangdian_80_000088,merge_test_700-1800_cr0.95_stride100,Hangdian_80_000088,1,12,0,UAV/0.JPG,map2019/merge_test_700-1800_cr0.95_stride100/Hangdian_80_000088/UAV/0.JPG
map2019/merge_test_700-1800_cr0.95_stride100/Hangdian_80_000089,merge_test_700-1800_cr0.95_stride100,Hangdian_80_000089,1,12,0,UAV/0.JPG,map2019/merge_test_700-1800_cr0.95_stride100/Hangdian_80_000089/UAV/0.JPG
map2019/merge_test_700-1800_cr0.95_stride100/Hangdian_80_000090,merge_test_700-1800_cr0.95_stride100,Hangdian_80_000090,1,12,0,UAV/0.JPG,map2019/merge_test_700-1800_cr0.95_stride100/Hangdian_80_000090/UAV/0.JPG
map2019/merge_test_700-1800_cr0.95_stride100/Hangdian_80_000091,merge_test_700-1800_cr0.95_stride100,Hangdian_80_000091,1,12,0,UAV/0.JPG,map2019/merge_test_700-1800_cr0.95_stride100/Hangdian_80_000091/UAV/0.JPG
map2019/merge_test_700-1800_cr0.95_stride100/Hangdian_80_000092,merge_test_700-1800_cr0.95_stride100,Hangdian_80_000092,1,12,0,UAV/0.JPG,map2019/merge_test_700-1800_cr0.95_stride100/Hangdian_80_000092/UAV/0.JPG
map2019/merge_test_700-1800_cr0.95_stride100/Hangdian_80_000093,merge_test_700-1800_cr0.95_stride100,Hangdian_80_000093,1,12,0,UAV/0.JPG,map2019/merge_test_700-1800_cr0.95_stride100/Hangdian_80_000093/UAV/0.JPG
map2019/merge_test_700-1800_cr0.95_stride100/Hangdian_80_000094,merge_test_700-1800_cr0.95_stride100,Hangdian_80_000094,1,12,0,UAV/0.JPG,map2019/merge_test_700-1800_cr0.95_stride100/Hangdian_80_000094/UAV/0.JPG
map2019/merge_test_700-1800_cr0.95_stride100/Hangdian_80_000095,merge_test_700-1800_cr0.95_stride100,Hangdian_80_000095,1,12,0,UAV/0.JPG,map2019/merge_test_700-1800_cr0.95_stride100/Hangdian_80_000095/UAV/0.JPG
map2019/merge_test_700-1800_cr0.95_stride100/Hangdian_80_000096,merge_test_700-1800_cr0.95_stride100,Hangdian_80_000096,1,12,0,UAV/0.JPG,map2019/merge_test_700-1800_cr0.95_stride100/Hangdian_80_000096/UAV/0.JPG
map2019/merge_test_700-1800_cr0.95_stride100/Hangdian_80_000097,merge_test_700-1800_cr0.95_stride100,Hangdian_80_000097,1,12,0,UAV/0.JPG,map2019/merge_test_700-1800_cr0.95_stride100/Hangdian_80_000097/UAV/0.JPG
map2019/merge_test_700-1800_cr0.95_stride100/Hangdian_80_000098,merge_test_700-1800_cr0.95_stride100,Hangdian_80_000098,1,12,0,UAV/0.JPG,map2019/merge_test_700-1800_cr0.95_stride100/Hangdian_80_000098/UAV/0.JPG
map2019/merge_test_700-1800_cr0.95_stride100/Hangdian_80_000099,merge_test_700-1800_cr0.95_stride100,Hangdian_80_000099,1,12,0,UAV/0.JPG,map2019/merge_test_700-1800_cr0.95_stride100/Hangdian_80_000099/UAV/0.JPG
map2019/merge_test_700-1800_cr0.95_stride100/Hangdian_80_000100,merge_test_700-1800_cr0.95_stride100,Hangdian_80_000100,1,12,0,UAV/0.JPG,map2019/merge_test_700-1800_cr0.95_stride100/Hangdian_80_000100/UAV/0.JPG
map2019/merge_test_700-1800_cr0.95_stride100/Hangdian_80_000101,merge_test_700-1800_cr0.95_stride100,Hangdian_80_000101,1,12,0,UAV/0.JPG,map2019/merge_test_700-1800_cr0.95_stride100/Hangdian_80_000101/UAV/0.JPG
map2019/merge_test_700-1800_cr0.95_stride100/Hangdian_80_000102,merge_test_700-1800_cr0.95_stride100,Hangdian_80_000102,1,12,0,UAV/0.JPG,map2019/merge_test_700-1800_cr0.95_stride100/Hangdian_80_000102/UAV/0.JPG
map2019/merge_test_700-1800_cr0.95_stride100/Hangdian_80_000103,merge_test_700-1800_cr0.95_stride100,Hangdian_80_000103,1,12,0,UAV/0.JPG,map2019/merge_test_700-1800_cr0.95_stride100/Hangdian_80_000103/UAV/0.JPG
map2019/merge_test_700-1800_cr0.95_stride100/Hangdian_80_000104,merge_test_700-1800_cr0.95_stride100,Hangdian_80_000104,1,12,0,UAV/0.JPG,map2019/merge_test_700-1800_cr0.95_stride100/Hangdian_80_000104/UAV/0.JPG
map2019/merge_test_700-1800_cr0.95_stride100/Hangdian_80_000105,merge_test_700-1800_cr0.95_stride100,Hangdian_80_000105,1,12,0,UAV/0.JPG,map2019/merge_test_700-1800_cr0.95_stride100/Hangdian_80_000105/UAV/0.JPG
map2019/merge_test_700-1800_cr0.95_stride100/Hangdian_80_000106,merge_test_700-1800_cr0.95_stride100,Hangdian_80_000106,1,12,0,UAV/0.JPG,map2019/merge_test_700-1800_cr0.95_stride100/Hangdian_80_000106/UAV/0.JPG
map2019/merge_test_700-1800_cr0.95_stride100/Hangdian_80_000107,merge_test_700-1800_cr0.95_stride100,Hangdian_80_000107,1,12,0,UAV/0.JPG,map2019/merge_test_700-1800_cr0.95_stride100/Hangdian_80_000107/UAV/0.JPG
map2019/merge_test_700-1800_cr0.95_stride100/Hangdian_80_000108,merge_test_700-1800_cr0.95_stride100,Hangdian_80_000108,1,12,0,UAV/0.JPG,map2019/merge_test_700-1800_cr0.95_stride100/Hangdian_80_000108/UAV/0.JPG
map2019/merge_test_700-1800_cr0.95_stride100/Hangdian_80_000109,merge_test_700-1800_cr0.95_stride100,Hangdian_80_000109,1,12,0,UAV/0.JPG,map2019/merge_test_700-1800_cr0.95_stride100/Hangdian_80_000109/UAV/0.JPG
map2019/merge_test_700-1800_cr0.95_stride100/Hangdian_80_000110,merge_test_700-1800_cr0.95_stride100,Hangdian_80_000110,1,12,0,UAV/0.JPG,map2019/merge_test_700-1800_cr0.95_stride100/Hangdian_80_000110/UAV/0.JPG
map2019/merge_test_700-1800_cr0.95_stride100/Hangdian_80_000111,merge_test_700-1800_cr0.95_stride100,Hangdian_80_000111,1,12,0,UAV/0.JPG,map2019/merge_test_700-1800_cr0.95_stride100/Hangdian_80_000111/UAV/0.JPG
map2019/merge_test_700-1800_cr0.95_stride100/Hangdian_80_000112,merge_test_700-1800_cr0.95_stride100,Hangdian_80_000112,1,12,0,UAV/0.JPG,map2019/merge_test_700-1800_cr0.95_stride100/Hangdian_80_000112/UAV/0.JPG
map2019/merge_test_700-1800_cr0.95_stride100/Hangdian_80_000113,merge_test_700-1800_cr0.95_stride100,Hangdian_80_000113,1,12,0,UAV/0.JPG,map2019/merge_test_700-1800_cr0.95_stride100/Hangdian_80_000113/UAV/0.JPG
map2019/merge_test_700-1800_cr0.95_stride100/Hangdian_80_000114,merge_test_700-1800_cr0.95_stride100,Hangdian_80_000114,1,12,0,UAV/0.JPG,map2019/merge_test_700-1800_cr0.95_stride100/Hangdian_80_000114/UAV/0.JPG
map2019/merge_test_700-1800_cr0.95_stride100/Hangdian_80_000115,merge_test_700-1800_cr0.95_stride100,Hangdian_80_000115,1,12,0,UAV/0.JPG,map2019/merge_test_700-1800_cr0.95_stride100/Hangdian_80_000115/UAV/0.JPG
map2019/merge_test_700-1800_cr0.95_stride100/Hangdian_80_000116,merge_test_700-1800_cr0.95_stride100,Hangdian_80_000116,1,12,0,UAV/0.JPG,map2019/merge_test_700-1800_cr0.95_stride100/Hangdian_80_000116/UAV/0.JPG
map2019/merge_test_700-1800_cr0.95_stride100/Hangdian_80_000117,merge_test_700-1800_cr0.95_stride100,Hangdian_80_000117,1,12,0,UAV/0.JPG,map2019/merge_test_700-1800_cr0.95_stride100/Hangdian_80_000117/UAV/0.JPG
map2019/merge_test_700-1800_cr0.95_stride100/Hangdian_80_000118,merge_test_700-1800_cr0.95_stride100,Hangdian_80_000118,1,12,0,UAV/0.JPG,map2019/merge_test_700-1800_cr0.95_stride100/Hangdian_80_000118/UAV/0.JPG
map2019/merge_test_700-1800_cr0.95_stride100/Hangdian_80_000119,merge_test_700-1800_cr0.95_stride100,Hangdian_80_000119,1,12,0,UAV/0.JPG,map2019/merge_test_700-1800_cr0.95_stride100/Hangdian_80_000119/UAV/0.JPG
map2019/merge_test_700-1800_cr0.95_stride100/Hangdian_80_000120,merge_test_700-1800_cr0.95_stride100,Hangdian_80_000120,1,12,0,UAV/0.JPG,map2019/merge_test_700-1800_cr0.95_stride100/Hangdian_80_000120/UAV/0.JPG
map2019/merge_test_700-1800_cr0.95_stride100/Hangdian_80_000121,merge_test_700-1800_cr0.95_stride100,Hangdian_80_000121,1,12,0,UAV/0.JPG,map2019/merge_test_700-1800_cr0.95_stride100/Hangdian_80_000121/UAV/0.JPG
map2019/merge_test_700-1800_cr0.95_stride100/Hangdian_80_000122,merge_test_700-1800_cr0.95_stride100,Hangdian_80_000122,1,12,0,UAV/0.JPG,map2019/merge_test_700-1800_cr0.95_stride100/Hangdian_80_000122/UAV/0.JPG
map2019/merge_test_700-1800_cr0.95_stride100/Hangdian_80_000123,merge_test_700-1800_cr0.95_stride100,Hangdian_80_000123,1,12,0,UAV/0.JPG,map2019/merge_test_700-1800_cr0.95_stride100/Hangdian_80_000123/UAV/0.JPG
map2019/merge_test_700-1800_cr0.95_stride100/Hangdian_80_000124,merge_test_700-1800_cr0.95_stride100,Hangdian_80_000124,1,12,0,UAV/0.JPG,map2019/merge_test_700-1800_cr0.95_stride100/Hangdian_80_000124/UAV/0.JPG
map2019/merge_test_700-1800_cr0.95_stride100/Hangdian_80_000125,merge_test_700-1800_cr0.95_stride100,Hangdian_80_000125,1,12,0,UAV/0.JPG,map2019/merge_test_700-1800_cr0.95_stride100/Hangdian_80_000125/UAV/0.JPG
map2019/merge_test_700-1800_cr0.95_stride100/Hangdian_80_000126,merge_test_700-1800_cr0.95_stride100,Hangdian_80_000126,1,12,0,UAV/0.JPG,map2019/merge_test_700-1800_cr0.95_stride100/Hangdian_80_000126/UAV/0.JPG
map2019/merge_test_700-1800_cr0.95_stride100/Hangdian_80_000127,merge_test_700-1800_cr0.95_stride100,Hangdian_80_000127,1,12,0,UAV/0.JPG,map2019/merge_test_700-1800_cr0.95_stride100/Hangdian_80_000127/UAV/0.JPG
map2019/merge_test_700-1800_cr0.95_stride100/Hangdian_80_000128,merge_test_700-1800_cr0.95_stride100,Hangdian_80_000128,1,12,0,UAV/0.JPG,map2019/merge_test_700-1800_cr0.95_stride100/Hangdian_80_000128/UAV/0.JPG
map2019/merge_test_700-1800_cr0.95_stride100/Hangdian_80_000129,merge_test_700-1800_cr0.95_stride100,Hangdian_80_000129,1,12,0,UAV/0.JPG,map2019/merge_test_700-1800_cr0.95_stride100/Hangdian_80_000129/UAV/0.JPG
map2019/merge_test_700-1800_cr0.95_stride100/Hangdian_80_000130,merge_test_700-1800_cr0.95_stride100,Hangdian_80_000130,1,12,0,UAV/0.JPG,map2019/merge_test_700-1800_cr0.95_stride100/Hangdian_80_000130/UAV/0.JPG
map2019/merge_test_700-1800_cr0.95_stride100/Hangdian_80_000131,merge_test_700-1800_cr0.95_stride100,Hangdian_80_000131,1,12,0,UAV/0.JPG,map2019/merge_test_700-1800_cr0.95_stride100/Hangdian_80_000131/UAV/0.JPG
map2019/merge_test_700-1800_cr0.95_stride100/Hangdian_80_000132,merge_test_700-1800_cr0.95_stride100,Hangdian_80_000132,1,12,0,UAV/0.JPG,map2019/merge_test_700-1800_cr0.95_stride100/Hangdian_80_000132/UAV/0.JPG
map2019/merge_test_700-1800_cr0.95_stride100/Hangdian_80_000133,merge_test_700-1800_cr0.95_stride100,Hangdian_80_000133,1,12,0,UAV/0.JPG,map2019/merge_test_700-1800_cr0.95_stride100/Hangdian_80_000133/UAV/0.JPG
map2019/merge_test_700-1800_cr0.95_stride100/Hangdian_80_000134,merge_test_700-1800_cr0.95_stride100,Hangdian_80_000134,1,12,0,UAV/0.JPG,map2019/merge_test_700-1800_cr0.95_stride100/Hangdian_80_000134/UAV/0.JPG
map2019/merge_test_700-1800_cr0.95_stride100/Hangdian_80_000135,merge_test_700-1800_cr0.95_stride100,Hangdian_80_000135,1,12,0,UAV/0.JPG,map2019/merge_test_700-1800_cr0.95_stride100/Hangdian_80_000135/UAV/0.JPG
map2019/merge_test_700-1800_cr0.95_stride100/Hangdian_80_000136,merge_test_700-1800_cr0.95_stride100,Hangdian_80_000136,1,12,0,UAV/0.JPG,map2019/merge_test_700-1800_cr0.95_stride100/Hangdian_80_000136/UAV/0.JPG
map2019/merge_test_700-1800_cr0.95_stride100/Hangdian_80_000137,merge_test_700-1800_cr0.95_stride100,Hangdian_80_000137,1,12,0,UAV/0.JPG,map2019/merge_test_700-1800_cr0.95_stride100/Hangdian_80_000137/UAV/0.JPG
map2019/merge_test_700-1800_cr0.95_stride100/Hangdian_80_000138,merge_test_700-1800_cr0.95_stride100,Hangdian_80_000138,1,12,0,UAV/0.JPG,map2019/merge_test_700-1800_cr0.95_stride100/Hangdian_80_000138/UAV/0.JPG
map2019/merge_test_700-1800_cr0.95_stride100/Hangdian_80_000139,merge_test_700-1800_cr0.95_stride100,Hangdian_80_000139,1,12,0,UAV/0.JPG,map2019/merge_test_700-1800_cr0.95_stride100/Hangdian_80_000139/UAV/0.JPG
map2019/merge_test_700-1800_cr0.95_stride100/Hangdian_80_000140,merge_test_700-1800_cr0.95_stride100,Hangdian_80_000140,1,12,0,UAV/0.JPG,map2019/merge_test_700-1800_cr0.95_stride100/Hangdian_80_000140/UAV/0.JPG
map2019/merge_test_700-1800_cr0.95_stride100/Hangdian_80_000141,merge_test_700-1800_cr0.95_stride100,Hangdian_80_000141,1,12,0,UAV/0.JPG,map2019/merge_test_700-1800_cr0.95_stride100/Hangdian_80_000141/UAV/0.JPG
map2019/merge_test_700-1800_cr0.95_stride100/Hangdian_80_000142,merge_test_700-1800_cr0.95_stride100,Hangdian_80_000142,1,12,0,UAV/0.JPG,map2019/merge_test_700-1800_cr0.95_stride100/Hangdian_80_000142/UAV/0.JPG
map2019/merge_test_700-1800_cr0.95_stride100/Hangdian_80_000143,merge_test_700-1800_cr0.95_stride100,Hangdian_80_000143,1,12,0,UAV/0.JPG,map2019/merge_test_700-1800_cr0.95_stride100/Hangdian_80_000143/UAV/0.JPG
map2019/merge_test_700-1800_cr0.95_stride100/Hangdian_80_000144,merge_test_700-1800_cr0.95_stride100,Hangdian_80_000144,1,12,0,UAV/0.JPG,map2019/merge_test_700-1800_cr0.95_stride100/Hangdian_80_000144/UAV/0.JPG
map2019/merge_test_700-1800_cr0.95_stride100/Hangdian_80_000145,merge_test_700-1800_cr0.95_stride100,Hangdian_80_000145,1,12,0,UAV/0.JPG,map2019/merge_test_700-1800_cr0.95_stride100/Hangdian_80_000145/UAV/0.JPG
map2019/merge_test_700-1800_cr0.95_stride100/Hangdian_80_000146,merge_test_700-1800_cr0.95_stride100,Hangdian_80_000146,1,12,0,UAV/0.JPG,map2019/merge_test_700-1800_cr0.95_stride100/Hangdian_80_000146/UAV/0.JPG
map2019/merge_test_700-1800_cr0.95_stride100/Hangdian_80_000147,merge_test_700-1800_cr0.95_stride100,Hangdian_80_000147,1,12,0,UAV/0.JPG,map2019/merge_test_700-1800_cr0.95_stride100/Hangdian_80_000147/UAV/0.JPG
map2019/merge_test_700-1800_cr0.95_stride100/Hangdian_80_000148,merge_test_700-1800_cr0.95_stride100,Hangdian_80_000148,1,12,0,UAV/0.JPG,map2019/merge_test_700-1800_cr0.95_stride100/Hangdian_80_000148/UAV/0.JPG
map2019/merge_test_700-1800_cr0.95_stride100/Hangdian_80_000149,merge_test_700-1800_cr0.95_stride100,Hangdian_80_000149,1,12,0,UAV/0.JPG,map2019/merge_test_700-1800_cr0.95_stride100/Hangdian_80_000149/UAV/0.JPG
map2019/merge_test_700-1800_cr0.95_stride100/Hangdian_80_000150,merge_test_700-1800_cr0.95_stride100,Hangdian_80_000150,1,12,0,UAV/0.JPG,map2019/merge_test_700-1800_cr0.95_stride100/Hangdian_80_000150/UAV/0.JPG
map2019/merge_test_700-1800_cr0.95_stride100/Hangdian_80_000151,merge_test_700-1800_cr0.95_stride100,Hangdian_80_000151,1,12,0,UAV/0.JPG,map2019/merge_test_700-1800_cr0.95_stride100/Hangdian_80_000151/UAV/0.JPG
map2019/merge_test_700-1800_cr0.95_stride100/Hangdian_80_000152,merge_test_700-1800_cr0.95_stride100,Hangdian_80_000152,1,12,0,UAV/0.JPG,map2019/merge_test_700-1800_cr0.95_stride100/Hangdian_80_000152/UAV/0.JPG
map2019/merge_test_700-1800_cr0.95_stride100/Hangdian_80_000153,merge_test_700-1800_cr0.95_stride100,Hangdian_80_000153,1,12,0,UAV/0.JPG,map2019/merge_test_700-1800_cr0.95_stride100/Hangdian_80_000153/UAV/0.JPG
map2019/merge_test_700-1800_cr0.95_stride100/Hangdian_80_000154,merge_test_700-1800_cr0.95_stride100,Hangdian_80_000154,1,12,0,UAV/0.JPG,map2019/merge_test_700-1800_cr0.95_stride100/Hangdian_80_000154/UAV/0.JPG
map2019/merge_test_700-1800_cr0.95_stride100/Hangdian_80_000155,merge_test_700-1800_cr0.95_stride100,Hangdian_80_000155,1,12,0,UAV/0.JPG,map2019/merge_test_700-1800_cr0.95_stride100/Hangdian_80_000155/UAV/0.JPG
map2019/merge_test_700-1800_cr0.95_stride100/Hangdian_80_000156,merge_test_700-1800_cr0.95_stride100,Hangdian_80_000156,1,12,0,UAV/0.JPG,map2019/merge_test_700-1800_cr0.95_stride100/Hangdian_80_000156/UAV/0.JPG
map2019/merge_test_700-1800_cr0.95_stride100/Hangdian_80_000157,merge_test_700-1800_cr0.95_stride100,Hangdian_80_000157,1,12,0,UAV/0.JPG,map2019/merge_test_700-1800_cr0.95_stride100/Hangdian_80_000157/UAV/0.JPG
map2019/merge_test_700-1800_cr0.95_stride100/Hangdian_80_000158,merge_test_700-1800_cr0.95_stride100,Hangdian_80_000158,1,12,0,UAV/0.JPG,map2019/merge_test_700-1800_cr0.95_stride100/Hangdian_80_000158/UAV/0.JPG
map2019/merge_test_700-1800_cr0.95_stride100/Hangdian_80_000159,merge_test_700-1800_cr0.95_stride100,Hangdian_80_000159,1,12,0,UAV/0.JPG,map2019/merge_test_700-1800_cr0.95_stride100/Hangdian_80_000159/UAV/0.JPG
map2019/merge_test_700-1800_cr0.95_stride100/Hangdian_80_000160,merge_test_700-1800_cr0.95_stride100,Hangdian_80_000160,1,12,0,UAV/0.JPG,map2019/merge_test_700-1800_cr0.95_stride100/Hangdian_80_000160/UAV/0.JPG
map2019/merge_test_700-1800_cr0.95_stride100/Hangdian_80_000161,merge_test_700-1800_cr0.95_stride100,Hangdian_80_000161,1,12,0,UAV/0.JPG,map2019/merge_test_700-1800_cr0.95_stride100/Hangdian_80_000161/UAV/0.JPG
map2019/merge_test_700-1800_cr0.95_stride100/Hangdian_80_000162,merge_test_700-1800_cr0.95_stride100,Hangdian_80_000162,1,12,0,UAV/0.JPG,map2019/merge_test_700-1800_cr0.95_stride100/Hangdian_80_000162/UAV/0.JPG
map2019/merge_test_700-1800_cr0.95_stride100/Hangdian_80_000163,merge_test_700-1800_cr0.95_stride100,Hangdian_80_000163,1,12,0,UAV/0.JPG,map2019/merge_test_700-1800_cr0.95_stride100/Hangdian_80_000163/UAV/0.JPG
map2019/merge_test_700-1800_cr0.95_stride100/Hangdian_80_000164,merge_test_700-1800_cr0.95_stride100,Hangdian_80_000164,1,12,0,UAV/0.JPG,map2019/merge_test_700-1800_cr0.95_stride100/Hangdian_80_000164/UAV/0.JPG
map2019/merge_test_700-1800_cr0.95_stride100/Hangdian_80_000165,merge_test_700-1800_cr0.95_stride100,Hangdian_80_000165,1,12,0,UAV/0.JPG,map2019/merge_test_700-1800_cr0.95_stride100/Hangdian_80_000165/UAV/0.JPG
map2019/merge_test_700-1800_cr0.95_stride100/Hangdian_80_000166,merge_test_700-1800_cr0.95_stride100,Hangdian_80_000166,1,12,0,UAV/0.JPG,map2019/merge_test_700-1800_cr0.95_stride100/Hangdian_80_000166/UAV/0.JPG
map2019/merge_test_700-1800_cr0.95_stride100/Hangdian_80_000167,merge_test_700-1800_cr0.95_stride100,Hangdian_80_000167,1,12,0,UAV/0.JPG,map2019/merge_test_700-1800_cr0.95_stride100/Hangdian_80_000167/UAV/0.JPG
map2019/merge_test_700-1800_cr0.95_stride100/Hangdian_80_000168,merge_test_700-1800_cr0.95_stride100,Hangdian_80_000168,1,12,0,UAV/0.JPG,map2019/merge_test_700-1800_cr0.95_stride100/Hangdian_80_000168/UAV/0.JPG
map2019/merge_test_700-1800_cr0.95_stride100/Hangdian_80_000169,merge_test_700-1800_cr0.95_stride100,Hangdian_80_000169,1,12,0,UAV/0.JPG,map2019/merge_test_700-1800_cr0.95_stride100/Hangdian_80_000169/UAV/0.JPG
map2019/merge_test_700-1800_cr0.95_stride100/Hangdian_80_000170,merge_test_700-1800_cr0.95_stride100,Hangdian_80_000170,1,12,0,UAV/0.JPG,map2019/merge_test_700-1800_cr0.95_stride100/Hangdian_80_000170/UAV/0.JPG
map2019/merge_test_700-1800_cr0.95_stride100/Hangdian_80_000171,merge_test_700-1800_cr0.95_stride100,Hangdian_80_000171,1,12,0,UAV/0.JPG,map2019/merge_test_700-1800_cr0.95_stride100/Hangdian_80_000171/UAV/0.JPG
map2019/merge_test_700-1800_cr0.95_stride100/Hangdian_80_000172,merge_test_700-1800_cr0.95_stride100,Hangdian_80_000172,1,12,0,UAV/0.JPG,map2019/merge_test_700-1800_cr0.95_stride100/Hangdian_80_000172/UAV/0.JPG
map2019/merge_test_700-1800_cr0.95_stride100/Hangdian_80_000173,merge_test_700-1800_cr0.95_stride100,Hangdian_80_000173,1,12,0,UAV/0.JPG,map2019/merge_test_700-1800_cr0.95_stride100/Hangdian_80_000173/UAV/0.JPG
map2019/merge_test_700-1800_cr0.95_stride100/Hangdian_80_000174,merge_test_700-1800_cr0.95_stride100,Hangdian_80_000174,1,12,0,UAV/0.JPG,map2019/merge_test_700-1800_cr0.95_stride100/Hangdian_80_000174/UAV/0.JPG
map2019/merge_test_700-1800_cr0.95_stride100/Hangdian_80_000175,merge_test_700-1800_cr0.95_stride100,Hangdian_80_000175,1,12,0,UAV/0.JPG,map2019/merge_test_700-1800_cr0.95_stride100/Hangdian_80_000175/UAV/0.JPG
map2019/merge_test_700-1800_cr0.95_stride100/Hangdian_80_000176,merge_test_700-1800_cr0.95_stride100,Hangdian_80_000176,1,12,0,UAV/0.JPG,map2019/merge_test_700-1800_cr0.95_stride100/Hangdian_80_000176/UAV/0.JPG
map2019/merge_test_700-1800_cr0.95_stride100/Hangdian_90_000000,merge_test_700-1800_cr0.95_stride100,Hangdian_90_000000,1,12,0,UAV/0.JPG,map2019/merge_test_700-1800_cr0.95_stride100/Hangdian_90_000000/UAV/0.JPG
map2019/merge_test_700-1800_cr0.95_stride100/Hangdian_90_000001,merge_test_700-1800_cr0.95_stride100,Hangdian_90_000001,1,12,0,UAV/0.JPG,map2019/merge_test_700-1800_cr0.95_stride100/Hangdian_90_000001/UAV/0.JPG
map2019/merge_test_700-1800_cr0.95_stride100/Hangdian_90_000002,merge_test_700-1800_cr0.95_stride100,Hangdian_90_000002,1,12,0,UAV/0.JPG,map2019/merge_test_700-1800_cr0.95_stride100/Hangdian_90_000002/UAV/0.JPG
map2019/merge_test_700-1800_cr0.95_stride100/Hangdian_90_000003,merge_test_700-1800_cr0.95_stride100,Hangdian_90_000003,1,12,0,UAV/0.JPG,map2019/merge_test_700-1800_cr0.95_stride100/Hangdian_90_000003/UAV/0.JPG
map2019/merge_test_700-1800_cr0.95_stride100/Hangdian_90_000004,merge_test_700-1800_cr0.95_stride100,Hangdian_90_000004,1,12,0,UAV/0.JPG,map2019/merge_test_700-1800_cr0.95_stride100/Hangdian_90_000004/UAV/0.JPG
map2019/merge_test_700-1800_cr0.95_stride100/Hangdian_90_000005,merge_test_700-1800_cr0.95_stride100,Hangdian_90_000005,1,12,0,UAV/0.JPG,map2019/merge_test_700-1800_cr0.95_stride100/Hangdian_90_000005/UAV/0.JPG
map2019/merge_test_700-1800_cr0.95_stride100/Hangdian_90_000006,merge_test_700-1800_cr0.95_stride100,Hangdian_90_000006,1,12,0,UAV/0.JPG,map2019/merge_test_700-1800_cr0.95_stride100/Hangdian_90_000006/UAV/0.JPG
map2019/merge_test_700-1800_cr0.95_stride100/Hangdian_90_000007,merge_test_700-1800_cr0.95_stride100,Hangdian_90_000007,1,12,0,UAV/0.JPG,map2019/merge_test_700-1800_cr0.95_stride100/Hangdian_90_000007/UAV/0.JPG
map2019/merge_test_700-1800_cr0.95_stride100/Hangdian_90_000008,merge_test_700-1800_cr0.95_stride100,Hangdian_90_000008,1,12,0,UAV/0.JPG,map2019/merge_test_700-1800_cr0.95_stride100/Hangdian_90_000008/UAV/0.JPG
map2019/merge_test_700-1800_cr0.95_stride100/Hangdian_90_000009,merge_test_700-1800_cr0.95_stride100,Hangdian_90_000009,1,12,0,UAV/0.JPG,map2019/merge_test_700-1800_cr0.95_stride100/Hangdian_90_000009/UAV/0.JPG
map2019/merge_test_700-1800_cr0.95_stride100/Hangdian_90_000010,merge_test_700-1800_cr0.95_stride100,Hangdian_90_000010,1,12,0,UAV/0.JPG,map2019/merge_test_700-1800_cr0.95_stride100/Hangdian_90_000010/UAV/0.JPG
map2019/merge_test_700-1800_cr0.95_stride100/Hangdian_90_000011,merge_test_700-1800_cr0.95_stride100,Hangdian_90_000011,1,12,0,UAV/0.JPG,map2019/merge_test_700-1800_cr0.95_stride100/Hangdian_90_000011/UAV/0.JPG
map2019/merge_test_700-1800_cr0.95_stride100/Hangdian_90_000012,merge_test_700-1800_cr0.95_stride100,Hangdian_90_000012,1,12,0,UAV/0.JPG,map2019/merge_test_700-1800_cr0.95_stride100/Hangdian_90_000012/UAV/0.JPG
map2019/merge_test_700-1800_cr0.95_stride100/Hangdian_90_000013,merge_test_700-1800_cr0.95_stride100,Hangdian_90_000013,1,12,0,UAV/0.JPG,map2019/merge_test_700-1800_cr0.95_stride100/Hangdian_90_000013/UAV/0.JPG
map2019/merge_test_700-1800_cr0.95_stride100/Hangdian_90_000014,merge_test_700-1800_cr0.95_stride100,Hangdian_90_000014,1,12,0,UAV/0.JPG,map2019/merge_test_700-1800_cr0.95_stride100/Hangdian_90_000014/UAV/0.JPG
map2019/merge_test_700-1800_cr0.95_stride100/Hangdian_90_000015,merge_test_700-1800_cr0.95_stride100,Hangdian_90_000015,1,12,0,UAV/0.JPG,map2019/merge_test_700-1800_cr0.95_stride100/Hangdian_90_000015/UAV/0.JPG
map2019/merge_test_700-1800_cr0.95_stride100/Hangdian_90_000016,merge_test_700-1800_cr0.95_stride100,Hangdian_90_000016,1,12,0,UAV/0.JPG,map2019/merge_test_700-1800_cr0.95_stride100/Hangdian_90_000016/UAV/0.JPG
map2019/merge_test_700-1800_cr0.95_stride100/Hangdian_90_000017,merge_test_700-1800_cr0.95_stride100,Hangdian_90_000017,1,12,0,UAV/0.JPG,map2019/merge_test_700-1800_cr0.95_stride100/Hangdian_90_000017/UAV/0.JPG
map2019/merge_test_700-1800_cr0.95_stride100/Hangdian_90_000018,merge_test_700-1800_cr0.95_stride100,Hangdian_90_000018,1,12,0,UAV/0.JPG,map2019/merge_test_700-1800_cr0.95_stride100/Hangdian_90_000018/UAV/0.JPG
map2019/merge_test_700-1800_cr0.95_stride100/Hangdian_90_000019,merge_test_700-1800_cr0.95_stride100,Hangdian_90_000019,1,12,0,UAV/0.JPG,map2019/merge_test_700-1800_cr0.95_stride100/Hangdian_90_000019/UAV/0.JPG
map2019/merge_test_700-1800_cr0.95_stride100/Hangdian_90_000020,merge_test_700-1800_cr0.95_stride100,Hangdian_90_000020,1,12,0,UAV/0.JPG,map2019/merge_test_700-1800_cr0.95_stride100/Hangdian_90_000020/UAV/0.JPG
map2019/merge_test_700-1800_cr0.95_stride100/Hangdian_90_000021,merge_test_700-1800_cr0.95_stride100,Hangdian_90_000021,1,12,0,UAV/0.JPG,map2019/merge_test_700-1800_cr0.95_stride100/Hangdian_90_000021/UAV/0.JPG
map2019/merge_test_700-1800_cr0.95_stride100/Hangdian_90_000022,merge_test_700-1800_cr0.95_stride100,Hangdian_90_000022,1,12,0,UAV/0.JPG,map2019/merge_test_700-1800_cr0.95_stride100/Hangdian_90_000022/UAV/0.JPG
map2019/merge_test_700-1800_cr0.95_stride100/Hangdian_90_000023,merge_test_700-1800_cr0.95_stride100,Hangdian_90_000023,1,12,0,UAV/0.JPG,map2019/merge_test_700-1800_cr0.95_stride100/Hangdian_90_000023/UAV/0.JPG
map2019/merge_test_700-1800_cr0.95_stride100/Hangdian_90_000024,merge_test_700-1800_cr0.95_stride100,Hangdian_90_000024,1,12,0,UAV/0.JPG,map2019/merge_test_700-1800_cr0.95_stride100/Hangdian_90_000024/UAV/0.JPG
map2019/merge_test_700-1800_cr0.95_stride100/Hangdian_90_000025,merge_test_700-1800_cr0.95_stride100,Hangdian_90_000025,1,12,0,UAV/0.JPG,map2019/merge_test_700-1800_cr0.95_stride100/Hangdian_90_000025/UAV/0.JPG
map2019/merge_test_700-1800_cr0.95_stride100/Hangdian_90_000026,merge_test_700-1800_cr0.95_stride100,Hangdian_90_000026,1,12,0,UAV/0.JPG,map2019/merge_test_700-1800_cr0.95_stride100/Hangdian_90_000026/UAV/0.JPG
map2019/merge_test_700-1800_cr0.95_stride100/Hangdian_90_000027,merge_test_700-1800_cr0.95_stride100,Hangdian_90_000027,1,12,0,UAV/0.JPG,map2019/merge_test_700-1800_cr0.95_stride100/Hangdian_90_000027/UAV/0.JPG
map2019/merge_test_700-1800_cr0.95_stride100/Hangdian_90_000028,merge_test_700-1800_cr0.95_stride100,Hangdian_90_000028,1,12,0,UAV/0.JPG,map2019/merge_test_700-1800_cr0.95_stride100/Hangdian_90_000028/UAV/0.JPG
map2019/merge_test_700-1800_cr0.95_stride100/Hangdian_90_000029,merge_test_700-1800_cr0.95_stride100,Hangdian_90_000029,1,12,0,UAV/0.JPG,map2019/merge_test_700-1800_cr0.95_stride100/Hangdian_90_000029/UAV/0.JPG
map2019/merge_test_700-1800_cr0.95_stride100/Hangdian_90_000030,merge_test_700-1800_cr0.95_stride100,Hangdian_90_000030,1,12,0,UAV/0.JPG,map2019/merge_test_700-1800_cr0.95_stride100/Hangdian_90_000030/UAV/0.JPG
map2019/merge_test_700-1800_cr0.95_stride100/Hangdian_90_000031,merge_test_700-1800_cr0.95_stride100,Hangdian_90_000031,1,12,0,UAV/0.JPG,map2019/merge_test_700-1800_cr0.95_stride100/Hangdian_90_000031/UAV/0.JPG
map2019/merge_test_700-1800_cr0.95_stride100/Hangdian_90_000032,merge_test_700-1800_cr0.95_stride100,Hangdian_90_000032,1,12,0,UAV/0.JPG,map2019/merge_test_700-1800_cr0.95_stride100/Hangdian_90_000032/UAV/0.JPG
map2019/merge_test_700-1800_cr0.95_stride100/Hangdian_90_000033,merge_test_700-1800_cr0.95_stride100,Hangdian_90_000033,1,12,0,UAV/0.JPG,map2019/merge_test_700-1800_cr0.95_stride100/Hangdian_90_000033/UAV/0.JPG
map2019/merge_test_700-1800_cr0.95_stride100/Hangdian_90_000034,merge_test_700-1800_cr0.95_stride100,Hangdian_90_000034,1,12,0,UAV/0.JPG,map2019/merge_test_700-1800_cr0.95_stride100/Hangdian_90_000034/UAV/0.JPG
map2019/merge_test_700-1800_cr0.95_stride100/Hangdian_90_000035,merge_test_700-1800_cr0.95_stride100,Hangdian_90_000035,1,12,0,UAV/0.JPG,map2019/merge_test_700-1800_cr0.95_stride100/Hangdian_90_000035/UAV/0.JPG
map2019/merge_test_700-1800_cr0.95_stride100/Hangdian_90_000036,merge_test_700-1800_cr0.95_stride100,Hangdian_90_000036,1,12,0,UAV/0.JPG,map2019/merge_test_700-1800_cr0.95_stride100/Hangdian_90_000036/UAV/0.JPG
map2019/merge_test_700-1800_cr0.95_stride100/Hangdian_90_000037,merge_test_700-1800_cr0.95_stride100,Hangdian_90_000037,1,12,0,UAV/0.JPG,map2019/merge_test_700-1800_cr0.95_stride100/Hangdian_90_000037/UAV/0.JPG
map2019/merge_test_700-1800_cr0.95_stride100/Hangdian_90_000038,merge_test_700-1800_cr0.95_stride100,Hangdian_90_000038,1,12,0,UAV/0.JPG,map2019/merge_test_700-1800_cr0.95_stride100/Hangdian_90_000038/UAV/0.JPG
map2019/merge_test_700-1800_cr0.95_stride100/Hangdian_90_000039,merge_test_700-1800_cr0.95_stride100,Hangdian_90_000039,1,12,0,UAV/0.JPG,map2019/merge_test_700-1800_cr0.95_stride100/Hangdian_90_000039/UAV/0.JPG
map2019/merge_test_700-1800_cr0.95_stride100/Hangdian_90_000040,merge_test_700-1800_cr0.95_stride100,Hangdian_90_000040,1,12,0,UAV/0.JPG,map2019/merge_test_700-1800_cr0.95_stride100/Hangdian_90_000040/UAV/0.JPG
map2019/merge_test_700-1800_cr0.95_stride100/Hangdian_90_000041,merge_test_700-1800_cr0.95_stride100,Hangdian_90_000041,1,12,0,UAV/0.JPG,map2019/merge_test_700-1800_cr0.95_stride100/Hangdian_90_000041/UAV/0.JPG
map2019/merge_test_700-1800_cr0.95_stride100/Hangdian_90_000042,merge_test_700-1800_cr0.95_stride100,Hangdian_90_000042,1,12,0,UAV/0.JPG,map2019/merge_test_700-1800_cr0.95_stride100/Hangdian_90_000042/UAV/0.JPG
map2019/merge_test_700-1800_cr0.95_stride100/Hangdian_90_000043,merge_test_700-1800_cr0.95_stride100,Hangdian_90_000043,1,12,0,UAV/0.JPG,map2019/merge_test_700-1800_cr0.95_stride100/Hangdian_90_000043/UAV/0.JPG
map2019/merge_test_700-1800_cr0.95_stride100/Hangdian_90_000044,merge_test_700-1800_cr0.95_stride100,Hangdian_90_000044,1,12,0,UAV/0.JPG,map2019/merge_test_700-1800_cr0.95_stride100/Hangdian_90_000044/UAV/0.JPG
map2019/merge_test_700-1800_cr0.95_stride100/Hangdian_90_000045,merge_test_700-1800_cr0.95_stride100,Hangdian_90_000045,1,12,0,UAV/0.JPG,map2019/merge_test_700-1800_cr0.95_stride100/Hangdian_90_000045/UAV/0.JPG
map2019/merge_test_700-1800_cr0.95_stride100/Hangdian_90_000046,merge_test_700-1800_cr0.95_stride100,Hangdian_90_000046,1,12,0,UAV/0.JPG,map2019/merge_test_700-1800_cr0.95_stride100/Hangdian_90_000046/UAV/0.JPG
map2019/merge_test_700-1800_cr0.95_stride100/Hangdian_90_000047,merge_test_700-1800_cr0.95_stride100,Hangdian_90_000047,1,12,0,UAV/0.JPG,map2019/merge_test_700-1800_cr0.95_stride100/Hangdian_90_000047/UAV/0.JPG
map2019/merge_test_700-1800_cr0.95_stride100/Hangdian_90_000048,merge_test_700-1800_cr0.95_stride100,Hangdian_90_000048,1,12,0,UAV/0.JPG,map2019/merge_test_700-1800_cr0.95_stride100/Hangdian_90_000048/UAV/0.JPG
map2019/merge_test_700-1800_cr0.95_stride100/Hangdian_90_000049,merge_test_700-1800_cr0.95_stride100,Hangdian_90_000049,1,12,0,UAV/0.JPG,map2019/merge_test_700-1800_cr0.95_stride100/Hangdian_90_000049/UAV/0.JPG
map2019/merge_test_700-1800_cr0.95_stride100/Hangdian_90_000050,merge_test_700-1800_cr0.95_stride100,Hangdian_90_000050,1,12,0,UAV/0.JPG,map2019/merge_test_700-1800_cr0.95_stride100/Hangdian_90_000050/UAV/0.JPG
map2019/merge_test_700-1800_cr0.95_stride100/Hangdian_90_000051,merge_test_700-1800_cr0.95_stride100,Hangdian_90_000051,1,12,0,UAV/0.JPG,map2019/merge_test_700-1800_cr0.95_stride100/Hangdian_90_000051/UAV/0.JPG
map2019/merge_test_700-1800_cr0.95_stride100/Hangdian_90_000052,merge_test_700-1800_cr0.95_stride100,Hangdian_90_000052,1,12,0,UAV/0.JPG,map2019/merge_test_700-1800_cr0.95_stride100/Hangdian_90_000052/UAV/0.JPG
map2019/merge_test_700-1800_cr0.95_stride100/Hangdian_90_000053,merge_test_700-1800_cr0.95_stride100,Hangdian_90_000053,1,12,0,UAV/0.JPG,map2019/merge_test_700-1800_cr0.95_stride100/Hangdian_90_000053/UAV/0.JPG
map2019/merge_test_700-1800_cr0.95_stride100/Hangdian_90_000054,merge_test_700-1800_cr0.95_stride100,Hangdian_90_000054,1,12,0,UAV/0.JPG,map2019/merge_test_700-1800_cr0.95_stride100/Hangdian_90_000054/UAV/0.JPG
map2019/merge_test_700-1800_cr0.95_stride100/Hangdian_90_000055,merge_test_700-1800_cr0.95_stride100,Hangdian_90_000055,1,12,0,UAV/0.JPG,map2019/merge_test_700-1800_cr0.95_stride100/Hangdian_90_000055/UAV/0.JPG
map2019/merge_test_700-1800_cr0.95_stride100/Hangdian_90_000056,merge_test_700-1800_cr0.95_stride100,Hangdian_90_000056,1,12,0,UAV/0.JPG,map2019/merge_test_700-1800_cr0.95_stride100/Hangdian_90_000056/UAV/0.JPG
map2019/merge_test_700-1800_cr0.95_stride100/Hangdian_90_000057,merge_test_700-1800_cr0.95_stride100,Hangdian_90_000057,1,12,0,UAV/0.JPG,map2019/merge_test_700-1800_cr0.95_stride100/Hangdian_90_000057/UAV/0.JPG
map2019/merge_test_700-1800_cr0.95_stride100/Hangdian_90_000058,merge_test_700-1800_cr0.95_stride100,Hangdian_90_000058,1,12,0,UAV/0.JPG,map2019/merge_test_700-1800_cr0.95_stride100/Hangdian_90_000058/UAV/0.JPG
map2019/merge_test_700-1800_cr0.95_stride100/Hangdian_90_000059,merge_test_700-1800_cr0.95_stride100,Hangdian_90_000059,1,12,0,UAV/0.JPG,map2019/merge_test_700-1800_cr0.95_stride100/Hangdian_90_000059/UAV/0.JPG
map2019/merge_test_700-1800_cr0.95_stride100/Hangdian_90_000060,merge_test_700-1800_cr0.95_stride100,Hangdian_90_000060,1,12,0,UAV/0.JPG,map2019/merge_test_700-1800_cr0.95_stride100/Hangdian_90_000060/UAV/0.JPG
map2019/merge_test_700-1800_cr0.95_stride100/Hangdian_90_000061,merge_test_700-1800_cr0.95_stride100,Hangdian_90_000061,1,12,0,UAV/0.JPG,map2019/merge_test_700-1800_cr0.95_stride100/Hangdian_90_000061/UAV/0.JPG
map2019/merge_test_700-1800_cr0.95_stride100/Hangdian_90_000062,merge_test_700-1800_cr0.95_stride100,Hangdian_90_000062,1,12,0,UAV/0.JPG,map2019/merge_test_700-1800_cr0.95_stride100/Hangdian_90_000062/UAV/0.JPG
map2019/merge_test_700-1800_cr0.95_stride100/Hangdian_90_000063,merge_test_700-1800_cr0.95_stride100,Hangdian_90_000063,1,12,0,UAV/0.JPG,map2019/merge_test_700-1800_cr0.95_stride100/Hangdian_90_000063/UAV/0.JPG
map2019/merge_test_700-1800_cr0.95_stride100/Hangdian_90_000064,merge_test_700-1800_cr0.95_stride100,Hangdian_90_000064,1,12,0,UAV/0.JPG,map2019/merge_test_700-1800_cr0.95_stride100/Hangdian_90_000064/UAV/0.JPG
map2019/merge_test_700-1800_cr0.95_stride100/Hangdian_90_000065,merge_test_700-1800_cr0.95_stride100,Hangdian_90_000065,1,12,0,UAV/0.JPG,map2019/merge_test_700-1800_cr0.95_stride100/Hangdian_90_000065/UAV/0.JPG
map2019/merge_test_700-1800_cr0.95_stride100/Hangdian_90_000066,merge_test_700-1800_cr0.95_stride100,Hangdian_90_000066,1,12,0,UAV/0.JPG,map2019/merge_test_700-1800_cr0.95_stride100/Hangdian_90_000066/UAV/0.JPG
map2019/merge_test_700-1800_cr0.95_stride100/Hangdian_90_000067,merge_test_700-1800_cr0.95_stride100,Hangdian_90_000067,1,12,0,UAV/0.JPG,map2019/merge_test_700-1800_cr0.95_stride100/Hangdian_90_000067/UAV/0.JPG
map2019/merge_test_700-1800_cr0.95_stride100/Hangdian_90_000068,merge_test_700-1800_cr0.95_stride100,Hangdian_90_000068,1,12,0,UAV/0.JPG,map2019/merge_test_700-1800_cr0.95_stride100/Hangdian_90_000068/UAV/0.JPG
map2019/merge_test_700-1800_cr0.95_stride100/Hangdian_90_000069,merge_test_700-1800_cr0.95_stride100,Hangdian_90_000069,1,12,0,UAV/0.JPG,map2019/merge_test_700-1800_cr0.95_stride100/Hangdian_90_000069/UAV/0.JPG
map2019/merge_test_700-1800_cr0.95_stride100/Hangdian_90_000070,merge_test_700-1800_cr0.95_stride100,Hangdian_90_000070,1,12,0,UAV/0.JPG,map2019/merge_test_700-1800_cr0.95_stride100/Hangdian_90_000070/UAV/0.JPG
map2019/merge_test_700-1800_cr0.95_stride100/Hangdian_90_000071,merge_test_700-1800_cr0.95_stride100,Hangdian_90_000071,1,12,0,UAV/0.JPG,map2019/merge_test_700-1800_cr0.95_stride100/Hangdian_90_000071/UAV/0.JPG
map2019/merge_test_700-1800_cr0.95_stride100/Hangdian_90_000072,merge_test_700-1800_cr0.95_stride100,Hangdian_90_000072,1,12,0,UAV/0.JPG,map2019/merge_test_700-1800_cr0.95_stride100/Hangdian_90_000072/UAV/0.JPG
map2019/merge_test_700-1800_cr0.95_stride100/Hangdian_90_000073,merge_test_700-1800_cr0.95_stride100,Hangdian_90_000073,1,12,0,UAV/0.JPG,map2019/merge_test_700-1800_cr0.95_stride100/Hangdian_90_000073/UAV/0.JPG
map2019/merge_test_700-1800_cr0.95_stride100/Hangdian_90_000074,merge_test_700-1800_cr0.95_stride100,Hangdian_90_000074,1,12,0,UAV/0.JPG,map2019/merge_test_700-1800_cr0.95_stride100/Hangdian_90_000074/UAV/0.JPG
map2019/merge_test_700-1800_cr0.95_stride100/Hangdian_90_000075,merge_test_700-1800_cr0.95_stride100,Hangdian_90_000075,1,12,0,UAV/0.JPG,map2019/merge_test_700-1800_cr0.95_stride100/Hangdian_90_000075/UAV/0.JPG
map2019/merge_test_700-1800_cr0.95_stride100/Hangdian_90_000076,merge_test_700-1800_cr0.95_stride100,Hangdian_90_000076,1,12,0,UAV/0.JPG,map2019/merge_test_700-1800_cr0.95_stride100/Hangdian_90_000076/UAV/0.JPG
map2019/merge_test_700-1800_cr0.95_stride100/Hangdian_90_000077,merge_test_700-1800_cr0.95_stride100,Hangdian_90_000077,1,12,0,UAV/0.JPG,map2019/merge_test_700-1800_cr0.95_stride100/Hangdian_90_000077/UAV/0.JPG
map2019/merge_test_700-1800_cr0.95_stride100/Hangdian_90_000078,merge_test_700-1800_cr0.95_stride100,Hangdian_90_000078,1,12,0,UAV/0.JPG,map2019/merge_test_700-1800_cr0.95_stride100/Hangdian_90_000078/UAV/0.JPG
map2019/merge_test_700-1800_cr0.95_stride100/Hangdian_90_000079,merge_test_700-1800_cr0.95_stride100,Hangdian_90_000079,1,12,0,UAV/0.JPG,map2019/merge_test_700-1800_cr0.95_stride100/Hangdian_90_000079/UAV/0.JPG
map2019/merge_test_700-1800_cr0.95_stride100/Hangdian_90_000080,merge_test_700-1800_cr0.95_stride100,Hangdian_90_000080,1,12,0,UAV/0.JPG,map2019/merge_test_700-1800_cr0.95_stride100/Hangdian_90_000080/UAV/0.JPG
map2019/merge_test_700-1800_cr0.95_stride100/Hangdian_90_000081,merge_test_700-1800_cr0.95_stride100,Hangdian_90_000081,1,12,0,UAV/0.JPG,map2019/merge_test_700-1800_cr0.95_stride100/Hangdian_90_000081/UAV/0.JPG
map2019/merge_test_700-1800_cr0.95_stride100/Hangdian_90_000082,merge_test_700-1800_cr0.95_stride100,Hangdian_90_000082,1,12,0,UAV/0.JPG,map2019/merge_test_700-1800_cr0.95_stride100/Hangdian_90_000082/UAV/0.JPG
map2019/merge_test_700-1800_cr0.95_stride100/Hangdian_90_000083,merge_test_700-1800_cr0.95_stride100,Hangdian_90_000083,1,12,0,UAV/0.JPG,map2019/merge_test_700-1800_cr0.95_stride100/Hangdian_90_000083/UAV/0.JPG
map2019/merge_test_700-1800_cr0.95_stride100/Hangdian_90_000084,merge_test_700-1800_cr0.95_stride100,Hangdian_90_000084,1,12,0,UAV/0.JPG,map2019/merge_test_700-1800_cr0.95_stride100/Hangdian_90_000084/UAV/0.JPG
map2019/merge_test_700-1800_cr0.95_stride100/Hangdian_90_000085,merge_test_700-1800_cr0.95_stride100,Hangdian_90_000085,1,12,0,UAV/0.JPG,map2019/merge_test_700-1800_cr0.95_stride100/Hangdian_90_000085/UAV/0.JPG
map2019/merge_test_700-1800_cr0.95_stride100/Hangdian_90_000086,merge_test_700-1800_cr0.95_stride100,Hangdian_90_000086,1,12,0,UAV/0.JPG,map2019/merge_test_700-1800_cr0.95_stride100/Hangdian_90_000086/UAV/0.JPG
map2019/merge_test_700-1800_cr0.95_stride100/Hangdian_90_000087,merge_test_700-1800_cr0.95_stride100,Hangdian_90_000087,1,12,0,UAV/0.JPG,map2019/merge_test_700-1800_cr0.95_stride100/Hangdian_90_000087/UAV/0.JPG
map2019/merge_test_700-1800_cr0.95_stride100/Hangdian_90_000088,merge_test_700-1800_cr0.95_stride100,Hangdian_90_000088,1,12,0,UAV/0.JPG,map2019/merge_test_700-1800_cr0.95_stride100/Hangdian_90_000088/UAV/0.JPG
map2019/merge_test_700-1800_cr0.95_stride100/Hangdian_90_000089,merge_test_700-1800_cr0.95_stride100,Hangdian_90_000089,1,12,0,UAV/0.JPG,map2019/merge_test_700-1800_cr0.95_stride100/Hangdian_90_000089/UAV/0.JPG
map2019/merge_test_700-1800_cr0.95_stride100/Hangdian_90_000090,merge_test_700-1800_cr0.95_stride100,Hangdian_90_000090,1,12,0,UAV/0.JPG,map2019/merge_test_700-1800_cr0.95_stride100/Hangdian_90_000090/UAV/0.JPG
map2019/merge_test_700-1800_cr0.95_stride100/Hangdian_90_000091,merge_test_700-1800_cr0.95_stride100,Hangdian_90_000091,1,12,0,UAV/0.JPG,map2019/merge_test_700-1800_cr0.95_stride100/Hangdian_90_000091/UAV/0.JPG
map2019/merge_test_700-1800_cr0.95_stride100/Hangdian_90_000092,merge_test_700-1800_cr0.95_stride100,Hangdian_90_000092,1,12,0,UAV/0.JPG,map2019/merge_test_700-1800_cr0.95_stride100/Hangdian_90_000092/UAV/0.JPG
map2019/merge_test_700-1800_cr0.95_stride100/Hangdian_90_000093,merge_test_700-1800_cr0.95_stride100,Hangdian_90_000093,1,12,0,UAV/0.JPG,map2019/merge_test_700-1800_cr0.95_stride100/Hangdian_90_000093/UAV/0.JPG
map2019/merge_test_700-1800_cr0.95_stride100/Hangdian_90_000094,merge_test_700-1800_cr0.95_stride100,Hangdian_90_000094,1,12,0,UAV/0.JPG,map2019/merge_test_700-1800_cr0.95_stride100/Hangdian_90_000094/UAV/0.JPG
map2019/merge_test_700-1800_cr0.95_stride100/Hangdian_90_000095,merge_test_700-1800_cr0.95_stride100,Hangdian_90_000095,1,12,0,UAV/0.JPG,map2019/merge_test_700-1800_cr0.95_stride100/Hangdian_90_000095/UAV/0.JPG
map2019/merge_test_700-1800_cr0.95_stride100/Hangdian_90_000096,merge_test_700-1800_cr0.95_stride100,Hangdian_90_000096,1,12,0,UAV/0.JPG,map2019/merge_test_700-1800_cr0.95_stride100/Hangdian_90_000096/UAV/0.JPG
map2019/merge_test_700-1800_cr0.95_stride100/Hangdian_90_000097,merge_test_700-1800_cr0.95_stride100,Hangdian_90_000097,1,12,0,UAV/0.JPG,map2019/merge_test_700-1800_cr0.95_stride100/Hangdian_90_000097/UAV/0.JPG
map2019/merge_test_700-1800_cr0.95_stride100/Hangdian_90_000098,merge_test_700-1800_cr0.95_stride100,Hangdian_90_000098,1,12,0,UAV/0.JPG,map2019/merge_test_700-1800_cr0.95_stride100/Hangdian_90_000098/UAV/0.JPG
map2019/merge_test_700-1800_cr0.95_stride100/Hangdian_90_000099,merge_test_700-1800_cr0.95_stride100,Hangdian_90_000099,1,12,0,UAV/0.JPG,map2019/merge_test_700-1800_cr0.95_stride100/Hangdian_90_000099/UAV/0.JPG
map2019/merge_test_700-1800_cr0.95_stride100/Hangdian_90_000100,merge_test_700-1800_cr0.95_stride100,Hangdian_90_000100,1,12,0,UAV/0.JPG,map2019/merge_test_700-1800_cr0.95_stride100/Hangdian_90_000100/UAV/0.JPG
map2019/merge_test_700-1800_cr0.95_stride100/Hangdian_90_000101,merge_test_700-1800_cr0.95_stride100,Hangdian_90_000101,1,12,0,UAV/0.JPG,map2019/merge_test_700-1800_cr0.95_stride100/Hangdian_90_000101/UAV/0.JPG
map2019/merge_test_700-1800_cr0.95_stride100/Hangdian_90_000102,merge_test_700-1800_cr0.95_stride100,Hangdian_90_000102,1,12,0,UAV/0.JPG,map2019/merge_test_700-1800_cr0.95_stride100/Hangdian_90_000102/UAV/0.JPG
map2019/merge_test_700-1800_cr0.95_stride100/Hangdian_90_000103,merge_test_700-1800_cr0.95_stride100,Hangdian_90_000103,1,12,0,UAV/0.JPG,map2019/merge_test_700-1800_cr0.95_stride100/Hangdian_90_000103/UAV/0.JPG
map2019/merge_test_700-1800_cr0.95_stride100/Hangdian_90_000104,merge_test_700-1800_cr0.95_stride100,Hangdian_90_000104,1,12,0,UAV/0.JPG,map2019/merge_test_700-1800_cr0.95_stride100/Hangdian_90_000104/UAV/0.JPG
map2019/merge_test_700-1800_cr0.95_stride100/Hangdian_90_000105,merge_test_700-1800_cr0.95_stride100,Hangdian_90_000105,1,12,0,UAV/0.JPG,map2019/merge_test_700-1800_cr0.95_stride100/Hangdian_90_000105/UAV/0.JPG
map2019/merge_test_700-1800_cr0.95_stride100/Hangdian_90_000106,merge_test_700-1800_cr0.95_stride100,Hangdian_90_000106,1,12,0,UAV/0.JPG,map2019/merge_test_700-1800_cr0.95_stride100/Hangdian_90_000106/UAV/0.JPG
map2019/merge_test_700-1800_cr0.95_stride100/Hangdian_90_000107,merge_test_700-1800_cr0.95_stride100,Hangdian_90_000107,1,12,0,UAV/0.JPG,map2019/merge_test_700-1800_cr0.95_stride100/Hangdian_90_000107/UAV/0.JPG
map2019/merge_test_700-1800_cr0.95_stride100/Hangdian_90_000108,merge_test_700-1800_cr0.95_stride100,Hangdian_90_000108,1,12,0,UAV/0.JPG,map2019/merge_test_700-1800_cr0.95_stride100/Hangdian_90_000108/UAV/0.JPG
map2019/merge_test_700-1800_cr0.95_stride100/Hangdian_90_000109,merge_test_700-1800_cr0.95_stride100,Hangdian_90_000109,1,12,0,UAV/0.JPG,map2019/merge_test_700-1800_cr0.95_stride100/Hangdian_90_000109/UAV/0.JPG
map2019/merge_test_700-1800_cr0.95_stride100/Hangdian_90_000110,merge_test_700-1800_cr0.95_stride100,Hangdian_90_000110,1,12,0,UAV/0.JPG,map2019/merge_test_700-1800_cr0.95_stride100/Hangdian_90_000110/UAV/0.JPG
map2019/merge_test_700-1800_cr0.95_stride100/Hangdian_90_000111,merge_test_700-1800_cr0.95_stride100,Hangdian_90_000111,1,12,0,UAV/0.JPG,map2019/merge_test_700-1800_cr0.95_stride100/Hangdian_90_000111/UAV/0.JPG
map2019/merge_test_700-1800_cr0.95_stride100/Hangdian_90_000112,merge_test_700-1800_cr0.95_stride100,Hangdian_90_000112,1,12,0,UAV/0.JPG,map2019/merge_test_700-1800_cr0.95_stride100/Hangdian_90_000112/UAV/0.JPG
map2019/merge_test_700-1800_cr0.95_stride100/Hangdian_90_000113,merge_test_700-1800_cr0.95_stride100,Hangdian_90_000113,1,12,0,UAV/0.JPG,map2019/merge_test_700-1800_cr0.95_stride100/Hangdian_90_000113/UAV/0.JPG
map2019/merge_test_700-1800_cr0.95_stride100/Hangdian_90_000114,merge_test_700-1800_cr0.95_stride100,Hangdian_90_000114,1,12,0,UAV/0.JPG,map2019/merge_test_700-1800_cr0.95_stride100/Hangdian_90_000114/UAV/0.JPG
map2019/merge_test_700-1800_cr0.95_stride100/Hangdian_90_000115,merge_test_700-1800_cr0.95_stride100,Hangdian_90_000115,1,12,0,UAV/0.JPG,map2019/merge_test_700-1800_cr0.95_stride100/Hangdian_90_000115/UAV/0.JPG
map2019/merge_test_700-1800_cr0.95_stride100/Hangdian_90_000116,merge_test_700-1800_cr0.95_stride100,Hangdian_90_000116,1,12,0,UAV/0.JPG,map2019/merge_test_700-1800_cr0.95_stride100/Hangdian_90_000116/UAV/0.JPG
map2019/merge_test_700-1800_cr0.95_stride100/Hangdian_90_000117,merge_test_700-1800_cr0.95_stride100,Hangdian_90_000117,1,12,0,UAV/0.JPG,map2019/merge_test_700-1800_cr0.95_stride100/Hangdian_90_000117/UAV/0.JPG
map2019/merge_test_700-1800_cr0.95_stride100/Hangdian_90_000118,merge_test_700-1800_cr0.95_stride100,Hangdian_90_000118,1,12,0,UAV/0.JPG,map2019/merge_test_700-1800_cr0.95_stride100/Hangdian_90_000118/UAV/0.JPG
map2019/merge_test_700-1800_cr0.95_stride100/Hangdian_90_000119,merge_test_700-1800_cr0.95_stride100,Hangdian_90_000119,1,12,0,UAV/0.JPG,map2019/merge_test_700-1800_cr0.95_stride100/Hangdian_90_000119/UAV/0.JPG
map2019/merge_test_700-1800_cr0.95_stride100/Hangdian_90_000120,merge_test_700-1800_cr0.95_stride100,Hangdian_90_000120,1,12,0,UAV/0.JPG,map2019/merge_test_700-1800_cr0.95_stride100/Hangdian_90_000120/UAV/0.JPG
map2019/merge_test_700-1800_cr0.95_stride100/Hangdian_90_000121,merge_test_700-1800_cr0.95_stride100,Hangdian_90_000121,1,12,0,UAV/0.JPG,map2019/merge_test_700-1800_cr0.95_stride100/Hangdian_90_000121/UAV/0.JPG
map2019/merge_test_700-1800_cr0.95_stride100/Hangdian_90_000122,merge_test_700-1800_cr0.95_stride100,Hangdian_90_000122,1,12,0,UAV/0.JPG,map2019/merge_test_700-1800_cr0.95_stride100/Hangdian_90_000122/UAV/0.JPG
map2019/merge_test_700-1800_cr0.95_stride100/Hangdian_90_000123,merge_test_700-1800_cr0.95_stride100,Hangdian_90_000123,1,12,0,UAV/0.JPG,map2019/merge_test_700-1800_cr0.95_stride100/Hangdian_90_000123/UAV/0.JPG
map2019/merge_test_700-1800_cr0.95_stride100/Hangdian_90_000124,merge_test_700-1800_cr0.95_stride100,Hangdian_90_000124,1,12,0,UAV/0.JPG,map2019/merge_test_700-1800_cr0.95_stride100/Hangdian_90_000124/UAV/0.JPG
map2019/merge_test_700-1800_cr0.95_stride100/Hangdian_90_000125,merge_test_700-1800_cr0.95_stride100,Hangdian_90_000125,1,12,0,UAV/0.JPG,map2019/merge_test_700-1800_cr0.95_stride100/Hangdian_90_000125/UAV/0.JPG
map2019/merge_test_700-1800_cr0.95_stride100/Hangdian_90_000126,merge_test_700-1800_cr0.95_stride100,Hangdian_90_000126,1,12,0,UAV/0.JPG,map2019/merge_test_700-1800_cr0.95_stride100/Hangdian_90_000126/UAV/0.JPG
map2019/merge_test_700-1800_cr0.95_stride100/Hangdian_90_000127,merge_test_700-1800_cr0.95_stride100,Hangdian_90_000127,1,12,0,UAV/0.JPG,map2019/merge_test_700-1800_cr0.95_stride100/Hangdian_90_000127/UAV/0.JPG
map2019/merge_test_700-1800_cr0.95_stride100/Hangdian_90_000128,merge_test_700-1800_cr0.95_stride100,Hangdian_90_000128,1,12,0,UAV/0.JPG,map2019/merge_test_700-1800_cr0.95_stride100/Hangdian_90_000128/UAV/0.JPG
map2019/merge_test_700-1800_cr0.95_stride100/Hangdian_90_000129,merge_test_700-1800_cr0.95_stride100,Hangdian_90_000129,1,12,0,UAV/0.JPG,map2019/merge_test_700-1800_cr0.95_stride100/Hangdian_90_000129/UAV/0.JPG
map2019/merge_test_700-1800_cr0.95_stride100/Hangdian_90_000130,merge_test_700-1800_cr0.95_stride100,Hangdian_90_000130,1,12,0,UAV/0.JPG,map2019/merge_test_700-1800_cr0.95_stride100/Hangdian_90_000130/UAV/0.JPG
map2019/merge_test_700-1800_cr0.95_stride100/Hangdian_90_000131,merge_test_700-1800_cr0.95_stride100,Hangdian_90_000131,1,12,0,UAV/0.JPG,map2019/merge_test_700-1800_cr0.95_stride100/Hangdian_90_000131/UAV/0.JPG
map2019/merge_test_700-1800_cr0.95_stride100/Hangdian_90_000132,merge_test_700-1800_cr0.95_stride100,Hangdian_90_000132,1,12,0,UAV/0.JPG,map2019/merge_test_700-1800_cr0.95_stride100/Hangdian_90_000132/UAV/0.JPG
map2019/merge_test_700-1800_cr0.95_stride100/Hangdian_90_000133,merge_test_700-1800_cr0.95_stride100,Hangdian_90_000133,1,12,0,UAV/0.JPG,map2019/merge_test_700-1800_cr0.95_stride100/Hangdian_90_000133/UAV/0.JPG
map2019/merge_test_700-1800_cr0.95_stride100/Hangdian_90_000134,merge_test_700-1800_cr0.95_stride100,Hangdian_90_000134,1,12,0,UAV/0.JPG,map2019/merge_test_700-1800_cr0.95_stride100/Hangdian_90_000134/UAV/0.JPG
map2019/merge_test_700-1800_cr0.95_stride100/Hangdian_90_000135,merge_test_700-1800_cr0.95_stride100,Hangdian_90_000135,1,12,0,UAV/0.JPG,map2019/merge_test_700-1800_cr0.95_stride100/Hangdian_90_000135/UAV/0.JPG
map2019/merge_test_700-1800_cr0.95_stride100/Hangdian_90_000136,merge_test_700-1800_cr0.95_stride100,Hangdian_90_000136,1,12,0,UAV/0.JPG,map2019/merge_test_700-1800_cr0.95_stride100/Hangdian_90_000136/UAV/0.JPG
map2019/merge_test_700-1800_cr0.95_stride100/Hangdian_90_000137,merge_test_700-1800_cr0.95_stride100,Hangdian_90_000137,1,12,0,UAV/0.JPG,map2019/merge_test_700-1800_cr0.95_stride100/Hangdian_90_000137/UAV/0.JPG
map2019/merge_test_700-1800_cr0.95_stride100/Hangdian_90_000138,merge_test_700-1800_cr0.95_stride100,Hangdian_90_000138,1,12,0,UAV/0.JPG,map2019/merge_test_700-1800_cr0.95_stride100/Hangdian_90_000138/UAV/0.JPG
map2019/merge_test_700-1800_cr0.95_stride100/Hangdian_90_000139,merge_test_700-1800_cr0.95_stride100,Hangdian_90_000139,1,12,0,UAV/0.JPG,map2019/merge_test_700-1800_cr0.95_stride100/Hangdian_90_000139/UAV/0.JPG
map2019/merge_test_700-1800_cr0.95_stride100/Hangdian_90_000140,merge_test_700-1800_cr0.95_stride100,Hangdian_90_000140,1,12,0,UAV/0.JPG,map2019/merge_test_700-1800_cr0.95_stride100/Hangdian_90_000140/UAV/0.JPG
map2019/merge_test_700-1800_cr0.95_stride100/Hangdian_90_000141,merge_test_700-1800_cr0.95_stride100,Hangdian_90_000141,1,12,0,UAV/0.JPG,map2019/merge_test_700-1800_cr0.95_stride100/Hangdian_90_000141/UAV/0.JPG
map2019/merge_test_700-1800_cr0.95_stride100/Hangdian_90_000142,merge_test_700-1800_cr0.95_stride100,Hangdian_90_000142,1,12,0,UAV/0.JPG,map2019/merge_test_700-1800_cr0.95_stride100/Hangdian_90_000142/UAV/0.JPG
map2019/merge_test_700-1800_cr0.95_stride100/Hangdian_90_000143,merge_test_700-1800_cr0.95_stride100,Hangdian_90_000143,1,12,0,UAV/0.JPG,map2019/merge_test_700-1800_cr0.95_stride100/Hangdian_90_000143/UAV/0.JPG
map2019/merge_test_700-1800_cr0.95_stride100/Hangdian_90_000144,merge_test_700-1800_cr0.95_stride100,Hangdian_90_000144,1,12,0,UAV/0.JPG,map2019/merge_test_700-1800_cr0.95_stride100/Hangdian_90_000144/UAV/0.JPG
map2019/merge_test_700-1800_cr0.95_stride100/Hangdian_90_000145,merge_test_700-1800_cr0.95_stride100,Hangdian_90_000145,1,12,0,UAV/0.JPG,map2019/merge_test_700-1800_cr0.95_stride100/Hangdian_90_000145/UAV/0.JPG
map2019/merge_test_700-1800_cr0.95_stride100/Hangdian_90_000146,merge_test_700-1800_cr0.95_stride100,Hangdian_90_000146,1,12,0,UAV/0.JPG,map2019/merge_test_700-1800_cr0.95_stride100/Hangdian_90_000146/UAV/0.JPG
map2019/merge_test_700-1800_cr0.95_stride100/Hangdian_90_000147,merge_test_700-1800_cr0.95_stride100,Hangdian_90_000147,1,12,0,UAV/0.JPG,map2019/merge_test_700-1800_cr0.95_stride100/Hangdian_90_000147/UAV/0.JPG
map2019/merge_test_700-1800_cr0.95_stride100/Hangdian_90_000148,merge_test_700-1800_cr0.95_stride100,Hangdian_90_000148,1,12,0,UAV/0.JPG,map2019/merge_test_700-1800_cr0.95_stride100/Hangdian_90_000148/UAV/0.JPG
map2019/merge_test_700-1800_cr0.95_stride100/Hangdian_90_000149,merge_test_700-1800_cr0.95_stride100,Hangdian_90_000149,1,12,0,UAV/0.JPG,map2019/merge_test_700-1800_cr0.95_stride100/Hangdian_90_000149/UAV/0.JPG
map2019/merge_test_700-1800_cr0.95_stride100/Hangdian_90_000150,merge_test_700-1800_cr0.95_stride100,Hangdian_90_000150,1,12,0,UAV/0.JPG,map2019/merge_test_700-1800_cr0.95_stride100/Hangdian_90_000150/UAV/0.JPG
map2019/merge_test_700-1800_cr0.95_stride100/Hangdian_90_000151,merge_test_700-1800_cr0.95_stride100,Hangdian_90_000151,1,12,0,UAV/0.JPG,map2019/merge_test_700-1800_cr0.95_stride100/Hangdian_90_000151/UAV/0.JPG
map2019/merge_test_700-1800_cr0.95_stride100/Hangdian_90_000152,merge_test_700-1800_cr0.95_stride100,Hangdian_90_000152,1,12,0,UAV/0.JPG,map2019/merge_test_700-1800_cr0.95_stride100/Hangdian_90_000152/UAV/0.JPG
map2019/merge_test_700-1800_cr0.95_stride100/Hangdian_90_000153,merge_test_700-1800_cr0.95_stride100,Hangdian_90_000153,1,12,0,UAV/0.JPG,map2019/merge_test_700-1800_cr0.95_stride100/Hangdian_90_000153/UAV/0.JPG
map2019/merge_test_700-1800_cr0.95_stride100/Hangdian_90_000154,merge_test_700-1800_cr0.95_stride100,Hangdian_90_000154,1,12,0,UAV/0.JPG,map2019/merge_test_700-1800_cr0.95_stride100/Hangdian_90_000154/UAV/0.JPG
map2019/merge_test_700-1800_cr0.95_stride100/Hangdian_90_000155,merge_test_700-1800_cr0.95_stride100,Hangdian_90_000155,1,12,0,UAV/0.JPG,map2019/merge_test_700-1800_cr0.95_stride100/Hangdian_90_000155/UAV/0.JPG
map2019/merge_test_700-1800_cr0.95_stride100/Hangdian_90_000156,merge_test_700-1800_cr0.95_stride100,Hangdian_90_000156,1,12,0,UAV/0.JPG,map2019/merge_test_700-1800_cr0.95_stride100/Hangdian_90_000156/UAV/0.JPG
map2019/merge_test_700-1800_cr0.95_stride100/Hangdian_90_000157,merge_test_700-1800_cr0.95_stride100,Hangdian_90_000157,1,12,0,UAV/0.JPG,map2019/merge_test_700-1800_cr0.95_stride100/Hangdian_90_000157/UAV/0.JPG
map2019/merge_test_700-1800_cr0.95_stride100/Hangdian_90_000158,merge_test_700-1800_cr0.95_stride100,Hangdian_90_000158,1,12,0,UAV/0.JPG,map2019/merge_test_700-1800_cr0.95_stride100/Hangdian_90_000158/UAV/0.JPG
map2019/merge_test_700-1800_cr0.95_stride100/Hangdian_90_000159,merge_test_700-1800_cr0.95_stride100,Hangdian_90_000159,1,12,0,UAV/0.JPG,map2019/merge_test_700-1800_cr0.95_stride100/Hangdian_90_000159/UAV/0.JPG
map2019/merge_test_700-1800_cr0.95_stride100/Hangdian_90_000160,merge_test_700-1800_cr0.95_stride100,Hangdian_90_000160,1,12,0,UAV/0.JPG,map2019/merge_test_700-1800_cr0.95_stride100/Hangdian_90_000160/UAV/0.JPG
map2019/merge_test_700-1800_cr0.95_stride100/Hangdian_90_000161,merge_test_700-1800_cr0.95_stride100,Hangdian_90_000161,1,12,0,UAV/0.JPG,map2019/merge_test_700-1800_cr0.95_stride100/Hangdian_90_000161/UAV/0.JPG
map2019/merge_test_700-1800_cr0.95_stride100/Hangdian_90_000162,merge_test_700-1800_cr0.95_stride100,Hangdian_90_000162,1,12,0,UAV/0.JPG,map2019/merge_test_700-1800_cr0.95_stride100/Hangdian_90_000162/UAV/0.JPG
map2019/merge_test_700-1800_cr0.95_stride100/Hangdian_90_000163,merge_test_700-1800_cr0.95_stride100,Hangdian_90_000163,1,12,0,UAV/0.JPG,map2019/merge_test_700-1800_cr0.95_stride100/Hangdian_90_000163/UAV/0.JPG
map2019/merge_test_700-1800_cr0.95_stride100/Hangdian_90_000164,merge_test_700-1800_cr0.95_stride100,Hangdian_90_000164,1,12,0,UAV/0.JPG,map2019/merge_test_700-1800_cr0.95_stride100/Hangdian_90_000164/UAV/0.JPG
map2019/merge_test_700-1800_cr0.95_stride100/Hangdian_90_000165,merge_test_700-1800_cr0.95_stride100,Hangdian_90_000165,1,12,0,UAV/0.JPG,map2019/merge_test_700-1800_cr0.95_stride100/Hangdian_90_000165/UAV/0.JPG
map2019/merge_test_700-1800_cr0.95_stride100/Hangdian_90_000166,merge_test_700-1800_cr0.95_stride100,Hangdian_90_000166,1,12,0,UAV/0.JPG,map2019/merge_test_700-1800_cr0.95_stride100/Hangdian_90_000166/UAV/0.JPG
map2019/merge_test_700-1800_cr0.95_stride100/Hangdian_90_000167,merge_test_700-1800_cr0.95_stride100,Hangdian_90_000167,1,12,0,UAV/0.JPG,map2019/merge_test_700-1800_cr0.95_stride100/Hangdian_90_000167/UAV/0.JPG
map2019/merge_test_700-1800_cr0.95_stride100/Hangdian_90_000168,merge_test_700-1800_cr0.95_stride100,Hangdian_90_000168,1,12,0,UAV/0.JPG,map2019/merge_test_700-1800_cr0.95_stride100/Hangdian_90_000168/UAV/0.JPG
map2019/merge_test_700-1800_cr0.95_stride100/Hangdian_90_000169,merge_test_700-1800_cr0.95_stride100,Hangdian_90_000169,1,12,0,UAV/0.JPG,map2019/merge_test_700-1800_cr0.95_stride100/Hangdian_90_000169/UAV/0.JPG
map2019/merge_test_700-1800_cr0.95_stride100/Hangdian_90_000170,merge_test_700-1800_cr0.95_stride100,Hangdian_90_000170,1,12,0,UAV/0.JPG,map2019/merge_test_700-1800_cr0.95_stride100/Hangdian_90_000170/UAV/0.JPG
map2019/merge_test_700-1800_cr0.95_stride100/Hangdian_90_000171,merge_test_700-1800_cr0.95_stride100,Hangdian_90_000171,1,12,0,UAV/0.JPG,map2019/merge_test_700-1800_cr0.95_stride100/Hangdian_90_000171/UAV/0.JPG
map2019/merge_test_700-1800_cr0.95_stride100/Hangdian_90_000172,merge_test_700-1800_cr0.95_stride100,Hangdian_90_000172,1,12,0,UAV/0.JPG,map2019/merge_test_700-1800_cr0.95_stride100/Hangdian_90_000172/UAV/0.JPG
map2019/merge_test_700-1800_cr0.95_stride100/Hangdian_90_000173,merge_test_700-1800_cr0.95_stride100,Hangdian_90_000173,1,12,0,UAV/0.JPG,map2019/merge_test_700-1800_cr0.95_stride100/Hangdian_90_000173/UAV/0.JPG
map2019/merge_test_700-1800_cr0.95_stride100/Hangdian_90_000174,merge_test_700-1800_cr0.95_stride100,Hangdian_90_000174,1,12,0,UAV/0.JPG,map2019/merge_test_700-1800_cr0.95_stride100/Hangdian_90_000174/UAV/0.JPG
map2019/merge_test_700-1800_cr0.95_stride100/Hangdian_90_000175,merge_test_700-1800_cr0.95_stride100,Hangdian_90_000175,1,12,0,UAV/0.JPG,map2019/merge_test_700-1800_cr0.95_stride100/Hangdian_90_000175/UAV/0.JPG
map2019/merge_test_700-1800_cr0.95_stride100/Hangdian_90_000176,merge_test_700-1800_cr0.95_stride100,Hangdian_90_000176,1,12,0,UAV/0.JPG,map2019/merge_test_700-1800_cr0.95_stride100/Hangdian_90_000176/UAV/0.JPG
map2019/merge_test_700-1800_cr0.95_stride100/Jinrong_100_000000,merge_test_700-1800_cr0.95_stride100,Jinrong_100_000000,1,12,0,UAV/0.JPG,map2019/merge_test_700-1800_cr0.95_stride100/Jinrong_100_000000/UAV/0.JPG
map2019/merge_test_700-1800_cr0.95_stride100/Jinrong_100_000001,merge_test_700-1800_cr0.95_stride100,Jinrong_100_000001,1,12,0,UAV/0.JPG,map2019/merge_test_700-1800_cr0.95_stride100/Jinrong_100_000001/UAV/0.JPG
map2019/merge_test_700-1800_cr0.95_stride100/Jinrong_100_000002,merge_test_700-1800_cr0.95_stride100,Jinrong_100_000002,1,12,0,UAV/0.JPG,map2019/merge_test_700-1800_cr0.95_stride100/Jinrong_100_000002/UAV/0.JPG
map2019/merge_test_700-1800_cr0.95_stride100/Jinrong_100_000003,merge_test_700-1800_cr0.95_stride100,Jinrong_100_000003,1,12,0,UAV/0.JPG,map2019/merge_test_700-1800_cr0.95_stride100/Jinrong_100_000003/UAV/0.JPG
map2019/merge_test_700-1800_cr0.95_stride100/Jinrong_100_000004,merge_test_700-1800_cr0.95_stride100,Jinrong_100_000004,1,12,0,UAV/0.JPG,map2019/merge_test_700-1800_cr0.95_stride100/Jinrong_100_000004/UAV/0.JPG
map2019/merge_test_700-1800_cr0.95_stride100/Jinrong_100_000005,merge_test_700-1800_cr0.95_stride100,Jinrong_100_000005,1,12,0,UAV/0.JPG,map2019/merge_test_700-1800_cr0.95_stride100/Jinrong_100_000005/UAV/0.JPG
map2019/merge_test_700-1800_cr0.95_stride100/Jinrong_100_000006,merge_test_700-1800_cr0.95_stride100,Jinrong_100_000006,1,12,0,UAV/0.JPG,map2019/merge_test_700-1800_cr0.95_stride100/Jinrong_100_000006/UAV/0.JPG
map2019/merge_test_700-1800_cr0.95_stride100/Jinrong_100_000007,merge_test_700-1800_cr0.95_stride100,Jinrong_100_000007,1,12,0,UAV/0.JPG,map2019/merge_test_700-1800_cr0.95_stride100/Jinrong_100_000007/UAV/0.JPG
map2019/merge_test_700-1800_cr0.95_stride100/Jinrong_100_000008,merge_test_700-1800_cr0.95_stride100,Jinrong_100_000008,1,12,0,UAV/0.JPG,map2019/merge_test_700-1800_cr0.95_stride100/Jinrong_100_000008/UAV/0.JPG
map2019/merge_test_700-1800_cr0.95_stride100/Jinrong_100_000009,merge_test_700-1800_cr0.95_stride100,Jinrong_100_000009,1,12,0,UAV/0.JPG,map2019/merge_test_700-1800_cr0.95_stride100/Jinrong_100_000009/UAV/0.JPG
map2019/merge_test_700-1800_cr0.95_stride100/Jinrong_100_000010,merge_test_700-1800_cr0.95_stride100,Jinrong_100_000010,1,12,0,UAV/0.JPG,map2019/merge_test_700-1800_cr0.95_stride100/Jinrong_100_000010/UAV/0.JPG
map2019/merge_test_700-1800_cr0.95_stride100/Jinrong_100_000011,merge_test_700-1800_cr0.95_stride100,Jinrong_100_000011,1,12,0,UAV/0.JPG,map2019/merge_test_700-1800_cr0.95_stride100/Jinrong_100_000011/UAV/0.JPG
map2019/merge_test_700-1800_cr0.95_stride100/Jinrong_100_000012,merge_test_700-1800_cr0.95_stride100,Jinrong_100_000012,1,12,0,UAV/0.JPG,map2019/merge_test_700-1800_cr0.95_stride100/Jinrong_100_000012/UAV/0.JPG
map2019/merge_test_700-1800_cr0.95_stride100/Jinrong_100_000013,merge_test_700-1800_cr0.95_stride100,Jinrong_100_000013,1,12,0,UAV/0.JPG,map2019/merge_test_700-1800_cr0.95_stride100/Jinrong_100_000013/UAV/0.JPG
map2019/merge_test_700-1800_cr0.95_stride100/Jinrong_100_000014,merge_test_700-1800_cr0.95_stride100,Jinrong_100_000014,1,12,0,UAV/0.JPG,map2019/merge_test_700-1800_cr0.95_stride100/Jinrong_100_000014/UAV/0.JPG
map2019/merge_test_700-1800_cr0.95_stride100/Jinrong_100_000015,merge_test_700-1800_cr0.95_stride100,Jinrong_100_000015,1,12,0,UAV/0.JPG,map2019/merge_test_700-1800_cr0.95_stride100/Jinrong_100_000015/UAV/0.JPG
map2019/merge_test_700-1800_cr0.95_stride100/Jinrong_100_000016,merge_test_700-1800_cr0.95_stride100,Jinrong_100_000016,1,12,0,UAV/0.JPG,map2019/merge_test_700-1800_cr0.95_stride100/Jinrong_100_000016/UAV/0.JPG
map2019/merge_test_700-1800_cr0.95_stride100/Jinrong_100_000017,merge_test_700-1800_cr0.95_stride100,Jinrong_100_000017,1,12,0,UAV/0.JPG,map2019/merge_test_700-1800_cr0.95_stride100/Jinrong_100_000017/UAV/0.JPG
map2019/merge_test_700-1800_cr0.95_stride100/Jinrong_100_000018,merge_test_700-1800_cr0.95_stride100,Jinrong_100_000018,1,12,0,UAV/0.JPG,map2019/merge_test_700-1800_cr0.95_stride100/Jinrong_100_000018/UAV/0.JPG
map2019/merge_test_700-1800_cr0.95_stride100/Jinrong_100_000019,merge_test_700-1800_cr0.95_stride100,Jinrong_100_000019,1,12,0,UAV/0.JPG,map2019/merge_test_700-1800_cr0.95_stride100/Jinrong_100_000019/UAV/0.JPG
map2019/merge_test_700-1800_cr0.95_stride100/Jinrong_100_000020,merge_test_700-1800_cr0.95_stride100,Jinrong_100_000020,1,12,0,UAV/0.JPG,map2019/merge_test_700-1800_cr0.95_stride100/Jinrong_100_000020/UAV/0.JPG
map2019/merge_test_700-1800_cr0.95_stride100/Jinrong_100_000021,merge_test_700-1800_cr0.95_stride100,Jinrong_100_000021,1,12,0,UAV/0.JPG,map2019/merge_test_700-1800_cr0.95_stride100/Jinrong_100_000021/UAV/0.JPG
map2019/merge_test_700-1800_cr0.95_stride100/Jinrong_100_000022,merge_test_700-1800_cr0.95_stride100,Jinrong_100_000022,1,12,0,UAV/0.JPG,map2019/merge_test_700-1800_cr0.95_stride100/Jinrong_100_000022/UAV/0.JPG
map2019/merge_test_700-1800_cr0.95_stride100/Jinrong_100_000023,merge_test_700-1800_cr0.95_stride100,Jinrong_100_000023,1,12,0,UAV/0.JPG,map2019/merge_test_700-1800_cr0.95_stride100/Jinrong_100_000023/UAV/0.JPG
map2019/merge_test_700-1800_cr0.95_stride100/Jinrong_100_000024,merge_test_700-1800_cr0.95_stride100,Jinrong_100_000024,1,12,0,UAV/0.JPG,map2019/merge_test_700-1800_cr0.95_stride100/Jinrong_100_000024/UAV/0.JPG
map2019/merge_test_700-1800_cr0.95_stride100/Jinrong_100_000025,merge_test_700-1800_cr0.95_stride100,Jinrong_100_000025,1,12,0,UAV/0.JPG,map2019/merge_test_700-1800_cr0.95_stride100/Jinrong_100_000025/UAV/0.JPG
map2019/merge_test_700-1800_cr0.95_stride100/Jinrong_100_000026,merge_test_700-1800_cr0.95_stride100,Jinrong_100_000026,1,12,0,UAV/0.JPG,map2019/merge_test_700-1800_cr0.95_stride100/Jinrong_100_000026/UAV/0.JPG
map2019/merge_test_700-1800_cr0.95_stride100/Jinrong_100_000027,merge_test_700-1800_cr0.95_stride100,Jinrong_100_000027,1,12,0,UAV/0.JPG,map2019/merge_test_700-1800_cr0.95_stride100/Jinrong_100_000027/UAV/0.JPG
map2019/merge_test_700-1800_cr0.95_stride100/Jinrong_100_000028,merge_test_700-1800_cr0.95_stride100,Jinrong_100_000028,1,12,0,UAV/0.JPG,map2019/merge_test_700-1800_cr0.95_stride100/Jinrong_100_000028/UAV/0.JPG
map2019/merge_test_700-1800_cr0.95_stride100/Jinrong_100_000029,merge_test_700-1800_cr0.95_stride100,Jinrong_100_000029,1,12,0,UAV/0.JPG,map2019/merge_test_700-1800_cr0.95_stride100/Jinrong_100_000029/UAV/0.JPG
map2019/merge_test_700-1800_cr0.95_stride100/Jinrong_100_000030,merge_test_700-1800_cr0.95_stride100,Jinrong_100_000030,1,12,0,UAV/0.JPG,map2019/merge_test_700-1800_cr0.95_stride100/Jinrong_100_000030/UAV/0.JPG
map2019/merge_test_700-1800_cr0.95_stride100/Jinrong_100_000031,merge_test_700-1800_cr0.95_stride100,Jinrong_100_000031,1,12,0,UAV/0.JPG,map2019/merge_test_700-1800_cr0.95_stride100/Jinrong_100_000031/UAV/0.JPG
map2019/merge_test_700-1800_cr0.95_stride100/Jinrong_100_000032,merge_test_700-1800_cr0.95_stride100,Jinrong_100_000032,1,12,0,UAV/0.JPG,map2019/merge_test_700-1800_cr0.95_stride100/Jinrong_100_000032/UAV/0.JPG
map2019/merge_test_700-1800_cr0.95_stride100/Jinrong_100_000033,merge_test_700-1800_cr0.95_stride100,Jinrong_100_000033,1,12,0,UAV/0.JPG,map2019/merge_test_700-1800_cr0.95_stride100/Jinrong_100_000033/UAV/0.JPG
map2019/merge_test_700-1800_cr0.95_stride100/Jinrong_100_000034,merge_test_700-1800_cr0.95_stride100,Jinrong_100_000034,1,12,0,UAV/0.JPG,map2019/merge_test_700-1800_cr0.95_stride100/Jinrong_100_000034/UAV/0.JPG
map2019/merge_test_700-1800_cr0.95_stride100/Jinrong_100_000035,merge_test_700-1800_cr0.95_stride100,Jinrong_100_000035,1,12,0,UAV/0.JPG,map2019/merge_test_700-1800_cr0.95_stride100/Jinrong_100_000035/UAV/0.JPG
map2019/merge_test_700-1800_cr0.95_stride100/Jinrong_100_000036,merge_test_700-1800_cr0.95_stride100,Jinrong_100_000036,1,12,0,UAV/0.JPG,map2019/merge_test_700-1800_cr0.95_stride100/Jinrong_100_000036/UAV/0.JPG
map2019/merge_test_700-1800_cr0.95_stride100/Jinrong_100_000037,merge_test_700-1800_cr0.95_stride100,Jinrong_100_000037,1,12,0,UAV/0.JPG,map2019/merge_test_700-1800_cr0.95_stride100/Jinrong_100_000037/UAV/0.JPG
map2019/merge_test_700-1800_cr0.95_stride100/Jinrong_100_000038,merge_test_700-1800_cr0.95_stride100,Jinrong_100_000038,1,12,0,UAV/0.JPG,map2019/merge_test_700-1800_cr0.95_stride100/Jinrong_100_000038/UAV/0.JPG
map2019/merge_test_700-1800_cr0.95_stride100/Jinrong_100_000039,merge_test_700-1800_cr0.95_stride100,Jinrong_100_000039,1,12,0,UAV/0.JPG,map2019/merge_test_700-1800_cr0.95_stride100/Jinrong_100_000039/UAV/0.JPG
map2019/merge_test_700-1800_cr0.95_stride100/Jinrong_100_000040,merge_test_700-1800_cr0.95_stride100,Jinrong_100_000040,1,12,0,UAV/0.JPG,map2019/merge_test_700-1800_cr0.95_stride100/Jinrong_100_000040/UAV/0.JPG
map2019/merge_test_700-1800_cr0.95_stride100/Jinrong_100_000041,merge_test_700-1800_cr0.95_stride100,Jinrong_100_000041,1,12,0,UAV/0.JPG,map2019/merge_test_700-1800_cr0.95_stride100/Jinrong_100_000041/UAV/0.JPG
map2019/merge_test_700-1800_cr0.95_stride100/Jinrong_100_000042,merge_test_700-1800_cr0.95_stride100,Jinrong_100_000042,1,12,0,UAV/0.JPG,map2019/merge_test_700-1800_cr0.95_stride100/Jinrong_100_000042/UAV/0.JPG
map2019/merge_test_700-1800_cr0.95_stride100/Jinrong_100_000043,merge_test_700-1800_cr0.95_stride100,Jinrong_100_000043,1,12,0,UAV/0.JPG,map2019/merge_test_700-1800_cr0.95_stride100/Jinrong_100_000043/UAV/0.JPG
map2019/merge_test_700-1800_cr0.95_stride100/Jinrong_100_000044,merge_test_700-1800_cr0.95_stride100,Jinrong_100_000044,1,12,0,UAV/0.JPG,map2019/merge_test_700-1800_cr0.95_stride100/Jinrong_100_000044/UAV/0.JPG
map2019/merge_test_700-1800_cr0.95_stride100/Jinrong_100_000045,merge_test_700-1800_cr0.95_stride100,Jinrong_100_000045,1,12,0,UAV/0.JPG,map2019/merge_test_700-1800_cr0.95_stride100/Jinrong_100_000045/UAV/0.JPG
map2019/merge_test_700-1800_cr0.95_stride100/Jinrong_100_000046,merge_test_700-1800_cr0.95_stride100,Jinrong_100_000046,1,12,0,UAV/0.JPG,map2019/merge_test_700-1800_cr0.95_stride100/Jinrong_100_000046/UAV/0.JPG
map2019/merge_test_700-1800_cr0.95_stride100/Jinrong_100_000047,merge_test_700-1800_cr0.95_stride100,Jinrong_100_000047,1,12,0,UAV/0.JPG,map2019/merge_test_700-1800_cr0.95_stride100/Jinrong_100_000047/UAV/0.JPG
map2019/merge_test_700-1800_cr0.95_stride100/Jinrong_100_000048,merge_test_700-1800_cr0.95_stride100,Jinrong_100_000048,1,12,0,UAV/0.JPG,map2019/merge_test_700-1800_cr0.95_stride100/Jinrong_100_000048/UAV/0.JPG
map2019/merge_test_700-1800_cr0.95_stride100/Jinrong_100_000049,merge_test_700-1800_cr0.95_stride100,Jinrong_100_000049,1,12,0,UAV/0.JPG,map2019/merge_test_700-1800_cr0.95_stride100/Jinrong_100_000049/UAV/0.JPG
map2019/merge_test_700-1800_cr0.95_stride100/Jinrong_100_000050,merge_test_700-1800_cr0.95_stride100,Jinrong_100_000050,1,12,0,UAV/0.JPG,map2019/merge_test_700-1800_cr0.95_stride100/Jinrong_100_000050/UAV/0.JPG
map2019/merge_test_700-1800_cr0.95_stride100/Jinrong_100_000051,merge_test_700-1800_cr0.95_stride100,Jinrong_100_000051,1,12,0,UAV/0.JPG,map2019/merge_test_700-1800_cr0.95_stride100/Jinrong_100_000051/UAV/0.JPG
map2019/merge_test_700-1800_cr0.95_stride100/Jinrong_100_000052,merge_test_700-1800_cr0.95_stride100,Jinrong_100_000052,1,12,0,UAV/0.JPG,map2019/merge_test_700-1800_cr0.95_stride100/Jinrong_100_000052/UAV/0.JPG
map2019/merge_test_700-1800_cr0.95_stride100/Jinrong_100_000053,merge_test_700-1800_cr0.95_stride100,Jinrong_100_000053,1,12,0,UAV/0.JPG,map2019/merge_test_700-1800_cr0.95_stride100/Jinrong_100_000053/UAV/0.JPG
map2019/merge_test_700-1800_cr0.95_stride100/Jinrong_100_000054,merge_test_700-1800_cr0.95_stride100,Jinrong_100_000054,1,12,0,UAV/0.JPG,map2019/merge_test_700-1800_cr0.95_stride100/Jinrong_100_000054/UAV/0.JPG
map2019/merge_test_700-1800_cr0.95_stride100/Jinrong_100_000055,merge_test_700-1800_cr0.95_stride100,Jinrong_100_000055,1,12,0,UAV/0.JPG,map2019/merge_test_700-1800_cr0.95_stride100/Jinrong_100_000055/UAV/0.JPG
map2019/merge_test_700-1800_cr0.95_stride100/Jinrong_100_000056,merge_test_700-1800_cr0.95_stride100,Jinrong_100_000056,1,12,0,UAV/0.JPG,map2019/merge_test_700-1800_cr0.95_stride100/Jinrong_100_000056/UAV/0.JPG
map2019/merge_test_700-1800_cr0.95_stride100/Jinrong_100_000057,merge_test_700-1800_cr0.95_stride100,Jinrong_100_000057,1,12,0,UAV/0.JPG,map2019/merge_test_700-1800_cr0.95_stride100/Jinrong_100_000057/UAV/0.JPG
map2019/merge_test_700-1800_cr0.95_stride100/Jinrong_100_000058,merge_test_700-1800_cr0.95_stride100,Jinrong_100_000058,1,12,0,UAV/0.JPG,map2019/merge_test_700-1800_cr0.95_stride100/Jinrong_100_000058/UAV/0.JPG
map2019/merge_test_700-1800_cr0.95_stride100/Jinrong_100_000059,merge_test_700-1800_cr0.95_stride100,Jinrong_100_000059,1,12,0,UAV/0.JPG,map2019/merge_test_700-1800_cr0.95_stride100/Jinrong_100_000059/UAV/0.JPG
map2019/merge_test_700-1800_cr0.95_stride100/Jinrong_100_000060,merge_test_700-1800_cr0.95_stride100,Jinrong_100_000060,1,12,0,UAV/0.JPG,map2019/merge_test_700-1800_cr0.95_stride100/Jinrong_100_000060/UAV/0.JPG
map2019/merge_test_700-1800_cr0.95_stride100/Jinrong_100_000061,merge_test_700-1800_cr0.95_stride100,Jinrong_100_000061,1,12,0,UAV/0.JPG,map2019/merge_test_700-1800_cr0.95_stride100/Jinrong_100_000061/UAV/0.JPG
map2019/merge_test_700-1800_cr0.95_stride100/Jinrong_100_000062,merge_test_700-1800_cr0.95_stride100,Jinrong_100_000062,1,12,0,UAV/0.JPG,map2019/merge_test_700-1800_cr0.95_stride100/Jinrong_100_000062/UAV/0.JPG
map2019/merge_test_700-1800_cr0.95_stride100/Jinrong_100_000063,merge_test_700-1800_cr0.95_stride100,Jinrong_100_000063,1,12,0,UAV/0.JPG,map2019/merge_test_700-1800_cr0.95_stride100/Jinrong_100_000063/UAV/0.JPG
map2019/merge_test_700-1800_cr0.95_stride100/Jinrong_100_000064,merge_test_700-1800_cr0.95_stride100,Jinrong_100_000064,1,12,0,UAV/0.JPG,map2019/merge_test_700-1800_cr0.95_stride100/Jinrong_100_000064/UAV/0.JPG
map2019/merge_test_700-1800_cr0.95_stride100/Jinrong_100_000065,merge_test_700-1800_cr0.95_stride100,Jinrong_100_000065,1,12,0,UAV/0.JPG,map2019/merge_test_700-1800_cr0.95_stride100/Jinrong_100_000065/UAV/0.JPG
map2019/merge_test_700-1800_cr0.95_stride100/Jinrong_100_000066,merge_test_700-1800_cr0.95_stride100,Jinrong_100_000066,1,12,0,UAV/0.JPG,map2019/merge_test_700-1800_cr0.95_stride100/Jinrong_100_000066/UAV/0.JPG
map2019/merge_test_700-1800_cr0.95_stride100/Jinrong_100_000067,merge_test_700-1800_cr0.95_stride100,Jinrong_100_000067,1,12,0,UAV/0.JPG,map2019/merge_test_700-1800_cr0.95_stride100/Jinrong_100_000067/UAV/0.JPG
map2019/merge_test_700-1800_cr0.95_stride100/Jinrong_100_000068,merge_test_700-1800_cr0.95_stride100,Jinrong_100_000068,1,12,0,UAV/0.JPG,map2019/merge_test_700-1800_cr0.95_stride100/Jinrong_100_000068/UAV/0.JPG
map2019/merge_test_700-1800_cr0.95_stride100/Jinrong_100_000069,merge_test_700-1800_cr0.95_stride100,Jinrong_100_000069,1,12,0,UAV/0.JPG,map2019/merge_test_700-1800_cr0.95_stride100/Jinrong_100_000069/UAV/0.JPG
map2019/merge_test_700-1800_cr0.95_stride100/Jinrong_100_000070,merge_test_700-1800_cr0.95_stride100,Jinrong_100_000070,1,12,0,UAV/0.JPG,map2019/merge_test_700-1800_cr0.95_stride100/Jinrong_100_000070/UAV/0.JPG
map2019/merge_test_700-1800_cr0.95_stride100/Jinrong_100_000071,merge_test_700-1800_cr0.95_stride100,Jinrong_100_000071,1,12,0,UAV/0.JPG,map2019/merge_test_700-1800_cr0.95_stride100/Jinrong_100_000071/UAV/0.JPG
map2019/merge_test_700-1800_cr0.95_stride100/Jinrong_100_000072,merge_test_700-1800_cr0.95_stride100,Jinrong_100_000072,1,12,0,UAV/0.JPG,map2019/merge_test_700-1800_cr0.95_stride100/Jinrong_100_000072/UAV/0.JPG
map2019/merge_test_700-1800_cr0.95_stride100/Jinrong_100_000073,merge_test_700-1800_cr0.95_stride100,Jinrong_100_000073,1,12,0,UAV/0.JPG,map2019/merge_test_700-1800_cr0.95_stride100/Jinrong_100_000073/UAV/0.JPG
map2019/merge_test_700-1800_cr0.95_stride100/Jinrong_100_000074,merge_test_700-1800_cr0.95_stride100,Jinrong_100_000074,1,12,0,UAV/0.JPG,map2019/merge_test_700-1800_cr0.95_stride100/Jinrong_100_000074/UAV/0.JPG
map2019/merge_test_700-1800_cr0.95_stride100/Jinrong_100_000075,merge_test_700-1800_cr0.95_stride100,Jinrong_100_000075,1,12,0,UAV/0.JPG,map2019/merge_test_700-1800_cr0.95_stride100/Jinrong_100_000075/UAV/0.JPG
map2019/merge_test_700-1800_cr0.95_stride100/Jinrong_100_000076,merge_test_700-1800_cr0.95_stride100,Jinrong_100_000076,1,12,0,UAV/0.JPG,map2019/merge_test_700-1800_cr0.95_stride100/Jinrong_100_000076/UAV/0.JPG
map2019/merge_test_700-1800_cr0.95_stride100/Jinrong_100_000077,merge_test_700-1800_cr0.95_stride100,Jinrong_100_000077,1,12,0,UAV/0.JPG,map2019/merge_test_700-1800_cr0.95_stride100/Jinrong_100_000077/UAV/0.JPG
map2019/merge_test_700-1800_cr0.95_stride100/Jinrong_100_000078,merge_test_700-1800_cr0.95_stride100,Jinrong_100_000078,1,12,0,UAV/0.JPG,map2019/merge_test_700-1800_cr0.95_stride100/Jinrong_100_000078/UAV/0.JPG
map2019/merge_test_700-1800_cr0.95_stride100/Jinrong_100_000079,merge_test_700-1800_cr0.95_stride100,Jinrong_100_000079,1,12,0,UAV/0.JPG,map2019/merge_test_700-1800_cr0.95_stride100/Jinrong_100_000079/UAV/0.JPG
map2019/merge_test_700-1800_cr0.95_stride100/Jinrong_100_000080,merge_test_700-1800_cr0.95_stride100,Jinrong_100_000080,1,12,0,UAV/0.JPG,map2019/merge_test_700-1800_cr0.95_stride100/Jinrong_100_000080/UAV/0.JPG
map2019/merge_test_700-1800_cr0.95_stride100/Jinrong_100_000081,merge_test_700-1800_cr0.95_stride100,Jinrong_100_000081,1,12,0,UAV/0.JPG,map2019/merge_test_700-1800_cr0.95_stride100/Jinrong_100_000081/UAV/0.JPG
map2019/merge_test_700-1800_cr0.95_stride100/Jinrong_100_000082,merge_test_700-1800_cr0.95_stride100,Jinrong_100_000082,1,12,0,UAV/0.JPG,map2019/merge_test_700-1800_cr0.95_stride100/Jinrong_100_000082/UAV/0.JPG
map2019/merge_test_700-1800_cr0.95_stride100/Jinrong_100_000083,merge_test_700-1800_cr0.95_stride100,Jinrong_100_000083,1,12,0,UAV/0.JPG,map2019/merge_test_700-1800_cr0.95_stride100/Jinrong_100_000083/UAV/0.JPG
map2019/merge_test_700-1800_cr0.95_stride100/Jinrong_100_000084,merge_test_700-1800_cr0.95_stride100,Jinrong_100_000084,1,12,0,UAV/0.JPG,map2019/merge_test_700-1800_cr0.95_stride100/Jinrong_100_000084/UAV/0.JPG
map2019/merge_test_700-1800_cr0.95_stride100/Jinrong_100_000085,merge_test_700-1800_cr0.95_stride100,Jinrong_100_000085,1,12,0,UAV/0.JPG,map2019/merge_test_700-1800_cr0.95_stride100/Jinrong_100_000085/UAV/0.JPG
map2019/merge_test_700-1800_cr0.95_stride100/Jinrong_100_000086,merge_test_700-1800_cr0.95_stride100,Jinrong_100_000086,1,12,0,UAV/0.JPG,map2019/merge_test_700-1800_cr0.95_stride100/Jinrong_100_000086/UAV/0.JPG
map2019/merge_test_700-1800_cr0.95_stride100/Jinrong_100_000087,merge_test_700-1800_cr0.95_stride100,Jinrong_100_000087,1,12,0,UAV/0.JPG,map2019/merge_test_700-1800_cr0.95_stride100/Jinrong_100_000087/UAV/0.JPG
map2019/merge_test_700-1800_cr0.95_stride100/Jinrong_100_000088,merge_test_700-1800_cr0.95_stride100,Jinrong_100_000088,1,12,0,UAV/0.JPG,map2019/merge_test_700-1800_cr0.95_stride100/Jinrong_100_000088/UAV/0.JPG
map2019/merge_test_700-1800_cr0.95_stride100/Jinrong_100_000089,merge_test_700-1800_cr0.95_stride100,Jinrong_100_000089,1,12,0,UAV/0.JPG,map2019/merge_test_700-1800_cr0.95_stride100/Jinrong_100_000089/UAV/0.JPG
map2019/merge_test_700-1800_cr0.95_stride100/Jinrong_100_000090,merge_test_700-1800_cr0.95_stride100,Jinrong_100_000090,1,12,0,UAV/0.JPG,map2019/merge_test_700-1800_cr0.95_stride100/Jinrong_100_000090/UAV/0.JPG
map2019/merge_test_700-1800_cr0.95_stride100/Jinrong_100_000091,merge_test_700-1800_cr0.95_stride100,Jinrong_100_000091,1,12,0,UAV/0.JPG,map2019/merge_test_700-1800_cr0.95_stride100/Jinrong_100_000091/UAV/0.JPG
map2019/merge_test_700-1800_cr0.95_stride100/Jinrong_100_000092,merge_test_700-1800_cr0.95_stride100,Jinrong_100_000092,1,12,0,UAV/0.JPG,map2019/merge_test_700-1800_cr0.95_stride100/Jinrong_100_000092/UAV/0.JPG
map2019/merge_test_700-1800_cr0.95_stride100/Jinrong_100_000093,merge_test_700-1800_cr0.95_stride100,Jinrong_100_000093,1,12,0,UAV/0.JPG,map2019/merge_test_700-1800_cr0.95_stride100/Jinrong_100_000093/UAV/0.JPG
map2019/merge_test_700-1800_cr0.95_stride100/Jinrong_100_000094,merge_test_700-1800_cr0.95_stride100,Jinrong_100_000094,1,12,0,UAV/0.JPG,map2019/merge_test_700-1800_cr0.95_stride100/Jinrong_100_000094/UAV/0.JPG
map2019/merge_test_700-1800_cr0.95_stride100/Jinrong_100_000095,merge_test_700-1800_cr0.95_stride100,Jinrong_100_000095,1,12,0,UAV/0.JPG,map2019/merge_test_700-1800_cr0.95_stride100/Jinrong_100_000095/UAV/0.JPG
map2019/merge_test_700-1800_cr0.95_stride100/Jinrong_100_000096,merge_test_700-1800_cr0.95_stride100,Jinrong_100_000096,1,12,0,UAV/0.JPG,map2019/merge_test_700-1800_cr0.95_stride100/Jinrong_100_000096/UAV/0.JPG
map2019/merge_test_700-1800_cr0.95_stride100/Jinrong_100_000097,merge_test_700-1800_cr0.95_stride100,Jinrong_100_000097,1,12,0,UAV/0.JPG,map2019/merge_test_700-1800_cr0.95_stride100/Jinrong_100_000097/UAV/0.JPG
map2019/merge_test_700-1800_cr0.95_stride100/Jinrong_100_000098,merge_test_700-1800_cr0.95_stride100,Jinrong_100_000098,1,12,0,UAV/0.JPG,map2019/merge_test_700-1800_cr0.95_stride100/Jinrong_100_000098/UAV/0.JPG
map2019/merge_test_700-1800_cr0.95_stride100/Jinrong_100_000099,merge_test_700-1800_cr0.95_stride100,Jinrong_100_000099,1,12,0,UAV/0.JPG,map2019/merge_test_700-1800_cr0.95_stride100/Jinrong_100_000099/UAV/0.JPG
map2019/merge_test_700-1800_cr0.95_stride100/Jinrong_100_000100,merge_test_700-1800_cr0.95_stride100,Jinrong_100_000100,1,12,0,UAV/0.JPG,map2019/merge_test_700-1800_cr0.95_stride100/Jinrong_100_000100/UAV/0.JPG
map2019/merge_test_700-1800_cr0.95_stride100/Jinrong_100_000101,merge_test_700-1800_cr0.95_stride100,Jinrong_100_000101,1,12,0,UAV/0.JPG,map2019/merge_test_700-1800_cr0.95_stride100/Jinrong_100_000101/UAV/0.JPG
map2019/merge_test_700-1800_cr0.95_stride100/Jinrong_100_000102,merge_test_700-1800_cr0.95_stride100,Jinrong_100_000102,1,12,0,UAV/0.JPG,map2019/merge_test_700-1800_cr0.95_stride100/Jinrong_100_000102/UAV/0.JPG
map2019/merge_test_700-1800_cr0.95_stride100/Jinrong_100_000103,merge_test_700-1800_cr0.95_stride100,Jinrong_100_000103,1,12,0,UAV/0.JPG,map2019/merge_test_700-1800_cr0.95_stride100/Jinrong_100_000103/UAV/0.JPG
map2019/merge_test_700-1800_cr0.95_stride100/Jinrong_100_000104,merge_test_700-1800_cr0.95_stride100,Jinrong_100_000104,1,12,0,UAV/0.JPG,map2019/merge_test_700-1800_cr0.95_stride100/Jinrong_100_000104/UAV/0.JPG
map2019/merge_test_700-1800_cr0.95_stride100/Jinrong_100_000105,merge_test_700-1800_cr0.95_stride100,Jinrong_100_000105,1,12,0,UAV/0.JPG,map2019/merge_test_700-1800_cr0.95_stride100/Jinrong_100_000105/UAV/0.JPG
map2019/merge_test_700-1800_cr0.95_stride100/Jinrong_100_000106,merge_test_700-1800_cr0.95_stride100,Jinrong_100_000106,1,12,0,UAV/0.JPG,map2019/merge_test_700-1800_cr0.95_stride100/Jinrong_100_000106/UAV/0.JPG
map2019/merge_test_700-1800_cr0.95_stride100/Jinrong_100_000107,merge_test_700-1800_cr0.95_stride100,Jinrong_100_000107,1,12,0,UAV/0.JPG,map2019/merge_test_700-1800_cr0.95_stride100/Jinrong_100_000107/UAV/0.JPG
map2019/merge_test_700-1800_cr0.95_stride100/Jinrong_100_000108,merge_test_700-1800_cr0.95_stride100,Jinrong_100_000108,1,12,0,UAV/0.JPG,map2019/merge_test_700-1800_cr0.95_stride100/Jinrong_100_000108/UAV/0.JPG
map2019/merge_test_700-1800_cr0.95_stride100/Jinrong_100_000109,merge_test_700-1800_cr0.95_stride100,Jinrong_100_000109,1,12,0,UAV/0.JPG,map2019/merge_test_700-1800_cr0.95_stride100/Jinrong_100_000109/UAV/0.JPG
map2019/merge_test_700-1800_cr0.95_stride100/Jinrong_100_000110,merge_test_700-1800_cr0.95_stride100,Jinrong_100_000110,1,12,0,UAV/0.JPG,map2019/merge_test_700-1800_cr0.95_stride100/Jinrong_100_000110/UAV/0.JPG
map2019/merge_test_700-1800_cr0.95_stride100/Jinrong_100_000111,merge_test_700-1800_cr0.95_stride100,Jinrong_100_000111,1,12,0,UAV/0.JPG,map2019/merge_test_700-1800_cr0.95_stride100/Jinrong_100_000111/UAV/0.JPG
map2019/merge_test_700-1800_cr0.95_stride100/Jinrong_100_000112,merge_test_700-1800_cr0.95_stride100,Jinrong_100_000112,1,12,0,UAV/0.JPG,map2019/merge_test_700-1800_cr0.95_stride100/Jinrong_100_000112/UAV/0.JPG
map2019/merge_test_700-1800_cr0.95_stride100/Jinrong_100_000113,merge_test_700-1800_cr0.95_stride100,Jinrong_100_000113,1,12,0,UAV/0.JPG,map2019/merge_test_700-1800_cr0.95_stride100/Jinrong_100_000113/UAV/0.JPG
map2019/merge_test_700-1800_cr0.95_stride100/Jinrong_100_000114,merge_test_700-1800_cr0.95_stride100,Jinrong_100_000114,1,12,0,UAV/0.JPG,map2019/merge_test_700-1800_cr0.95_stride100/Jinrong_100_000114/UAV/0.JPG
map2019/merge_test_700-1800_cr0.95_stride100/Jinrong_100_000115,merge_test_700-1800_cr0.95_stride100,Jinrong_100_000115,1,12,0,UAV/0.JPG,map2019/merge_test_700-1800_cr0.95_stride100/Jinrong_100_000115/UAV/0.JPG
map2019/merge_test_700-1800_cr0.95_stride100/Jinrong_100_000116,merge_test_700-1800_cr0.95_stride100,Jinrong_100_000116,1,12,0,UAV/0.JPG,map2019/merge_test_700-1800_cr0.95_stride100/Jinrong_100_000116/UAV/0.JPG
map2019/merge_test_700-1800_cr0.95_stride100/Jinrong_100_000117,merge_test_700-1800_cr0.95_stride100,Jinrong_100_000117,1,12,0,UAV/0.JPG,map2019/merge_test_700-1800_cr0.95_stride100/Jinrong_100_000117/UAV/0.JPG
map2019/merge_test_700-1800_cr0.95_stride100/Jinrong_100_000118,merge_test_700-1800_cr0.95_stride100,Jinrong_100_000118,1,12,0,UAV/0.JPG,map2019/merge_test_700-1800_cr0.95_stride100/Jinrong_100_000118/UAV/0.JPG
map2019/merge_test_700-1800_cr0.95_stride100/Jinrong_100_000119,merge_test_700-1800_cr0.95_stride100,Jinrong_100_000119,1,12,0,UAV/0.JPG,map2019/merge_test_700-1800_cr0.95_stride100/Jinrong_100_000119/UAV/0.JPG
map2019/merge_test_700-1800_cr0.95_stride100/Jinrong_100_000120,merge_test_700-1800_cr0.95_stride100,Jinrong_100_000120,1,12,0,UAV/0.JPG,map2019/merge_test_700-1800_cr0.95_stride100/Jinrong_100_000120/UAV/0.JPG
map2019/merge_test_700-1800_cr0.95_stride100/Jinrong_100_000121,merge_test_700-1800_cr0.95_stride100,Jinrong_100_000121,1,12,0,UAV/0.JPG,map2019/merge_test_700-1800_cr0.95_stride100/Jinrong_100_000121/UAV/0.JPG
map2019/merge_test_700-1800_cr0.95_stride100/Jinrong_100_000122,merge_test_700-1800_cr0.95_stride100,Jinrong_100_000122,1,12,0,UAV/0.JPG,map2019/merge_test_700-1800_cr0.95_stride100/Jinrong_100_000122/UAV/0.JPG
map2019/merge_test_700-1800_cr0.95_stride100/Jinrong_100_000123,merge_test_700-1800_cr0.95_stride100,Jinrong_100_000123,1,12,0,UAV/0.JPG,map2019/merge_test_700-1800_cr0.95_stride100/Jinrong_100_000123/UAV/0.JPG
map2019/merge_test_700-1800_cr0.95_stride100/Jinrong_100_000124,merge_test_700-1800_cr0.95_stride100,Jinrong_100_000124,1,12,0,UAV/0.JPG,map2019/merge_test_700-1800_cr0.95_stride100/Jinrong_100_000124/UAV/0.JPG
map2019/merge_test_700-1800_cr0.95_stride100/Jinrong_100_000125,merge_test_700-1800_cr0.95_stride100,Jinrong_100_000125,1,12,0,UAV/0.JPG,map2019/merge_test_700-1800_cr0.95_stride100/Jinrong_100_000125/UAV/0.JPG
map2019/merge_test_700-1800_cr0.95_stride100/Jinrong_100_000126,merge_test_700-1800_cr0.95_stride100,Jinrong_100_000126,1,12,0,UAV/0.JPG,map2019/merge_test_700-1800_cr0.95_stride100/Jinrong_100_000126/UAV/0.JPG
map2019/merge_test_700-1800_cr0.95_stride100/Jinrong_100_000127,merge_test_700-1800_cr0.95_stride100,Jinrong_100_000127,1,12,0,UAV/0.JPG,map2019/merge_test_700-1800_cr0.95_stride100/Jinrong_100_000127/UAV/0.JPG
map2019/merge_test_700-1800_cr0.95_stride100/Jinrong_100_000128,merge_test_700-1800_cr0.95_stride100,Jinrong_100_000128,1,12,0,UAV/0.JPG,map2019/merge_test_700-1800_cr0.95_stride100/Jinrong_100_000128/UAV/0.JPG
map2019/merge_test_700-1800_cr0.95_stride100/Jinrong_100_000129,merge_test_700-1800_cr0.95_stride100,Jinrong_100_000129,1,12,0,UAV/0.JPG,map2019/merge_test_700-1800_cr0.95_stride100/Jinrong_100_000129/UAV/0.JPG
map2019/merge_test_700-1800_cr0.95_stride100/Jinrong_100_000130,merge_test_700-1800_cr0.95_stride100,Jinrong_100_000130,1,12,0,UAV/0.JPG,map2019/merge_test_700-1800_cr0.95_stride100/Jinrong_100_000130/UAV/0.JPG
map2019/merge_test_700-1800_cr0.95_stride100/Jinrong_100_000131,merge_test_700-1800_cr0.95_stride100,Jinrong_100_000131,1,12,0,UAV/0.JPG,map2019/merge_test_700-1800_cr0.95_stride100/Jinrong_100_000131/UAV/0.JPG
map2019/merge_test_700-1800_cr0.95_stride100/Jinrong_100_000132,merge_test_700-1800_cr0.95_stride100,Jinrong_100_000132,1,12,0,UAV/0.JPG,map2019/merge_test_700-1800_cr0.95_stride100/Jinrong_100_000132/UAV/0.JPG
map2019/merge_test_700-1800_cr0.95_stride100/Jinrong_100_000133,merge_test_700-1800_cr0.95_stride100,Jinrong_100_000133,1,12,0,UAV/0.JPG,map2019/merge_test_700-1800_cr0.95_stride100/Jinrong_100_000133/UAV/0.JPG
map2019/merge_test_700-1800_cr0.95_stride100/Jinrong_100_000134,merge_test_700-1800_cr0.95_stride100,Jinrong_100_000134,1,12,0,UAV/0.JPG,map2019/merge_test_700-1800_cr0.95_stride100/Jinrong_100_000134/UAV/0.JPG
map2019/merge_test_700-1800_cr0.95_stride100/Jinrong_100_000135,merge_test_700-1800_cr0.95_stride100,Jinrong_100_000135,1,12,0,UAV/0.JPG,map2019/merge_test_700-1800_cr0.95_stride100/Jinrong_100_000135/UAV/0.JPG
map2019/merge_test_700-1800_cr0.95_stride100/Jinrong_100_000136,merge_test_700-1800_cr0.95_stride100,Jinrong_100_000136,1,12,0,UAV/0.JPG,map2019/merge_test_700-1800_cr0.95_stride100/Jinrong_100_000136/UAV/0.JPG
map2019/merge_test_700-1800_cr0.95_stride100/Jinrong_100_000137,merge_test_700-1800_cr0.95_stride100,Jinrong_100_000137,1,12,0,UAV/0.JPG,map2019/merge_test_700-1800_cr0.95_stride100/Jinrong_100_000137/UAV/0.JPG
map2019/merge_test_700-1800_cr0.95_stride100/Jinrong_100_000138,merge_test_700-1800_cr0.95_stride100,Jinrong_100_000138,1,12,0,UAV/0.JPG,map2019/merge_test_700-1800_cr0.95_stride100/Jinrong_100_000138/UAV/0.JPG
map2019/merge_test_700-1800_cr0.95_stride100/Jinrong_100_000139,merge_test_700-1800_cr0.95_stride100,Jinrong_100_000139,1,12,0,UAV/0.JPG,map2019/merge_test_700-1800_cr0.95_stride100/Jinrong_100_000139/UAV/0.JPG
map2019/merge_test_700-1800_cr0.95_stride100/Jinrong_100_000140,merge_test_700-1800_cr0.95_stride100,Jinrong_100_000140,1,12,0,UAV/0.JPG,map2019/merge_test_700-1800_cr0.95_stride100/Jinrong_100_000140/UAV/0.JPG
map2019/merge_test_700-1800_cr0.95_stride100/Jinrong_100_000141,merge_test_700-1800_cr0.95_stride100,Jinrong_100_000141,1,12,0,UAV/0.JPG,map2019/merge_test_700-1800_cr0.95_stride100/Jinrong_100_000141/UAV/0.JPG
map2019/merge_test_700-1800_cr0.95_stride100/Jinrong_100_000142,merge_test_700-1800_cr0.95_stride100,Jinrong_100_000142,1,12,0,UAV/0.JPG,map2019/merge_test_700-1800_cr0.95_stride100/Jinrong_100_000142/UAV/0.JPG
map2019/merge_test_700-1800_cr0.95_stride100/Jinrong_100_000143,merge_test_700-1800_cr0.95_stride100,Jinrong_100_000143,1,12,0,UAV/0.JPG,map2019/merge_test_700-1800_cr0.95_stride100/Jinrong_100_000143/UAV/0.JPG
map2019/merge_test_700-1800_cr0.95_stride100/Jinrong_100_000144,merge_test_700-1800_cr0.95_stride100,Jinrong_100_000144,1,12,0,UAV/0.JPG,map2019/merge_test_700-1800_cr0.95_stride100/Jinrong_100_000144/UAV/0.JPG
map2019/merge_test_700-1800_cr0.95_stride100/Jinrong_100_000145,merge_test_700-1800_cr0.95_stride100,Jinrong_100_000145,1,12,0,UAV/0.JPG,map2019/merge_test_700-1800_cr0.95_stride100/Jinrong_100_000145/UAV/0.JPG
map2019/merge_test_700-1800_cr0.95_stride100/Jinrong_100_000146,merge_test_700-1800_cr0.95_stride100,Jinrong_100_000146,1,12,0,UAV/0.JPG,map2019/merge_test_700-1800_cr0.95_stride100/Jinrong_100_000146/UAV/0.JPG
map2019/merge_test_700-1800_cr0.95_stride100/Jinrong_100_000147,merge_test_700-1800_cr0.95_stride100,Jinrong_100_000147,1,12,0,UAV/0.JPG,map2019/merge_test_700-1800_cr0.95_stride100/Jinrong_100_000147/UAV/0.JPG
map2019/merge_test_700-1800_cr0.95_stride100/Jinrong_100_000148,merge_test_700-1800_cr0.95_stride100,Jinrong_100_000148,1,12,0,UAV/0.JPG,map2019/merge_test_700-1800_cr0.95_stride100/Jinrong_100_000148/UAV/0.JPG
map2019/merge_test_700-1800_cr0.95_stride100/Jinrong_100_000149,merge_test_700-1800_cr0.95_stride100,Jinrong_100_000149,1,12,0,UAV/0.JPG,map2019/merge_test_700-1800_cr0.95_stride100/Jinrong_100_000149/UAV/0.JPG
map2019/merge_test_700-1800_cr0.95_stride100/Jinrong_100_000150,merge_test_700-1800_cr0.95_stride100,Jinrong_100_000150,1,12,0,UAV/0.JPG,map2019/merge_test_700-1800_cr0.95_stride100/Jinrong_100_000150/UAV/0.JPG
map2019/merge_test_700-1800_cr0.95_stride100/Jinrong_100_000151,merge_test_700-1800_cr0.95_stride100,Jinrong_100_000151,1,12,0,UAV/0.JPG,map2019/merge_test_700-1800_cr0.95_stride100/Jinrong_100_000151/UAV/0.JPG
map2019/merge_test_700-1800_cr0.95_stride100/Jinrong_100_000152,merge_test_700-1800_cr0.95_stride100,Jinrong_100_000152,1,12,0,UAV/0.JPG,map2019/merge_test_700-1800_cr0.95_stride100/Jinrong_100_000152/UAV/0.JPG
map2019/merge_test_700-1800_cr0.95_stride100/Jinrong_100_000153,merge_test_700-1800_cr0.95_stride100,Jinrong_100_000153,1,12,0,UAV/0.JPG,map2019/merge_test_700-1800_cr0.95_stride100/Jinrong_100_000153/UAV/0.JPG
map2019/merge_test_700-1800_cr0.95_stride100/Jinrong_100_000154,merge_test_700-1800_cr0.95_stride100,Jinrong_100_000154,1,12,0,UAV/0.JPG,map2019/merge_test_700-1800_cr0.95_stride100/Jinrong_100_000154/UAV/0.JPG
map2019/merge_test_700-1800_cr0.95_stride100/Jinrong_100_000155,merge_test_700-1800_cr0.95_stride100,Jinrong_100_000155,1,12,0,UAV/0.JPG,map2019/merge_test_700-1800_cr0.95_stride100/Jinrong_100_000155/UAV/0.JPG
map2019/merge_test_700-1800_cr0.95_stride100/Jinrong_100_000156,merge_test_700-1800_cr0.95_stride100,Jinrong_100_000156,1,12,0,UAV/0.JPG,map2019/merge_test_700-1800_cr0.95_stride100/Jinrong_100_000156/UAV/0.JPG
map2019/merge_test_700-1800_cr0.95_stride100/Jinrong_100_000157,merge_test_700-1800_cr0.95_stride100,Jinrong_100_000157,1,12,0,UAV/0.JPG,map2019/merge_test_700-1800_cr0.95_stride100/Jinrong_100_000157/UAV/0.JPG
map2019/merge_test_700-1800_cr0.95_stride100/Jinrong_100_000158,merge_test_700-1800_cr0.95_stride100,Jinrong_100_000158,1,12,0,UAV/0.JPG,map2019/merge_test_700-1800_cr0.95_stride100/Jinrong_100_000158/UAV/0.JPG
map2019/merge_test_700-1800_cr0.95_stride100/Jinrong_100_000159,merge_test_700-1800_cr0.95_stride100,Jinrong_100_000159,1,12,0,UAV/0.JPG,map2019/merge_test_700-1800_cr0.95_stride100/Jinrong_100_000159/UAV/0.JPG
map2019/merge_test_700-1800_cr0.95_stride100/Jinrong_100_000160,merge_test_700-1800_cr0.95_stride100,Jinrong_100_000160,1,12,0,UAV/0.JPG,map2019/merge_test_700-1800_cr0.95_stride100/Jinrong_100_000160/UAV/0.JPG
map2019/merge_test_700-1800_cr0.95_stride100/Jinrong_100_000161,merge_test_700-1800_cr0.95_stride100,Jinrong_100_000161,1,12,0,UAV/0.JPG,map2019/merge_test_700-1800_cr0.95_stride100/Jinrong_100_000161/UAV/0.JPG
map2019/merge_test_700-1800_cr0.95_stride100/Jinrong_100_000162,merge_test_700-1800_cr0.95_stride100,Jinrong_100_000162,1,12,0,UAV/0.JPG,map2019/merge_test_700-1800_cr0.95_stride100/Jinrong_100_000162/UAV/0.JPG
map2019/merge_test_700-1800_cr0.95_stride100/Jinrong_100_000163,merge_test_700-1800_cr0.95_stride100,Jinrong_100_000163,1,12,0,UAV/0.JPG,map2019/merge_test_700-1800_cr0.95_stride100/Jinrong_100_000163/UAV/0.JPG
map2019/merge_test_700-1800_cr0.95_stride100/Jinrong_100_000164,merge_test_700-1800_cr0.95_stride100,Jinrong_100_000164,1,12,0,UAV/0.JPG,map2019/merge_test_700-1800_cr0.95_stride100/Jinrong_100_000164/UAV/0.JPG
map2019/merge_test_700-1800_cr0.95_stride100/Jinrong_100_000165,merge_test_700-1800_cr0.95_stride100,Jinrong_100_000165,1,12,0,UAV/0.JPG,map2019/merge_test_700-1800_cr0.95_stride100/Jinrong_100_000165/UAV/0.JPG
map2019/merge_test_700-1800_cr0.95_stride100/Jinrong_100_000166,merge_test_700-1800_cr0.95_stride100,Jinrong_100_000166,1,12,0,UAV/0.JPG,map2019/merge_test_700-1800_cr0.95_stride100/Jinrong_100_000166/UAV/0.JPG
map2019/merge_test_700-1800_cr0.95_stride100/Jinrong_100_000167,merge_test_700-1800_cr0.95_stride100,Jinrong_100_000167,1,12,0,UAV/0.JPG,map2019/merge_test_700-1800_cr0.95_stride100/Jinrong_100_000167/UAV/0.JPG
map2019/merge_test_700-1800_cr0.95_stride100/Jinrong_100_000168,merge_test_700-1800_cr0.95_stride100,Jinrong_100_000168,1,12,0,UAV/0.JPG,map2019/merge_test_700-1800_cr0.95_stride100/Jinrong_100_000168/UAV/0.JPG
map2019/merge_test_700-1800_cr0.95_stride100/Jinrong_100_000169,merge_test_700-1800_cr0.95_stride100,Jinrong_100_000169,1,12,0,UAV/0.JPG,map2019/merge_test_700-1800_cr0.95_stride100/Jinrong_100_000169/UAV/0.JPG
map2019/merge_test_700-1800_cr0.95_stride100/Jinrong_100_000170,merge_test_700-1800_cr0.95_stride100,Jinrong_100_000170,1,12,0,UAV/0.JPG,map2019/merge_test_700-1800_cr0.95_stride100/Jinrong_100_000170/UAV/0.JPG
map2019/merge_test_700-1800_cr0.95_stride100/Jinrong_100_000171,merge_test_700-1800_cr0.95_stride100,Jinrong_100_000171,1,12,0,UAV/0.JPG,map2019/merge_test_700-1800_cr0.95_stride100/Jinrong_100_000171/UAV/0.JPG
map2019/merge_test_700-1800_cr0.95_stride100/Jinrong_100_000172,merge_test_700-1800_cr0.95_stride100,Jinrong_100_000172,1,12,0,UAV/0.JPG,map2019/merge_test_700-1800_cr0.95_stride100/Jinrong_100_000172/UAV/0.JPG
map2019/merge_test_700-1800_cr0.95_stride100/Jinrong_100_000173,merge_test_700-1800_cr0.95_stride100,Jinrong_100_000173,1,12,0,UAV/0.JPG,map2019/merge_test_700-1800_cr0.95_stride100/Jinrong_100_000173/UAV/0.JPG
map2019/merge_test_700-1800_cr0.95_stride100/Jinrong_100_000174,merge_test_700-1800_cr0.95_stride100,Jinrong_100_000174,1,12,0,UAV/0.JPG,map2019/merge_test_700-1800_cr0.95_stride100/Jinrong_100_000174/UAV/0.JPG
map2019/merge_test_700-1800_cr0.95_stride100/Jinrong_100_000175,merge_test_700-1800_cr0.95_stride100,Jinrong_100_000175,1,12,0,UAV/0.JPG,map2019/merge_test_700-1800_cr0.95_stride100/Jinrong_100_000175/UAV/0.JPG
map2019/merge_test_700-1800_cr0.95_stride100/Jinrong_100_000176,merge_test_700-1800_cr0.95_stride100,Jinrong_100_000176,1,12,0,UAV/0.JPG,map2019/merge_test_700-1800_cr0.95_stride100/Jinrong_100_000176/UAV/0.JPG
map2019/merge_test_700-1800_cr0.95_stride100/Jinrong_100_000177,merge_test_700-1800_cr0.95_stride100,Jinrong_100_000177,1,12,0,UAV/0.JPG,map2019/merge_test_700-1800_cr0.95_stride100/Jinrong_100_000177/UAV/0.JPG
map2019/merge_test_700-1800_cr0.95_stride100/Jinrong_100_000178,merge_test_700-1800_cr0.95_stride100,Jinrong_100_000178,1,12,0,UAV/0.JPG,map2019/merge_test_700-1800_cr0.95_stride100/Jinrong_100_000178/UAV/0.JPG
map2019/merge_test_700-1800_cr0.95_stride100/Jinrong_100_000179,merge_test_700-1800_cr0.95_stride100,Jinrong_100_000179,1,12,0,UAV/0.JPG,map2019/merge_test_700-1800_cr0.95_stride100/Jinrong_100_000179/UAV/0.JPG
map2019/merge_test_700-1800_cr0.95_stride100/Jinrong_100_000180,merge_test_700-1800_cr0.95_stride100,Jinrong_100_000180,1,12,0,UAV/0.JPG,map2019/merge_test_700-1800_cr0.95_stride100/Jinrong_100_000180/UAV/0.JPG
map2019/merge_test_700-1800_cr0.95_stride100/Jinrong_100_000181,merge_test_700-1800_cr0.95_stride100,Jinrong_100_000181,1,12,0,UAV/0.JPG,map2019/merge_test_700-1800_cr0.95_stride100/Jinrong_100_000181/UAV/0.JPG
map2019/merge_test_700-1800_cr0.95_stride100/Jinrong_100_000182,merge_test_700-1800_cr0.95_stride100,Jinrong_100_000182,1,12,0,UAV/0.JPG,map2019/merge_test_700-1800_cr0.95_stride100/Jinrong_100_000182/UAV/0.JPG
map2019/merge_test_700-1800_cr0.95_stride100/Jinrong_100_000183,merge_test_700-1800_cr0.95_stride100,Jinrong_100_000183,1,12,0,UAV/0.JPG,map2019/merge_test_700-1800_cr0.95_stride100/Jinrong_100_000183/UAV/0.JPG
map2019/merge_test_700-1800_cr0.95_stride100/Jinrong_100_000184,merge_test_700-1800_cr0.95_stride100,Jinrong_100_000184,1,12,0,UAV/0.JPG,map2019/merge_test_700-1800_cr0.95_stride100/Jinrong_100_000184/UAV/0.JPG
map2019/merge_test_700-1800_cr0.95_stride100/Jinrong_100_000185,merge_test_700-1800_cr0.95_stride100,Jinrong_100_000185,1,12,0,UAV/0.JPG,map2019/merge_test_700-1800_cr0.95_stride100/Jinrong_100_000185/UAV/0.JPG
map2019/merge_test_700-1800_cr0.95_stride100/Jinrong_100_000186,merge_test_700-1800_cr0.95_stride100,Jinrong_100_000186,1,12,0,UAV/0.JPG,map2019/merge_test_700-1800_cr0.95_stride100/Jinrong_100_000186/UAV/0.JPG
map2019/merge_test_700-1800_cr0.95_stride100/Jinrong_100_000187,merge_test_700-1800_cr0.95_stride100,Jinrong_100_000187,1,12,0,UAV/0.JPG,map2019/merge_test_700-1800_cr0.95_stride100/Jinrong_100_000187/UAV/0.JPG
map2019/merge_test_700-1800_cr0.95_stride100/Jinrong_100_000188,merge_test_700-1800_cr0.95_stride100,Jinrong_100_000188,1,12,0,UAV/0.JPG,map2019/merge_test_700-1800_cr0.95_stride100/Jinrong_100_000188/UAV/0.JPG
map2019/merge_test_700-1800_cr0.95_stride100/Jinrong_100_000189,merge_test_700-1800_cr0.95_stride100,Jinrong_100_000189,1,12,0,UAV/0.JPG,map2019/merge_test_700-1800_cr0.95_stride100/Jinrong_100_000189/UAV/0.JPG
map2019/merge_test_700-1800_cr0.95_stride100/Jinrong_100_000190,merge_test_700-1800_cr0.95_stride100,Jinrong_100_000190,1,12,0,UAV/0.JPG,map2019/merge_test_700-1800_cr0.95_stride100/Jinrong_100_000190/UAV/0.JPG
map2019/merge_test_700-1800_cr0.95_stride100/Jinrong_100_000191,merge_test_700-1800_cr0.95_stride100,Jinrong_100_000191,1,12,0,UAV/0.JPG,map2019/merge_test_700-1800_cr0.95_stride100/Jinrong_100_000191/UAV/0.JPG
map2019/merge_test_700-1800_cr0.95_stride100/Jinrong_100_000192,merge_test_700-1800_cr0.95_stride100,Jinrong_100_000192,1,12,0,UAV/0.JPG,map2019/merge_test_700-1800_cr0.95_stride100/Jinrong_100_000192/UAV/0.JPG
map2019/merge_test_700-1800_cr0.95_stride100/Jinrong_100_000193,merge_test_700-1800_cr0.95_stride100,Jinrong_100_000193,1,12,0,UAV/0.JPG,map2019/merge_test_700-1800_cr0.95_stride100/Jinrong_100_000193/UAV/0.JPG
map2019/merge_test_700-1800_cr0.95_stride100/Jinrong_100_000194,merge_test_700-1800_cr0.95_stride100,Jinrong_100_000194,1,12,0,UAV/0.JPG,map2019/merge_test_700-1800_cr0.95_stride100/Jinrong_100_000194/UAV/0.JPG
map2019/merge_test_700-1800_cr0.95_stride100/Jinrong_100_000195,merge_test_700-1800_cr0.95_stride100,Jinrong_100_000195,1,12,0,UAV/0.JPG,map2019/merge_test_700-1800_cr0.95_stride100/Jinrong_100_000195/UAV/0.JPG
map2019/merge_test_700-1800_cr0.95_stride100/Jinrong_100_000196,merge_test_700-1800_cr0.95_stride100,Jinrong_100_000196,1,12,0,UAV/0.JPG,map2019/merge_test_700-1800_cr0.95_stride100/Jinrong_100_000196/UAV/0.JPG
map2019/merge_test_700-1800_cr0.95_stride100/Jinrong_100_000197,merge_test_700-1800_cr0.95_stride100,Jinrong_100_000197,1,12,0,UAV/0.JPG,map2019/merge_test_700-1800_cr0.95_stride100/Jinrong_100_000197/UAV/0.JPG
map2019/merge_test_700-1800_cr0.95_stride100/Jinrong_100_000198,merge_test_700-1800_cr0.95_stride100,Jinrong_100_000198,1,12,0,UAV/0.JPG,map2019/merge_test_700-1800_cr0.95_stride100/Jinrong_100_000198/UAV/0.JPG
map2019/merge_test_700-1800_cr0.95_stride100/Jinrong_100_000199,merge_test_700-1800_cr0.95_stride100,Jinrong_100_000199,1,12,0,UAV/0.JPG,map2019/merge_test_700-1800_cr0.95_stride100/Jinrong_100_000199/UAV/0.JPG
map2019/merge_test_700-1800_cr0.95_stride100/Jinrong_80_000000,merge_test_700-1800_cr0.95_stride100,Jinrong_80_000000,1,12,0,UAV/0.JPG,map2019/merge_test_700-1800_cr0.95_stride100/Jinrong_80_000000/UAV/0.JPG
map2019/merge_test_700-1800_cr0.95_stride100/Jinrong_80_000001,merge_test_700-1800_cr0.95_stride100,Jinrong_80_000001,1,12,0,UAV/0.JPG,map2019/merge_test_700-1800_cr0.95_stride100/Jinrong_80_000001/UAV/0.JPG
map2019/merge_test_700-1800_cr0.95_stride100/Jinrong_80_000002,merge_test_700-1800_cr0.95_stride100,Jinrong_80_000002,1,12,0,UAV/0.JPG,map2019/merge_test_700-1800_cr0.95_stride100/Jinrong_80_000002/UAV/0.JPG
map2019/merge_test_700-1800_cr0.95_stride100/Jinrong_80_000003,merge_test_700-1800_cr0.95_stride100,Jinrong_80_000003,1,12,0,UAV/0.JPG,map2019/merge_test_700-1800_cr0.95_stride100/Jinrong_80_000003/UAV/0.JPG
map2019/merge_test_700-1800_cr0.95_stride100/Jinrong_80_000004,merge_test_700-1800_cr0.95_stride100,Jinrong_80_000004,1,12,0,UAV/0.JPG,map2019/merge_test_700-1800_cr0.95_stride100/Jinrong_80_000004/UAV/0.JPG
map2019/merge_test_700-1800_cr0.95_stride100/Jinrong_80_000005,merge_test_700-1800_cr0.95_stride100,Jinrong_80_000005,1,12,0,UAV/0.JPG,map2019/merge_test_700-1800_cr0.95_stride100/Jinrong_80_000005/UAV/0.JPG
map2019/merge_test_700-1800_cr0.95_stride100/Jinrong_80_000006,merge_test_700-1800_cr0.95_stride100,Jinrong_80_000006,1,12,0,UAV/0.JPG,map2019/merge_test_700-1800_cr0.95_stride100/Jinrong_80_000006/UAV/0.JPG
map2019/merge_test_700-1800_cr0.95_stride100/Jinrong_80_000007,merge_test_700-1800_cr0.95_stride100,Jinrong_80_000007,1,12,0,UAV/0.JPG,map2019/merge_test_700-1800_cr0.95_stride100/Jinrong_80_000007/UAV/0.JPG
map2019/merge_test_700-1800_cr0.95_stride100/Jinrong_80_000008,merge_test_700-1800_cr0.95_stride100,Jinrong_80_000008,1,12,0,UAV/0.JPG,map2019/merge_test_700-1800_cr0.95_stride100/Jinrong_80_000008/UAV/0.JPG
map2019/merge_test_700-1800_cr0.95_stride100/Jinrong_80_000009,merge_test_700-1800_cr0.95_stride100,Jinrong_80_000009,1,12,0,UAV/0.JPG,map2019/merge_test_700-1800_cr0.95_stride100/Jinrong_80_000009/UAV/0.JPG
map2019/merge_test_700-1800_cr0.95_stride100/Jinrong_80_000010,merge_test_700-1800_cr0.95_stride100,Jinrong_80_000010,1,12,0,UAV/0.JPG,map2019/merge_test_700-1800_cr0.95_stride100/Jinrong_80_000010/UAV/0.JPG
map2019/merge_test_700-1800_cr0.95_stride100/Jinrong_80_000011,merge_test_700-1800_cr0.95_stride100,Jinrong_80_000011,1,12,0,UAV/0.JPG,map2019/merge_test_700-1800_cr0.95_stride100/Jinrong_80_000011/UAV/0.JPG
map2019/merge_test_700-1800_cr0.95_stride100/Jinrong_80_000012,merge_test_700-1800_cr0.95_stride100,Jinrong_80_000012,1,12,0,UAV/0.JPG,map2019/merge_test_700-1800_cr0.95_stride100/Jinrong_80_000012/UAV/0.JPG
map2019/merge_test_700-1800_cr0.95_stride100/Jinrong_80_000013,merge_test_700-1800_cr0.95_stride100,Jinrong_80_000013,1,12,0,UAV/0.JPG,map2019/merge_test_700-1800_cr0.95_stride100/Jinrong_80_000013/UAV/0.JPG
map2019/merge_test_700-1800_cr0.95_stride100/Jinrong_80_000014,merge_test_700-1800_cr0.95_stride100,Jinrong_80_000014,1,12,0,UAV/0.JPG,map2019/merge_test_700-1800_cr0.95_stride100/Jinrong_80_000014/UAV/0.JPG
map2019/merge_test_700-1800_cr0.95_stride100/Jinrong_80_000015,merge_test_700-1800_cr0.95_stride100,Jinrong_80_000015,1,12,0,UAV/0.JPG,map2019/merge_test_700-1800_cr0.95_stride100/Jinrong_80_000015/UAV/0.JPG
map2019/merge_test_700-1800_cr0.95_stride100/Jinrong_80_000016,merge_test_700-1800_cr0.95_stride100,Jinrong_80_000016,1,12,0,UAV/0.JPG,map2019/merge_test_700-1800_cr0.95_stride100/Jinrong_80_000016/UAV/0.JPG
map2019/merge_test_700-1800_cr0.95_stride100/Jinrong_80_000017,merge_test_700-1800_cr0.95_stride100,Jinrong_80_000017,1,12,0,UAV/0.JPG,map2019/merge_test_700-1800_cr0.95_stride100/Jinrong_80_000017/UAV/0.JPG
map2019/merge_test_700-1800_cr0.95_stride100/Jinrong_80_000018,merge_test_700-1800_cr0.95_stride100,Jinrong_80_000018,1,12,0,UAV/0.JPG,map2019/merge_test_700-1800_cr0.95_stride100/Jinrong_80_000018/UAV/0.JPG
map2019/merge_test_700-1800_cr0.95_stride100/Jinrong_80_000019,merge_test_700-1800_cr0.95_stride100,Jinrong_80_000019,1,12,0,UAV/0.JPG,map2019/merge_test_700-1800_cr0.95_stride100/Jinrong_80_000019/UAV/0.JPG
map2019/merge_test_700-1800_cr0.95_stride100/Jinrong_80_000020,merge_test_700-1800_cr0.95_stride100,Jinrong_80_000020,1,12,0,UAV/0.JPG,map2019/merge_test_700-1800_cr0.95_stride100/Jinrong_80_000020/UAV/0.JPG
map2019/merge_test_700-1800_cr0.95_stride100/Jinrong_80_000021,merge_test_700-1800_cr0.95_stride100,Jinrong_80_000021,1,12,0,UAV/0.JPG,map2019/merge_test_700-1800_cr0.95_stride100/Jinrong_80_000021/UAV/0.JPG
map2019/merge_test_700-1800_cr0.95_stride100/Jinrong_80_000022,merge_test_700-1800_cr0.95_stride100,Jinrong_80_000022,1,12,0,UAV/0.JPG,map2019/merge_test_700-1800_cr0.95_stride100/Jinrong_80_000022/UAV/0.JPG
map2019/merge_test_700-1800_cr0.95_stride100/Jinrong_80_000023,merge_test_700-1800_cr0.95_stride100,Jinrong_80_000023,1,12,0,UAV/0.JPG,map2019/merge_test_700-1800_cr0.95_stride100/Jinrong_80_000023/UAV/0.JPG
map2019/merge_test_700-1800_cr0.95_stride100/Jinrong_80_000024,merge_test_700-1800_cr0.95_stride100,Jinrong_80_000024,1,12,0,UAV/0.JPG,map2019/merge_test_700-1800_cr0.95_stride100/Jinrong_80_000024/UAV/0.JPG
map2019/merge_test_700-1800_cr0.95_stride100/Jinrong_80_000025,merge_test_700-1800_cr0.95_stride100,Jinrong_80_000025,1,12,0,UAV/0.JPG,map2019/merge_test_700-1800_cr0.95_stride100/Jinrong_80_000025/UAV/0.JPG
map2019/merge_test_700-1800_cr0.95_stride100/Jinrong_80_000026,merge_test_700-1800_cr0.95_stride100,Jinrong_80_000026,1,12,0,UAV/0.JPG,map2019/merge_test_700-1800_cr0.95_stride100/Jinrong_80_000026/UAV/0.JPG
map2019/merge_test_700-1800_cr0.95_stride100/Jinrong_80_000027,merge_test_700-1800_cr0.95_stride100,Jinrong_80_000027,1,12,0,UAV/0.JPG,map2019/merge_test_700-1800_cr0.95_stride100/Jinrong_80_000027/UAV/0.JPG
map2019/merge_test_700-1800_cr0.95_stride100/Jinrong_80_000028,merge_test_700-1800_cr0.95_stride100,Jinrong_80_000028,1,12,0,UAV/0.JPG,map2019/merge_test_700-1800_cr0.95_stride100/Jinrong_80_000028/UAV/0.JPG
map2019/merge_test_700-1800_cr0.95_stride100/Jinrong_80_000029,merge_test_700-1800_cr0.95_stride100,Jinrong_80_000029,1,12,0,UAV/0.JPG,map2019/merge_test_700-1800_cr0.95_stride100/Jinrong_80_000029/UAV/0.JPG
map2019/merge_test_700-1800_cr0.95_stride100/Jinrong_80_000030,merge_test_700-1800_cr0.95_stride100,Jinrong_80_000030,1,12,0,UAV/0.JPG,map2019/merge_test_700-1800_cr0.95_stride100/Jinrong_80_000030/UAV/0.JPG
map2019/merge_test_700-1800_cr0.95_stride100/Jinrong_80_000031,merge_test_700-1800_cr0.95_stride100,Jinrong_80_000031,1,12,0,UAV/0.JPG,map2019/merge_test_700-1800_cr0.95_stride100/Jinrong_80_000031/UAV/0.JPG
map2019/merge_test_700-1800_cr0.95_stride100/Jinrong_80_000032,merge_test_700-1800_cr0.95_stride100,Jinrong_80_000032,1,12,0,UAV/0.JPG,map2019/merge_test_700-1800_cr0.95_stride100/Jinrong_80_000032/UAV/0.JPG
map2019/merge_test_700-1800_cr0.95_stride100/Jinrong_80_000033,merge_test_700-1800_cr0.95_stride100,Jinrong_80_000033,1,12,0,UAV/0.JPG,map2019/merge_test_700-1800_cr0.95_stride100/Jinrong_80_000033/UAV/0.JPG
map2019/merge_test_700-1800_cr0.95_stride100/Jinrong_80_000034,merge_test_700-1800_cr0.95_stride100,Jinrong_80_000034,1,12,0,UAV/0.JPG,map2019/merge_test_700-1800_cr0.95_stride100/Jinrong_80_000034/UAV/0.JPG
map2019/merge_test_700-1800_cr0.95_stride100/Jinrong_80_000035,merge_test_700-1800_cr0.95_stride100,Jinrong_80_000035,1,12,0,UAV/0.JPG,map2019/merge_test_700-1800_cr0.95_stride100/Jinrong_80_000035/UAV/0.JPG
map2019/merge_test_700-1800_cr0.95_stride100/Jinrong_80_000036,merge_test_700-1800_cr0.95_stride100,Jinrong_80_000036,1,12,0,UAV/0.JPG,map2019/merge_test_700-1800_cr0.95_stride100/Jinrong_80_000036/UAV/0.JPG
map2019/merge_test_700-1800_cr0.95_stride100/Jinrong_80_000037,merge_test_700-1800_cr0.95_stride100,Jinrong_80_000037,1,12,0,UAV/0.JPG,map2019/merge_test_700-1800_cr0.95_stride100/Jinrong_80_000037/UAV/0.JPG
map2019/merge_test_700-1800_cr0.95_stride100/Jinrong_80_000038,merge_test_700-1800_cr0.95_stride100,Jinrong_80_000038,1,12,0,UAV/0.JPG,map2019/merge_test_700-1800_cr0.95_stride100/Jinrong_80_000038/UAV/0.JPG
map2019/merge_test_700-1800_cr0.95_stride100/Jinrong_80_000039,merge_test_700-1800_cr0.95_stride100,Jinrong_80_000039,1,12,0,UAV/0.JPG,map2019/merge_test_700-1800_cr0.95_stride100/Jinrong_80_000039/UAV/0.JPG
map2019/merge_test_700-1800_cr0.95_stride100/Jinrong_80_000040,merge_test_700-1800_cr0.95_stride100,Jinrong_80_000040,1,12,0,UAV/0.JPG,map2019/merge_test_700-1800_cr0.95_stride100/Jinrong_80_000040/UAV/0.JPG
map2019/merge_test_700-1800_cr0.95_stride100/Jinrong_80_000041,merge_test_700-1800_cr0.95_stride100,Jinrong_80_000041,1,12,0,UAV/0.JPG,map2019/merge_test_700-1800_cr0.95_stride100/Jinrong_80_000041/UAV/0.JPG
map2019/merge_test_700-1800_cr0.95_stride100/Jinrong_80_000042,merge_test_700-1800_cr0.95_stride100,Jinrong_80_000042,1,12,0,UAV/0.JPG,map2019/merge_test_700-1800_cr0.95_stride100/Jinrong_80_000042/UAV/0.JPG
map2019/merge_test_700-1800_cr0.95_stride100/Jinrong_80_000043,merge_test_700-1800_cr0.95_stride100,Jinrong_80_000043,1,12,0,UAV/0.JPG,map2019/merge_test_700-1800_cr0.95_stride100/Jinrong_80_000043/UAV/0.JPG
map2019/merge_test_700-1800_cr0.95_stride100/Jinrong_80_000044,merge_test_700-1800_cr0.95_stride100,Jinrong_80_000044,1,12,0,UAV/0.JPG,map2019/merge_test_700-1800_cr0.95_stride100/Jinrong_80_000044/UAV/0.JPG
map2019/merge_test_700-1800_cr0.95_stride100/Jinrong_80_000045,merge_test_700-1800_cr0.95_stride100,Jinrong_80_000045,1,12,0,UAV/0.JPG,map2019/merge_test_700-1800_cr0.95_stride100/Jinrong_80_000045/UAV/0.JPG
map2019/merge_test_700-1800_cr0.95_stride100/Jinrong_80_000046,merge_test_700-1800_cr0.95_stride100,Jinrong_80_000046,1,12,0,UAV/0.JPG,map2019/merge_test_700-1800_cr0.95_stride100/Jinrong_80_000046/UAV/0.JPG
map2019/merge_test_700-1800_cr0.95_stride100/Jinrong_80_000047,merge_test_700-1800_cr0.95_stride100,Jinrong_80_000047,1,12,0,UAV/0.JPG,map2019/merge_test_700-1800_cr0.95_stride100/Jinrong_80_000047/UAV/0.JPG
map2019/merge_test_700-1800_cr0.95_stride100/Jinrong_80_000048,merge_test_700-1800_cr0.95_stride100,Jinrong_80_000048,1,12,0,UAV/0.JPG,map2019/merge_test_700-1800_cr0.95_stride100/Jinrong_80_000048/UAV/0.JPG
map2019/merge_test_700-1800_cr0.95_stride100/Jinrong_80_000049,merge_test_700-1800_cr0.95_stride100,Jinrong_80_000049,1,12,0,UAV/0.JPG,map2019/merge_test_700-1800_cr0.95_stride100/Jinrong_80_000049/UAV/0.JPG
map2019/merge_test_700-1800_cr0.95_stride100/Jinrong_80_000050,merge_test_700-1800_cr0.95_stride100,Jinrong_80_000050,1,12,0,UAV/0.JPG,map2019/merge_test_700-1800_cr0.95_stride100/Jinrong_80_000050/UAV/0.JPG
map2019/merge_test_700-1800_cr0.95_stride100/Jinrong_80_000051,merge_test_700-1800_cr0.95_stride100,Jinrong_80_000051,1,12,0,UAV/0.JPG,map2019/merge_test_700-1800_cr0.95_stride100/Jinrong_80_000051/UAV/0.JPG
map2019/merge_test_700-1800_cr0.95_stride100/Jinrong_80_000052,merge_test_700-1800_cr0.95_stride100,Jinrong_80_000052,1,12,0,UAV/0.JPG,map2019/merge_test_700-1800_cr0.95_stride100/Jinrong_80_000052/UAV/0.JPG
map2019/merge_test_700-1800_cr0.95_stride100/Jinrong_80_000053,merge_test_700-1800_cr0.95_stride100,Jinrong_80_000053,1,12,0,UAV/0.JPG,map2019/merge_test_700-1800_cr0.95_stride100/Jinrong_80_000053/UAV/0.JPG
map2019/merge_test_700-1800_cr0.95_stride100/Jinrong_80_000054,merge_test_700-1800_cr0.95_stride100,Jinrong_80_000054,1,12,0,UAV/0.JPG,map2019/merge_test_700-1800_cr0.95_stride100/Jinrong_80_000054/UAV/0.JPG
map2019/merge_test_700-1800_cr0.95_stride100/Jinrong_80_000055,merge_test_700-1800_cr0.95_stride100,Jinrong_80_000055,1,12,0,UAV/0.JPG,map2019/merge_test_700-1800_cr0.95_stride100/Jinrong_80_000055/UAV/0.JPG
map2019/merge_test_700-1800_cr0.95_stride100/Jinrong_80_000056,merge_test_700-1800_cr0.95_stride100,Jinrong_80_000056,1,12,0,UAV/0.JPG,map2019/merge_test_700-1800_cr0.95_stride100/Jinrong_80_000056/UAV/0.JPG
map2019/merge_test_700-1800_cr0.95_stride100/Jinrong_80_000057,merge_test_700-1800_cr0.95_stride100,Jinrong_80_000057,1,12,0,UAV/0.JPG,map2019/merge_test_700-1800_cr0.95_stride100/Jinrong_80_000057/UAV/0.JPG
map2019/merge_test_700-1800_cr0.95_stride100/Jinrong_80_000058,merge_test_700-1800_cr0.95_stride100,Jinrong_80_000058,1,12,0,UAV/0.JPG,map2019/merge_test_700-1800_cr0.95_stride100/Jinrong_80_000058/UAV/0.JPG
map2019/merge_test_700-1800_cr0.95_stride100/Jinrong_80_000059,merge_test_700-1800_cr0.95_stride100,Jinrong_80_000059,1,12,0,UAV/0.JPG,map2019/merge_test_700-1800_cr0.95_stride100/Jinrong_80_000059/UAV/0.JPG
map2019/merge_test_700-1800_cr0.95_stride100/Jinrong_80_000060,merge_test_700-1800_cr0.95_stride100,Jinrong_80_000060,1,12,0,UAV/0.JPG,map2019/merge_test_700-1800_cr0.95_stride100/Jinrong_80_000060/UAV/0.JPG
map2019/merge_test_700-1800_cr0.95_stride100/Jinrong_80_000061,merge_test_700-1800_cr0.95_stride100,Jinrong_80_000061,1,12,0,UAV/0.JPG,map2019/merge_test_700-1800_cr0.95_stride100/Jinrong_80_000061/UAV/0.JPG
map2019/merge_test_700-1800_cr0.95_stride100/Jinrong_80_000062,merge_test_700-1800_cr0.95_stride100,Jinrong_80_000062,1,12,0,UAV/0.JPG,map2019/merge_test_700-1800_cr0.95_stride100/Jinrong_80_000062/UAV/0.JPG
map2019/merge_test_700-1800_cr0.95_stride100/Jinrong_80_000063,merge_test_700-1800_cr0.95_stride100,Jinrong_80_000063,1,12,0,UAV/0.JPG,map2019/merge_test_700-1800_cr0.95_stride100/Jinrong_80_000063/UAV/0.JPG
map2019/merge_test_700-1800_cr0.95_stride100/Jinrong_80_000064,merge_test_700-1800_cr0.95_stride100,Jinrong_80_000064,1,12,0,UAV/0.JPG,map2019/merge_test_700-1800_cr0.95_stride100/Jinrong_80_000064/UAV/0.JPG
map2019/merge_test_700-1800_cr0.95_stride100/Jinrong_80_000065,merge_test_700-1800_cr0.95_stride100,Jinrong_80_000065,1,12,0,UAV/0.JPG,map2019/merge_test_700-1800_cr0.95_stride100/Jinrong_80_000065/UAV/0.JPG
map2019/merge_test_700-1800_cr0.95_stride100/Jinrong_80_000066,merge_test_700-1800_cr0.95_stride100,Jinrong_80_000066,1,12,0,UAV/0.JPG,map2019/merge_test_700-1800_cr0.95_stride100/Jinrong_80_000066/UAV/0.JPG
map2019/merge_test_700-1800_cr0.95_stride100/Jinrong_80_000067,merge_test_700-1800_cr0.95_stride100,Jinrong_80_000067,1,12,0,UAV/0.JPG,map2019/merge_test_700-1800_cr0.95_stride100/Jinrong_80_000067/UAV/0.JPG
map2019/merge_test_700-1800_cr0.95_stride100/Jinrong_80_000068,merge_test_700-1800_cr0.95_stride100,Jinrong_80_000068,1,12,0,UAV/0.JPG,map2019/merge_test_700-1800_cr0.95_stride100/Jinrong_80_000068/UAV/0.JPG
map2019/merge_test_700-1800_cr0.95_stride100/Jinrong_80_000069,merge_test_700-1800_cr0.95_stride100,Jinrong_80_000069,1,12,0,UAV/0.JPG,map2019/merge_test_700-1800_cr0.95_stride100/Jinrong_80_000069/UAV/0.JPG
map2019/merge_test_700-1800_cr0.95_stride100/Jinrong_80_000070,merge_test_700-1800_cr0.95_stride100,Jinrong_80_000070,1,12,0,UAV/0.JPG,map2019/merge_test_700-1800_cr0.95_stride100/Jinrong_80_000070/UAV/0.JPG
map2019/merge_test_700-1800_cr0.95_stride100/Jinrong_80_000071,merge_test_700-1800_cr0.95_stride100,Jinrong_80_000071,1,12,0,UAV/0.JPG,map2019/merge_test_700-1800_cr0.95_stride100/Jinrong_80_000071/UAV/0.JPG
map2019/merge_test_700-1800_cr0.95_stride100/Jinrong_80_000072,merge_test_700-1800_cr0.95_stride100,Jinrong_80_000072,1,12,0,UAV/0.JPG,map2019/merge_test_700-1800_cr0.95_stride100/Jinrong_80_000072/UAV/0.JPG
map2019/merge_test_700-1800_cr0.95_stride100/Jinrong_80_000073,merge_test_700-1800_cr0.95_stride100,Jinrong_80_000073,1,12,0,UAV/0.JPG,map2019/merge_test_700-1800_cr0.95_stride100/Jinrong_80_000073/UAV/0.JPG
map2019/merge_test_700-1800_cr0.95_stride100/Jinrong_80_000074,merge_test_700-1800_cr0.95_stride100,Jinrong_80_000074,1,12,0,UAV/0.JPG,map2019/merge_test_700-1800_cr0.95_stride100/Jinrong_80_000074/UAV/0.JPG
map2019/merge_test_700-1800_cr0.95_stride100/Jinrong_80_000075,merge_test_700-1800_cr0.95_stride100,Jinrong_80_000075,1,12,0,UAV/0.JPG,map2019/merge_test_700-1800_cr0.95_stride100/Jinrong_80_000075/UAV/0.JPG
map2019/merge_test_700-1800_cr0.95_stride100/Jinrong_80_000076,merge_test_700-1800_cr0.95_stride100,Jinrong_80_000076,1,12,0,UAV/0.JPG,map2019/merge_test_700-1800_cr0.95_stride100/Jinrong_80_000076/UAV/0.JPG
map2019/merge_test_700-1800_cr0.95_stride100/Jinrong_80_000077,merge_test_700-1800_cr0.95_stride100,Jinrong_80_000077,1,12,0,UAV/0.JPG,map2019/merge_test_700-1800_cr0.95_stride100/Jinrong_80_000077/UAV/0.JPG
map2019/merge_test_700-1800_cr0.95_stride100/Jinrong_80_000078,merge_test_700-1800_cr0.95_stride100,Jinrong_80_000078,1,12,0,UAV/0.JPG,map2019/merge_test_700-1800_cr0.95_stride100/Jinrong_80_000078/UAV/0.JPG
map2019/merge_test_700-1800_cr0.95_stride100/Jinrong_80_000079,merge_test_700-1800_cr0.95_stride100,Jinrong_80_000079,1,12,0,UAV/0.JPG,map2019/merge_test_700-1800_cr0.95_stride100/Jinrong_80_000079/UAV/0.JPG
map2019/merge_test_700-1800_cr0.95_stride100/Jinrong_80_000080,merge_test_700-1800_cr0.95_stride100,Jinrong_80_000080,1,12,0,UAV/0.JPG,map2019/merge_test_700-1800_cr0.95_stride100/Jinrong_80_000080/UAV/0.JPG
map2019/merge_test_700-1800_cr0.95_stride100/Jinrong_80_000081,merge_test_700-1800_cr0.95_stride100,Jinrong_80_000081,1,12,0,UAV/0.JPG,map2019/merge_test_700-1800_cr0.95_stride100/Jinrong_80_000081/UAV/0.JPG
map2019/merge_test_700-1800_cr0.95_stride100/Jinrong_80_000082,merge_test_700-1800_cr0.95_stride100,Jinrong_80_000082,1,12,0,UAV/0.JPG,map2019/merge_test_700-1800_cr0.95_stride100/Jinrong_80_000082/UAV/0.JPG
map2019/merge_test_700-1800_cr0.95_stride100/Jinrong_80_000083,merge_test_700-1800_cr0.95_stride100,Jinrong_80_000083,1,12,0,UAV/0.JPG,map2019/merge_test_700-1800_cr0.95_stride100/Jinrong_80_000083/UAV/0.JPG
map2019/merge_test_700-1800_cr0.95_stride100/Jinrong_80_000084,merge_test_700-1800_cr0.95_stride100,Jinrong_80_000084,1,12,0,UAV/0.JPG,map2019/merge_test_700-1800_cr0.95_stride100/Jinrong_80_000084/UAV/0.JPG
map2019/merge_test_700-1800_cr0.95_stride100/Jinrong_80_000085,merge_test_700-1800_cr0.95_stride100,Jinrong_80_000085,1,12,0,UAV/0.JPG,map2019/merge_test_700-1800_cr0.95_stride100/Jinrong_80_000085/UAV/0.JPG
map2019/merge_test_700-1800_cr0.95_stride100/Jinrong_80_000086,merge_test_700-1800_cr0.95_stride100,Jinrong_80_000086,1,12,0,UAV/0.JPG,map2019/merge_test_700-1800_cr0.95_stride100/Jinrong_80_000086/UAV/0.JPG
map2019/merge_test_700-1800_cr0.95_stride100/Jinrong_80_000087,merge_test_700-1800_cr0.95_stride100,Jinrong_80_000087,1,12,0,UAV/0.JPG,map2019/merge_test_700-1800_cr0.95_stride100/Jinrong_80_000087/UAV/0.JPG
map2019/merge_test_700-1800_cr0.95_stride100/Jinrong_80_000088,merge_test_700-1800_cr0.95_stride100,Jinrong_80_000088,1,12,0,UAV/0.JPG,map2019/merge_test_700-1800_cr0.95_stride100/Jinrong_80_000088/UAV/0.JPG
map2019/merge_test_700-1800_cr0.95_stride100/Jinrong_80_000089,merge_test_700-1800_cr0.95_stride100,Jinrong_80_000089,1,12,0,UAV/0.JPG,map2019/merge_test_700-1800_cr0.95_stride100/Jinrong_80_000089/UAV/0.JPG
map2019/merge_test_700-1800_cr0.95_stride100/Jinrong_80_000090,merge_test_700-1800_cr0.95_stride100,Jinrong_80_000090,1,12,0,UAV/0.JPG,map2019/merge_test_700-1800_cr0.95_stride100/Jinrong_80_000090/UAV/0.JPG
map2019/merge_test_700-1800_cr0.95_stride100/Jinrong_80_000091,merge_test_700-1800_cr0.95_stride100,Jinrong_80_000091,1,12,0,UAV/0.JPG,map2019/merge_test_700-1800_cr0.95_stride100/Jinrong_80_000091/UAV/0.JPG
map2019/merge_test_700-1800_cr0.95_stride100/Jinrong_80_000092,merge_test_700-1800_cr0.95_stride100,Jinrong_80_000092,1,12,0,UAV/0.JPG,map2019/merge_test_700-1800_cr0.95_stride100/Jinrong_80_000092/UAV/0.JPG
map2019/merge_test_700-1800_cr0.95_stride100/Jinrong_80_000093,merge_test_700-1800_cr0.95_stride100,Jinrong_80_000093,1,12,0,UAV/0.JPG,map2019/merge_test_700-1800_cr0.95_stride100/Jinrong_80_000093/UAV/0.JPG
map2019/merge_test_700-1800_cr0.95_stride100/Jinrong_80_000094,merge_test_700-1800_cr0.95_stride100,Jinrong_80_000094,1,12,0,UAV/0.JPG,map2019/merge_test_700-1800_cr0.95_stride100/Jinrong_80_000094/UAV/0.JPG
map2019/merge_test_700-1800_cr0.95_stride100/Jinrong_80_000095,merge_test_700-1800_cr0.95_stride100,Jinrong_80_000095,1,12,0,UAV/0.JPG,map2019/merge_test_700-1800_cr0.95_stride100/Jinrong_80_000095/UAV/0.JPG
map2019/merge_test_700-1800_cr0.95_stride100/Jinrong_80_000096,merge_test_700-1800_cr0.95_stride100,Jinrong_80_000096,1,12,0,UAV/0.JPG,map2019/merge_test_700-1800_cr0.95_stride100/Jinrong_80_000096/UAV/0.JPG
map2019/merge_test_700-1800_cr0.95_stride100/Jinrong_80_000097,merge_test_700-1800_cr0.95_stride100,Jinrong_80_000097,1,12,0,UAV/0.JPG,map2019/merge_test_700-1800_cr0.95_stride100/Jinrong_80_000097/UAV/0.JPG
map2019/merge_test_700-1800_cr0.95_stride100/Jinrong_80_000098,merge_test_700-1800_cr0.95_stride100,Jinrong_80_000098,1,12,0,UAV/0.JPG,map2019/merge_test_700-1800_cr0.95_stride100/Jinrong_80_000098/UAV/0.JPG
map2019/merge_test_700-1800_cr0.95_stride100/Jinrong_80_000099,merge_test_700-1800_cr0.95_stride100,Jinrong_80_000099,1,12,0,UAV/0.JPG,map2019/merge_test_700-1800_cr0.95_stride100/Jinrong_80_000099/UAV/0.JPG
map2019/merge_test_700-1800_cr0.95_stride100/Jinrong_80_000100,merge_test_700-1800_cr0.95_stride100,Jinrong_80_000100,1,12,0,UAV/0.JPG,map2019/merge_test_700-1800_cr0.95_stride100/Jinrong_80_000100/UAV/0.JPG
map2019/merge_test_700-1800_cr0.95_stride100/Jinrong_80_000101,merge_test_700-1800_cr0.95_stride100,Jinrong_80_000101,1,12,0,UAV/0.JPG,map2019/merge_test_700-1800_cr0.95_stride100/Jinrong_80_000101/UAV/0.JPG
map2019/merge_test_700-1800_cr0.95_stride100/Jinrong_80_000102,merge_test_700-1800_cr0.95_stride100,Jinrong_80_000102,1,12,0,UAV/0.JPG,map2019/merge_test_700-1800_cr0.95_stride100/Jinrong_80_000102/UAV/0.JPG
map2019/merge_test_700-1800_cr0.95_stride100/Jinrong_80_000103,merge_test_700-1800_cr0.95_stride100,Jinrong_80_000103,1,12,0,UAV/0.JPG,map2019/merge_test_700-1800_cr0.95_stride100/Jinrong_80_000103/UAV/0.JPG
map2019/merge_test_700-1800_cr0.95_stride100/Jinrong_80_000104,merge_test_700-1800_cr0.95_stride100,Jinrong_80_000104,1,12,0,UAV/0.JPG,map2019/merge_test_700-1800_cr0.95_stride100/Jinrong_80_000104/UAV/0.JPG
map2019/merge_test_700-1800_cr0.95_stride100/Jinrong_80_000105,merge_test_700-1800_cr0.95_stride100,Jinrong_80_000105,1,12,0,UAV/0.JPG,map2019/merge_test_700-1800_cr0.95_stride100/Jinrong_80_000105/UAV/0.JPG
map2019/merge_test_700-1800_cr0.95_stride100/Jinrong_80_000106,merge_test_700-1800_cr0.95_stride100,Jinrong_80_000106,1,12,0,UAV/0.JPG,map2019/merge_test_700-1800_cr0.95_stride100/Jinrong_80_000106/UAV/0.JPG
map2019/merge_test_700-1800_cr0.95_stride100/Jinrong_80_000107,merge_test_700-1800_cr0.95_stride100,Jinrong_80_000107,1,12,0,UAV/0.JPG,map2019/merge_test_700-1800_cr0.95_stride100/Jinrong_80_000107/UAV/0.JPG
map2019/merge_test_700-1800_cr0.95_stride100/Jinrong_80_000108,merge_test_700-1800_cr0.95_stride100,Jinrong_80_000108,1,12,0,UAV/0.JPG,map2019/merge_test_700-1800_cr0.95_stride100/Jinrong_80_000108/UAV/0.JPG
map2019/merge_test_700-1800_cr0.95_stride100/Jinrong_80_000109,merge_test_700-1800_cr0.95_stride100,Jinrong_80_000109,1,12,0,UAV/0.JPG,map2019/merge_test_700-1800_cr0.95_stride100/Jinrong_80_000109/UAV/0.JPG
map2019/merge_test_700-1800_cr0.95_stride100/Jinrong_80_000110,merge_test_700-1800_cr0.95_stride100,Jinrong_80_000110,1,12,0,UAV/0.JPG,map2019/merge_test_700-1800_cr0.95_stride100/Jinrong_80_000110/UAV/0.JPG
map2019/merge_test_700-1800_cr0.95_stride100/Jinrong_80_000111,merge_test_700-1800_cr0.95_stride100,Jinrong_80_000111,1,12,0,UAV/0.JPG,map2019/merge_test_700-1800_cr0.95_stride100/Jinrong_80_000111/UAV/0.JPG
map2019/merge_test_700-1800_cr0.95_stride100/Jinrong_80_000112,merge_test_700-1800_cr0.95_stride100,Jinrong_80_000112,1,12,0,UAV/0.JPG,map2019/merge_test_700-1800_cr0.95_stride100/Jinrong_80_000112/UAV/0.JPG
map2019/merge_test_700-1800_cr0.95_stride100/Jinrong_80_000113,merge_test_700-1800_cr0.95_stride100,Jinrong_80_000113,1,12,0,UAV/0.JPG,map2019/merge_test_700-1800_cr0.95_stride100/Jinrong_80_000113/UAV/0.JPG
map2019/merge_test_700-1800_cr0.95_stride100/Jinrong_80_000114,merge_test_700-1800_cr0.95_stride100,Jinrong_80_000114,1,12,0,UAV/0.JPG,map2019/merge_test_700-1800_cr0.95_stride100/Jinrong_80_000114/UAV/0.JPG
map2019/merge_test_700-1800_cr0.95_stride100/Jinrong_80_000115,merge_test_700-1800_cr0.95_stride100,Jinrong_80_000115,1,12,0,UAV/0.JPG,map2019/merge_test_700-1800_cr0.95_stride100/Jinrong_80_000115/UAV/0.JPG
map2019/merge_test_700-1800_cr0.95_stride100/Jinrong_80_000116,merge_test_700-1800_cr0.95_stride100,Jinrong_80_000116,1,12,0,UAV/0.JPG,map2019/merge_test_700-1800_cr0.95_stride100/Jinrong_80_000116/UAV/0.JPG
map2019/merge_test_700-1800_cr0.95_stride100/Jinrong_80_000117,merge_test_700-1800_cr0.95_stride100,Jinrong_80_000117,1,12,0,UAV/0.JPG,map2019/merge_test_700-1800_cr0.95_stride100/Jinrong_80_000117/UAV/0.JPG
map2019/merge_test_700-1800_cr0.95_stride100/Jinrong_80_000118,merge_test_700-1800_cr0.95_stride100,Jinrong_80_000118,1,12,0,UAV/0.JPG,map2019/merge_test_700-1800_cr0.95_stride100/Jinrong_80_000118/UAV/0.JPG
map2019/merge_test_700-1800_cr0.95_stride100/Jinrong_80_000119,merge_test_700-1800_cr0.95_stride100,Jinrong_80_000119,1,12,0,UAV/0.JPG,map2019/merge_test_700-1800_cr0.95_stride100/Jinrong_80_000119/UAV/0.JPG
map2019/merge_test_700-1800_cr0.95_stride100/Jinrong_80_000120,merge_test_700-1800_cr0.95_stride100,Jinrong_80_000120,1,12,0,UAV/0.JPG,map2019/merge_test_700-1800_cr0.95_stride100/Jinrong_80_000120/UAV/0.JPG
map2019/merge_test_700-1800_cr0.95_stride100/Jinrong_80_000121,merge_test_700-1800_cr0.95_stride100,Jinrong_80_000121,1,12,0,UAV/0.JPG,map2019/merge_test_700-1800_cr0.95_stride100/Jinrong_80_000121/UAV/0.JPG
map2019/merge_test_700-1800_cr0.95_stride100/Jinrong_80_000122,merge_test_700-1800_cr0.95_stride100,Jinrong_80_000122,1,12,0,UAV/0.JPG,map2019/merge_test_700-1800_cr0.95_stride100/Jinrong_80_000122/UAV/0.JPG
map2019/merge_test_700-1800_cr0.95_stride100/Jinrong_80_000123,merge_test_700-1800_cr0.95_stride100,Jinrong_80_000123,1,12,0,UAV/0.JPG,map2019/merge_test_700-1800_cr0.95_stride100/Jinrong_80_000123/UAV/0.JPG
map2019/merge_test_700-1800_cr0.95_stride100/Jinrong_80_000124,merge_test_700-1800_cr0.95_stride100,Jinrong_80_000124,1,12,0,UAV/0.JPG,map2019/merge_test_700-1800_cr0.95_stride100/Jinrong_80_000124/UAV/0.JPG
map2019/merge_test_700-1800_cr0.95_stride100/Jinrong_80_000125,merge_test_700-1800_cr0.95_stride100,Jinrong_80_000125,1,12,0,UAV/0.JPG,map2019/merge_test_700-1800_cr0.95_stride100/Jinrong_80_000125/UAV/0.JPG
map2019/merge_test_700-1800_cr0.95_stride100/Jinrong_80_000126,merge_test_700-1800_cr0.95_stride100,Jinrong_80_000126,1,12,0,UAV/0.JPG,map2019/merge_test_700-1800_cr0.95_stride100/Jinrong_80_000126/UAV/0.JPG
map2019/merge_test_700-1800_cr0.95_stride100/Jinrong_80_000127,merge_test_700-1800_cr0.95_stride100,Jinrong_80_000127,1,12,0,UAV/0.JPG,map2019/merge_test_700-1800_cr0.95_stride100/Jinrong_80_000127/UAV/0.JPG
map2019/merge_test_700-1800_cr0.95_stride100/Jinrong_80_000128,merge_test_700-1800_cr0.95_stride100,Jinrong_80_000128,1,12,0,UAV/0.JPG,map2019/merge_test_700-1800_cr0.95_stride100/Jinrong_80_000128/UAV/0.JPG
map2019/merge_test_700-1800_cr0.95_stride100/Jinrong_80_000129,merge_test_700-1800_cr0.95_stride100,Jinrong_80_000129,1,12,0,UAV/0.JPG,map2019/merge_test_700-1800_cr0.95_stride100/Jinrong_80_000129/UAV/0.JPG
map2019/merge_test_700-1800_cr0.95_stride100/Jinrong_80_000130,merge_test_700-1800_cr0.95_stride100,Jinrong_80_000130,1,12,0,UAV/0.JPG,map2019/merge_test_700-1800_cr0.95_stride100/Jinrong_80_000130/UAV/0.JPG
map2019/merge_test_700-1800_cr0.95_stride100/Jinrong_80_000131,merge_test_700-1800_cr0.95_stride100,Jinrong_80_000131,1,12,0,UAV/0.JPG,map2019/merge_test_700-1800_cr0.95_stride100/Jinrong_80_000131/UAV/0.JPG
map2019/merge_test_700-1800_cr0.95_stride100/Jinrong_80_000132,merge_test_700-1800_cr0.95_stride100,Jinrong_80_000132,1,12,0,UAV/0.JPG,map2019/merge_test_700-1800_cr0.95_stride100/Jinrong_80_000132/UAV/0.JPG
map2019/merge_test_700-1800_cr0.95_stride100/Jinrong_80_000133,merge_test_700-1800_cr0.95_stride100,Jinrong_80_000133,1,12,0,UAV/0.JPG,map2019/merge_test_700-1800_cr0.95_stride100/Jinrong_80_000133/UAV/0.JPG
map2019/merge_test_700-1800_cr0.95_stride100/Jinrong_80_000134,merge_test_700-1800_cr0.95_stride100,Jinrong_80_000134,1,12,0,UAV/0.JPG,map2019/merge_test_700-1800_cr0.95_stride100/Jinrong_80_000134/UAV/0.JPG
map2019/merge_test_700-1800_cr0.95_stride100/Jinrong_80_000135,merge_test_700-1800_cr0.95_stride100,Jinrong_80_000135,1,12,0,UAV/0.JPG,map2019/merge_test_700-1800_cr0.95_stride100/Jinrong_80_000135/UAV/0.JPG
map2019/merge_test_700-1800_cr0.95_stride100/Jinrong_80_000136,merge_test_700-1800_cr0.95_stride100,Jinrong_80_000136,1,12,0,UAV/0.JPG,map2019/merge_test_700-1800_cr0.95_stride100/Jinrong_80_000136/UAV/0.JPG
map2019/merge_test_700-1800_cr0.95_stride100/Jinrong_80_000137,merge_test_700-1800_cr0.95_stride100,Jinrong_80_000137,1,12,0,UAV/0.JPG,map2019/merge_test_700-1800_cr0.95_stride100/Jinrong_80_000137/UAV/0.JPG
map2019/merge_test_700-1800_cr0.95_stride100/Jinrong_80_000138,merge_test_700-1800_cr0.95_stride100,Jinrong_80_000138,1,12,0,UAV/0.JPG,map2019/merge_test_700-1800_cr0.95_stride100/Jinrong_80_000138/UAV/0.JPG
map2019/merge_test_700-1800_cr0.95_stride100/Jinrong_80_000139,merge_test_700-1800_cr0.95_stride100,Jinrong_80_000139,1,12,0,UAV/0.JPG,map2019/merge_test_700-1800_cr0.95_stride100/Jinrong_80_000139/UAV/0.JPG
map2019/merge_test_700-1800_cr0.95_stride100/Jinrong_80_000140,merge_test_700-1800_cr0.95_stride100,Jinrong_80_000140,1,12,0,UAV/0.JPG,map2019/merge_test_700-1800_cr0.95_stride100/Jinrong_80_000140/UAV/0.JPG
map2019/merge_test_700-1800_cr0.95_stride100/Jinrong_80_000141,merge_test_700-1800_cr0.95_stride100,Jinrong_80_000141,1,12,0,UAV/0.JPG,map2019/merge_test_700-1800_cr0.95_stride100/Jinrong_80_000141/UAV/0.JPG
map2019/merge_test_700-1800_cr0.95_stride100/Jinrong_80_000142,merge_test_700-1800_cr0.95_stride100,Jinrong_80_000142,1,12,0,UAV/0.JPG,map2019/merge_test_700-1800_cr0.95_stride100/Jinrong_80_000142/UAV/0.JPG
map2019/merge_test_700-1800_cr0.95_stride100/Jinrong_80_000143,merge_test_700-1800_cr0.95_stride100,Jinrong_80_000143,1,12,0,UAV/0.JPG,map2019/merge_test_700-1800_cr0.95_stride100/Jinrong_80_000143/UAV/0.JPG
map2019/merge_test_700-1800_cr0.95_stride100/Jinrong_80_000144,merge_test_700-1800_cr0.95_stride100,Jinrong_80_000144,1,12,0,UAV/0.JPG,map2019/merge_test_700-1800_cr0.95_stride100/Jinrong_80_000144/UAV/0.JPG
map2019/merge_test_700-1800_cr0.95_stride100/Jinrong_80_000145,merge_test_700-1800_cr0.95_stride100,Jinrong_80_000145,1,12,0,UAV/0.JPG,map2019/merge_test_700-1800_cr0.95_stride100/Jinrong_80_000145/UAV/0.JPG
map2019/merge_test_700-1800_cr0.95_stride100/Jinrong_80_000146,merge_test_700-1800_cr0.95_stride100,Jinrong_80_000146,1,12,0,UAV/0.JPG,map2019/merge_test_700-1800_cr0.95_stride100/Jinrong_80_000146/UAV/0.JPG
map2019/merge_test_700-1800_cr0.95_stride100/Jinrong_80_000147,merge_test_700-1800_cr0.95_stride100,Jinrong_80_000147,1,12,0,UAV/0.JPG,map2019/merge_test_700-1800_cr0.95_stride100/Jinrong_80_000147/UAV/0.JPG
map2019/merge_test_700-1800_cr0.95_stride100/Jinrong_80_000148,merge_test_700-1800_cr0.95_stride100,Jinrong_80_000148,1,12,0,UAV/0.JPG,map2019/merge_test_700-1800_cr0.95_stride100/Jinrong_80_000148/UAV/0.JPG
map2019/merge_test_700-1800_cr0.95_stride100/Jinrong_80_000149,merge_test_700-1800_cr0.95_stride100,Jinrong_80_000149,1,12,0,UAV/0.JPG,map2019/merge_test_700-1800_cr0.95_stride100/Jinrong_80_000149/UAV/0.JPG
map2019/merge_test_700-1800_cr0.95_stride100/Jinrong_80_000150,merge_test_700-1800_cr0.95_stride100,Jinrong_80_000150,1,12,0,UAV/0.JPG,map2019/merge_test_700-1800_cr0.95_stride100/Jinrong_80_000150/UAV/0.JPG
map2019/merge_test_700-1800_cr0.95_stride100/Jinrong_80_000151,merge_test_700-1800_cr0.95_stride100,Jinrong_80_000151,1,12,0,UAV/0.JPG,map2019/merge_test_700-1800_cr0.95_stride100/Jinrong_80_000151/UAV/0.JPG
map2019/merge_test_700-1800_cr0.95_stride100/Jinrong_80_000152,merge_test_700-1800_cr0.95_stride100,Jinrong_80_000152,1,12,0,UAV/0.JPG,map2019/merge_test_700-1800_cr0.95_stride100/Jinrong_80_000152/UAV/0.JPG
map2019/merge_test_700-1800_cr0.95_stride100/Jinrong_80_000153,merge_test_700-1800_cr0.95_stride100,Jinrong_80_000153,1,12,0,UAV/0.JPG,map2019/merge_test_700-1800_cr0.95_stride100/Jinrong_80_000153/UAV/0.JPG
map2019/merge_test_700-1800_cr0.95_stride100/Jinrong_80_000154,merge_test_700-1800_cr0.95_stride100,Jinrong_80_000154,1,12,0,UAV/0.JPG,map2019/merge_test_700-1800_cr0.95_stride100/Jinrong_80_000154/UAV/0.JPG
map2019/merge_test_700-1800_cr0.95_stride100/Jinrong_80_000155,merge_test_700-1800_cr0.95_stride100,Jinrong_80_000155,1,12,0,UAV/0.JPG,map2019/merge_test_700-1800_cr0.95_stride100/Jinrong_80_000155/UAV/0.JPG
map2019/merge_test_700-1800_cr0.95_stride100/Jinrong_80_000156,merge_test_700-1800_cr0.95_stride100,Jinrong_80_000156,1,12,0,UAV/0.JPG,map2019/merge_test_700-1800_cr0.95_stride100/Jinrong_80_000156/UAV/0.JPG
map2019/merge_test_700-1800_cr0.95_stride100/Jinrong_80_000157,merge_test_700-1800_cr0.95_stride100,Jinrong_80_000157,1,12,0,UAV/0.JPG,map2019/merge_test_700-1800_cr0.95_stride100/Jinrong_80_000157/UAV/0.JPG
map2019/merge_test_700-1800_cr0.95_stride100/Jinrong_80_000158,merge_test_700-1800_cr0.95_stride100,Jinrong_80_000158,1,12,0,UAV/0.JPG,map2019/merge_test_700-1800_cr0.95_stride100/Jinrong_80_000158/UAV/0.JPG
map2019/merge_test_700-1800_cr0.95_stride100/Jinrong_80_000159,merge_test_700-1800_cr0.95_stride100,Jinrong_80_000159,1,12,0,UAV/0.JPG,map2019/merge_test_700-1800_cr0.95_stride100/Jinrong_80_000159/UAV/0.JPG
map2019/merge_test_700-1800_cr0.95_stride100/Jinrong_80_000160,merge_test_700-1800_cr0.95_stride100,Jinrong_80_000160,1,12,0,UAV/0.JPG,map2019/merge_test_700-1800_cr0.95_stride100/Jinrong_80_000160/UAV/0.JPG
map2019/merge_test_700-1800_cr0.95_stride100/Jinrong_80_000161,merge_test_700-1800_cr0.95_stride100,Jinrong_80_000161,1,12,0,UAV/0.JPG,map2019/merge_test_700-1800_cr0.95_stride100/Jinrong_80_000161/UAV/0.JPG
map2019/merge_test_700-1800_cr0.95_stride100/Jinrong_80_000162,merge_test_700-1800_cr0.95_stride100,Jinrong_80_000162,1,12,0,UAV/0.JPG,map2019/merge_test_700-1800_cr0.95_stride100/Jinrong_80_000162/UAV/0.JPG
map2019/merge_test_700-1800_cr0.95_stride100/Jinrong_80_000163,merge_test_700-1800_cr0.95_stride100,Jinrong_80_000163,1,12,0,UAV/0.JPG,map2019/merge_test_700-1800_cr0.95_stride100/Jinrong_80_000163/UAV/0.JPG
map2019/merge_test_700-1800_cr0.95_stride100/Jinrong_80_000164,merge_test_700-1800_cr0.95_stride100,Jinrong_80_000164,1,12,0,UAV/0.JPG,map2019/merge_test_700-1800_cr0.95_stride100/Jinrong_80_000164/UAV/0.JPG
map2019/merge_test_700-1800_cr0.95_stride100/Jinrong_80_000165,merge_test_700-1800_cr0.95_stride100,Jinrong_80_000165,1,12,0,UAV/0.JPG,map2019/merge_test_700-1800_cr0.95_stride100/Jinrong_80_000165/UAV/0.JPG
map2019/merge_test_700-1800_cr0.95_stride100/Jinrong_80_000166,merge_test_700-1800_cr0.95_stride100,Jinrong_80_000166,1,12,0,UAV/0.JPG,map2019/merge_test_700-1800_cr0.95_stride100/Jinrong_80_000166/UAV/0.JPG
map2019/merge_test_700-1800_cr0.95_stride100/Jinrong_80_000167,merge_test_700-1800_cr0.95_stride100,Jinrong_80_000167,1,12,0,UAV/0.JPG,map2019/merge_test_700-1800_cr0.95_stride100/Jinrong_80_000167/UAV/0.JPG
map2019/merge_test_700-1800_cr0.95_stride100/Jinrong_80_000168,merge_test_700-1800_cr0.95_stride100,Jinrong_80_000168,1,12,0,UAV/0.JPG,map2019/merge_test_700-1800_cr0.95_stride100/Jinrong_80_000168/UAV/0.JPG
map2019/merge_test_700-1800_cr0.95_stride100/Jinrong_80_000169,merge_test_700-1800_cr0.95_stride100,Jinrong_80_000169,1,12,0,UAV/0.JPG,map2019/merge_test_700-1800_cr0.95_stride100/Jinrong_80_000169/UAV/0.JPG
map2019/merge_test_700-1800_cr0.95_stride100/Jinrong_80_000170,merge_test_700-1800_cr0.95_stride100,Jinrong_80_000170,1,12,0,UAV/0.JPG,map2019/merge_test_700-1800_cr0.95_stride100/Jinrong_80_000170/UAV/0.JPG
map2019/merge_test_700-1800_cr0.95_stride100/Jinrong_80_000171,merge_test_700-1800_cr0.95_stride100,Jinrong_80_000171,1,12,0,UAV/0.JPG,map2019/merge_test_700-1800_cr0.95_stride100/Jinrong_80_000171/UAV/0.JPG
map2019/merge_test_700-1800_cr0.95_stride100/Jinrong_80_000172,merge_test_700-1800_cr0.95_stride100,Jinrong_80_000172,1,12,0,UAV/0.JPG,map2019/merge_test_700-1800_cr0.95_stride100/Jinrong_80_000172/UAV/0.JPG
map2019/merge_test_700-1800_cr0.95_stride100/Jinrong_80_000173,merge_test_700-1800_cr0.95_stride100,Jinrong_80_000173,1,12,0,UAV/0.JPG,map2019/merge_test_700-1800_cr0.95_stride100/Jinrong_80_000173/UAV/0.JPG
map2019/merge_test_700-1800_cr0.95_stride100/Jinrong_80_000174,merge_test_700-1800_cr0.95_stride100,Jinrong_80_000174,1,12,0,UAV/0.JPG,map2019/merge_test_700-1800_cr0.95_stride100/Jinrong_80_000174/UAV/0.JPG
map2019/merge_test_700-1800_cr0.95_stride100/Jinrong_80_000175,merge_test_700-1800_cr0.95_stride100,Jinrong_80_000175,1,12,0,UAV/0.JPG,map2019/merge_test_700-1800_cr0.95_stride100/Jinrong_80_000175/UAV/0.JPG
map2019/merge_test_700-1800_cr0.95_stride100/Jinrong_80_000176,merge_test_700-1800_cr0.95_stride100,Jinrong_80_000176,1,12,0,UAV/0.JPG,map2019/merge_test_700-1800_cr0.95_stride100/Jinrong_80_000176/UAV/0.JPG
map2019/merge_test_700-1800_cr0.95_stride100/Jinrong_80_000177,merge_test_700-1800_cr0.95_stride100,Jinrong_80_000177,1,12,0,UAV/0.JPG,map2019/merge_test_700-1800_cr0.95_stride100/Jinrong_80_000177/UAV/0.JPG
map2019/merge_test_700-1800_cr0.95_stride100/Jinrong_80_000178,merge_test_700-1800_cr0.95_stride100,Jinrong_80_000178,1,12,0,UAV/0.JPG,map2019/merge_test_700-1800_cr0.95_stride100/Jinrong_80_000178/UAV/0.JPG
map2019/merge_test_700-1800_cr0.95_stride100/Jinrong_80_000179,merge_test_700-1800_cr0.95_stride100,Jinrong_80_000179,1,12,0,UAV/0.JPG,map2019/merge_test_700-1800_cr0.95_stride100/Jinrong_80_000179/UAV/0.JPG
map2019/merge_test_700-1800_cr0.95_stride100/Jinrong_80_000180,merge_test_700-1800_cr0.95_stride100,Jinrong_80_000180,1,12,0,UAV/0.JPG,map2019/merge_test_700-1800_cr0.95_stride100/Jinrong_80_000180/UAV/0.JPG
map2019/merge_test_700-1800_cr0.95_stride100/Jinrong_80_000181,merge_test_700-1800_cr0.95_stride100,Jinrong_80_000181,1,12,0,UAV/0.JPG,map2019/merge_test_700-1800_cr0.95_stride100/Jinrong_80_000181/UAV/0.JPG
map2019/merge_test_700-1800_cr0.95_stride100/Jinrong_80_000182,merge_test_700-1800_cr0.95_stride100,Jinrong_80_000182,1,12,0,UAV/0.JPG,map2019/merge_test_700-1800_cr0.95_stride100/Jinrong_80_000182/UAV/0.JPG
map2019/merge_test_700-1800_cr0.95_stride100/Jinrong_80_000183,merge_test_700-1800_cr0.95_stride100,Jinrong_80_000183,1,12,0,UAV/0.JPG,map2019/merge_test_700-1800_cr0.95_stride100/Jinrong_80_000183/UAV/0.JPG
map2019/merge_test_700-1800_cr0.95_stride100/Jinrong_80_000184,merge_test_700-1800_cr0.95_stride100,Jinrong_80_000184,1,12,0,UAV/0.JPG,map2019/merge_test_700-1800_cr0.95_stride100/Jinrong_80_000184/UAV/0.JPG
map2019/merge_test_700-1800_cr0.95_stride100/Jinrong_80_000185,merge_test_700-1800_cr0.95_stride100,Jinrong_80_000185,1,12,0,UAV/0.JPG,map2019/merge_test_700-1800_cr0.95_stride100/Jinrong_80_000185/UAV/0.JPG
map2019/merge_test_700-1800_cr0.95_stride100/Jinrong_80_000186,merge_test_700-1800_cr0.95_stride100,Jinrong_80_000186,1,12,0,UAV/0.JPG,map2019/merge_test_700-1800_cr0.95_stride100/Jinrong_80_000186/UAV/0.JPG
map2019/merge_test_700-1800_cr0.95_stride100/Jinrong_80_000187,merge_test_700-1800_cr0.95_stride100,Jinrong_80_000187,1,12,0,UAV/0.JPG,map2019/merge_test_700-1800_cr0.95_stride100/Jinrong_80_000187/UAV/0.JPG
map2019/merge_test_700-1800_cr0.95_stride100/Jinrong_80_000188,merge_test_700-1800_cr0.95_stride100,Jinrong_80_000188,1,12,0,UAV/0.JPG,map2019/merge_test_700-1800_cr0.95_stride100/Jinrong_80_000188/UAV/0.JPG
map2019/merge_test_700-1800_cr0.95_stride100/Jinrong_80_000189,merge_test_700-1800_cr0.95_stride100,Jinrong_80_000189,1,12,0,UAV/0.JPG,map2019/merge_test_700-1800_cr0.95_stride100/Jinrong_80_000189/UAV/0.JPG
map2019/merge_test_700-1800_cr0.95_stride100/Jinrong_80_000190,merge_test_700-1800_cr0.95_stride100,Jinrong_80_000190,1,12,0,UAV/0.JPG,map2019/merge_test_700-1800_cr0.95_stride100/Jinrong_80_000190/UAV/0.JPG
map2019/merge_test_700-1800_cr0.95_stride100/Jinrong_80_000191,merge_test_700-1800_cr0.95_stride100,Jinrong_80_000191,1,12,0,UAV/0.JPG,map2019/merge_test_700-1800_cr0.95_stride100/Jinrong_80_000191/UAV/0.JPG
map2019/merge_test_700-1800_cr0.95_stride100/Jinrong_80_000192,merge_test_700-1800_cr0.95_stride100,Jinrong_80_000192,1,12,0,UAV/0.JPG,map2019/merge_test_700-1800_cr0.95_stride100/Jinrong_80_000192/UAV/0.JPG
map2019/merge_test_700-1800_cr0.95_stride100/Jinrong_80_000193,merge_test_700-1800_cr0.95_stride100,Jinrong_80_000193,1,12,0,UAV/0.JPG,map2019/merge_test_700-1800_cr0.95_stride100/Jinrong_80_000193/UAV/0.JPG
map2019/merge_test_700-1800_cr0.95_stride100/Jinrong_80_000194,merge_test_700-1800_cr0.95_stride100,Jinrong_80_000194,1,12,0,UAV/0.JPG,map2019/merge_test_700-1800_cr0.95_stride100/Jinrong_80_000194/UAV/0.JPG
map2019/merge_test_700-1800_cr0.95_stride100/Jinrong_80_000195,merge_test_700-1800_cr0.95_stride100,Jinrong_80_000195,1,12,0,UAV/0.JPG,map2019/merge_test_700-1800_cr0.95_stride100/Jinrong_80_000195/UAV/0.JPG
map2019/merge_test_700-1800_cr0.95_stride100/Jinrong_80_000196,merge_test_700-1800_cr0.95_stride100,Jinrong_80_000196,1,12,0,UAV/0.JPG,map2019/merge_test_700-1800_cr0.95_stride100/Jinrong_80_000196/UAV/0.JPG
map2019/merge_test_700-1800_cr0.95_stride100/Jinrong_80_000197,merge_test_700-1800_cr0.95_stride100,Jinrong_80_000197,1,12,0,UAV/0.JPG,map2019/merge_test_700-1800_cr0.95_stride100/Jinrong_80_000197/UAV/0.JPG
map2019/merge_test_700-1800_cr0.95_stride100/Jinrong_80_000198,merge_test_700-1800_cr0.95_stride100,Jinrong_80_000198,1,12,0,UAV/0.JPG,map2019/merge_test_700-1800_cr0.95_stride100/Jinrong_80_000198/UAV/0.JPG
map2019/merge_test_700-1800_cr0.95_stride100/Jinrong_80_000199,merge_test_700-1800_cr0.95_stride100,Jinrong_80_000199,1,12,0,UAV/0.JPG,map2019/merge_test_700-1800_cr0.95_stride100/Jinrong_80_000199/UAV/0.JPG
map2019/merge_test_700-1800_cr0.95_stride100/Jinrong_90_000000,merge_test_700-1800_cr0.95_stride100,Jinrong_90_000000,1,12,0,UAV/0.JPG,map2019/merge_test_700-1800_cr0.95_stride100/Jinrong_90_000000/UAV/0.JPG
map2019/merge_test_700-1800_cr0.95_stride100/Jinrong_90_000001,merge_test_700-1800_cr0.95_stride100,Jinrong_90_000001,1,12,0,UAV/0.JPG,map2019/merge_test_700-1800_cr0.95_stride100/Jinrong_90_000001/UAV/0.JPG
map2019/merge_test_700-1800_cr0.95_stride100/Jinrong_90_000002,merge_test_700-1800_cr0.95_stride100,Jinrong_90_000002,1,12,0,UAV/0.JPG,map2019/merge_test_700-1800_cr0.95_stride100/Jinrong_90_000002/UAV/0.JPG
map2019/merge_test_700-1800_cr0.95_stride100/Jinrong_90_000003,merge_test_700-1800_cr0.95_stride100,Jinrong_90_000003,1,12,0,UAV/0.JPG,map2019/merge_test_700-1800_cr0.95_stride100/Jinrong_90_000003/UAV/0.JPG
map2019/merge_test_700-1800_cr0.95_stride100/Jinrong_90_000004,merge_test_700-1800_cr0.95_stride100,Jinrong_90_000004,1,12,0,UAV/0.JPG,map2019/merge_test_700-1800_cr0.95_stride100/Jinrong_90_000004/UAV/0.JPG
map2019/merge_test_700-1800_cr0.95_stride100/Jinrong_90_000005,merge_test_700-1800_cr0.95_stride100,Jinrong_90_000005,1,12,0,UAV/0.JPG,map2019/merge_test_700-1800_cr0.95_stride100/Jinrong_90_000005/UAV/0.JPG
map2019/merge_test_700-1800_cr0.95_stride100/Jinrong_90_000006,merge_test_700-1800_cr0.95_stride100,Jinrong_90_000006,1,12,0,UAV/0.JPG,map2019/merge_test_700-1800_cr0.95_stride100/Jinrong_90_000006/UAV/0.JPG
map2019/merge_test_700-1800_cr0.95_stride100/Jinrong_90_000007,merge_test_700-1800_cr0.95_stride100,Jinrong_90_000007,1,12,0,UAV/0.JPG,map2019/merge_test_700-1800_cr0.95_stride100/Jinrong_90_000007/UAV/0.JPG
map2019/merge_test_700-1800_cr0.95_stride100/Jinrong_90_000008,merge_test_700-1800_cr0.95_stride100,Jinrong_90_000008,1,12,0,UAV/0.JPG,map2019/merge_test_700-1800_cr0.95_stride100/Jinrong_90_000008/UAV/0.JPG
map2019/merge_test_700-1800_cr0.95_stride100/Jinrong_90_000009,merge_test_700-1800_cr0.95_stride100,Jinrong_90_000009,1,12,0,UAV/0.JPG,map2019/merge_test_700-1800_cr0.95_stride100/Jinrong_90_000009/UAV/0.JPG
map2019/merge_test_700-1800_cr0.95_stride100/Jinrong_90_000010,merge_test_700-1800_cr0.95_stride100,Jinrong_90_000010,1,12,0,UAV/0.JPG,map2019/merge_test_700-1800_cr0.95_stride100/Jinrong_90_000010/UAV/0.JPG
map2019/merge_test_700-1800_cr0.95_stride100/Jinrong_90_000011,merge_test_700-1800_cr0.95_stride100,Jinrong_90_000011,1,12,0,UAV/0.JPG,map2019/merge_test_700-1800_cr0.95_stride100/Jinrong_90_000011/UAV/0.JPG
map2019/merge_test_700-1800_cr0.95_stride100/Jinrong_90_000012,merge_test_700-1800_cr0.95_stride100,Jinrong_90_000012,1,12,0,UAV/0.JPG,map2019/merge_test_700-1800_cr0.95_stride100/Jinrong_90_000012/UAV/0.JPG
map2019/merge_test_700-1800_cr0.95_stride100/Jinrong_90_000013,merge_test_700-1800_cr0.95_stride100,Jinrong_90_000013,1,12,0,UAV/0.JPG,map2019/merge_test_700-1800_cr0.95_stride100/Jinrong_90_000013/UAV/0.JPG
map2019/merge_test_700-1800_cr0.95_stride100/Jinrong_90_000014,merge_test_700-1800_cr0.95_stride100,Jinrong_90_000014,1,12,0,UAV/0.JPG,map2019/merge_test_700-1800_cr0.95_stride100/Jinrong_90_000014/UAV/0.JPG
map2019/merge_test_700-1800_cr0.95_stride100/Jinrong_90_000015,merge_test_700-1800_cr0.95_stride100,Jinrong_90_000015,1,12,0,UAV/0.JPG,map2019/merge_test_700-1800_cr0.95_stride100/Jinrong_90_000015/UAV/0.JPG
map2019/merge_test_700-1800_cr0.95_stride100/Jinrong_90_000016,merge_test_700-1800_cr0.95_stride100,Jinrong_90_000016,1,12,0,UAV/0.JPG,map2019/merge_test_700-1800_cr0.95_stride100/Jinrong_90_000016/UAV/0.JPG
map2019/merge_test_700-1800_cr0.95_stride100/Jinrong_90_000017,merge_test_700-1800_cr0.95_stride100,Jinrong_90_000017,1,12,0,UAV/0.JPG,map2019/merge_test_700-1800_cr0.95_stride100/Jinrong_90_000017/UAV/0.JPG
map2019/merge_test_700-1800_cr0.95_stride100/Jinrong_90_000018,merge_test_700-1800_cr0.95_stride100,Jinrong_90_000018,1,12,0,UAV/0.JPG,map2019/merge_test_700-1800_cr0.95_stride100/Jinrong_90_000018/UAV/0.JPG
map2019/merge_test_700-1800_cr0.95_stride100/Jinrong_90_000019,merge_test_700-1800_cr0.95_stride100,Jinrong_90_000019,1,12,0,UAV/0.JPG,map2019/merge_test_700-1800_cr0.95_stride100/Jinrong_90_000019/UAV/0.JPG
map2019/merge_test_700-1800_cr0.95_stride100/Jinrong_90_000020,merge_test_700-1800_cr0.95_stride100,Jinrong_90_000020,1,12,0,UAV/0.JPG,map2019/merge_test_700-1800_cr0.95_stride100/Jinrong_90_000020/UAV/0.JPG
map2019/merge_test_700-1800_cr0.95_stride100/Jinrong_90_000021,merge_test_700-1800_cr0.95_stride100,Jinrong_90_000021,1,12,0,UAV/0.JPG,map2019/merge_test_700-1800_cr0.95_stride100/Jinrong_90_000021/UAV/0.JPG
map2019/merge_test_700-1800_cr0.95_stride100/Jinrong_90_000022,merge_test_700-1800_cr0.95_stride100,Jinrong_90_000022,1,12,0,UAV/0.JPG,map2019/merge_test_700-1800_cr0.95_stride100/Jinrong_90_000022/UAV/0.JPG
map2019/merge_test_700-1800_cr0.95_stride100/Jinrong_90_000023,merge_test_700-1800_cr0.95_stride100,Jinrong_90_000023,1,12,0,UAV/0.JPG,map2019/merge_test_700-1800_cr0.95_stride100/Jinrong_90_000023/UAV/0.JPG
map2019/merge_test_700-1800_cr0.95_stride100/Jinrong_90_000024,merge_test_700-1800_cr0.95_stride100,Jinrong_90_000024,1,12,0,UAV/0.JPG,map2019/merge_test_700-1800_cr0.95_stride100/Jinrong_90_000024/UAV/0.JPG
map2019/merge_test_700-1800_cr0.95_stride100/Jinrong_90_000025,merge_test_700-1800_cr0.95_stride100,Jinrong_90_000025,1,12,0,UAV/0.JPG,map2019/merge_test_700-1800_cr0.95_stride100/Jinrong_90_000025/UAV/0.JPG
map2019/merge_test_700-1800_cr0.95_stride100/Jinrong_90_000026,merge_test_700-1800_cr0.95_stride100,Jinrong_90_000026,1,12,0,UAV/0.JPG,map2019/merge_test_700-1800_cr0.95_stride100/Jinrong_90_000026/UAV/0.JPG
map2019/merge_test_700-1800_cr0.95_stride100/Jinrong_90_000027,merge_test_700-1800_cr0.95_stride100,Jinrong_90_000027,1,12,0,UAV/0.JPG,map2019/merge_test_700-1800_cr0.95_stride100/Jinrong_90_000027/UAV/0.JPG
map2019/merge_test_700-1800_cr0.95_stride100/Jinrong_90_000028,merge_test_700-1800_cr0.95_stride100,Jinrong_90_000028,1,12,0,UAV/0.JPG,map2019/merge_test_700-1800_cr0.95_stride100/Jinrong_90_000028/UAV/0.JPG
map2019/merge_test_700-1800_cr0.95_stride100/Jinrong_90_000029,merge_test_700-1800_cr0.95_stride100,Jinrong_90_000029,1,12,0,UAV/0.JPG,map2019/merge_test_700-1800_cr0.95_stride100/Jinrong_90_000029/UAV/0.JPG
map2019/merge_test_700-1800_cr0.95_stride100/Jinrong_90_000030,merge_test_700-1800_cr0.95_stride100,Jinrong_90_000030,1,12,0,UAV/0.JPG,map2019/merge_test_700-1800_cr0.95_stride100/Jinrong_90_000030/UAV/0.JPG
map2019/merge_test_700-1800_cr0.95_stride100/Jinrong_90_000031,merge_test_700-1800_cr0.95_stride100,Jinrong_90_000031,1,12,0,UAV/0.JPG,map2019/merge_test_700-1800_cr0.95_stride100/Jinrong_90_000031/UAV/0.JPG
map2019/merge_test_700-1800_cr0.95_stride100/Jinrong_90_000032,merge_test_700-1800_cr0.95_stride100,Jinrong_90_000032,1,12,0,UAV/0.JPG,map2019/merge_test_700-1800_cr0.95_stride100/Jinrong_90_000032/UAV/0.JPG
map2019/merge_test_700-1800_cr0.95_stride100/Jinrong_90_000033,merge_test_700-1800_cr0.95_stride100,Jinrong_90_000033,1,12,0,UAV/0.JPG,map2019/merge_test_700-1800_cr0.95_stride100/Jinrong_90_000033/UAV/0.JPG
map2019/merge_test_700-1800_cr0.95_stride100/Jinrong_90_000034,merge_test_700-1800_cr0.95_stride100,Jinrong_90_000034,1,12,0,UAV/0.JPG,map2019/merge_test_700-1800_cr0.95_stride100/Jinrong_90_000034/UAV/0.JPG
map2019/merge_test_700-1800_cr0.95_stride100/Jinrong_90_000035,merge_test_700-1800_cr0.95_stride100,Jinrong_90_000035,1,12,0,UAV/0.JPG,map2019/merge_test_700-1800_cr0.95_stride100/Jinrong_90_000035/UAV/0.JPG
map2019/merge_test_700-1800_cr0.95_stride100/Jinrong_90_000036,merge_test_700-1800_cr0.95_stride100,Jinrong_90_000036,1,12,0,UAV/0.JPG,map2019/merge_test_700-1800_cr0.95_stride100/Jinrong_90_000036/UAV/0.JPG
map2019/merge_test_700-1800_cr0.95_stride100/Jinrong_90_000037,merge_test_700-1800_cr0.95_stride100,Jinrong_90_000037,1,12,0,UAV/0.JPG,map2019/merge_test_700-1800_cr0.95_stride100/Jinrong_90_000037/UAV/0.JPG
map2019/merge_test_700-1800_cr0.95_stride100/Jinrong_90_000038,merge_test_700-1800_cr0.95_stride100,Jinrong_90_000038,1,12,0,UAV/0.JPG,map2019/merge_test_700-1800_cr0.95_stride100/Jinrong_90_000038/UAV/0.JPG
map2019/merge_test_700-1800_cr0.95_stride100/Jinrong_90_000039,merge_test_700-1800_cr0.95_stride100,Jinrong_90_000039,1,12,0,UAV/0.JPG,map2019/merge_test_700-1800_cr0.95_stride100/Jinrong_90_000039/UAV/0.JPG
map2019/merge_test_700-1800_cr0.95_stride100/Jinrong_90_000040,merge_test_700-1800_cr0.95_stride100,Jinrong_90_000040,1,12,0,UAV/0.JPG,map2019/merge_test_700-1800_cr0.95_stride100/Jinrong_90_000040/UAV/0.JPG
map2019/merge_test_700-1800_cr0.95_stride100/Jinrong_90_000041,merge_test_700-1800_cr0.95_stride100,Jinrong_90_000041,1,12,0,UAV/0.JPG,map2019/merge_test_700-1800_cr0.95_stride100/Jinrong_90_000041/UAV/0.JPG
map2019/merge_test_700-1800_cr0.95_stride100/Jinrong_90_000042,merge_test_700-1800_cr0.95_stride100,Jinrong_90_000042,1,12,0,UAV/0.JPG,map2019/merge_test_700-1800_cr0.95_stride100/Jinrong_90_000042/UAV/0.JPG
map2019/merge_test_700-1800_cr0.95_stride100/Jinrong_90_000043,merge_test_700-1800_cr0.95_stride100,Jinrong_90_000043,1,12,0,UAV/0.JPG,map2019/merge_test_700-1800_cr0.95_stride100/Jinrong_90_000043/UAV/0.JPG
map2019/merge_test_700-1800_cr0.95_stride100/Jinrong_90_000044,merge_test_700-1800_cr0.95_stride100,Jinrong_90_000044,1,12,0,UAV/0.JPG,map2019/merge_test_700-1800_cr0.95_stride100/Jinrong_90_000044/UAV/0.JPG
map2019/merge_test_700-1800_cr0.95_stride100/Jinrong_90_000045,merge_test_700-1800_cr0.95_stride100,Jinrong_90_000045,1,12,0,UAV/0.JPG,map2019/merge_test_700-1800_cr0.95_stride100/Jinrong_90_000045/UAV/0.JPG
map2019/merge_test_700-1800_cr0.95_stride100/Jinrong_90_000046,merge_test_700-1800_cr0.95_stride100,Jinrong_90_000046,1,12,0,UAV/0.JPG,map2019/merge_test_700-1800_cr0.95_stride100/Jinrong_90_000046/UAV/0.JPG
map2019/merge_test_700-1800_cr0.95_stride100/Jinrong_90_000047,merge_test_700-1800_cr0.95_stride100,Jinrong_90_000047,1,12,0,UAV/0.JPG,map2019/merge_test_700-1800_cr0.95_stride100/Jinrong_90_000047/UAV/0.JPG
map2019/merge_test_700-1800_cr0.95_stride100/Jinrong_90_000048,merge_test_700-1800_cr0.95_stride100,Jinrong_90_000048,1,12,0,UAV/0.JPG,map2019/merge_test_700-1800_cr0.95_stride100/Jinrong_90_000048/UAV/0.JPG
map2019/merge_test_700-1800_cr0.95_stride100/Jinrong_90_000049,merge_test_700-1800_cr0.95_stride100,Jinrong_90_000049,1,12,0,UAV/0.JPG,map2019/merge_test_700-1800_cr0.95_stride100/Jinrong_90_000049/UAV/0.JPG
map2019/merge_test_700-1800_cr0.95_stride100/Jinrong_90_000050,merge_test_700-1800_cr0.95_stride100,Jinrong_90_000050,1,12,0,UAV/0.JPG,map2019/merge_test_700-1800_cr0.95_stride100/Jinrong_90_000050/UAV/0.JPG
map2019/merge_test_700-1800_cr0.95_stride100/Jinrong_90_000051,merge_test_700-1800_cr0.95_stride100,Jinrong_90_000051,1,12,0,UAV/0.JPG,map2019/merge_test_700-1800_cr0.95_stride100/Jinrong_90_000051/UAV/0.JPG
map2019/merge_test_700-1800_cr0.95_stride100/Jinrong_90_000052,merge_test_700-1800_cr0.95_stride100,Jinrong_90_000052,1,12,0,UAV/0.JPG,map2019/merge_test_700-1800_cr0.95_stride100/Jinrong_90_000052/UAV/0.JPG
map2019/merge_test_700-1800_cr0.95_stride100/Jinrong_90_000053,merge_test_700-1800_cr0.95_stride100,Jinrong_90_000053,1,12,0,UAV/0.JPG,map2019/merge_test_700-1800_cr0.95_stride100/Jinrong_90_000053/UAV/0.JPG
map2019/merge_test_700-1800_cr0.95_stride100/Jinrong_90_000054,merge_test_700-1800_cr0.95_stride100,Jinrong_90_000054,1,12,0,UAV/0.JPG,map2019/merge_test_700-1800_cr0.95_stride100/Jinrong_90_000054/UAV/0.JPG
map2019/merge_test_700-1800_cr0.95_stride100/Jinrong_90_000055,merge_test_700-1800_cr0.95_stride100,Jinrong_90_000055,1,12,0,UAV/0.JPG,map2019/merge_test_700-1800_cr0.95_stride100/Jinrong_90_000055/UAV/0.JPG
map2019/merge_test_700-1800_cr0.95_stride100/Jinrong_90_000056,merge_test_700-1800_cr0.95_stride100,Jinrong_90_000056,1,12,0,UAV/0.JPG,map2019/merge_test_700-1800_cr0.95_stride100/Jinrong_90_000056/UAV/0.JPG
map2019/merge_test_700-1800_cr0.95_stride100/Jinrong_90_000057,merge_test_700-1800_cr0.95_stride100,Jinrong_90_000057,1,12,0,UAV/0.JPG,map2019/merge_test_700-1800_cr0.95_stride100/Jinrong_90_000057/UAV/0.JPG
map2019/merge_test_700-1800_cr0.95_stride100/Jinrong_90_000058,merge_test_700-1800_cr0.95_stride100,Jinrong_90_000058,1,12,0,UAV/0.JPG,map2019/merge_test_700-1800_cr0.95_stride100/Jinrong_90_000058/UAV/0.JPG
map2019/merge_test_700-1800_cr0.95_stride100/Jinrong_90_000059,merge_test_700-1800_cr0.95_stride100,Jinrong_90_000059,1,12,0,UAV/0.JPG,map2019/merge_test_700-1800_cr0.95_stride100/Jinrong_90_000059/UAV/0.JPG
map2019/merge_test_700-1800_cr0.95_stride100/Jinrong_90_000060,merge_test_700-1800_cr0.95_stride100,Jinrong_90_000060,1,12,0,UAV/0.JPG,map2019/merge_test_700-1800_cr0.95_stride100/Jinrong_90_000060/UAV/0.JPG
map2019/merge_test_700-1800_cr0.95_stride100/Jinrong_90_000061,merge_test_700-1800_cr0.95_stride100,Jinrong_90_000061,1,12,0,UAV/0.JPG,map2019/merge_test_700-1800_cr0.95_stride100/Jinrong_90_000061/UAV/0.JPG
map2019/merge_test_700-1800_cr0.95_stride100/Jinrong_90_000062,merge_test_700-1800_cr0.95_stride100,Jinrong_90_000062,1,12,0,UAV/0.JPG,map2019/merge_test_700-1800_cr0.95_stride100/Jinrong_90_000062/UAV/0.JPG
map2019/merge_test_700-1800_cr0.95_stride100/Jinrong_90_000063,merge_test_700-1800_cr0.95_stride100,Jinrong_90_000063,1,12,0,UAV/0.JPG,map2019/merge_test_700-1800_cr0.95_stride100/Jinrong_90_000063/UAV/0.JPG
map2019/merge_test_700-1800_cr0.95_stride100/Jinrong_90_000064,merge_test_700-1800_cr0.95_stride100,Jinrong_90_000064,1,12,0,UAV/0.JPG,map2019/merge_test_700-1800_cr0.95_stride100/Jinrong_90_000064/UAV/0.JPG
map2019/merge_test_700-1800_cr0.95_stride100/Jinrong_90_000065,merge_test_700-1800_cr0.95_stride100,Jinrong_90_000065,1,12,0,UAV/0.JPG,map2019/merge_test_700-1800_cr0.95_stride100/Jinrong_90_000065/UAV/0.JPG
map2019/merge_test_700-1800_cr0.95_stride100/Jinrong_90_000066,merge_test_700-1800_cr0.95_stride100,Jinrong_90_000066,1,12,0,UAV/0.JPG,map2019/merge_test_700-1800_cr0.95_stride100/Jinrong_90_000066/UAV/0.JPG
map2019/merge_test_700-1800_cr0.95_stride100/Jinrong_90_000067,merge_test_700-1800_cr0.95_stride100,Jinrong_90_000067,1,12,0,UAV/0.JPG,map2019/merge_test_700-1800_cr0.95_stride100/Jinrong_90_000067/UAV/0.JPG
map2019/merge_test_700-1800_cr0.95_stride100/Jinrong_90_000068,merge_test_700-1800_cr0.95_stride100,Jinrong_90_000068,1,12,0,UAV/0.JPG,map2019/merge_test_700-1800_cr0.95_stride100/Jinrong_90_000068/UAV/0.JPG
map2019/merge_test_700-1800_cr0.95_stride100/Jinrong_90_000069,merge_test_700-1800_cr0.95_stride100,Jinrong_90_000069,1,12,0,UAV/0.JPG,map2019/merge_test_700-1800_cr0.95_stride100/Jinrong_90_000069/UAV/0.JPG
map2019/merge_test_700-1800_cr0.95_stride100/Jinrong_90_000070,merge_test_700-1800_cr0.95_stride100,Jinrong_90_000070,1,12,0,UAV/0.JPG,map2019/merge_test_700-1800_cr0.95_stride100/Jinrong_90_000070/UAV/0.JPG
map2019/merge_test_700-1800_cr0.95_stride100/Jinrong_90_000071,merge_test_700-1800_cr0.95_stride100,Jinrong_90_000071,1,12,0,UAV/0.JPG,map2019/merge_test_700-1800_cr0.95_stride100/Jinrong_90_000071/UAV/0.JPG
map2019/merge_test_700-1800_cr0.95_stride100/Jinrong_90_000072,merge_test_700-1800_cr0.95_stride100,Jinrong_90_000072,1,12,0,UAV/0.JPG,map2019/merge_test_700-1800_cr0.95_stride100/Jinrong_90_000072/UAV/0.JPG
map2019/merge_test_700-1800_cr0.95_stride100/Jinrong_90_000073,merge_test_700-1800_cr0.95_stride100,Jinrong_90_000073,1,12,0,UAV/0.JPG,map2019/merge_test_700-1800_cr0.95_stride100/Jinrong_90_000073/UAV/0.JPG
map2019/merge_test_700-1800_cr0.95_stride100/Jinrong_90_000074,merge_test_700-1800_cr0.95_stride100,Jinrong_90_000074,1,12,0,UAV/0.JPG,map2019/merge_test_700-1800_cr0.95_stride100/Jinrong_90_000074/UAV/0.JPG
map2019/merge_test_700-1800_cr0.95_stride100/Jinrong_90_000075,merge_test_700-1800_cr0.95_stride100,Jinrong_90_000075,1,12,0,UAV/0.JPG,map2019/merge_test_700-1800_cr0.95_stride100/Jinrong_90_000075/UAV/0.JPG
map2019/merge_test_700-1800_cr0.95_stride100/Jinrong_90_000076,merge_test_700-1800_cr0.95_stride100,Jinrong_90_000076,1,12,0,UAV/0.JPG,map2019/merge_test_700-1800_cr0.95_stride100/Jinrong_90_000076/UAV/0.JPG
map2019/merge_test_700-1800_cr0.95_stride100/Jinrong_90_000077,merge_test_700-1800_cr0.95_stride100,Jinrong_90_000077,1,12,0,UAV/0.JPG,map2019/merge_test_700-1800_cr0.95_stride100/Jinrong_90_000077/UAV/0.JPG
map2019/merge_test_700-1800_cr0.95_stride100/Jinrong_90_000078,merge_test_700-1800_cr0.95_stride100,Jinrong_90_000078,1,12,0,UAV/0.JPG,map2019/merge_test_700-1800_cr0.95_stride100/Jinrong_90_000078/UAV/0.JPG
map2019/merge_test_700-1800_cr0.95_stride100/Jinrong_90_000079,merge_test_700-1800_cr0.95_stride100,Jinrong_90_000079,1,12,0,UAV/0.JPG,map2019/merge_test_700-1800_cr0.95_stride100/Jinrong_90_000079/UAV/0.JPG
map2019/merge_test_700-1800_cr0.95_stride100/Jinrong_90_000080,merge_test_700-1800_cr0.95_stride100,Jinrong_90_000080,1,12,0,UAV/0.JPG,map2019/merge_test_700-1800_cr0.95_stride100/Jinrong_90_000080/UAV/0.JPG
map2019/merge_test_700-1800_cr0.95_stride100/Jinrong_90_000081,merge_test_700-1800_cr0.95_stride100,Jinrong_90_000081,1,12,0,UAV/0.JPG,map2019/merge_test_700-1800_cr0.95_stride100/Jinrong_90_000081/UAV/0.JPG
map2019/merge_test_700-1800_cr0.95_stride100/Jinrong_90_000082,merge_test_700-1800_cr0.95_stride100,Jinrong_90_000082,1,12,0,UAV/0.JPG,map2019/merge_test_700-1800_cr0.95_stride100/Jinrong_90_000082/UAV/0.JPG
map2019/merge_test_700-1800_cr0.95_stride100/Jinrong_90_000083,merge_test_700-1800_cr0.95_stride100,Jinrong_90_000083,1,12,0,UAV/0.JPG,map2019/merge_test_700-1800_cr0.95_stride100/Jinrong_90_000083/UAV/0.JPG
map2019/merge_test_700-1800_cr0.95_stride100/Jinrong_90_000084,merge_test_700-1800_cr0.95_stride100,Jinrong_90_000084,1,12,0,UAV/0.JPG,map2019/merge_test_700-1800_cr0.95_stride100/Jinrong_90_000084/UAV/0.JPG
map2019/merge_test_700-1800_cr0.95_stride100/Jinrong_90_000085,merge_test_700-1800_cr0.95_stride100,Jinrong_90_000085,1,12,0,UAV/0.JPG,map2019/merge_test_700-1800_cr0.95_stride100/Jinrong_90_000085/UAV/0.JPG
map2019/merge_test_700-1800_cr0.95_stride100/Jinrong_90_000086,merge_test_700-1800_cr0.95_stride100,Jinrong_90_000086,1,12,0,UAV/0.JPG,map2019/merge_test_700-1800_cr0.95_stride100/Jinrong_90_000086/UAV/0.JPG
map2019/merge_test_700-1800_cr0.95_stride100/Jinrong_90_000087,merge_test_700-1800_cr0.95_stride100,Jinrong_90_000087,1,12,0,UAV/0.JPG,map2019/merge_test_700-1800_cr0.95_stride100/Jinrong_90_000087/UAV/0.JPG
map2019/merge_test_700-1800_cr0.95_stride100/Jinrong_90_000088,merge_test_700-1800_cr0.95_stride100,Jinrong_90_000088,1,12,0,UAV/0.JPG,map2019/merge_test_700-1800_cr0.95_stride100/Jinrong_90_000088/UAV/0.JPG
map2019/merge_test_700-1800_cr0.95_stride100/Jinrong_90_000089,merge_test_700-1800_cr0.95_stride100,Jinrong_90_000089,1,12,0,UAV/0.JPG,map2019/merge_test_700-1800_cr0.95_stride100/Jinrong_90_000089/UAV/0.JPG
map2019/merge_test_700-1800_cr0.95_stride100/Jinrong_90_000090,merge_test_700-1800_cr0.95_stride100,Jinrong_90_000090,1,12,0,UAV/0.JPG,map2019/merge_test_700-1800_cr0.95_stride100/Jinrong_90_000090/UAV/0.JPG
map2019/merge_test_700-1800_cr0.95_stride100/Jinrong_90_000091,merge_test_700-1800_cr0.95_stride100,Jinrong_90_000091,1,12,0,UAV/0.JPG,map2019/merge_test_700-1800_cr0.95_stride100/Jinrong_90_000091/UAV/0.JPG
map2019/merge_test_700-1800_cr0.95_stride100/Jinrong_90_000092,merge_test_700-1800_cr0.95_stride100,Jinrong_90_000092,1,12,0,UAV/0.JPG,map2019/merge_test_700-1800_cr0.95_stride100/Jinrong_90_000092/UAV/0.JPG
map2019/merge_test_700-1800_cr0.95_stride100/Jinrong_90_000093,merge_test_700-1800_cr0.95_stride100,Jinrong_90_000093,1,12,0,UAV/0.JPG,map2019/merge_test_700-1800_cr0.95_stride100/Jinrong_90_000093/UAV/0.JPG
map2019/merge_test_700-1800_cr0.95_stride100/Jinrong_90_000094,merge_test_700-1800_cr0.95_stride100,Jinrong_90_000094,1,12,0,UAV/0.JPG,map2019/merge_test_700-1800_cr0.95_stride100/Jinrong_90_000094/UAV/0.JPG
map2019/merge_test_700-1800_cr0.95_stride100/Jinrong_90_000095,merge_test_700-1800_cr0.95_stride100,Jinrong_90_000095,1,12,0,UAV/0.JPG,map2019/merge_test_700-1800_cr0.95_stride100/Jinrong_90_000095/UAV/0.JPG
map2019/merge_test_700-1800_cr0.95_stride100/Jinrong_90_000096,merge_test_700-1800_cr0.95_stride100,Jinrong_90_000096,1,12,0,UAV/0.JPG,map2019/merge_test_700-1800_cr0.95_stride100/Jinrong_90_000096/UAV/0.JPG
map2019/merge_test_700-1800_cr0.95_stride100/Jinrong_90_000097,merge_test_700-1800_cr0.95_stride100,Jinrong_90_000097,1,12,0,UAV/0.JPG,map2019/merge_test_700-1800_cr0.95_stride100/Jinrong_90_000097/UAV/0.JPG
map2019/merge_test_700-1800_cr0.95_stride100/Jinrong_90_000098,merge_test_700-1800_cr0.95_stride100,Jinrong_90_000098,1,12,0,UAV/0.JPG,map2019/merge_test_700-1800_cr0.95_stride100/Jinrong_90_000098/UAV/0.JPG
map2019/merge_test_700-1800_cr0.95_stride100/Jinrong_90_000099,merge_test_700-1800_cr0.95_stride100,Jinrong_90_000099,1,12,0,UAV/0.JPG,map2019/merge_test_700-1800_cr0.95_stride100/Jinrong_90_000099/UAV/0.JPG
map2019/merge_test_700-1800_cr0.95_stride100/Jinrong_90_000100,merge_test_700-1800_cr0.95_stride100,Jinrong_90_000100,1,12,0,UAV/0.JPG,map2019/merge_test_700-1800_cr0.95_stride100/Jinrong_90_000100/UAV/0.JPG
map2019/merge_test_700-1800_cr0.95_stride100/Jinrong_90_000101,merge_test_700-1800_cr0.95_stride100,Jinrong_90_000101,1,12,0,UAV/0.JPG,map2019/merge_test_700-1800_cr0.95_stride100/Jinrong_90_000101/UAV/0.JPG
map2019/merge_test_700-1800_cr0.95_stride100/Jinrong_90_000102,merge_test_700-1800_cr0.95_stride100,Jinrong_90_000102,1,12,0,UAV/0.JPG,map2019/merge_test_700-1800_cr0.95_stride100/Jinrong_90_000102/UAV/0.JPG
map2019/merge_test_700-1800_cr0.95_stride100/Jinrong_90_000103,merge_test_700-1800_cr0.95_stride100,Jinrong_90_000103,1,12,0,UAV/0.JPG,map2019/merge_test_700-1800_cr0.95_stride100/Jinrong_90_000103/UAV/0.JPG
map2019/merge_test_700-1800_cr0.95_stride100/Jinrong_90_000104,merge_test_700-1800_cr0.95_stride100,Jinrong_90_000104,1,12,0,UAV/0.JPG,map2019/merge_test_700-1800_cr0.95_stride100/Jinrong_90_000104/UAV/0.JPG
map2019/merge_test_700-1800_cr0.95_stride100/Jinrong_90_000105,merge_test_700-1800_cr0.95_stride100,Jinrong_90_000105,1,12,0,UAV/0.JPG,map2019/merge_test_700-1800_cr0.95_stride100/Jinrong_90_000105/UAV/0.JPG
map2019/merge_test_700-1800_cr0.95_stride100/Jinrong_90_000106,merge_test_700-1800_cr0.95_stride100,Jinrong_90_000106,1,12,0,UAV/0.JPG,map2019/merge_test_700-1800_cr0.95_stride100/Jinrong_90_000106/UAV/0.JPG
map2019/merge_test_700-1800_cr0.95_stride100/Jinrong_90_000107,merge_test_700-1800_cr0.95_stride100,Jinrong_90_000107,1,12,0,UAV/0.JPG,map2019/merge_test_700-1800_cr0.95_stride100/Jinrong_90_000107/UAV/0.JPG
map2019/merge_test_700-1800_cr0.95_stride100/Jinrong_90_000108,merge_test_700-1800_cr0.95_stride100,Jinrong_90_000108,1,12,0,UAV/0.JPG,map2019/merge_test_700-1800_cr0.95_stride100/Jinrong_90_000108/UAV/0.JPG
map2019/merge_test_700-1800_cr0.95_stride100/Jinrong_90_000109,merge_test_700-1800_cr0.95_stride100,Jinrong_90_000109,1,12,0,UAV/0.JPG,map2019/merge_test_700-1800_cr0.95_stride100/Jinrong_90_000109/UAV/0.JPG
map2019/merge_test_700-1800_cr0.95_stride100/Jinrong_90_000110,merge_test_700-1800_cr0.95_stride100,Jinrong_90_000110,1,12,0,UAV/0.JPG,map2019/merge_test_700-1800_cr0.95_stride100/Jinrong_90_000110/UAV/0.JPG
map2019/merge_test_700-1800_cr0.95_stride100/Jinrong_90_000111,merge_test_700-1800_cr0.95_stride100,Jinrong_90_000111,1,12,0,UAV/0.JPG,map2019/merge_test_700-1800_cr0.95_stride100/Jinrong_90_000111/UAV/0.JPG
map2019/merge_test_700-1800_cr0.95_stride100/Jinrong_90_000112,merge_test_700-1800_cr0.95_stride100,Jinrong_90_000112,1,12,0,UAV/0.JPG,map2019/merge_test_700-1800_cr0.95_stride100/Jinrong_90_000112/UAV/0.JPG
map2019/merge_test_700-1800_cr0.95_stride100/Jinrong_90_000113,merge_test_700-1800_cr0.95_stride100,Jinrong_90_000113,1,12,0,UAV/0.JPG,map2019/merge_test_700-1800_cr0.95_stride100/Jinrong_90_000113/UAV/0.JPG
map2019/merge_test_700-1800_cr0.95_stride100/Jinrong_90_000114,merge_test_700-1800_cr0.95_stride100,Jinrong_90_000114,1,12,0,UAV/0.JPG,map2019/merge_test_700-1800_cr0.95_stride100/Jinrong_90_000114/UAV/0.JPG
map2019/merge_test_700-1800_cr0.95_stride100/Jinrong_90_000115,merge_test_700-1800_cr0.95_stride100,Jinrong_90_000115,1,12,0,UAV/0.JPG,map2019/merge_test_700-1800_cr0.95_stride100/Jinrong_90_000115/UAV/0.JPG
map2019/merge_test_700-1800_cr0.95_stride100/Jinrong_90_000116,merge_test_700-1800_cr0.95_stride100,Jinrong_90_000116,1,12,0,UAV/0.JPG,map2019/merge_test_700-1800_cr0.95_stride100/Jinrong_90_000116/UAV/0.JPG
map2019/merge_test_700-1800_cr0.95_stride100/Jinrong_90_000117,merge_test_700-1800_cr0.95_stride100,Jinrong_90_000117,1,12,0,UAV/0.JPG,map2019/merge_test_700-1800_cr0.95_stride100/Jinrong_90_000117/UAV/0.JPG
map2019/merge_test_700-1800_cr0.95_stride100/Jinrong_90_000118,merge_test_700-1800_cr0.95_stride100,Jinrong_90_000118,1,12,0,UAV/0.JPG,map2019/merge_test_700-1800_cr0.95_stride100/Jinrong_90_000118/UAV/0.JPG
map2019/merge_test_700-1800_cr0.95_stride100/Jinrong_90_000119,merge_test_700-1800_cr0.95_stride100,Jinrong_90_000119,1,12,0,UAV/0.JPG,map2019/merge_test_700-1800_cr0.95_stride100/Jinrong_90_000119/UAV/0.JPG
map2019/merge_test_700-1800_cr0.95_stride100/Jinrong_90_000120,merge_test_700-1800_cr0.95_stride100,Jinrong_90_000120,1,12,0,UAV/0.JPG,map2019/merge_test_700-1800_cr0.95_stride100/Jinrong_90_000120/UAV/0.JPG
map2019/merge_test_700-1800_cr0.95_stride100/Jinrong_90_000121,merge_test_700-1800_cr0.95_stride100,Jinrong_90_000121,1,12,0,UAV/0.JPG,map2019/merge_test_700-1800_cr0.95_stride100/Jinrong_90_000121/UAV/0.JPG
map2019/merge_test_700-1800_cr0.95_stride100/Jinrong_90_000122,merge_test_700-1800_cr0.95_stride100,Jinrong_90_000122,1,12,0,UAV/0.JPG,map2019/merge_test_700-1800_cr0.95_stride100/Jinrong_90_000122/UAV/0.JPG
map2019/merge_test_700-1800_cr0.95_stride100/Jinrong_90_000123,merge_test_700-1800_cr0.95_stride100,Jinrong_90_000123,1,12,0,UAV/0.JPG,map2019/merge_test_700-1800_cr0.95_stride100/Jinrong_90_000123/UAV/0.JPG
map2019/merge_test_700-1800_cr0.95_stride100/Jinrong_90_000124,merge_test_700-1800_cr0.95_stride100,Jinrong_90_000124,1,12,0,UAV/0.JPG,map2019/merge_test_700-1800_cr0.95_stride100/Jinrong_90_000124/UAV/0.JPG
map2019/merge_test_700-1800_cr0.95_stride100/Jinrong_90_000125,merge_test_700-1800_cr0.95_stride100,Jinrong_90_000125,1,12,0,UAV/0.JPG,map2019/merge_test_700-1800_cr0.95_stride100/Jinrong_90_000125/UAV/0.JPG
map2019/merge_test_700-1800_cr0.95_stride100/Jinrong_90_000126,merge_test_700-1800_cr0.95_stride100,Jinrong_90_000126,1,12,0,UAV/0.JPG,map2019/merge_test_700-1800_cr0.95_stride100/Jinrong_90_000126/UAV/0.JPG
map2019/merge_test_700-1800_cr0.95_stride100/Jinrong_90_000127,merge_test_700-1800_cr0.95_stride100,Jinrong_90_000127,1,12,0,UAV/0.JPG,map2019/merge_test_700-1800_cr0.95_stride100/Jinrong_90_000127/UAV/0.JPG
map2019/merge_test_700-1800_cr0.95_stride100/Jinrong_90_000128,merge_test_700-1800_cr0.95_stride100,Jinrong_90_000128,1,12,0,UAV/0.JPG,map2019/merge_test_700-1800_cr0.95_stride100/Jinrong_90_000128/UAV/0.JPG
map2019/merge_test_700-1800_cr0.95_stride100/Jinrong_90_000129,merge_test_700-1800_cr0.95_stride100,Jinrong_90_000129,1,12,0,UAV/0.JPG,map2019/merge_test_700-1800_cr0.95_stride100/Jinrong_90_000129/UAV/0.JPG
map2019/merge_test_700-1800_cr0.95_stride100/Jinrong_90_000130,merge_test_700-1800_cr0.95_stride100,Jinrong_90_000130,1,12,0,UAV/0.JPG,map2019/merge_test_700-1800_cr0.95_stride100/Jinrong_90_000130/UAV/0.JPG
map2019/merge_test_700-1800_cr0.95_stride100/Jinrong_90_000131,merge_test_700-1800_cr0.95_stride100,Jinrong_90_000131,1,12,0,UAV/0.JPG,map2019/merge_test_700-1800_cr0.95_stride100/Jinrong_90_000131/UAV/0.JPG
map2019/merge_test_700-1800_cr0.95_stride100/Jinrong_90_000132,merge_test_700-1800_cr0.95_stride100,Jinrong_90_000132,1,12,0,UAV/0.JPG,map2019/merge_test_700-1800_cr0.95_stride100/Jinrong_90_000132/UAV/0.JPG
map2019/merge_test_700-1800_cr0.95_stride100/Jinrong_90_000133,merge_test_700-1800_cr0.95_stride100,Jinrong_90_000133,1,12,0,UAV/0.JPG,map2019/merge_test_700-1800_cr0.95_stride100/Jinrong_90_000133/UAV/0.JPG
map2019/merge_test_700-1800_cr0.95_stride100/Jinrong_90_000134,merge_test_700-1800_cr0.95_stride100,Jinrong_90_000134,1,12,0,UAV/0.JPG,map2019/merge_test_700-1800_cr0.95_stride100/Jinrong_90_000134/UAV/0.JPG
map2019/merge_test_700-1800_cr0.95_stride100/Jinrong_90_000135,merge_test_700-1800_cr0.95_stride100,Jinrong_90_000135,1,12,0,UAV/0.JPG,map2019/merge_test_700-1800_cr0.95_stride100/Jinrong_90_000135/UAV/0.JPG
map2019/merge_test_700-1800_cr0.95_stride100/Jinrong_90_000136,merge_test_700-1800_cr0.95_stride100,Jinrong_90_000136,1,12,0,UAV/0.JPG,map2019/merge_test_700-1800_cr0.95_stride100/Jinrong_90_000136/UAV/0.JPG
map2019/merge_test_700-1800_cr0.95_stride100/Jinrong_90_000137,merge_test_700-1800_cr0.95_stride100,Jinrong_90_000137,1,12,0,UAV/0.JPG,map2019/merge_test_700-1800_cr0.95_stride100/Jinrong_90_000137/UAV/0.JPG
map2019/merge_test_700-1800_cr0.95_stride100/Jinrong_90_000138,merge_test_700-1800_cr0.95_stride100,Jinrong_90_000138,1,12,0,UAV/0.JPG,map2019/merge_test_700-1800_cr0.95_stride100/Jinrong_90_000138/UAV/0.JPG
map2019/merge_test_700-1800_cr0.95_stride100/Jinrong_90_000139,merge_test_700-1800_cr0.95_stride100,Jinrong_90_000139,1,12,0,UAV/0.JPG,map2019/merge_test_700-1800_cr0.95_stride100/Jinrong_90_000139/UAV/0.JPG
map2019/merge_test_700-1800_cr0.95_stride100/Jinrong_90_000140,merge_test_700-1800_cr0.95_stride100,Jinrong_90_000140,1,12,0,UAV/0.JPG,map2019/merge_test_700-1800_cr0.95_stride100/Jinrong_90_000140/UAV/0.JPG
map2019/merge_test_700-1800_cr0.95_stride100/Jinrong_90_000141,merge_test_700-1800_cr0.95_stride100,Jinrong_90_000141,1,12,0,UAV/0.JPG,map2019/merge_test_700-1800_cr0.95_stride100/Jinrong_90_000141/UAV/0.JPG
map2019/merge_test_700-1800_cr0.95_stride100/Jinrong_90_000142,merge_test_700-1800_cr0.95_stride100,Jinrong_90_000142,1,12,0,UAV/0.JPG,map2019/merge_test_700-1800_cr0.95_stride100/Jinrong_90_000142/UAV/0.JPG
map2019/merge_test_700-1800_cr0.95_stride100/Jinrong_90_000143,merge_test_700-1800_cr0.95_stride100,Jinrong_90_000143,1,12,0,UAV/0.JPG,map2019/merge_test_700-1800_cr0.95_stride100/Jinrong_90_000143/UAV/0.JPG
map2019/merge_test_700-1800_cr0.95_stride100/Jinrong_90_000144,merge_test_700-1800_cr0.95_stride100,Jinrong_90_000144,1,12,0,UAV/0.JPG,map2019/merge_test_700-1800_cr0.95_stride100/Jinrong_90_000144/UAV/0.JPG
map2019/merge_test_700-1800_cr0.95_stride100/Jinrong_90_000145,merge_test_700-1800_cr0.95_stride100,Jinrong_90_000145,1,12,0,UAV/0.JPG,map2019/merge_test_700-1800_cr0.95_stride100/Jinrong_90_000145/UAV/0.JPG
map2019/merge_test_700-1800_cr0.95_stride100/Jinrong_90_000146,merge_test_700-1800_cr0.95_stride100,Jinrong_90_000146,1,12,0,UAV/0.JPG,map2019/merge_test_700-1800_cr0.95_stride100/Jinrong_90_000146/UAV/0.JPG
map2019/merge_test_700-1800_cr0.95_stride100/Jinrong_90_000147,merge_test_700-1800_cr0.95_stride100,Jinrong_90_000147,1,12,0,UAV/0.JPG,map2019/merge_test_700-1800_cr0.95_stride100/Jinrong_90_000147/UAV/0.JPG
map2019/merge_test_700-1800_cr0.95_stride100/Jinrong_90_000148,merge_test_700-1800_cr0.95_stride100,Jinrong_90_000148,1,12,0,UAV/0.JPG,map2019/merge_test_700-1800_cr0.95_stride100/Jinrong_90_000148/UAV/0.JPG
map2019/merge_test_700-1800_cr0.95_stride100/Jinrong_90_000149,merge_test_700-1800_cr0.95_stride100,Jinrong_90_000149,1,12,0,UAV/0.JPG,map2019/merge_test_700-1800_cr0.95_stride100/Jinrong_90_000149/UAV/0.JPG
map2019/merge_test_700-1800_cr0.95_stride100/Jinrong_90_000150,merge_test_700-1800_cr0.95_stride100,Jinrong_90_000150,1,12,0,UAV/0.JPG,map2019/merge_test_700-1800_cr0.95_stride100/Jinrong_90_000150/UAV/0.JPG
map2019/merge_test_700-1800_cr0.95_stride100/Jinrong_90_000151,merge_test_700-1800_cr0.95_stride100,Jinrong_90_000151,1,12,0,UAV/0.JPG,map2019/merge_test_700-1800_cr0.95_stride100/Jinrong_90_000151/UAV/0.JPG
map2019/merge_test_700-1800_cr0.95_stride100/Jinrong_90_000152,merge_test_700-1800_cr0.95_stride100,Jinrong_90_000152,1,12,0,UAV/0.JPG,map2019/merge_test_700-1800_cr0.95_stride100/Jinrong_90_000152/UAV/0.JPG
map2019/merge_test_700-1800_cr0.95_stride100/Jinrong_90_000153,merge_test_700-1800_cr0.95_stride100,Jinrong_90_000153,1,12,0,UAV/0.JPG,map2019/merge_test_700-1800_cr0.95_stride100/Jinrong_90_000153/UAV/0.JPG
map2019/merge_test_700-1800_cr0.95_stride100/Jinrong_90_000154,merge_test_700-1800_cr0.95_stride100,Jinrong_90_000154,1,12,0,UAV/0.JPG,map2019/merge_test_700-1800_cr0.95_stride100/Jinrong_90_000154/UAV/0.JPG
map2019/merge_test_700-1800_cr0.95_stride100/Jinrong_90_000155,merge_test_700-1800_cr0.95_stride100,Jinrong_90_000155,1,12,0,UAV/0.JPG,map2019/merge_test_700-1800_cr0.95_stride100/Jinrong_90_000155/UAV/0.JPG
map2019/merge_test_700-1800_cr0.95_stride100/Jinrong_90_000156,merge_test_700-1800_cr0.95_stride100,Jinrong_90_000156,1,12,0,UAV/0.JPG,map2019/merge_test_700-1800_cr0.95_stride100/Jinrong_90_000156/UAV/0.JPG
map2019/merge_test_700-1800_cr0.95_stride100/Jinrong_90_000157,merge_test_700-1800_cr0.95_stride100,Jinrong_90_000157,1,12,0,UAV/0.JPG,map2019/merge_test_700-1800_cr0.95_stride100/Jinrong_90_000157/UAV/0.JPG
map2019/merge_test_700-1800_cr0.95_stride100/Jinrong_90_000158,merge_test_700-1800_cr0.95_stride100,Jinrong_90_000158,1,12,0,UAV/0.JPG,map2019/merge_test_700-1800_cr0.95_stride100/Jinrong_90_000158/UAV/0.JPG
map2019/merge_test_700-1800_cr0.95_stride100/Jinrong_90_000159,merge_test_700-1800_cr0.95_stride100,Jinrong_90_000159,1,12,0,UAV/0.JPG,map2019/merge_test_700-1800_cr0.95_stride100/Jinrong_90_000159/UAV/0.JPG
map2019/merge_test_700-1800_cr0.95_stride100/Jinrong_90_000160,merge_test_700-1800_cr0.95_stride100,Jinrong_90_000160,1,12,0,UAV/0.JPG,map2019/merge_test_700-1800_cr0.95_stride100/Jinrong_90_000160/UAV/0.JPG
map2019/merge_test_700-1800_cr0.95_stride100/Jinrong_90_000161,merge_test_700-1800_cr0.95_stride100,Jinrong_90_000161,1,12,0,UAV/0.JPG,map2019/merge_test_700-1800_cr0.95_stride100/Jinrong_90_000161/UAV/0.JPG
map2019/merge_test_700-1800_cr0.95_stride100/Jinrong_90_000162,merge_test_700-1800_cr0.95_stride100,Jinrong_90_000162,1,12,0,UAV/0.JPG,map2019/merge_test_700-1800_cr0.95_stride100/Jinrong_90_000162/UAV/0.JPG
map2019/merge_test_700-1800_cr0.95_stride100/Jinrong_90_000163,merge_test_700-1800_cr0.95_stride100,Jinrong_90_000163,1,12,0,UAV/0.JPG,map2019/merge_test_700-1800_cr0.95_stride100/Jinrong_90_000163/UAV/0.JPG
map2019/merge_test_700-1800_cr0.95_stride100/Jinrong_90_000164,merge_test_700-1800_cr0.95_stride100,Jinrong_90_000164,1,12,0,UAV/0.JPG,map2019/merge_test_700-1800_cr0.95_stride100/Jinrong_90_000164/UAV/0.JPG
map2019/merge_test_700-1800_cr0.95_stride100/Jinrong_90_000165,merge_test_700-1800_cr0.95_stride100,Jinrong_90_000165,1,12,0,UAV/0.JPG,map2019/merge_test_700-1800_cr0.95_stride100/Jinrong_90_000165/UAV/0.JPG
map2019/merge_test_700-1800_cr0.95_stride100/Jinrong_90_000166,merge_test_700-1800_cr0.95_stride100,Jinrong_90_000166,1,12,0,UAV/0.JPG,map2019/merge_test_700-1800_cr0.95_stride100/Jinrong_90_000166/UAV/0.JPG
map2019/merge_test_700-1800_cr0.95_stride100/Jinrong_90_000167,merge_test_700-1800_cr0.95_stride100,Jinrong_90_000167,1,12,0,UAV/0.JPG,map2019/merge_test_700-1800_cr0.95_stride100/Jinrong_90_000167/UAV/0.JPG
map2019/merge_test_700-1800_cr0.95_stride100/Jinrong_90_000168,merge_test_700-1800_cr0.95_stride100,Jinrong_90_000168,1,12,0,UAV/0.JPG,map2019/merge_test_700-1800_cr0.95_stride100/Jinrong_90_000168/UAV/0.JPG
map2019/merge_test_700-1800_cr0.95_stride100/Jinrong_90_000169,merge_test_700-1800_cr0.95_stride100,Jinrong_90_000169,1,12,0,UAV/0.JPG,map2019/merge_test_700-1800_cr0.95_stride100/Jinrong_90_000169/UAV/0.JPG
map2019/merge_test_700-1800_cr0.95_stride100/Jinrong_90_000170,merge_test_700-1800_cr0.95_stride100,Jinrong_90_000170,1,12,0,UAV/0.JPG,map2019/merge_test_700-1800_cr0.95_stride100/Jinrong_90_000170/UAV/0.JPG
map2019/merge_test_700-1800_cr0.95_stride100/Jinrong_90_000171,merge_test_700-1800_cr0.95_stride100,Jinrong_90_000171,1,12,0,UAV/0.JPG,map2019/merge_test_700-1800_cr0.95_stride100/Jinrong_90_000171/UAV/0.JPG
map2019/merge_test_700-1800_cr0.95_stride100/Jinrong_90_000172,merge_test_700-1800_cr0.95_stride100,Jinrong_90_000172,1,12,0,UAV/0.JPG,map2019/merge_test_700-1800_cr0.95_stride100/Jinrong_90_000172/UAV/0.JPG
map2019/merge_test_700-1800_cr0.95_stride100/Jinrong_90_000173,merge_test_700-1800_cr0.95_stride100,Jinrong_90_000173,1,12,0,UAV/0.JPG,map2019/merge_test_700-1800_cr0.95_stride100/Jinrong_90_000173/UAV/0.JPG
map2019/merge_test_700-1800_cr0.95_stride100/Jinrong_90_000174,merge_test_700-1800_cr0.95_stride100,Jinrong_90_000174,1,12,0,UAV/0.JPG,map2019/merge_test_700-1800_cr0.95_stride100/Jinrong_90_000174/UAV/0.JPG
map2019/merge_test_700-1800_cr0.95_stride100/Jinrong_90_000175,merge_test_700-1800_cr0.95_stride100,Jinrong_90_000175,1,12,0,UAV/0.JPG,map2019/merge_test_700-1800_cr0.95_stride100/Jinrong_90_000175/UAV/0.JPG
map2019/merge_test_700-1800_cr0.95_stride100/Jinrong_90_000176,merge_test_700-1800_cr0.95_stride100,Jinrong_90_000176,1,12,0,UAV/0.JPG,map2019/merge_test_700-1800_cr0.95_stride100/Jinrong_90_000176/UAV/0.JPG
map2019/merge_test_700-1800_cr0.95_stride100/Jinrong_90_000177,merge_test_700-1800_cr0.95_stride100,Jinrong_90_000177,1,12,0,UAV/0.JPG,map2019/merge_test_700-1800_cr0.95_stride100/Jinrong_90_000177/UAV/0.JPG
map2019/merge_test_700-1800_cr0.95_stride100/Jinrong_90_000178,merge_test_700-1800_cr0.95_stride100,Jinrong_90_000178,1,12,0,UAV/0.JPG,map2019/merge_test_700-1800_cr0.95_stride100/Jinrong_90_000178/UAV/0.JPG
map2019/merge_test_700-1800_cr0.95_stride100/Jinrong_90_000179,merge_test_700-1800_cr0.95_stride100,Jinrong_90_000179,1,12,0,UAV/0.JPG,map2019/merge_test_700-1800_cr0.95_stride100/Jinrong_90_000179/UAV/0.JPG
map2019/merge_test_700-1800_cr0.95_stride100/Jinrong_90_000180,merge_test_700-1800_cr0.95_stride100,Jinrong_90_000180,1,12,0,UAV/0.JPG,map2019/merge_test_700-1800_cr0.95_stride100/Jinrong_90_000180/UAV/0.JPG
map2019/merge_test_700-1800_cr0.95_stride100/Jinrong_90_000181,merge_test_700-1800_cr0.95_stride100,Jinrong_90_000181,1,12,0,UAV/0.JPG,map2019/merge_test_700-1800_cr0.95_stride100/Jinrong_90_000181/UAV/0.JPG
map2019/merge_test_700-1800_cr0.95_stride100/Jinrong_90_000182,merge_test_700-1800_cr0.95_stride100,Jinrong_90_000182,1,12,0,UAV/0.JPG,map2019/merge_test_700-1800_cr0.95_stride100/Jinrong_90_000182/UAV/0.JPG
map2019/merge_test_700-1800_cr0.95_stride100/Jinrong_90_000183,merge_test_700-1800_cr0.95_stride100,Jinrong_90_000183,1,12,0,UAV/0.JPG,map2019/merge_test_700-1800_cr0.95_stride100/Jinrong_90_000183/UAV/0.JPG
map2019/merge_test_700-1800_cr0.95_stride100/Jinrong_90_000184,merge_test_700-1800_cr0.95_stride100,Jinrong_90_000184,1,12,0,UAV/0.JPG,map2019/merge_test_700-1800_cr0.95_stride100/Jinrong_90_000184/UAV/0.JPG
map2019/merge_test_700-1800_cr0.95_stride100/Jinrong_90_000185,merge_test_700-1800_cr0.95_stride100,Jinrong_90_000185,1,12,0,UAV/0.JPG,map2019/merge_test_700-1800_cr0.95_stride100/Jinrong_90_000185/UAV/0.JPG
map2019/merge_test_700-1800_cr0.95_stride100/Jinrong_90_000186,merge_test_700-1800_cr0.95_stride100,Jinrong_90_000186,1,12,0,UAV/0.JPG,map2019/merge_test_700-1800_cr0.95_stride100/Jinrong_90_000186/UAV/0.JPG
map2019/merge_test_700-1800_cr0.95_stride100/Jinrong_90_000187,merge_test_700-1800_cr0.95_stride100,Jinrong_90_000187,1,12,0,UAV/0.JPG,map2019/merge_test_700-1800_cr0.95_stride100/Jinrong_90_000187/UAV/0.JPG
map2019/merge_test_700-1800_cr0.95_stride100/Jinrong_90_000188,merge_test_700-1800_cr0.95_stride100,Jinrong_90_000188,1,12,0,UAV/0.JPG,map2019/merge_test_700-1800_cr0.95_stride100/Jinrong_90_000188/UAV/0.JPG
map2019/merge_test_700-1800_cr0.95_stride100/Jinrong_90_000189,merge_test_700-1800_cr0.95_stride100,Jinrong_90_000189,1,12,0,UAV/0.JPG,map2019/merge_test_700-1800_cr0.95_stride100/Jinrong_90_000189/UAV/0.JPG
map2019/merge_test_700-1800_cr0.95_stride100/Jinrong_90_000190,merge_test_700-1800_cr0.95_stride100,Jinrong_90_000190,1,12,0,UAV/0.JPG,map2019/merge_test_700-1800_cr0.95_stride100/Jinrong_90_000190/UAV/0.JPG
map2019/merge_test_700-1800_cr0.95_stride100/Jinrong_90_000191,merge_test_700-1800_cr0.95_stride100,Jinrong_90_000191,1,12,0,UAV/0.JPG,map2019/merge_test_700-1800_cr0.95_stride100/Jinrong_90_000191/UAV/0.JPG
map2019/merge_test_700-1800_cr0.95_stride100/Jinrong_90_000192,merge_test_700-1800_cr0.95_stride100,Jinrong_90_000192,1,12,0,UAV/0.JPG,map2019/merge_test_700-1800_cr0.95_stride100/Jinrong_90_000192/UAV/0.JPG
map2019/merge_test_700-1800_cr0.95_stride100/Jinrong_90_000193,merge_test_700-1800_cr0.95_stride100,Jinrong_90_000193,1,12,0,UAV/0.JPG,map2019/merge_test_700-1800_cr0.95_stride100/Jinrong_90_000193/UAV/0.JPG
map2019/merge_test_700-1800_cr0.95_stride100/Jinrong_90_000194,merge_test_700-1800_cr0.95_stride100,Jinrong_90_000194,1,12,0,UAV/0.JPG,map2019/merge_test_700-1800_cr0.95_stride100/Jinrong_90_000194/UAV/0.JPG
map2019/merge_test_700-1800_cr0.95_stride100/Jinrong_90_000195,merge_test_700-1800_cr0.95_stride100,Jinrong_90_000195,1,12,0,UAV/0.JPG,map2019/merge_test_700-1800_cr0.95_stride100/Jinrong_90_000195/UAV/0.JPG
map2019/merge_test_700-1800_cr0.95_stride100/Jinrong_90_000196,merge_test_700-1800_cr0.95_stride100,Jinrong_90_000196,1,12,0,UAV/0.JPG,map2019/merge_test_700-1800_cr0.95_stride100/Jinrong_90_000196/UAV/0.JPG
map2019/merge_test_700-1800_cr0.95_stride100/Jinrong_90_000197,merge_test_700-1800_cr0.95_stride100,Jinrong_90_000197,1,12,0,UAV/0.JPG,map2019/merge_test_700-1800_cr0.95_stride100/Jinrong_90_000197/UAV/0.JPG
map2019/merge_test_700-1800_cr0.95_stride100/Jinrong_90_000198,merge_test_700-1800_cr0.95_stride100,Jinrong_90_000198,1,12,0,UAV/0.JPG,map2019/merge_test_700-1800_cr0.95_stride100/Jinrong_90_000198/UAV/0.JPG
map2019/merge_test_700-1800_cr0.95_stride100/Jinrong_90_000199,merge_test_700-1800_cr0.95_stride100,Jinrong_90_000199,1,12,0,UAV/0.JPG,map2019/merge_test_700-1800_cr0.95_stride100/Jinrong_90_000199/UAV/0.JPG
map2019/merge_test_700-1800_cr0.95_stride100/Ligong_100_000000,merge_test_700-1800_cr0.95_stride100,Ligong_100_000000,1,12,0,UAV/0.JPG,map2019/merge_test_700-1800_cr0.95_stride100/Ligong_100_000000/UAV/0.JPG
map2019/merge_test_700-1800_cr0.95_stride100/Ligong_100_000001,merge_test_700-1800_cr0.95_stride100,Ligong_100_000001,1,12,0,UAV/0.JPG,map2019/merge_test_700-1800_cr0.95_stride100/Ligong_100_000001/UAV/0.JPG
map2019/merge_test_700-1800_cr0.95_stride100/Ligong_100_000002,merge_test_700-1800_cr0.95_stride100,Ligong_100_000002,1,12,0,UAV/0.JPG,map2019/merge_test_700-1800_cr0.95_stride100/Ligong_100_000002/UAV/0.JPG
map2019/merge_test_700-1800_cr0.95_stride100/Ligong_100_000003,merge_test_700-1800_cr0.95_stride100,Ligong_100_000003,1,12,0,UAV/0.JPG,map2019/merge_test_700-1800_cr0.95_stride100/Ligong_100_000003/UAV/0.JPG
map2019/merge_test_700-1800_cr0.95_stride100/Ligong_100_000004,merge_test_700-1800_cr0.95_stride100,Ligong_100_000004,1,12,0,UAV/0.JPG,map2019/merge_test_700-1800_cr0.95_stride100/Ligong_100_000004/UAV/0.JPG
map2019/merge_test_700-1800_cr0.95_stride100/Ligong_100_000005,merge_test_700-1800_cr0.95_stride100,Ligong_100_000005,1,12,0,UAV/0.JPG,map2019/merge_test_700-1800_cr0.95_stride100/Ligong_100_000005/UAV/0.JPG
map2019/merge_test_700-1800_cr0.95_stride100/Ligong_100_000006,merge_test_700-1800_cr0.95_stride100,Ligong_100_000006,1,12,0,UAV/0.JPG,map2019/merge_test_700-1800_cr0.95_stride100/Ligong_100_000006/UAV/0.JPG
map2019/merge_test_700-1800_cr0.95_stride100/Ligong_100_000007,merge_test_700-1800_cr0.95_stride100,Ligong_100_000007,1,12,0,UAV/0.JPG,map2019/merge_test_700-1800_cr0.95_stride100/Ligong_100_000007/UAV/0.JPG
map2019/merge_test_700-1800_cr0.95_stride100/Ligong_100_000008,merge_test_700-1800_cr0.95_stride100,Ligong_100_000008,1,12,0,UAV/0.JPG,map2019/merge_test_700-1800_cr0.95_stride100/Ligong_100_000008/UAV/0.JPG
map2019/merge_test_700-1800_cr0.95_stride100/Ligong_100_000009,merge_test_700-1800_cr0.95_stride100,Ligong_100_000009,1,12,0,UAV/0.JPG,map2019/merge_test_700-1800_cr0.95_stride100/Ligong_100_000009/UAV/0.JPG
map2019/merge_test_700-1800_cr0.95_stride100/Ligong_100_000010,merge_test_700-1800_cr0.95_stride100,Ligong_100_000010,1,12,0,UAV/0.JPG,map2019/merge_test_700-1800_cr0.95_stride100/Ligong_100_000010/UAV/0.JPG
map2019/merge_test_700-1800_cr0.95_stride100/Ligong_100_000011,merge_test_700-1800_cr0.95_stride100,Ligong_100_000011,1,12,0,UAV/0.JPG,map2019/merge_test_700-1800_cr0.95_stride100/Ligong_100_000011/UAV/0.JPG
map2019/merge_test_700-1800_cr0.95_stride100/Ligong_100_000012,merge_test_700-1800_cr0.95_stride100,Ligong_100_000012,1,12,0,UAV/0.JPG,map2019/merge_test_700-1800_cr0.95_stride100/Ligong_100_000012/UAV/0.JPG
map2019/merge_test_700-1800_cr0.95_stride100/Ligong_100_000013,merge_test_700-1800_cr0.95_stride100,Ligong_100_000013,1,12,0,UAV/0.JPG,map2019/merge_test_700-1800_cr0.95_stride100/Ligong_100_000013/UAV/0.JPG
map2019/merge_test_700-1800_cr0.95_stride100/Ligong_100_000014,merge_test_700-1800_cr0.95_stride100,Ligong_100_000014,1,12,0,UAV/0.JPG,map2019/merge_test_700-1800_cr0.95_stride100/Ligong_100_000014/UAV/0.JPG
map2019/merge_test_700-1800_cr0.95_stride100/Ligong_100_000015,merge_test_700-1800_cr0.95_stride100,Ligong_100_000015,1,12,0,UAV/0.JPG,map2019/merge_test_700-1800_cr0.95_stride100/Ligong_100_000015/UAV/0.JPG
map2019/merge_test_700-1800_cr0.95_stride100/Ligong_100_000016,merge_test_700-1800_cr0.95_stride100,Ligong_100_000016,1,12,0,UAV/0.JPG,map2019/merge_test_700-1800_cr0.95_stride100/Ligong_100_000016/UAV/0.JPG
map2019/merge_test_700-1800_cr0.95_stride100/Ligong_100_000017,merge_test_700-1800_cr0.95_stride100,Ligong_100_000017,1,12,0,UAV/0.JPG,map2019/merge_test_700-1800_cr0.95_stride100/Ligong_100_000017/UAV/0.JPG
map2019/merge_test_700-1800_cr0.95_stride100/Ligong_100_000018,merge_test_700-1800_cr0.95_stride100,Ligong_100_000018,1,12,0,UAV/0.JPG,map2019/merge_test_700-1800_cr0.95_stride100/Ligong_100_000018/UAV/0.JPG
map2019/merge_test_700-1800_cr0.95_stride100/Ligong_100_000019,merge_test_700-1800_cr0.95_stride100,Ligong_100_000019,1,12,0,UAV/0.JPG,map2019/merge_test_700-1800_cr0.95_stride100/Ligong_100_000019/UAV/0.JPG
map2019/merge_test_700-1800_cr0.95_stride100/Ligong_100_000020,merge_test_700-1800_cr0.95_stride100,Ligong_100_000020,1,12,0,UAV/0.JPG,map2019/merge_test_700-1800_cr0.95_stride100/Ligong_100_000020/UAV/0.JPG
map2019/merge_test_700-1800_cr0.95_stride100/Ligong_100_000021,merge_test_700-1800_cr0.95_stride100,Ligong_100_000021,1,12,0,UAV/0.JPG,map2019/merge_test_700-1800_cr0.95_stride100/Ligong_100_000021/UAV/0.JPG
map2019/merge_test_700-1800_cr0.95_stride100/Ligong_100_000022,merge_test_700-1800_cr0.95_stride100,Ligong_100_000022,1,12,0,UAV/0.JPG,map2019/merge_test_700-1800_cr0.95_stride100/Ligong_100_000022/UAV/0.JPG
map2019/merge_test_700-1800_cr0.95_stride100/Ligong_100_000023,merge_test_700-1800_cr0.95_stride100,Ligong_100_000023,1,12,0,UAV/0.JPG,map2019/merge_test_700-1800_cr0.95_stride100/Ligong_100_000023/UAV/0.JPG
map2019/merge_test_700-1800_cr0.95_stride100/Ligong_100_000024,merge_test_700-1800_cr0.95_stride100,Ligong_100_000024,1,12,0,UAV/0.JPG,map2019/merge_test_700-1800_cr0.95_stride100/Ligong_100_000024/UAV/0.JPG
map2019/merge_test_700-1800_cr0.95_stride100/Ligong_100_000025,merge_test_700-1800_cr0.95_stride100,Ligong_100_000025,1,12,0,UAV/0.JPG,map2019/merge_test_700-1800_cr0.95_stride100/Ligong_100_000025/UAV/0.JPG
map2019/merge_test_700-1800_cr0.95_stride100/Ligong_100_000026,merge_test_700-1800_cr0.95_stride100,Ligong_100_000026,1,12,0,UAV/0.JPG,map2019/merge_test_700-1800_cr0.95_stride100/Ligong_100_000026/UAV/0.JPG
map2019/merge_test_700-1800_cr0.95_stride100/Ligong_100_000027,merge_test_700-1800_cr0.95_stride100,Ligong_100_000027,1,12,0,UAV/0.JPG,map2019/merge_test_700-1800_cr0.95_stride100/Ligong_100_000027/UAV/0.JPG
map2019/merge_test_700-1800_cr0.95_stride100/Ligong_100_000028,merge_test_700-1800_cr0.95_stride100,Ligong_100_000028,1,12,0,UAV/0.JPG,map2019/merge_test_700-1800_cr0.95_stride100/Ligong_100_000028/UAV/0.JPG
map2019/merge_test_700-1800_cr0.95_stride100/Ligong_100_000029,merge_test_700-1800_cr0.95_stride100,Ligong_100_000029,1,12,0,UAV/0.JPG,map2019/merge_test_700-1800_cr0.95_stride100/Ligong_100_000029/UAV/0.JPG
map2019/merge_test_700-1800_cr0.95_stride100/Ligong_100_000030,merge_test_700-1800_cr0.95_stride100,Ligong_100_000030,1,12,0,UAV/0.JPG,map2019/merge_test_700-1800_cr0.95_stride100/Ligong_100_000030/UAV/0.JPG
map2019/merge_test_700-1800_cr0.95_stride100/Ligong_100_000031,merge_test_700-1800_cr0.95_stride100,Ligong_100_000031,1,12,0,UAV/0.JPG,map2019/merge_test_700-1800_cr0.95_stride100/Ligong_100_000031/UAV/0.JPG
map2019/merge_test_700-1800_cr0.95_stride100/Ligong_100_000032,merge_test_700-1800_cr0.95_stride100,Ligong_100_000032,1,12,0,UAV/0.JPG,map2019/merge_test_700-1800_cr0.95_stride100/Ligong_100_000032/UAV/0.JPG
map2019/merge_test_700-1800_cr0.95_stride100/Ligong_100_000033,merge_test_700-1800_cr0.95_stride100,Ligong_100_000033,1,12,0,UAV/0.JPG,map2019/merge_test_700-1800_cr0.95_stride100/Ligong_100_000033/UAV/0.JPG
map2019/merge_test_700-1800_cr0.95_stride100/Ligong_100_000034,merge_test_700-1800_cr0.95_stride100,Ligong_100_000034,1,12,0,UAV/0.JPG,map2019/merge_test_700-1800_cr0.95_stride100/Ligong_100_000034/UAV/0.JPG
map2019/merge_test_700-1800_cr0.95_stride100/Ligong_100_000035,merge_test_700-1800_cr0.95_stride100,Ligong_100_000035,1,12,0,UAV/0.JPG,map2019/merge_test_700-1800_cr0.95_stride100/Ligong_100_000035/UAV/0.JPG
map2019/merge_test_700-1800_cr0.95_stride100/Ligong_100_000036,merge_test_700-1800_cr0.95_stride100,Ligong_100_000036,1,12,0,UAV/0.JPG,map2019/merge_test_700-1800_cr0.95_stride100/Ligong_100_000036/UAV/0.JPG
map2019/merge_test_700-1800_cr0.95_stride100/Ligong_100_000037,merge_test_700-1800_cr0.95_stride100,Ligong_100_000037,1,12,0,UAV/0.JPG,map2019/merge_test_700-1800_cr0.95_stride100/Ligong_100_000037/UAV/0.JPG
map2019/merge_test_700-1800_cr0.95_stride100/Ligong_100_000038,merge_test_700-1800_cr0.95_stride100,Ligong_100_000038,1,12,0,UAV/0.JPG,map2019/merge_test_700-1800_cr0.95_stride100/Ligong_100_000038/UAV/0.JPG
map2019/merge_test_700-1800_cr0.95_stride100/Ligong_100_000039,merge_test_700-1800_cr0.95_stride100,Ligong_100_000039,1,12,0,UAV/0.JPG,map2019/merge_test_700-1800_cr0.95_stride100/Ligong_100_000039/UAV/0.JPG
map2019/merge_test_700-1800_cr0.95_stride100/Ligong_100_000040,merge_test_700-1800_cr0.95_stride100,Ligong_100_000040,1,12,0,UAV/0.JPG,map2019/merge_test_700-1800_cr0.95_stride100/Ligong_100_000040/UAV/0.JPG
map2019/merge_test_700-1800_cr0.95_stride100/Ligong_100_000041,merge_test_700-1800_cr0.95_stride100,Ligong_100_000041,1,12,0,UAV/0.JPG,map2019/merge_test_700-1800_cr0.95_stride100/Ligong_100_000041/UAV/0.JPG
map2019/merge_test_700-1800_cr0.95_stride100/Ligong_100_000042,merge_test_700-1800_cr0.95_stride100,Ligong_100_000042,1,12,0,UAV/0.JPG,map2019/merge_test_700-1800_cr0.95_stride100/Ligong_100_000042/UAV/0.JPG
map2019/merge_test_700-1800_cr0.95_stride100/Ligong_100_000043,merge_test_700-1800_cr0.95_stride100,Ligong_100_000043,1,12,0,UAV/0.JPG,map2019/merge_test_700-1800_cr0.95_stride100/Ligong_100_000043/UAV/0.JPG
map2019/merge_test_700-1800_cr0.95_stride100/Ligong_100_000044,merge_test_700-1800_cr0.95_stride100,Ligong_100_000044,1,12,0,UAV/0.JPG,map2019/merge_test_700-1800_cr0.95_stride100/Ligong_100_000044/UAV/0.JPG
map2019/merge_test_700-1800_cr0.95_stride100/Ligong_100_000045,merge_test_700-1800_cr0.95_stride100,Ligong_100_000045,1,12,0,UAV/0.JPG,map2019/merge_test_700-1800_cr0.95_stride100/Ligong_100_000045/UAV/0.JPG
map2019/merge_test_700-1800_cr0.95_stride100/Ligong_100_000046,merge_test_700-1800_cr0.95_stride100,Ligong_100_000046,1,12,0,UAV/0.JPG,map2019/merge_test_700-1800_cr0.95_stride100/Ligong_100_000046/UAV/0.JPG
map2019/merge_test_700-1800_cr0.95_stride100/Ligong_100_000047,merge_test_700-1800_cr0.95_stride100,Ligong_100_000047,1,12,0,UAV/0.JPG,map2019/merge_test_700-1800_cr0.95_stride100/Ligong_100_000047/UAV/0.JPG
map2019/merge_test_700-1800_cr0.95_stride100/Ligong_100_000048,merge_test_700-1800_cr0.95_stride100,Ligong_100_000048,1,12,0,UAV/0.JPG,map2019/merge_test_700-1800_cr0.95_stride100/Ligong_100_000048/UAV/0.JPG
map2019/merge_test_700-1800_cr0.95_stride100/Ligong_100_000049,merge_test_700-1800_cr0.95_stride100,Ligong_100_000049,1,12,0,UAV/0.JPG,map2019/merge_test_700-1800_cr0.95_stride100/Ligong_100_000049/UAV/0.JPG
map2019/merge_test_700-1800_cr0.95_stride100/Ligong_100_000050,merge_test_700-1800_cr0.95_stride100,Ligong_100_000050,1,12,0,UAV/0.JPG,map2019/merge_test_700-1800_cr0.95_stride100/Ligong_100_000050/UAV/0.JPG
map2019/merge_test_700-1800_cr0.95_stride100/Ligong_100_000051,merge_test_700-1800_cr0.95_stride100,Ligong_100_000051,1,12,0,UAV/0.JPG,map2019/merge_test_700-1800_cr0.95_stride100/Ligong_100_000051/UAV/0.JPG
map2019/merge_test_700-1800_cr0.95_stride100/Ligong_100_000052,merge_test_700-1800_cr0.95_stride100,Ligong_100_000052,1,12,0,UAV/0.JPG,map2019/merge_test_700-1800_cr0.95_stride100/Ligong_100_000052/UAV/0.JPG
map2019/merge_test_700-1800_cr0.95_stride100/Ligong_100_000053,merge_test_700-1800_cr0.95_stride100,Ligong_100_000053,1,12,0,UAV/0.JPG,map2019/merge_test_700-1800_cr0.95_stride100/Ligong_100_000053/UAV/0.JPG
map2019/merge_test_700-1800_cr0.95_stride100/Ligong_100_000054,merge_test_700-1800_cr0.95_stride100,Ligong_100_000054,1,12,0,UAV/0.JPG,map2019/merge_test_700-1800_cr0.95_stride100/Ligong_100_000054/UAV/0.JPG
map2019/merge_test_700-1800_cr0.95_stride100/Ligong_100_000055,merge_test_700-1800_cr0.95_stride100,Ligong_100_000055,1,12,0,UAV/0.JPG,map2019/merge_test_700-1800_cr0.95_stride100/Ligong_100_000055/UAV/0.JPG
map2019/merge_test_700-1800_cr0.95_stride100/Ligong_100_000056,merge_test_700-1800_cr0.95_stride100,Ligong_100_000056,1,12,0,UAV/0.JPG,map2019/merge_test_700-1800_cr0.95_stride100/Ligong_100_000056/UAV/0.JPG
map2019/merge_test_700-1800_cr0.95_stride100/Ligong_100_000057,merge_test_700-1800_cr0.95_stride100,Ligong_100_000057,1,12,0,UAV/0.JPG,map2019/merge_test_700-1800_cr0.95_stride100/Ligong_100_000057/UAV/0.JPG
map2019/merge_test_700-1800_cr0.95_stride100/Ligong_100_000058,merge_test_700-1800_cr0.95_stride100,Ligong_100_000058,1,12,0,UAV/0.JPG,map2019/merge_test_700-1800_cr0.95_stride100/Ligong_100_000058/UAV/0.JPG
map2019/merge_test_700-1800_cr0.95_stride100/Ligong_100_000059,merge_test_700-1800_cr0.95_stride100,Ligong_100_000059,1,12,0,UAV/0.JPG,map2019/merge_test_700-1800_cr0.95_stride100/Ligong_100_000059/UAV/0.JPG
map2019/merge_test_700-1800_cr0.95_stride100/Ligong_100_000060,merge_test_700-1800_cr0.95_stride100,Ligong_100_000060,1,12,0,UAV/0.JPG,map2019/merge_test_700-1800_cr0.95_stride100/Ligong_100_000060/UAV/0.JPG
map2019/merge_test_700-1800_cr0.95_stride100/Ligong_100_000061,merge_test_700-1800_cr0.95_stride100,Ligong_100_000061,1,12,0,UAV/0.JPG,map2019/merge_test_700-1800_cr0.95_stride100/Ligong_100_000061/UAV/0.JPG
map2019/merge_test_700-1800_cr0.95_stride100/Ligong_100_000062,merge_test_700-1800_cr0.95_stride100,Ligong_100_000062,1,12,0,UAV/0.JPG,map2019/merge_test_700-1800_cr0.95_stride100/Ligong_100_000062/UAV/0.JPG
map2019/merge_test_700-1800_cr0.95_stride100/Ligong_100_000063,merge_test_700-1800_cr0.95_stride100,Ligong_100_000063,1,12,0,UAV/0.JPG,map2019/merge_test_700-1800_cr0.95_stride100/Ligong_100_000063/UAV/0.JPG
map2019/merge_test_700-1800_cr0.95_stride100/Ligong_100_000064,merge_test_700-1800_cr0.95_stride100,Ligong_100_000064,1,12,0,UAV/0.JPG,map2019/merge_test_700-1800_cr0.95_stride100/Ligong_100_000064/UAV/0.JPG
map2019/merge_test_700-1800_cr0.95_stride100/Ligong_100_000065,merge_test_700-1800_cr0.95_stride100,Ligong_100_000065,1,12,0,UAV/0.JPG,map2019/merge_test_700-1800_cr0.95_stride100/Ligong_100_000065/UAV/0.JPG
map2019/merge_test_700-1800_cr0.95_stride100/Ligong_100_000066,merge_test_700-1800_cr0.95_stride100,Ligong_100_000066,1,12,0,UAV/0.JPG,map2019/merge_test_700-1800_cr0.95_stride100/Ligong_100_000066/UAV/0.JPG
map2019/merge_test_700-1800_cr0.95_stride100/Ligong_100_000067,merge_test_700-1800_cr0.95_stride100,Ligong_100_000067,1,12,0,UAV/0.JPG,map2019/merge_test_700-1800_cr0.95_stride100/Ligong_100_000067/UAV/0.JPG
map2019/merge_test_700-1800_cr0.95_stride100/Ligong_100_000068,merge_test_700-1800_cr0.95_stride100,Ligong_100_000068,1,12,0,UAV/0.JPG,map2019/merge_test_700-1800_cr0.95_stride100/Ligong_100_000068/UAV/0.JPG
map2019/merge_test_700-1800_cr0.95_stride100/Ligong_100_000069,merge_test_700-1800_cr0.95_stride100,Ligong_100_000069,1,12,0,UAV/0.JPG,map2019/merge_test_700-1800_cr0.95_stride100/Ligong_100_000069/UAV/0.JPG
map2019/merge_test_700-1800_cr0.95_stride100/Ligong_100_000070,merge_test_700-1800_cr0.95_stride100,Ligong_100_000070,1,12,0,UAV/0.JPG,map2019/merge_test_700-1800_cr0.95_stride100/Ligong_100_000070/UAV/0.JPG
map2019/merge_test_700-1800_cr0.95_stride100/Ligong_100_000071,merge_test_700-1800_cr0.95_stride100,Ligong_100_000071,1,12,0,UAV/0.JPG,map2019/merge_test_700-1800_cr0.95_stride100/Ligong_100_000071/UAV/0.JPG
map2019/merge_test_700-1800_cr0.95_stride100/Ligong_100_000072,merge_test_700-1800_cr0.95_stride100,Ligong_100_000072,1,12,0,UAV/0.JPG,map2019/merge_test_700-1800_cr0.95_stride100/Ligong_100_000072/UAV/0.JPG
map2019/merge_test_700-1800_cr0.95_stride100/Ligong_100_000073,merge_test_700-1800_cr0.95_stride100,Ligong_100_000073,1,12,0,UAV/0.JPG,map2019/merge_test_700-1800_cr0.95_stride100/Ligong_100_000073/UAV/0.JPG
map2019/merge_test_700-1800_cr0.95_stride100/Ligong_100_000074,merge_test_700-1800_cr0.95_stride100,Ligong_100_000074,1,12,0,UAV/0.JPG,map2019/merge_test_700-1800_cr0.95_stride100/Ligong_100_000074/UAV/0.JPG
map2019/merge_test_700-1800_cr0.95_stride100/Ligong_100_000075,merge_test_700-1800_cr0.95_stride100,Ligong_100_000075,1,12,0,UAV/0.JPG,map2019/merge_test_700-1800_cr0.95_stride100/Ligong_100_000075/UAV/0.JPG
map2019/merge_test_700-1800_cr0.95_stride100/Ligong_100_000076,merge_test_700-1800_cr0.95_stride100,Ligong_100_000076,1,12,0,UAV/0.JPG,map2019/merge_test_700-1800_cr0.95_stride100/Ligong_100_000076/UAV/0.JPG
map2019/merge_test_700-1800_cr0.95_stride100/Ligong_100_000077,merge_test_700-1800_cr0.95_stride100,Ligong_100_000077,1,12,0,UAV/0.JPG,map2019/merge_test_700-1800_cr0.95_stride100/Ligong_100_000077/UAV/0.JPG
map2019/merge_test_700-1800_cr0.95_stride100/Ligong_100_000078,merge_test_700-1800_cr0.95_stride100,Ligong_100_000078,1,12,0,UAV/0.JPG,map2019/merge_test_700-1800_cr0.95_stride100/Ligong_100_000078/UAV/0.JPG
map2019/merge_test_700-1800_cr0.95_stride100/Ligong_100_000079,merge_test_700-1800_cr0.95_stride100,Ligong_100_000079,1,12,0,UAV/0.JPG,map2019/merge_test_700-1800_cr0.95_stride100/Ligong_100_000079/UAV/0.JPG
map2019/merge_test_700-1800_cr0.95_stride100/Ligong_100_000080,merge_test_700-1800_cr0.95_stride100,Ligong_100_000080,1,12,0,UAV/0.JPG,map2019/merge_test_700-1800_cr0.95_stride100/Ligong_100_000080/UAV/0.JPG
map2019/merge_test_700-1800_cr0.95_stride100/Ligong_100_000081,merge_test_700-1800_cr0.95_stride100,Ligong_100_000081,1,12,0,UAV/0.JPG,map2019/merge_test_700-1800_cr0.95_stride100/Ligong_100_000081/UAV/0.JPG
map2019/merge_test_700-1800_cr0.95_stride100/Ligong_100_000082,merge_test_700-1800_cr0.95_stride100,Ligong_100_000082,1,12,0,UAV/0.JPG,map2019/merge_test_700-1800_cr0.95_stride100/Ligong_100_000082/UAV/0.JPG
map2019/merge_test_700-1800_cr0.95_stride100/Ligong_100_000083,merge_test_700-1800_cr0.95_stride100,Ligong_100_000083,1,12,0,UAV/0.JPG,map2019/merge_test_700-1800_cr0.95_stride100/Ligong_100_000083/UAV/0.JPG
map2019/merge_test_700-1800_cr0.95_stride100/Ligong_100_000084,merge_test_700-1800_cr0.95_stride100,Ligong_100_000084,1,12,0,UAV/0.JPG,map2019/merge_test_700-1800_cr0.95_stride100/Ligong_100_000084/UAV/0.JPG
map2019/merge_test_700-1800_cr0.95_stride100/Ligong_100_000085,merge_test_700-1800_cr0.95_stride100,Ligong_100_000085,1,12,0,UAV/0.JPG,map2019/merge_test_700-1800_cr0.95_stride100/Ligong_100_000085/UAV/0.JPG
map2019/merge_test_700-1800_cr0.95_stride100/Ligong_100_000086,merge_test_700-1800_cr0.95_stride100,Ligong_100_000086,1,12,0,UAV/0.JPG,map2019/merge_test_700-1800_cr0.95_stride100/Ligong_100_000086/UAV/0.JPG
map2019/merge_test_700-1800_cr0.95_stride100/Ligong_100_000087,merge_test_700-1800_cr0.95_stride100,Ligong_100_000087,1,12,0,UAV/0.JPG,map2019/merge_test_700-1800_cr0.95_stride100/Ligong_100_000087/UAV/0.JPG
map2019/merge_test_700-1800_cr0.95_stride100/Ligong_100_000088,merge_test_700-1800_cr0.95_stride100,Ligong_100_000088,1,12,0,UAV/0.JPG,map2019/merge_test_700-1800_cr0.95_stride100/Ligong_100_000088/UAV/0.JPG
map2019/merge_test_700-1800_cr0.95_stride100/Ligong_100_000089,merge_test_700-1800_cr0.95_stride100,Ligong_100_000089,1,12,0,UAV/0.JPG,map2019/merge_test_700-1800_cr0.95_stride100/Ligong_100_000089/UAV/0.JPG
map2019/merge_test_700-1800_cr0.95_stride100/Ligong_100_000090,merge_test_700-1800_cr0.95_stride100,Ligong_100_000090,1,12,0,UAV/0.JPG,map2019/merge_test_700-1800_cr0.95_stride100/Ligong_100_000090/UAV/0.JPG
map2019/merge_test_700-1800_cr0.95_stride100/Ligong_100_000091,merge_test_700-1800_cr0.95_stride100,Ligong_100_000091,1,12,0,UAV/0.JPG,map2019/merge_test_700-1800_cr0.95_stride100/Ligong_100_000091/UAV/0.JPG
map2019/merge_test_700-1800_cr0.95_stride100/Ligong_100_000092,merge_test_700-1800_cr0.95_stride100,Ligong_100_000092,1,12,0,UAV/0.JPG,map2019/merge_test_700-1800_cr0.95_stride100/Ligong_100_000092/UAV/0.JPG
map2019/merge_test_700-1800_cr0.95_stride100/Ligong_100_000093,merge_test_700-1800_cr0.95_stride100,Ligong_100_000093,1,12,0,UAV/0.JPG,map2019/merge_test_700-1800_cr0.95_stride100/Ligong_100_000093/UAV/0.JPG
map2019/merge_test_700-1800_cr0.95_stride100/Ligong_100_000094,merge_test_700-1800_cr0.95_stride100,Ligong_100_000094,1,12,0,UAV/0.JPG,map2019/merge_test_700-1800_cr0.95_stride100/Ligong_100_000094/UAV/0.JPG
map2019/merge_test_700-1800_cr0.95_stride100/Ligong_100_000095,merge_test_700-1800_cr0.95_stride100,Ligong_100_000095,1,12,0,UAV/0.JPG,map2019/merge_test_700-1800_cr0.95_stride100/Ligong_100_000095/UAV/0.JPG
map2019/merge_test_700-1800_cr0.95_stride100/Ligong_100_000096,merge_test_700-1800_cr0.95_stride100,Ligong_100_000096,1,12,0,UAV/0.JPG,map2019/merge_test_700-1800_cr0.95_stride100/Ligong_100_000096/UAV/0.JPG
map2019/merge_test_700-1800_cr0.95_stride100/Ligong_100_000097,merge_test_700-1800_cr0.95_stride100,Ligong_100_000097,1,12,0,UAV/0.JPG,map2019/merge_test_700-1800_cr0.95_stride100/Ligong_100_000097/UAV/0.JPG
map2019/merge_test_700-1800_cr0.95_stride100/Ligong_100_000098,merge_test_700-1800_cr0.95_stride100,Ligong_100_000098,1,12,0,UAV/0.JPG,map2019/merge_test_700-1800_cr0.95_stride100/Ligong_100_000098/UAV/0.JPG
map2019/merge_test_700-1800_cr0.95_stride100/Ligong_100_000099,merge_test_700-1800_cr0.95_stride100,Ligong_100_000099,1,12,0,UAV/0.JPG,map2019/merge_test_700-1800_cr0.95_stride100/Ligong_100_000099/UAV/0.JPG
map2019/merge_test_700-1800_cr0.95_stride100/Ligong_100_000100,merge_test_700-1800_cr0.95_stride100,Ligong_100_000100,1,12,0,UAV/0.JPG,map2019/merge_test_700-1800_cr0.95_stride100/Ligong_100_000100/UAV/0.JPG
map2019/merge_test_700-1800_cr0.95_stride100/Ligong_100_000101,merge_test_700-1800_cr0.95_stride100,Ligong_100_000101,1,12,0,UAV/0.JPG,map2019/merge_test_700-1800_cr0.95_stride100/Ligong_100_000101/UAV/0.JPG
map2019/merge_test_700-1800_cr0.95_stride100/Ligong_100_000102,merge_test_700-1800_cr0.95_stride100,Ligong_100_000102,1,12,0,UAV/0.JPG,map2019/merge_test_700-1800_cr0.95_stride100/Ligong_100_000102/UAV/0.JPG
map2019/merge_test_700-1800_cr0.95_stride100/Ligong_100_000103,merge_test_700-1800_cr0.95_stride100,Ligong_100_000103,1,12,0,UAV/0.JPG,map2019/merge_test_700-1800_cr0.95_stride100/Ligong_100_000103/UAV/0.JPG
map2019/merge_test_700-1800_cr0.95_stride100/Ligong_100_000104,merge_test_700-1800_cr0.95_stride100,Ligong_100_000104,1,12,0,UAV/0.JPG,map2019/merge_test_700-1800_cr0.95_stride100/Ligong_100_000104/UAV/0.JPG
map2019/merge_test_700-1800_cr0.95_stride100/Ligong_100_000105,merge_test_700-1800_cr0.95_stride100,Ligong_100_000105,1,12,0,UAV/0.JPG,map2019/merge_test_700-1800_cr0.95_stride100/Ligong_100_000105/UAV/0.JPG
map2019/merge_test_700-1800_cr0.95_stride100/Ligong_100_000106,merge_test_700-1800_cr0.95_stride100,Ligong_100_000106,1,12,0,UAV/0.JPG,map2019/merge_test_700-1800_cr0.95_stride100/Ligong_100_000106/UAV/0.JPG
map2019/merge_test_700-1800_cr0.95_stride100/Ligong_100_000107,merge_test_700-1800_cr0.95_stride100,Ligong_100_000107,1,12,0,UAV/0.JPG,map2019/merge_test_700-1800_cr0.95_stride100/Ligong_100_000107/UAV/0.JPG
map2019/merge_test_700-1800_cr0.95_stride100/Ligong_100_000108,merge_test_700-1800_cr0.95_stride100,Ligong_100_000108,1,12,0,UAV/0.JPG,map2019/merge_test_700-1800_cr0.95_stride100/Ligong_100_000108/UAV/0.JPG
map2019/merge_test_700-1800_cr0.95_stride100/Ligong_100_000109,merge_test_700-1800_cr0.95_stride100,Ligong_100_000109,1,12,0,UAV/0.JPG,map2019/merge_test_700-1800_cr0.95_stride100/Ligong_100_000109/UAV/0.JPG
map2019/merge_test_700-1800_cr0.95_stride100/Ligong_100_000110,merge_test_700-1800_cr0.95_stride100,Ligong_100_000110,1,12,0,UAV/0.JPG,map2019/merge_test_700-1800_cr0.95_stride100/Ligong_100_000110/UAV/0.JPG
map2019/merge_test_700-1800_cr0.95_stride100/Ligong_100_000111,merge_test_700-1800_cr0.95_stride100,Ligong_100_000111,1,12,0,UAV/0.JPG,map2019/merge_test_700-1800_cr0.95_stride100/Ligong_100_000111/UAV/0.JPG
map2019/merge_test_700-1800_cr0.95_stride100/Ligong_100_000112,merge_test_700-1800_cr0.95_stride100,Ligong_100_000112,1,12,0,UAV/0.JPG,map2019/merge_test_700-1800_cr0.95_stride100/Ligong_100_000112/UAV/0.JPG
map2019/merge_test_700-1800_cr0.95_stride100/Ligong_100_000113,merge_test_700-1800_cr0.95_stride100,Ligong_100_000113,1,12,0,UAV/0.JPG,map2019/merge_test_700-1800_cr0.95_stride100/Ligong_100_000113/UAV/0.JPG
map2019/merge_test_700-1800_cr0.95_stride100/Ligong_100_000114,merge_test_700-1800_cr0.95_stride100,Ligong_100_000114,1,12,0,UAV/0.JPG,map2019/merge_test_700-1800_cr0.95_stride100/Ligong_100_000114/UAV/0.JPG
map2019/merge_test_700-1800_cr0.95_stride100/Ligong_100_000115,merge_test_700-1800_cr0.95_stride100,Ligong_100_000115,1,12,0,UAV/0.JPG,map2019/merge_test_700-1800_cr0.95_stride100/Ligong_100_000115/UAV/0.JPG
map2019/merge_test_700-1800_cr0.95_stride100/Ligong_100_000116,merge_test_700-1800_cr0.95_stride100,Ligong_100_000116,1,12,0,UAV/0.JPG,map2019/merge_test_700-1800_cr0.95_stride100/Ligong_100_000116/UAV/0.JPG
map2019/merge_test_700-1800_cr0.95_stride100/Ligong_100_000117,merge_test_700-1800_cr0.95_stride100,Ligong_100_000117,1,12,0,UAV/0.JPG,map2019/merge_test_700-1800_cr0.95_stride100/Ligong_100_000117/UAV/0.JPG
map2019/merge_test_700-1800_cr0.95_stride100/Ligong_100_000118,merge_test_700-1800_cr0.95_stride100,Ligong_100_000118,1,12,0,UAV/0.JPG,map2019/merge_test_700-1800_cr0.95_stride100/Ligong_100_000118/UAV/0.JPG
map2019/merge_test_700-1800_cr0.95_stride100/Ligong_100_000119,merge_test_700-1800_cr0.95_stride100,Ligong_100_000119,1,12,0,UAV/0.JPG,map2019/merge_test_700-1800_cr0.95_stride100/Ligong_100_000119/UAV/0.JPG
map2019/merge_test_700-1800_cr0.95_stride100/Ligong_100_000120,merge_test_700-1800_cr0.95_stride100,Ligong_100_000120,1,12,0,UAV/0.JPG,map2019/merge_test_700-1800_cr0.95_stride100/Ligong_100_000120/UAV/0.JPG
map2019/merge_test_700-1800_cr0.95_stride100/Ligong_100_000121,merge_test_700-1800_cr0.95_stride100,Ligong_100_000121,1,12,0,UAV/0.JPG,map2019/merge_test_700-1800_cr0.95_stride100/Ligong_100_000121/UAV/0.JPG
map2019/merge_test_700-1800_cr0.95_stride100/Ligong_100_000122,merge_test_700-1800_cr0.95_stride100,Ligong_100_000122,1,12,0,UAV/0.JPG,map2019/merge_test_700-1800_cr0.95_stride100/Ligong_100_000122/UAV/0.JPG
map2019/merge_test_700-1800_cr0.95_stride100/Ligong_100_000123,merge_test_700-1800_cr0.95_stride100,Ligong_100_000123,1,12,0,UAV/0.JPG,map2019/merge_test_700-1800_cr0.95_stride100/Ligong_100_000123/UAV/0.JPG
map2019/merge_test_700-1800_cr0.95_stride100/Ligong_100_000124,merge_test_700-1800_cr0.95_stride100,Ligong_100_000124,1,12,0,UAV/0.JPG,map2019/merge_test_700-1800_cr0.95_stride100/Ligong_100_000124/UAV/0.JPG
map2019/merge_test_700-1800_cr0.95_stride100/Ligong_100_000125,merge_test_700-1800_cr0.95_stride100,Ligong_100_000125,1,12,0,UAV/0.JPG,map2019/merge_test_700-1800_cr0.95_stride100/Ligong_100_000125/UAV/0.JPG
map2019/merge_test_700-1800_cr0.95_stride100/Ligong_100_000126,merge_test_700-1800_cr0.95_stride100,Ligong_100_000126,1,12,0,UAV/0.JPG,map2019/merge_test_700-1800_cr0.95_stride100/Ligong_100_000126/UAV/0.JPG
map2019/merge_test_700-1800_cr0.95_stride100/Ligong_100_000127,merge_test_700-1800_cr0.95_stride100,Ligong_100_000127,1,12,0,UAV/0.JPG,map2019/merge_test_700-1800_cr0.95_stride100/Ligong_100_000127/UAV/0.JPG
map2019/merge_test_700-1800_cr0.95_stride100/Ligong_100_000128,merge_test_700-1800_cr0.95_stride100,Ligong_100_000128,1,12,0,UAV/0.JPG,map2019/merge_test_700-1800_cr0.95_stride100/Ligong_100_000128/UAV/0.JPG
map2019/merge_test_700-1800_cr0.95_stride100/Ligong_100_000129,merge_test_700-1800_cr0.95_stride100,Ligong_100_000129,1,12,0,UAV/0.JPG,map2019/merge_test_700-1800_cr0.95_stride100/Ligong_100_000129/UAV/0.JPG
map2019/merge_test_700-1800_cr0.95_stride100/Ligong_100_000130,merge_test_700-1800_cr0.95_stride100,Ligong_100_000130,1,12,0,UAV/0.JPG,map2019/merge_test_700-1800_cr0.95_stride100/Ligong_100_000130/UAV/0.JPG
map2019/merge_test_700-1800_cr0.95_stride100/Ligong_100_000131,merge_test_700-1800_cr0.95_stride100,Ligong_100_000131,1,12,0,UAV/0.JPG,map2019/merge_test_700-1800_cr0.95_stride100/Ligong_100_000131/UAV/0.JPG
map2019/merge_test_700-1800_cr0.95_stride100/Ligong_100_000132,merge_test_700-1800_cr0.95_stride100,Ligong_100_000132,1,12,0,UAV/0.JPG,map2019/merge_test_700-1800_cr0.95_stride100/Ligong_100_000132/UAV/0.JPG
map2019/merge_test_700-1800_cr0.95_stride100/Ligong_100_000133,merge_test_700-1800_cr0.95_stride100,Ligong_100_000133,1,12,0,UAV/0.JPG,map2019/merge_test_700-1800_cr0.95_stride100/Ligong_100_000133/UAV/0.JPG
map2019/merge_test_700-1800_cr0.95_stride100/Ligong_100_000134,merge_test_700-1800_cr0.95_stride100,Ligong_100_000134,1,12,0,UAV/0.JPG,map2019/merge_test_700-1800_cr0.95_stride100/Ligong_100_000134/UAV/0.JPG
map2019/merge_test_700-1800_cr0.95_stride100/Ligong_100_000135,merge_test_700-1800_cr0.95_stride100,Ligong_100_000135,1,12,0,UAV/0.JPG,map2019/merge_test_700-1800_cr0.95_stride100/Ligong_100_000135/UAV/0.JPG
map2019/merge_test_700-1800_cr0.95_stride100/Ligong_100_000136,merge_test_700-1800_cr0.95_stride100,Ligong_100_000136,1,12,0,UAV/0.JPG,map2019/merge_test_700-1800_cr0.95_stride100/Ligong_100_000136/UAV/0.JPG
map2019/merge_test_700-1800_cr0.95_stride100/Ligong_100_000137,merge_test_700-1800_cr0.95_stride100,Ligong_100_000137,1,12,0,UAV/0.JPG,map2019/merge_test_700-1800_cr0.95_stride100/Ligong_100_000137/UAV/0.JPG
map2019/merge_test_700-1800_cr0.95_stride100/Ligong_100_000138,merge_test_700-1800_cr0.95_stride100,Ligong_100_000138,1,12,0,UAV/0.JPG,map2019/merge_test_700-1800_cr0.95_stride100/Ligong_100_000138/UAV/0.JPG
map2019/merge_test_700-1800_cr0.95_stride100/Ligong_100_000139,merge_test_700-1800_cr0.95_stride100,Ligong_100_000139,1,12,0,UAV/0.JPG,map2019/merge_test_700-1800_cr0.95_stride100/Ligong_100_000139/UAV/0.JPG
map2019/merge_test_700-1800_cr0.95_stride100/Ligong_100_000140,merge_test_700-1800_cr0.95_stride100,Ligong_100_000140,1,12,0,UAV/0.JPG,map2019/merge_test_700-1800_cr0.95_stride100/Ligong_100_000140/UAV/0.JPG
map2019/merge_test_700-1800_cr0.95_stride100/Ligong_100_000141,merge_test_700-1800_cr0.95_stride100,Ligong_100_000141,1,12,0,UAV/0.JPG,map2019/merge_test_700-1800_cr0.95_stride100/Ligong_100_000141/UAV/0.JPG
map2019/merge_test_700-1800_cr0.95_stride100/Ligong_100_000142,merge_test_700-1800_cr0.95_stride100,Ligong_100_000142,1,12,0,UAV/0.JPG,map2019/merge_test_700-1800_cr0.95_stride100/Ligong_100_000142/UAV/0.JPG
map2019/merge_test_700-1800_cr0.95_stride100/Ligong_100_000143,merge_test_700-1800_cr0.95_stride100,Ligong_100_000143,1,12,0,UAV/0.JPG,map2019/merge_test_700-1800_cr0.95_stride100/Ligong_100_000143/UAV/0.JPG
map2019/merge_test_700-1800_cr0.95_stride100/Ligong_100_000144,merge_test_700-1800_cr0.95_stride100,Ligong_100_000144,1,12,0,UAV/0.JPG,map2019/merge_test_700-1800_cr0.95_stride100/Ligong_100_000144/UAV/0.JPG
map2019/merge_test_700-1800_cr0.95_stride100/Ligong_100_000145,merge_test_700-1800_cr0.95_stride100,Ligong_100_000145,1,12,0,UAV/0.JPG,map2019/merge_test_700-1800_cr0.95_stride100/Ligong_100_000145/UAV/0.JPG
map2019/merge_test_700-1800_cr0.95_stride100/Ligong_100_000146,merge_test_700-1800_cr0.95_stride100,Ligong_100_000146,1,12,0,UAV/0.JPG,map2019/merge_test_700-1800_cr0.95_stride100/Ligong_100_000146/UAV/0.JPG
map2019/merge_test_700-1800_cr0.95_stride100/Ligong_100_000147,merge_test_700-1800_cr0.95_stride100,Ligong_100_000147,1,12,0,UAV/0.JPG,map2019/merge_test_700-1800_cr0.95_stride100/Ligong_100_000147/UAV/0.JPG
map2019/merge_test_700-1800_cr0.95_stride100/Ligong_100_000148,merge_test_700-1800_cr0.95_stride100,Ligong_100_000148,1,12,0,UAV/0.JPG,map2019/merge_test_700-1800_cr0.95_stride100/Ligong_100_000148/UAV/0.JPG
map2019/merge_test_700-1800_cr0.95_stride100/Ligong_100_000149,merge_test_700-1800_cr0.95_stride100,Ligong_100_000149,1,12,0,UAV/0.JPG,map2019/merge_test_700-1800_cr0.95_stride100/Ligong_100_000149/UAV/0.JPG
map2019/merge_test_700-1800_cr0.95_stride100/Ligong_100_000150,merge_test_700-1800_cr0.95_stride100,Ligong_100_000150,1,12,0,UAV/0.JPG,map2019/merge_test_700-1800_cr0.95_stride100/Ligong_100_000150/UAV/0.JPG
map2019/merge_test_700-1800_cr0.95_stride100/Ligong_100_000151,merge_test_700-1800_cr0.95_stride100,Ligong_100_000151,1,12,0,UAV/0.JPG,map2019/merge_test_700-1800_cr0.95_stride100/Ligong_100_000151/UAV/0.JPG
map2019/merge_test_700-1800_cr0.95_stride100/Ligong_100_000152,merge_test_700-1800_cr0.95_stride100,Ligong_100_000152,1,12,0,UAV/0.JPG,map2019/merge_test_700-1800_cr0.95_stride100/Ligong_100_000152/UAV/0.JPG
map2019/merge_test_700-1800_cr0.95_stride100/Ligong_100_000153,merge_test_700-1800_cr0.95_stride100,Ligong_100_000153,1,12,0,UAV/0.JPG,map2019/merge_test_700-1800_cr0.95_stride100/Ligong_100_000153/UAV/0.JPG
map2019/merge_test_700-1800_cr0.95_stride100/Ligong_100_000154,merge_test_700-1800_cr0.95_stride100,Ligong_100_000154,1,12,0,UAV/0.JPG,map2019/merge_test_700-1800_cr0.95_stride100/Ligong_100_000154/UAV/0.JPG
map2019/merge_test_700-1800_cr0.95_stride100/Ligong_100_000155,merge_test_700-1800_cr0.95_stride100,Ligong_100_000155,1,12,0,UAV/0.JPG,map2019/merge_test_700-1800_cr0.95_stride100/Ligong_100_000155/UAV/0.JPG
map2019/merge_test_700-1800_cr0.95_stride100/Ligong_100_000156,merge_test_700-1800_cr0.95_stride100,Ligong_100_000156,1,12,0,UAV/0.JPG,map2019/merge_test_700-1800_cr0.95_stride100/Ligong_100_000156/UAV/0.JPG
map2019/merge_test_700-1800_cr0.95_stride100/Ligong_100_000157,merge_test_700-1800_cr0.95_stride100,Ligong_100_000157,1,12,0,UAV/0.JPG,map2019/merge_test_700-1800_cr0.95_stride100/Ligong_100_000157/UAV/0.JPG
map2019/merge_test_700-1800_cr0.95_stride100/Ligong_100_000158,merge_test_700-1800_cr0.95_stride100,Ligong_100_000158,1,12,0,UAV/0.JPG,map2019/merge_test_700-1800_cr0.95_stride100/Ligong_100_000158/UAV/0.JPG
map2019/merge_test_700-1800_cr0.95_stride100/Ligong_100_000159,merge_test_700-1800_cr0.95_stride100,Ligong_100_000159,1,12,0,UAV/0.JPG,map2019/merge_test_700-1800_cr0.95_stride100/Ligong_100_000159/UAV/0.JPG
map2019/merge_test_700-1800_cr0.95_stride100/Ligong_100_000160,merge_test_700-1800_cr0.95_stride100,Ligong_100_000160,1,12,0,UAV/0.JPG,map2019/merge_test_700-1800_cr0.95_stride100/Ligong_100_000160/UAV/0.JPG
map2019/merge_test_700-1800_cr0.95_stride100/Ligong_100_000161,merge_test_700-1800_cr0.95_stride100,Ligong_100_000161,1,12,0,UAV/0.JPG,map2019/merge_test_700-1800_cr0.95_stride100/Ligong_100_000161/UAV/0.JPG
map2019/merge_test_700-1800_cr0.95_stride100/Ligong_100_000162,merge_test_700-1800_cr0.95_stride100,Ligong_100_000162,1,12,0,UAV/0.JPG,map2019/merge_test_700-1800_cr0.95_stride100/Ligong_100_000162/UAV/0.JPG
map2019/merge_test_700-1800_cr0.95_stride100/Ligong_100_000163,merge_test_700-1800_cr0.95_stride100,Ligong_100_000163,1,12,0,UAV/0.JPG,map2019/merge_test_700-1800_cr0.95_stride100/Ligong_100_000163/UAV/0.JPG
map2019/merge_test_700-1800_cr0.95_stride100/Ligong_100_000164,merge_test_700-1800_cr0.95_stride100,Ligong_100_000164,1,12,0,UAV/0.JPG,map2019/merge_test_700-1800_cr0.95_stride100/Ligong_100_000164/UAV/0.JPG
map2019/merge_test_700-1800_cr0.95_stride100/Ligong_100_000165,merge_test_700-1800_cr0.95_stride100,Ligong_100_000165,1,12,0,UAV/0.JPG,map2019/merge_test_700-1800_cr0.95_stride100/Ligong_100_000165/UAV/0.JPG
map2019/merge_test_700-1800_cr0.95_stride100/Ligong_100_000166,merge_test_700-1800_cr0.95_stride100,Ligong_100_000166,1,12,0,UAV/0.JPG,map2019/merge_test_700-1800_cr0.95_stride100/Ligong_100_000166/UAV/0.JPG
map2019/merge_test_700-1800_cr0.95_stride100/Ligong_100_000167,merge_test_700-1800_cr0.95_stride100,Ligong_100_000167,1,12,0,UAV/0.JPG,map2019/merge_test_700-1800_cr0.95_stride100/Ligong_100_000167/UAV/0.JPG
map2019/merge_test_700-1800_cr0.95_stride100/Ligong_100_000168,merge_test_700-1800_cr0.95_stride100,Ligong_100_000168,1,12,0,UAV/0.JPG,map2019/merge_test_700-1800_cr0.95_stride100/Ligong_100_000168/UAV/0.JPG
map2019/merge_test_700-1800_cr0.95_stride100/Ligong_100_000169,merge_test_700-1800_cr0.95_stride100,Ligong_100_000169,1,12,0,UAV/0.JPG,map2019/merge_test_700-1800_cr0.95_stride100/Ligong_100_000169/UAV/0.JPG
map2019/merge_test_700-1800_cr0.95_stride100/Ligong_100_000170,merge_test_700-1800_cr0.95_stride100,Ligong_100_000170,1,12,0,UAV/0.JPG,map2019/merge_test_700-1800_cr0.95_stride100/Ligong_100_000170/UAV/0.JPG
map2019/merge_test_700-1800_cr0.95_stride100/Ligong_100_000171,merge_test_700-1800_cr0.95_stride100,Ligong_100_000171,1,12,0,UAV/0.JPG,map2019/merge_test_700-1800_cr0.95_stride100/Ligong_100_000171/UAV/0.JPG
map2019/merge_test_700-1800_cr0.95_stride100/Ligong_100_000172,merge_test_700-1800_cr0.95_stride100,Ligong_100_000172,1,12,0,UAV/0.JPG,map2019/merge_test_700-1800_cr0.95_stride100/Ligong_100_000172/UAV/0.JPG
map2019/merge_test_700-1800_cr0.95_stride100/Ligong_100_000173,merge_test_700-1800_cr0.95_stride100,Ligong_100_000173,1,12,0,UAV/0.JPG,map2019/merge_test_700-1800_cr0.95_stride100/Ligong_100_000173/UAV/0.JPG
map2019/merge_test_700-1800_cr0.95_stride100/Ligong_100_000174,merge_test_700-1800_cr0.95_stride100,Ligong_100_000174,1,12,0,UAV/0.JPG,map2019/merge_test_700-1800_cr0.95_stride100/Ligong_100_000174/UAV/0.JPG
map2019/merge_test_700-1800_cr0.95_stride100/Ligong_100_000175,merge_test_700-1800_cr0.95_stride100,Ligong_100_000175,1,12,0,UAV/0.JPG,map2019/merge_test_700-1800_cr0.95_stride100/Ligong_100_000175/UAV/0.JPG
map2019/merge_test_700-1800_cr0.95_stride100/Ligong_100_000176,merge_test_700-1800_cr0.95_stride100,Ligong_100_000176,1,12,0,UAV/0.JPG,map2019/merge_test_700-1800_cr0.95_stride100/Ligong_100_000176/UAV/0.JPG
map2019/merge_test_700-1800_cr0.95_stride100/Ligong_100_000177,merge_test_700-1800_cr0.95_stride100,Ligong_100_000177,1,12,0,UAV/0.JPG,map2019/merge_test_700-1800_cr0.95_stride100/Ligong_100_000177/UAV/0.JPG
map2019/merge_test_700-1800_cr0.95_stride100/Ligong_100_000178,merge_test_700-1800_cr0.95_stride100,Ligong_100_000178,1,12,0,UAV/0.JPG,map2019/merge_test_700-1800_cr0.95_stride100/Ligong_100_000178/UAV/0.JPG
map2019/merge_test_700-1800_cr0.95_stride100/Ligong_100_000179,merge_test_700-1800_cr0.95_stride100,Ligong_100_000179,1,12,0,UAV/0.JPG,map2019/merge_test_700-1800_cr0.95_stride100/Ligong_100_000179/UAV/0.JPG
map2019/merge_test_700-1800_cr0.95_stride100/Ligong_100_000180,merge_test_700-1800_cr0.95_stride100,Ligong_100_000180,1,12,0,UAV/0.JPG,map2019/merge_test_700-1800_cr0.95_stride100/Ligong_100_000180/UAV/0.JPG
map2019/merge_test_700-1800_cr0.95_stride100/Ligong_100_000181,merge_test_700-1800_cr0.95_stride100,Ligong_100_000181,1,12,0,UAV/0.JPG,map2019/merge_test_700-1800_cr0.95_stride100/Ligong_100_000181/UAV/0.JPG
map2019/merge_test_700-1800_cr0.95_stride100/Ligong_100_000182,merge_test_700-1800_cr0.95_stride100,Ligong_100_000182,1,12,0,UAV/0.JPG,map2019/merge_test_700-1800_cr0.95_stride100/Ligong_100_000182/UAV/0.JPG
map2019/merge_test_700-1800_cr0.95_stride100/Ligong_100_000183,merge_test_700-1800_cr0.95_stride100,Ligong_100_000183,1,12,0,UAV/0.JPG,map2019/merge_test_700-1800_cr0.95_stride100/Ligong_100_000183/UAV/0.JPG
map2019/merge_test_700-1800_cr0.95_stride100/Ligong_100_000184,merge_test_700-1800_cr0.95_stride100,Ligong_100_000184,1,12,0,UAV/0.JPG,map2019/merge_test_700-1800_cr0.95_stride100/Ligong_100_000184/UAV/0.JPG
map2019/merge_test_700-1800_cr0.95_stride100/Ligong_100_000185,merge_test_700-1800_cr0.95_stride100,Ligong_100_000185,1,12,0,UAV/0.JPG,map2019/merge_test_700-1800_cr0.95_stride100/Ligong_100_000185/UAV/0.JPG
map2019/merge_test_700-1800_cr0.95_stride100/Ligong_100_000186,merge_test_700-1800_cr0.95_stride100,Ligong_100_000186,1,12,0,UAV/0.JPG,map2019/merge_test_700-1800_cr0.95_stride100/Ligong_100_000186/UAV/0.JPG
map2019/merge_test_700-1800_cr0.95_stride100/Ligong_100_000187,merge_test_700-1800_cr0.95_stride100,Ligong_100_000187,1,12,0,UAV/0.JPG,map2019/merge_test_700-1800_cr0.95_stride100/Ligong_100_000187/UAV/0.JPG
map2019/merge_test_700-1800_cr0.95_stride100/Ligong_100_000188,merge_test_700-1800_cr0.95_stride100,Ligong_100_000188,1,12,0,UAV/0.JPG,map2019/merge_test_700-1800_cr0.95_stride100/Ligong_100_000188/UAV/0.JPG
map2019/merge_test_700-1800_cr0.95_stride100/Ligong_100_000189,merge_test_700-1800_cr0.95_stride100,Ligong_100_000189,1,12,0,UAV/0.JPG,map2019/merge_test_700-1800_cr0.95_stride100/Ligong_100_000189/UAV/0.JPG
map2019/merge_test_700-1800_cr0.95_stride100/Ligong_100_000190,merge_test_700-1800_cr0.95_stride100,Ligong_100_000190,1,12,0,UAV/0.JPG,map2019/merge_test_700-1800_cr0.95_stride100/Ligong_100_000190/UAV/0.JPG
map2019/merge_test_700-1800_cr0.95_stride100/Ligong_100_000191,merge_test_700-1800_cr0.95_stride100,Ligong_100_000191,1,12,0,UAV/0.JPG,map2019/merge_test_700-1800_cr0.95_stride100/Ligong_100_000191/UAV/0.JPG
map2019/merge_test_700-1800_cr0.95_stride100/Ligong_100_000192,merge_test_700-1800_cr0.95_stride100,Ligong_100_000192,1,12,0,UAV/0.JPG,map2019/merge_test_700-1800_cr0.95_stride100/Ligong_100_000192/UAV/0.JPG
map2019/merge_test_700-1800_cr0.95_stride100/Ligong_100_000193,merge_test_700-1800_cr0.95_stride100,Ligong_100_000193,1,12,0,UAV/0.JPG,map2019/merge_test_700-1800_cr0.95_stride100/Ligong_100_000193/UAV/0.JPG
map2019/merge_test_700-1800_cr0.95_stride100/Ligong_100_000194,merge_test_700-1800_cr0.95_stride100,Ligong_100_000194,1,12,0,UAV/0.JPG,map2019/merge_test_700-1800_cr0.95_stride100/Ligong_100_000194/UAV/0.JPG
map2019/merge_test_700-1800_cr0.95_stride100/Ligong_100_000195,merge_test_700-1800_cr0.95_stride100,Ligong_100_000195,1,12,0,UAV/0.JPG,map2019/merge_test_700-1800_cr0.95_stride100/Ligong_100_000195/UAV/0.JPG
map2019/merge_test_700-1800_cr0.95_stride100/Ligong_100_000196,merge_test_700-1800_cr0.95_stride100,Ligong_100_000196,1,12,0,UAV/0.JPG,map2019/merge_test_700-1800_cr0.95_stride100/Ligong_100_000196/UAV/0.JPG
map2019/merge_test_700-1800_cr0.95_stride100/Ligong_100_000197,merge_test_700-1800_cr0.95_stride100,Ligong_100_000197,1,12,0,UAV/0.JPG,map2019/merge_test_700-1800_cr0.95_stride100/Ligong_100_000197/UAV/0.JPG
map2019/merge_test_700-1800_cr0.95_stride100/Ligong_100_000198,merge_test_700-1800_cr0.95_stride100,Ligong_100_000198,1,12,0,UAV/0.JPG,map2019/merge_test_700-1800_cr0.95_stride100/Ligong_100_000198/UAV/0.JPG
map2019/merge_test_700-1800_cr0.95_stride100/Ligong_100_000199,merge_test_700-1800_cr0.95_stride100,Ligong_100_000199,1,12,0,UAV/0.JPG,map2019/merge_test_700-1800_cr0.95_stride100/Ligong_100_000199/UAV/0.JPG
map2019/merge_test_700-1800_cr0.95_stride100/Ligong_80_000000,merge_test_700-1800_cr0.95_stride100,Ligong_80_000000,1,12,0,UAV/0.JPG,map2019/merge_test_700-1800_cr0.95_stride100/Ligong_80_000000/UAV/0.JPG
map2019/merge_test_700-1800_cr0.95_stride100/Ligong_80_000001,merge_test_700-1800_cr0.95_stride100,Ligong_80_000001,1,12,0,UAV/0.JPG,map2019/merge_test_700-1800_cr0.95_stride100/Ligong_80_000001/UAV/0.JPG
map2019/merge_test_700-1800_cr0.95_stride100/Ligong_80_000002,merge_test_700-1800_cr0.95_stride100,Ligong_80_000002,1,12,0,UAV/0.JPG,map2019/merge_test_700-1800_cr0.95_stride100/Ligong_80_000002/UAV/0.JPG
map2019/merge_test_700-1800_cr0.95_stride100/Ligong_80_000003,merge_test_700-1800_cr0.95_stride100,Ligong_80_000003,1,12,0,UAV/0.JPG,map2019/merge_test_700-1800_cr0.95_stride100/Ligong_80_000003/UAV/0.JPG
map2019/merge_test_700-1800_cr0.95_stride100/Ligong_80_000004,merge_test_700-1800_cr0.95_stride100,Ligong_80_000004,1,12,0,UAV/0.JPG,map2019/merge_test_700-1800_cr0.95_stride100/Ligong_80_000004/UAV/0.JPG
map2019/merge_test_700-1800_cr0.95_stride100/Ligong_80_000005,merge_test_700-1800_cr0.95_stride100,Ligong_80_000005,1,12,0,UAV/0.JPG,map2019/merge_test_700-1800_cr0.95_stride100/Ligong_80_000005/UAV/0.JPG
map2019/merge_test_700-1800_cr0.95_stride100/Ligong_80_000006,merge_test_700-1800_cr0.95_stride100,Ligong_80_000006,1,12,0,UAV/0.JPG,map2019/merge_test_700-1800_cr0.95_stride100/Ligong_80_000006/UAV/0.JPG
map2019/merge_test_700-1800_cr0.95_stride100/Ligong_80_000007,merge_test_700-1800_cr0.95_stride100,Ligong_80_000007,1,12,0,UAV/0.JPG,map2019/merge_test_700-1800_cr0.95_stride100/Ligong_80_000007/UAV/0.JPG
map2019/merge_test_700-1800_cr0.95_stride100/Ligong_80_000008,merge_test_700-1800_cr0.95_stride100,Ligong_80_000008,1,12,0,UAV/0.JPG,map2019/merge_test_700-1800_cr0.95_stride100/Ligong_80_000008/UAV/0.JPG
map2019/merge_test_700-1800_cr0.95_stride100/Ligong_80_000009,merge_test_700-1800_cr0.95_stride100,Ligong_80_000009,1,12,0,UAV/0.JPG,map2019/merge_test_700-1800_cr0.95_stride100/Ligong_80_000009/UAV/0.JPG
map2019/merge_test_700-1800_cr0.95_stride100/Ligong_80_000010,merge_test_700-1800_cr0.95_stride100,Ligong_80_000010,1,12,0,UAV/0.JPG,map2019/merge_test_700-1800_cr0.95_stride100/Ligong_80_000010/UAV/0.JPG
map2019/merge_test_700-1800_cr0.95_stride100/Ligong_80_000011,merge_test_700-1800_cr0.95_stride100,Ligong_80_000011,1,12,0,UAV/0.JPG,map2019/merge_test_700-1800_cr0.95_stride100/Ligong_80_000011/UAV/0.JPG
map2019/merge_test_700-1800_cr0.95_stride100/Ligong_80_000012,merge_test_700-1800_cr0.95_stride100,Ligong_80_000012,1,12,0,UAV/0.JPG,map2019/merge_test_700-1800_cr0.95_stride100/Ligong_80_000012/UAV/0.JPG
map2019/merge_test_700-1800_cr0.95_stride100/Ligong_80_000013,merge_test_700-1800_cr0.95_stride100,Ligong_80_000013,1,12,0,UAV/0.JPG,map2019/merge_test_700-1800_cr0.95_stride100/Ligong_80_000013/UAV/0.JPG
map2019/merge_test_700-1800_cr0.95_stride100/Ligong_80_000014,merge_test_700-1800_cr0.95_stride100,Ligong_80_000014,1,12,0,UAV/0.JPG,map2019/merge_test_700-1800_cr0.95_stride100/Ligong_80_000014/UAV/0.JPG
map2019/merge_test_700-1800_cr0.95_stride100/Ligong_80_000015,merge_test_700-1800_cr0.95_stride100,Ligong_80_000015,1,12,0,UAV/0.JPG,map2019/merge_test_700-1800_cr0.95_stride100/Ligong_80_000015/UAV/0.JPG
map2019/merge_test_700-1800_cr0.95_stride100/Ligong_80_000016,merge_test_700-1800_cr0.95_stride100,Ligong_80_000016,1,12,0,UAV/0.JPG,map2019/merge_test_700-1800_cr0.95_stride100/Ligong_80_000016/UAV/0.JPG
map2019/merge_test_700-1800_cr0.95_stride100/Ligong_80_000017,merge_test_700-1800_cr0.95_stride100,Ligong_80_000017,1,12,0,UAV/0.JPG,map2019/merge_test_700-1800_cr0.95_stride100/Ligong_80_000017/UAV/0.JPG
map2019/merge_test_700-1800_cr0.95_stride100/Ligong_80_000018,merge_test_700-1800_cr0.95_stride100,Ligong_80_000018,1,12,0,UAV/0.JPG,map2019/merge_test_700-1800_cr0.95_stride100/Ligong_80_000018/UAV/0.JPG
map2019/merge_test_700-1800_cr0.95_stride100/Ligong_80_000019,merge_test_700-1800_cr0.95_stride100,Ligong_80_000019,1,12,0,UAV/0.JPG,map2019/merge_test_700-1800_cr0.95_stride100/Ligong_80_000019/UAV/0.JPG
map2019/merge_test_700-1800_cr0.95_stride100/Ligong_80_000020,merge_test_700-1800_cr0.95_stride100,Ligong_80_000020,1,12,0,UAV/0.JPG,map2019/merge_test_700-1800_cr0.95_stride100/Ligong_80_000020/UAV/0.JPG
map2019/merge_test_700-1800_cr0.95_stride100/Ligong_80_000021,merge_test_700-1800_cr0.95_stride100,Ligong_80_000021,1,12,0,UAV/0.JPG,map2019/merge_test_700-1800_cr0.95_stride100/Ligong_80_000021/UAV/0.JPG
map2019/merge_test_700-1800_cr0.95_stride100/Ligong_80_000022,merge_test_700-1800_cr0.95_stride100,Ligong_80_000022,1,12,0,UAV/0.JPG,map2019/merge_test_700-1800_cr0.95_stride100/Ligong_80_000022/UAV/0.JPG
map2019/merge_test_700-1800_cr0.95_stride100/Ligong_80_000023,merge_test_700-1800_cr0.95_stride100,Ligong_80_000023,1,12,0,UAV/0.JPG,map2019/merge_test_700-1800_cr0.95_stride100/Ligong_80_000023/UAV/0.JPG
map2019/merge_test_700-1800_cr0.95_stride100/Ligong_80_000024,merge_test_700-1800_cr0.95_stride100,Ligong_80_000024,1,12,0,UAV/0.JPG,map2019/merge_test_700-1800_cr0.95_stride100/Ligong_80_000024/UAV/0.JPG
map2019/merge_test_700-1800_cr0.95_stride100/Ligong_80_000025,merge_test_700-1800_cr0.95_stride100,Ligong_80_000025,1,12,0,UAV/0.JPG,map2019/merge_test_700-1800_cr0.95_stride100/Ligong_80_000025/UAV/0.JPG
map2019/merge_test_700-1800_cr0.95_stride100/Ligong_80_000026,merge_test_700-1800_cr0.95_stride100,Ligong_80_000026,1,12,0,UAV/0.JPG,map2019/merge_test_700-1800_cr0.95_stride100/Ligong_80_000026/UAV/0.JPG
map2019/merge_test_700-1800_cr0.95_stride100/Ligong_80_000027,merge_test_700-1800_cr0.95_stride100,Ligong_80_000027,1,12,0,UAV/0.JPG,map2019/merge_test_700-1800_cr0.95_stride100/Ligong_80_000027/UAV/0.JPG
map2019/merge_test_700-1800_cr0.95_stride100/Ligong_80_000028,merge_test_700-1800_cr0.95_stride100,Ligong_80_000028,1,12,0,UAV/0.JPG,map2019/merge_test_700-1800_cr0.95_stride100/Ligong_80_000028/UAV/0.JPG
map2019/merge_test_700-1800_cr0.95_stride100/Ligong_80_000029,merge_test_700-1800_cr0.95_stride100,Ligong_80_000029,1,12,0,UAV/0.JPG,map2019/merge_test_700-1800_cr0.95_stride100/Ligong_80_000029/UAV/0.JPG
map2019/merge_test_700-1800_cr0.95_stride100/Ligong_80_000030,merge_test_700-1800_cr0.95_stride100,Ligong_80_000030,1,12,0,UAV/0.JPG,map2019/merge_test_700-1800_cr0.95_stride100/Ligong_80_000030/UAV/0.JPG
map2019/merge_test_700-1800_cr0.95_stride100/Ligong_80_000031,merge_test_700-1800_cr0.95_stride100,Ligong_80_000031,1,12,0,UAV/0.JPG,map2019/merge_test_700-1800_cr0.95_stride100/Ligong_80_000031/UAV/0.JPG
map2019/merge_test_700-1800_cr0.95_stride100/Ligong_80_000032,merge_test_700-1800_cr0.95_stride100,Ligong_80_000032,1,12,0,UAV/0.JPG,map2019/merge_test_700-1800_cr0.95_stride100/Ligong_80_000032/UAV/0.JPG
map2019/merge_test_700-1800_cr0.95_stride100/Ligong_80_000033,merge_test_700-1800_cr0.95_stride100,Ligong_80_000033,1,12,0,UAV/0.JPG,map2019/merge_test_700-1800_cr0.95_stride100/Ligong_80_000033/UAV/0.JPG
map2019/merge_test_700-1800_cr0.95_stride100/Ligong_80_000034,merge_test_700-1800_cr0.95_stride100,Ligong_80_000034,1,12,0,UAV/0.JPG,map2019/merge_test_700-1800_cr0.95_stride100/Ligong_80_000034/UAV/0.JPG
map2019/merge_test_700-1800_cr0.95_stride100/Ligong_80_000035,merge_test_700-1800_cr0.95_stride100,Ligong_80_000035,1,12,0,UAV/0.JPG,map2019/merge_test_700-1800_cr0.95_stride100/Ligong_80_000035/UAV/0.JPG
map2019/merge_test_700-1800_cr0.95_stride100/Ligong_80_000036,merge_test_700-1800_cr0.95_stride100,Ligong_80_000036,1,12,0,UAV/0.JPG,map2019/merge_test_700-1800_cr0.95_stride100/Ligong_80_000036/UAV/0.JPG
map2019/merge_test_700-1800_cr0.95_stride100/Ligong_80_000037,merge_test_700-1800_cr0.95_stride100,Ligong_80_000037,1,12,0,UAV/0.JPG,map2019/merge_test_700-1800_cr0.95_stride100/Ligong_80_000037/UAV/0.JPG
map2019/merge_test_700-1800_cr0.95_stride100/Ligong_80_000038,merge_test_700-1800_cr0.95_stride100,Ligong_80_000038,1,12,0,UAV/0.JPG,map2019/merge_test_700-1800_cr0.95_stride100/Ligong_80_000038/UAV/0.JPG
map2019/merge_test_700-1800_cr0.95_stride100/Ligong_80_000039,merge_test_700-1800_cr0.95_stride100,Ligong_80_000039,1,12,0,UAV/0.JPG,map2019/merge_test_700-1800_cr0.95_stride100/Ligong_80_000039/UAV/0.JPG
map2019/merge_test_700-1800_cr0.95_stride100/Ligong_80_000040,merge_test_700-1800_cr0.95_stride100,Ligong_80_000040,1,12,0,UAV/0.JPG,map2019/merge_test_700-1800_cr0.95_stride100/Ligong_80_000040/UAV/0.JPG
map2019/merge_test_700-1800_cr0.95_stride100/Ligong_80_000041,merge_test_700-1800_cr0.95_stride100,Ligong_80_000041,1,12,0,UAV/0.JPG,map2019/merge_test_700-1800_cr0.95_stride100/Ligong_80_000041/UAV/0.JPG
map2019/merge_test_700-1800_cr0.95_stride100/Ligong_80_000042,merge_test_700-1800_cr0.95_stride100,Ligong_80_000042,1,12,0,UAV/0.JPG,map2019/merge_test_700-1800_cr0.95_stride100/Ligong_80_000042/UAV/0.JPG
map2019/merge_test_700-1800_cr0.95_stride100/Ligong_80_000043,merge_test_700-1800_cr0.95_stride100,Ligong_80_000043,1,12,0,UAV/0.JPG,map2019/merge_test_700-1800_cr0.95_stride100/Ligong_80_000043/UAV/0.JPG
map2019/merge_test_700-1800_cr0.95_stride100/Ligong_80_000044,merge_test_700-1800_cr0.95_stride100,Ligong_80_000044,1,12,0,UAV/0.JPG,map2019/merge_test_700-1800_cr0.95_stride100/Ligong_80_000044/UAV/0.JPG
map2019/merge_test_700-1800_cr0.95_stride100/Ligong_80_000045,merge_test_700-1800_cr0.95_stride100,Ligong_80_000045,1,12,0,UAV/0.JPG,map2019/merge_test_700-1800_cr0.95_stride100/Ligong_80_000045/UAV/0.JPG
map2019/merge_test_700-1800_cr0.95_stride100/Ligong_80_000046,merge_test_700-1800_cr0.95_stride100,Ligong_80_000046,1,12,0,UAV/0.JPG,map2019/merge_test_700-1800_cr0.95_stride100/Ligong_80_000046/UAV/0.JPG
map2019/merge_test_700-1800_cr0.95_stride100/Ligong_80_000047,merge_test_700-1800_cr0.95_stride100,Ligong_80_000047,1,12,0,UAV/0.JPG,map2019/merge_test_700-1800_cr0.95_stride100/Ligong_80_000047/UAV/0.JPG
map2019/merge_test_700-1800_cr0.95_stride100/Ligong_80_000048,merge_test_700-1800_cr0.95_stride100,Ligong_80_000048,1,12,0,UAV/0.JPG,map2019/merge_test_700-1800_cr0.95_stride100/Ligong_80_000048/UAV/0.JPG
map2019/merge_test_700-1800_cr0.95_stride100/Ligong_80_000049,merge_test_700-1800_cr0.95_stride100,Ligong_80_000049,1,12,0,UAV/0.JPG,map2019/merge_test_700-1800_cr0.95_stride100/Ligong_80_000049/UAV/0.JPG
map2019/merge_test_700-1800_cr0.95_stride100/Ligong_80_000050,merge_test_700-1800_cr0.95_stride100,Ligong_80_000050,1,12,0,UAV/0.JPG,map2019/merge_test_700-1800_cr0.95_stride100/Ligong_80_000050/UAV/0.JPG
map2019/merge_test_700-1800_cr0.95_stride100/Ligong_80_000051,merge_test_700-1800_cr0.95_stride100,Ligong_80_000051,1,12,0,UAV/0.JPG,map2019/merge_test_700-1800_cr0.95_stride100/Ligong_80_000051/UAV/0.JPG
map2019/merge_test_700-1800_cr0.95_stride100/Ligong_80_000052,merge_test_700-1800_cr0.95_stride100,Ligong_80_000052,1,12,0,UAV/0.JPG,map2019/merge_test_700-1800_cr0.95_stride100/Ligong_80_000052/UAV/0.JPG
map2019/merge_test_700-1800_cr0.95_stride100/Ligong_80_000053,merge_test_700-1800_cr0.95_stride100,Ligong_80_000053,1,12,0,UAV/0.JPG,map2019/merge_test_700-1800_cr0.95_stride100/Ligong_80_000053/UAV/0.JPG
map2019/merge_test_700-1800_cr0.95_stride100/Ligong_80_000054,merge_test_700-1800_cr0.95_stride100,Ligong_80_000054,1,12,0,UAV/0.JPG,map2019/merge_test_700-1800_cr0.95_stride100/Ligong_80_000054/UAV/0.JPG
map2019/merge_test_700-1800_cr0.95_stride100/Ligong_80_000055,merge_test_700-1800_cr0.95_stride100,Ligong_80_000055,1,12,0,UAV/0.JPG,map2019/merge_test_700-1800_cr0.95_stride100/Ligong_80_000055/UAV/0.JPG
map2019/merge_test_700-1800_cr0.95_stride100/Ligong_80_000056,merge_test_700-1800_cr0.95_stride100,Ligong_80_000056,1,12,0,UAV/0.JPG,map2019/merge_test_700-1800_cr0.95_stride100/Ligong_80_000056/UAV/0.JPG
map2019/merge_test_700-1800_cr0.95_stride100/Ligong_80_000057,merge_test_700-1800_cr0.95_stride100,Ligong_80_000057,1,12,0,UAV/0.JPG,map2019/merge_test_700-1800_cr0.95_stride100/Ligong_80_000057/UAV/0.JPG
map2019/merge_test_700-1800_cr0.95_stride100/Ligong_80_000058,merge_test_700-1800_cr0.95_stride100,Ligong_80_000058,1,12,0,UAV/0.JPG,map2019/merge_test_700-1800_cr0.95_stride100/Ligong_80_000058/UAV/0.JPG
map2019/merge_test_700-1800_cr0.95_stride100/Ligong_80_000059,merge_test_700-1800_cr0.95_stride100,Ligong_80_000059,1,12,0,UAV/0.JPG,map2019/merge_test_700-1800_cr0.95_stride100/Ligong_80_000059/UAV/0.JPG
map2019/merge_test_700-1800_cr0.95_stride100/Ligong_80_000060,merge_test_700-1800_cr0.95_stride100,Ligong_80_000060,1,12,0,UAV/0.JPG,map2019/merge_test_700-1800_cr0.95_stride100/Ligong_80_000060/UAV/0.JPG
map2019/merge_test_700-1800_cr0.95_stride100/Ligong_80_000061,merge_test_700-1800_cr0.95_stride100,Ligong_80_000061,1,12,0,UAV/0.JPG,map2019/merge_test_700-1800_cr0.95_stride100/Ligong_80_000061/UAV/0.JPG
map2019/merge_test_700-1800_cr0.95_stride100/Ligong_80_000062,merge_test_700-1800_cr0.95_stride100,Ligong_80_000062,1,12,0,UAV/0.JPG,map2019/merge_test_700-1800_cr0.95_stride100/Ligong_80_000062/UAV/0.JPG
map2019/merge_test_700-1800_cr0.95_stride100/Ligong_80_000063,merge_test_700-1800_cr0.95_stride100,Ligong_80_000063,1,12,0,UAV/0.JPG,map2019/merge_test_700-1800_cr0.95_stride100/Ligong_80_000063/UAV/0.JPG
map2019/merge_test_700-1800_cr0.95_stride100/Ligong_80_000064,merge_test_700-1800_cr0.95_stride100,Ligong_80_000064,1,12,0,UAV/0.JPG,map2019/merge_test_700-1800_cr0.95_stride100/Ligong_80_000064/UAV/0.JPG
map2019/merge_test_700-1800_cr0.95_stride100/Ligong_80_000065,merge_test_700-1800_cr0.95_stride100,Ligong_80_000065,1,12,0,UAV/0.JPG,map2019/merge_test_700-1800_cr0.95_stride100/Ligong_80_000065/UAV/0.JPG
map2019/merge_test_700-1800_cr0.95_stride100/Ligong_80_000066,merge_test_700-1800_cr0.95_stride100,Ligong_80_000066,1,12,0,UAV/0.JPG,map2019/merge_test_700-1800_cr0.95_stride100/Ligong_80_000066/UAV/0.JPG
map2019/merge_test_700-1800_cr0.95_stride100/Ligong_80_000067,merge_test_700-1800_cr0.95_stride100,Ligong_80_000067,1,12,0,UAV/0.JPG,map2019/merge_test_700-1800_cr0.95_stride100/Ligong_80_000067/UAV/0.JPG
map2019/merge_test_700-1800_cr0.95_stride100/Ligong_80_000068,merge_test_700-1800_cr0.95_stride100,Ligong_80_000068,1,12,0,UAV/0.JPG,map2019/merge_test_700-1800_cr0.95_stride100/Ligong_80_000068/UAV/0.JPG
map2019/merge_test_700-1800_cr0.95_stride100/Ligong_80_000069,merge_test_700-1800_cr0.95_stride100,Ligong_80_000069,1,12,0,UAV/0.JPG,map2019/merge_test_700-1800_cr0.95_stride100/Ligong_80_000069/UAV/0.JPG
map2019/merge_test_700-1800_cr0.95_stride100/Ligong_80_000070,merge_test_700-1800_cr0.95_stride100,Ligong_80_000070,1,12,0,UAV/0.JPG,map2019/merge_test_700-1800_cr0.95_stride100/Ligong_80_000070/UAV/0.JPG
map2019/merge_test_700-1800_cr0.95_stride100/Ligong_80_000071,merge_test_700-1800_cr0.95_stride100,Ligong_80_000071,1,12,0,UAV/0.JPG,map2019/merge_test_700-1800_cr0.95_stride100/Ligong_80_000071/UAV/0.JPG
map2019/merge_test_700-1800_cr0.95_stride100/Ligong_80_000072,merge_test_700-1800_cr0.95_stride100,Ligong_80_000072,1,12,0,UAV/0.JPG,map2019/merge_test_700-1800_cr0.95_stride100/Ligong_80_000072/UAV/0.JPG
map2019/merge_test_700-1800_cr0.95_stride100/Ligong_80_000073,merge_test_700-1800_cr0.95_stride100,Ligong_80_000073,1,12,0,UAV/0.JPG,map2019/merge_test_700-1800_cr0.95_stride100/Ligong_80_000073/UAV/0.JPG
map2019/merge_test_700-1800_cr0.95_stride100/Ligong_80_000074,merge_test_700-1800_cr0.95_stride100,Ligong_80_000074,1,12,0,UAV/0.JPG,map2019/merge_test_700-1800_cr0.95_stride100/Ligong_80_000074/UAV/0.JPG
map2019/merge_test_700-1800_cr0.95_stride100/Ligong_80_000075,merge_test_700-1800_cr0.95_stride100,Ligong_80_000075,1,12,0,UAV/0.JPG,map2019/merge_test_700-1800_cr0.95_stride100/Ligong_80_000075/UAV/0.JPG
map2019/merge_test_700-1800_cr0.95_stride100/Ligong_80_000076,merge_test_700-1800_cr0.95_stride100,Ligong_80_000076,1,12,0,UAV/0.JPG,map2019/merge_test_700-1800_cr0.95_stride100/Ligong_80_000076/UAV/0.JPG
map2019/merge_test_700-1800_cr0.95_stride100/Ligong_80_000077,merge_test_700-1800_cr0.95_stride100,Ligong_80_000077,1,12,0,UAV/0.JPG,map2019/merge_test_700-1800_cr0.95_stride100/Ligong_80_000077/UAV/0.JPG
map2019/merge_test_700-1800_cr0.95_stride100/Ligong_80_000078,merge_test_700-1800_cr0.95_stride100,Ligong_80_000078,1,12,0,UAV/0.JPG,map2019/merge_test_700-1800_cr0.95_stride100/Ligong_80_000078/UAV/0.JPG
map2019/merge_test_700-1800_cr0.95_stride100/Ligong_80_000079,merge_test_700-1800_cr0.95_stride100,Ligong_80_000079,1,12,0,UAV/0.JPG,map2019/merge_test_700-1800_cr0.95_stride100/Ligong_80_000079/UAV/0.JPG
map2019/merge_test_700-1800_cr0.95_stride100/Ligong_80_000080,merge_test_700-1800_cr0.95_stride100,Ligong_80_000080,1,12,0,UAV/0.JPG,map2019/merge_test_700-1800_cr0.95_stride100/Ligong_80_000080/UAV/0.JPG
map2019/merge_test_700-1800_cr0.95_stride100/Ligong_80_000081,merge_test_700-1800_cr0.95_stride100,Ligong_80_000081,1,12,0,UAV/0.JPG,map2019/merge_test_700-1800_cr0.95_stride100/Ligong_80_000081/UAV/0.JPG
map2019/merge_test_700-1800_cr0.95_stride100/Ligong_80_000082,merge_test_700-1800_cr0.95_stride100,Ligong_80_000082,1,12,0,UAV/0.JPG,map2019/merge_test_700-1800_cr0.95_stride100/Ligong_80_000082/UAV/0.JPG
map2019/merge_test_700-1800_cr0.95_stride100/Ligong_80_000083,merge_test_700-1800_cr0.95_stride100,Ligong_80_000083,1,12,0,UAV/0.JPG,map2019/merge_test_700-1800_cr0.95_stride100/Ligong_80_000083/UAV/0.JPG
map2019/merge_test_700-1800_cr0.95_stride100/Ligong_80_000084,merge_test_700-1800_cr0.95_stride100,Ligong_80_000084,1,12,0,UAV/0.JPG,map2019/merge_test_700-1800_cr0.95_stride100/Ligong_80_000084/UAV/0.JPG
map2019/merge_test_700-1800_cr0.95_stride100/Ligong_80_000085,merge_test_700-1800_cr0.95_stride100,Ligong_80_000085,1,12,0,UAV/0.JPG,map2019/merge_test_700-1800_cr0.95_stride100/Ligong_80_000085/UAV/0.JPG
map2019/merge_test_700-1800_cr0.95_stride100/Ligong_80_000086,merge_test_700-1800_cr0.95_stride100,Ligong_80_000086,1,12,0,UAV/0.JPG,map2019/merge_test_700-1800_cr0.95_stride100/Ligong_80_000086/UAV/0.JPG
map2019/merge_test_700-1800_cr0.95_stride100/Ligong_80_000087,merge_test_700-1800_cr0.95_stride100,Ligong_80_000087,1,12,0,UAV/0.JPG,map2019/merge_test_700-1800_cr0.95_stride100/Ligong_80_000087/UAV/0.JPG
map2019/merge_test_700-1800_cr0.95_stride100/Ligong_80_000088,merge_test_700-1800_cr0.95_stride100,Ligong_80_000088,1,12,0,UAV/0.JPG,map2019/merge_test_700-1800_cr0.95_stride100/Ligong_80_000088/UAV/0.JPG
map2019/merge_test_700-1800_cr0.95_stride100/Ligong_80_000089,merge_test_700-1800_cr0.95_stride100,Ligong_80_000089,1,12,0,UAV/0.JPG,map2019/merge_test_700-1800_cr0.95_stride100/Ligong_80_000089/UAV/0.JPG
map2019/merge_test_700-1800_cr0.95_stride100/Ligong_80_000090,merge_test_700-1800_cr0.95_stride100,Ligong_80_000090,1,12,0,UAV/0.JPG,map2019/merge_test_700-1800_cr0.95_stride100/Ligong_80_000090/UAV/0.JPG
map2019/merge_test_700-1800_cr0.95_stride100/Ligong_80_000091,merge_test_700-1800_cr0.95_stride100,Ligong_80_000091,1,12,0,UAV/0.JPG,map2019/merge_test_700-1800_cr0.95_stride100/Ligong_80_000091/UAV/0.JPG
map2019/merge_test_700-1800_cr0.95_stride100/Ligong_80_000092,merge_test_700-1800_cr0.95_stride100,Ligong_80_000092,1,12,0,UAV/0.JPG,map2019/merge_test_700-1800_cr0.95_stride100/Ligong_80_000092/UAV/0.JPG
map2019/merge_test_700-1800_cr0.95_stride100/Ligong_80_000093,merge_test_700-1800_cr0.95_stride100,Ligong_80_000093,1,12,0,UAV/0.JPG,map2019/merge_test_700-1800_cr0.95_stride100/Ligong_80_000093/UAV/0.JPG
map2019/merge_test_700-1800_cr0.95_stride100/Ligong_80_000094,merge_test_700-1800_cr0.95_stride100,Ligong_80_000094,1,12,0,UAV/0.JPG,map2019/merge_test_700-1800_cr0.95_stride100/Ligong_80_000094/UAV/0.JPG
map2019/merge_test_700-1800_cr0.95_stride100/Ligong_80_000095,merge_test_700-1800_cr0.95_stride100,Ligong_80_000095,1,12,0,UAV/0.JPG,map2019/merge_test_700-1800_cr0.95_stride100/Ligong_80_000095/UAV/0.JPG
map2019/merge_test_700-1800_cr0.95_stride100/Ligong_80_000096,merge_test_700-1800_cr0.95_stride100,Ligong_80_000096,1,12,0,UAV/0.JPG,map2019/merge_test_700-1800_cr0.95_stride100/Ligong_80_000096/UAV/0.JPG
map2019/merge_test_700-1800_cr0.95_stride100/Ligong_80_000097,merge_test_700-1800_cr0.95_stride100,Ligong_80_000097,1,12,0,UAV/0.JPG,map2019/merge_test_700-1800_cr0.95_stride100/Ligong_80_000097/UAV/0.JPG
map2019/merge_test_700-1800_cr0.95_stride100/Ligong_80_000098,merge_test_700-1800_cr0.95_stride100,Ligong_80_000098,1,12,0,UAV/0.JPG,map2019/merge_test_700-1800_cr0.95_stride100/Ligong_80_000098/UAV/0.JPG
map2019/merge_test_700-1800_cr0.95_stride100/Ligong_80_000099,merge_test_700-1800_cr0.95_stride100,Ligong_80_000099,1,12,0,UAV/0.JPG,map2019/merge_test_700-1800_cr0.95_stride100/Ligong_80_000099/UAV/0.JPG
map2019/merge_test_700-1800_cr0.95_stride100/Ligong_80_000100,merge_test_700-1800_cr0.95_stride100,Ligong_80_000100,1,12,0,UAV/0.JPG,map2019/merge_test_700-1800_cr0.95_stride100/Ligong_80_000100/UAV/0.JPG
map2019/merge_test_700-1800_cr0.95_stride100/Ligong_80_000101,merge_test_700-1800_cr0.95_stride100,Ligong_80_000101,1,12,0,UAV/0.JPG,map2019/merge_test_700-1800_cr0.95_stride100/Ligong_80_000101/UAV/0.JPG
map2019/merge_test_700-1800_cr0.95_stride100/Ligong_80_000102,merge_test_700-1800_cr0.95_stride100,Ligong_80_000102,1,12,0,UAV/0.JPG,map2019/merge_test_700-1800_cr0.95_stride100/Ligong_80_000102/UAV/0.JPG
map2019/merge_test_700-1800_cr0.95_stride100/Ligong_80_000103,merge_test_700-1800_cr0.95_stride100,Ligong_80_000103,1,12,0,UAV/0.JPG,map2019/merge_test_700-1800_cr0.95_stride100/Ligong_80_000103/UAV/0.JPG
map2019/merge_test_700-1800_cr0.95_stride100/Ligong_80_000104,merge_test_700-1800_cr0.95_stride100,Ligong_80_000104,1,12,0,UAV/0.JPG,map2019/merge_test_700-1800_cr0.95_stride100/Ligong_80_000104/UAV/0.JPG
map2019/merge_test_700-1800_cr0.95_stride100/Ligong_80_000105,merge_test_700-1800_cr0.95_stride100,Ligong_80_000105,1,12,0,UAV/0.JPG,map2019/merge_test_700-1800_cr0.95_stride100/Ligong_80_000105/UAV/0.JPG
map2019/merge_test_700-1800_cr0.95_stride100/Ligong_80_000106,merge_test_700-1800_cr0.95_stride100,Ligong_80_000106,1,12,0,UAV/0.JPG,map2019/merge_test_700-1800_cr0.95_stride100/Ligong_80_000106/UAV/0.JPG
map2019/merge_test_700-1800_cr0.95_stride100/Ligong_80_000107,merge_test_700-1800_cr0.95_stride100,Ligong_80_000107,1,12,0,UAV/0.JPG,map2019/merge_test_700-1800_cr0.95_stride100/Ligong_80_000107/UAV/0.JPG
map2019/merge_test_700-1800_cr0.95_stride100/Ligong_80_000108,merge_test_700-1800_cr0.95_stride100,Ligong_80_000108,1,12,0,UAV/0.JPG,map2019/merge_test_700-1800_cr0.95_stride100/Ligong_80_000108/UAV/0.JPG
map2019/merge_test_700-1800_cr0.95_stride100/Ligong_80_000109,merge_test_700-1800_cr0.95_stride100,Ligong_80_000109,1,12,0,UAV/0.JPG,map2019/merge_test_700-1800_cr0.95_stride100/Ligong_80_000109/UAV/0.JPG
map2019/merge_test_700-1800_cr0.95_stride100/Ligong_80_000110,merge_test_700-1800_cr0.95_stride100,Ligong_80_000110,1,12,0,UAV/0.JPG,map2019/merge_test_700-1800_cr0.95_stride100/Ligong_80_000110/UAV/0.JPG
map2019/merge_test_700-1800_cr0.95_stride100/Ligong_80_000111,merge_test_700-1800_cr0.95_stride100,Ligong_80_000111,1,12,0,UAV/0.JPG,map2019/merge_test_700-1800_cr0.95_stride100/Ligong_80_000111/UAV/0.JPG
map2019/merge_test_700-1800_cr0.95_stride100/Ligong_80_000112,merge_test_700-1800_cr0.95_stride100,Ligong_80_000112,1,12,0,UAV/0.JPG,map2019/merge_test_700-1800_cr0.95_stride100/Ligong_80_000112/UAV/0.JPG
map2019/merge_test_700-1800_cr0.95_stride100/Ligong_80_000113,merge_test_700-1800_cr0.95_stride100,Ligong_80_000113,1,12,0,UAV/0.JPG,map2019/merge_test_700-1800_cr0.95_stride100/Ligong_80_000113/UAV/0.JPG
map2019/merge_test_700-1800_cr0.95_stride100/Ligong_80_000114,merge_test_700-1800_cr0.95_stride100,Ligong_80_000114,1,12,0,UAV/0.JPG,map2019/merge_test_700-1800_cr0.95_stride100/Ligong_80_000114/UAV/0.JPG
map2019/merge_test_700-1800_cr0.95_stride100/Ligong_80_000115,merge_test_700-1800_cr0.95_stride100,Ligong_80_000115,1,12,0,UAV/0.JPG,map2019/merge_test_700-1800_cr0.95_stride100/Ligong_80_000115/UAV/0.JPG
map2019/merge_test_700-1800_cr0.95_stride100/Ligong_80_000116,merge_test_700-1800_cr0.95_stride100,Ligong_80_000116,1,12,0,UAV/0.JPG,map2019/merge_test_700-1800_cr0.95_stride100/Ligong_80_000116/UAV/0.JPG
map2019/merge_test_700-1800_cr0.95_stride100/Ligong_80_000117,merge_test_700-1800_cr0.95_stride100,Ligong_80_000117,1,12,0,UAV/0.JPG,map2019/merge_test_700-1800_cr0.95_stride100/Ligong_80_000117/UAV/0.JPG
map2019/merge_test_700-1800_cr0.95_stride100/Ligong_80_000118,merge_test_700-1800_cr0.95_stride100,Ligong_80_000118,1,12,0,UAV/0.JPG,map2019/merge_test_700-1800_cr0.95_stride100/Ligong_80_000118/UAV/0.JPG
map2019/merge_test_700-1800_cr0.95_stride100/Ligong_80_000119,merge_test_700-1800_cr0.95_stride100,Ligong_80_000119,1,12,0,UAV/0.JPG,map2019/merge_test_700-1800_cr0.95_stride100/Ligong_80_000119/UAV/0.JPG
map2019/merge_test_700-1800_cr0.95_stride100/Ligong_80_000120,merge_test_700-1800_cr0.95_stride100,Ligong_80_000120,1,12,0,UAV/0.JPG,map2019/merge_test_700-1800_cr0.95_stride100/Ligong_80_000120/UAV/0.JPG
map2019/merge_test_700-1800_cr0.95_stride100/Ligong_80_000121,merge_test_700-1800_cr0.95_stride100,Ligong_80_000121,1,12,0,UAV/0.JPG,map2019/merge_test_700-1800_cr0.95_stride100/Ligong_80_000121/UAV/0.JPG
map2019/merge_test_700-1800_cr0.95_stride100/Ligong_80_000122,merge_test_700-1800_cr0.95_stride100,Ligong_80_000122,1,12,0,UAV/0.JPG,map2019/merge_test_700-1800_cr0.95_stride100/Ligong_80_000122/UAV/0.JPG
map2019/merge_test_700-1800_cr0.95_stride100/Ligong_80_000123,merge_test_700-1800_cr0.95_stride100,Ligong_80_000123,1,12,0,UAV/0.JPG,map2019/merge_test_700-1800_cr0.95_stride100/Ligong_80_000123/UAV/0.JPG
map2019/merge_test_700-1800_cr0.95_stride100/Ligong_80_000124,merge_test_700-1800_cr0.95_stride100,Ligong_80_000124,1,12,0,UAV/0.JPG,map2019/merge_test_700-1800_cr0.95_stride100/Ligong_80_000124/UAV/0.JPG
map2019/merge_test_700-1800_cr0.95_stride100/Ligong_80_000125,merge_test_700-1800_cr0.95_stride100,Ligong_80_000125,1,12,0,UAV/0.JPG,map2019/merge_test_700-1800_cr0.95_stride100/Ligong_80_000125/UAV/0.JPG
map2019/merge_test_700-1800_cr0.95_stride100/Ligong_80_000126,merge_test_700-1800_cr0.95_stride100,Ligong_80_000126,1,12,0,UAV/0.JPG,map2019/merge_test_700-1800_cr0.95_stride100/Ligong_80_000126/UAV/0.JPG
map2019/merge_test_700-1800_cr0.95_stride100/Ligong_80_000127,merge_test_700-1800_cr0.95_stride100,Ligong_80_000127,1,12,0,UAV/0.JPG,map2019/merge_test_700-1800_cr0.95_stride100/Ligong_80_000127/UAV/0.JPG
map2019/merge_test_700-1800_cr0.95_stride100/Ligong_80_000128,merge_test_700-1800_cr0.95_stride100,Ligong_80_000128,1,12,0,UAV/0.JPG,map2019/merge_test_700-1800_cr0.95_stride100/Ligong_80_000128/UAV/0.JPG
map2019/merge_test_700-1800_cr0.95_stride100/Ligong_80_000129,merge_test_700-1800_cr0.95_stride100,Ligong_80_000129,1,12,0,UAV/0.JPG,map2019/merge_test_700-1800_cr0.95_stride100/Ligong_80_000129/UAV/0.JPG
map2019/merge_test_700-1800_cr0.95_stride100/Ligong_80_000130,merge_test_700-1800_cr0.95_stride100,Ligong_80_000130,1,12,0,UAV/0.JPG,map2019/merge_test_700-1800_cr0.95_stride100/Ligong_80_000130/UAV/0.JPG
map2019/merge_test_700-1800_cr0.95_stride100/Ligong_80_000131,merge_test_700-1800_cr0.95_stride100,Ligong_80_000131,1,12,0,UAV/0.JPG,map2019/merge_test_700-1800_cr0.95_stride100/Ligong_80_000131/UAV/0.JPG
map2019/merge_test_700-1800_cr0.95_stride100/Ligong_80_000132,merge_test_700-1800_cr0.95_stride100,Ligong_80_000132,1,12,0,UAV/0.JPG,map2019/merge_test_700-1800_cr0.95_stride100/Ligong_80_000132/UAV/0.JPG
map2019/merge_test_700-1800_cr0.95_stride100/Ligong_80_000133,merge_test_700-1800_cr0.95_stride100,Ligong_80_000133,1,12,0,UAV/0.JPG,map2019/merge_test_700-1800_cr0.95_stride100/Ligong_80_000133/UAV/0.JPG
map2019/merge_test_700-1800_cr0.95_stride100/Ligong_80_000134,merge_test_700-1800_cr0.95_stride100,Ligong_80_000134,1,12,0,UAV/0.JPG,map2019/merge_test_700-1800_cr0.95_stride100/Ligong_80_000134/UAV/0.JPG
map2019/merge_test_700-1800_cr0.95_stride100/Ligong_80_000135,merge_test_700-1800_cr0.95_stride100,Ligong_80_000135,1,12,0,UAV/0.JPG,map2019/merge_test_700-1800_cr0.95_stride100/Ligong_80_000135/UAV/0.JPG
map2019/merge_test_700-1800_cr0.95_stride100/Ligong_80_000136,merge_test_700-1800_cr0.95_stride100,Ligong_80_000136,1,12,0,UAV/0.JPG,map2019/merge_test_700-1800_cr0.95_stride100/Ligong_80_000136/UAV/0.JPG
map2019/merge_test_700-1800_cr0.95_stride100/Ligong_80_000137,merge_test_700-1800_cr0.95_stride100,Ligong_80_000137,1,12,0,UAV/0.JPG,map2019/merge_test_700-1800_cr0.95_stride100/Ligong_80_000137/UAV/0.JPG
map2019/merge_test_700-1800_cr0.95_stride100/Ligong_80_000138,merge_test_700-1800_cr0.95_stride100,Ligong_80_000138,1,12,0,UAV/0.JPG,map2019/merge_test_700-1800_cr0.95_stride100/Ligong_80_000138/UAV/0.JPG
map2019/merge_test_700-1800_cr0.95_stride100/Ligong_80_000139,merge_test_700-1800_cr0.95_stride100,Ligong_80_000139,1,12,0,UAV/0.JPG,map2019/merge_test_700-1800_cr0.95_stride100/Ligong_80_000139/UAV/0.JPG
map2019/merge_test_700-1800_cr0.95_stride100/Ligong_80_000140,merge_test_700-1800_cr0.95_stride100,Ligong_80_000140,1,12,0,UAV/0.JPG,map2019/merge_test_700-1800_cr0.95_stride100/Ligong_80_000140/UAV/0.JPG
map2019/merge_test_700-1800_cr0.95_stride100/Ligong_80_000141,merge_test_700-1800_cr0.95_stride100,Ligong_80_000141,1,12,0,UAV/0.JPG,map2019/merge_test_700-1800_cr0.95_stride100/Ligong_80_000141/UAV/0.JPG
map2019/merge_test_700-1800_cr0.95_stride100/Ligong_80_000142,merge_test_700-1800_cr0.95_stride100,Ligong_80_000142,1,12,0,UAV/0.JPG,map2019/merge_test_700-1800_cr0.95_stride100/Ligong_80_000142/UAV/0.JPG
map2019/merge_test_700-1800_cr0.95_stride100/Ligong_80_000143,merge_test_700-1800_cr0.95_stride100,Ligong_80_000143,1,12,0,UAV/0.JPG,map2019/merge_test_700-1800_cr0.95_stride100/Ligong_80_000143/UAV/0.JPG
map2019/merge_test_700-1800_cr0.95_stride100/Ligong_80_000144,merge_test_700-1800_cr0.95_stride100,Ligong_80_000144,1,12,0,UAV/0.JPG,map2019/merge_test_700-1800_cr0.95_stride100/Ligong_80_000144/UAV/0.JPG
map2019/merge_test_700-1800_cr0.95_stride100/Ligong_80_000145,merge_test_700-1800_cr0.95_stride100,Ligong_80_000145,1,12,0,UAV/0.JPG,map2019/merge_test_700-1800_cr0.95_stride100/Ligong_80_000145/UAV/0.JPG
map2019/merge_test_700-1800_cr0.95_stride100/Ligong_80_000146,merge_test_700-1800_cr0.95_stride100,Ligong_80_000146,1,12,0,UAV/0.JPG,map2019/merge_test_700-1800_cr0.95_stride100/Ligong_80_000146/UAV/0.JPG
map2019/merge_test_700-1800_cr0.95_stride100/Ligong_80_000147,merge_test_700-1800_cr0.95_stride100,Ligong_80_000147,1,12,0,UAV/0.JPG,map2019/merge_test_700-1800_cr0.95_stride100/Ligong_80_000147/UAV/0.JPG
map2019/merge_test_700-1800_cr0.95_stride100/Ligong_80_000148,merge_test_700-1800_cr0.95_stride100,Ligong_80_000148,1,12,0,UAV/0.JPG,map2019/merge_test_700-1800_cr0.95_stride100/Ligong_80_000148/UAV/0.JPG
map2019/merge_test_700-1800_cr0.95_stride100/Ligong_80_000149,merge_test_700-1800_cr0.95_stride100,Ligong_80_000149,1,12,0,UAV/0.JPG,map2019/merge_test_700-1800_cr0.95_stride100/Ligong_80_000149/UAV/0.JPG
map2019/merge_test_700-1800_cr0.95_stride100/Ligong_80_000150,merge_test_700-1800_cr0.95_stride100,Ligong_80_000150,1,12,0,UAV/0.JPG,map2019/merge_test_700-1800_cr0.95_stride100/Ligong_80_000150/UAV/0.JPG
map2019/merge_test_700-1800_cr0.95_stride100/Ligong_80_000151,merge_test_700-1800_cr0.95_stride100,Ligong_80_000151,1,12,0,UAV/0.JPG,map2019/merge_test_700-1800_cr0.95_stride100/Ligong_80_000151/UAV/0.JPG
map2019/merge_test_700-1800_cr0.95_stride100/Ligong_80_000152,merge_test_700-1800_cr0.95_stride100,Ligong_80_000152,1,12,0,UAV/0.JPG,map2019/merge_test_700-1800_cr0.95_stride100/Ligong_80_000152/UAV/0.JPG
map2019/merge_test_700-1800_cr0.95_stride100/Ligong_80_000153,merge_test_700-1800_cr0.95_stride100,Ligong_80_000153,1,12,0,UAV/0.JPG,map2019/merge_test_700-1800_cr0.95_stride100/Ligong_80_000153/UAV/0.JPG
map2019/merge_test_700-1800_cr0.95_stride100/Ligong_80_000154,merge_test_700-1800_cr0.95_stride100,Ligong_80_000154,1,12,0,UAV/0.JPG,map2019/merge_test_700-1800_cr0.95_stride100/Ligong_80_000154/UAV/0.JPG
map2019/merge_test_700-1800_cr0.95_stride100/Ligong_80_000155,merge_test_700-1800_cr0.95_stride100,Ligong_80_000155,1,12,0,UAV/0.JPG,map2019/merge_test_700-1800_cr0.95_stride100/Ligong_80_000155/UAV/0.JPG
map2019/merge_test_700-1800_cr0.95_stride100/Ligong_80_000156,merge_test_700-1800_cr0.95_stride100,Ligong_80_000156,1,12,0,UAV/0.JPG,map2019/merge_test_700-1800_cr0.95_stride100/Ligong_80_000156/UAV/0.JPG
map2019/merge_test_700-1800_cr0.95_stride100/Ligong_80_000157,merge_test_700-1800_cr0.95_stride100,Ligong_80_000157,1,12,0,UAV/0.JPG,map2019/merge_test_700-1800_cr0.95_stride100/Ligong_80_000157/UAV/0.JPG
map2019/merge_test_700-1800_cr0.95_stride100/Ligong_80_000158,merge_test_700-1800_cr0.95_stride100,Ligong_80_000158,1,12,0,UAV/0.JPG,map2019/merge_test_700-1800_cr0.95_stride100/Ligong_80_000158/UAV/0.JPG
map2019/merge_test_700-1800_cr0.95_stride100/Ligong_80_000159,merge_test_700-1800_cr0.95_stride100,Ligong_80_000159,1,12,0,UAV/0.JPG,map2019/merge_test_700-1800_cr0.95_stride100/Ligong_80_000159/UAV/0.JPG
map2019/merge_test_700-1800_cr0.95_stride100/Ligong_80_000160,merge_test_700-1800_cr0.95_stride100,Ligong_80_000160,1,12,0,UAV/0.JPG,map2019/merge_test_700-1800_cr0.95_stride100/Ligong_80_000160/UAV/0.JPG
map2019/merge_test_700-1800_cr0.95_stride100/Ligong_80_000161,merge_test_700-1800_cr0.95_stride100,Ligong_80_000161,1,12,0,UAV/0.JPG,map2019/merge_test_700-1800_cr0.95_stride100/Ligong_80_000161/UAV/0.JPG
map2019/merge_test_700-1800_cr0.95_stride100/Ligong_80_000162,merge_test_700-1800_cr0.95_stride100,Ligong_80_000162,1,12,0,UAV/0.JPG,map2019/merge_test_700-1800_cr0.95_stride100/Ligong_80_000162/UAV/0.JPG
map2019/merge_test_700-1800_cr0.95_stride100/Ligong_80_000163,merge_test_700-1800_cr0.95_stride100,Ligong_80_000163,1,12,0,UAV/0.JPG,map2019/merge_test_700-1800_cr0.95_stride100/Ligong_80_000163/UAV/0.JPG
map2019/merge_test_700-1800_cr0.95_stride100/Ligong_80_000164,merge_test_700-1800_cr0.95_stride100,Ligong_80_000164,1,12,0,UAV/0.JPG,map2019/merge_test_700-1800_cr0.95_stride100/Ligong_80_000164/UAV/0.JPG
map2019/merge_test_700-1800_cr0.95_stride100/Ligong_80_000165,merge_test_700-1800_cr0.95_stride100,Ligong_80_000165,1,12,0,UAV/0.JPG,map2019/merge_test_700-1800_cr0.95_stride100/Ligong_80_000165/UAV/0.JPG
map2019/merge_test_700-1800_cr0.95_stride100/Ligong_80_000166,merge_test_700-1800_cr0.95_stride100,Ligong_80_000166,1,12,0,UAV/0.JPG,map2019/merge_test_700-1800_cr0.95_stride100/Ligong_80_000166/UAV/0.JPG
map2019/merge_test_700-1800_cr0.95_stride100/Ligong_80_000167,merge_test_700-1800_cr0.95_stride100,Ligong_80_000167,1,12,0,UAV/0.JPG,map2019/merge_test_700-1800_cr0.95_stride100/Ligong_80_000167/UAV/0.JPG
map2019/merge_test_700-1800_cr0.95_stride100/Ligong_80_000168,merge_test_700-1800_cr0.95_stride100,Ligong_80_000168,1,12,0,UAV/0.JPG,map2019/merge_test_700-1800_cr0.95_stride100/Ligong_80_000168/UAV/0.JPG
map2019/merge_test_700-1800_cr0.95_stride100/Ligong_80_000169,merge_test_700-1800_cr0.95_stride100,Ligong_80_000169,1,12,0,UAV/0.JPG,map2019/merge_test_700-1800_cr0.95_stride100/Ligong_80_000169/UAV/0.JPG
map2019/merge_test_700-1800_cr0.95_stride100/Ligong_80_000170,merge_test_700-1800_cr0.95_stride100,Ligong_80_000170,1,12,0,UAV/0.JPG,map2019/merge_test_700-1800_cr0.95_stride100/Ligong_80_000170/UAV/0.JPG
map2019/merge_test_700-1800_cr0.95_stride100/Ligong_80_000171,merge_test_700-1800_cr0.95_stride100,Ligong_80_000171,1,12,0,UAV/0.JPG,map2019/merge_test_700-1800_cr0.95_stride100/Ligong_80_000171/UAV/0.JPG
map2019/merge_test_700-1800_cr0.95_stride100/Ligong_80_000172,merge_test_700-1800_cr0.95_stride100,Ligong_80_000172,1,12,0,UAV/0.JPG,map2019/merge_test_700-1800_cr0.95_stride100/Ligong_80_000172/UAV/0.JPG
map2019/merge_test_700-1800_cr0.95_stride100/Ligong_80_000173,merge_test_700-1800_cr0.95_stride100,Ligong_80_000173,1,12,0,UAV/0.JPG,map2019/merge_test_700-1800_cr0.95_stride100/Ligong_80_000173/UAV/0.JPG
map2019/merge_test_700-1800_cr0.95_stride100/Ligong_80_000174,merge_test_700-1800_cr0.95_stride100,Ligong_80_000174,1,12,0,UAV/0.JPG,map2019/merge_test_700-1800_cr0.95_stride100/Ligong_80_000174/UAV/0.JPG
map2019/merge_test_700-1800_cr0.95_stride100/Ligong_80_000175,merge_test_700-1800_cr0.95_stride100,Ligong_80_000175,1,12,0,UAV/0.JPG,map2019/merge_test_700-1800_cr0.95_stride100/Ligong_80_000175/UAV/0.JPG
map2019/merge_test_700-1800_cr0.95_stride100/Ligong_80_000176,merge_test_700-1800_cr0.95_stride100,Ligong_80_000176,1,12,0,UAV/0.JPG,map2019/merge_test_700-1800_cr0.95_stride100/Ligong_80_000176/UAV/0.JPG
map2019/merge_test_700-1800_cr0.95_stride100/Ligong_80_000177,merge_test_700-1800_cr0.95_stride100,Ligong_80_000177,1,12,0,UAV/0.JPG,map2019/merge_test_700-1800_cr0.95_stride100/Ligong_80_000177/UAV/0.JPG
map2019/merge_test_700-1800_cr0.95_stride100/Ligong_80_000178,merge_test_700-1800_cr0.95_stride100,Ligong_80_000178,1,12,0,UAV/0.JPG,map2019/merge_test_700-1800_cr0.95_stride100/Ligong_80_000178/UAV/0.JPG
map2019/merge_test_700-1800_cr0.95_stride100/Ligong_80_000179,merge_test_700-1800_cr0.95_stride100,Ligong_80_000179,1,12,0,UAV/0.JPG,map2019/merge_test_700-1800_cr0.95_stride100/Ligong_80_000179/UAV/0.JPG
map2019/merge_test_700-1800_cr0.95_stride100/Ligong_80_000180,merge_test_700-1800_cr0.95_stride100,Ligong_80_000180,1,12,0,UAV/0.JPG,map2019/merge_test_700-1800_cr0.95_stride100/Ligong_80_000180/UAV/0.JPG
map2019/merge_test_700-1800_cr0.95_stride100/Ligong_80_000181,merge_test_700-1800_cr0.95_stride100,Ligong_80_000181,1,12,0,UAV/0.JPG,map2019/merge_test_700-1800_cr0.95_stride100/Ligong_80_000181/UAV/0.JPG
map2019/merge_test_700-1800_cr0.95_stride100/Ligong_80_000182,merge_test_700-1800_cr0.95_stride100,Ligong_80_000182,1,12,0,UAV/0.JPG,map2019/merge_test_700-1800_cr0.95_stride100/Ligong_80_000182/UAV/0.JPG
map2019/merge_test_700-1800_cr0.95_stride100/Ligong_80_000183,merge_test_700-1800_cr0.95_stride100,Ligong_80_000183,1,12,0,UAV/0.JPG,map2019/merge_test_700-1800_cr0.95_stride100/Ligong_80_000183/UAV/0.JPG
map2019/merge_test_700-1800_cr0.95_stride100/Ligong_80_000184,merge_test_700-1800_cr0.95_stride100,Ligong_80_000184,1,12,0,UAV/0.JPG,map2019/merge_test_700-1800_cr0.95_stride100/Ligong_80_000184/UAV/0.JPG
map2019/merge_test_700-1800_cr0.95_stride100/Ligong_80_000185,merge_test_700-1800_cr0.95_stride100,Ligong_80_000185,1,12,0,UAV/0.JPG,map2019/merge_test_700-1800_cr0.95_stride100/Ligong_80_000185/UAV/0.JPG
map2019/merge_test_700-1800_cr0.95_stride100/Ligong_80_000186,merge_test_700-1800_cr0.95_stride100,Ligong_80_000186,1,12,0,UAV/0.JPG,map2019/merge_test_700-1800_cr0.95_stride100/Ligong_80_000186/UAV/0.JPG
map2019/merge_test_700-1800_cr0.95_stride100/Ligong_80_000187,merge_test_700-1800_cr0.95_stride100,Ligong_80_000187,1,12,0,UAV/0.JPG,map2019/merge_test_700-1800_cr0.95_stride100/Ligong_80_000187/UAV/0.JPG
map2019/merge_test_700-1800_cr0.95_stride100/Ligong_80_000188,merge_test_700-1800_cr0.95_stride100,Ligong_80_000188,1,12,0,UAV/0.JPG,map2019/merge_test_700-1800_cr0.95_stride100/Ligong_80_000188/UAV/0.JPG
map2019/merge_test_700-1800_cr0.95_stride100/Ligong_80_000189,merge_test_700-1800_cr0.95_stride100,Ligong_80_000189,1,12,0,UAV/0.JPG,map2019/merge_test_700-1800_cr0.95_stride100/Ligong_80_000189/UAV/0.JPG
map2019/merge_test_700-1800_cr0.95_stride100/Ligong_80_000190,merge_test_700-1800_cr0.95_stride100,Ligong_80_000190,1,12,0,UAV/0.JPG,map2019/merge_test_700-1800_cr0.95_stride100/Ligong_80_000190/UAV/0.JPG
map2019/merge_test_700-1800_cr0.95_stride100/Ligong_80_000191,merge_test_700-1800_cr0.95_stride100,Ligong_80_000191,1,12,0,UAV/0.JPG,map2019/merge_test_700-1800_cr0.95_stride100/Ligong_80_000191/UAV/0.JPG
map2019/merge_test_700-1800_cr0.95_stride100/Ligong_80_000192,merge_test_700-1800_cr0.95_stride100,Ligong_80_000192,1,12,0,UAV/0.JPG,map2019/merge_test_700-1800_cr0.95_stride100/Ligong_80_000192/UAV/0.JPG
map2019/merge_test_700-1800_cr0.95_stride100/Ligong_80_000193,merge_test_700-1800_cr0.95_stride100,Ligong_80_000193,1,12,0,UAV/0.JPG,map2019/merge_test_700-1800_cr0.95_stride100/Ligong_80_000193/UAV/0.JPG
map2019/merge_test_700-1800_cr0.95_stride100/Ligong_80_000194,merge_test_700-1800_cr0.95_stride100,Ligong_80_000194,1,12,0,UAV/0.JPG,map2019/merge_test_700-1800_cr0.95_stride100/Ligong_80_000194/UAV/0.JPG
map2019/merge_test_700-1800_cr0.95_stride100/Ligong_80_000195,merge_test_700-1800_cr0.95_stride100,Ligong_80_000195,1,12,0,UAV/0.JPG,map2019/merge_test_700-1800_cr0.95_stride100/Ligong_80_000195/UAV/0.JPG
map2019/merge_test_700-1800_cr0.95_stride100/Ligong_80_000196,merge_test_700-1800_cr0.95_stride100,Ligong_80_000196,1,12,0,UAV/0.JPG,map2019/merge_test_700-1800_cr0.95_stride100/Ligong_80_000196/UAV/0.JPG
map2019/merge_test_700-1800_cr0.95_stride100/Ligong_80_000197,merge_test_700-1800_cr0.95_stride100,Ligong_80_000197,1,12,0,UAV/0.JPG,map2019/merge_test_700-1800_cr0.95_stride100/Ligong_80_000197/UAV/0.JPG
map2019/merge_test_700-1800_cr0.95_stride100/Ligong_80_000198,merge_test_700-1800_cr0.95_stride100,Ligong_80_000198,1,12,0,UAV/0.JPG,map2019/merge_test_700-1800_cr0.95_stride100/Ligong_80_000198/UAV/0.JPG
map2019/merge_test_700-1800_cr0.95_stride100/Ligong_80_000199,merge_test_700-1800_cr0.95_stride100,Ligong_80_000199,1,12,0,UAV/0.JPG,map2019/merge_test_700-1800_cr0.95_stride100/Ligong_80_000199/UAV/0.JPG
map2019/merge_test_700-1800_cr0.95_stride100/Ligong_90_000000,merge_test_700-1800_cr0.95_stride100,Ligong_90_000000,1,12,0,UAV/0.JPG,map2019/merge_test_700-1800_cr0.95_stride100/Ligong_90_000000/UAV/0.JPG
map2019/merge_test_700-1800_cr0.95_stride100/Ligong_90_000001,merge_test_700-1800_cr0.95_stride100,Ligong_90_000001,1,12,0,UAV/0.JPG,map2019/merge_test_700-1800_cr0.95_stride100/Ligong_90_000001/UAV/0.JPG
map2019/merge_test_700-1800_cr0.95_stride100/Ligong_90_000002,merge_test_700-1800_cr0.95_stride100,Ligong_90_000002,1,12,0,UAV/0.JPG,map2019/merge_test_700-1800_cr0.95_stride100/Ligong_90_000002/UAV/0.JPG
map2019/merge_test_700-1800_cr0.95_stride100/Ligong_90_000003,merge_test_700-1800_cr0.95_stride100,Ligong_90_000003,1,12,0,UAV/0.JPG,map2019/merge_test_700-1800_cr0.95_stride100/Ligong_90_000003/UAV/0.JPG
map2019/merge_test_700-1800_cr0.95_stride100/Ligong_90_000004,merge_test_700-1800_cr0.95_stride100,Ligong_90_000004,1,12,0,UAV/0.JPG,map2019/merge_test_700-1800_cr0.95_stride100/Ligong_90_000004/UAV/0.JPG
map2019/merge_test_700-1800_cr0.95_stride100/Ligong_90_000005,merge_test_700-1800_cr0.95_stride100,Ligong_90_000005,1,12,0,UAV/0.JPG,map2019/merge_test_700-1800_cr0.95_stride100/Ligong_90_000005/UAV/0.JPG
map2019/merge_test_700-1800_cr0.95_stride100/Ligong_90_000006,merge_test_700-1800_cr0.95_stride100,Ligong_90_000006,1,12,0,UAV/0.JPG,map2019/merge_test_700-1800_cr0.95_stride100/Ligong_90_000006/UAV/0.JPG
map2019/merge_test_700-1800_cr0.95_stride100/Ligong_90_000007,merge_test_700-1800_cr0.95_stride100,Ligong_90_000007,1,12,0,UAV/0.JPG,map2019/merge_test_700-1800_cr0.95_stride100/Ligong_90_000007/UAV/0.JPG
map2019/merge_test_700-1800_cr0.95_stride100/Ligong_90_000008,merge_test_700-1800_cr0.95_stride100,Ligong_90_000008,1,12,0,UAV/0.JPG,map2019/merge_test_700-1800_cr0.95_stride100/Ligong_90_000008/UAV/0.JPG
map2019/merge_test_700-1800_cr0.95_stride100/Ligong_90_000009,merge_test_700-1800_cr0.95_stride100,Ligong_90_000009,1,12,0,UAV/0.JPG,map2019/merge_test_700-1800_cr0.95_stride100/Ligong_90_000009/UAV/0.JPG
map2019/merge_test_700-1800_cr0.95_stride100/Ligong_90_000010,merge_test_700-1800_cr0.95_stride100,Ligong_90_000010,1,12,0,UAV/0.JPG,map2019/merge_test_700-1800_cr0.95_stride100/Ligong_90_000010/UAV/0.JPG
map2019/merge_test_700-1800_cr0.95_stride100/Ligong_90_000011,merge_test_700-1800_cr0.95_stride100,Ligong_90_000011,1,12,0,UAV/0.JPG,map2019/merge_test_700-1800_cr0.95_stride100/Ligong_90_000011/UAV/0.JPG
map2019/merge_test_700-1800_cr0.95_stride100/Ligong_90_000012,merge_test_700-1800_cr0.95_stride100,Ligong_90_000012,1,12,0,UAV/0.JPG,map2019/merge_test_700-1800_cr0.95_stride100/Ligong_90_000012/UAV/0.JPG
map2019/merge_test_700-1800_cr0.95_stride100/Ligong_90_000013,merge_test_700-1800_cr0.95_stride100,Ligong_90_000013,1,12,0,UAV/0.JPG,map2019/merge_test_700-1800_cr0.95_stride100/Ligong_90_000013/UAV/0.JPG
map2019/merge_test_700-1800_cr0.95_stride100/Ligong_90_000014,merge_test_700-1800_cr0.95_stride100,Ligong_90_000014,1,12,0,UAV/0.JPG,map2019/merge_test_700-1800_cr0.95_stride100/Ligong_90_000014/UAV/0.JPG
map2019/merge_test_700-1800_cr0.95_stride100/Ligong_90_000015,merge_test_700-1800_cr0.95_stride100,Ligong_90_000015,1,12,0,UAV/0.JPG,map2019/merge_test_700-1800_cr0.95_stride100/Ligong_90_000015/UAV/0.JPG
map2019/merge_test_700-1800_cr0.95_stride100/Ligong_90_000016,merge_test_700-1800_cr0.95_stride100,Ligong_90_000016,1,12,0,UAV/0.JPG,map2019/merge_test_700-1800_cr0.95_stride100/Ligong_90_000016/UAV/0.JPG
map2019/merge_test_700-1800_cr0.95_stride100/Ligong_90_000017,merge_test_700-1800_cr0.95_stride100,Ligong_90_000017,1,12,0,UAV/0.JPG,map2019/merge_test_700-1800_cr0.95_stride100/Ligong_90_000017/UAV/0.JPG
map2019/merge_test_700-1800_cr0.95_stride100/Ligong_90_000018,merge_test_700-1800_cr0.95_stride100,Ligong_90_000018,1,12,0,UAV/0.JPG,map2019/merge_test_700-1800_cr0.95_stride100/Ligong_90_000018/UAV/0.JPG
map2019/merge_test_700-1800_cr0.95_stride100/Ligong_90_000019,merge_test_700-1800_cr0.95_stride100,Ligong_90_000019,1,12,0,UAV/0.JPG,map2019/merge_test_700-1800_cr0.95_stride100/Ligong_90_000019/UAV/0.JPG
map2019/merge_test_700-1800_cr0.95_stride100/Ligong_90_000020,merge_test_700-1800_cr0.95_stride100,Ligong_90_000020,1,12,0,UAV/0.JPG,map2019/merge_test_700-1800_cr0.95_stride100/Ligong_90_000020/UAV/0.JPG
map2019/merge_test_700-1800_cr0.95_stride100/Ligong_90_000021,merge_test_700-1800_cr0.95_stride100,Ligong_90_000021,1,12,0,UAV/0.JPG,map2019/merge_test_700-1800_cr0.95_stride100/Ligong_90_000021/UAV/0.JPG
map2019/merge_test_700-1800_cr0.95_stride100/Ligong_90_000022,merge_test_700-1800_cr0.95_stride100,Ligong_90_000022,1,12,0,UAV/0.JPG,map2019/merge_test_700-1800_cr0.95_stride100/Ligong_90_000022/UAV/0.JPG
map2019/merge_test_700-1800_cr0.95_stride100/Ligong_90_000023,merge_test_700-1800_cr0.95_stride100,Ligong_90_000023,1,12,0,UAV/0.JPG,map2019/merge_test_700-1800_cr0.95_stride100/Ligong_90_000023/UAV/0.JPG
map2019/merge_test_700-1800_cr0.95_stride100/Ligong_90_000024,merge_test_700-1800_cr0.95_stride100,Ligong_90_000024,1,12,0,UAV/0.JPG,map2019/merge_test_700-1800_cr0.95_stride100/Ligong_90_000024/UAV/0.JPG
map2019/merge_test_700-1800_cr0.95_stride100/Ligong_90_000025,merge_test_700-1800_cr0.95_stride100,Ligong_90_000025,1,12,0,UAV/0.JPG,map2019/merge_test_700-1800_cr0.95_stride100/Ligong_90_000025/UAV/0.JPG
map2019/merge_test_700-1800_cr0.95_stride100/Ligong_90_000026,merge_test_700-1800_cr0.95_stride100,Ligong_90_000026,1,12,0,UAV/0.JPG,map2019/merge_test_700-1800_cr0.95_stride100/Ligong_90_000026/UAV/0.JPG
map2019/merge_test_700-1800_cr0.95_stride100/Ligong_90_000027,merge_test_700-1800_cr0.95_stride100,Ligong_90_000027,1,12,0,UAV/0.JPG,map2019/merge_test_700-1800_cr0.95_stride100/Ligong_90_000027/UAV/0.JPG
map2019/merge_test_700-1800_cr0.95_stride100/Ligong_90_000028,merge_test_700-1800_cr0.95_stride100,Ligong_90_000028,1,12,0,UAV/0.JPG,map2019/merge_test_700-1800_cr0.95_stride100/Ligong_90_000028/UAV/0.JPG
map2019/merge_test_700-1800_cr0.95_stride100/Ligong_90_000029,merge_test_700-1800_cr0.95_stride100,Ligong_90_000029,1,12,0,UAV/0.JPG,map2019/merge_test_700-1800_cr0.95_stride100/Ligong_90_000029/UAV/0.JPG
map2019/merge_test_700-1800_cr0.95_stride100/Ligong_90_000030,merge_test_700-1800_cr0.95_stride100,Ligong_90_000030,1,12,0,UAV/0.JPG,map2019/merge_test_700-1800_cr0.95_stride100/Ligong_90_000030/UAV/0.JPG
map2019/merge_test_700-1800_cr0.95_stride100/Ligong_90_000031,merge_test_700-1800_cr0.95_stride100,Ligong_90_000031,1,12,0,UAV/0.JPG,map2019/merge_test_700-1800_cr0.95_stride100/Ligong_90_000031/UAV/0.JPG
map2019/merge_test_700-1800_cr0.95_stride100/Ligong_90_000032,merge_test_700-1800_cr0.95_stride100,Ligong_90_000032,1,12,0,UAV/0.JPG,map2019/merge_test_700-1800_cr0.95_stride100/Ligong_90_000032/UAV/0.JPG
map2019/merge_test_700-1800_cr0.95_stride100/Ligong_90_000033,merge_test_700-1800_cr0.95_stride100,Ligong_90_000033,1,12,0,UAV/0.JPG,map2019/merge_test_700-1800_cr0.95_stride100/Ligong_90_000033/UAV/0.JPG
map2019/merge_test_700-1800_cr0.95_stride100/Ligong_90_000034,merge_test_700-1800_cr0.95_stride100,Ligong_90_000034,1,12,0,UAV/0.JPG,map2019/merge_test_700-1800_cr0.95_stride100/Ligong_90_000034/UAV/0.JPG
map2019/merge_test_700-1800_cr0.95_stride100/Ligong_90_000035,merge_test_700-1800_cr0.95_stride100,Ligong_90_000035,1,12,0,UAV/0.JPG,map2019/merge_test_700-1800_cr0.95_stride100/Ligong_90_000035/UAV/0.JPG
map2019/merge_test_700-1800_cr0.95_stride100/Ligong_90_000036,merge_test_700-1800_cr0.95_stride100,Ligong_90_000036,1,12,0,UAV/0.JPG,map2019/merge_test_700-1800_cr0.95_stride100/Ligong_90_000036/UAV/0.JPG
map2019/merge_test_700-1800_cr0.95_stride100/Ligong_90_000037,merge_test_700-1800_cr0.95_stride100,Ligong_90_000037,1,12,0,UAV/0.JPG,map2019/merge_test_700-1800_cr0.95_stride100/Ligong_90_000037/UAV/0.JPG
map2019/merge_test_700-1800_cr0.95_stride100/Ligong_90_000038,merge_test_700-1800_cr0.95_stride100,Ligong_90_000038,1,12,0,UAV/0.JPG,map2019/merge_test_700-1800_cr0.95_stride100/Ligong_90_000038/UAV/0.JPG
map2019/merge_test_700-1800_cr0.95_stride100/Ligong_90_000039,merge_test_700-1800_cr0.95_stride100,Ligong_90_000039,1,12,0,UAV/0.JPG,map2019/merge_test_700-1800_cr0.95_stride100/Ligong_90_000039/UAV/0.JPG
map2019/merge_test_700-1800_cr0.95_stride100/Ligong_90_000040,merge_test_700-1800_cr0.95_stride100,Ligong_90_000040,1,12,0,UAV/0.JPG,map2019/merge_test_700-1800_cr0.95_stride100/Ligong_90_000040/UAV/0.JPG
map2019/merge_test_700-1800_cr0.95_stride100/Ligong_90_000041,merge_test_700-1800_cr0.95_stride100,Ligong_90_000041,1,12,0,UAV/0.JPG,map2019/merge_test_700-1800_cr0.95_stride100/Ligong_90_000041/UAV/0.JPG
map2019/merge_test_700-1800_cr0.95_stride100/Ligong_90_000042,merge_test_700-1800_cr0.95_stride100,Ligong_90_000042,1,12,0,UAV/0.JPG,map2019/merge_test_700-1800_cr0.95_stride100/Ligong_90_000042/UAV/0.JPG
map2019/merge_test_700-1800_cr0.95_stride100/Ligong_90_000043,merge_test_700-1800_cr0.95_stride100,Ligong_90_000043,1,12,0,UAV/0.JPG,map2019/merge_test_700-1800_cr0.95_stride100/Ligong_90_000043/UAV/0.JPG
map2019/merge_test_700-1800_cr0.95_stride100/Ligong_90_000044,merge_test_700-1800_cr0.95_stride100,Ligong_90_000044,1,12,0,UAV/0.JPG,map2019/merge_test_700-1800_cr0.95_stride100/Ligong_90_000044/UAV/0.JPG
map2019/merge_test_700-1800_cr0.95_stride100/Ligong_90_000045,merge_test_700-1800_cr0.95_stride100,Ligong_90_000045,1,12,0,UAV/0.JPG,map2019/merge_test_700-1800_cr0.95_stride100/Ligong_90_000045/UAV/0.JPG
map2019/merge_test_700-1800_cr0.95_stride100/Ligong_90_000046,merge_test_700-1800_cr0.95_stride100,Ligong_90_000046,1,12,0,UAV/0.JPG,map2019/merge_test_700-1800_cr0.95_stride100/Ligong_90_000046/UAV/0.JPG
map2019/merge_test_700-1800_cr0.95_stride100/Ligong_90_000047,merge_test_700-1800_cr0.95_stride100,Ligong_90_000047,1,12,0,UAV/0.JPG,map2019/merge_test_700-1800_cr0.95_stride100/Ligong_90_000047/UAV/0.JPG
map2019/merge_test_700-1800_cr0.95_stride100/Ligong_90_000048,merge_test_700-1800_cr0.95_stride100,Ligong_90_000048,1,12,0,UAV/0.JPG,map2019/merge_test_700-1800_cr0.95_stride100/Ligong_90_000048/UAV/0.JPG
map2019/merge_test_700-1800_cr0.95_stride100/Ligong_90_000049,merge_test_700-1800_cr0.95_stride100,Ligong_90_000049,1,12,0,UAV/0.JPG,map2019/merge_test_700-1800_cr0.95_stride100/Ligong_90_000049/UAV/0.JPG
map2019/merge_test_700-1800_cr0.95_stride100/Ligong_90_000050,merge_test_700-1800_cr0.95_stride100,Ligong_90_000050,1,12,0,UAV/0.JPG,map2019/merge_test_700-1800_cr0.95_stride100/Ligong_90_000050/UAV/0.JPG
map2019/merge_test_700-1800_cr0.95_stride100/Ligong_90_000051,merge_test_700-1800_cr0.95_stride100,Ligong_90_000051,1,12,0,UAV/0.JPG,map2019/merge_test_700-1800_cr0.95_stride100/Ligong_90_000051/UAV/0.JPG
map2019/merge_test_700-1800_cr0.95_stride100/Ligong_90_000052,merge_test_700-1800_cr0.95_stride100,Ligong_90_000052,1,12,0,UAV/0.JPG,map2019/merge_test_700-1800_cr0.95_stride100/Ligong_90_000052/UAV/0.JPG
map2019/merge_test_700-1800_cr0.95_stride100/Ligong_90_000053,merge_test_700-1800_cr0.95_stride100,Ligong_90_000053,1,12,0,UAV/0.JPG,map2019/merge_test_700-1800_cr0.95_stride100/Ligong_90_000053/UAV/0.JPG
map2019/merge_test_700-1800_cr0.95_stride100/Ligong_90_000054,merge_test_700-1800_cr0.95_stride100,Ligong_90_000054,1,12,0,UAV/0.JPG,map2019/merge_test_700-1800_cr0.95_stride100/Ligong_90_000054/UAV/0.JPG
map2019/merge_test_700-1800_cr0.95_stride100/Ligong_90_000055,merge_test_700-1800_cr0.95_stride100,Ligong_90_000055,1,12,0,UAV/0.JPG,map2019/merge_test_700-1800_cr0.95_stride100/Ligong_90_000055/UAV/0.JPG
map2019/merge_test_700-1800_cr0.95_stride100/Ligong_90_000056,merge_test_700-1800_cr0.95_stride100,Ligong_90_000056,1,12,0,UAV/0.JPG,map2019/merge_test_700-1800_cr0.95_stride100/Ligong_90_000056/UAV/0.JPG
map2019/merge_test_700-1800_cr0.95_stride100/Ligong_90_000057,merge_test_700-1800_cr0.95_stride100,Ligong_90_000057,1,12,0,UAV/0.JPG,map2019/merge_test_700-1800_cr0.95_stride100/Ligong_90_000057/UAV/0.JPG
map2019/merge_test_700-1800_cr0.95_stride100/Ligong_90_000058,merge_test_700-1800_cr0.95_stride100,Ligong_90_000058,1,12,0,UAV/0.JPG,map2019/merge_test_700-1800_cr0.95_stride100/Ligong_90_000058/UAV/0.JPG
map2019/merge_test_700-1800_cr0.95_stride100/Ligong_90_000059,merge_test_700-1800_cr0.95_stride100,Ligong_90_000059,1,12,0,UAV/0.JPG,map2019/merge_test_700-1800_cr0.95_stride100/Ligong_90_000059/UAV/0.JPG
map2019/merge_test_700-1800_cr0.95_stride100/Ligong_90_000060,merge_test_700-1800_cr0.95_stride100,Ligong_90_000060,1,12,0,UAV/0.JPG,map2019/merge_test_700-1800_cr0.95_stride100/Ligong_90_000060/UAV/0.JPG
map2019/merge_test_700-1800_cr0.95_stride100/Ligong_90_000061,merge_test_700-1800_cr0.95_stride100,Ligong_90_000061,1,12,0,UAV/0.JPG,map2019/merge_test_700-1800_cr0.95_stride100/Ligong_90_000061/UAV/0.JPG
map2019/merge_test_700-1800_cr0.95_stride100/Ligong_90_000062,merge_test_700-1800_cr0.95_stride100,Ligong_90_000062,1,12,0,UAV/0.JPG,map2019/merge_test_700-1800_cr0.95_stride100/Ligong_90_000062/UAV/0.JPG
map2019/merge_test_700-1800_cr0.95_stride100/Ligong_90_000063,merge_test_700-1800_cr0.95_stride100,Ligong_90_000063,1,12,0,UAV/0.JPG,map2019/merge_test_700-1800_cr0.95_stride100/Ligong_90_000063/UAV/0.JPG
map2019/merge_test_700-1800_cr0.95_stride100/Ligong_90_000064,merge_test_700-1800_cr0.95_stride100,Ligong_90_000064,1,12,0,UAV/0.JPG,map2019/merge_test_700-1800_cr0.95_stride100/Ligong_90_000064/UAV/0.JPG
map2019/merge_test_700-1800_cr0.95_stride100/Ligong_90_000065,merge_test_700-1800_cr0.95_stride100,Ligong_90_000065,1,12,0,UAV/0.JPG,map2019/merge_test_700-1800_cr0.95_stride100/Ligong_90_000065/UAV/0.JPG
map2019/merge_test_700-1800_cr0.95_stride100/Ligong_90_000066,merge_test_700-1800_cr0.95_stride100,Ligong_90_000066,1,12,0,UAV/0.JPG,map2019/merge_test_700-1800_cr0.95_stride100/Ligong_90_000066/UAV/0.JPG
map2019/merge_test_700-1800_cr0.95_stride100/Ligong_90_000067,merge_test_700-1800_cr0.95_stride100,Ligong_90_000067,1,12,0,UAV/0.JPG,map2019/merge_test_700-1800_cr0.95_stride100/Ligong_90_000067/UAV/0.JPG
map2019/merge_test_700-1800_cr0.95_stride100/Ligong_90_000068,merge_test_700-1800_cr0.95_stride100,Ligong_90_000068,1,12,0,UAV/0.JPG,map2019/merge_test_700-1800_cr0.95_stride100/Ligong_90_000068/UAV/0.JPG
map2019/merge_test_700-1800_cr0.95_stride100/Ligong_90_000069,merge_test_700-1800_cr0.95_stride100,Ligong_90_000069,1,12,0,UAV/0.JPG,map2019/merge_test_700-1800_cr0.95_stride100/Ligong_90_000069/UAV/0.JPG
map2019/merge_test_700-1800_cr0.95_stride100/Ligong_90_000070,merge_test_700-1800_cr0.95_stride100,Ligong_90_000070,1,12,0,UAV/0.JPG,map2019/merge_test_700-1800_cr0.95_stride100/Ligong_90_000070/UAV/0.JPG
map2019/merge_test_700-1800_cr0.95_stride100/Ligong_90_000071,merge_test_700-1800_cr0.95_stride100,Ligong_90_000071,1,12,0,UAV/0.JPG,map2019/merge_test_700-1800_cr0.95_stride100/Ligong_90_000071/UAV/0.JPG
map2019/merge_test_700-1800_cr0.95_stride100/Ligong_90_000072,merge_test_700-1800_cr0.95_stride100,Ligong_90_000072,1,12,0,UAV/0.JPG,map2019/merge_test_700-1800_cr0.95_stride100/Ligong_90_000072/UAV/0.JPG
map2019/merge_test_700-1800_cr0.95_stride100/Ligong_90_000073,merge_test_700-1800_cr0.95_stride100,Ligong_90_000073,1,12,0,UAV/0.JPG,map2019/merge_test_700-1800_cr0.95_stride100/Ligong_90_000073/UAV/0.JPG
map2019/merge_test_700-1800_cr0.95_stride100/Ligong_90_000074,merge_test_700-1800_cr0.95_stride100,Ligong_90_000074,1,12,0,UAV/0.JPG,map2019/merge_test_700-1800_cr0.95_stride100/Ligong_90_000074/UAV/0.JPG
map2019/merge_test_700-1800_cr0.95_stride100/Ligong_90_000075,merge_test_700-1800_cr0.95_stride100,Ligong_90_000075,1,12,0,UAV/0.JPG,map2019/merge_test_700-1800_cr0.95_stride100/Ligong_90_000075/UAV/0.JPG
map2019/merge_test_700-1800_cr0.95_stride100/Ligong_90_000076,merge_test_700-1800_cr0.95_stride100,Ligong_90_000076,1,12,0,UAV/0.JPG,map2019/merge_test_700-1800_cr0.95_stride100/Ligong_90_000076/UAV/0.JPG
map2019/merge_test_700-1800_cr0.95_stride100/Ligong_90_000077,merge_test_700-1800_cr0.95_stride100,Ligong_90_000077,1,12,0,UAV/0.JPG,map2019/merge_test_700-1800_cr0.95_stride100/Ligong_90_000077/UAV/0.JPG
map2019/merge_test_700-1800_cr0.95_stride100/Ligong_90_000078,merge_test_700-1800_cr0.95_stride100,Ligong_90_000078,1,12,0,UAV/0.JPG,map2019/merge_test_700-1800_cr0.95_stride100/Ligong_90_000078/UAV/0.JPG
map2019/merge_test_700-1800_cr0.95_stride100/Ligong_90_000079,merge_test_700-1800_cr0.95_stride100,Ligong_90_000079,1,12,0,UAV/0.JPG,map2019/merge_test_700-1800_cr0.95_stride100/Ligong_90_000079/UAV/0.JPG
map2019/merge_test_700-1800_cr0.95_stride100/Ligong_90_000080,merge_test_700-1800_cr0.95_stride100,Ligong_90_000080,1,12,0,UAV/0.JPG,map2019/merge_test_700-1800_cr0.95_stride100/Ligong_90_000080/UAV/0.JPG
map2019/merge_test_700-1800_cr0.95_stride100/Ligong_90_000081,merge_test_700-1800_cr0.95_stride100,Ligong_90_000081,1,12,0,UAV/0.JPG,map2019/merge_test_700-1800_cr0.95_stride100/Ligong_90_000081/UAV/0.JPG
map2019/merge_test_700-1800_cr0.95_stride100/Ligong_90_000082,merge_test_700-1800_cr0.95_stride100,Ligong_90_000082,1,12,0,UAV/0.JPG,map2019/merge_test_700-1800_cr0.95_stride100/Ligong_90_000082/UAV/0.JPG
map2019/merge_test_700-1800_cr0.95_stride100/Ligong_90_000083,merge_test_700-1800_cr0.95_stride100,Ligong_90_000083,1,12,0,UAV/0.JPG,map2019/merge_test_700-1800_cr0.95_stride100/Ligong_90_000083/UAV/0.JPG
map2019/merge_test_700-1800_cr0.95_stride100/Ligong_90_000084,merge_test_700-1800_cr0.95_stride100,Ligong_90_000084,1,12,0,UAV/0.JPG,map2019/merge_test_700-1800_cr0.95_stride100/Ligong_90_000084/UAV/0.JPG
map2019/merge_test_700-1800_cr0.95_stride100/Ligong_90_000085,merge_test_700-1800_cr0.95_stride100,Ligong_90_000085,1,12,0,UAV/0.JPG,map2019/merge_test_700-1800_cr0.95_stride100/Ligong_90_000085/UAV/0.JPG
map2019/merge_test_700-1800_cr0.95_stride100/Ligong_90_000086,merge_test_700-1800_cr0.95_stride100,Ligong_90_000086,1,12,0,UAV/0.JPG,map2019/merge_test_700-1800_cr0.95_stride100/Ligong_90_000086/UAV/0.JPG
map2019/merge_test_700-1800_cr0.95_stride100/Ligong_90_000087,merge_test_700-1800_cr0.95_stride100,Ligong_90_000087,1,12,0,UAV/0.JPG,map2019/merge_test_700-1800_cr0.95_stride100/Ligong_90_000087/UAV/0.JPG
map2019/merge_test_700-1800_cr0.95_stride100/Ligong_90_000088,merge_test_700-1800_cr0.95_stride100,Ligong_90_000088,1,12,0,UAV/0.JPG,map2019/merge_test_700-1800_cr0.95_stride100/Ligong_90_000088/UAV/0.JPG
map2019/merge_test_700-1800_cr0.95_stride100/Ligong_90_000089,merge_test_700-1800_cr0.95_stride100,Ligong_90_000089,1,12,0,UAV/0.JPG,map2019/merge_test_700-1800_cr0.95_stride100/Ligong_90_000089/UAV/0.JPG
map2019/merge_test_700-1800_cr0.95_stride100/Ligong_90_000090,merge_test_700-1800_cr0.95_stride100,Ligong_90_000090,1,12,0,UAV/0.JPG,map2019/merge_test_700-1800_cr0.95_stride100/Ligong_90_000090/UAV/0.JPG
map2019/merge_test_700-1800_cr0.95_stride100/Ligong_90_000091,merge_test_700-1800_cr0.95_stride100,Ligong_90_000091,1,12,0,UAV/0.JPG,map2019/merge_test_700-1800_cr0.95_stride100/Ligong_90_000091/UAV/0.JPG
map2019/merge_test_700-1800_cr0.95_stride100/Ligong_90_000092,merge_test_700-1800_cr0.95_stride100,Ligong_90_000092,1,12,0,UAV/0.JPG,map2019/merge_test_700-1800_cr0.95_stride100/Ligong_90_000092/UAV/0.JPG
map2019/merge_test_700-1800_cr0.95_stride100/Ligong_90_000093,merge_test_700-1800_cr0.95_stride100,Ligong_90_000093,1,12,0,UAV/0.JPG,map2019/merge_test_700-1800_cr0.95_stride100/Ligong_90_000093/UAV/0.JPG
map2019/merge_test_700-1800_cr0.95_stride100/Ligong_90_000094,merge_test_700-1800_cr0.95_stride100,Ligong_90_000094,1,12,0,UAV/0.JPG,map2019/merge_test_700-1800_cr0.95_stride100/Ligong_90_000094/UAV/0.JPG
map2019/merge_test_700-1800_cr0.95_stride100/Ligong_90_000095,merge_test_700-1800_cr0.95_stride100,Ligong_90_000095,1,12,0,UAV/0.JPG,map2019/merge_test_700-1800_cr0.95_stride100/Ligong_90_000095/UAV/0.JPG
map2019/merge_test_700-1800_cr0.95_stride100/Ligong_90_000096,merge_test_700-1800_cr0.95_stride100,Ligong_90_000096,1,12,0,UAV/0.JPG,map2019/merge_test_700-1800_cr0.95_stride100/Ligong_90_000096/UAV/0.JPG
map2019/merge_test_700-1800_cr0.95_stride100/Ligong_90_000097,merge_test_700-1800_cr0.95_stride100,Ligong_90_000097,1,12,0,UAV/0.JPG,map2019/merge_test_700-1800_cr0.95_stride100/Ligong_90_000097/UAV/0.JPG
map2019/merge_test_700-1800_cr0.95_stride100/Ligong_90_000098,merge_test_700-1800_cr0.95_stride100,Ligong_90_000098,1,12,0,UAV/0.JPG,map2019/merge_test_700-1800_cr0.95_stride100/Ligong_90_000098/UAV/0.JPG
map2019/merge_test_700-1800_cr0.95_stride100/Ligong_90_000099,merge_test_700-1800_cr0.95_stride100,Ligong_90_000099,1,12,0,UAV/0.JPG,map2019/merge_test_700-1800_cr0.95_stride100/Ligong_90_000099/UAV/0.JPG
map2019/merge_test_700-1800_cr0.95_stride100/Ligong_90_000100,merge_test_700-1800_cr0.95_stride100,Ligong_90_000100,1,12,0,UAV/0.JPG,map2019/merge_test_700-1800_cr0.95_stride100/Ligong_90_000100/UAV/0.JPG
map2019/merge_test_700-1800_cr0.95_stride100/Ligong_90_000101,merge_test_700-1800_cr0.95_stride100,Ligong_90_000101,1,12,0,UAV/0.JPG,map2019/merge_test_700-1800_cr0.95_stride100/Ligong_90_000101/UAV/0.JPG
map2019/merge_test_700-1800_cr0.95_stride100/Ligong_90_000102,merge_test_700-1800_cr0.95_stride100,Ligong_90_000102,1,12,0,UAV/0.JPG,map2019/merge_test_700-1800_cr0.95_stride100/Ligong_90_000102/UAV/0.JPG
map2019/merge_test_700-1800_cr0.95_stride100/Ligong_90_000103,merge_test_700-1800_cr0.95_stride100,Ligong_90_000103,1,12,0,UAV/0.JPG,map2019/merge_test_700-1800_cr0.95_stride100/Ligong_90_000103/UAV/0.JPG
map2019/merge_test_700-1800_cr0.95_stride100/Ligong_90_000104,merge_test_700-1800_cr0.95_stride100,Ligong_90_000104,1,12,0,UAV/0.JPG,map2019/merge_test_700-1800_cr0.95_stride100/Ligong_90_000104/UAV/0.JPG
map2019/merge_test_700-1800_cr0.95_stride100/Ligong_90_000105,merge_test_700-1800_cr0.95_stride100,Ligong_90_000105,1,12,0,UAV/0.JPG,map2019/merge_test_700-1800_cr0.95_stride100/Ligong_90_000105/UAV/0.JPG
map2019/merge_test_700-1800_cr0.95_stride100/Ligong_90_000106,merge_test_700-1800_cr0.95_stride100,Ligong_90_000106,1,12,0,UAV/0.JPG,map2019/merge_test_700-1800_cr0.95_stride100/Ligong_90_000106/UAV/0.JPG
map2019/merge_test_700-1800_cr0.95_stride100/Ligong_90_000107,merge_test_700-1800_cr0.95_stride100,Ligong_90_000107,1,12,0,UAV/0.JPG,map2019/merge_test_700-1800_cr0.95_stride100/Ligong_90_000107/UAV/0.JPG
map2019/merge_test_700-1800_cr0.95_stride100/Ligong_90_000108,merge_test_700-1800_cr0.95_stride100,Ligong_90_000108,1,12,0,UAV/0.JPG,map2019/merge_test_700-1800_cr0.95_stride100/Ligong_90_000108/UAV/0.JPG
map2019/merge_test_700-1800_cr0.95_stride100/Ligong_90_000109,merge_test_700-1800_cr0.95_stride100,Ligong_90_000109,1,12,0,UAV/0.JPG,map2019/merge_test_700-1800_cr0.95_stride100/Ligong_90_000109/UAV/0.JPG
map2019/merge_test_700-1800_cr0.95_stride100/Ligong_90_000110,merge_test_700-1800_cr0.95_stride100,Ligong_90_000110,1,12,0,UAV/0.JPG,map2019/merge_test_700-1800_cr0.95_stride100/Ligong_90_000110/UAV/0.JPG
map2019/merge_test_700-1800_cr0.95_stride100/Ligong_90_000111,merge_test_700-1800_cr0.95_stride100,Ligong_90_000111,1,12,0,UAV/0.JPG,map2019/merge_test_700-1800_cr0.95_stride100/Ligong_90_000111/UAV/0.JPG
map2019/merge_test_700-1800_cr0.95_stride100/Ligong_90_000112,merge_test_700-1800_cr0.95_stride100,Ligong_90_000112,1,12,0,UAV/0.JPG,map2019/merge_test_700-1800_cr0.95_stride100/Ligong_90_000112/UAV/0.JPG
map2019/merge_test_700-1800_cr0.95_stride100/Ligong_90_000113,merge_test_700-1800_cr0.95_stride100,Ligong_90_000113,1,12,0,UAV/0.JPG,map2019/merge_test_700-1800_cr0.95_stride100/Ligong_90_000113/UAV/0.JPG
map2019/merge_test_700-1800_cr0.95_stride100/Ligong_90_000114,merge_test_700-1800_cr0.95_stride100,Ligong_90_000114,1,12,0,UAV/0.JPG,map2019/merge_test_700-1800_cr0.95_stride100/Ligong_90_000114/UAV/0.JPG
map2019/merge_test_700-1800_cr0.95_stride100/Ligong_90_000115,merge_test_700-1800_cr0.95_stride100,Ligong_90_000115,1,12,0,UAV/0.JPG,map2019/merge_test_700-1800_cr0.95_stride100/Ligong_90_000115/UAV/0.JPG
map2019/merge_test_700-1800_cr0.95_stride100/Ligong_90_000116,merge_test_700-1800_cr0.95_stride100,Ligong_90_000116,1,12,0,UAV/0.JPG,map2019/merge_test_700-1800_cr0.95_stride100/Ligong_90_000116/UAV/0.JPG
map2019/merge_test_700-1800_cr0.95_stride100/Ligong_90_000117,merge_test_700-1800_cr0.95_stride100,Ligong_90_000117,1,12,0,UAV/0.JPG,map2019/merge_test_700-1800_cr0.95_stride100/Ligong_90_000117/UAV/0.JPG
map2019/merge_test_700-1800_cr0.95_stride100/Ligong_90_000118,merge_test_700-1800_cr0.95_stride100,Ligong_90_000118,1,12,0,UAV/0.JPG,map2019/merge_test_700-1800_cr0.95_stride100/Ligong_90_000118/UAV/0.JPG
map2019/merge_test_700-1800_cr0.95_stride100/Ligong_90_000119,merge_test_700-1800_cr0.95_stride100,Ligong_90_000119,1,12,0,UAV/0.JPG,map2019/merge_test_700-1800_cr0.95_stride100/Ligong_90_000119/UAV/0.JPG
map2019/merge_test_700-1800_cr0.95_stride100/Ligong_90_000120,merge_test_700-1800_cr0.95_stride100,Ligong_90_000120,1,12,0,UAV/0.JPG,map2019/merge_test_700-1800_cr0.95_stride100/Ligong_90_000120/UAV/0.JPG
map2019/merge_test_700-1800_cr0.95_stride100/Ligong_90_000121,merge_test_700-1800_cr0.95_stride100,Ligong_90_000121,1,12,0,UAV/0.JPG,map2019/merge_test_700-1800_cr0.95_stride100/Ligong_90_000121/UAV/0.JPG
map2019/merge_test_700-1800_cr0.95_stride100/Ligong_90_000122,merge_test_700-1800_cr0.95_stride100,Ligong_90_000122,1,12,0,UAV/0.JPG,map2019/merge_test_700-1800_cr0.95_stride100/Ligong_90_000122/UAV/0.JPG
map2019/merge_test_700-1800_cr0.95_stride100/Ligong_90_000123,merge_test_700-1800_cr0.95_stride100,Ligong_90_000123,1,12,0,UAV/0.JPG,map2019/merge_test_700-1800_cr0.95_stride100/Ligong_90_000123/UAV/0.JPG
map2019/merge_test_700-1800_cr0.95_stride100/Ligong_90_000124,merge_test_700-1800_cr0.95_stride100,Ligong_90_000124,1,12,0,UAV/0.JPG,map2019/merge_test_700-1800_cr0.95_stride100/Ligong_90_000124/UAV/0.JPG
map2019/merge_test_700-1800_cr0.95_stride100/Ligong_90_000125,merge_test_700-1800_cr0.95_stride100,Ligong_90_000125,1,12,0,UAV/0.JPG,map2019/merge_test_700-1800_cr0.95_stride100/Ligong_90_000125/UAV/0.JPG
map2019/merge_test_700-1800_cr0.95_stride100/Ligong_90_000126,merge_test_700-1800_cr0.95_stride100,Ligong_90_000126,1,12,0,UAV/0.JPG,map2019/merge_test_700-1800_cr0.95_stride100/Ligong_90_000126/UAV/0.JPG
map2019/merge_test_700-1800_cr0.95_stride100/Ligong_90_000127,merge_test_700-1800_cr0.95_stride100,Ligong_90_000127,1,12,0,UAV/0.JPG,map2019/merge_test_700-1800_cr0.95_stride100/Ligong_90_000127/UAV/0.JPG
map2019/merge_test_700-1800_cr0.95_stride100/Ligong_90_000128,merge_test_700-1800_cr0.95_stride100,Ligong_90_000128,1,12,0,UAV/0.JPG,map2019/merge_test_700-1800_cr0.95_stride100/Ligong_90_000128/UAV/0.JPG
map2019/merge_test_700-1800_cr0.95_stride100/Ligong_90_000129,merge_test_700-1800_cr0.95_stride100,Ligong_90_000129,1,12,0,UAV/0.JPG,map2019/merge_test_700-1800_cr0.95_stride100/Ligong_90_000129/UAV/0.JPG
map2019/merge_test_700-1800_cr0.95_stride100/Ligong_90_000130,merge_test_700-1800_cr0.95_stride100,Ligong_90_000130,1,12,0,UAV/0.JPG,map2019/merge_test_700-1800_cr0.95_stride100/Ligong_90_000130/UAV/0.JPG
map2019/merge_test_700-1800_cr0.95_stride100/Ligong_90_000131,merge_test_700-1800_cr0.95_stride100,Ligong_90_000131,1,12,0,UAV/0.JPG,map2019/merge_test_700-1800_cr0.95_stride100/Ligong_90_000131/UAV/0.JPG
map2019/merge_test_700-1800_cr0.95_stride100/Ligong_90_000132,merge_test_700-1800_cr0.95_stride100,Ligong_90_000132,1,12,0,UAV/0.JPG,map2019/merge_test_700-1800_cr0.95_stride100/Ligong_90_000132/UAV/0.JPG
map2019/merge_test_700-1800_cr0.95_stride100/Ligong_90_000133,merge_test_700-1800_cr0.95_stride100,Ligong_90_000133,1,12,0,UAV/0.JPG,map2019/merge_test_700-1800_cr0.95_stride100/Ligong_90_000133/UAV/0.JPG
map2019/merge_test_700-1800_cr0.95_stride100/Ligong_90_000134,merge_test_700-1800_cr0.95_stride100,Ligong_90_000134,1,12,0,UAV/0.JPG,map2019/merge_test_700-1800_cr0.95_stride100/Ligong_90_000134/UAV/0.JPG
map2019/merge_test_700-1800_cr0.95_stride100/Ligong_90_000135,merge_test_700-1800_cr0.95_stride100,Ligong_90_000135,1,12,0,UAV/0.JPG,map2019/merge_test_700-1800_cr0.95_stride100/Ligong_90_000135/UAV/0.JPG
map2019/merge_test_700-1800_cr0.95_stride100/Ligong_90_000136,merge_test_700-1800_cr0.95_stride100,Ligong_90_000136,1,12,0,UAV/0.JPG,map2019/merge_test_700-1800_cr0.95_stride100/Ligong_90_000136/UAV/0.JPG
map2019/merge_test_700-1800_cr0.95_stride100/Ligong_90_000137,merge_test_700-1800_cr0.95_stride100,Ligong_90_000137,1,12,0,UAV/0.JPG,map2019/merge_test_700-1800_cr0.95_stride100/Ligong_90_000137/UAV/0.JPG
map2019/merge_test_700-1800_cr0.95_stride100/Ligong_90_000138,merge_test_700-1800_cr0.95_stride100,Ligong_90_000138,1,12,0,UAV/0.JPG,map2019/merge_test_700-1800_cr0.95_stride100/Ligong_90_000138/UAV/0.JPG
map2019/merge_test_700-1800_cr0.95_stride100/Ligong_90_000139,merge_test_700-1800_cr0.95_stride100,Ligong_90_000139,1,12,0,UAV/0.JPG,map2019/merge_test_700-1800_cr0.95_stride100/Ligong_90_000139/UAV/0.JPG
map2019/merge_test_700-1800_cr0.95_stride100/Ligong_90_000140,merge_test_700-1800_cr0.95_stride100,Ligong_90_000140,1,12,0,UAV/0.JPG,map2019/merge_test_700-1800_cr0.95_stride100/Ligong_90_000140/UAV/0.JPG
map2019/merge_test_700-1800_cr0.95_stride100/Ligong_90_000141,merge_test_700-1800_cr0.95_stride100,Ligong_90_000141,1,12,0,UAV/0.JPG,map2019/merge_test_700-1800_cr0.95_stride100/Ligong_90_000141/UAV/0.JPG
map2019/merge_test_700-1800_cr0.95_stride100/Ligong_90_000142,merge_test_700-1800_cr0.95_stride100,Ligong_90_000142,1,12,0,UAV/0.JPG,map2019/merge_test_700-1800_cr0.95_stride100/Ligong_90_000142/UAV/0.JPG
map2019/merge_test_700-1800_cr0.95_stride100/Ligong_90_000143,merge_test_700-1800_cr0.95_stride100,Ligong_90_000143,1,12,0,UAV/0.JPG,map2019/merge_test_700-1800_cr0.95_stride100/Ligong_90_000143/UAV/0.JPG
map2019/merge_test_700-1800_cr0.95_stride100/Ligong_90_000144,merge_test_700-1800_cr0.95_stride100,Ligong_90_000144,1,12,0,UAV/0.JPG,map2019/merge_test_700-1800_cr0.95_stride100/Ligong_90_000144/UAV/0.JPG
map2019/merge_test_700-1800_cr0.95_stride100/Ligong_90_000145,merge_test_700-1800_cr0.95_stride100,Ligong_90_000145,1,12,0,UAV/0.JPG,map2019/merge_test_700-1800_cr0.95_stride100/Ligong_90_000145/UAV/0.JPG
map2019/merge_test_700-1800_cr0.95_stride100/Ligong_90_000146,merge_test_700-1800_cr0.95_stride100,Ligong_90_000146,1,12,0,UAV/0.JPG,map2019/merge_test_700-1800_cr0.95_stride100/Ligong_90_000146/UAV/0.JPG
map2019/merge_test_700-1800_cr0.95_stride100/Ligong_90_000147,merge_test_700-1800_cr0.95_stride100,Ligong_90_000147,1,12,0,UAV/0.JPG,map2019/merge_test_700-1800_cr0.95_stride100/Ligong_90_000147/UAV/0.JPG
map2019/merge_test_700-1800_cr0.95_stride100/Ligong_90_000148,merge_test_700-1800_cr0.95_stride100,Ligong_90_000148,1,12,0,UAV/0.JPG,map2019/merge_test_700-1800_cr0.95_stride100/Ligong_90_000148/UAV/0.JPG
map2019/merge_test_700-1800_cr0.95_stride100/Ligong_90_000149,merge_test_700-1800_cr0.95_stride100,Ligong_90_000149,1,12,0,UAV/0.JPG,map2019/merge_test_700-1800_cr0.95_stride100/Ligong_90_000149/UAV/0.JPG
map2019/merge_test_700-1800_cr0.95_stride100/Ligong_90_000150,merge_test_700-1800_cr0.95_stride100,Ligong_90_000150,1,12,0,UAV/0.JPG,map2019/merge_test_700-1800_cr0.95_stride100/Ligong_90_000150/UAV/0.JPG
map2019/merge_test_700-1800_cr0.95_stride100/Ligong_90_000151,merge_test_700-1800_cr0.95_stride100,Ligong_90_000151,1,12,0,UAV/0.JPG,map2019/merge_test_700-1800_cr0.95_stride100/Ligong_90_000151/UAV/0.JPG
map2019/merge_test_700-1800_cr0.95_stride100/Ligong_90_000152,merge_test_700-1800_cr0.95_stride100,Ligong_90_000152,1,12,0,UAV/0.JPG,map2019/merge_test_700-1800_cr0.95_stride100/Ligong_90_000152/UAV/0.JPG
map2019/merge_test_700-1800_cr0.95_stride100/Ligong_90_000153,merge_test_700-1800_cr0.95_stride100,Ligong_90_000153,1,12,0,UAV/0.JPG,map2019/merge_test_700-1800_cr0.95_stride100/Ligong_90_000153/UAV/0.JPG
map2019/merge_test_700-1800_cr0.95_stride100/Ligong_90_000154,merge_test_700-1800_cr0.95_stride100,Ligong_90_000154,1,12,0,UAV/0.JPG,map2019/merge_test_700-1800_cr0.95_stride100/Ligong_90_000154/UAV/0.JPG
map2019/merge_test_700-1800_cr0.95_stride100/Ligong_90_000155,merge_test_700-1800_cr0.95_stride100,Ligong_90_000155,1,12,0,UAV/0.JPG,map2019/merge_test_700-1800_cr0.95_stride100/Ligong_90_000155/UAV/0.JPG
map2019/merge_test_700-1800_cr0.95_stride100/Ligong_90_000156,merge_test_700-1800_cr0.95_stride100,Ligong_90_000156,1,12,0,UAV/0.JPG,map2019/merge_test_700-1800_cr0.95_stride100/Ligong_90_000156/UAV/0.JPG
map2019/merge_test_700-1800_cr0.95_stride100/Ligong_90_000157,merge_test_700-1800_cr0.95_stride100,Ligong_90_000157,1,12,0,UAV/0.JPG,map2019/merge_test_700-1800_cr0.95_stride100/Ligong_90_000157/UAV/0.JPG
map2019/merge_test_700-1800_cr0.95_stride100/Ligong_90_000158,merge_test_700-1800_cr0.95_stride100,Ligong_90_000158,1,12,0,UAV/0.JPG,map2019/merge_test_700-1800_cr0.95_stride100/Ligong_90_000158/UAV/0.JPG
map2019/merge_test_700-1800_cr0.95_stride100/Ligong_90_000159,merge_test_700-1800_cr0.95_stride100,Ligong_90_000159,1,12,0,UAV/0.JPG,map2019/merge_test_700-1800_cr0.95_stride100/Ligong_90_000159/UAV/0.JPG
map2019/merge_test_700-1800_cr0.95_stride100/Ligong_90_000160,merge_test_700-1800_cr0.95_stride100,Ligong_90_000160,1,12,0,UAV/0.JPG,map2019/merge_test_700-1800_cr0.95_stride100/Ligong_90_000160/UAV/0.JPG
map2019/merge_test_700-1800_cr0.95_stride100/Ligong_90_000161,merge_test_700-1800_cr0.95_stride100,Ligong_90_000161,1,12,0,UAV/0.JPG,map2019/merge_test_700-1800_cr0.95_stride100/Ligong_90_000161/UAV/0.JPG
map2019/merge_test_700-1800_cr0.95_stride100/Ligong_90_000162,merge_test_700-1800_cr0.95_stride100,Ligong_90_000162,1,12,0,UAV/0.JPG,map2019/merge_test_700-1800_cr0.95_stride100/Ligong_90_000162/UAV/0.JPG
map2019/merge_test_700-1800_cr0.95_stride100/Ligong_90_000163,merge_test_700-1800_cr0.95_stride100,Ligong_90_000163,1,12,0,UAV/0.JPG,map2019/merge_test_700-1800_cr0.95_stride100/Ligong_90_000163/UAV/0.JPG
map2019/merge_test_700-1800_cr0.95_stride100/Ligong_90_000164,merge_test_700-1800_cr0.95_stride100,Ligong_90_000164,1,12,0,UAV/0.JPG,map2019/merge_test_700-1800_cr0.95_stride100/Ligong_90_000164/UAV/0.JPG
map2019/merge_test_700-1800_cr0.95_stride100/Ligong_90_000165,merge_test_700-1800_cr0.95_stride100,Ligong_90_000165,1,12,0,UAV/0.JPG,map2019/merge_test_700-1800_cr0.95_stride100/Ligong_90_000165/UAV/0.JPG
map2019/merge_test_700-1800_cr0.95_stride100/Ligong_90_000166,merge_test_700-1800_cr0.95_stride100,Ligong_90_000166,1,12,0,UAV/0.JPG,map2019/merge_test_700-1800_cr0.95_stride100/Ligong_90_000166/UAV/0.JPG
map2019/merge_test_700-1800_cr0.95_stride100/Ligong_90_000167,merge_test_700-1800_cr0.95_stride100,Ligong_90_000167,1,12,0,UAV/0.JPG,map2019/merge_test_700-1800_cr0.95_stride100/Ligong_90_000167/UAV/0.JPG
map2019/merge_test_700-1800_cr0.95_stride100/Ligong_90_000168,merge_test_700-1800_cr0.95_stride100,Ligong_90_000168,1,12,0,UAV/0.JPG,map2019/merge_test_700-1800_cr0.95_stride100/Ligong_90_000168/UAV/0.JPG
map2019/merge_test_700-1800_cr0.95_stride100/Ligong_90_000169,merge_test_700-1800_cr0.95_stride100,Ligong_90_000169,1,12,0,UAV/0.JPG,map2019/merge_test_700-1800_cr0.95_stride100/Ligong_90_000169/UAV/0.JPG
map2019/merge_test_700-1800_cr0.95_stride100/Ligong_90_000170,merge_test_700-1800_cr0.95_stride100,Ligong_90_000170,1,12,0,UAV/0.JPG,map2019/merge_test_700-1800_cr0.95_stride100/Ligong_90_000170/UAV/0.JPG
map2019/merge_test_700-1800_cr0.95_stride100/Ligong_90_000171,merge_test_700-1800_cr0.95_stride100,Ligong_90_000171,1,12,0,UAV/0.JPG,map2019/merge_test_700-1800_cr0.95_stride100/Ligong_90_000171/UAV/0.JPG
map2019/merge_test_700-1800_cr0.95_stride100/Ligong_90_000172,merge_test_700-1800_cr0.95_stride100,Ligong_90_000172,1,12,0,UAV/0.JPG,map2019/merge_test_700-1800_cr0.95_stride100/Ligong_90_000172/UAV/0.JPG
map2019/merge_test_700-1800_cr0.95_stride100/Ligong_90_000173,merge_test_700-1800_cr0.95_stride100,Ligong_90_000173,1,12,0,UAV/0.JPG,map2019/merge_test_700-1800_cr0.95_stride100/Ligong_90_000173/UAV/0.JPG
map2019/merge_test_700-1800_cr0.95_stride100/Ligong_90_000174,merge_test_700-1800_cr0.95_stride100,Ligong_90_000174,1,12,0,UAV/0.JPG,map2019/merge_test_700-1800_cr0.95_stride100/Ligong_90_000174/UAV/0.JPG
map2019/merge_test_700-1800_cr0.95_stride100/Ligong_90_000175,merge_test_700-1800_cr0.95_stride100,Ligong_90_000175,1,12,0,UAV/0.JPG,map2019/merge_test_700-1800_cr0.95_stride100/Ligong_90_000175/UAV/0.JPG
map2019/merge_test_700-1800_cr0.95_stride100/Ligong_90_000176,merge_test_700-1800_cr0.95_stride100,Ligong_90_000176,1,12,0,UAV/0.JPG,map2019/merge_test_700-1800_cr0.95_stride100/Ligong_90_000176/UAV/0.JPG
map2019/merge_test_700-1800_cr0.95_stride100/Ligong_90_000177,merge_test_700-1800_cr0.95_stride100,Ligong_90_000177,1,12,0,UAV/0.JPG,map2019/merge_test_700-1800_cr0.95_stride100/Ligong_90_000177/UAV/0.JPG
map2019/merge_test_700-1800_cr0.95_stride100/Ligong_90_000178,merge_test_700-1800_cr0.95_stride100,Ligong_90_000178,1,12,0,UAV/0.JPG,map2019/merge_test_700-1800_cr0.95_stride100/Ligong_90_000178/UAV/0.JPG
map2019/merge_test_700-1800_cr0.95_stride100/Ligong_90_000179,merge_test_700-1800_cr0.95_stride100,Ligong_90_000179,1,12,0,UAV/0.JPG,map2019/merge_test_700-1800_cr0.95_stride100/Ligong_90_000179/UAV/0.JPG
map2019/merge_test_700-1800_cr0.95_stride100/Ligong_90_000180,merge_test_700-1800_cr0.95_stride100,Ligong_90_000180,1,12,0,UAV/0.JPG,map2019/merge_test_700-1800_cr0.95_stride100/Ligong_90_000180/UAV/0.JPG
map2019/merge_test_700-1800_cr0.95_stride100/Ligong_90_000181,merge_test_700-1800_cr0.95_stride100,Ligong_90_000181,1,12,0,UAV/0.JPG,map2019/merge_test_700-1800_cr0.95_stride100/Ligong_90_000181/UAV/0.JPG
map2019/merge_test_700-1800_cr0.95_stride100/Ligong_90_000182,merge_test_700-1800_cr0.95_stride100,Ligong_90_000182,1,12,0,UAV/0.JPG,map2019/merge_test_700-1800_cr0.95_stride100/Ligong_90_000182/UAV/0.JPG
map2019/merge_test_700-1800_cr0.95_stride100/Ligong_90_000183,merge_test_700-1800_cr0.95_stride100,Ligong_90_000183,1,12,0,UAV/0.JPG,map2019/merge_test_700-1800_cr0.95_stride100/Ligong_90_000183/UAV/0.JPG
map2019/merge_test_700-1800_cr0.95_stride100/Ligong_90_000184,merge_test_700-1800_cr0.95_stride100,Ligong_90_000184,1,12,0,UAV/0.JPG,map2019/merge_test_700-1800_cr0.95_stride100/Ligong_90_000184/UAV/0.JPG
map2019/merge_test_700-1800_cr0.95_stride100/Ligong_90_000185,merge_test_700-1800_cr0.95_stride100,Ligong_90_000185,1,12,0,UAV/0.JPG,map2019/merge_test_700-1800_cr0.95_stride100/Ligong_90_000185/UAV/0.JPG
map2019/merge_test_700-1800_cr0.95_stride100/Ligong_90_000186,merge_test_700-1800_cr0.95_stride100,Ligong_90_000186,1,12,0,UAV/0.JPG,map2019/merge_test_700-1800_cr0.95_stride100/Ligong_90_000186/UAV/0.JPG
map2019/merge_test_700-1800_cr0.95_stride100/Ligong_90_000187,merge_test_700-1800_cr0.95_stride100,Ligong_90_000187,1,12,0,UAV/0.JPG,map2019/merge_test_700-1800_cr0.95_stride100/Ligong_90_000187/UAV/0.JPG
map2019/merge_test_700-1800_cr0.95_stride100/Ligong_90_000188,merge_test_700-1800_cr0.95_stride100,Ligong_90_000188,1,12,0,UAV/0.JPG,map2019/merge_test_700-1800_cr0.95_stride100/Ligong_90_000188/UAV/0.JPG
map2019/merge_test_700-1800_cr0.95_stride100/Ligong_90_000189,merge_test_700-1800_cr0.95_stride100,Ligong_90_000189,1,12,0,UAV/0.JPG,map2019/merge_test_700-1800_cr0.95_stride100/Ligong_90_000189/UAV/0.JPG
map2019/merge_test_700-1800_cr0.95_stride100/Ligong_90_000190,merge_test_700-1800_cr0.95_stride100,Ligong_90_000190,1,12,0,UAV/0.JPG,map2019/merge_test_700-1800_cr0.95_stride100/Ligong_90_000190/UAV/0.JPG
map2019/merge_test_700-1800_cr0.95_stride100/Ligong_90_000191,merge_test_700-1800_cr0.95_stride100,Ligong_90_000191,1,12,0,UAV/0.JPG,map2019/merge_test_700-1800_cr0.95_stride100/Ligong_90_000191/UAV/0.JPG
map2019/merge_test_700-1800_cr0.95_stride100/Ligong_90_000192,merge_test_700-1800_cr0.95_stride100,Ligong_90_000192,1,12,0,UAV/0.JPG,map2019/merge_test_700-1800_cr0.95_stride100/Ligong_90_000192/UAV/0.JPG
map2019/merge_test_700-1800_cr0.95_stride100/Ligong_90_000193,merge_test_700-1800_cr0.95_stride100,Ligong_90_000193,1,12,0,UAV/0.JPG,map2019/merge_test_700-1800_cr0.95_stride100/Ligong_90_000193/UAV/0.JPG
map2019/merge_test_700-1800_cr0.95_stride100/Ligong_90_000194,merge_test_700-1800_cr0.95_stride100,Ligong_90_000194,1,12,0,UAV/0.JPG,map2019/merge_test_700-1800_cr0.95_stride100/Ligong_90_000194/UAV/0.JPG
map2019/merge_test_700-1800_cr0.95_stride100/Ligong_90_000195,merge_test_700-1800_cr0.95_stride100,Ligong_90_000195,1,12,0,UAV/0.JPG,map2019/merge_test_700-1800_cr0.95_stride100/Ligong_90_000195/UAV/0.JPG
map2019/merge_test_700-1800_cr0.95_stride100/Ligong_90_000196,merge_test_700-1800_cr0.95_stride100,Ligong_90_000196,1,12,0,UAV/0.JPG,map2019/merge_test_700-1800_cr0.95_stride100/Ligong_90_000196/UAV/0.JPG
map2019/merge_test_700-1800_cr0.95_stride100/Ligong_90_000197,merge_test_700-1800_cr0.95_stride100,Ligong_90_000197,1,12,0,UAV/0.JPG,map2019/merge_test_700-1800_cr0.95_stride100/Ligong_90_000197/UAV/0.JPG
map2019/merge_test_700-1800_cr0.95_stride100/Ligong_90_000198,merge_test_700-1800_cr0.95_stride100,Ligong_90_000198,1,12,0,UAV/0.JPG,map2019/merge_test_700-1800_cr0.95_stride100/Ligong_90_000198/UAV/0.JPG
map2019/merge_test_700-1800_cr0.95_stride100/Ligong_90_000199,merge_test_700-1800_cr0.95_stride100,Ligong_90_000199,1,12,0,UAV/0.JPG,map2019/merge_test_700-1800_cr0.95_stride100/Ligong_90_000199/UAV/0.JPG
map2019/val/Chuanmei_100_000004,val,Chuanmei_100_000004,1,12,0,UAV/0.JPG,map2019/val/Chuanmei_100_000004/UAV/0.JPG
map2019/val/Chuanmei_100_000008,val,Chuanmei_100_000008,1,12,0,UAV/0.JPG,map2019/val/Chuanmei_100_000008/UAV/0.JPG
map2019/val/Chuanmei_100_000016,val,Chuanmei_100_000016,1,12,0,UAV/0.JPG,map2019/val/Chuanmei_100_000016/UAV/0.JPG
map2019/val/Chuanmei_100_000017,val,Chuanmei_100_000017,1,12,0,UAV/0.JPG,map2019/val/Chuanmei_100_000017/UAV/0.JPG
map2019/val/Chuanmei_100_000023,val,Chuanmei_100_000023,1,12,0,UAV/0.JPG,map2019/val/Chuanmei_100_000023/UAV/0.JPG
map2019/val/Chuanmei_100_000027,val,Chuanmei_100_000027,1,12,0,UAV/0.JPG,map2019/val/Chuanmei_100_000027/UAV/0.JPG
map2019/val/Chuanmei_100_000041,val,Chuanmei_100_000041,1,12,0,UAV/0.JPG,map2019/val/Chuanmei_100_000041/UAV/0.JPG
map2019/val/Chuanmei_100_000045,val,Chuanmei_100_000045,1,12,0,UAV/0.JPG,map2019/val/Chuanmei_100_000045/UAV/0.JPG
map2019/val/Chuanmei_100_000048,val,Chuanmei_100_000048,1,12,0,UAV/0.JPG,map2019/val/Chuanmei_100_000048/UAV/0.JPG
map2019/val/Chuanmei_100_000062,val,Chuanmei_100_000062,1,12,0,UAV/0.JPG,map2019/val/Chuanmei_100_000062/UAV/0.JPG
map2019/val/Chuanmei_100_000064,val,Chuanmei_100_000064,1,12,0,UAV/0.JPG,map2019/val/Chuanmei_100_000064/UAV/0.JPG
map2019/val/Chuanmei_100_000068,val,Chuanmei_100_000068,1,12,0,UAV/0.JPG,map2019/val/Chuanmei_100_000068/UAV/0.JPG
map2019/val/Chuanmei_100_000074,val,Chuanmei_100_000074,1,12,0,UAV/0.JPG,map2019/val/Chuanmei_100_000074/UAV/0.JPG
map2019/val/Chuanmei_100_000075,val,Chuanmei_100_000075,1,12,0,UAV/0.JPG,map2019/val/Chuanmei_100_000075/UAV/0.JPG
map2019/val/Chuanmei_100_000076,val,Chuanmei_100_000076,1,12,0,UAV/0.JPG,map2019/val/Chuanmei_100_000076/UAV/0.JPG
map2019/val/Chuanmei_100_000083,val,Chuanmei_100_000083,1,12,0,UAV/0.JPG,map2019/val/Chuanmei_100_000083/UAV/0.JPG
map2019/val/Chuanmei_100_000092,val,Chuanmei_100_000092,1,12,0,UAV/0.JPG,map2019/val/Chuanmei_100_000092/UAV/0.JPG
map2019/val/Chuanmei_100_000093,val,Chuanmei_100_000093,1,12,0,UAV/0.JPG,map2019/val/Chuanmei_100_000093/UAV/0.JPG
map2019/val/Chuanmei_100_000096,val,Chuanmei_100_000096,1,12,0,UAV/0.JPG,map2019/val/Chuanmei_100_000096/UAV/0.JPG
map2019/val/Chuanmei_100_000098,val,Chuanmei_100_000098,1,12,0,UAV/0.JPG,map2019/val/Chuanmei_100_000098/UAV/0.JPG
map2019/val/Chuanmei_100_000103,val,Chuanmei_100_000103,1,12,0,UAV/0.JPG,map2019/val/Chuanmei_100_000103/UAV/0.JPG
map2019/val/Chuanmei_100_000104,val,Chuanmei_100_000104,1,12,0,UAV/0.JPG,map2019/val/Chuanmei_100_000104/UAV/0.JPG
map2019/val/Chuanmei_100_000106,val,Chuanmei_100_000106,1,12,0,UAV/0.JPG,map2019/val/Chuanmei_100_000106/UAV/0.JPG
map2019/val/Chuanmei_100_000113,val,Chuanmei_100_000113,1,12,0,UAV/0.JPG,map2019/val/Chuanmei_100_000113/UAV/0.JPG
map2019/val/Chuanmei_100_000115,val,Chuanmei_100_000115,1,12,0,UAV/0.JPG,map2019/val/Chuanmei_100_000115/UAV/0.JPG
map2019/val/Chuanmei_100_000141,val,Chuanmei_100_000141,1,12,0,UAV/0.JPG,map2019/val/Chuanmei_100_000141/UAV/0.JPG
map2019/val/Chuanmei_100_000152,val,Chuanmei_100_000152,1,12,0,UAV/0.JPG,map2019/val/Chuanmei_100_000152/UAV/0.JPG
map2019/val/Chuanmei_100_000157,val,Chuanmei_100_000157,1,12,0,UAV/0.JPG,map2019/val/Chuanmei_100_000157/UAV/0.JPG
map2019/val/Chuanmei_100_000159,val,Chuanmei_100_000159,1,12,0,UAV/0.JPG,map2019/val/Chuanmei_100_000159/UAV/0.JPG
map2019/val/Chuanmei_100_000160,val,Chuanmei_100_000160,1,12,0,UAV/0.JPG,map2019/val/Chuanmei_100_000160/UAV/0.JPG
map2019/val/Chuanmei_100_000166,val,Chuanmei_100_000166,1,12,0,UAV/0.JPG,map2019/val/Chuanmei_100_000166/UAV/0.JPG
map2019/val/Chuanmei_100_000196,val,Chuanmei_100_000196,1,12,0,UAV/0.JPG,map2019/val/Chuanmei_100_000196/UAV/0.JPG
map2019/val/Chuanmei_80_000005,val,Chuanmei_80_000005,1,12,0,UAV/0.JPG,map2019/val/Chuanmei_80_000005/UAV/0.JPG
map2019/val/Chuanmei_80_000006,val,Chuanmei_80_000006,1,12,0,UAV/0.JPG,map2019/val/Chuanmei_80_000006/UAV/0.JPG
map2019/val/Chuanmei_80_000008,val,Chuanmei_80_000008,1,12,0,UAV/0.JPG,map2019/val/Chuanmei_80_000008/UAV/0.JPG
map2019/val/Chuanmei_80_000011,val,Chuanmei_80_000011,1,12,0,UAV/0.JPG,map2019/val/Chuanmei_80_000011/UAV/0.JPG
map2019/val/Chuanmei_80_000026,val,Chuanmei_80_000026,1,12,0,UAV/0.JPG,map2019/val/Chuanmei_80_000026/UAV/0.JPG
map2019/val/Chuanmei_80_000033,val,Chuanmei_80_000033,1,12,0,UAV/0.JPG,map2019/val/Chuanmei_80_000033/UAV/0.JPG
map2019/val/Chuanmei_80_000038,val,Chuanmei_80_000038,1,12,0,UAV/0.JPG,map2019/val/Chuanmei_80_000038/UAV/0.JPG
map2019/val/Chuanmei_80_000039,val,Chuanmei_80_000039,1,12,0,UAV/0.JPG,map2019/val/Chuanmei_80_000039/UAV/0.JPG
map2019/val/Chuanmei_80_000044,val,Chuanmei_80_000044,1,12,0,UAV/0.JPG,map2019/val/Chuanmei_80_000044/UAV/0.JPG
map2019/val/Chuanmei_80_000048,val,Chuanmei_80_000048,1,12,0,UAV/0.JPG,map2019/val/Chuanmei_80_000048/UAV/0.JPG
map2019/val/Chuanmei_80_000052,val,Chuanmei_80_000052,1,12,0,UAV/0.JPG,map2019/val/Chuanmei_80_000052/UAV/0.JPG
map2019/val/Chuanmei_80_000055,val,Chuanmei_80_000055,1,12,0,UAV/0.JPG,map2019/val/Chuanmei_80_000055/UAV/0.JPG
map2019/val/Chuanmei_80_000056,val,Chuanmei_80_000056,1,12,0,UAV/0.JPG,map2019/val/Chuanmei_80_000056/UAV/0.JPG
map2019/val/Chuanmei_80_000062,val,Chuanmei_80_000062,1,12,0,UAV/0.JPG,map2019/val/Chuanmei_80_000062/UAV/0.JPG
map2019/val/Chuanmei_80_000070,val,Chuanmei_80_000070,1,12,0,UAV/0.JPG,map2019/val/Chuanmei_80_000070/UAV/0.JPG
map2019/val/Chuanmei_80_000107,val,Chuanmei_80_000107,1,12,0,UAV/0.JPG,map2019/val/Chuanmei_80_000107/UAV/0.JPG
map2019/val/Chuanmei_80_000114,val,Chuanmei_80_000114,1,12,0,UAV/0.JPG,map2019/val/Chuanmei_80_000114/UAV/0.JPG
map2019/val/Chuanmei_80_000116,val,Chuanmei_80_000116,1,12,0,UAV/0.JPG,map2019/val/Chuanmei_80_000116/UAV/0.JPG
map2019/val/Chuanmei_80_000122,val,Chuanmei_80_000122,1,12,0,UAV/0.JPG,map2019/val/Chuanmei_80_000122/UAV/0.JPG
map2019/val/Chuanmei_80_000123,val,Chuanmei_80_000123,1,12,0,UAV/0.JPG,map2019/val/Chuanmei_80_000123/UAV/0.JPG
map2019/val/Chuanmei_80_000126,val,Chuanmei_80_000126,1,12,0,UAV/0.JPG,map2019/val/Chuanmei_80_000126/UAV/0.JPG
map2019/val/Chuanmei_80_000128,val,Chuanmei_80_000128,1,12,0,UAV/0.JPG,map2019/val/Chuanmei_80_000128/UAV/0.JPG
map2019/val/Chuanmei_80_000129,val,Chuanmei_80_000129,1,12,0,UAV/0.JPG,map2019/val/Chuanmei_80_000129/UAV/0.JPG
map2019/val/Chuanmei_80_000131,val,Chuanmei_80_000131,1,12,0,UAV/0.JPG,map2019/val/Chuanmei_80_000131/UAV/0.JPG
map2019/val/Chuanmei_80_000142,val,Chuanmei_80_000142,1,12,0,UAV/0.JPG,map2019/val/Chuanmei_80_000142/UAV/0.JPG
map2019/val/Chuanmei_80_000157,val,Chuanmei_80_000157,1,12,0,UAV/0.JPG,map2019/val/Chuanmei_80_000157/UAV/0.JPG
map2019/val/Chuanmei_80_000170,val,Chuanmei_80_000170,1,12,0,UAV/0.JPG,map2019/val/Chuanmei_80_000170/UAV/0.JPG
map2019/val/Chuanmei_80_000172,val,Chuanmei_80_000172,1,12,0,UAV/0.JPG,map2019/val/Chuanmei_80_000172/UAV/0.JPG
map2019/val/Chuanmei_80_000181,val,Chuanmei_80_000181,1,12,0,UAV/0.JPG,map2019/val/Chuanmei_80_000181/UAV/0.JPG
map2019/val/Chuanmei_80_000182,val,Chuanmei_80_000182,1,12,0,UAV/0.JPG,map2019/val/Chuanmei_80_000182/UAV/0.JPG
map2019/val/Chuanmei_80_000194,val,Chuanmei_80_000194,1,12,0,UAV/0.JPG,map2019/val/Chuanmei_80_000194/UAV/0.JPG
map2019/val/Chuanmei_80_000196,val,Chuanmei_80_000196,1,12,0,UAV/0.JPG,map2019/val/Chuanmei_80_000196/UAV/0.JPG
map2019/val/Chuanmei_80_000198,val,Chuanmei_80_000198,1,12,0,UAV/0.JPG,map2019/val/Chuanmei_80_000198/UAV/0.JPG
map2019/val/Chuanmei_90_000004,val,Chuanmei_90_000004,1,12,0,UAV/0.JPG,map2019/val/Chuanmei_90_000004/UAV/0.JPG
map2019/val/Chuanmei_90_000006,val,Chuanmei_90_000006,1,12,0,UAV/0.JPG,map2019/val/Chuanmei_90_000006/UAV/0.JPG
map2019/val/Chuanmei_90_000012,val,Chuanmei_90_000012,1,12,0,UAV/0.JPG,map2019/val/Chuanmei_90_000012/UAV/0.JPG
map2019/val/Chuanmei_90_000020,val,Chuanmei_90_000020,1,12,0,UAV/0.JPG,map2019/val/Chuanmei_90_000020/UAV/0.JPG
map2019/val/Chuanmei_90_000026,val,Chuanmei_90_000026,1,12,0,UAV/0.JPG,map2019/val/Chuanmei_90_000026/UAV/0.JPG
map2019/val/Chuanmei_90_000037,val,Chuanmei_90_000037,1,12,0,UAV/0.JPG,map2019/val/Chuanmei_90_000037/UAV/0.JPG
map2019/val/Chuanmei_90_000046,val,Chuanmei_90_000046,1,12,0,UAV/0.JPG,map2019/val/Chuanmei_90_000046/UAV/0.JPG
map2019/val/Chuanmei_90_000055,val,Chuanmei_90_000055,1,12,0,UAV/0.JPG,map2019/val/Chuanmei_90_000055/UAV/0.JPG
map2019/val/Chuanmei_90_000057,val,Chuanmei_90_000057,1,12,0,UAV/0.JPG,map2019/val/Chuanmei_90_000057/UAV/0.JPG
map2019/val/Chuanmei_90_000062,val,Chuanmei_90_000062,1,12,0,UAV/0.JPG,map2019/val/Chuanmei_90_000062/UAV/0.JPG
map2019/val/Chuanmei_90_000066,val,Chuanmei_90_000066,1,12,0,UAV/0.JPG,map2019/val/Chuanmei_90_000066/UAV/0.JPG
map2019/val/Chuanmei_90_000073,val,Chuanmei_90_000073,1,12,0,UAV/0.JPG,map2019/val/Chuanmei_90_000073/UAV/0.JPG
map2019/val/Chuanmei_90_000089,val,Chuanmei_90_000089,1,12,0,UAV/0.JPG,map2019/val/Chuanmei_90_000089/UAV/0.JPG
map2019/val/Chuanmei_90_000094,val,Chuanmei_90_000094,1,12,0,UAV/0.JPG,map2019/val/Chuanmei_90_000094/UAV/0.JPG
map2019/val/Chuanmei_90_000096,val,Chuanmei_90_000096,1,12,0,UAV/0.JPG,map2019/val/Chuanmei_90_000096/UAV/0.JPG
map2019/val/Chuanmei_90_000098,val,Chuanmei_90_000098,1,12,0,UAV/0.JPG,map2019/val/Chuanmei_90_000098/UAV/0.JPG
map2019/val/Chuanmei_90_000101,val,Chuanmei_90_000101,1,12,0,UAV/0.JPG,map2019/val/Chuanmei_90_000101/UAV/0.JPG
map2019/val/Chuanmei_90_000103,val,Chuanmei_90_000103,1,12,0,UAV/0.JPG,map2019/val/Chuanmei_90_000103/UAV/0.JPG
map2019/val/Chuanmei_90_000114,val,Chuanmei_90_000114,1,12,0,UAV/0.JPG,map2019/val/Chuanmei_90_000114/UAV/0.JPG
map2019/val/Chuanmei_90_000116,val,Chuanmei_90_000116,1,12,0,UAV/0.JPG,map2019/val/Chuanmei_90_000116/UAV/0.JPG
map2019/val/Chuanmei_90_000122,val,Chuanmei_90_000122,1,12,0,UAV/0.JPG,map2019/val/Chuanmei_90_000122/UAV/0.JPG
map2019/val/Chuanmei_90_000124,val,Chuanmei_90_000124,1,12,0,UAV/0.JPG,map2019/val/Chuanmei_90_000124/UAV/0.JPG
map2019/val/Chuanmei_90_000130,val,Chuanmei_90_000130,1,12,0,UAV/0.JPG,map2019/val/Chuanmei_90_000130/UAV/0.JPG
map2019/val/Chuanmei_90_000134,val,Chuanmei_90_000134,1,12,0,UAV/0.JPG,map2019/val/Chuanmei_90_000134/UAV/0.JPG
map2019/val/Chuanmei_90_000147,val,Chuanmei_90_000147,1,12,0,UAV/0.JPG,map2019/val/Chuanmei_90_000147/UAV/0.JPG
map2019/val/Chuanmei_90_000157,val,Chuanmei_90_000157,1,12,0,UAV/0.JPG,map2019/val/Chuanmei_90_000157/UAV/0.JPG
map2019/val/Chuanmei_90_000166,val,Chuanmei_90_000166,1,12,0,UAV/0.JPG,map2019/val/Chuanmei_90_000166/UAV/0.JPG
map2019/val/Chuanmei_90_000168,val,Chuanmei_90_000168,1,12,0,UAV/0.JPG,map2019/val/Chuanmei_90_000168/UAV/0.JPG
map2019/val/Chuanmei_90_000170,val,Chuanmei_90_000170,1,12,0,UAV/0.JPG,map2019/val/Chuanmei_90_000170/UAV/0.JPG
map2019/val/Chuanmei_90_000174,val,Chuanmei_90_000174,1,12,0,UAV/0.JPG,map2019/val/Chuanmei_90_000174/UAV/0.JPG
map2019/val/Chuanmei_90_000187,val,Chuanmei_90_000187,1,12,0,UAV/0.JPG,map2019/val/Chuanmei_90_000187/UAV/0.JPG
map2019/val/Hangdian_100_000006,val,Hangdian_100_000006,1,12,0,UAV/0.JPG,map2019/val/Hangdian_100_000006/UAV/0.JPG
map2019/val/Hangdian_100_000010,val,Hangdian_100_000010,1,12,0,UAV/0.JPG,map2019/val/Hangdian_100_000010/UAV/0.JPG
map2019/val/Hangdian_100_000024,val,Hangdian_100_000024,1,12,0,UAV/0.JPG,map2019/val/Hangdian_100_000024/UAV/0.JPG
map2019/val/Hangdian_100_000038,val,Hangdian_100_000038,1,12,0,UAV/0.JPG,map2019/val/Hangdian_100_000038/UAV/0.JPG
map2019/val/Hangdian_100_000043,val,Hangdian_100_000043,1,12,0,UAV/0.JPG,map2019/val/Hangdian_100_000043/UAV/0.JPG
map2019/val/Hangdian_100_000047,val,Hangdian_100_000047,1,12,0,UAV/0.JPG,map2019/val/Hangdian_100_000047/UAV/0.JPG
map2019/val/Hangdian_100_000051,val,Hangdian_100_000051,1,12,0,UAV/0.JPG,map2019/val/Hangdian_100_000051/UAV/0.JPG
map2019/val/Hangdian_100_000071,val,Hangdian_100_000071,1,12,0,UAV/0.JPG,map2019/val/Hangdian_100_000071/UAV/0.JPG
map2019/val/Hangdian_100_000081,val,Hangdian_100_000081,1,12,0,UAV/0.JPG,map2019/val/Hangdian_100_000081/UAV/0.JPG
map2019/val/Hangdian_100_000083,val,Hangdian_100_000083,1,12,0,UAV/0.JPG,map2019/val/Hangdian_100_000083/UAV/0.JPG
map2019/val/Hangdian_100_000103,val,Hangdian_100_000103,1,12,0,UAV/0.JPG,map2019/val/Hangdian_100_000103/UAV/0.JPG
map2019/val/Hangdian_100_000107,val,Hangdian_100_000107,1,12,0,UAV/0.JPG,map2019/val/Hangdian_100_000107/UAV/0.JPG
map2019/val/Hangdian_100_000108,val,Hangdian_100_000108,1,12,0,UAV/0.JPG,map2019/val/Hangdian_100_000108/UAV/0.JPG
map2019/val/Hangdian_100_000109,val,Hangdian_100_000109,1,12,0,UAV/0.JPG,map2019/val/Hangdian_100_000109/UAV/0.JPG
map2019/val/Hangdian_100_000112,val,Hangdian_100_000112,1,12,0,UAV/0.JPG,map2019/val/Hangdian_100_000112/UAV/0.JPG
map2019/val/Hangdian_100_000114,val,Hangdian_100_000114,1,12,0,UAV/0.JPG,map2019/val/Hangdian_100_000114/UAV/0.JPG
map2019/val/Hangdian_100_000130,val,Hangdian_100_000130,1,12,0,UAV/0.JPG,map2019/val/Hangdian_100_000130/UAV/0.JPG
map2019/val/Hangdian_100_000133,val,Hangdian_100_000133,1,12,0,UAV/0.JPG,map2019/val/Hangdian_100_000133/UAV/0.JPG
map2019/val/Hangdian_100_000155,val,Hangdian_100_000155,1,12,0,UAV/0.JPG,map2019/val/Hangdian_100_000155/UAV/0.JPG
map2019/val/Hangdian_100_000162,val,Hangdian_100_000162,1,12,0,UAV/0.JPG,map2019/val/Hangdian_100_000162/UAV/0.JPG
map2019/val/Hangdian_100_000175,val,Hangdian_100_000175,1,12,0,UAV/0.JPG,map2019/val/Hangdian_100_000175/UAV/0.JPG
map2019/val/Hangdian_100_000176,val,Hangdian_100_000176,1,12,0,UAV/0.JPG,map2019/val/Hangdian_100_000176/UAV/0.JPG
map2019/val/Hangdian_80_000013,val,Hangdian_80_000013,1,12,0,UAV/0.JPG,map2019/val/Hangdian_80_000013/UAV/0.JPG
map2019/val/Hangdian_80_000017,val,Hangdian_80_000017,1,12,0,UAV/0.JPG,map2019/val/Hangdian_80_000017/UAV/0.JPG
map2019/val/Hangdian_80_000026,val,Hangdian_80_000026,1,12,0,UAV/0.JPG,map2019/val/Hangdian_80_000026/UAV/0.JPG
map2019/val/Hangdian_80_000031,val,Hangdian_80_000031,1,12,0,UAV/0.JPG,map2019/val/Hangdian_80_000031/UAV/0.JPG
map2019/val/Hangdian_80_000044,val,Hangdian_80_000044,1,12,0,UAV/0.JPG,map2019/val/Hangdian_80_000044/UAV/0.JPG
map2019/val/Hangdian_80_000046,val,Hangdian_80_000046,1,12,0,UAV/0.JPG,map2019/val/Hangdian_80_000046/UAV/0.JPG
map2019/val/Hangdian_80_000047,val,Hangdian_80_000047,1,12,0,UAV/0.JPG,map2019/val/Hangdian_80_000047/UAV/0.JPG
map2019/val/Hangdian_80_000055,val,Hangdian_80_000055,1,12,0,UAV/0.JPG,map2019/val/Hangdian_80_000055/UAV/0.JPG
map2019/val/Hangdian_80_000064,val,Hangdian_80_000064,1,12,0,UAV/0.JPG,map2019/val/Hangdian_80_000064/UAV/0.JPG
map2019/val/Hangdian_80_000067,val,Hangdian_80_000067,1,12,0,UAV/0.JPG,map2019/val/Hangdian_80_000067/UAV/0.JPG
map2019/val/Hangdian_80_000070,val,Hangdian_80_000070,1,12,0,UAV/0.JPG,map2019/val/Hangdian_80_000070/UAV/0.JPG
map2019/val/Hangdian_80_000077,val,Hangdian_80_000077,1,12,0,UAV/0.JPG,map2019/val/Hangdian_80_000077/UAV/0.JPG
map2019/val/Hangdian_80_000081,val,Hangdian_80_000081,1,12,0,UAV/0.JPG,map2019/val/Hangdian_80_000081/UAV/0.JPG
map2019/val/Hangdian_80_000086,val,Hangdian_80_000086,1,12,0,UAV/0.JPG,map2019/val/Hangdian_80_000086/UAV/0.JPG
map2019/val/Hangdian_80_000093,val,Hangdian_80_000093,1,12,0,UAV/0.JPG,map2019/val/Hangdian_80_000093/UAV/0.JPG
map2019/val/Hangdian_80_000095,val,Hangdian_80_000095,1,12,0,UAV/0.JPG,map2019/val/Hangdian_80_000095/UAV/0.JPG
map2019/val/Hangdian_80_000099,val,Hangdian_80_000099,1,12,0,UAV/0.JPG,map2019/val/Hangdian_80_000099/UAV/0.JPG
map2019/val/Hangdian_80_000102,val,Hangdian_80_000102,1,12,0,UAV/0.JPG,map2019/val/Hangdian_80_000102/UAV/0.JPG
map2019/val/Hangdian_80_000106,val,Hangdian_80_000106,1,12,0,UAV/0.JPG,map2019/val/Hangdian_80_000106/UAV/0.JPG
map2019/val/Hangdian_80_000108,val,Hangdian_80_000108,1,12,0,UAV/0.JPG,map2019/val/Hangdian_80_000108/UAV/0.JPG
map2019/val/Hangdian_80_000112,val,Hangdian_80_000112,1,12,0,UAV/0.JPG,map2019/val/Hangdian_80_000112/UAV/0.JPG
map2019/val/Hangdian_80_000123,val,Hangdian_80_000123,1,12,0,UAV/0.JPG,map2019/val/Hangdian_80_000123/UAV/0.JPG
map2019/val/Hangdian_80_000127,val,Hangdian_80_000127,1,12,0,UAV/0.JPG,map2019/val/Hangdian_80_000127/UAV/0.JPG
map2019/val/Hangdian_80_000140,val,Hangdian_80_000140,1,12,0,UAV/0.JPG,map2019/val/Hangdian_80_000140/UAV/0.JPG
map2019/val/Hangdian_80_000157,val,Hangdian_80_000157,1,12,0,UAV/0.JPG,map2019/val/Hangdian_80_000157/UAV/0.JPG
map2019/val/Hangdian_80_000161,val,Hangdian_80_000161,1,12,0,UAV/0.JPG,map2019/val/Hangdian_80_000161/UAV/0.JPG
map2019/val/Hangdian_80_000167,val,Hangdian_80_000167,1,12,0,UAV/0.JPG,map2019/val/Hangdian_80_000167/UAV/0.JPG
map2019/val/Hangdian_90_000010,val,Hangdian_90_000010,1,12,0,UAV/0.JPG,map2019/val/Hangdian_90_000010/UAV/0.JPG
map2019/val/Hangdian_90_000014,val,Hangdian_90_000014,1,12,0,UAV/0.JPG,map2019/val/Hangdian_90_000014/UAV/0.JPG
map2019/val/Hangdian_90_000019,val,Hangdian_90_000019,1,12,0,UAV/0.JPG,map2019/val/Hangdian_90_000019/UAV/0.JPG
map2019/val/Hangdian_90_000022,val,Hangdian_90_000022,1,12,0,UAV/0.JPG,map2019/val/Hangdian_90_000022/UAV/0.JPG
map2019/val/Hangdian_90_000025,val,Hangdian_90_000025,1,12,0,UAV/0.JPG,map2019/val/Hangdian_90_000025/UAV/0.JPG
map2019/val/Hangdian_90_000035,val,Hangdian_90_000035,1,12,0,UAV/0.JPG,map2019/val/Hangdian_90_000035/UAV/0.JPG
map2019/val/Hangdian_90_000040,val,Hangdian_90_000040,1,12,0,UAV/0.JPG,map2019/val/Hangdian_90_000040/UAV/0.JPG
map2019/val/Hangdian_90_000043,val,Hangdian_90_000043,1,12,0,UAV/0.JPG,map2019/val/Hangdian_90_000043/UAV/0.JPG
map2019/val/Hangdian_90_000051,val,Hangdian_90_000051,1,12,0,UAV/0.JPG,map2019/val/Hangdian_90_000051/UAV/0.JPG
map2019/val/Hangdian_90_000058,val,Hangdian_90_000058,1,12,0,UAV/0.JPG,map2019/val/Hangdian_90_000058/UAV/0.JPG
map2019/val/Hangdian_90_000060,val,Hangdian_90_000060,1,12,0,UAV/0.JPG,map2019/val/Hangdian_90_000060/UAV/0.JPG
map2019/val/Hangdian_90_000062,val,Hangdian_90_000062,1,12,0,UAV/0.JPG,map2019/val/Hangdian_90_000062/UAV/0.JPG
map2019/val/Hangdian_90_000063,val,Hangdian_90_000063,1,12,0,UAV/0.JPG,map2019/val/Hangdian_90_000063/UAV/0.JPG
map2019/val/Hangdian_90_000074,val,Hangdian_90_000074,1,12,0,UAV/0.JPG,map2019/val/Hangdian_90_000074/UAV/0.JPG
map2019/val/Hangdian_90_000083,val,Hangdian_90_000083,1,12,0,UAV/0.JPG,map2019/val/Hangdian_90_000083/UAV/0.JPG
map2019/val/Hangdian_90_000095,val,Hangdian_90_000095,1,12,0,UAV/0.JPG,map2019/val/Hangdian_90_000095/UAV/0.JPG
map2019/val/Hangdian_90_000098,val,Hangdian_90_000098,1,12,0,UAV/0.JPG,map2019/val/Hangdian_90_000098/UAV/0.JPG
map2019/val/Hangdian_90_000101,val,Hangdian_90_000101,1,12,0,UAV/0.JPG,map2019/val/Hangdian_90_000101/UAV/0.JPG
map2019/val/Hangdian_90_000105,val,Hangdian_90_000105,1,12,0,UAV/0.JPG,map2019/val/Hangdian_90_000105/UAV/0.JPG
map2019/val/Hangdian_90_000107,val,Hangdian_90_000107,1,12,0,UAV/0.JPG,map2019/val/Hangdian_90_000107/UAV/0.JPG
map2019/val/Hangdian_90_000109,val,Hangdian_90_000109,1,12,0,UAV/0.JPG,map2019/val/Hangdian_90_000109/UAV/0.JPG
map2019/val/Hangdian_90_000110,val,Hangdian_90_000110,1,12,0,UAV/0.JPG,map2019/val/Hangdian_90_000110/UAV/0.JPG
map2019/val/Hangdian_90_000111,val,Hangdian_90_000111,1,12,0,UAV/0.JPG,map2019/val/Hangdian_90_000111/UAV/0.JPG
map2019/val/Hangdian_90_000114,val,Hangdian_90_000114,1,12,0,UAV/0.JPG,map2019/val/Hangdian_90_000114/UAV/0.JPG
map2019/val/Hangdian_90_000124,val,Hangdian_90_000124,1,12,0,UAV/0.JPG,map2019/val/Hangdian_90_000124/UAV/0.JPG
map2019/val/Hangdian_90_000127,val,Hangdian_90_000127,1,12,0,UAV/0.JPG,map2019/val/Hangdian_90_000127/UAV/0.JPG
map2019/val/Hangdian_90_000133,val,Hangdian_90_000133,1,12,0,UAV/0.JPG,map2019/val/Hangdian_90_000133/UAV/0.JPG
map2019/val/Hangdian_90_000134,val,Hangdian_90_000134,1,12,0,UAV/0.JPG,map2019/val/Hangdian_90_000134/UAV/0.JPG
map2019/val/Hangdian_90_000137,val,Hangdian_90_000137,1,12,0,UAV/0.JPG,map2019/val/Hangdian_90_000137/UAV/0.JPG
map2019/val/Hangdian_90_000159,val,Hangdian_90_000159,1,12,0,UAV/0.JPG,map2019/val/Hangdian_90_000159/UAV/0.JPG
map2019/val/Hangdian_90_000160,val,Hangdian_90_000160,1,12,0,UAV/0.JPG,map2019/val/Hangdian_90_000160/UAV/0.JPG
map2019/val/Hangdian_90_000165,val,Hangdian_90_000165,1,12,0,UAV/0.JPG,map2019/val/Hangdian_90_000165/UAV/0.JPG
map2019/val/Hangdian_90_000171,val,Hangdian_90_000171,1,12,0,UAV/0.JPG,map2019/val/Hangdian_90_000171/UAV/0.JPG
map2019/val/Hangdian_90_000173,val,Hangdian_90_000173,1,12,0,UAV/0.JPG,map2019/val/Hangdian_90_000173/UAV/0.JPG
map2019/val/Jinrong_100_000001,val,Jinrong_100_000001,1,12,0,UAV/0.JPG,map2019/val/Jinrong_100_000001/UAV/0.JPG
map2019/val/Jinrong_100_000004,val,Jinrong_100_000004,1,12,0,UAV/0.JPG,map2019/val/Jinrong_100_000004/UAV/0.JPG
map2019/val/Jinrong_100_000017,val,Jinrong_100_000017,1,12,0,UAV/0.JPG,map2019/val/Jinrong_100_000017/UAV/0.JPG
map2019/val/Jinrong_100_000038,val,Jinrong_100_000038,1,12,0,UAV/0.JPG,map2019/val/Jinrong_100_000038/UAV/0.JPG
map2019/val/Jinrong_100_000039,val,Jinrong_100_000039,1,12,0,UAV/0.JPG,map2019/val/Jinrong_100_000039/UAV/0.JPG
map2019/val/Jinrong_100_000050,val,Jinrong_100_000050,1,12,0,UAV/0.JPG,map2019/val/Jinrong_100_000050/UAV/0.JPG
map2019/val/Jinrong_100_000077,val,Jinrong_100_000077,1,12,0,UAV/0.JPG,map2019/val/Jinrong_100_000077/UAV/0.JPG
map2019/val/Jinrong_100_000078,val,Jinrong_100_000078,1,12,0,UAV/0.JPG,map2019/val/Jinrong_100_000078/UAV/0.JPG
map2019/val/Jinrong_100_000083,val,Jinrong_100_000083,1,12,0,UAV/0.JPG,map2019/val/Jinrong_100_000083/UAV/0.JPG
map2019/val/Jinrong_100_000100,val,Jinrong_100_000100,1,12,0,UAV/0.JPG,map2019/val/Jinrong_100_000100/UAV/0.JPG
map2019/val/Jinrong_100_000105,val,Jinrong_100_000105,1,12,0,UAV/0.JPG,map2019/val/Jinrong_100_000105/UAV/0.JPG
map2019/val/Jinrong_100_000117,val,Jinrong_100_000117,1,12,0,UAV/0.JPG,map2019/val/Jinrong_100_000117/UAV/0.JPG
map2019/val/Jinrong_100_000124,val,Jinrong_100_000124,1,12,0,UAV/0.JPG,map2019/val/Jinrong_100_000124/UAV/0.JPG
map2019/val/Jinrong_100_000132,val,Jinrong_100_000132,1,12,0,UAV/0.JPG,map2019/val/Jinrong_100_000132/UAV/0.JPG
map2019/val/Jinrong_100_000143,val,Jinrong_100_000143,1,12,0,UAV/0.JPG,map2019/val/Jinrong_100_000143/UAV/0.JPG
map2019/val/Jinrong_100_000149,val,Jinrong_100_000149,1,12,0,UAV/0.JPG,map2019/val/Jinrong_100_000149/UAV/0.JPG
map2019/val/Jinrong_100_000150,val,Jinrong_100_000150,1,12,0,UAV/0.JPG,map2019/val/Jinrong_100_000150/UAV/0.JPG
map2019/val/Jinrong_100_000156,val,Jinrong_100_000156,1,12,0,UAV/0.JPG,map2019/val/Jinrong_100_000156/UAV/0.JPG
map2019/val/Jinrong_100_000177,val,Jinrong_100_000177,1,12,0,UAV/0.JPG,map2019/val/Jinrong_100_000177/UAV/0.JPG
map2019/val/Jinrong_100_000179,val,Jinrong_100_000179,1,12,0,UAV/0.JPG,map2019/val/Jinrong_100_000179/UAV/0.JPG
map2019/val/Jinrong_100_000194,val,Jinrong_100_000194,1,12,0,UAV/0.JPG,map2019/val/Jinrong_100_000194/UAV/0.JPG
map2019/val/Jinrong_100_000196,val,Jinrong_100_000196,1,12,0,UAV/0.JPG,map2019/val/Jinrong_100_000196/UAV/0.JPG
map2019/val/Jinrong_80_000003,val,Jinrong_80_000003,1,12,0,UAV/0.JPG,map2019/val/Jinrong_80_000003/UAV/0.JPG
map2019/val/Jinrong_80_000006,val,Jinrong_80_000006,1,12,0,UAV/0.JPG,map2019/val/Jinrong_80_000006/UAV/0.JPG
map2019/val/Jinrong_80_000027,val,Jinrong_80_000027,1,12,0,UAV/0.JPG,map2019/val/Jinrong_80_000027/UAV/0.JPG
map2019/val/Jinrong_80_000034,val,Jinrong_80_000034,1,12,0,UAV/0.JPG,map2019/val/Jinrong_80_000034/UAV/0.JPG
map2019/val/Jinrong_80_000037,val,Jinrong_80_000037,1,12,0,UAV/0.JPG,map2019/val/Jinrong_80_000037/UAV/0.JPG
map2019/val/Jinrong_80_000039,val,Jinrong_80_000039,1,12,0,UAV/0.JPG,map2019/val/Jinrong_80_000039/UAV/0.JPG
map2019/val/Jinrong_80_000040,val,Jinrong_80_000040,1,12,0,UAV/0.JPG,map2019/val/Jinrong_80_000040/UAV/0.JPG
map2019/val/Jinrong_80_000046,val,Jinrong_80_000046,1,12,0,UAV/0.JPG,map2019/val/Jinrong_80_000046/UAV/0.JPG
map2019/val/Jinrong_80_000080,val,Jinrong_80_000080,1,12,0,UAV/0.JPG,map2019/val/Jinrong_80_000080/UAV/0.JPG
map2019/val/Jinrong_80_000082,val,Jinrong_80_000082,1,12,0,UAV/0.JPG,map2019/val/Jinrong_80_000082/UAV/0.JPG
map2019/val/Jinrong_80_000093,val,Jinrong_80_000093,1,12,0,UAV/0.JPG,map2019/val/Jinrong_80_000093/UAV/0.JPG
map2019/val/Jinrong_80_000097,val,Jinrong_80_000097,1,12,0,UAV/0.JPG,map2019/val/Jinrong_80_000097/UAV/0.JPG
map2019/val/Jinrong_80_000111,val,Jinrong_80_000111,1,12,0,UAV/0.JPG,map2019/val/Jinrong_80_000111/UAV/0.JPG
map2019/val/Jinrong_80_000112,val,Jinrong_80_000112,1,12,0,UAV/0.JPG,map2019/val/Jinrong_80_000112/UAV/0.JPG
map2019/val/Jinrong_80_000121,val,Jinrong_80_000121,1,12,0,UAV/0.JPG,map2019/val/Jinrong_80_000121/UAV/0.JPG
map2019/val/Jinrong_80_000123,val,Jinrong_80_000123,1,12,0,UAV/0.JPG,map2019/val/Jinrong_80_000123/UAV/0.JPG
map2019/val/Jinrong_80_000141,val,Jinrong_80_000141,1,12,0,UAV/0.JPG,map2019/val/Jinrong_80_000141/UAV/0.JPG
map2019/val/Jinrong_80_000144,val,Jinrong_80_000144,1,12,0,UAV/0.JPG,map2019/val/Jinrong_80_000144/UAV/0.JPG
map2019/val/Jinrong_80_000149,val,Jinrong_80_000149,1,12,0,UAV/0.JPG,map2019/val/Jinrong_80_000149/UAV/0.JPG
map2019/val/Jinrong_80_000152,val,Jinrong_80_000152,1,12,0,UAV/0.JPG,map2019/val/Jinrong_80_000152/UAV/0.JPG
map2019/val/Jinrong_80_000158,val,Jinrong_80_000158,1,12,0,UAV/0.JPG,map2019/val/Jinrong_80_000158/UAV/0.JPG
map2019/val/Jinrong_80_000161,val,Jinrong_80_000161,1,12,0,UAV/0.JPG,map2019/val/Jinrong_80_000161/UAV/0.JPG
map2019/val/Jinrong_80_000166,val,Jinrong_80_000166,1,12,0,UAV/0.JPG,map2019/val/Jinrong_80_000166/UAV/0.JPG
map2019/val/Jinrong_80_000171,val,Jinrong_80_000171,1,12,0,UAV/0.JPG,map2019/val/Jinrong_80_000171/UAV/0.JPG
map2019/val/Jinrong_80_000182,val,Jinrong_80_000182,1,12,0,UAV/0.JPG,map2019/val/Jinrong_80_000182/UAV/0.JPG
map2019/val/Jinrong_80_000190,val,Jinrong_80_000190,1,12,0,UAV/0.JPG,map2019/val/Jinrong_80_000190/UAV/0.JPG
map2019/val/Jinrong_80_000195,val,Jinrong_80_000195,1,12,0,UAV/0.JPG,map2019/val/Jinrong_80_000195/UAV/0.JPG
map2019/val/Jinrong_80_000198,val,Jinrong_80_000198,1,12,0,UAV/0.JPG,map2019/val/Jinrong_80_000198/UAV/0.JPG
map2019/val/Jinrong_90_000011,val,Jinrong_90_000011,1,12,0,UAV/0.JPG,map2019/val/Jinrong_90_000011/UAV/0.JPG
map2019/val/Jinrong_90_000018,val,Jinrong_90_000018,1,12,0,UAV/0.JPG,map2019/val/Jinrong_90_000018/UAV/0.JPG
map2019/val/Jinrong_90_000033,val,Jinrong_90_000033,1,12,0,UAV/0.JPG,map2019/val/Jinrong_90_000033/UAV/0.JPG
map2019/val/Jinrong_90_000037,val,Jinrong_90_000037,1,12,0,UAV/0.JPG,map2019/val/Jinrong_90_000037/UAV/0.JPG
map2019/val/Jinrong_90_000058,val,Jinrong_90_000058,1,12,0,UAV/0.JPG,map2019/val/Jinrong_90_000058/UAV/0.JPG
map2019/val/Jinrong_90_000065,val,Jinrong_90_000065,1,12,0,UAV/0.JPG,map2019/val/Jinrong_90_000065/UAV/0.JPG
map2019/val/Jinrong_90_000070,val,Jinrong_90_000070,1,12,0,UAV/0.JPG,map2019/val/Jinrong_90_000070/UAV/0.JPG
map2019/val/Jinrong_90_000080,val,Jinrong_90_000080,1,12,0,UAV/0.JPG,map2019/val/Jinrong_90_000080/UAV/0.JPG
map2019/val/Jinrong_90_000086,val,Jinrong_90_000086,1,12,0,UAV/0.JPG,map2019/val/Jinrong_90_000086/UAV/0.JPG
map2019/val/Jinrong_90_000092,val,Jinrong_90_000092,1,12,0,UAV/0.JPG,map2019/val/Jinrong_90_000092/UAV/0.JPG
map2019/val/Jinrong_90_000093,val,Jinrong_90_000093,1,12,0,UAV/0.JPG,map2019/val/Jinrong_90_000093/UAV/0.JPG
map2019/val/Jinrong_90_000096,val,Jinrong_90_000096,1,12,0,UAV/0.JPG,map2019/val/Jinrong_90_000096/UAV/0.JPG
map2019/val/Jinrong_90_000106,val,Jinrong_90_000106,1,12,0,UAV/0.JPG,map2019/val/Jinrong_90_000106/UAV/0.JPG
map2019/val/Jinrong_90_000111,val,Jinrong_90_000111,1,12,0,UAV/0.JPG,map2019/val/Jinrong_90_000111/UAV/0.JPG
map2019/val/Jinrong_90_000125,val,Jinrong_90_000125,1,12,0,UAV/0.JPG,map2019/val/Jinrong_90_000125/UAV/0.JPG
map2019/val/Jinrong_90_000127,val,Jinrong_90_000127,1,12,0,UAV/0.JPG,map2019/val/Jinrong_90_000127/UAV/0.JPG
map2019/val/Jinrong_90_000133,val,Jinrong_90_000133,1,12,0,UAV/0.JPG,map2019/val/Jinrong_90_000133/UAV/0.JPG
map2019/val/Jinrong_90_000135,val,Jinrong_90_000135,1,12,0,UAV/0.JPG,map2019/val/Jinrong_90_000135/UAV/0.JPG
map2019/val/Jinrong_90_000143,val,Jinrong_90_000143,1,12,0,UAV/0.JPG,map2019/val/Jinrong_90_000143/UAV/0.JPG
map2019/val/Jinrong_90_000150,val,Jinrong_90_000150,1,12,0,UAV/0.JPG,map2019/val/Jinrong_90_000150/UAV/0.JPG
map2019/val/Jinrong_90_000168,val,Jinrong_90_000168,1,12,0,UAV/0.JPG,map2019/val/Jinrong_90_000168/UAV/0.JPG
map2019/val/Jinrong_90_000169,val,Jinrong_90_000169,1,12,0,UAV/0.JPG,map2019/val/Jinrong_90_000169/UAV/0.JPG
map2019/val/Jinrong_90_000171,val,Jinrong_90_000171,1,12,0,UAV/0.JPG,map2019/val/Jinrong_90_000171/UAV/0.JPG
map2019/val/Jinrong_90_000173,val,Jinrong_90_000173,1,12,0,UAV/0.JPG,map2019/val/Jinrong_90_000173/UAV/0.JPG
map2019/val/Jinrong_90_000176,val,Jinrong_90_000176,1,12,0,UAV/0.JPG,map2019/val/Jinrong_90_000176/UAV/0.JPG
map2019/val/Jinrong_90_000181,val,Jinrong_90_000181,1,12,0,UAV/0.JPG,map2019/val/Jinrong_90_000181/UAV/0.JPG
map2019/val/Jinrong_90_000189,val,Jinrong_90_000189,1,12,0,UAV/0.JPG,map2019/val/Jinrong_90_000189/UAV/0.JPG
map2019/val/Jinrong_90_000193,val,Jinrong_90_000193,1,12,0,UAV/0.JPG,map2019/val/Jinrong_90_000193/UAV/0.JPG
map2019/val/Jinrong_90_000195,val,Jinrong_90_000195,1,12,0,UAV/0.JPG,map2019/val/Jinrong_90_000195/UAV/0.JPG
map2019/val/Jinrong_90_000199,val,Jinrong_90_000199,1,12,0,UAV/0.JPG,map2019/val/Jinrong_90_000199/UAV/0.JPG
map2019/val/Ligong_100_000000,val,Ligong_100_000000,1,12,0,UAV/0.JPG,map2019/val/Ligong_100_000000/UAV/0.JPG
map2019/val/Ligong_100_000008,val,Ligong_100_000008,1,12,0,UAV/0.JPG,map2019/val/Ligong_100_000008/UAV/0.JPG
map2019/val/Ligong_100_000012,val,Ligong_100_000012,1,12,0,UAV/0.JPG,map2019/val/Ligong_100_000012/UAV/0.JPG
map2019/val/Ligong_100_000038,val,Ligong_100_000038,1,12,0,UAV/0.JPG,map2019/val/Ligong_100_000038/UAV/0.JPG
map2019/val/Ligong_100_000045,val,Ligong_100_000045,1,12,0,UAV/0.JPG,map2019/val/Ligong_100_000045/UAV/0.JPG
map2019/val/Ligong_100_000051,val,Ligong_100_000051,1,12,0,UAV/0.JPG,map2019/val/Ligong_100_000051/UAV/0.JPG
map2019/val/Ligong_100_000053,val,Ligong_100_000053,1,12,0,UAV/0.JPG,map2019/val/Ligong_100_000053/UAV/0.JPG
map2019/val/Ligong_100_000054,val,Ligong_100_000054,1,12,0,UAV/0.JPG,map2019/val/Ligong_100_000054/UAV/0.JPG
map2019/val/Ligong_100_000065,val,Ligong_100_000065,1,12,0,UAV/0.JPG,map2019/val/Ligong_100_000065/UAV/0.JPG
map2019/val/Ligong_100_000082,val,Ligong_100_000082,1,12,0,UAV/0.JPG,map2019/val/Ligong_100_000082/UAV/0.JPG
map2019/val/Ligong_100_000083,val,Ligong_100_000083,1,12,0,UAV/0.JPG,map2019/val/Ligong_100_000083/UAV/0.JPG
map2019/val/Ligong_100_000096,val,Ligong_100_000096,1,12,0,UAV/0.JPG,map2019/val/Ligong_100_000096/UAV/0.JPG
map2019/val/Ligong_100_000103,val,Ligong_100_000103,1,12,0,UAV/0.JPG,map2019/val/Ligong_100_000103/UAV/0.JPG
map2019/val/Ligong_100_000108,val,Ligong_100_000108,1,12,0,UAV/0.JPG,map2019/val/Ligong_100_000108/UAV/0.JPG
map2019/val/Ligong_100_000109,val,Ligong_100_000109,1,12,0,UAV/0.JPG,map2019/val/Ligong_100_000109/UAV/0.JPG
map2019/val/Ligong_100_000120,val,Ligong_100_000120,1,12,0,UAV/0.JPG,map2019/val/Ligong_100_000120/UAV/0.JPG
map2019/val/Ligong_100_000122,val,Ligong_100_000122,1,12,0,UAV/0.JPG,map2019/val/Ligong_100_000122/UAV/0.JPG
map2019/val/Ligong_100_000125,val,Ligong_100_000125,1,12,0,UAV/0.JPG,map2019/val/Ligong_100_000125/UAV/0.JPG
map2019/val/Ligong_100_000127,val,Ligong_100_000127,1,12,0,UAV/0.JPG,map2019/val/Ligong_100_000127/UAV/0.JPG
map2019/val/Ligong_100_000130,val,Ligong_100_000130,1,12,0,UAV/0.JPG,map2019/val/Ligong_100_000130/UAV/0.JPG
map2019/val/Ligong_100_000133,val,Ligong_100_000133,1,12,0,UAV/0.JPG,map2019/val/Ligong_100_000133/UAV/0.JPG
map2019/val/Ligong_100_000142,val,Ligong_100_000142,1,12,0,UAV/0.JPG,map2019/val/Ligong_100_000142/UAV/0.JPG
map2019/val/Ligong_100_000148,val,Ligong_100_000148,1,12,0,UAV/0.JPG,map2019/val/Ligong_100_000148/UAV/0.JPG
map2019/val/Ligong_100_000153,val,Ligong_100_000153,1,12,0,UAV/0.JPG,map2019/val/Ligong_100_000153/UAV/0.JPG
map2019/val/Ligong_100_000167,val,Ligong_100_000167,1,12,0,UAV/0.JPG,map2019/val/Ligong_100_000167/UAV/0.JPG
map2019/val/Ligong_100_000169,val,Ligong_100_000169,1,12,0,UAV/0.JPG,map2019/val/Ligong_100_000169/UAV/0.JPG
map2019/val/Ligong_100_000186,val,Ligong_100_000186,1,12,0,UAV/0.JPG,map2019/val/Ligong_100_000186/UAV/0.JPG
map2019/val/Ligong_100_000188,val,Ligong_100_000188,1,12,0,UAV/0.JPG,map2019/val/Ligong_100_000188/UAV/0.JPG
map2019/val/Ligong_100_000191,val,Ligong_100_000191,1,12,0,UAV/0.JPG,map2019/val/Ligong_100_000191/UAV/0.JPG
map2019/val/Ligong_100_000192,val,Ligong_100_000192,1,12,0,UAV/0.JPG,map2019/val/Ligong_100_000192/UAV/0.JPG
map2019/val/Ligong_100_000195,val,Ligong_100_000195,1,12,0,UAV/0.JPG,map2019/val/Ligong_100_000195/UAV/0.JPG
map2019/val/Ligong_80_000002,val,Ligong_80_000002,1,12,0,UAV/0.JPG,map2019/val/Ligong_80_000002/UAV/0.JPG
map2019/val/Ligong_80_000005,val,Ligong_80_000005,1,12,0,UAV/0.JPG,map2019/val/Ligong_80_000005/UAV/0.JPG
map2019/val/Ligong_80_000016,val,Ligong_80_000016,1,12,0,UAV/0.JPG,map2019/val/Ligong_80_000016/UAV/0.JPG
map2019/val/Ligong_80_000025,val,Ligong_80_000025,1,12,0,UAV/0.JPG,map2019/val/Ligong_80_000025/UAV/0.JPG
map2019/val/Ligong_80_000032,val,Ligong_80_000032,1,12,0,UAV/0.JPG,map2019/val/Ligong_80_000032/UAV/0.JPG
map2019/val/Ligong_80_000034,val,Ligong_80_000034,1,12,0,UAV/0.JPG,map2019/val/Ligong_80_000034/UAV/0.JPG
map2019/val/Ligong_80_000045,val,Ligong_80_000045,1,12,0,UAV/0.JPG,map2019/val/Ligong_80_000045/UAV/0.JPG
map2019/val/Ligong_80_000049,val,Ligong_80_000049,1,12,0,UAV/0.JPG,map2019/val/Ligong_80_000049/UAV/0.JPG
map2019/val/Ligong_80_000052,val,Ligong_80_000052,1,12,0,UAV/0.JPG,map2019/val/Ligong_80_000052/UAV/0.JPG
map2019/val/Ligong_80_000061,val,Ligong_80_000061,1,12,0,UAV/0.JPG,map2019/val/Ligong_80_000061/UAV/0.JPG
map2019/val/Ligong_80_000075,val,Ligong_80_000075,1,12,0,UAV/0.JPG,map2019/val/Ligong_80_000075/UAV/0.JPG
map2019/val/Ligong_80_000086,val,Ligong_80_000086,1,12,0,UAV/0.JPG,map2019/val/Ligong_80_000086/UAV/0.JPG
map2019/val/Ligong_80_000087,val,Ligong_80_000087,1,12,0,UAV/0.JPG,map2019/val/Ligong_80_000087/UAV/0.JPG
map2019/val/Ligong_80_000098,val,Ligong_80_000098,1,12,0,UAV/0.JPG,map2019/val/Ligong_80_000098/UAV/0.JPG
map2019/val/Ligong_80_000109,val,Ligong_80_000109,1,12,0,UAV/0.JPG,map2019/val/Ligong_80_000109/UAV/0.JPG
map2019/val/Ligong_80_000116,val,Ligong_80_000116,1,12,0,UAV/0.JPG,map2019/val/Ligong_80_000116/UAV/0.JPG
map2019/val/Ligong_80_000120,val,Ligong_80_000120,1,12,0,UAV/0.JPG,map2019/val/Ligong_80_000120/UAV/0.JPG
map2019/val/Ligong_80_000124,val,Ligong_80_000124,1,12,0,UAV/0.JPG,map2019/val/Ligong_80_000124/UAV/0.JPG
map2019/val/Ligong_80_000130,val,Ligong_80_000130,1,12,0,UAV/0.JPG,map2019/val/Ligong_80_000130/UAV/0.JPG
map2019/val/Ligong_80_000135,val,Ligong_80_000135,1,12,0,UAV/0.JPG,map2019/val/Ligong_80_000135/UAV/0.JPG
map2019/val/Ligong_80_000154,val,Ligong_80_000154,1,12,0,UAV/0.JPG,map2019/val/Ligong_80_000154/UAV/0.JPG
map2019/val/Ligong_80_000155,val,Ligong_80_000155,1,12,0,UAV/0.JPG,map2019/val/Ligong_80_000155/UAV/0.JPG
map2019/val/Ligong_80_000159,val,Ligong_80_000159,1,12,0,UAV/0.JPG,map2019/val/Ligong_80_000159/UAV/0.JPG
map2019/val/Ligong_80_000163,val,Ligong_80_000163,1,12,0,UAV/0.JPG,map2019/val/Ligong_80_000163/UAV/0.JPG
map2019/val/Ligong_80_000169,val,Ligong_80_000169,1,12,0,UAV/0.JPG,map2019/val/Ligong_80_000169/UAV/0.JPG
map2019/val/Ligong_80_000174,val,Ligong_80_000174,1,12,0,UAV/0.JPG,map2019/val/Ligong_80_000174/UAV/0.JPG
map2019/val/Ligong_80_000181,val,Ligong_80_000181,1,12,0,UAV/0.JPG,map2019/val/Ligong_80_000181/UAV/0.JPG
map2019/val/Ligong_80_000194,val,Ligong_80_000194,1,12,0,UAV/0.JPG,map2019/val/Ligong_80_000194/UAV/0.JPG
map2019/val/Ligong_80_000199,val,Ligong_80_000199,1,12,0,UAV/0.JPG,map2019/val/Ligong_80_000199/UAV/0.JPG
map2019/val/Ligong_90_000000,val,Ligong_90_000000,1,12,0,UAV/0.JPG,map2019/val/Ligong_90_000000/UAV/0.JPG
map2019/val/Ligong_90_000003,val,Ligong_90_000003,1,12,0,UAV/0.JPG,map2019/val/Ligong_90_000003/UAV/0.JPG
map2019/val/Ligong_90_000005,val,Ligong_90_000005,1,12,0,UAV/0.JPG,map2019/val/Ligong_90_000005/UAV/0.JPG
map2019/val/Ligong_90_000011,val,Ligong_90_000011,1,12,0,UAV/0.JPG,map2019/val/Ligong_90_000011/UAV/0.JPG
map2019/val/Ligong_90_000013,val,Ligong_90_000013,1,12,0,UAV/0.JPG,map2019/val/Ligong_90_000013/UAV/0.JPG
map2019/val/Ligong_90_000021,val,Ligong_90_000021,1,12,0,UAV/0.JPG,map2019/val/Ligong_90_000021/UAV/0.JPG
map2019/val/Ligong_90_000024,val,Ligong_90_000024,1,12,0,UAV/0.JPG,map2019/val/Ligong_90_000024/UAV/0.JPG
map2019/val/Ligong_90_000034,val,Ligong_90_000034,1,12,0,UAV/0.JPG,map2019/val/Ligong_90_000034/UAV/0.JPG
map2019/val/Ligong_90_000063,val,Ligong_90_000063,1,12,0,UAV/0.JPG,map2019/val/Ligong_90_000063/UAV/0.JPG
map2019/val/Ligong_90_000067,val,Ligong_90_000067,1,12,0,UAV/0.JPG,map2019/val/Ligong_90_000067/UAV/0.JPG
map2019/val/Ligong_90_000076,val,Ligong_90_000076,1,12,0,UAV/0.JPG,map2019/val/Ligong_90_000076/UAV/0.JPG
map2019/val/Ligong_90_000087,val,Ligong_90_000087,1,12,0,UAV/0.JPG,map2019/val/Ligong_90_000087/UAV/0.JPG
map2019/val/Ligong_90_000097,val,Ligong_90_000097,1,12,0,UAV/0.JPG,map2019/val/Ligong_90_000097/UAV/0.JPG
map2019/val/Ligong_90_000114,val,Ligong_90_000114,1,12,0,UAV/0.JPG,map2019/val/Ligong_90_000114/UAV/0.JPG
map2019/val/Ligong_90_000121,val,Ligong_90_000121,1,12,0,UAV/0.JPG,map2019/val/Ligong_90_000121/UAV/0.JPG
map2019/val/Ligong_90_000123,val,Ligong_90_000123,1,12,0,UAV/0.JPG,map2019/val/Ligong_90_000123/UAV/0.JPG
map2019/val/Ligong_90_000127,val,Ligong_90_000127,1,12,0,UAV/0.JPG,map2019/val/Ligong_90_000127/UAV/0.JPG
map2019/val/Ligong_90_000128,val,Ligong_90_000128,1,12,0,UAV/0.JPG,map2019/val/Ligong_90_000128/UAV/0.JPG
map2019/val/Ligong_90_000132,val,Ligong_90_000132,1,12,0,UAV/0.JPG,map2019/val/Ligong_90_000132/UAV/0.JPG
map2019/val/Ligong_90_000143,val,Ligong_90_000143,1,12,0,UAV/0.JPG,map2019/val/Ligong_90_000143/UAV/0.JPG
map2019/val/Ligong_90_000153,val,Ligong_90_000153,1,12,0,UAV/0.JPG,map2019/val/Ligong_90_000153/UAV/0.JPG
map2019/val/Ligong_90_000157,val,Ligong_90_000157,1,12,0,UAV/0.JPG,map2019/val/Ligong_90_000157/UAV/0.JPG
map2019/val/Ligong_90_000159,val,Ligong_90_000159,1,12,0,UAV/0.JPG,map2019/val/Ligong_90_000159/UAV/0.JPG
map2019/val/Ligong_90_000165,val,Ligong_90_000165,1,12,0,UAV/0.JPG,map2019/val/Ligong_90_000165/UAV/0.JPG
map2019/val/Ligong_90_000167,val,Ligong_90_000167,1,12,0,UAV/0.JPG,map2019/val/Ligong_90_000167/UAV/0.JPG
map2019/val/Ligong_90_000170,val,Ligong_90_000170,1,12,0,UAV/0.JPG,map2019/val/Ligong_90_000170/UAV/0.JPG
map2019/val/Ligong_90_000183,val,Ligong_90_000183,1,12,0,UAV/0.JPG,map2019/val/Ligong_90_000183/UAV/0.JPG
map2019/val/Ligong_90_000184,val,Ligong_90_000184,1,12,0,UAV/0.JPG,map2019/val/Ligong_90_000184/UAV/0.JPG
map2019/val/Ligong_90_000190,val,Ligong_90_000190,1,12,0,UAV/0.JPG,map2019/val/Ligong_90_000190/UAV/0.JPG
map2019/val/Ligong_90_000198,val,Ligong_90_000198,1,12,0,UAV/0.JPG,map2019/val/Ligong_90_000198/UAV/0.JPG
