dataset_partition,sample_id,site_token,nominal_level_token,sequence_token,uav_E,uav_N,gps_member,labels_available,satellite_records_declared,satellite_records_valid,satellite_members_found,inside_bbox_count,matched_label_count,max_pixel_roundtrip_error_px,max_center_distribution_error,direct_image_count,uav_candidate_image_count,uav_candidate_members
merge_test_700-1800_cr0.95_stride100,Chuanmei_100_000000,Chuanmei,100,000000,120.33541119444445,30.324272861111112,map2019/merge_test_700-1800_cr0.95_stride100/Chuanmei_100_000000/GPS_info.json,True,12,12,0,12,12,1.0,7.878475649647498e-12,0,0,
merge_test_700-1800_cr0.95_stride100,Chuanmei_100_000001,Chuanmei,100,000001,120.335612,30.32427086111111,map2019/merge_test_700-1800_cr0.95_stride100/Chuanmei_100_000001/GPS_info.json,True,12,12,0,12,12,1.0,7.878475649647498e-12,0,0,
merge_test_700-1800_cr0.95_stride100,Chuanmei_100_000002,Chuanmei,100,000002,120.33581730555555,30.32426975,map2019/merge_test_700-1800_cr0.95_stride100/Chuanmei_100_000002/GPS_info.json,True,12,12,0,12,12,1.0,7.878475649647498e-12,0,0,
merge_test_700-1800_cr0.95_stride100,Chuanmei_100_000003,Chuanmei,100,000003,120.33602583333334,30.324269694444446,map2019/merge_test_700-1800_cr0.95_stride100/Chuanmei_100_000003/GPS_info.json,True,12,12,0,12,12,1.0,7.878475649647498e-12,0,0,
merge_test_700-1800_cr0.95_stride100,Chuanmei_100_000004,Chuanmei,100,000004,120.33623455555555,30.324269555555556,map2019/merge_test_700-1800_cr0.95_stride100/Chuanmei_100_000004/GPS_info.json,True,12,12,0,12,12,1.0,7.878475649647498e-12,0,0,
merge_test_700-1800_cr0.95_stride100,Chuanmei_100_000005,Chuanmei,100,000005,120.33644225,30.324269055555554,map2019/merge_test_700-1800_cr0.95_stride100/Chuanmei_100_000005/GPS_info.json,True,12,12,0,12,12,1.0,7.878475649647498e-12,0,0,
merge_test_700-1800_cr0.95_stride100,Chuanmei_100_000006,Chuanmei,100,000006,120.33664916666666,30.324270194444445,map2019/merge_test_700-1800_cr0.95_stride100/Chuanmei_100_000006/GPS_info.json,True,12,12,0,12,12,1.0,7.878475649647498e-12,0,0,
merge_test_700-1800_cr0.95_stride100,Chuanmei_100_000007,Chuanmei,100,000007,120.33685758333333,30.32426886111111,map2019/merge_test_700-1800_cr0.95_stride100/Chuanmei_100_000007/GPS_info.json,True,12,12,0,12,12,1.0,7.878475649647498e-12,0,0,
merge_test_700-1800_cr0.95_stride100,Chuanmei_100_000008,Chuanmei,100,000008,120.33706708333334,30.32426775,map2019/merge_test_700-1800_cr0.95_stride100/Chuanmei_100_000008/GPS_info.json,True,12,12,0,12,12,1.0,7.878475649647498e-12,0,0,
merge_test_700-1800_cr0.95_stride100,Chuanmei_100_000009,Chuanmei,100,000009,120.33727594444444,30.324265944444445,map2019/merge_test_700-1800_cr0.95_stride100/Chuanmei_100_000009/GPS_info.json,True,12,12,0,12,12,1.0,7.878475649647498e-12,0,0,
merge_test_700-1800_cr0.95_stride100,Chuanmei_100_000010,Chuanmei,100,000010,120.33748363888888,30.32426611111111,map2019/merge_test_700-1800_cr0.95_stride100/Chuanmei_100_000010/GPS_info.json,True,12,12,0,12,12,1.0,7.878475649647498e-12,0,0,
merge_test_700-1800_cr0.95_stride100,Chuanmei_100_000011,Chuanmei,100,000011,120.33769269444444,30.32426511111111,map2019/merge_test_700-1800_cr0.95_stride100/Chuanmei_100_000011/GPS_info.json,True,12,12,0,12,12,1.0,7.878475649647498e-12,0,0,
merge_test_700-1800_cr0.95_stride100,Chuanmei_100_000012,Chuanmei,100,000012,120.33789669444444,30.324265083333334,map2019/merge_test_700-1800_cr0.95_stride100/Chuanmei_100_000012/GPS_info.json,True,12,12,0,12,12,1.0,7.878475649647498e-12,0,0,
merge_test_700-1800_cr0.95_stride100,Chuanmei_100_000013,Chuanmei,100,000013,120.33810544444444,30.324263444444444,map2019/merge_test_700-1800_cr0.95_stride100/Chuanmei_100_000013/GPS_info.json,True,12,12,0,12,12,1.0,7.878475649647498e-12,0,0,
merge_test_700-1800_cr0.95_stride100,Chuanmei_100_000014,Chuanmei,100,000014,120.33831091666667,30.324264111111113,map2019/merge_test_700-1800_cr0.95_stride100/Chuanmei_100_000014/GPS_info.json,True,12,12,0,12,12,1.0,7.878475649647498e-12,0,0,
merge_test_700-1800_cr0.95_stride100,Chuanmei_100_000015,Chuanmei,100,000015,120.33852055555556,30.324263166666668,map2019/merge_test_700-1800_cr0.95_stride100/Chuanmei_100_000015/GPS_info.json,True,12,12,0,12,12,1.0,7.878475649647498e-12,0,0,
merge_test_700-1800_cr0.95_stride100,Chuanmei_100_000016,Chuanmei,100,000016,120.33872738888888,30.324262666666666,map2019/merge_test_700-1800_cr0.95_stride100/Chuanmei_100_000016/GPS_info.json,True,12,12,0,12,12,1.0,7.878475649647498e-12,0,0,
merge_test_700-1800_cr0.95_stride100,Chuanmei_100_000017,Chuanmei,100,000017,120.33872827777778,30.32408322222222,map2019/merge_test_700-1800_cr0.95_stride100/Chuanmei_100_000017/GPS_info.json,True,12,12,0,12,12,1.0,7.878475649647498e-12,0,0,
merge_test_700-1800_cr0.95_stride100,Chuanmei_100_000018,Chuanmei,100,000018,120.33852072222223,30.32408277777778,map2019/merge_test_700-1800_cr0.95_stride100/Chuanmei_100_000018/GPS_info.json,True,12,12,0,12,12,1.0,7.878475649647498e-12,0,0,
merge_test_700-1800_cr0.95_stride100,Chuanmei_100_000019,Chuanmei,100,000019,120.3383126111111,30.324084583333335,map2019/merge_test_700-1800_cr0.95_stride100/Chuanmei_100_000019/GPS_info.json,True,12,12,0,12,12,1.0,7.878475649647498e-12,0,0,
merge_test_700-1800_cr0.95_stride100,Chuanmei_100_000020,Chuanmei,100,000020,120.33810222222222,30.32408438888889,map2019/merge_test_700-1800_cr0.95_stride100/Chuanmei_100_000020/GPS_info.json,True,12,12,0,12,12,1.0,1.0625167412570136e-11,0,0,
merge_test_700-1800_cr0.95_stride100,Chuanmei_100_000021,Chuanmei,100,000021,120.3378956388889,30.324081555555555,map2019/merge_test_700-1800_cr0.95_stride100/Chuanmei_100_000021/GPS_info.json,True,12,12,0,12,12,1.0,1.0625167412570136e-11,0,0,
merge_test_700-1800_cr0.95_stride100,Chuanmei_100_000022,Chuanmei,100,000022,120.33768986111112,30.324082277777777,map2019/merge_test_700-1800_cr0.95_stride100/Chuanmei_100_000022/GPS_info.json,True,12,12,0,12,12,1.0,1.0625167412570136e-11,0,0,
merge_test_700-1800_cr0.95_stride100,Chuanmei_100_000023,Chuanmei,100,000023,120.33748097222222,30.324083055555555,map2019/merge_test_700-1800_cr0.95_stride100/Chuanmei_100_000023/GPS_info.json,True,12,12,0,12,12,1.0,1.0625167412570136e-11,0,0,
merge_test_700-1800_cr0.95_stride100,Chuanmei_100_000024,Chuanmei,100,000024,120.33727208333333,30.324083388888887,map2019/merge_test_700-1800_cr0.95_stride100/Chuanmei_100_000024/GPS_info.json,True,12,12,0,12,12,1.0,1.0625167412570136e-11,0,0,
merge_test_700-1800_cr0.95_stride100,Chuanmei_100_000025,Chuanmei,100,000025,120.33706241666667,30.324083666666667,map2019/merge_test_700-1800_cr0.95_stride100/Chuanmei_100_000025/GPS_info.json,True,12,12,0,12,12,1.0,1.0625167412570136e-11,0,0,
merge_test_700-1800_cr0.95_stride100,Chuanmei_100_000026,Chuanmei,100,000026,120.33685525,30.324084805555554,map2019/merge_test_700-1800_cr0.95_stride100/Chuanmei_100_000026/GPS_info.json,True,12,12,0,12,12,1.0,1.0625167412570136e-11,0,0,
merge_test_700-1800_cr0.95_stride100,Chuanmei_100_000027,Chuanmei,100,000027,120.33664869444445,30.324083916666666,map2019/merge_test_700-1800_cr0.95_stride100/Chuanmei_100_000027/GPS_info.json,True,12,12,0,12,12,1.0,1.0625167412570136e-11,0,0,
merge_test_700-1800_cr0.95_stride100,Chuanmei_100_000028,Chuanmei,100,000028,120.33643852777777,30.324084555555554,map2019/merge_test_700-1800_cr0.95_stride100/Chuanmei_100_000028/GPS_info.json,True,12,12,0,12,12,1.0,1.0625167412570136e-11,0,0,
merge_test_700-1800_cr0.95_stride100,Chuanmei_100_000029,Chuanmei,100,000029,120.33623238888889,30.32408472222222,map2019/merge_test_700-1800_cr0.95_stride100/Chuanmei_100_000029/GPS_info.json,True,12,12,0,12,12,1.0,1.0625167412570136e-11,0,0,
merge_test_700-1800_cr0.95_stride100,Chuanmei_100_000030,Chuanmei,100,000030,120.33602333333333,30.324085,map2019/merge_test_700-1800_cr0.95_stride100/Chuanmei_100_000030/GPS_info.json,True,12,12,0,12,12,1.0,1.0625167412570136e-11,0,0,
merge_test_700-1800_cr0.95_stride100,Chuanmei_100_000031,Chuanmei,100,000031,120.33579786111112,30.32407788888889,map2019/merge_test_700-1800_cr0.95_stride100/Chuanmei_100_000031/GPS_info.json,True,12,12,0,12,12,1.0,1.0625167412570136e-11,0,0,
merge_test_700-1800_cr0.95_stride100,Chuanmei_100_000032,Chuanmei,100,000032,120.33560627777777,30.324090527777777,map2019/merge_test_700-1800_cr0.95_stride100/Chuanmei_100_000032/GPS_info.json,True,12,12,0,12,12,1.0,1.0625167412570136e-11,0,0,
merge_test_700-1800_cr0.95_stride100,Chuanmei_100_000033,Chuanmei,100,000033,120.33539594444444,30.324085166666666,map2019/merge_test_700-1800_cr0.95_stride100/Chuanmei_100_000033/GPS_info.json,True,12,12,0,12,12,1.0,1.0625167412570136e-11,0,0,
merge_test_700-1800_cr0.95_stride100,Chuanmei_100_000034,Chuanmei,100,000034,120.33539447222222,30.323906416666667,map2019/merge_test_700-1800_cr0.95_stride100/Chuanmei_100_000034/GPS_info.json,True,12,12,0,12,12,1.0,1.0625167412570136e-11,0,0,
merge_test_700-1800_cr0.95_stride100,Chuanmei_100_000035,Chuanmei,100,000035,120.3356095,30.323906722222222,map2019/merge_test_700-1800_cr0.95_stride100/Chuanmei_100_000035/GPS_info.json,True,12,12,0,12,12,1.0,1.0625167412570136e-11,0,0,
merge_test_700-1800_cr0.95_stride100,Chuanmei_100_000036,Chuanmei,100,000036,120.33581380555556,30.323906833333332,map2019/merge_test_700-1800_cr0.95_stride100/Chuanmei_100_000036/GPS_info.json,True,12,12,0,12,12,1.0,1.0625167412570136e-11,0,0,
merge_test_700-1800_cr0.95_stride100,Chuanmei_100_000037,Chuanmei,100,000037,120.33602108333334,30.323909083333334,map2019/merge_test_700-1800_cr0.95_stride100/Chuanmei_100_000037/GPS_info.json,True,12,12,0,12,12,1.0,1.0625167412570136e-11,0,0,
merge_test_700-1800_cr0.95_stride100,Chuanmei_100_000038,Chuanmei,100,000038,120.33622586111112,30.32391147222222,map2019/merge_test_700-1800_cr0.95_stride100/Chuanmei_100_000038/GPS_info.json,True,12,12,0,12,12,1.0,1.0625167412570136e-11,0,0,
merge_test_700-1800_cr0.95_stride100,Chuanmei_100_000039,Chuanmei,100,000039,120.33643275,30.323912833333335,map2019/merge_test_700-1800_cr0.95_stride100/Chuanmei_100_000039/GPS_info.json,True,12,12,0,12,12,1.0,1.0625167412570136e-11,0,0,
merge_test_700-1800_cr0.95_stride100,Chuanmei_100_000040,Chuanmei,100,000040,120.33664005555555,30.32391638888889,map2019/merge_test_700-1800_cr0.95_stride100/Chuanmei_100_000040/GPS_info.json,True,12,12,0,12,12,1.0,1.0419221041502169e-11,0,0,
merge_test_700-1800_cr0.95_stride100,Chuanmei_100_000041,Chuanmei,100,000041,120.33684825,30.32391697222222,map2019/merge_test_700-1800_cr0.95_stride100/Chuanmei_100_000041/GPS_info.json,True,12,12,0,12,12,1.0,1.0419221041502169e-11,0,0,
merge_test_700-1800_cr0.95_stride100,Chuanmei_100_000042,Chuanmei,100,000042,120.33705827777777,30.323917944444446,map2019/merge_test_700-1800_cr0.95_stride100/Chuanmei_100_000042/GPS_info.json,True,12,12,0,12,12,1.0,1.0419221041502169e-11,0,0,
merge_test_700-1800_cr0.95_stride100,Chuanmei_100_000043,Chuanmei,100,000043,120.337265,30.323920833333332,map2019/merge_test_700-1800_cr0.95_stride100/Chuanmei_100_000043/GPS_info.json,True,12,12,0,12,12,1.0,1.0419221041502169e-11,0,0,
merge_test_700-1800_cr0.95_stride100,Chuanmei_100_000044,Chuanmei,100,000044,120.337472,30.32392102777778,map2019/merge_test_700-1800_cr0.95_stride100/Chuanmei_100_000044/GPS_info.json,True,12,12,0,12,12,1.0,1.0419221041502169e-11,0,0,
merge_test_700-1800_cr0.95_stride100,Chuanmei_100_000045,Chuanmei,100,000045,120.33768152777778,30.323922055555556,map2019/merge_test_700-1800_cr0.95_stride100/Chuanmei_100_000045/GPS_info.json,True,12,12,0,12,12,1.0,1.0419221041502169e-11,0,0,
merge_test_700-1800_cr0.95_stride100,Chuanmei_100_000046,Chuanmei,100,000046,120.33788947222222,30.323923666666666,map2019/merge_test_700-1800_cr0.95_stride100/Chuanmei_100_000046/GPS_info.json,True,12,12,0,12,12,1.0,1.0419221041502169e-11,0,0,
merge_test_700-1800_cr0.95_stride100,Chuanmei_100_000047,Chuanmei,100,000047,120.33809741666667,30.323925777777777,map2019/merge_test_700-1800_cr0.95_stride100/Chuanmei_100_000047/GPS_info.json,True,12,12,0,12,12,1.0,1.0419221041502169e-11,0,0,
merge_test_700-1800_cr0.95_stride100,Chuanmei_100_000048,Chuanmei,100,000048,120.33830513888888,30.323929166666666,map2019/merge_test_700-1800_cr0.95_stride100/Chuanmei_100_000048/GPS_info.json,True,12,12,0,12,12,1.0,1.0419221041502169e-11,0,0,
merge_test_700-1800_cr0.95_stride100,Chuanmei_100_000049,Chuanmei,100,000049,120.33851347222222,30.32393,map2019/merge_test_700-1800_cr0.95_stride100/Chuanmei_100_000049/GPS_info.json,True,12,12,0,12,12,1.0,1.0419221041502169e-11,0,0,
merge_test_700-1800_cr0.95_stride100,Chuanmei_100_000050,Chuanmei,100,000050,120.33872108333334,30.32393186111111,map2019/merge_test_700-1800_cr0.95_stride100/Chuanmei_100_000050/GPS_info.json,True,12,12,0,12,12,1.0,1.0419221041502169e-11,0,0,
merge_test_700-1800_cr0.95_stride100,Chuanmei_100_000051,Chuanmei,100,000051,120.33872366666667,30.32375327777778,map2019/merge_test_700-1800_cr0.95_stride100/Chuanmei_100_000051/GPS_info.json,True,12,12,0,12,12,1.0,1.0419221041502169e-11,0,0,
merge_test_700-1800_cr0.95_stride100,Chuanmei_100_000052,Chuanmei,100,000052,120.33851869444445,30.323750472222223,map2019/merge_test_700-1800_cr0.95_stride100/Chuanmei_100_000052/GPS_info.json,True,12,12,0,12,12,1.0,9.764633546183177e-12,0,0,
merge_test_700-1800_cr0.95_stride100,Chuanmei_100_000053,Chuanmei,100,000053,120.33830827777778,30.32375011111111,map2019/merge_test_700-1800_cr0.95_stride100/Chuanmei_100_000053/GPS_info.json,True,12,12,0,12,12,1.0,1.0419221041502169e-11,0,0,
merge_test_700-1800_cr0.95_stride100,Chuanmei_100_000054,Chuanmei,100,000054,120.33810213888889,30.323748083333335,map2019/merge_test_700-1800_cr0.95_stride100/Chuanmei_100_000054/GPS_info.json,True,12,12,0,12,12,1.0,9.764633546183177e-12,0,0,
merge_test_700-1800_cr0.95_stride100,Chuanmei_100_000055,Chuanmei,100,000055,120.33789288888889,30.323747916666665,map2019/merge_test_700-1800_cr0.95_stride100/Chuanmei_100_000055/GPS_info.json,True,12,12,0,12,12,1.0,1.0419221041502169e-11,0,0,
merge_test_700-1800_cr0.95_stride100,Chuanmei_100_000056,Chuanmei,100,000056,120.33768480555555,30.323746611111112,map2019/merge_test_700-1800_cr0.95_stride100/Chuanmei_100_000056/GPS_info.json,True,12,12,0,12,12,1.0,1.0419221041502169e-11,0,0,
merge_test_700-1800_cr0.95_stride100,Chuanmei_100_000057,Chuanmei,100,000057,120.33747158333334,30.32374611111111,map2019/merge_test_700-1800_cr0.95_stride100/Chuanmei_100_000057/GPS_info.json,True,12,12,0,12,12,1.0,1.0419221041502169e-11,0,0,
merge_test_700-1800_cr0.95_stride100,Chuanmei_100_000058,Chuanmei,100,000058,120.33726644444444,30.323744777777776,map2019/merge_test_700-1800_cr0.95_stride100/Chuanmei_100_000058/GPS_info.json,True,12,12,0,12,12,1.0,1.0419221041502169e-11,0,0,
merge_test_700-1800_cr0.95_stride100,Chuanmei_100_000059,Chuanmei,100,000059,120.33705966666666,30.323744694444443,map2019/merge_test_700-1800_cr0.95_stride100/Chuanmei_100_000059/GPS_info.json,True,12,12,0,12,12,1.0,1.0419221041502169e-11,0,0,
merge_test_700-1800_cr0.95_stride100,Chuanmei_100_000060,Chuanmei,100,000060,120.33685063888889,30.323744138888888,map2019/merge_test_700-1800_cr0.95_stride100/Chuanmei_100_000060/GPS_info.json,True,12,12,0,12,12,1.0,1.0419221041502169e-11,0,0,
merge_test_700-1800_cr0.95_stride100,Chuanmei_100_000061,Chuanmei,100,000061,120.3366408888889,30.323743305555556,map2019/merge_test_700-1800_cr0.95_stride100/Chuanmei_100_000061/GPS_info.json,True,12,12,0,12,12,1.0,1.0419221041502169e-11,0,0,
merge_test_700-1800_cr0.95_stride100,Chuanmei_100_000062,Chuanmei,100,000062,120.33643358333333,30.323742916666667,map2019/merge_test_700-1800_cr0.95_stride100/Chuanmei_100_000062/GPS_info.json,True,12,12,0,12,12,1.0,9.764633546183177e-12,0,0,
merge_test_700-1800_cr0.95_stride100,Chuanmei_100_000063,Chuanmei,100,000063,120.3362246388889,30.32374313888889,map2019/merge_test_700-1800_cr0.95_stride100/Chuanmei_100_000063/GPS_info.json,True,12,12,0,12,12,1.0,9.764633546183177e-12,0,0,
merge_test_700-1800_cr0.95_stride100,Chuanmei_100_000064,Chuanmei,100,000064,120.33601813888889,30.323742916666667,map2019/merge_test_700-1800_cr0.95_stride100/Chuanmei_100_000064/GPS_info.json,True,12,12,0,12,12,1.0,8.275019558467989e-12,0,0,
merge_test_700-1800_cr0.95_stride100,Chuanmei_100_000065,Chuanmei,100,000065,120.33580891666666,30.323740416666666,map2019/merge_test_700-1800_cr0.95_stride100/Chuanmei_100_000065/GPS_info.json,True,12,12,0,12,12,1.0,8.275019558467989e-12,0,0,
merge_test_700-1800_cr0.95_stride100,Chuanmei_100_000066,Chuanmei,100,000066,120.3355993888889,30.323740277777777,map2019/merge_test_700-1800_cr0.95_stride100/Chuanmei_100_000066/GPS_info.json,True,12,12,0,12,12,1.0,9.764633546183177e-12,0,0,
merge_test_700-1800_cr0.95_stride100,Chuanmei_100_000067,Chuanmei,100,000067,120.3353908888889,30.323740166666667,map2019/merge_test_700-1800_cr0.95_stride100/Chuanmei_100_000067/GPS_info.json,True,12,12,0,12,12,1.0,9.764633546183177e-12,0,0,
merge_test_700-1800_cr0.95_stride100,Chuanmei_100_000068,Chuanmei,100,000068,120.33537491666667,30.323561833333333,map2019/merge_test_700-1800_cr0.95_stride100/Chuanmei_100_000068/GPS_info.json,True,12,12,0,12,12,1.0,9.764633546183177e-12,0,0,
merge_test_700-1800_cr0.95_stride100,Chuanmei_100_000069,Chuanmei,100,000069,120.33558191666667,30.32356088888889,map2019/merge_test_700-1800_cr0.95_stride100/Chuanmei_100_000069/GPS_info.json,True,12,12,0,12,12,1.0,9.764633546183177e-12,0,0,
merge_test_700-1800_cr0.95_stride100,Chuanmei_100_000070,Chuanmei,100,000070,120.33578980555555,30.323562527777778,map2019/merge_test_700-1800_cr0.95_stride100/Chuanmei_100_000070/GPS_info.json,True,12,12,0,12,12,1.0,9.764633546183177e-12,0,0,
merge_test_700-1800_cr0.95_stride100,Chuanmei_100_000071,Chuanmei,100,000071,120.33599761111111,30.323566083333333,map2019/merge_test_700-1800_cr0.95_stride100/Chuanmei_100_000071/GPS_info.json,True,12,12,0,12,12,1.0,9.764633546183177e-12,0,0,
merge_test_700-1800_cr0.95_stride100,Chuanmei_100_000072,Chuanmei,100,000072,120.33620519444445,30.323567583333332,map2019/merge_test_700-1800_cr0.95_stride100/Chuanmei_100_000072/GPS_info.json,True,12,12,0,12,12,1.0,8.275019558467989e-12,0,0,
merge_test_700-1800_cr0.95_stride100,Chuanmei_100_000073,Chuanmei,100,000073,120.33641252777778,30.323570055555557,map2019/merge_test_700-1800_cr0.95_stride100/Chuanmei_100_000073/GPS_info.json,True,12,12,0,12,12,1.0,9.764633546183177e-12,0,0,
merge_test_700-1800_cr0.95_stride100,Chuanmei_100_000074,Chuanmei,100,000074,120.33662186111111,30.323572583333334,map2019/merge_test_700-1800_cr0.95_stride100/Chuanmei_100_000074/GPS_info.json,True,12,12,0,12,12,1.0,9.764633546183177e-12,0,0,
merge_test_700-1800_cr0.95_stride100,Chuanmei_100_000075,Chuanmei,100,000075,120.3368323888889,30.323574555555556,map2019/merge_test_700-1800_cr0.95_stride100/Chuanmei_100_000075/GPS_info.json,True,12,12,0,12,12,1.0,9.764633546183177e-12,0,0,
merge_test_700-1800_cr0.95_stride100,Chuanmei_100_000076,Chuanmei,100,000076,120.33704091666667,30.32357641666667,map2019/merge_test_700-1800_cr0.95_stride100/Chuanmei_100_000076/GPS_info.json,True,12,12,0,12,12,1.0,9.764633546183177e-12,0,0,
merge_test_700-1800_cr0.95_stride100,Chuanmei_100_000077,Chuanmei,100,000077,120.33724875,30.323577694444445,map2019/merge_test_700-1800_cr0.95_stride100/Chuanmei_100_000077/GPS_info.json,True,12,12,0,12,12,1.0,8.275019558467989e-12,0,0,
merge_test_700-1800_cr0.95_stride100,Chuanmei_100_000078,Chuanmei,100,000078,120.33745591666667,30.323579166666665,map2019/merge_test_700-1800_cr0.95_stride100/Chuanmei_100_000078/GPS_info.json,True,12,12,0,12,12,1.0,9.764633546183177e-12,0,0,
merge_test_700-1800_cr0.95_stride100,Chuanmei_100_000079,Chuanmei,100,000079,120.33766344444444,30.323580555555555,map2019/merge_test_700-1800_cr0.95_stride100/Chuanmei_100_000079/GPS_info.json,True,12,12,0,12,12,1.0,9.764633546183177e-12,0,0,
merge_test_700-1800_cr0.95_stride100,Chuanmei_100_000080,Chuanmei,100,000080,120.33787113888889,30.323581472222223,map2019/merge_test_700-1800_cr0.95_stride100/Chuanmei_100_000080/GPS_info.json,True,12,12,0,12,12,1.0,9.764633546183177e-12,0,0,
merge_test_700-1800_cr0.95_stride100,Chuanmei_100_000081,Chuanmei,100,000081,120.33808105555556,30.323583944444444,map2019/merge_test_700-1800_cr0.95_stride100/Chuanmei_100_000081/GPS_info.json,True,12,12,0,12,12,1.0,9.764633546183177e-12,0,0,
merge_test_700-1800_cr0.95_stride100,Chuanmei_100_000082,Chuanmei,100,000082,120.33828633333333,30.323588277777777,map2019/merge_test_700-1800_cr0.95_stride100/Chuanmei_100_000082/GPS_info.json,True,12,12,0,12,12,1.0,9.764633546183177e-12,0,0,
merge_test_700-1800_cr0.95_stride100,Chuanmei_100_000083,Chuanmei,100,000083,120.33849902777777,30.323589333333334,map2019/merge_test_700-1800_cr0.95_stride100/Chuanmei_100_000083/GPS_info.json,True,12,12,0,12,12,1.0,9.764633546183177e-12,0,0,
merge_test_700-1800_cr0.95_stride100,Chuanmei_100_000084,Chuanmei,100,000084,120.33870636111111,30.323593305555555,map2019/merge_test_700-1800_cr0.95_stride100/Chuanmei_100_000084/GPS_info.json,True,12,12,0,12,12,1.0,1.0462297694857625e-11,0,0,
merge_test_700-1800_cr0.95_stride100,Chuanmei_100_000085,Chuanmei,100,000085,120.33871525,30.323411916666668,map2019/merge_test_700-1800_cr0.95_stride100/Chuanmei_100_000085/GPS_info.json,True,12,12,0,12,12,1.0,1.0462297694857625e-11,0,0,
merge_test_700-1800_cr0.95_stride100,Chuanmei_100_000086,Chuanmei,100,000086,120.33851027777777,30.323407055555556,map2019/merge_test_700-1800_cr0.95_stride100/Chuanmei_100_000086/GPS_info.json,True,12,12,0,12,12,1.0,1.0462297694857625e-11,0,0,
merge_test_700-1800_cr0.95_stride100,Chuanmei_100_000087,Chuanmei,100,000087,120.33830380555555,30.323405055555554,map2019/merge_test_700-1800_cr0.95_stride100/Chuanmei_100_000087/GPS_info.json,True,12,12,0,12,12,1.0,8.275019558467989e-12,0,0,
merge_test_700-1800_cr0.95_stride100,Chuanmei_100_000088,Chuanmei,100,000088,120.33809877777777,30.323403166666665,map2019/merge_test_700-1800_cr0.95_stride100/Chuanmei_100_000088/GPS_info.json,True,12,12,0,12,12,1.0,8.275019558467989e-12,0,0,
merge_test_700-1800_cr0.95_stride100,Chuanmei_100_000089,Chuanmei,100,000089,120.33789108333333,30.323399555555554,map2019/merge_test_700-1800_cr0.95_stride100/Chuanmei_100_000089/GPS_info.json,True,12,12,0,12,12,1.0,8.275019558467989e-12,0,0,
merge_test_700-1800_cr0.95_stride100,Chuanmei_100_000090,Chuanmei,100,000090,120.33768258333333,30.32339483333333,map2019/merge_test_700-1800_cr0.95_stride100/Chuanmei_100_000090/GPS_info.json,True,12,12,0,12,12,1.0,8.275019558467989e-12,0,0,
merge_test_700-1800_cr0.95_stride100,Chuanmei_100_000091,Chuanmei,100,000091,120.33747022222222,30.323394277777776,map2019/merge_test_700-1800_cr0.95_stride100/Chuanmei_100_000091/GPS_info.json,True,12,12,0,12,12,1.0,8.275019558467989e-12,0,0,
merge_test_700-1800_cr0.95_stride100,Chuanmei_100_000092,Chuanmei,100,000092,120.33726025,30.323395138888888,map2019/merge_test_700-1800_cr0.95_stride100/Chuanmei_100_000092/GPS_info.json,True,12,12,0,12,12,1.0,8.275019558467989e-12,0,0,
merge_test_700-1800_cr0.95_stride100,Chuanmei_100_000093,Chuanmei,100,000093,120.33705063888888,30.323392833333333,map2019/merge_test_700-1800_cr0.95_stride100/Chuanmei_100_000093/GPS_info.json,True,12,12,0,12,12,1.0,8.275019558467989e-12,0,0,
merge_test_700-1800_cr0.95_stride100,Chuanmei_100_000094,Chuanmei,100,000094,120.33684594444445,30.32339,map2019/merge_test_700-1800_cr0.95_stride100/Chuanmei_100_000094/GPS_info.json,True,12,12,0,12,12,1.0,8.275019558467989e-12,0,0,
merge_test_700-1800_cr0.95_stride100,Chuanmei_100_000095,Chuanmei,100,000095,120.33663761111112,30.323385722222223,map2019/merge_test_700-1800_cr0.95_stride100/Chuanmei_100_000095/GPS_info.json,True,12,12,0,12,12,1.0,8.275019558467989e-12,0,0,
merge_test_700-1800_cr0.95_stride100,Chuanmei_100_000096,Chuanmei,100,000096,120.33643033333334,30.323383,map2019/merge_test_700-1800_cr0.95_stride100/Chuanmei_100_000096/GPS_info.json,True,12,12,0,12,12,1.0,6.37184749407993e-12,0,0,
merge_test_700-1800_cr0.95_stride100,Chuanmei_100_000097,Chuanmei,100,000097,120.33622325,30.32338122222222,map2019/merge_test_700-1800_cr0.95_stride100/Chuanmei_100_000097/GPS_info.json,True,12,12,0,12,12,1.0,8.275019558467989e-12,0,0,
merge_test_700-1800_cr0.95_stride100,Chuanmei_100_000098,Chuanmei,100,000098,120.33601672222223,30.323379805555554,map2019/merge_test_700-1800_cr0.95_stride100/Chuanmei_100_000098/GPS_info.json,True,12,12,0,12,12,1.0,1.0462297694857625e-11,0,0,
merge_test_700-1800_cr0.95_stride100,Chuanmei_100_000099,Chuanmei,100,000099,120.33580208333333,30.32337661111111,map2019/merge_test_700-1800_cr0.95_stride100/Chuanmei_100_000099/GPS_info.json,True,12,12,0,12,12,1.0,8.275019558467989e-12,0,0,
merge_test_700-1800_cr0.95_stride100,Chuanmei_100_000100,Chuanmei,100,000100,120.33559522222222,30.323374055555554,map2019/merge_test_700-1800_cr0.95_stride100/Chuanmei_100_000100/GPS_info.json,True,12,12,0,12,12,1.0,8.275019558467989e-12,0,0,
merge_test_700-1800_cr0.95_stride100,Chuanmei_100_000101,Chuanmei,100,000101,120.33539122222223,30.3233735,map2019/merge_test_700-1800_cr0.95_stride100/Chuanmei_100_000101/GPS_info.json,True,12,12,0,12,12,1.0,8.275019558467989e-12,0,0,
merge_test_700-1800_cr0.95_stride100,Chuanmei_100_000102,Chuanmei,100,000102,120.33539269444445,30.32319288888889,map2019/merge_test_700-1800_cr0.95_stride100/Chuanmei_100_000102/GPS_info.json,True,12,12,0,12,12,1.0,8.275019558467989e-12,0,0,
merge_test_700-1800_cr0.95_stride100,Chuanmei_100_000103,Chuanmei,100,000103,120.33559755555555,30.323193611111112,map2019/merge_test_700-1800_cr0.95_stride100/Chuanmei_100_000103/GPS_info.json,True,12,12,0,12,12,1.0,8.275019558467989e-12,0,0,
merge_test_700-1800_cr0.95_stride100,Chuanmei_100_000104,Chuanmei,100,000104,120.33580427777778,30.32319358333333,map2019/merge_test_700-1800_cr0.95_stride100/Chuanmei_100_000104/GPS_info.json,True,12,12,0,12,12,1.0,8.275019558467989e-12,0,0,
merge_test_700-1800_cr0.95_stride100,Chuanmei_100_000105,Chuanmei,100,000105,120.33601405555555,30.323193805555555,map2019/merge_test_700-1800_cr0.95_stride100/Chuanmei_100_000105/GPS_info.json,True,12,12,0,12,12,1.0,1.0462297694857625e-11,0,0,
merge_test_700-1800_cr0.95_stride100,Chuanmei_100_000106,Chuanmei,100,000106,120.33622038888889,30.323192388888888,map2019/merge_test_700-1800_cr0.95_stride100/Chuanmei_100_000106/GPS_info.json,True,12,12,0,12,12,1.0,1.0462297694857625e-11,0,0,
merge_test_700-1800_cr0.95_stride100,Chuanmei_100_000107,Chuanmei,100,000107,120.33642730555556,30.323196416666665,map2019/merge_test_700-1800_cr0.95_stride100/Chuanmei_100_000107/GPS_info.json,True,12,12,0,12,12,1.0,6.37184749407993e-12,0,0,
merge_test_700-1800_cr0.95_stride100,Chuanmei_100_000108,Chuanmei,100,000108,120.33663566666667,30.323197,map2019/merge_test_700-1800_cr0.95_stride100/Chuanmei_100_000108/GPS_info.json,True,12,12,0,12,12,1.0,1.0462297694857625e-11,0,0,
merge_test_700-1800_cr0.95_stride100,Chuanmei_100_000109,Chuanmei,100,000109,120.3368431388889,30.323197444444446,map2019/merge_test_700-1800_cr0.95_stride100/Chuanmei_100_000109/GPS_info.json,True,12,12,0,12,12,1.0,1.0462297694857625e-11,0,0,
merge_test_700-1800_cr0.95_stride100,Chuanmei_100_000110,Chuanmei,100,000110,120.33704844444445,30.323199194444445,map2019/merge_test_700-1800_cr0.95_stride100/Chuanmei_100_000110/GPS_info.json,True,12,12,0,12,12,1.0,6.37184749407993e-12,0,0,
merge_test_700-1800_cr0.95_stride100,Chuanmei_100_000111,Chuanmei,100,000111,120.33725744444445,30.323200361111112,map2019/merge_test_700-1800_cr0.95_stride100/Chuanmei_100_000111/GPS_info.json,True,12,12,0,12,12,1.0,1.0808298700482055e-11,0,0,
merge_test_700-1800_cr0.95_stride100,Chuanmei_100_000112,Chuanmei,100,000112,120.33746655555555,30.32320063888889,map2019/merge_test_700-1800_cr0.95_stride100/Chuanmei_100_000112/GPS_info.json,True,12,12,0,12,12,1.0,1.0462297694857625e-11,0,0,
merge_test_700-1800_cr0.95_stride100,Chuanmei_100_000113,Chuanmei,100,000113,120.33767611111111,30.323200194444443,map2019/merge_test_700-1800_cr0.95_stride100/Chuanmei_100_000113/GPS_info.json,True,12,12,0,12,12,1.0,1.0462297694857625e-11,0,0,
merge_test_700-1800_cr0.95_stride100,Chuanmei_100_000114,Chuanmei,100,000114,120.3378851388889,30.32320113888889,map2019/merge_test_700-1800_cr0.95_stride100/Chuanmei_100_000114/GPS_info.json,True,12,12,0,12,12,1.0,1.0462297694857625e-11,0,0,
merge_test_700-1800_cr0.95_stride100,Chuanmei_100_000115,Chuanmei,100,000115,120.33809188888888,30.323203916666667,map2019/merge_test_700-1800_cr0.95_stride100/Chuanmei_100_000115/GPS_info.json,True,12,12,0,12,12,1.0,1.0462297694857625e-11,0,0,
merge_test_700-1800_cr0.95_stride100,Chuanmei_100_000116,Chuanmei,100,000116,120.33829880555555,30.32320338888889,map2019/merge_test_700-1800_cr0.95_stride100/Chuanmei_100_000116/GPS_info.json,True,12,12,0,12,12,1.0,1.0462297694857625e-11,0,0,
merge_test_700-1800_cr0.95_stride100,Chuanmei_100_000117,Chuanmei,100,000117,120.338508,30.32320511111111,map2019/merge_test_700-1800_cr0.95_stride100/Chuanmei_100_000117/GPS_info.json,True,12,12,0,12,12,1.0,1.0462297694857625e-11,0,0,
merge_test_700-1800_cr0.95_stride100,Chuanmei_100_000118,Chuanmei,100,000118,120.33871427777778,30.323205805555556,map2019/merge_test_700-1800_cr0.95_stride100/Chuanmei_100_000118/GPS_info.json,True,12,12,0,12,12,1.0,1.0462297694857625e-11,0,0,
merge_test_700-1800_cr0.95_stride100,Chuanmei_100_000119,Chuanmei,100,000119,120.33870611111111,30.32302711111111,map2019/merge_test_700-1800_cr0.95_stride100/Chuanmei_100_000119/GPS_info.json,True,12,12,0,12,12,1.0,1.0462297694857625e-11,0,0,
merge_test_700-1800_cr0.95_stride100,Chuanmei_100_000120,Chuanmei,100,000120,120.3385041388889,30.323024583333332,map2019/merge_test_700-1800_cr0.95_stride100/Chuanmei_100_000120/GPS_info.json,True,12,12,0,12,12,1.0,6.37184749407993e-12,0,0,
merge_test_700-1800_cr0.95_stride100,Chuanmei_100_000121,Chuanmei,100,000121,120.33829680555556,30.323021666666666,map2019/merge_test_700-1800_cr0.95_stride100/Chuanmei_100_000121/GPS_info.json,True,12,12,0,12,12,1.0,6.37184749407993e-12,0,0,
merge_test_700-1800_cr0.95_stride100,Chuanmei_100_000122,Chuanmei,100,000122,120.33808602777778,30.323018833333332,map2019/merge_test_700-1800_cr0.95_stride100/Chuanmei_100_000122/GPS_info.json,True,12,12,0,12,12,1.0,1.0462297694857625e-11,0,0,
merge_test_700-1800_cr0.95_stride100,Chuanmei_100_000123,Chuanmei,100,000123,120.3378796111111,30.323018805555556,map2019/merge_test_700-1800_cr0.95_stride100/Chuanmei_100_000123/GPS_info.json,True,12,12,0,12,12,1.0,1.0462297694857625e-11,0,0,
merge_test_700-1800_cr0.95_stride100,Chuanmei_100_000124,Chuanmei,100,000124,120.3376711388889,30.323017055555557,map2019/merge_test_700-1800_cr0.95_stride100/Chuanmei_100_000124/GPS_info.json,True,12,12,0,12,12,1.0,6.37184749407993e-12,0,0,
merge_test_700-1800_cr0.95_stride100,Chuanmei_100_000125,Chuanmei,100,000125,120.33746463888889,30.32301463888889,map2019/merge_test_700-1800_cr0.95_stride100/Chuanmei_100_000125/GPS_info.json,True,12,12,0,12,12,1.0,1.0462297694857625e-11,0,0,
merge_test_700-1800_cr0.95_stride100,Chuanmei_100_000126,Chuanmei,100,000126,120.33725625,30.323012305555554,map2019/merge_test_700-1800_cr0.95_stride100/Chuanmei_100_000126/GPS_info.json,True,12,12,0,12,12,1.0,1.0462297694857625e-11,0,0,
merge_test_700-1800_cr0.95_stride100,Chuanmei_100_000127,Chuanmei,100,000127,120.33704519444444,30.32301011111111,map2019/merge_test_700-1800_cr0.95_stride100/Chuanmei_100_000127/GPS_info.json,True,12,12,0,12,12,1.0,6.37184749407993e-12,0,0,
merge_test_700-1800_cr0.95_stride100,Chuanmei_100_000128,Chuanmei,100,000128,120.33683794444444,30.323008083333335,map2019/merge_test_700-1800_cr0.95_stride100/Chuanmei_100_000128/GPS_info.json,True,12,12,0,12,12,1.0,1.1608047856270787e-11,0,0,
merge_test_700-1800_cr0.95_stride100,Chuanmei_100_000129,Chuanmei,100,000129,120.33662830555555,30.32300525,map2019/merge_test_700-1800_cr0.95_stride100/Chuanmei_100_000129/GPS_info.json,True,12,12,0,12,12,1.0,6.37184749407993e-12,0,0,
merge_test_700-1800_cr0.95_stride100,Chuanmei_100_000130,Chuanmei,100,000130,120.33642194444444,30.323002638888887,map2019/merge_test_700-1800_cr0.95_stride100/Chuanmei_100_000130/GPS_info.json,True,12,12,0,12,12,1.0,1.0808298700482055e-11,0,0,
merge_test_700-1800_cr0.95_stride100,Chuanmei_100_000131,Chuanmei,100,000131,120.33621036111111,30.323000472222223,map2019/merge_test_700-1800_cr0.95_stride100/Chuanmei_100_000131/GPS_info.json,True,12,12,0,12,12,1.0,1.0808298700482055e-11,0,0,
merge_test_700-1800_cr0.95_stride100,Chuanmei_100_000132,Chuanmei,100,000132,120.33600166666666,30.3229995,map2019/merge_test_700-1800_cr0.95_stride100/Chuanmei_100_000132/GPS_info.json,True,12,12,0,12,12,1.0,6.37184749407993e-12,0,0,
merge_test_700-1800_cr0.95_stride100,Chuanmei_100_000133,Chuanmei,100,000133,120.33579438888889,30.322996027777776,map2019/merge_test_700-1800_cr0.95_stride100/Chuanmei_100_000133/GPS_info.json,True,12,12,0,12,12,1.0,6.37184749407993e-12,0,0,
merge_test_700-1800_cr0.95_stride100,Chuanmei_100_000134,Chuanmei,100,000134,120.3355885,30.32299422222222,map2019/merge_test_700-1800_cr0.95_stride100/Chuanmei_100_000134/GPS_info.json,True,12,12,0,12,12,1.0,1.0808298700482055e-11,0,0,
merge_test_700-1800_cr0.95_stride100,Chuanmei_100_000135,Chuanmei,100,000135,120.33537811111111,30.322992916666667,map2019/merge_test_700-1800_cr0.95_stride100/Chuanmei_100_000135/GPS_info.json,True,12,12,0,12,12,1.0,6.37184749407993e-12,0,0,
merge_test_700-1800_cr0.95_stride100,Chuanmei_100_000136,Chuanmei,100,000136,120.33538213888889,30.322820416666666,map2019/merge_test_700-1800_cr0.95_stride100/Chuanmei_100_000136/GPS_info.json,True,12,12,0,12,12,1.0,6.37184749407993e-12,0,0,
merge_test_700-1800_cr0.95_stride100,Chuanmei_100_000137,Chuanmei,100,000137,120.33559011111112,30.322817472222223,map2019/merge_test_700-1800_cr0.95_stride100/Chuanmei_100_000137/GPS_info.json,True,12,12,0,12,12,1.0,6.37184749407993e-12,0,0,
merge_test_700-1800_cr0.95_stride100,Chuanmei_100_000138,Chuanmei,100,000138,120.33579755555556,30.322819222222222,map2019/merge_test_700-1800_cr0.95_stride100/Chuanmei_100_000138/GPS_info.json,True,12,12,0,12,12,0.0,7.583933481214444e-12,0,0,
merge_test_700-1800_cr0.95_stride100,Chuanmei_100_000139,Chuanmei,100,000139,120.33600597222222,30.322819694444444,map2019/merge_test_700-1800_cr0.95_stride100/Chuanmei_100_000139/GPS_info.json,True,12,12,0,12,12,1.0,6.37184749407993e-12,0,0,
merge_test_700-1800_cr0.95_stride100,Chuanmei_100_000140,Chuanmei,100,000140,120.33621405555556,30.322820666666665,map2019/merge_test_700-1800_cr0.95_stride100/Chuanmei_100_000140/GPS_info.json,True,12,12,0,12,12,1.0,6.37184749407993e-12,0,0,
merge_test_700-1800_cr0.95_stride100,Chuanmei_100_000141,Chuanmei,100,000141,120.33642216666667,30.3228205,map2019/merge_test_700-1800_cr0.95_stride100/Chuanmei_100_000141/GPS_info.json,True,12,12,0,12,12,1.0,6.37184749407993e-12,0,0,
merge_test_700-1800_cr0.95_stride100,Chuanmei_100_000142,Chuanmei,100,000142,120.33662658333333,30.322821805555556,map2019/merge_test_700-1800_cr0.95_stride100/Chuanmei_100_000142/GPS_info.json,True,12,12,0,12,12,1.0,6.37184749407993e-12,0,0,
merge_test_700-1800_cr0.95_stride100,Chuanmei_100_000143,Chuanmei,100,000143,120.33683772222223,30.322821472222223,map2019/merge_test_700-1800_cr0.95_stride100/Chuanmei_100_000143/GPS_info.json,True,12,12,0,12,12,1.0,1.0808298700482055e-11,0,0,
merge_test_700-1800_cr0.95_stride100,Chuanmei_100_000144,Chuanmei,100,000144,120.33704408333334,30.322821805555556,map2019/merge_test_700-1800_cr0.95_stride100/Chuanmei_100_000144/GPS_info.json,True,12,12,0,12,12,1.0,6.37184749407993e-12,0,0,
merge_test_700-1800_cr0.95_stride100,Chuanmei_100_000145,Chuanmei,100,000145,120.33725236111111,30.322823,map2019/merge_test_700-1800_cr0.95_stride100/Chuanmei_100_000145/GPS_info.json,True,12,12,0,12,12,1.0,1.0808298700482055e-11,0,0,
merge_test_700-1800_cr0.95_stride100,Chuanmei_100_000146,Chuanmei,100,000146,120.33746066666667,30.32282711111111,map2019/merge_test_700-1800_cr0.95_stride100/Chuanmei_100_000146/GPS_info.json,True,12,12,0,12,12,1.0,6.37184749407993e-12,0,0,
merge_test_700-1800_cr0.95_stride100,Chuanmei_100_000147,Chuanmei,100,000147,120.33766516666667,30.322827055555557,map2019/merge_test_700-1800_cr0.95_stride100/Chuanmei_100_000147/GPS_info.json,True,12,12,0,12,12,1.0,6.37184749407993e-12,0,0,
merge_test_700-1800_cr0.95_stride100,Chuanmei_100_000148,Chuanmei,100,000148,120.33787588888889,30.322826583333335,map2019/merge_test_700-1800_cr0.95_stride100/Chuanmei_100_000148/GPS_info.json,True,12,12,0,12,12,1.0,1.0808298700482055e-11,0,0,
merge_test_700-1800_cr0.95_stride100,Chuanmei_100_000149,Chuanmei,100,000149,120.33808238888889,30.32282822222222,map2019/merge_test_700-1800_cr0.95_stride100/Chuanmei_100_000149/GPS_info.json,True,12,12,0,12,12,1.0,1.0808298700482055e-11,0,0,
merge_test_700-1800_cr0.95_stride100,Chuanmei_100_000150,Chuanmei,100,000150,120.33829102777777,30.322828166666667,map2019/merge_test_700-1800_cr0.95_stride100/Chuanmei_100_000150/GPS_info.json,True,12,12,0,12,12,1.0,1.1608047856270787e-11,0,0,
merge_test_700-1800_cr0.95_stride100,Chuanmei_100_000151,Chuanmei,100,000151,120.33849958333333,30.322829194444445,map2019/merge_test_700-1800_cr0.95_stride100/Chuanmei_100_000151/GPS_info.json,True,12,12,0,12,12,1.0,1.0808298700482055e-11,0,0,
merge_test_700-1800_cr0.95_stride100,Chuanmei_100_000152,Chuanmei,100,000152,120.33870694444444,30.32282947222222,map2019/merge_test_700-1800_cr0.95_stride100/Chuanmei_100_000152/GPS_info.json,True,12,12,0,12,12,1.0,1.1608047856270787e-11,0,0,
merge_test_700-1800_cr0.95_stride100,Chuanmei_100_000153,Chuanmei,100,000153,120.33871313888889,30.322644416666666,map2019/merge_test_700-1800_cr0.95_stride100/Chuanmei_100_000153/GPS_info.json,True,12,12,0,12,12,1.0,1.0808298700482055e-11,0,0,
merge_test_700-1800_cr0.95_stride100,Chuanmei_100_000154,Chuanmei,100,000154,120.33850444444444,30.322641194444444,map2019/merge_test_700-1800_cr0.95_stride100/Chuanmei_100_000154/GPS_info.json,True,12,12,0,12,12,1.0,8.109624083374456e-12,0,0,
merge_test_700-1800_cr0.95_stride100,Chuanmei_100_000155,Chuanmei,100,000155,120.33829644444444,30.322640055555556,map2019/merge_test_700-1800_cr0.95_stride100/Chuanmei_100_000155/GPS_info.json,True,12,12,0,12,12,1.0,1.0808298700482055e-11,0,0,
merge_test_700-1800_cr0.95_stride100,Chuanmei_100_000156,Chuanmei,100,000156,120.33808577777778,30.3226375,map2019/merge_test_700-1800_cr0.95_stride100/Chuanmei_100_000156/GPS_info.json,True,12,12,0,12,12,1.0,1.0808298700482055e-11,0,0,
merge_test_700-1800_cr0.95_stride100,Chuanmei_100_000157,Chuanmei,100,000157,120.3378793888889,30.322634611111113,map2019/merge_test_700-1800_cr0.95_stride100/Chuanmei_100_000157/GPS_info.json,True,12,12,0,12,12,1.0,1.0808298700482055e-11,0,0,
merge_test_700-1800_cr0.95_stride100,Chuanmei_100_000158,Chuanmei,100,000158,120.33766813888889,30.322633,map2019/merge_test_700-1800_cr0.95_stride100/Chuanmei_100_000158/GPS_info.json,True,12,12,0,12,12,1.0,1.0808298700482055e-11,0,0,
merge_test_700-1800_cr0.95_stride100,Chuanmei_100_000159,Chuanmei,100,000159,120.33746008333334,30.322629694444444,map2019/merge_test_700-1800_cr0.95_stride100/Chuanmei_100_000159/GPS_info.json,True,12,12,0,12,12,1.0,1.0808298700482055e-11,0,0,
merge_test_700-1800_cr0.95_stride100,Chuanmei_100_000160,Chuanmei,100,000160,120.33725369444444,30.322627805555555,map2019/merge_test_700-1800_cr0.95_stride100/Chuanmei_100_000160/GPS_info.json,True,12,12,0,12,12,1.0,1.1608047856270787e-11,0,0,
merge_test_700-1800_cr0.95_stride100,Chuanmei_100_000161,Chuanmei,100,000161,120.33704530555555,30.322626638888888,map2019/merge_test_700-1800_cr0.95_stride100/Chuanmei_100_000161/GPS_info.json,True,12,12,0,12,12,1.0,1.1608047856270787e-11,0,0,
merge_test_700-1800_cr0.95_stride100,Chuanmei_100_000162,Chuanmei,100,000162,120.3368365,30.322624166666667,map2019/merge_test_700-1800_cr0.95_stride100/Chuanmei_100_000162/GPS_info.json,True,12,12,0,12,12,1.0,1.0808298700482055e-11,0,0,
merge_test_700-1800_cr0.95_stride100,Chuanmei_100_000163,Chuanmei,100,000163,120.33662894444444,30.322622944444444,map2019/merge_test_700-1800_cr0.95_stride100/Chuanmei_100_000163/GPS_info.json,True,12,12,0,12,12,1.0,1.0808298700482055e-11,0,0,
merge_test_700-1800_cr0.95_stride100,Chuanmei_100_000164,Chuanmei,100,000164,120.33641802777778,30.322620166666667,map2019/merge_test_700-1800_cr0.95_stride100/Chuanmei_100_000164/GPS_info.json,True,12,12,0,12,12,1.0,1.0808298700482055e-11,0,0,
merge_test_700-1800_cr0.95_stride100,Chuanmei_100_000165,Chuanmei,100,000165,120.33621230555555,30.322618333333335,map2019/merge_test_700-1800_cr0.95_stride100/Chuanmei_100_000165/GPS_info.json,True,12,12,0,12,12,1.0,1.1608047856270787e-11,0,0,
merge_test_700-1800_cr0.95_stride100,Chuanmei_100_000166,Chuanmei,100,000166,120.33600113888889,30.322615083333332,map2019/merge_test_700-1800_cr0.95_stride100/Chuanmei_100_000166/GPS_info.json,True,12,12,0,12,12,1.0,1.0808298700482055e-11,0,0,
merge_test_700-1800_cr0.95_stride100,Chuanmei_100_000167,Chuanmei,100,000167,120.33579758333333,30.32261375,map2019/merge_test_700-1800_cr0.95_stride100/Chuanmei_100_000167/GPS_info.json,True,12,12,0,12,12,1.0,1.0808298700482055e-11,0,0,
merge_test_700-1800_cr0.95_stride100,Chuanmei_100_000168,Chuanmei,100,000168,120.33558422222222,30.322607916666666,map2019/merge_test_700-1800_cr0.95_stride100/Chuanmei_100_000168/GPS_info.json,True,12,12,0,12,12,1.0,1.1608047856270787e-11,0,0,
merge_test_700-1800_cr0.95_stride100,Chuanmei_100_000169,Chuanmei,100,000169,120.33537377777778,30.32260711111111,map2019/merge_test_700-1800_cr0.95_stride100/Chuanmei_100_000169/GPS_info.json,True,12,12,0,12,12,1.0,1.1608047856270787e-11,0,0,
merge_test_700-1800_cr0.95_stride100,Chuanmei_100_000170,Chuanmei,100,000170,120.33537263888888,30.322426083333333,map2019/merge_test_700-1800_cr0.95_stride100/Chuanmei_100_000170/GPS_info.json,True,12,12,0,12,12,1.0,1.1780951214568347e-11,0,0,
merge_test_700-1800_cr0.95_stride100,Chuanmei_100_000171,Chuanmei,100,000171,120.33557819444444,30.32242261111111,map2019/merge_test_700-1800_cr0.95_stride100/Chuanmei_100_000171/GPS_info.json,True,12,12,0,12,12,1.0,1.1608047856270787e-11,0,0,
merge_test_700-1800_cr0.95_stride100,Chuanmei_100_000172,Chuanmei,100,000172,120.33578505555556,30.3224235,map2019/merge_test_700-1800_cr0.95_stride100/Chuanmei_100_000172/GPS_info.json,True,12,12,0,12,12,0.0,7.583933481214444e-12,0,0,
merge_test_700-1800_cr0.95_stride100,Chuanmei_100_000173,Chuanmei,100,000173,120.33599119444445,30.322427027777778,map2019/merge_test_700-1800_cr0.95_stride100/Chuanmei_100_000173/GPS_info.json,True,12,12,0,12,12,1.0,1.1608047856270787e-11,0,0,
merge_test_700-1800_cr0.95_stride100,Chuanmei_100_000174,Chuanmei,100,000174,120.33619902777778,30.322429694444445,map2019/merge_test_700-1800_cr0.95_stride100/Chuanmei_100_000174/GPS_info.json,True,12,12,0,12,12,0.0,7.583933481214444e-12,0,0,
merge_test_700-1800_cr0.95_stride100,Chuanmei_100_000175,Chuanmei,100,000175,120.33640716666666,30.322430666666666,map2019/merge_test_700-1800_cr0.95_stride100/Chuanmei_100_000175/GPS_info.json,True,12,12,0,12,12,0.0,7.583933481214444e-12,0,0,
merge_test_700-1800_cr0.95_stride100,Chuanmei_100_000176,Chuanmei,100,000176,120.33661641666667,30.322431305555554,map2019/merge_test_700-1800_cr0.95_stride100/Chuanmei_100_000176/GPS_info.json,True,12,12,0,12,12,1.0,1.1608047856270787e-11,0,0,
merge_test_700-1800_cr0.95_stride100,Chuanmei_100_000177,Chuanmei,100,000177,120.33682505555555,30.322434333333334,map2019/merge_test_700-1800_cr0.95_stride100/Chuanmei_100_000177/GPS_info.json,True,12,12,0,12,12,1.0,1.1608047856270787e-11,0,0,
merge_test_700-1800_cr0.95_stride100,Chuanmei_100_000178,Chuanmei,100,000178,120.33703283333334,30.32243463888889,map2019/merge_test_700-1800_cr0.95_stride100/Chuanmei_100_000178/GPS_info.json,True,12,12,0,12,12,1.0,1.1608047856270787e-11,0,0,
merge_test_700-1800_cr0.95_stride100,Chuanmei_100_000179,Chuanmei,100,000179,120.33723833333333,30.322435083333332,map2019/merge_test_700-1800_cr0.95_stride100/Chuanmei_100_000179/GPS_info.json,True,12,12,0,12,12,1.0,1.1608047856270787e-11,0,0,
merge_test_700-1800_cr0.95_stride100,Chuanmei_100_000180,Chuanmei,100,000180,120.33744408333334,30.32243536111111,map2019/merge_test_700-1800_cr0.95_stride100/Chuanmei_100_000180/GPS_info.json,True,12,12,0,12,12,1.0,1.1608047856270787e-11,0,0,
merge_test_700-1800_cr0.95_stride100,Chuanmei_100_000181,Chuanmei,100,000181,120.3376536388889,30.322436638888888,map2019/merge_test_700-1800_cr0.95_stride100/Chuanmei_100_000181/GPS_info.json,True,12,12,0,12,12,0.0,7.583933481214444e-12,0,0,
merge_test_700-1800_cr0.95_stride100,Chuanmei_100_000182,Chuanmei,100,000182,120.33786075,30.32243736111111,map2019/merge_test_700-1800_cr0.95_stride100/Chuanmei_100_000182/GPS_info.json,True,12,12,0,12,12,0.0,7.583933481214444e-12,0,0,
merge_test_700-1800_cr0.95_stride100,Chuanmei_100_000183,Chuanmei,100,000183,120.33807041666667,30.322438694444443,map2019/merge_test_700-1800_cr0.95_stride100/Chuanmei_100_000183/GPS_info.json,True,12,12,0,12,12,1.0,1.1608047856270787e-11,0,0,
merge_test_700-1800_cr0.95_stride100,Chuanmei_100_000184,Chuanmei,100,000184,120.338279,30.322439305555555,map2019/merge_test_700-1800_cr0.95_stride100/Chuanmei_100_000184/GPS_info.json,True,12,12,0,12,12,0.0,5.941596173397734e-12,0,0,
merge_test_700-1800_cr0.95_stride100,Chuanmei_100_000185,Chuanmei,100,000185,120.33848719444444,30.322440277777776,map2019/merge_test_700-1800_cr0.95_stride100/Chuanmei_100_000185/GPS_info.json,True,12,12,0,12,12,1.0,1.1608047856270787e-11,0,0,
merge_test_700-1800_cr0.95_stride100,Chuanmei_100_000186,Chuanmei,100,000186,120.33869641666666,30.322440555555556,map2019/merge_test_700-1800_cr0.95_stride100/Chuanmei_100_000186/GPS_info.json,True,12,12,0,12,12,1.0,1.1608047856270787e-11,0,0,
merge_test_700-1800_cr0.95_stride100,Chuanmei_100_000187,Chuanmei,100,000187,120.33869722222222,30.32226347222222,map2019/merge_test_700-1800_cr0.95_stride100/Chuanmei_100_000187/GPS_info.json,True,12,12,0,12,12,0.0,7.583933481214444e-12,0,0,
merge_test_700-1800_cr0.95_stride100,Chuanmei_100_000188,Chuanmei,100,000188,120.33849147222222,30.322262777777777,map2019/merge_test_700-1800_cr0.95_stride100/Chuanmei_100_000188/GPS_info.json,True,12,12,0,12,12,0.0,7.583933481214444e-12,0,0,
merge_test_700-1800_cr0.95_stride100,Chuanmei_100_000189,Chuanmei,100,000189,120.33828425,30.322262416666668,map2019/merge_test_700-1800_cr0.95_stride100/Chuanmei_100_000189/GPS_info.json,True,12,12,0,12,12,1.0,8.109624083374456e-12,0,0,
merge_test_700-1800_cr0.95_stride100,Chuanmei_100_000190,Chuanmei,100,000190,120.33807488888888,30.322263305555555,map2019/merge_test_700-1800_cr0.95_stride100/Chuanmei_100_000190/GPS_info.json,True,12,12,0,12,12,1.0,1.1608047856270787e-11,0,0,
merge_test_700-1800_cr0.95_stride100,Chuanmei_100_000191,Chuanmei,100,000191,120.33786408333333,30.322263027777776,map2019/merge_test_700-1800_cr0.95_stride100/Chuanmei_100_000191/GPS_info.json,True,12,12,0,12,12,1.0,1.1608047856270787e-11,0,0,
merge_test_700-1800_cr0.95_stride100,Chuanmei_100_000192,Chuanmei,100,000192,120.33765491666666,30.322263111111113,map2019/merge_test_700-1800_cr0.95_stride100/Chuanmei_100_000192/GPS_info.json,True,12,12,0,12,12,0.0,7.583933481214444e-12,0,0,
merge_test_700-1800_cr0.95_stride100,Chuanmei_100_000193,Chuanmei,100,000193,120.33744525,30.32226361111111,map2019/merge_test_700-1800_cr0.95_stride100/Chuanmei_100_000193/GPS_info.json,True,12,12,0,12,12,1.0,8.109624083374456e-12,0,0,
merge_test_700-1800_cr0.95_stride100,Chuanmei_100_000194,Chuanmei,100,000194,120.33723852777777,30.322264555555556,map2019/merge_test_700-1800_cr0.95_stride100/Chuanmei_100_000194/GPS_info.json,True,12,12,0,12,12,0.0,7.583933481214444e-12,0,0,
merge_test_700-1800_cr0.95_stride100,Chuanmei_100_000195,Chuanmei,100,000195,120.33703066666666,30.322265972222223,map2019/merge_test_700-1800_cr0.95_stride100/Chuanmei_100_000195/GPS_info.json,True,12,12,0,12,12,0.0,7.583933481214444e-12,0,0,
merge_test_700-1800_cr0.95_stride100,Chuanmei_100_000196,Chuanmei,100,000196,120.33682252777778,30.322266777777777,map2019/merge_test_700-1800_cr0.95_stride100/Chuanmei_100_000196/GPS_info.json,True,12,12,0,12,12,0.0,7.583933481214444e-12,0,0,
merge_test_700-1800_cr0.95_stride100,Chuanmei_100_000197,Chuanmei,100,000197,120.3366133611111,30.322267666666665,map2019/merge_test_700-1800_cr0.95_stride100/Chuanmei_100_000197/GPS_info.json,True,12,12,0,12,12,0.0,7.583933481214444e-12,0,0,
merge_test_700-1800_cr0.95_stride100,Chuanmei_100_000198,Chuanmei,100,000198,120.33640497222223,30.322266944444443,map2019/merge_test_700-1800_cr0.95_stride100/Chuanmei_100_000198/GPS_info.json,True,12,12,0,12,12,1.0,8.109624083374456e-12,0,0,
merge_test_700-1800_cr0.95_stride100,Chuanmei_100_000199,Chuanmei,100,000199,120.33619647222223,30.32226675,map2019/merge_test_700-1800_cr0.95_stride100/Chuanmei_100_000199/GPS_info.json,True,12,12,0,12,12,1.0,5.055955654142963e-12,0,0,
merge_test_700-1800_cr0.95_stride100,Chuanmei_80_000000,Chuanmei,80,000000,120.33542972222222,30.324272222222223,map2019/merge_test_700-1800_cr0.95_stride100/Chuanmei_80_000000/GPS_info.json,True,12,12,0,12,12,0.0,7.583933481214444e-12,0,0,
merge_test_700-1800_cr0.95_stride100,Chuanmei_80_000001,Chuanmei,80,000001,120.33562986111112,30.324271416666665,map2019/merge_test_700-1800_cr0.95_stride100/Chuanmei_80_000001/GPS_info.json,True,12,12,0,12,12,0.0,7.583933481214444e-12,0,0,
merge_test_700-1800_cr0.95_stride100,Chuanmei_80_000002,Chuanmei,80,000002,120.33583533333334,30.324270583333334,map2019/merge_test_700-1800_cr0.95_stride100/Chuanmei_80_000002/GPS_info.json,True,12,12,0,12,12,1.0,8.109624083374456e-12,0,0,
merge_test_700-1800_cr0.95_stride100,Chuanmei_80_000003,Chuanmei,80,000003,120.33604211111111,30.3242685,map2019/merge_test_700-1800_cr0.95_stride100/Chuanmei_80_000003/GPS_info.json,True,12,12,0,12,12,1.0,8.109624083374456e-12,0,0,
merge_test_700-1800_cr0.95_stride100,Chuanmei_80_000004,Chuanmei,80,000004,120.33624802777778,30.324265583333332,map2019/merge_test_700-1800_cr0.95_stride100/Chuanmei_80_000004/GPS_info.json,True,12,12,0,12,12,0.0,7.583933481214444e-12,0,0,
merge_test_700-1800_cr0.95_stride100,Chuanmei_80_000005,Chuanmei,80,000005,120.33645688888889,30.324266833333333,map2019/merge_test_700-1800_cr0.95_stride100/Chuanmei_80_000005/GPS_info.json,True,12,12,0,12,12,0.0,7.583933481214444e-12,0,0,
merge_test_700-1800_cr0.95_stride100,Chuanmei_80_000006,Chuanmei,80,000006,120.336666,30.324264666666668,map2019/merge_test_700-1800_cr0.95_stride100/Chuanmei_80_000006/GPS_info.json,True,12,12,0,12,12,1.0,1.1780951214568347e-11,0,0,
merge_test_700-1800_cr0.95_stride100,Chuanmei_80_000007,Chuanmei,80,000007,120.33687175,30.32426577777778,map2019/merge_test_700-1800_cr0.95_stride100/Chuanmei_80_000007/GPS_info.json,True,12,12,0,12,12,0.0,7.583933481214444e-12,0,0,
merge_test_700-1800_cr0.95_stride100,Chuanmei_80_000008,Chuanmei,80,000008,120.33707858333334,30.32426472222222,map2019/merge_test_700-1800_cr0.95_stride100/Chuanmei_80_000008/GPS_info.json,True,12,12,0,12,12,1.0,8.109624083374456e-12,0,0,
merge_test_700-1800_cr0.95_stride100,Chuanmei_80_000009,Chuanmei,80,000009,120.33728786111111,30.32426461111111,map2019/merge_test_700-1800_cr0.95_stride100/Chuanmei_80_000009/GPS_info.json,True,12,12,0,12,12,1.0,1.1780951214568347e-11,0,0,
merge_test_700-1800_cr0.95_stride100,Chuanmei_80_000010,Chuanmei,80,000010,120.33749497222222,30.32426586111111,map2019/merge_test_700-1800_cr0.95_stride100/Chuanmei_80_000010/GPS_info.json,True,12,12,0,12,12,1.0,8.109624083374456e-12,0,0,
merge_test_700-1800_cr0.95_stride100,Chuanmei_80_000011,Chuanmei,80,000011,120.33770277777778,30.324263944444443,map2019/merge_test_700-1800_cr0.95_stride100/Chuanmei_80_000011/GPS_info.json,True,12,12,0,12,12,1.0,8.109624083374456e-12,0,0,
merge_test_700-1800_cr0.95_stride100,Chuanmei_80_000012,Chuanmei,80,000012,120.3379131111111,30.324263388888888,map2019/merge_test_700-1800_cr0.95_stride100/Chuanmei_80_000012/GPS_info.json,True,12,12,0,12,12,0.0,7.583933481214444e-12,0,0,
merge_test_700-1800_cr0.95_stride100,Chuanmei_80_000013,Chuanmei,80,000013,120.33811988888888,30.324261944444444,map2019/merge_test_700-1800_cr0.95_stride100/Chuanmei_80_000013/GPS_info.json,True,12,12,0,12,12,0.0,7.583933481214444e-12,0,0,
merge_test_700-1800_cr0.95_stride100,Chuanmei_80_000014,Chuanmei,80,000014,120.3383298888889,30.324262194444444,map2019/merge_test_700-1800_cr0.95_stride100/Chuanmei_80_000014/GPS_info.json,True,12,12,0,12,12,1.0,7.32292004812507e-12,0,0,
merge_test_700-1800_cr0.95_stride100,Chuanmei_80_000015,Chuanmei,80,000015,120.33853497222222,30.32426027777778,map2019/merge_test_700-1800_cr0.95_stride100/Chuanmei_80_000015/GPS_info.json,True,12,12,0,12,12,1.0,1.1780951214568347e-11,0,0,
merge_test_700-1800_cr0.95_stride100,Chuanmei_80_000016,Chuanmei,80,000016,120.33874341666667,30.32426075,map2019/merge_test_700-1800_cr0.95_stride100/Chuanmei_80_000016/GPS_info.json,True,12,12,0,12,12,1.0,8.109624083374456e-12,0,0,
merge_test_700-1800_cr0.95_stride100,Chuanmei_80_000017,Chuanmei,80,000017,120.33874458333334,30.324081333333332,map2019/merge_test_700-1800_cr0.95_stride100/Chuanmei_80_000017/GPS_info.json,True,12,12,0,12,12,1.0,8.109624083374456e-12,0,0,
merge_test_700-1800_cr0.95_stride100,Chuanmei_80_000018,Chuanmei,80,000018,120.3385395,30.324081638888888,map2019/merge_test_700-1800_cr0.95_stride100/Chuanmei_80_000018/GPS_info.json,True,12,12,0,12,12,1.0,8.109624083374456e-12,0,0,
merge_test_700-1800_cr0.95_stride100,Chuanmei_80_000019,Chuanmei,80,000019,120.33832847222222,30.324080416666668,map2019/merge_test_700-1800_cr0.95_stride100/Chuanmei_80_000019/GPS_info.json,True,12,12,0,12,12,1.0,8.109624083374456e-12,0,0,
merge_test_700-1800_cr0.95_stride100,Chuanmei_80_000020,Chuanmei,80,000020,120.33812352777778,30.324079527777776,map2019/merge_test_700-1800_cr0.95_stride100/Chuanmei_80_000020/GPS_info.json,True,12,12,0,12,12,0.0,5.941596173397734e-12,0,0,
merge_test_700-1800_cr0.95_stride100,Chuanmei_80_000021,Chuanmei,80,000021,120.33791041666667,30.324078555555555,map2019/merge_test_700-1800_cr0.95_stride100/Chuanmei_80_000021/GPS_info.json,True,12,12,0,12,12,1.0,8.109624083374456e-12,0,0,
merge_test_700-1800_cr0.95_stride100,Chuanmei_80_000022,Chuanmei,80,000022,120.33770338888888,30.32407686111111,map2019/merge_test_700-1800_cr0.95_stride100/Chuanmei_80_000022/GPS_info.json,True,12,12,0,12,12,1.0,8.109624083374456e-12,0,0,
merge_test_700-1800_cr0.95_stride100,Chuanmei_80_000023,Chuanmei,80,000023,120.33749738888889,30.324078222222223,map2019/merge_test_700-1800_cr0.95_stride100/Chuanmei_80_000023/GPS_info.json,True,12,12,0,12,12,1.0,1.1780951214568347e-11,0,0,
merge_test_700-1800_cr0.95_stride100,Chuanmei_80_000024,Chuanmei,80,000024,120.33728963888889,30.32407897222222,map2019/merge_test_700-1800_cr0.95_stride100/Chuanmei_80_000024/GPS_info.json,True,12,12,0,12,12,1.0,1.1780951214568347e-11,0,0,
merge_test_700-1800_cr0.95_stride100,Chuanmei_80_000025,Chuanmei,80,000025,120.33708147222222,30.32407938888889,map2019/merge_test_700-1800_cr0.95_stride100/Chuanmei_80_000025/GPS_info.json,True,12,12,0,12,12,1.0,4.882316773091588e-12,0,0,
merge_test_700-1800_cr0.95_stride100,Chuanmei_80_000026,Chuanmei,80,000026,120.33687094444444,30.324079583333333,map2019/merge_test_700-1800_cr0.95_stride100/Chuanmei_80_000026/GPS_info.json,True,12,12,0,12,12,1.0,8.109624083374456e-12,0,0,
merge_test_700-1800_cr0.95_stride100,Chuanmei_80_000027,Chuanmei,80,000027,120.33666119444445,30.324077805555554,map2019/merge_test_700-1800_cr0.95_stride100/Chuanmei_80_000027/GPS_info.json,True,12,12,0,12,12,1.0,8.109624083374456e-12,0,0,
merge_test_700-1800_cr0.95_stride100,Chuanmei_80_000028,Chuanmei,80,000028,120.33645563888889,30.324078166666666,map2019/merge_test_700-1800_cr0.95_stride100/Chuanmei_80_000028/GPS_info.json,True,12,12,0,12,12,1.0,1.1780951214568347e-11,0,0,
merge_test_700-1800_cr0.95_stride100,Chuanmei_80_000029,Chuanmei,80,000029,120.33624969444445,30.324080388888888,map2019/merge_test_700-1800_cr0.95_stride100/Chuanmei_80_000029/GPS_info.json,True,12,12,0,12,12,1.0,8.109624083374456e-12,0,0,
merge_test_700-1800_cr0.95_stride100,Chuanmei_80_000030,Chuanmei,80,000030,120.33604455555556,30.324081055555556,map2019/merge_test_700-1800_cr0.95_stride100/Chuanmei_80_000030/GPS_info.json,True,12,12,0,12,12,0.0,5.941596173397734e-12,0,0,
merge_test_700-1800_cr0.95_stride100,Chuanmei_80_000031,Chuanmei,80,000031,120.3358358888889,30.324081222222222,map2019/merge_test_700-1800_cr0.95_stride100/Chuanmei_80_000031/GPS_info.json,True,12,12,0,12,12,1.0,1.1780951214568347e-11,0,0,
merge_test_700-1800_cr0.95_stride100,Chuanmei_80_000032,Chuanmei,80,000032,120.33562888888889,30.324081333333332,map2019/merge_test_700-1800_cr0.95_stride100/Chuanmei_80_000032/GPS_info.json,True,12,12,0,12,12,1.0,1.1780951214568347e-11,0,0,
merge_test_700-1800_cr0.95_stride100,Chuanmei_80_000033,Chuanmei,80,000033,120.33542077777778,30.324081944444444,map2019/merge_test_700-1800_cr0.95_stride100/Chuanmei_80_000033/GPS_info.json,True,12,12,0,12,12,0.0,5.941596173397734e-12,0,0,
merge_test_700-1800_cr0.95_stride100,Chuanmei_80_000034,Chuanmei,80,000034,120.33541947222223,30.323903916666666,map2019/merge_test_700-1800_cr0.95_stride100/Chuanmei_80_000034/GPS_info.json,True,12,12,0,12,12,1.0,1.1780951214568347e-11,0,0,
merge_test_700-1800_cr0.95_stride100,Chuanmei_80_000035,Chuanmei,80,000035,120.33562333333333,30.323902666666665,map2019/merge_test_700-1800_cr0.95_stride100/Chuanmei_80_000035/GPS_info.json,True,12,12,0,12,12,1.0,1.1780951214568347e-11,0,0,
merge_test_700-1800_cr0.95_stride100,Chuanmei_80_000036,Chuanmei,80,000036,120.33583019444444,30.323904,map2019/merge_test_700-1800_cr0.95_stride100/Chuanmei_80_000036/GPS_info.json,True,12,12,0,12,12,1.0,8.109624083374456e-12,0,0,
merge_test_700-1800_cr0.95_stride100,Chuanmei_80_000037,Chuanmei,80,000037,120.336038,30.32390563888889,map2019/merge_test_700-1800_cr0.95_stride100/Chuanmei_80_000037/GPS_info.json,True,12,12,0,12,12,1.0,8.109624083374456e-12,0,0,
merge_test_700-1800_cr0.95_stride100,Chuanmei_80_000038,Chuanmei,80,000038,120.33624358333333,30.323907527777777,map2019/merge_test_700-1800_cr0.95_stride100/Chuanmei_80_000038/GPS_info.json,True,12,12,0,12,12,1.0,1.1780951214568347e-11,0,0,
merge_test_700-1800_cr0.95_stride100,Chuanmei_80_000039,Chuanmei,80,000039,120.33645275,30.32390997222222,map2019/merge_test_700-1800_cr0.95_stride100/Chuanmei_80_000039/GPS_info.json,True,12,12,0,12,12,1.0,5.055955654142963e-12,0,0,
merge_test_700-1800_cr0.95_stride100,Chuanmei_80_000040,Chuanmei,80,000040,120.33666186111111,30.32391125,map2019/merge_test_700-1800_cr0.95_stride100/Chuanmei_80_000040/GPS_info.json,True,12,12,0,12,12,1.0,1.1780951214568347e-11,0,0,
merge_test_700-1800_cr0.95_stride100,Chuanmei_80_000041,Chuanmei,80,000041,120.33686886111111,30.323913555555556,map2019/merge_test_700-1800_cr0.95_stride100/Chuanmei_80_000041/GPS_info.json,True,12,12,0,12,12,1.0,1.2061796006435088e-11,0,0,
merge_test_700-1800_cr0.95_stride100,Chuanmei_80_000042,Chuanmei,80,000042,120.33707772222222,30.323913861111112,map2019/merge_test_700-1800_cr0.95_stride100/Chuanmei_80_000042/GPS_info.json,True,12,12,0,12,12,0.0,5.941596173397734e-12,0,0,
merge_test_700-1800_cr0.95_stride100,Chuanmei_80_000043,Chuanmei,80,000043,120.33728483333333,30.323914527777777,map2019/merge_test_700-1800_cr0.95_stride100/Chuanmei_80_000043/GPS_info.json,True,12,12,0,12,12,1.0,5.055955654142963e-12,0,0,
merge_test_700-1800_cr0.95_stride100,Chuanmei_80_000044,Chuanmei,80,000044,120.33749219444445,30.32391652777778,map2019/merge_test_700-1800_cr0.95_stride100/Chuanmei_80_000044/GPS_info.json,True,12,12,0,12,12,1.0,1.1780951214568347e-11,0,0,
merge_test_700-1800_cr0.95_stride100,Chuanmei_80_000045,Chuanmei,80,000045,120.33769622222222,30.323915694444445,map2019/merge_test_700-1800_cr0.95_stride100/Chuanmei_80_000045/GPS_info.json,True,12,12,0,12,12,1.0,1.1780951214568347e-11,0,0,
merge_test_700-1800_cr0.95_stride100,Chuanmei_80_000046,Chuanmei,80,000046,120.33790963888889,30.323918777777777,map2019/merge_test_700-1800_cr0.95_stride100/Chuanmei_80_000046/GPS_info.json,True,12,12,0,12,12,0.0,5.941596173397734e-12,0,0,
merge_test_700-1800_cr0.95_stride100,Chuanmei_80_000047,Chuanmei,80,000047,120.33811983333334,30.32392225,map2019/merge_test_700-1800_cr0.95_stride100/Chuanmei_80_000047/GPS_info.json,True,12,12,0,12,12,0.0,5.941596173397734e-12,0,0,
merge_test_700-1800_cr0.95_stride100,Chuanmei_80_000048,Chuanmei,80,000048,120.33832655555555,30.323922805555554,map2019/merge_test_700-1800_cr0.95_stride100/Chuanmei_80_000048/GPS_info.json,True,12,12,0,12,12,0.0,5.941596173397734e-12,0,0,
merge_test_700-1800_cr0.95_stride100,Chuanmei_80_000049,Chuanmei,80,000049,120.33853488888889,30.32392297222222,map2019/merge_test_700-1800_cr0.95_stride100/Chuanmei_80_000049/GPS_info.json,True,12,12,0,12,12,1.0,1.1780951214568347e-11,0,0,
merge_test_700-1800_cr0.95_stride100,Chuanmei_80_000050,Chuanmei,80,000050,120.33874361111111,30.323924472222224,map2019/merge_test_700-1800_cr0.95_stride100/Chuanmei_80_000050/GPS_info.json,True,12,12,0,12,12,1.0,1.1780951214568347e-11,0,0,
merge_test_700-1800_cr0.95_stride100,Chuanmei_80_000051,Chuanmei,80,000051,120.33874583333333,30.32374586111111,map2019/merge_test_700-1800_cr0.95_stride100/Chuanmei_80_000051/GPS_info.json,True,12,12,0,12,12,0.0,5.941596173397734e-12,0,0,
merge_test_700-1800_cr0.95_stride100,Chuanmei_80_000052,Chuanmei,80,000052,120.33854258333334,30.323744666666666,map2019/merge_test_700-1800_cr0.95_stride100/Chuanmei_80_000052/GPS_info.json,True,12,12,0,12,12,1.0,1.1780951214568347e-11,0,0,
merge_test_700-1800_cr0.95_stride100,Chuanmei_80_000053,Chuanmei,80,000053,120.33833252777778,30.323744166666668,map2019/merge_test_700-1800_cr0.95_stride100/Chuanmei_80_000053/GPS_info.json,True,12,12,0,12,12,0.0,5.941596173397734e-12,0,0,
merge_test_700-1800_cr0.95_stride100,Chuanmei_80_000054,Chuanmei,80,000054,120.33812725,30.323743,map2019/merge_test_700-1800_cr0.95_stride100/Chuanmei_80_000054/GPS_info.json,True,12,12,0,12,12,1.0,5.055955654142963e-12,0,0,
merge_test_700-1800_cr0.95_stride100,Chuanmei_80_000055,Chuanmei,80,000055,120.33791488888889,30.32374225,map2019/merge_test_700-1800_cr0.95_stride100/Chuanmei_80_000055/GPS_info.json,True,12,12,0,12,12,0.0,5.941596173397734e-12,0,0,
merge_test_700-1800_cr0.95_stride100,Chuanmei_80_000056,Chuanmei,80,000056,120.33771116666667,30.32374125,map2019/merge_test_700-1800_cr0.95_stride100/Chuanmei_80_000056/GPS_info.json,True,12,12,0,12,12,0.0,5.941596173397734e-12,0,0,
merge_test_700-1800_cr0.95_stride100,Chuanmei_80_000057,Chuanmei,80,000057,120.33750269444444,30.323741333333334,map2019/merge_test_700-1800_cr0.95_stride100/Chuanmei_80_000057/GPS_info.json,True,12,12,0,12,12,1.0,9.102663067750427e-12,0,0,
merge_test_700-1800_cr0.95_stride100,Chuanmei_80_000058,Chuanmei,80,000058,120.33728830555556,30.323740416666666,map2019/merge_test_700-1800_cr0.95_stride100/Chuanmei_80_000058/GPS_info.json,True,12,12,0,12,12,1.0,7.32292004812507e-12,0,0,
merge_test_700-1800_cr0.95_stride100,Chuanmei_80_000059,Chuanmei,80,000059,120.33707841666667,30.323739694444445,map2019/merge_test_700-1800_cr0.95_stride100/Chuanmei_80_000059/GPS_info.json,True,12,12,0,12,12,1.0,1.1780951214568347e-11,0,0,
merge_test_700-1800_cr0.95_stride100,Chuanmei_80_000060,Chuanmei,80,000060,120.33687072222222,30.32373975,map2019/merge_test_700-1800_cr0.95_stride100/Chuanmei_80_000060/GPS_info.json,True,12,12,0,12,12,1.0,1.1780951214568347e-11,0,0,
merge_test_700-1800_cr0.95_stride100,Chuanmei_80_000061,Chuanmei,80,000061,120.33666519444445,30.32374175,map2019/merge_test_700-1800_cr0.95_stride100/Chuanmei_80_000061/GPS_info.json,True,12,12,0,12,12,1.0,7.32292004812507e-12,0,0,
merge_test_700-1800_cr0.95_stride100,Chuanmei_80_000062,Chuanmei,80,000062,120.33645572222223,30.323740083333334,map2019/merge_test_700-1800_cr0.95_stride100/Chuanmei_80_000062/GPS_info.json,True,12,12,0,12,12,0.0,5.941596173397734e-12,0,0,
merge_test_700-1800_cr0.95_stride100,Chuanmei_80_000063,Chuanmei,80,000063,120.33624822222222,30.32373966666667,map2019/merge_test_700-1800_cr0.95_stride100/Chuanmei_80_000063/GPS_info.json,True,12,12,0,12,12,1.0,5.055955654142963e-12,0,0,
merge_test_700-1800_cr0.95_stride100,Chuanmei_80_000064,Chuanmei,80,000064,120.3360396111111,30.32373888888889,map2019/merge_test_700-1800_cr0.95_stride100/Chuanmei_80_000064/GPS_info.json,True,12,12,0,12,12,1.0,5.055955654142963e-12,0,0,
merge_test_700-1800_cr0.95_stride100,Chuanmei_80_000065,Chuanmei,80,000065,120.33583197222222,30.323738694444444,map2019/merge_test_700-1800_cr0.95_stride100/Chuanmei_80_000065/GPS_info.json,True,12,12,0,12,12,1.0,7.32292004812507e-12,0,0,
merge_test_700-1800_cr0.95_stride100,Chuanmei_80_000066,Chuanmei,80,000066,120.33562466666666,30.323738,map2019/merge_test_700-1800_cr0.95_stride100/Chuanmei_80_000066/GPS_info.json,True,12,12,0,12,12,0.0,5.941596173397734e-12,0,0,
merge_test_700-1800_cr0.95_stride100,Chuanmei_80_000067,Chuanmei,80,000067,120.33541527777778,30.32373788888889,map2019/merge_test_700-1800_cr0.95_stride100/Chuanmei_80_000067/GPS_info.json,True,12,12,0,12,12,0.0,5.941596173397734e-12,0,0,
merge_test_700-1800_cr0.95_stride100,Chuanmei_80_000068,Chuanmei,80,000068,120.33540008333334,30.32355738888889,map2019/merge_test_700-1800_cr0.95_stride100/Chuanmei_80_000068/GPS_info.json,True,12,12,0,12,12,1.0,5.055955654142963e-12,0,0,
merge_test_700-1800_cr0.95_stride100,Chuanmei_80_000069,Chuanmei,80,000069,120.3356065,30.323558416666668,map2019/merge_test_700-1800_cr0.95_stride100/Chuanmei_80_000069/GPS_info.json,True,12,12,0,12,12,1.0,4.882316773091588e-12,0,0,
merge_test_700-1800_cr0.95_stride100,Chuanmei_80_000070,Chuanmei,80,000070,120.33581130555555,30.323558666666667,map2019/merge_test_700-1800_cr0.95_stride100/Chuanmei_80_000070/GPS_info.json,True,12,12,0,12,12,1.0,5.055955654142963e-12,0,0,
merge_test_700-1800_cr0.95_stride100,Chuanmei_80_000071,Chuanmei,80,000071,120.33601947222222,30.323561027777778,map2019/merge_test_700-1800_cr0.95_stride100/Chuanmei_80_000071/GPS_info.json,True,12,12,0,12,12,0.0,5.941596173397734e-12,0,0,
merge_test_700-1800_cr0.95_stride100,Chuanmei_80_000072,Chuanmei,80,000072,120.33622972222223,30.323564833333332,map2019/merge_test_700-1800_cr0.95_stride100/Chuanmei_80_000072/GPS_info.json,True,12,12,0,12,12,0.0,5.941596173397734e-12,0,0,
merge_test_700-1800_cr0.95_stride100,Chuanmei_80_000073,Chuanmei,80,000073,120.3364376388889,30.323567805555555,map2019/merge_test_700-1800_cr0.95_stride100/Chuanmei_80_000073/GPS_info.json,True,12,12,0,12,12,0.0,5.941596173397734e-12,0,0,
merge_test_700-1800_cr0.95_stride100,Chuanmei_80_000074,Chuanmei,80,000074,120.336647,30.32356863888889,map2019/merge_test_700-1800_cr0.95_stride100/Chuanmei_80_000074/GPS_info.json,True,12,12,0,12,12,1.0,5.055955654142963e-12,0,0,
merge_test_700-1800_cr0.95_stride100,Chuanmei_80_000075,Chuanmei,80,000075,120.33685416666667,30.323570361111113,map2019/merge_test_700-1800_cr0.95_stride100/Chuanmei_80_000075/GPS_info.json,True,12,12,0,12,12,0.0,5.941596173397734e-12,0,0,
merge_test_700-1800_cr0.95_stride100,Chuanmei_80_000076,Chuanmei,80,000076,120.33706086111111,30.32357375,map2019/merge_test_700-1800_cr0.95_stride100/Chuanmei_80_000076/GPS_info.json,True,12,12,0,12,12,1.0,5.055955654142963e-12,0,0,
merge_test_700-1800_cr0.95_stride100,Chuanmei_80_000077,Chuanmei,80,000077,120.33726997222222,30.323573555555555,map2019/merge_test_700-1800_cr0.95_stride100/Chuanmei_80_000077/GPS_info.json,True,12,12,0,12,12,1.0,4.882316773091588e-12,0,0,
merge_test_700-1800_cr0.95_stride100,Chuanmei_80_000078,Chuanmei,80,000078,120.33747930555556,30.323575583333334,map2019/merge_test_700-1800_cr0.95_stride100/Chuanmei_80_000078/GPS_info.json,True,12,12,0,12,12,0.0,7.91167131808379e-12,0,0,
merge_test_700-1800_cr0.95_stride100,Chuanmei_80_000079,Chuanmei,80,000079,120.33768630555555,30.323576805555554,map2019/merge_test_700-1800_cr0.95_stride100/Chuanmei_80_000079/GPS_info.json,True,12,12,0,12,12,1.0,5.055955654142963e-12,0,0,
merge_test_700-1800_cr0.95_stride100,Chuanmei_80_000080,Chuanmei,80,000080,120.33789608333333,30.323578527777777,map2019/merge_test_700-1800_cr0.95_stride100/Chuanmei_80_000080/GPS_info.json,True,12,12,0,12,12,1.0,5.055955654142963e-12,0,0,
merge_test_700-1800_cr0.95_stride100,Chuanmei_80_000081,Chuanmei,80,000081,120.33810647222222,30.323582416666667,map2019/merge_test_700-1800_cr0.95_stride100/Chuanmei_80_000081/GPS_info.json,True,12,12,0,12,12,0.0,5.941596173397734e-12,0,0,
merge_test_700-1800_cr0.95_stride100,Chuanmei_80_000082,Chuanmei,80,000082,120.33831605555555,30.323585138888888,map2019/merge_test_700-1800_cr0.95_stride100/Chuanmei_80_000082/GPS_info.json,True,12,12,0,12,12,1.0,4.882316773091588e-12,0,0,
merge_test_700-1800_cr0.95_stride100,Chuanmei_80_000083,Chuanmei,80,000083,120.33852330555555,30.32358811111111,map2019/merge_test_700-1800_cr0.95_stride100/Chuanmei_80_000083/GPS_info.json,True,12,12,0,12,12,1.0,5.055955654142963e-12,0,0,
merge_test_700-1800_cr0.95_stride100,Chuanmei_80_000084,Chuanmei,80,000084,120.33873166666666,30.323589,map2019/merge_test_700-1800_cr0.95_stride100/Chuanmei_80_000084/GPS_info.json,True,12,12,0,12,12,1.0,1.2061796006435088e-11,0,0,
merge_test_700-1800_cr0.95_stride100,Chuanmei_80_000085,Chuanmei,80,000085,120.33873497222223,30.323404666666665,map2019/merge_test_700-1800_cr0.95_stride100/Chuanmei_80_000085/GPS_info.json,True,12,12,0,12,12,1.0,7.32292004812507e-12,0,0,
merge_test_700-1800_cr0.95_stride100,Chuanmei_80_000086,Chuanmei,80,000086,120.33853036111111,30.323401055555557,map2019/merge_test_700-1800_cr0.95_stride100/Chuanmei_80_000086/GPS_info.json,True,12,12,0,12,12,1.0,7.32292004812507e-12,0,0,
merge_test_700-1800_cr0.95_stride100,Chuanmei_80_000087,Chuanmei,80,000087,120.33832283333334,30.32339811111111,map2019/merge_test_700-1800_cr0.95_stride100/Chuanmei_80_000087/GPS_info.json,True,12,12,0,12,12,1.0,7.32292004812507e-12,0,0,
merge_test_700-1800_cr0.95_stride100,Chuanmei_80_000088,Chuanmei,80,000088,120.33811536111111,30.323394194444443,map2019/merge_test_700-1800_cr0.95_stride100/Chuanmei_80_000088/GPS_info.json,True,12,12,0,12,12,1.0,1.2061796006435088e-11,0,0,
merge_test_700-1800_cr0.95_stride100,Chuanmei_80_000089,Chuanmei,80,000089,120.337899,30.32338825,map2019/merge_test_700-1800_cr0.95_stride100/Chuanmei_80_000089/GPS_info.json,True,12,12,0,12,12,1.0,5.055955654142963e-12,0,0,
merge_test_700-1800_cr0.95_stride100,Chuanmei_80_000090,Chuanmei,80,000090,120.33769552777778,30.323387694444445,map2019/merge_test_700-1800_cr0.95_stride100/Chuanmei_80_000090/GPS_info.json,True,12,12,0,12,12,1.0,5.055955654142963e-12,0,0,
merge_test_700-1800_cr0.95_stride100,Chuanmei_80_000091,Chuanmei,80,000091,120.33749372222222,30.323386416666665,map2019/merge_test_700-1800_cr0.95_stride100/Chuanmei_80_000091/GPS_info.json,True,12,12,0,12,12,1.0,7.32292004812507e-12,0,0,
merge_test_700-1800_cr0.95_stride100,Chuanmei_80_000092,Chuanmei,80,000092,120.33728522222222,30.323385083333335,map2019/merge_test_700-1800_cr0.95_stride100/Chuanmei_80_000092/GPS_info.json,True,12,12,0,12,12,1.0,5.055955654142963e-12,0,0,
merge_test_700-1800_cr0.95_stride100,Chuanmei_80_000093,Chuanmei,80,000093,120.33708008333333,30.323386333333332,map2019/merge_test_700-1800_cr0.95_stride100/Chuanmei_80_000093/GPS_info.json,True,12,12,0,12,12,1.0,5.055955654142963e-12,0,0,
merge_test_700-1800_cr0.95_stride100,Chuanmei_80_000094,Chuanmei,80,000094,120.3368715,30.323385138888888,map2019/merge_test_700-1800_cr0.95_stride100/Chuanmei_80_000094/GPS_info.json,True,12,12,0,12,12,1.0,5.055955654142963e-12,0,0,
merge_test_700-1800_cr0.95_stride100,Chuanmei_80_000095,Chuanmei,80,000095,120.33665847222223,30.323378972222223,map2019/merge_test_700-1800_cr0.95_stride100/Chuanmei_80_000095/GPS_info.json,True,12,12,0,12,12,1.0,5.055955654142963e-12,0,0,
merge_test_700-1800_cr0.95_stride100,Chuanmei_80_000096,Chuanmei,80,000096,120.3364561111111,30.323380944444445,map2019/merge_test_700-1800_cr0.95_stride100/Chuanmei_80_000096/GPS_info.json,True,12,12,0,12,12,1.0,7.32292004812507e-12,0,0,
merge_test_700-1800_cr0.95_stride100,Chuanmei_80_000097,Chuanmei,80,000097,120.33624269444445,30.323373083333333,map2019/merge_test_700-1800_cr0.95_stride100/Chuanmei_80_000097/GPS_info.json,True,12,12,0,12,12,1.0,5.055955654142963e-12,0,0,
merge_test_700-1800_cr0.95_stride100,Chuanmei_80_000098,Chuanmei,80,000098,120.3360446111111,30.323376777777778,map2019/merge_test_700-1800_cr0.95_stride100/Chuanmei_80_000098/GPS_info.json,True,12,12,0,12,12,1.0,7.32292004812507e-12,0,0,
merge_test_700-1800_cr0.95_stride100,Chuanmei_80_000099,Chuanmei,80,000099,120.33583294444445,30.323376638888888,map2019/merge_test_700-1800_cr0.95_stride100/Chuanmei_80_000099/GPS_info.json,True,12,12,0,12,12,1.0,1.2061796006435088e-11,0,0,
merge_test_700-1800_cr0.95_stride100,Chuanmei_80_000100,Chuanmei,80,000100,120.33562494444445,30.32337372222222,map2019/merge_test_700-1800_cr0.95_stride100/Chuanmei_80_000100/GPS_info.json,True,12,12,0,12,12,1.0,9.102663067750427e-12,0,0,
merge_test_700-1800_cr0.95_stride100,Chuanmei_80_000101,Chuanmei,80,000101,120.33541672222222,30.32337272222222,map2019/merge_test_700-1800_cr0.95_stride100/Chuanmei_80_000101/GPS_info.json,True,12,12,0,12,12,1.0,7.32292004812507e-12,0,0,
merge_test_700-1800_cr0.95_stride100,Chuanmei_80_000102,Chuanmei,80,000102,120.3354146111111,30.323190277777776,map2019/merge_test_700-1800_cr0.95_stride100/Chuanmei_80_000102/GPS_info.json,True,12,12,0,12,12,1.0,7.32292004812507e-12,0,0,
merge_test_700-1800_cr0.95_stride100,Chuanmei_80_000103,Chuanmei,80,000103,120.33561894444445,30.32318886111111,map2019/merge_test_700-1800_cr0.95_stride100/Chuanmei_80_000103/GPS_info.json,True,12,12,0,12,12,1.0,4.882316773091588e-12,0,0,
merge_test_700-1800_cr0.95_stride100,Chuanmei_80_000104,Chuanmei,80,000104,120.33582875,30.32319163888889,map2019/merge_test_700-1800_cr0.95_stride100/Chuanmei_80_000104/GPS_info.json,True,12,12,0,12,12,1.0,9.102663067750427e-12,0,0,
merge_test_700-1800_cr0.95_stride100,Chuanmei_80_000105,Chuanmei,80,000105,120.33603794444444,30.323192722222224,map2019/merge_test_700-1800_cr0.95_stride100/Chuanmei_80_000105/GPS_info.json,True,12,12,0,12,12,1.0,7.32292004812507e-12,0,0,
merge_test_700-1800_cr0.95_stride100,Chuanmei_80_000106,Chuanmei,80,000106,120.33624625,30.32319375,map2019/merge_test_700-1800_cr0.95_stride100/Chuanmei_80_000106/GPS_info.json,True,12,12,0,12,12,1.0,9.102663067750427e-12,0,0,
merge_test_700-1800_cr0.95_stride100,Chuanmei_80_000107,Chuanmei,80,000107,120.33645333333334,30.323193833333335,map2019/merge_test_700-1800_cr0.95_stride100/Chuanmei_80_000107/GPS_info.json,True,12,12,0,12,12,1.0,4.882316773091588e-12,0,0,
merge_test_700-1800_cr0.95_stride100,Chuanmei_80_000108,Chuanmei,80,000108,120.33665947222222,30.323192388888888,map2019/merge_test_700-1800_cr0.95_stride100/Chuanmei_80_000108/GPS_info.json,True,12,12,0,12,12,1.0,4.882316773091588e-12,0,0,
merge_test_700-1800_cr0.95_stride100,Chuanmei_80_000109,Chuanmei,80,000109,120.33686519444444,30.323192333333335,map2019/merge_test_700-1800_cr0.95_stride100/Chuanmei_80_000109/GPS_info.json,True,12,12,0,12,12,1.0,7.32292004812507e-12,0,0,
merge_test_700-1800_cr0.95_stride100,Chuanmei_80_000110,Chuanmei,80,000110,120.33707430555556,30.323195444444444,map2019/merge_test_700-1800_cr0.95_stride100/Chuanmei_80_000110/GPS_info.json,True,12,12,0,12,12,1.0,7.32292004812507e-12,0,0,
merge_test_700-1800_cr0.95_stride100,Chuanmei_80_000111,Chuanmei,80,000111,120.33728575,30.32319863888889,map2019/merge_test_700-1800_cr0.95_stride100/Chuanmei_80_000111/GPS_info.json,True,12,12,0,12,12,1.0,7.32292004812507e-12,0,0,
merge_test_700-1800_cr0.95_stride100,Chuanmei_80_000112,Chuanmei,80,000112,120.33749391666667,30.32319947222222,map2019/merge_test_700-1800_cr0.95_stride100/Chuanmei_80_000112/GPS_info.json,True,12,12,0,12,12,1.0,4.882316773091588e-12,0,0,
merge_test_700-1800_cr0.95_stride100,Chuanmei_80_000113,Chuanmei,80,000113,120.33770238888889,30.323201,map2019/merge_test_700-1800_cr0.95_stride100/Chuanmei_80_000113/GPS_info.json,True,12,12,0,12,12,1.0,4.882316773091588e-12,0,0,
merge_test_700-1800_cr0.95_stride100,Chuanmei_80_000114,Chuanmei,80,000114,120.33791047222222,30.32320222222222,map2019/merge_test_700-1800_cr0.95_stride100/Chuanmei_80_000114/GPS_info.json,True,12,12,0,12,12,1.0,7.32292004812507e-12,0,0,
merge_test_700-1800_cr0.95_stride100,Chuanmei_80_000115,Chuanmei,80,000115,120.33811830555555,30.323200444444446,map2019/merge_test_700-1800_cr0.95_stride100/Chuanmei_80_000115/GPS_info.json,True,12,12,0,12,12,1.0,7.32292004812507e-12,0,0,
merge_test_700-1800_cr0.95_stride100,Chuanmei_80_000116,Chuanmei,80,000116,120.33832663888889,30.323204444444446,map2019/merge_test_700-1800_cr0.95_stride100/Chuanmei_80_000116/GPS_info.json,True,12,12,0,12,12,1.0,7.32292004812507e-12,0,0,
merge_test_700-1800_cr0.95_stride100,Chuanmei_80_000117,Chuanmei,80,000117,120.33853208333333,30.323203805555554,map2019/merge_test_700-1800_cr0.95_stride100/Chuanmei_80_000117/GPS_info.json,True,12,12,0,12,12,1.0,4.882316773091588e-12,0,0,
merge_test_700-1800_cr0.95_stride100,Chuanmei_80_000118,Chuanmei,80,000118,120.33873919444444,30.32320491666667,map2019/merge_test_700-1800_cr0.95_stride100/Chuanmei_80_000118/GPS_info.json,True,12,12,0,12,12,1.0,9.102663067750427e-12,0,0,
merge_test_700-1800_cr0.95_stride100,Chuanmei_80_000119,Chuanmei,80,000119,120.33873077777778,30.323025666666666,map2019/merge_test_700-1800_cr0.95_stride100/Chuanmei_80_000119/GPS_info.json,True,12,12,0,12,12,1.0,4.882316773091588e-12,0,0,
merge_test_700-1800_cr0.95_stride100,Chuanmei_80_000120,Chuanmei,80,000120,120.33852766666666,30.32302313888889,map2019/merge_test_700-1800_cr0.95_stride100/Chuanmei_80_000120/GPS_info.json,True,12,12,0,12,12,1.0,7.32292004812507e-12,0,0,
merge_test_700-1800_cr0.95_stride100,Chuanmei_80_000121,Chuanmei,80,000121,120.33831841666667,30.323019972222223,map2019/merge_test_700-1800_cr0.95_stride100/Chuanmei_80_000121/GPS_info.json,True,12,12,0,12,12,1.0,4.882316773091588e-12,0,0,
merge_test_700-1800_cr0.95_stride100,Chuanmei_80_000122,Chuanmei,80,000122,120.33810816666667,30.32301738888889,map2019/merge_test_700-1800_cr0.95_stride100/Chuanmei_80_000122/GPS_info.json,True,12,12,0,12,12,1.0,9.27358190239147e-12,0,0,
merge_test_700-1800_cr0.95_stride100,Chuanmei_80_000123,Chuanmei,80,000123,120.33790544444444,30.32301861111111,map2019/merge_test_700-1800_cr0.95_stride100/Chuanmei_80_000123/GPS_info.json,True,12,12,0,12,12,1.0,1.2061796006435088e-11,0,0,
merge_test_700-1800_cr0.95_stride100,Chuanmei_80_000124,Chuanmei,80,000124,120.33768775,30.32300838888889,map2019/merge_test_700-1800_cr0.95_stride100/Chuanmei_80_000124/GPS_info.json,True,12,12,0,12,12,1.0,4.882316773091588e-12,0,0,
merge_test_700-1800_cr0.95_stride100,Chuanmei_80_000125,Chuanmei,80,000125,120.33748286111111,30.323009583333334,map2019/merge_test_700-1800_cr0.95_stride100/Chuanmei_80_000125/GPS_info.json,True,12,12,0,12,12,0.0,7.91167131808379e-12,0,0,
merge_test_700-1800_cr0.95_stride100,Chuanmei_80_000126,Chuanmei,80,000126,120.33727266666666,30.323009444444445,map2019/merge_test_700-1800_cr0.95_stride100/Chuanmei_80_000126/GPS_info.json,True,12,12,0,12,12,1.0,1.2061796006435088e-11,0,0,
merge_test_700-1800_cr0.95_stride100,Chuanmei_80_000127,Chuanmei,80,000127,120.33706691666667,30.323007666666665,map2019/merge_test_700-1800_cr0.95_stride100/Chuanmei_80_000127/GPS_info.json,True,12,12,0,12,12,1.0,4.882316773091588e-12,0,0,
merge_test_700-1800_cr0.95_stride100,Chuanmei_80_000128,Chuanmei,80,000128,120.33685991666667,30.323005555555554,map2019/merge_test_700-1800_cr0.95_stride100/Chuanmei_80_000128/GPS_info.json,True,12,12,0,12,12,1.0,1.2061796006435088e-11,0,0,
merge_test_700-1800_cr0.95_stride100,Chuanmei_80_000129,Chuanmei,80,000129,120.33665230555556,30.32300313888889,map2019/merge_test_700-1800_cr0.95_stride100/Chuanmei_80_000129/GPS_info.json,True,12,12,0,12,12,0.0,7.91167131808379e-12,0,0,
merge_test_700-1800_cr0.95_stride100,Chuanmei_80_000130,Chuanmei,80,000130,120.33644525,30.32300063888889,map2019/merge_test_700-1800_cr0.95_stride100/Chuanmei_80_000130/GPS_info.json,True,12,12,0,12,12,1.0,1.2061796006435088e-11,0,0,
merge_test_700-1800_cr0.95_stride100,Chuanmei_80_000131,Chuanmei,80,000131,120.33623736111112,30.32300038888889,map2019/merge_test_700-1800_cr0.95_stride100/Chuanmei_80_000131/GPS_info.json,True,12,12,0,12,12,1.0,4.882316773091588e-12,0,0,
merge_test_700-1800_cr0.95_stride100,Chuanmei_80_000132,Chuanmei,80,000132,120.33602844444444,30.322997694444446,map2019/merge_test_700-1800_cr0.95_stride100/Chuanmei_80_000132/GPS_info.json,True,12,12,0,12,12,1.0,4.882316773091588e-12,0,0,
merge_test_700-1800_cr0.95_stride100,Chuanmei_80_000133,Chuanmei,80,000133,120.33582019444444,30.322994805555556,map2019/merge_test_700-1800_cr0.95_stride100/Chuanmei_80_000133/GPS_info.json,True,12,12,0,12,12,1.0,4.882316773091588e-12,0,0,
merge_test_700-1800_cr0.95_stride100,Chuanmei_80_000134,Chuanmei,80,000134,120.33561275,30.32299261111111,map2019/merge_test_700-1800_cr0.95_stride100/Chuanmei_80_000134/GPS_info.json,True,12,12,0,12,12,1.0,1.2061796006435088e-11,0,0,
merge_test_700-1800_cr0.95_stride100,Chuanmei_80_000135,Chuanmei,80,000135,120.33540419444445,30.322991777777776,map2019/merge_test_700-1800_cr0.95_stride100/Chuanmei_80_000135/GPS_info.json,True,12,12,0,12,12,1.0,4.882316773091588e-12,0,0,
merge_test_700-1800_cr0.95_stride100,Chuanmei_80_000136,Chuanmei,80,000136,120.335405,30.32281763888889,map2019/merge_test_700-1800_cr0.95_stride100/Chuanmei_80_000136/GPS_info.json,True,12,12,0,12,12,1.0,1.2061796006435088e-11,0,0,
merge_test_700-1800_cr0.95_stride100,Chuanmei_80_000137,Chuanmei,80,000137,120.33561155555556,30.322819527777778,map2019/merge_test_700-1800_cr0.95_stride100/Chuanmei_80_000137/GPS_info.json,True,12,12,0,12,12,1.0,4.882316773091588e-12,0,0,
merge_test_700-1800_cr0.95_stride100,Chuanmei_80_000138,Chuanmei,80,000138,120.33581908333333,30.322818527777777,map2019/merge_test_700-1800_cr0.95_stride100/Chuanmei_80_000138/GPS_info.json,True,12,12,0,12,12,1.0,4.882316773091588e-12,0,0,
merge_test_700-1800_cr0.95_stride100,Chuanmei_80_000139,Chuanmei,80,000139,120.33602730555556,30.322820583333332,map2019/merge_test_700-1800_cr0.95_stride100/Chuanmei_80_000139/GPS_info.json,True,12,12,0,12,12,1.0,1.2061796006435088e-11,0,0,
merge_test_700-1800_cr0.95_stride100,Chuanmei_80_000140,Chuanmei,80,000140,120.33623536111111,30.322822416666668,map2019/merge_test_700-1800_cr0.95_stride100/Chuanmei_80_000140/GPS_info.json,True,12,12,0,12,12,0.0,7.91167131808379e-12,0,0,
merge_test_700-1800_cr0.95_stride100,Chuanmei_80_000141,Chuanmei,80,000141,120.33644383333333,30.32281947222222,map2019/merge_test_700-1800_cr0.95_stride100/Chuanmei_80_000141/GPS_info.json,True,12,12,0,12,12,1.0,1.2061796006435088e-11,0,0,
merge_test_700-1800_cr0.95_stride100,Chuanmei_80_000142,Chuanmei,80,000142,120.33665097222222,30.32282325,map2019/merge_test_700-1800_cr0.95_stride100/Chuanmei_80_000142/GPS_info.json,True,12,12,0,12,12,1.0,1.2061796006435088e-11,0,0,
merge_test_700-1800_cr0.95_stride100,Chuanmei_80_000143,Chuanmei,80,000143,120.33685888888888,30.322821055555554,map2019/merge_test_700-1800_cr0.95_stride100/Chuanmei_80_000143/GPS_info.json,True,12,12,0,12,12,1.0,9.102663067750427e-12,0,0,
merge_test_700-1800_cr0.95_stride100,Chuanmei_80_000144,Chuanmei,80,000144,120.3370645,30.32282236111111,map2019/merge_test_700-1800_cr0.95_stride100/Chuanmei_80_000144/GPS_info.json,True,12,12,0,12,12,0.0,8.905858689400858e-12,0,0,
merge_test_700-1800_cr0.95_stride100,Chuanmei_80_000145,Chuanmei,80,000145,120.33727522222222,30.32282175,map2019/merge_test_700-1800_cr0.95_stride100/Chuanmei_80_000145/GPS_info.json,True,12,12,0,12,12,1.0,9.102663067750427e-12,0,0,
merge_test_700-1800_cr0.95_stride100,Chuanmei_80_000146,Chuanmei,80,000146,120.33748425,30.322825472222224,map2019/merge_test_700-1800_cr0.95_stride100/Chuanmei_80_000146/GPS_info.json,True,12,12,0,12,12,1.0,1.2061796006435088e-11,0,0,
merge_test_700-1800_cr0.95_stride100,Chuanmei_80_000147,Chuanmei,80,000147,120.33769047222222,30.322825805555556,map2019/merge_test_700-1800_cr0.95_stride100/Chuanmei_80_000147/GPS_info.json,True,12,12,0,12,12,1.0,9.102663067750427e-12,0,0,
merge_test_700-1800_cr0.95_stride100,Chuanmei_80_000148,Chuanmei,80,000148,120.3378968611111,30.322823944444444,map2019/merge_test_700-1800_cr0.95_stride100/Chuanmei_80_000148/GPS_info.json,True,12,12,0,12,12,1.0,1.2061796006435088e-11,0,0,
merge_test_700-1800_cr0.95_stride100,Chuanmei_80_000149,Chuanmei,80,000149,120.33810652777778,30.322826833333334,map2019/merge_test_700-1800_cr0.95_stride100/Chuanmei_80_000149/GPS_info.json,True,12,12,0,12,12,1.0,1.2061796006435088e-11,0,0,
merge_test_700-1800_cr0.95_stride100,Chuanmei_80_000150,Chuanmei,80,000150,120.33831694444444,30.322827361111113,map2019/merge_test_700-1800_cr0.95_stride100/Chuanmei_80_000150/GPS_info.json,True,12,12,0,12,12,1.0,9.102663067750427e-12,0,0,
merge_test_700-1800_cr0.95_stride100,Chuanmei_80_000151,Chuanmei,80,000151,120.33852261111112,30.322828666666666,map2019/merge_test_700-1800_cr0.95_stride100/Chuanmei_80_000151/GPS_info.json,True,12,12,0,12,12,1.0,1.2061796006435088e-11,0,0,
merge_test_700-1800_cr0.95_stride100,Chuanmei_80_000152,Chuanmei,80,000152,120.33873066666666,30.32281536111111,map2019/merge_test_700-1800_cr0.95_stride100/Chuanmei_80_000152/GPS_info.json,True,12,12,0,12,12,1.0,9.102663067750427e-12,0,0,
merge_test_700-1800_cr0.95_stride100,Chuanmei_80_000153,Chuanmei,80,000153,120.33873605555556,30.32264211111111,map2019/merge_test_700-1800_cr0.95_stride100/Chuanmei_80_000153/GPS_info.json,True,12,12,0,12,12,1.0,9.102663067750427e-12,0,0,
merge_test_700-1800_cr0.95_stride100,Chuanmei_80_000154,Chuanmei,80,000154,120.33853405555556,30.322641305555557,map2019/merge_test_700-1800_cr0.95_stride100/Chuanmei_80_000154/GPS_info.json,True,12,12,0,12,12,0.0,7.91167131808379e-12,0,0,
merge_test_700-1800_cr0.95_stride100,Chuanmei_80_000155,Chuanmei,80,000155,120.33831922222222,30.322647305555556,map2019/merge_test_700-1800_cr0.95_stride100/Chuanmei_80_000155/GPS_info.json,True,12,12,0,12,12,1.0,1.2061796006435088e-11,0,0,
merge_test_700-1800_cr0.95_stride100,Chuanmei_80_000156,Chuanmei,80,000156,120.33811491666667,30.322639111111112,map2019/merge_test_700-1800_cr0.95_stride100/Chuanmei_80_000156/GPS_info.json,True,12,12,0,12,12,1.0,9.102663067750427e-12,0,0,
merge_test_700-1800_cr0.95_stride100,Chuanmei_80_000157,Chuanmei,80,000157,120.33790380555556,30.322639083333332,map2019/merge_test_700-1800_cr0.95_stride100/Chuanmei_80_000157/GPS_info.json,True,12,12,0,12,12,1.0,1.2061796006435088e-11,0,0,
merge_test_700-1800_cr0.95_stride100,Chuanmei_80_000158,Chuanmei,80,000158,120.33769802777778,30.32263675,map2019/merge_test_700-1800_cr0.95_stride100/Chuanmei_80_000158/GPS_info.json,True,12,12,0,12,12,1.0,9.102663067750427e-12,0,0,
merge_test_700-1800_cr0.95_stride100,Chuanmei_80_000159,Chuanmei,80,000159,120.33748911111111,30.322636,map2019/merge_test_700-1800_cr0.95_stride100/Chuanmei_80_000159/GPS_info.json,True,12,12,0,12,12,1.0,1.2061796006435088e-11,0,0,
merge_test_700-1800_cr0.95_stride100,Chuanmei_80_000160,Chuanmei,80,000160,120.33728055555555,30.32263236111111,map2019/merge_test_700-1800_cr0.95_stride100/Chuanmei_80_000160/GPS_info.json,True,12,12,0,12,12,1.0,9.102663067750427e-12,0,0,
merge_test_700-1800_cr0.95_stride100,Chuanmei_80_000161,Chuanmei,80,000161,120.33707333333334,30.322631861111113,map2019/merge_test_700-1800_cr0.95_stride100/Chuanmei_80_000161/GPS_info.json,True,12,12,0,12,12,1.0,9.102663067750427e-12,0,0,
merge_test_700-1800_cr0.95_stride100,Chuanmei_80_000162,Chuanmei,80,000162,120.3368668611111,30.322629527777778,map2019/merge_test_700-1800_cr0.95_stride100/Chuanmei_80_000162/GPS_info.json,True,12,12,0,12,12,1.0,9.102663067750427e-12,0,0,
merge_test_700-1800_cr0.95_stride100,Chuanmei_80_000163,Chuanmei,80,000163,120.336658,30.322626472222222,map2019/merge_test_700-1800_cr0.95_stride100/Chuanmei_80_000163/GPS_info.json,True,12,12,0,12,12,1.0,9.102663067750427e-12,0,0,
merge_test_700-1800_cr0.95_stride100,Chuanmei_80_000164,Chuanmei,80,000164,120.33645163888889,30.32262588888889,map2019/merge_test_700-1800_cr0.95_stride100/Chuanmei_80_000164/GPS_info.json,True,12,12,0,12,12,1.0,9.102663067750427e-12,0,0,
merge_test_700-1800_cr0.95_stride100,Chuanmei_80_000165,Chuanmei,80,000165,120.33624177777777,30.322622111111112,map2019/merge_test_700-1800_cr0.95_stride100/Chuanmei_80_000165/GPS_info.json,True,12,12,0,12,12,2.0,9.268030787268344e-12,0,0,
merge_test_700-1800_cr0.95_stride100,Chuanmei_80_000166,Chuanmei,80,000166,120.33603191666667,30.322617222222224,map2019/merge_test_700-1800_cr0.95_stride100/Chuanmei_80_000166/GPS_info.json,True,12,12,0,12,12,1.0,9.102663067750427e-12,0,0,
merge_test_700-1800_cr0.95_stride100,Chuanmei_80_000167,Chuanmei,80,000167,120.33582188888889,30.32261463888889,map2019/merge_test_700-1800_cr0.95_stride100/Chuanmei_80_000167/GPS_info.json,True,12,12,0,12,12,0.0,7.91167131808379e-12,0,0,
merge_test_700-1800_cr0.95_stride100,Chuanmei_80_000168,Chuanmei,80,000168,120.33561258333333,30.322612166666666,map2019/merge_test_700-1800_cr0.95_stride100/Chuanmei_80_000168/GPS_info.json,True,12,12,0,12,12,1.0,9.27358190239147e-12,0,0,
merge_test_700-1800_cr0.95_stride100,Chuanmei_80_000169,Chuanmei,80,000169,120.33540525,30.322608972222223,map2019/merge_test_700-1800_cr0.95_stride100/Chuanmei_80_000169/GPS_info.json,True,12,12,0,12,12,1.0,9.102663067750427e-12,0,0,
merge_test_700-1800_cr0.95_stride100,Chuanmei_80_000170,Chuanmei,80,000170,120.33538483333334,30.322422222222222,map2019/merge_test_700-1800_cr0.95_stride100/Chuanmei_80_000170/GPS_info.json,True,12,12,0,12,12,1.0,9.102663067750427e-12,0,0,
merge_test_700-1800_cr0.95_stride100,Chuanmei_80_000171,Chuanmei,80,000171,120.335603,30.32243136111111,map2019/merge_test_700-1800_cr0.95_stride100/Chuanmei_80_000171/GPS_info.json,True,12,12,0,12,12,0.0,7.91167131808379e-12,0,0,
merge_test_700-1800_cr0.95_stride100,Chuanmei_80_000172,Chuanmei,80,000172,120.3358083611111,30.322429166666666,map2019/merge_test_700-1800_cr0.95_stride100/Chuanmei_80_000172/GPS_info.json,True,12,12,0,12,12,1.0,9.102663067750427e-12,0,0,
merge_test_700-1800_cr0.95_stride100,Chuanmei_80_000173,Chuanmei,80,000173,120.33601475,30.322431055555555,map2019/merge_test_700-1800_cr0.95_stride100/Chuanmei_80_000173/GPS_info.json,True,12,12,0,12,12,0.0,7.91167131808379e-12,0,0,
merge_test_700-1800_cr0.95_stride100,Chuanmei_80_000174,Chuanmei,80,000174,120.33622286111111,30.322433944444445,map2019/merge_test_700-1800_cr0.95_stride100/Chuanmei_80_000174/GPS_info.json,True,12,12,0,12,12,0.0,7.91167131808379e-12,0,0,
merge_test_700-1800_cr0.95_stride100,Chuanmei_80_000175,Chuanmei,80,000175,120.33643233333333,30.322434694444443,map2019/merge_test_700-1800_cr0.95_stride100/Chuanmei_80_000175/GPS_info.json,True,12,12,0,12,12,1.0,9.27358190239147e-12,0,0,
merge_test_700-1800_cr0.95_stride100,Chuanmei_80_000176,Chuanmei,80,000176,120.33664005555555,30.32243536111111,map2019/merge_test_700-1800_cr0.95_stride100/Chuanmei_80_000176/GPS_info.json,True,12,12,0,12,12,1.0,7.976619365024362e-12,0,0,
merge_test_700-1800_cr0.95_stride100,Chuanmei_80_000177,Chuanmei,80,000177,120.33684019444445,30.322442083333332,map2019/merge_test_700-1800_cr0.95_stride100/Chuanmei_80_000177/GPS_info.json,True,12,12,0,12,12,1.0,9.102663067750427e-12,0,0,
merge_test_700-1800_cr0.95_stride100,Chuanmei_80_000178,Chuanmei,80,000178,120.33705386111112,30.32244338888889,map2019/merge_test_700-1800_cr0.95_stride100/Chuanmei_80_000178/GPS_info.json,True,12,12,0,12,12,0.0,7.91167131808379e-12,0,0,
merge_test_700-1800_cr0.95_stride100,Chuanmei_80_000179,Chuanmei,80,000179,120.33726336111111,30.322439194444446,map2019/merge_test_700-1800_cr0.95_stride100/Chuanmei_80_000179/GPS_info.json,True,12,12,0,12,12,1.0,9.102663067750427e-12,0,0,
merge_test_700-1800_cr0.95_stride100,Chuanmei_80_000180,Chuanmei,80,000180,120.33747222222222,30.322440277777776,map2019/merge_test_700-1800_cr0.95_stride100/Chuanmei_80_000180/GPS_info.json,True,12,12,0,12,12,0.0,7.91167131808379e-12,0,0,
merge_test_700-1800_cr0.95_stride100,Chuanmei_80_000181,Chuanmei,80,000181,120.3376828611111,30.322444444444443,map2019/merge_test_700-1800_cr0.95_stride100/Chuanmei_80_000181/GPS_info.json,True,12,12,0,12,12,0.0,7.91167131808379e-12,0,0,
merge_test_700-1800_cr0.95_stride100,Chuanmei_80_000182,Chuanmei,80,000182,120.33788994444444,30.322447333333333,map2019/merge_test_700-1800_cr0.95_stride100/Chuanmei_80_000182/GPS_info.json,True,12,12,0,12,12,1.0,9.102663067750427e-12,0,0,
merge_test_700-1800_cr0.95_stride100,Chuanmei_80_000183,Chuanmei,80,000183,120.33809711111111,30.322445138888888,map2019/merge_test_700-1800_cr0.95_stride100/Chuanmei_80_000183/GPS_info.json,True,12,12,0,12,12,0.0,7.91167131808379e-12,0,0,
merge_test_700-1800_cr0.95_stride100,Chuanmei_80_000184,Chuanmei,80,000184,120.33830155555556,30.322441916666666,map2019/merge_test_700-1800_cr0.95_stride100/Chuanmei_80_000184/GPS_info.json,True,12,12,0,12,12,0.0,7.91167131808379e-12,0,0,
merge_test_700-1800_cr0.95_stride100,Chuanmei_80_000185,Chuanmei,80,000185,120.33851333333334,30.322444611111113,map2019/merge_test_700-1800_cr0.95_stride100/Chuanmei_80_000185/GPS_info.json,True,12,12,0,12,12,1.0,9.27358190239147e-12,0,0,
merge_test_700-1800_cr0.95_stride100,Chuanmei_80_000186,Chuanmei,80,000186,120.33872222222222,30.32244586111111,map2019/merge_test_700-1800_cr0.95_stride100/Chuanmei_80_000186/GPS_info.json,True,12,12,0,12,12,1.0,9.102663067750427e-12,0,0,
merge_test_700-1800_cr0.95_stride100,Chuanmei_80_000187,Chuanmei,80,000187,120.33872486111112,30.32226711111111,map2019/merge_test_700-1800_cr0.95_stride100/Chuanmei_80_000187/GPS_info.json,True,12,12,0,12,12,0.0,7.91167131808379e-12,0,0,
merge_test_700-1800_cr0.95_stride100,Chuanmei_80_000188,Chuanmei,80,000188,120.33851261111111,30.322269194444445,map2019/merge_test_700-1800_cr0.95_stride100/Chuanmei_80_000188/GPS_info.json,True,12,12,0,12,12,1.0,9.102663067750427e-12,0,0,
merge_test_700-1800_cr0.95_stride100,Chuanmei_80_000189,Chuanmei,80,000189,120.33831069444444,30.32226752777778,map2019/merge_test_700-1800_cr0.95_stride100/Chuanmei_80_000189/GPS_info.json,True,12,12,0,12,12,0.0,8.905858689400858e-12,0,0,
merge_test_700-1800_cr0.95_stride100,Chuanmei_80_000190,Chuanmei,80,000190,120.33810288888888,30.322267333333333,map2019/merge_test_700-1800_cr0.95_stride100/Chuanmei_80_000190/GPS_info.json,True,12,12,0,12,12,1.0,9.102663067750427e-12,0,0,
merge_test_700-1800_cr0.95_stride100,Chuanmei_80_000191,Chuanmei,80,000191,120.337897,30.3222685,map2019/merge_test_700-1800_cr0.95_stride100/Chuanmei_80_000191/GPS_info.json,True,12,12,0,12,12,0.0,7.91167131808379e-12,0,0,
merge_test_700-1800_cr0.95_stride100,Chuanmei_80_000192,Chuanmei,80,000192,120.33768816666667,30.322271722222222,map2019/merge_test_700-1800_cr0.95_stride100/Chuanmei_80_000192/GPS_info.json,True,12,12,0,12,12,0.0,7.91167131808379e-12,0,0,
merge_test_700-1800_cr0.95_stride100,Chuanmei_80_000193,Chuanmei,80,000193,120.33747908333333,30.322271,map2019/merge_test_700-1800_cr0.95_stride100/Chuanmei_80_000193/GPS_info.json,True,12,12,0,12,12,0.0,7.91167131808379e-12,0,0,
merge_test_700-1800_cr0.95_stride100,Chuanmei_80_000194,Chuanmei,80,000194,120.33726919444445,30.322270888888887,map2019/merge_test_700-1800_cr0.95_stride100/Chuanmei_80_000194/GPS_info.json,True,12,12,0,12,12,1.0,9.102663067750427e-12,0,0,
merge_test_700-1800_cr0.95_stride100,Chuanmei_80_000195,Chuanmei,80,000195,120.33705955555556,30.32226925,map2019/merge_test_700-1800_cr0.95_stride100/Chuanmei_80_000195/GPS_info.json,True,12,12,0,12,12,1.0,9.27358190239147e-12,0,0,
merge_test_700-1800_cr0.95_stride100,Chuanmei_80_000196,Chuanmei,80,000196,120.33685325,30.322269555555554,map2019/merge_test_700-1800_cr0.95_stride100/Chuanmei_80_000196/GPS_info.json,True,12,12,0,12,12,0.0,7.91167131808379e-12,0,0,
merge_test_700-1800_cr0.95_stride100,Chuanmei_80_000197,Chuanmei,80,000197,120.33664483333334,30.32226975,map2019/merge_test_700-1800_cr0.95_stride100/Chuanmei_80_000197/GPS_info.json,True,12,12,0,12,12,0.0,8.905858689400858e-12,0,0,
merge_test_700-1800_cr0.95_stride100,Chuanmei_80_000198,Chuanmei,80,000198,120.33643769444444,30.32227163888889,map2019/merge_test_700-1800_cr0.95_stride100/Chuanmei_80_000198/GPS_info.json,True,12,12,0,12,12,0.0,7.91167131808379e-12,0,0,
merge_test_700-1800_cr0.95_stride100,Chuanmei_80_000199,Chuanmei,80,000199,120.33622172222222,30.32226947222222,map2019/merge_test_700-1800_cr0.95_stride100/Chuanmei_80_000199/GPS_info.json,True,12,12,0,12,12,1.0,5.766859212386066e-12,0,0,
merge_test_700-1800_cr0.95_stride100,Chuanmei_90_000000,Chuanmei,90,000000,120.3354253611111,30.324278305555556,map2019/merge_test_700-1800_cr0.95_stride100/Chuanmei_90_000000/GPS_info.json,True,12,12,0,12,12,1.0,9.102663067750427e-12,0,0,
merge_test_700-1800_cr0.95_stride100,Chuanmei_90_000001,Chuanmei,90,000001,120.3356278888889,30.324273777777776,map2019/merge_test_700-1800_cr0.95_stride100/Chuanmei_90_000001/GPS_info.json,True,12,12,0,12,12,1.0,9.102663067750427e-12,0,0,
merge_test_700-1800_cr0.95_stride100,Chuanmei_90_000002,Chuanmei,90,000002,120.33583461111111,30.32427586111111,map2019/merge_test_700-1800_cr0.95_stride100/Chuanmei_90_000002/GPS_info.json,True,12,12,0,12,12,0.0,8.905858689400858e-12,0,0,
merge_test_700-1800_cr0.95_stride100,Chuanmei_90_000003,Chuanmei,90,000003,120.33604086111112,30.324275083333333,map2019/merge_test_700-1800_cr0.95_stride100/Chuanmei_90_000003/GPS_info.json,True,12,12,0,12,12,1.0,9.102663067750427e-12,0,0,
merge_test_700-1800_cr0.95_stride100,Chuanmei_90_000004,Chuanmei,90,000004,120.33625355555556,30.324270055555555,map2019/merge_test_700-1800_cr0.95_stride100/Chuanmei_90_000004/GPS_info.json,True,12,12,0,12,12,1.0,9.27358190239147e-12,0,0,
merge_test_700-1800_cr0.95_stride100,Chuanmei_90_000005,Chuanmei,90,000005,120.336459,30.324270277777778,map2019/merge_test_700-1800_cr0.95_stride100/Chuanmei_90_000005/GPS_info.json,True,12,12,0,12,12,1.0,9.102663067750427e-12,0,0,
merge_test_700-1800_cr0.95_stride100,Chuanmei_90_000006,Chuanmei,90,000006,120.33666305555556,30.324271555555555,map2019/merge_test_700-1800_cr0.95_stride100/Chuanmei_90_000006/GPS_info.json,True,12,12,0,12,12,1.0,9.102663067750427e-12,0,0,
merge_test_700-1800_cr0.95_stride100,Chuanmei_90_000007,Chuanmei,90,000007,120.33686747222222,30.324271083333333,map2019/merge_test_700-1800_cr0.95_stride100/Chuanmei_90_000007/GPS_info.json,True,12,12,0,12,12,1.0,9.27358190239147e-12,0,0,
merge_test_700-1800_cr0.95_stride100,Chuanmei_90_000008,Chuanmei,90,000008,120.33707333333334,30.324270944444443,map2019/merge_test_700-1800_cr0.95_stride100/Chuanmei_90_000008/GPS_info.json,True,12,12,0,12,12,1.0,9.102663067750427e-12,0,0,
merge_test_700-1800_cr0.95_stride100,Chuanmei_90_000009,Chuanmei,90,000009,120.33728169444444,30.324269222222224,map2019/merge_test_700-1800_cr0.95_stride100/Chuanmei_90_000009/GPS_info.json,True,12,12,0,12,12,2.0,9.268030787268344e-12,0,0,
merge_test_700-1800_cr0.95_stride100,Chuanmei_90_000010,Chuanmei,90,000010,120.33749061111111,30.324268083333333,map2019/merge_test_700-1800_cr0.95_stride100/Chuanmei_90_000010/GPS_info.json,True,12,12,0,12,12,1.0,9.27358190239147e-12,0,0,
merge_test_700-1800_cr0.95_stride100,Chuanmei_90_000011,Chuanmei,90,000011,120.33769561111112,30.3242695,map2019/merge_test_700-1800_cr0.95_stride100/Chuanmei_90_000011/GPS_info.json,True,12,12,0,12,12,1.0,9.102663067750427e-12,0,0,
merge_test_700-1800_cr0.95_stride100,Chuanmei_90_000012,Chuanmei,90,000012,120.33790475,30.324267333333335,map2019/merge_test_700-1800_cr0.95_stride100/Chuanmei_90_000012/GPS_info.json,True,12,12,0,12,12,0.0,8.905858689400858e-12,0,0,
merge_test_700-1800_cr0.95_stride100,Chuanmei_90_000013,Chuanmei,90,000013,120.33811227777778,30.32426675,map2019/merge_test_700-1800_cr0.95_stride100/Chuanmei_90_000013/GPS_info.json,True,12,12,0,12,12,1.0,9.102663067750427e-12,0,0,
merge_test_700-1800_cr0.95_stride100,Chuanmei_90_000014,Chuanmei,90,000014,120.33832127777778,30.324266416666667,map2019/merge_test_700-1800_cr0.95_stride100/Chuanmei_90_000014/GPS_info.json,True,12,12,0,12,12,1.0,9.102663067750427e-12,0,0,
merge_test_700-1800_cr0.95_stride100,Chuanmei_90_000015,Chuanmei,90,000015,120.33853105555555,30.3242655,map2019/merge_test_700-1800_cr0.95_stride100/Chuanmei_90_000015/GPS_info.json,True,12,12,0,12,12,1.0,9.102663067750427e-12,0,0,
merge_test_700-1800_cr0.95_stride100,Chuanmei_90_000016,Chuanmei,90,000016,120.3387375,30.324265416666666,map2019/merge_test_700-1800_cr0.95_stride100/Chuanmei_90_000016/GPS_info.json,True,12,12,0,12,12,1.0,9.27358190239147e-12,0,0,
merge_test_700-1800_cr0.95_stride100,Chuanmei_90_000017,Chuanmei,90,000017,120.33873344444444,30.3240875,map2019/merge_test_700-1800_cr0.95_stride100/Chuanmei_90_000017/GPS_info.json,True,12,12,0,12,12,2.0,9.268030787268344e-12,0,0,
merge_test_700-1800_cr0.95_stride100,Chuanmei_90_000018,Chuanmei,90,000018,120.33853055555555,30.324084638888888,map2019/merge_test_700-1800_cr0.95_stride100/Chuanmei_90_000018/GPS_info.json,True,12,12,0,12,12,1.0,9.102663067750427e-12,0,0,
merge_test_700-1800_cr0.95_stride100,Chuanmei_90_000019,Chuanmei,90,000019,120.33832605555556,30.324084916666667,map2019/merge_test_700-1800_cr0.95_stride100/Chuanmei_90_000019/GPS_info.json,True,12,12,0,12,12,1.0,7.2237771320260435e-12,0,0,
merge_test_700-1800_cr0.95_stride100,Chuanmei_90_000020,Chuanmei,90,000020,120.33811525,30.32408625,map2019/merge_test_700-1800_cr0.95_stride100/Chuanmei_90_000020/GPS_info.json,True,12,12,0,12,12,1.0,9.27358190239147e-12,0,0,
merge_test_700-1800_cr0.95_stride100,Chuanmei_90_000021,Chuanmei,90,000021,120.33790008333334,30.324084583333335,map2019/merge_test_700-1800_cr0.95_stride100/Chuanmei_90_000021/GPS_info.json,True,12,12,0,12,12,1.0,9.27358190239147e-12,0,0,
merge_test_700-1800_cr0.95_stride100,Chuanmei_90_000022,Chuanmei,90,000022,120.33769038888889,30.324078166666666,map2019/merge_test_700-1800_cr0.95_stride100/Chuanmei_90_000022/GPS_info.json,True,12,12,0,12,12,2.0,9.268030787268344e-12,0,0,
merge_test_700-1800_cr0.95_stride100,Chuanmei_90_000023,Chuanmei,90,000023,120.33748205555555,30.324080944444443,map2019/merge_test_700-1800_cr0.95_stride100/Chuanmei_90_000023/GPS_info.json,True,12,12,0,12,12,0.0,8.905858689400858e-12,0,0,
merge_test_700-1800_cr0.95_stride100,Chuanmei_90_000024,Chuanmei,90,000024,120.33727813888889,30.32408311111111,map2019/merge_test_700-1800_cr0.95_stride100/Chuanmei_90_000024/GPS_info.json,True,12,12,0,12,12,1.0,9.27358190239147e-12,0,0,
merge_test_700-1800_cr0.95_stride100,Chuanmei_90_000025,Chuanmei,90,000025,120.33706883333333,30.324084972222224,map2019/merge_test_700-1800_cr0.95_stride100/Chuanmei_90_000025/GPS_info.json,True,12,12,0,12,12,1.0,7.976619365024362e-12,0,0,
merge_test_700-1800_cr0.95_stride100,Chuanmei_90_000026,Chuanmei,90,000026,120.33685986111111,30.32408586111111,map2019/merge_test_700-1800_cr0.95_stride100/Chuanmei_90_000026/GPS_info.json,True,12,12,0,12,12,0.0,8.905858689400858e-12,0,0,
merge_test_700-1800_cr0.95_stride100,Chuanmei_90_000027,Chuanmei,90,000027,120.33665036111111,30.324085166666666,map2019/merge_test_700-1800_cr0.95_stride100/Chuanmei_90_000027/GPS_info.json,True,12,12,0,12,12,0.0,8.905858689400858e-12,0,0,
merge_test_700-1800_cr0.95_stride100,Chuanmei_90_000028,Chuanmei,90,000028,120.33644319444444,30.324086833333332,map2019/merge_test_700-1800_cr0.95_stride100/Chuanmei_90_000028/GPS_info.json,True,12,12,0,12,12,1.0,9.27358190239147e-12,0,0,
merge_test_700-1800_cr0.95_stride100,Chuanmei_90_000029,Chuanmei,90,000029,120.33623641666667,30.324084111111112,map2019/merge_test_700-1800_cr0.95_stride100/Chuanmei_90_000029/GPS_info.json,True,12,12,0,12,12,1.0,9.27358190239147e-12,0,0,
merge_test_700-1800_cr0.95_stride100,Chuanmei_90_000030,Chuanmei,90,000030,120.336029,30.32408275,map2019/merge_test_700-1800_cr0.95_stride100/Chuanmei_90_000030/GPS_info.json,True,12,12,0,12,12,1.0,9.27358190239147e-12,0,0,
merge_test_700-1800_cr0.95_stride100,Chuanmei_90_000031,Chuanmei,90,000031,120.33582041666666,30.324083666666667,map2019/merge_test_700-1800_cr0.95_stride100/Chuanmei_90_000031/GPS_info.json,True,12,12,0,12,12,1.0,9.27358190239147e-12,0,0,
merge_test_700-1800_cr0.95_stride100,Chuanmei_90_000032,Chuanmei,90,000032,120.33561158333333,30.3240845,map2019/merge_test_700-1800_cr0.95_stride100/Chuanmei_90_000032/GPS_info.json,True,12,12,0,12,12,1.0,9.27358190239147e-12,0,0,
merge_test_700-1800_cr0.95_stride100,Chuanmei_90_000033,Chuanmei,90,000033,120.33540422222222,30.3240865,map2019/merge_test_700-1800_cr0.95_stride100/Chuanmei_90_000033/GPS_info.json,True,12,12,0,12,12,2.0,9.268030787268344e-12,0,0,
merge_test_700-1800_cr0.95_stride100,Chuanmei_90_000034,Chuanmei,90,000034,120.33539986111111,30.323909944444445,map2019/merge_test_700-1800_cr0.95_stride100/Chuanmei_90_000034/GPS_info.json,True,12,12,0,12,12,1.0,9.27358190239147e-12,0,0,
merge_test_700-1800_cr0.95_stride100,Chuanmei_90_000035,Chuanmei,90,000035,120.33560644444445,30.323912194444443,map2019/merge_test_700-1800_cr0.95_stride100/Chuanmei_90_000035/GPS_info.json,True,12,12,0,12,12,1.0,9.27358190239147e-12,0,0,
merge_test_700-1800_cr0.95_stride100,Chuanmei_90_000036,Chuanmei,90,000036,120.33581638888889,30.32390936111111,map2019/merge_test_700-1800_cr0.95_stride100/Chuanmei_90_000036/GPS_info.json,True,12,12,0,12,12,0.0,8.905858689400858e-12,0,0,
merge_test_700-1800_cr0.95_stride100,Chuanmei_90_000037,Chuanmei,90,000037,120.33602219444444,30.323910333333334,map2019/merge_test_700-1800_cr0.95_stride100/Chuanmei_90_000037/GPS_info.json,True,12,12,0,12,12,1.0,7.976619365024362e-12,0,0,
merge_test_700-1800_cr0.95_stride100,Chuanmei_90_000038,Chuanmei,90,000038,120.33623436111111,30.323913305555557,map2019/merge_test_700-1800_cr0.95_stride100/Chuanmei_90_000038/GPS_info.json,True,12,12,0,12,12,1.0,9.27358190239147e-12,0,0,
merge_test_700-1800_cr0.95_stride100,Chuanmei_90_000039,Chuanmei,90,000039,120.33644013888889,30.323916555555556,map2019/merge_test_700-1800_cr0.95_stride100/Chuanmei_90_000039/GPS_info.json,True,12,12,0,12,12,1.0,8.473721724300276e-12,0,0,
merge_test_700-1800_cr0.95_stride100,Chuanmei_90_000040,Chuanmei,90,000040,120.33664852777778,30.323915638888888,map2019/merge_test_700-1800_cr0.95_stride100/Chuanmei_90_000040/GPS_info.json,True,12,12,0,12,12,2.0,9.268030787268344e-12,0,0,
merge_test_700-1800_cr0.95_stride100,Chuanmei_90_000041,Chuanmei,90,000041,120.3368585,30.323922194444446,map2019/merge_test_700-1800_cr0.95_stride100/Chuanmei_90_000041/GPS_info.json,True,12,12,0,12,12,0.0,8.905858689400858e-12,0,0,
merge_test_700-1800_cr0.95_stride100,Chuanmei_90_000042,Chuanmei,90,000042,120.33706722222222,30.32392252777778,map2019/merge_test_700-1800_cr0.95_stride100/Chuanmei_90_000042/GPS_info.json,True,12,12,0,12,12,0.0,8.905858689400858e-12,0,0,
merge_test_700-1800_cr0.95_stride100,Chuanmei_90_000043,Chuanmei,90,000043,120.3372768888889,30.323922638888888,map2019/merge_test_700-1800_cr0.95_stride100/Chuanmei_90_000043/GPS_info.json,True,12,12,0,12,12,0.0,8.905858689400858e-12,0,0,
merge_test_700-1800_cr0.95_stride100,Chuanmei_90_000044,Chuanmei,90,000044,120.33748397222222,30.32392311111111,map2019/merge_test_700-1800_cr0.95_stride100/Chuanmei_90_000044/GPS_info.json,True,12,12,0,12,12,0.0,8.905858689400858e-12,0,0,
merge_test_700-1800_cr0.95_stride100,Chuanmei_90_000045,Chuanmei,90,000045,120.337692,30.323924944444446,map2019/merge_test_700-1800_cr0.95_stride100/Chuanmei_90_000045/GPS_info.json,True,12,12,0,12,12,1.0,7.976619365024362e-12,0,0,
merge_test_700-1800_cr0.95_stride100,Chuanmei_90_000046,Chuanmei,90,000046,120.33789819444445,30.323928,map2019/merge_test_700-1800_cr0.95_stride100/Chuanmei_90_000046/GPS_info.json,True,12,12,0,12,12,0.0,8.905858689400858e-12,0,0,
merge_test_700-1800_cr0.95_stride100,Chuanmei_90_000047,Chuanmei,90,000047,120.33810508333333,30.32393288888889,map2019/merge_test_700-1800_cr0.95_stride100/Chuanmei_90_000047/GPS_info.json,True,12,12,0,12,12,1.0,5.766859212386066e-12,0,0,
merge_test_700-1800_cr0.95_stride100,Chuanmei_90_000048,Chuanmei,90,000048,120.33831477777778,30.32393247222222,map2019/merge_test_700-1800_cr0.95_stride100/Chuanmei_90_000048/GPS_info.json,True,12,12,0,12,12,2.0,9.268030787268344e-12,0,0,
merge_test_700-1800_cr0.95_stride100,Chuanmei_90_000049,Chuanmei,90,000049,120.33852291666666,30.323934138888887,map2019/merge_test_700-1800_cr0.95_stride100/Chuanmei_90_000049/GPS_info.json,True,12,12,0,12,12,0.0,8.905858689400858e-12,0,0,
merge_test_700-1800_cr0.95_stride100,Chuanmei_90_000050,Chuanmei,90,000050,120.33873227777778,30.323934166666668,map2019/merge_test_700-1800_cr0.95_stride100/Chuanmei_90_000050/GPS_info.json,True,12,12,0,12,12,0.0,8.905858689400858e-12,0,0,
merge_test_700-1800_cr0.95_stride100,Chuanmei_90_000051,Chuanmei,90,000051,120.33873291666667,30.323755277777778,map2019/merge_test_700-1800_cr0.95_stride100/Chuanmei_90_000051/GPS_info.json,True,12,12,0,12,12,2.0,9.268030787268344e-12,0,0,
merge_test_700-1800_cr0.95_stride100,Chuanmei_90_000052,Chuanmei,90,000052,120.33853005555555,30.323753055555557,map2019/merge_test_700-1800_cr0.95_stride100/Chuanmei_90_000052/GPS_info.json,True,12,12,0,12,12,0.0,8.905858689400858e-12,0,0,
merge_test_700-1800_cr0.95_stride100,Chuanmei_90_000053,Chuanmei,90,000053,120.3383233888889,30.32375097222222,map2019/merge_test_700-1800_cr0.95_stride100/Chuanmei_90_000053/GPS_info.json,True,12,12,0,12,12,1.0,5.766859212386066e-12,0,0,
merge_test_700-1800_cr0.95_stride100,Chuanmei_90_000054,Chuanmei,90,000054,120.33811075,30.32375213888889,map2019/merge_test_700-1800_cr0.95_stride100/Chuanmei_90_000054/GPS_info.json,True,12,12,0,12,12,1.0,7.976619365024362e-12,0,0,
merge_test_700-1800_cr0.95_stride100,Chuanmei_90_000055,Chuanmei,90,000055,120.33790422222222,30.32375225,map2019/merge_test_700-1800_cr0.95_stride100/Chuanmei_90_000055/GPS_info.json,True,12,12,0,12,12,0.0,8.905858689400858e-12,0,0,
merge_test_700-1800_cr0.95_stride100,Chuanmei_90_000056,Chuanmei,90,000056,120.33769502777778,30.32375138888889,map2019/merge_test_700-1800_cr0.95_stride100/Chuanmei_90_000056/GPS_info.json,True,12,12,0,12,12,1.0,6.767253424300179e-12,0,0,
merge_test_700-1800_cr0.95_stride100,Chuanmei_90_000057,Chuanmei,90,000057,120.33748802777778,30.3237515,map2019/merge_test_700-1800_cr0.95_stride100/Chuanmei_90_000057/GPS_info.json,True,12,12,0,12,12,2.0,9.268030787268344e-12,0,0,
merge_test_700-1800_cr0.95_stride100,Chuanmei_90_000058,Chuanmei,90,000058,120.33727447222222,30.32375038888889,map2019/merge_test_700-1800_cr0.95_stride100/Chuanmei_90_000058/GPS_info.json,True,12,12,0,12,12,0.0,8.905858689400858e-12,0,0,
merge_test_700-1800_cr0.95_stride100,Chuanmei_90_000059,Chuanmei,90,000059,120.337068,30.32375097222222,map2019/merge_test_700-1800_cr0.95_stride100/Chuanmei_90_000059/GPS_info.json,True,12,12,0,12,12,0.0,8.905858689400858e-12,0,0,
merge_test_700-1800_cr0.95_stride100,Chuanmei_90_000060,Chuanmei,90,000060,120.33685813888889,30.323750222222223,map2019/merge_test_700-1800_cr0.95_stride100/Chuanmei_90_000060/GPS_info.json,True,12,12,0,12,12,1.0,5.766859212386066e-12,0,0,
merge_test_700-1800_cr0.95_stride100,Chuanmei_90_000061,Chuanmei,90,000061,120.33665005555555,30.323748305555554,map2019/merge_test_700-1800_cr0.95_stride100/Chuanmei_90_000061/GPS_info.json,True,12,12,0,12,12,1.0,7.976619365024362e-12,0,0,
merge_test_700-1800_cr0.95_stride100,Chuanmei_90_000062,Chuanmei,90,000062,120.33644869444444,30.323752444444445,map2019/merge_test_700-1800_cr0.95_stride100/Chuanmei_90_000062/GPS_info.json,True,12,12,0,12,12,2.0,9.268030787268344e-12,0,0,
merge_test_700-1800_cr0.95_stride100,Chuanmei_90_000063,Chuanmei,90,000063,120.33623855555555,30.32374738888889,map2019/merge_test_700-1800_cr0.95_stride100/Chuanmei_90_000063/GPS_info.json,True,12,12,0,12,12,2.0,9.268030787268344e-12,0,0,
merge_test_700-1800_cr0.95_stride100,Chuanmei_90_000064,Chuanmei,90,000064,120.33603008333333,30.323745944444443,map2019/merge_test_700-1800_cr0.95_stride100/Chuanmei_90_000064/GPS_info.json,True,12,12,0,12,12,2.0,9.268030787268344e-12,0,0,
merge_test_700-1800_cr0.95_stride100,Chuanmei_90_000065,Chuanmei,90,000065,120.33582127777778,30.323748333333334,map2019/merge_test_700-1800_cr0.95_stride100/Chuanmei_90_000065/GPS_info.json,True,12,12,0,12,12,2.0,9.268030787268344e-12,0,0,
merge_test_700-1800_cr0.95_stride100,Chuanmei_90_000066,Chuanmei,90,000066,120.33561033333334,30.32374586111111,map2019/merge_test_700-1800_cr0.95_stride100/Chuanmei_90_000066/GPS_info.json,True,12,12,0,12,12,2.0,9.268030787268344e-12,0,0,
merge_test_700-1800_cr0.95_stride100,Chuanmei_90_000067,Chuanmei,90,000067,120.33541613888889,30.323743611111112,map2019/merge_test_700-1800_cr0.95_stride100/Chuanmei_90_000067/GPS_info.json,True,12,12,0,12,12,2.0,9.268030787268344e-12,0,0,
merge_test_700-1800_cr0.95_stride100,Chuanmei_90_000068,Chuanmei,90,000068,120.33539366666666,30.323567805555555,map2019/merge_test_700-1800_cr0.95_stride100/Chuanmei_90_000068/GPS_info.json,True,12,12,0,12,12,1.0,7.2237771320260435e-12,0,0,
merge_test_700-1800_cr0.95_stride100,Chuanmei_90_000069,Chuanmei,90,000069,120.33560080555556,30.323567472222223,map2019/merge_test_700-1800_cr0.95_stride100/Chuanmei_90_000069/GPS_info.json,True,12,12,0,12,12,2.0,9.268030787268344e-12,0,0,
merge_test_700-1800_cr0.95_stride100,Chuanmei_90_000070,Chuanmei,90,000070,120.33580652777778,30.323571194444444,map2019/merge_test_700-1800_cr0.95_stride100/Chuanmei_90_000070/GPS_info.json,True,12,12,0,12,12,1.0,7.976619365024362e-12,0,0,
merge_test_700-1800_cr0.95_stride100,Chuanmei_90_000071,Chuanmei,90,000071,120.33601455555555,30.32357202777778,map2019/merge_test_700-1800_cr0.95_stride100/Chuanmei_90_000071/GPS_info.json,True,12,12,0,12,12,1.0,7.976619365024362e-12,0,0,
merge_test_700-1800_cr0.95_stride100,Chuanmei_90_000072,Chuanmei,90,000072,120.336221,30.32357511111111,map2019/merge_test_700-1800_cr0.95_stride100/Chuanmei_90_000072/GPS_info.json,True,12,12,0,12,12,2.0,9.268030787268344e-12,0,0,
merge_test_700-1800_cr0.95_stride100,Chuanmei_90_000073,Chuanmei,90,000073,120.33643708333334,30.323574583333333,map2019/merge_test_700-1800_cr0.95_stride100/Chuanmei_90_000073/GPS_info.json,True,12,12,0,12,12,2.0,9.268030787268344e-12,0,0,
merge_test_700-1800_cr0.95_stride100,Chuanmei_90_000074,Chuanmei,90,000074,120.3366413611111,30.323577555555556,map2019/merge_test_700-1800_cr0.95_stride100/Chuanmei_90_000074/GPS_info.json,True,12,12,0,12,12,1.0,7.2237771320260435e-12,0,0,
merge_test_700-1800_cr0.95_stride100,Chuanmei_90_000075,Chuanmei,90,000075,120.33684763888888,30.323580333333332,map2019/merge_test_700-1800_cr0.95_stride100/Chuanmei_90_000075/GPS_info.json,True,12,12,0,12,12,2.0,9.268030787268344e-12,0,0,
merge_test_700-1800_cr0.95_stride100,Chuanmei_90_000076,Chuanmei,90,000076,120.33705619444444,30.323583694444444,map2019/merge_test_700-1800_cr0.95_stride100/Chuanmei_90_000076/GPS_info.json,True,12,12,0,12,12,1.0,5.766859212386066e-12,0,0,
merge_test_700-1800_cr0.95_stride100,Chuanmei_90_000077,Chuanmei,90,000077,120.33726725,30.323583,map2019/merge_test_700-1800_cr0.95_stride100/Chuanmei_90_000077/GPS_info.json,True,12,12,0,12,12,2.0,9.268030787268344e-12,0,0,
merge_test_700-1800_cr0.95_stride100,Chuanmei_90_000078,Chuanmei,90,000078,120.33747472222223,30.323583583333335,map2019/merge_test_700-1800_cr0.95_stride100/Chuanmei_90_000078/GPS_info.json,True,12,12,0,12,12,1.0,8.277434293546548e-12,0,0,
merge_test_700-1800_cr0.95_stride100,Chuanmei_90_000079,Chuanmei,90,000079,120.33768572222222,30.323582388888887,map2019/merge_test_700-1800_cr0.95_stride100/Chuanmei_90_000079/GPS_info.json,True,12,12,0,12,12,1.0,7.976619365024362e-12,0,0,
merge_test_700-1800_cr0.95_stride100,Chuanmei_90_000080,Chuanmei,90,000080,120.33789313888889,30.323585972222222,map2019/merge_test_700-1800_cr0.95_stride100/Chuanmei_90_000080/GPS_info.json,True,12,12,0,12,12,1.0,7.2237771320260435e-12,0,0,
merge_test_700-1800_cr0.95_stride100,Chuanmei_90_000081,Chuanmei,90,000081,120.33810105555555,30.323592416666667,map2019/merge_test_700-1800_cr0.95_stride100/Chuanmei_90_000081/GPS_info.json,True,12,12,0,12,12,1.0,7.976619365024362e-12,0,0,
merge_test_700-1800_cr0.95_stride100,Chuanmei_90_000082,Chuanmei,90,000082,120.33830680555556,30.32359497222222,map2019/merge_test_700-1800_cr0.95_stride100/Chuanmei_90_000082/GPS_info.json,True,12,12,0,12,12,1.0,7.976619365024362e-12,0,0,
merge_test_700-1800_cr0.95_stride100,Chuanmei_90_000083,Chuanmei,90,000083,120.33851627777777,30.323596944444443,map2019/merge_test_700-1800_cr0.95_stride100/Chuanmei_90_000083/GPS_info.json,True,12,12,0,12,12,1.0,5.766859212386066e-12,0,0,
merge_test_700-1800_cr0.95_stride100,Chuanmei_90_000084,Chuanmei,90,000084,120.33872325,30.323600305555555,map2019/merge_test_700-1800_cr0.95_stride100/Chuanmei_90_000084/GPS_info.json,True,12,12,0,12,12,1.0,7.976619365024362e-12,0,0,
merge_test_700-1800_cr0.95_stride100,Chuanmei_90_000085,Chuanmei,90,000085,120.33873008333333,30.3234175,map2019/merge_test_700-1800_cr0.95_stride100/Chuanmei_90_000085/GPS_info.json,True,12,12,0,12,12,1.0,7.976619365024362e-12,0,0,
merge_test_700-1800_cr0.95_stride100,Chuanmei_90_000086,Chuanmei,90,000086,120.33853,30.32341425,map2019/merge_test_700-1800_cr0.95_stride100/Chuanmei_90_000086/GPS_info.json,True,12,12,0,12,12,1.0,7.976619365024362e-12,0,0,
merge_test_700-1800_cr0.95_stride100,Chuanmei_90_000087,Chuanmei,90,000087,120.33831963888889,30.323410194444445,map2019/merge_test_700-1800_cr0.95_stride100/Chuanmei_90_000087/GPS_info.json,True,12,12,0,12,12,1.0,7.976619365024362e-12,0,0,
merge_test_700-1800_cr0.95_stride100,Chuanmei_90_000088,Chuanmei,90,000088,120.33811213888889,30.32340936111111,map2019/merge_test_700-1800_cr0.95_stride100/Chuanmei_90_000088/GPS_info.json,True,12,12,0,12,12,1.0,5.766859212386066e-12,0,0,
merge_test_700-1800_cr0.95_stride100,Chuanmei_90_000089,Chuanmei,90,000089,120.33790622222222,30.32340888888889,map2019/merge_test_700-1800_cr0.95_stride100/Chuanmei_90_000089/GPS_info.json,True,12,12,0,12,12,1.0,7.976619365024362e-12,0,0,
merge_test_700-1800_cr0.95_stride100,Chuanmei_90_000090,Chuanmei,90,000090,120.3377,30.32340361111111,map2019/merge_test_700-1800_cr0.95_stride100/Chuanmei_90_000090/GPS_info.json,True,12,12,0,12,12,1.0,7.976619365024362e-12,0,0,
merge_test_700-1800_cr0.95_stride100,Chuanmei_90_000091,Chuanmei,90,000091,120.33749172222223,30.323400694444445,map2019/merge_test_700-1800_cr0.95_stride100/Chuanmei_90_000091/GPS_info.json,True,12,12,0,12,12,1.0,5.766859212386066e-12,0,0,
merge_test_700-1800_cr0.95_stride100,Chuanmei_90_000092,Chuanmei,90,000092,120.33728338888889,30.323399444444444,map2019/merge_test_700-1800_cr0.95_stride100/Chuanmei_90_000092/GPS_info.json,True,12,12,0,12,12,1.0,8.473721724300276e-12,0,0,
merge_test_700-1800_cr0.95_stride100,Chuanmei_90_000093,Chuanmei,90,000093,120.33707372222223,30.323399916666666,map2019/merge_test_700-1800_cr0.95_stride100/Chuanmei_90_000093/GPS_info.json,True,12,12,0,12,12,1.0,7.976619365024362e-12,0,0,
merge_test_700-1800_cr0.95_stride100,Chuanmei_90_000094,Chuanmei,90,000094,120.33686316666666,30.32339763888889,map2019/merge_test_700-1800_cr0.95_stride100/Chuanmei_90_000094/GPS_info.json,True,12,12,0,12,12,1.0,7.976619365024362e-12,0,0,
merge_test_700-1800_cr0.95_stride100,Chuanmei_90_000095,Chuanmei,90,000095,120.33665794444444,30.323394722222222,map2019/merge_test_700-1800_cr0.95_stride100/Chuanmei_90_000095/GPS_info.json,True,12,12,0,12,12,1.0,7.976619365024362e-12,0,0,
merge_test_700-1800_cr0.95_stride100,Chuanmei_90_000096,Chuanmei,90,000096,120.33644791666667,30.323394694444445,map2019/merge_test_700-1800_cr0.95_stride100/Chuanmei_90_000096/GPS_info.json,True,12,12,0,12,12,1.0,6.614681025141067e-12,0,0,
merge_test_700-1800_cr0.95_stride100,Chuanmei_90_000097,Chuanmei,90,000097,120.33623888888889,30.323388555555557,map2019/merge_test_700-1800_cr0.95_stride100/Chuanmei_90_000097/GPS_info.json,True,12,12,0,12,12,1.0,8.473721724300276e-12,0,0,
merge_test_700-1800_cr0.95_stride100,Chuanmei_90_000098,Chuanmei,90,000098,120.33603102777778,30.32338547222222,map2019/merge_test_700-1800_cr0.95_stride100/Chuanmei_90_000098/GPS_info.json,True,12,12,0,12,12,1.0,5.766859212386066e-12,0,0,
merge_test_700-1800_cr0.95_stride100,Chuanmei_90_000099,Chuanmei,90,000099,120.33582619444445,30.323384055555554,map2019/merge_test_700-1800_cr0.95_stride100/Chuanmei_90_000099/GPS_info.json,True,12,12,0,12,12,1.0,7.2237771320260435e-12,0,0,
merge_test_700-1800_cr0.95_stride100,Chuanmei_90_000100,Chuanmei,90,000100,120.33561633333333,30.32338136111111,map2019/merge_test_700-1800_cr0.95_stride100/Chuanmei_90_000100/GPS_info.json,True,12,12,0,12,12,1.0,8.473721724300276e-12,0,0,
merge_test_700-1800_cr0.95_stride100,Chuanmei_90_000101,Chuanmei,90,000101,120.33541108333333,30.323379305555555,map2019/merge_test_700-1800_cr0.95_stride100/Chuanmei_90_000101/GPS_info.json,True,12,12,0,12,12,1.0,5.766859212386066e-12,0,0,
merge_test_700-1800_cr0.95_stride100,Chuanmei_90_000102,Chuanmei,90,000102,120.33541061111112,30.323195388888887,map2019/merge_test_700-1800_cr0.95_stride100/Chuanmei_90_000102/GPS_info.json,True,12,12,0,12,12,1.0,7.2237771320260435e-12,0,0,
merge_test_700-1800_cr0.95_stride100,Chuanmei_90_000103,Chuanmei,90,000103,120.33561458333334,30.323197555555556,map2019/merge_test_700-1800_cr0.95_stride100/Chuanmei_90_000103/GPS_info.json,True,12,12,0,12,12,1.0,5.766859212386066e-12,0,0,
merge_test_700-1800_cr0.95_stride100,Chuanmei_90_000104,Chuanmei,90,000104,120.33582108333333,30.323198444444444,map2019/merge_test_700-1800_cr0.95_stride100/Chuanmei_90_000104/GPS_info.json,True,12,12,0,12,12,1.0,5.766859212386066e-12,0,0,
merge_test_700-1800_cr0.95_stride100,Chuanmei_90_000105,Chuanmei,90,000105,120.3360283611111,30.323198333333334,map2019/merge_test_700-1800_cr0.95_stride100/Chuanmei_90_000105/GPS_info.json,True,12,12,0,12,12,1.0,5.766859212386066e-12,0,0,
merge_test_700-1800_cr0.95_stride100,Chuanmei_90_000106,Chuanmei,90,000106,120.33623755555556,30.323201222222224,map2019/merge_test_700-1800_cr0.95_stride100/Chuanmei_90_000106/GPS_info.json,True,12,12,0,12,12,1.0,5.766859212386066e-12,0,0,
merge_test_700-1800_cr0.95_stride100,Chuanmei_90_000107,Chuanmei,90,000107,120.33644252777778,30.32320613888889,map2019/merge_test_700-1800_cr0.95_stride100/Chuanmei_90_000107/GPS_info.json,True,12,12,0,12,12,1.0,5.766859212386066e-12,0,0,
merge_test_700-1800_cr0.95_stride100,Chuanmei_90_000108,Chuanmei,90,000108,120.33664997222222,30.323208194444444,map2019/merge_test_700-1800_cr0.95_stride100/Chuanmei_90_000108/GPS_info.json,True,12,12,0,12,12,1.0,8.041234345057546e-12,0,0,
merge_test_700-1800_cr0.95_stride100,Chuanmei_90_000109,Chuanmei,90,000109,120.33685841666667,30.323208555555556,map2019/merge_test_700-1800_cr0.95_stride100/Chuanmei_90_000109/GPS_info.json,True,12,12,0,12,12,1.0,5.766859212386066e-12,0,0,
merge_test_700-1800_cr0.95_stride100,Chuanmei_90_000110,Chuanmei,90,000110,120.33706908333333,30.323206055555556,map2019/merge_test_700-1800_cr0.95_stride100/Chuanmei_90_000110/GPS_info.json,True,12,12,0,12,12,1.0,5.766859212386066e-12,0,0,
merge_test_700-1800_cr0.95_stride100,Chuanmei_90_000111,Chuanmei,90,000111,120.33727833333333,30.323206666666668,map2019/merge_test_700-1800_cr0.95_stride100/Chuanmei_90_000111/GPS_info.json,True,12,12,0,12,12,1.0,7.2237771320260435e-12,0,0,
merge_test_700-1800_cr0.95_stride100,Chuanmei_90_000112,Chuanmei,90,000112,120.33748672222222,30.323208666666666,map2019/merge_test_700-1800_cr0.95_stride100/Chuanmei_90_000112/GPS_info.json,True,12,12,0,12,12,1.0,7.2237771320260435e-12,0,0,
merge_test_700-1800_cr0.95_stride100,Chuanmei_90_000113,Chuanmei,90,000113,120.3376945,30.323207833333335,map2019/merge_test_700-1800_cr0.95_stride100/Chuanmei_90_000113/GPS_info.json,True,12,12,0,12,12,1.0,5.766859212386066e-12,0,0,
merge_test_700-1800_cr0.95_stride100,Chuanmei_90_000114,Chuanmei,90,000114,120.33790325,30.323207888888888,map2019/merge_test_700-1800_cr0.95_stride100/Chuanmei_90_000114/GPS_info.json,True,12,12,0,12,12,1.0,5.766859212386066e-12,0,0,
merge_test_700-1800_cr0.95_stride100,Chuanmei_90_000115,Chuanmei,90,000115,120.33810922222223,30.323209777777777,map2019/merge_test_700-1800_cr0.95_stride100/Chuanmei_90_000115/GPS_info.json,True,12,12,0,12,12,1.0,6.767253424300179e-12,0,0,
merge_test_700-1800_cr0.95_stride100,Chuanmei_90_000116,Chuanmei,90,000116,120.3383176388889,30.323210833333334,map2019/merge_test_700-1800_cr0.95_stride100/Chuanmei_90_000116/GPS_info.json,True,12,12,0,12,12,1.0,5.766859212386066e-12,0,0,
merge_test_700-1800_cr0.95_stride100,Chuanmei_90_000117,Chuanmei,90,000117,120.33852866666666,30.323208333333334,map2019/merge_test_700-1800_cr0.95_stride100/Chuanmei_90_000117/GPS_info.json,True,12,12,0,12,12,1.0,6.767253424300179e-12,0,0,
merge_test_700-1800_cr0.95_stride100,Chuanmei_90_000118,Chuanmei,90,000118,120.33873288888888,30.323212777777776,map2019/merge_test_700-1800_cr0.95_stride100/Chuanmei_90_000118/GPS_info.json,True,12,12,0,12,12,1.0,7.2237771320260435e-12,0,0,
merge_test_700-1800_cr0.95_stride100,Chuanmei_90_000119,Chuanmei,90,000119,120.33872847222223,30.323032583333333,map2019/merge_test_700-1800_cr0.95_stride100/Chuanmei_90_000119/GPS_info.json,True,12,12,0,12,12,1.0,8.473721724300276e-12,0,0,
merge_test_700-1800_cr0.95_stride100,Chuanmei_90_000120,Chuanmei,90,000120,120.33852644444444,30.323030694444444,map2019/merge_test_700-1800_cr0.95_stride100/Chuanmei_90_000120/GPS_info.json,True,12,12,0,12,12,1.0,6.767253424300179e-12,0,0,
merge_test_700-1800_cr0.95_stride100,Chuanmei_90_000121,Chuanmei,90,000121,120.33831480555556,30.323029666666667,map2019/merge_test_700-1800_cr0.95_stride100/Chuanmei_90_000121/GPS_info.json,True,12,12,0,12,12,1.0,8.473721724300276e-12,0,0,
merge_test_700-1800_cr0.95_stride100,Chuanmei_90_000122,Chuanmei,90,000122,120.33810627777778,30.32303027777778,map2019/merge_test_700-1800_cr0.95_stride100/Chuanmei_90_000122/GPS_info.json,True,12,12,0,12,12,1.0,7.2237771320260435e-12,0,0,
merge_test_700-1800_cr0.95_stride100,Chuanmei_90_000123,Chuanmei,90,000123,120.33789886111111,30.32302727777778,map2019/merge_test_700-1800_cr0.95_stride100/Chuanmei_90_000123/GPS_info.json,True,12,12,0,12,12,1.0,7.2237771320260435e-12,0,0,
merge_test_700-1800_cr0.95_stride100,Chuanmei_90_000124,Chuanmei,90,000124,120.33769638888889,30.323023305555555,map2019/merge_test_700-1800_cr0.95_stride100/Chuanmei_90_000124/GPS_info.json,True,12,12,0,12,12,1.0,7.2237771320260435e-12,0,0,
merge_test_700-1800_cr0.95_stride100,Chuanmei_90_000125,Chuanmei,90,000125,120.33748188888889,30.32301986111111,map2019/merge_test_700-1800_cr0.95_stride100/Chuanmei_90_000125/GPS_info.json,True,12,12,0,12,12,1.0,8.495204539826773e-12,0,0,
merge_test_700-1800_cr0.95_stride100,Chuanmei_90_000126,Chuanmei,90,000126,120.33727405555555,30.323015722222223,map2019/merge_test_700-1800_cr0.95_stride100/Chuanmei_90_000126/GPS_info.json,True,12,12,0,12,12,1.0,7.2237771320260435e-12,0,0,
merge_test_700-1800_cr0.95_stride100,Chuanmei_90_000127,Chuanmei,90,000127,120.33706483333333,30.323014194444443,map2019/merge_test_700-1800_cr0.95_stride100/Chuanmei_90_000127/GPS_info.json,True,12,12,0,12,12,1.0,7.2237771320260435e-12,0,0,
merge_test_700-1800_cr0.95_stride100,Chuanmei_90_000128,Chuanmei,90,000128,120.33685366666667,30.32301452777778,map2019/merge_test_700-1800_cr0.95_stride100/Chuanmei_90_000128/GPS_info.json,True,12,12,0,12,12,1.0,7.2237771320260435e-12,0,0,
merge_test_700-1800_cr0.95_stride100,Chuanmei_90_000129,Chuanmei,90,000129,120.33664841666666,30.32301216666667,map2019/merge_test_700-1800_cr0.95_stride100/Chuanmei_90_000129/GPS_info.json,True,12,12,0,12,12,1.0,7.2237771320260435e-12,0,0,
merge_test_700-1800_cr0.95_stride100,Chuanmei_90_000130,Chuanmei,90,000130,120.33644083333333,30.322999166666666,map2019/merge_test_700-1800_cr0.95_stride100/Chuanmei_90_000130/GPS_info.json,True,12,12,0,12,12,1.0,7.2237771320260435e-12,0,0,
merge_test_700-1800_cr0.95_stride100,Chuanmei_90_000131,Chuanmei,90,000131,120.33623263888889,30.323008083333335,map2019/merge_test_700-1800_cr0.95_stride100/Chuanmei_90_000131/GPS_info.json,True,12,12,0,12,12,1.0,7.2237771320260435e-12,0,0,
merge_test_700-1800_cr0.95_stride100,Chuanmei_90_000132,Chuanmei,90,000132,120.33602216666667,30.323006083333333,map2019/merge_test_700-1800_cr0.95_stride100/Chuanmei_90_000132/GPS_info.json,True,12,12,0,12,12,1.0,8.473721724300276e-12,0,0,
merge_test_700-1800_cr0.95_stride100,Chuanmei_90_000133,Chuanmei,90,000133,120.33581702777778,30.32300516666667,map2019/merge_test_700-1800_cr0.95_stride100/Chuanmei_90_000133/GPS_info.json,True,12,12,0,12,12,1.0,8.277434293546548e-12,0,0,
merge_test_700-1800_cr0.95_stride100,Chuanmei_90_000134,Chuanmei,90,000134,120.33560638888889,30.323004027777777,map2019/merge_test_700-1800_cr0.95_stride100/Chuanmei_90_000134/GPS_info.json,True,12,12,0,12,12,1.0,7.2237771320260435e-12,0,0,
merge_test_700-1800_cr0.95_stride100,Chuanmei_90_000135,Chuanmei,90,000135,120.33539630555556,30.323000666666665,map2019/merge_test_700-1800_cr0.95_stride100/Chuanmei_90_000135/GPS_info.json,True,12,12,0,12,12,1.0,8.277434293546548e-12,0,0,
merge_test_700-1800_cr0.95_stride100,Chuanmei_90_000136,Chuanmei,90,000136,120.33539986111111,30.32282947222222,map2019/merge_test_700-1800_cr0.95_stride100/Chuanmei_90_000136/GPS_info.json,True,12,12,0,12,12,1.0,8.473721724300276e-12,0,0,
merge_test_700-1800_cr0.95_stride100,Chuanmei_90_000137,Chuanmei,90,000137,120.33560730555556,30.322827333333333,map2019/merge_test_700-1800_cr0.95_stride100/Chuanmei_90_000137/GPS_info.json,True,12,12,0,12,12,1.0,7.2237771320260435e-12,0,0,
merge_test_700-1800_cr0.95_stride100,Chuanmei_90_000138,Chuanmei,90,000138,120.33581466666666,30.322827916666668,map2019/merge_test_700-1800_cr0.95_stride100/Chuanmei_90_000138/GPS_info.json,True,12,12,0,12,12,1.0,8.473721724300276e-12,0,0,
merge_test_700-1800_cr0.95_stride100,Chuanmei_90_000139,Chuanmei,90,000139,120.33601994444444,30.322830361111112,map2019/merge_test_700-1800_cr0.95_stride100/Chuanmei_90_000139/GPS_info.json,True,12,12,0,12,12,1.0,6.767253424300179e-12,0,0,
merge_test_700-1800_cr0.95_stride100,Chuanmei_90_000140,Chuanmei,90,000140,120.33623008333333,30.3228305,map2019/merge_test_700-1800_cr0.95_stride100/Chuanmei_90_000140/GPS_info.json,True,12,12,0,12,12,1.0,6.767253424300179e-12,0,0,
merge_test_700-1800_cr0.95_stride100,Chuanmei_90_000141,Chuanmei,90,000141,120.33643611111111,30.32283175,map2019/merge_test_700-1800_cr0.95_stride100/Chuanmei_90_000141/GPS_info.json,True,12,12,0,12,12,0.0,1.193212195715887e-11,0,0,
merge_test_700-1800_cr0.95_stride100,Chuanmei_90_000142,Chuanmei,90,000142,120.3366458888889,30.322831611111113,map2019/merge_test_700-1800_cr0.95_stride100/Chuanmei_90_000142/GPS_info.json,True,12,12,0,12,12,1.0,8.473721724300276e-12,0,0,
merge_test_700-1800_cr0.95_stride100,Chuanmei_90_000143,Chuanmei,90,000143,120.33685169444445,30.322832388888887,map2019/merge_test_700-1800_cr0.95_stride100/Chuanmei_90_000143/GPS_info.json,True,12,12,0,12,12,1.0,8.277434293546548e-12,0,0,
merge_test_700-1800_cr0.95_stride100,Chuanmei_90_000144,Chuanmei,90,000144,120.33705869444445,30.322832944444443,map2019/merge_test_700-1800_cr0.95_stride100/Chuanmei_90_000144/GPS_info.json,True,12,12,0,12,12,1.0,8.473721724300276e-12,0,0,
merge_test_700-1800_cr0.95_stride100,Chuanmei_90_000145,Chuanmei,90,000145,120.3372663611111,30.32283313888889,map2019/merge_test_700-1800_cr0.95_stride100/Chuanmei_90_000145/GPS_info.json,True,12,12,0,12,12,1.0,8.473721724300276e-12,0,0,
merge_test_700-1800_cr0.95_stride100,Chuanmei_90_000146,Chuanmei,90,000146,120.33747205555555,30.322833111111112,map2019/merge_test_700-1800_cr0.95_stride100/Chuanmei_90_000146/GPS_info.json,True,12,12,0,12,12,1.0,8.473721724300276e-12,0,0,
merge_test_700-1800_cr0.95_stride100,Chuanmei_90_000147,Chuanmei,90,000147,120.33768252777777,30.322834583333332,map2019/merge_test_700-1800_cr0.95_stride100/Chuanmei_90_000147/GPS_info.json,True,12,12,0,12,12,1.0,8.473721724300276e-12,0,0,
merge_test_700-1800_cr0.95_stride100,Chuanmei_90_000148,Chuanmei,90,000148,120.33789119444444,30.32283386111111,map2019/merge_test_700-1800_cr0.95_stride100/Chuanmei_90_000148/GPS_info.json,True,12,12,0,12,12,1.0,8.473721724300276e-12,0,0,
merge_test_700-1800_cr0.95_stride100,Chuanmei_90_000149,Chuanmei,90,000149,120.338099,30.322833444444445,map2019/merge_test_700-1800_cr0.95_stride100/Chuanmei_90_000149/GPS_info.json,True,12,12,0,12,12,1.0,4.640066109118379e-12,0,0,
merge_test_700-1800_cr0.95_stride100,Chuanmei_90_000150,Chuanmei,90,000150,120.33830752777777,30.32283386111111,map2019/merge_test_700-1800_cr0.95_stride100/Chuanmei_90_000150/GPS_info.json,True,12,12,0,12,12,1.0,6.767253424300179e-12,0,0,
merge_test_700-1800_cr0.95_stride100,Chuanmei_90_000151,Chuanmei,90,000151,120.33851469444444,30.322834694444445,map2019/merge_test_700-1800_cr0.95_stride100/Chuanmei_90_000151/GPS_info.json,True,12,12,0,12,12,1.0,6.767253424300179e-12,0,0,
merge_test_700-1800_cr0.95_stride100,Chuanmei_90_000152,Chuanmei,90,000152,120.33872255555555,30.32283538888889,map2019/merge_test_700-1800_cr0.95_stride100/Chuanmei_90_000152/GPS_info.json,True,12,12,0,12,12,1.0,8.473721724300276e-12,0,0,
merge_test_700-1800_cr0.95_stride100,Chuanmei_90_000153,Chuanmei,90,000153,120.33872702777778,30.322655666666666,map2019/merge_test_700-1800_cr0.95_stride100/Chuanmei_90_000153/GPS_info.json,True,12,12,0,12,12,1.0,8.473721724300276e-12,0,0,
merge_test_700-1800_cr0.95_stride100,Chuanmei_90_000154,Chuanmei,90,000154,120.33852511111111,30.322651472222223,map2019/merge_test_700-1800_cr0.95_stride100/Chuanmei_90_000154/GPS_info.json,True,12,12,0,12,12,1.0,8.473721724300276e-12,0,0,
merge_test_700-1800_cr0.95_stride100,Chuanmei_90_000155,Chuanmei,90,000155,120.33831872222223,30.32264963888889,map2019/merge_test_700-1800_cr0.95_stride100/Chuanmei_90_000155/GPS_info.json,True,12,12,0,12,12,1.0,6.614681025141067e-12,0,0,
merge_test_700-1800_cr0.95_stride100,Chuanmei_90_000156,Chuanmei,90,000156,120.33810502777777,30.3226455,map2019/merge_test_700-1800_cr0.95_stride100/Chuanmei_90_000156/GPS_info.json,True,12,12,0,12,12,1.0,6.767253424300179e-12,0,0,
merge_test_700-1800_cr0.95_stride100,Chuanmei_90_000157,Chuanmei,90,000157,120.33790316666666,30.322643,map2019/merge_test_700-1800_cr0.95_stride100/Chuanmei_90_000157/GPS_info.json,True,12,12,0,12,12,1.0,6.614681025141067e-12,0,0,
merge_test_700-1800_cr0.95_stride100,Chuanmei_90_000158,Chuanmei,90,000158,120.33769758333334,30.32264325,map2019/merge_test_700-1800_cr0.95_stride100/Chuanmei_90_000158/GPS_info.json,True,12,12,0,12,12,1.0,6.767253424300179e-12,0,0,
merge_test_700-1800_cr0.95_stride100,Chuanmei_90_000159,Chuanmei,90,000159,120.33748627777777,30.322641861111112,map2019/merge_test_700-1800_cr0.95_stride100/Chuanmei_90_000159/GPS_info.json,True,12,12,0,12,12,1.0,8.473721724300276e-12,0,0,
merge_test_700-1800_cr0.95_stride100,Chuanmei_90_000160,Chuanmei,90,000160,120.33726913888889,30.32263522222222,map2019/merge_test_700-1800_cr0.95_stride100/Chuanmei_90_000160/GPS_info.json,True,12,12,0,12,12,1.0,6.614681025141067e-12,0,0,
merge_test_700-1800_cr0.95_stride100,Chuanmei_90_000161,Chuanmei,90,000161,120.33706736111111,30.322632777777777,map2019/merge_test_700-1800_cr0.95_stride100/Chuanmei_90_000161/GPS_info.json,True,12,12,0,12,12,1.0,8.277434293546548e-12,0,0,
merge_test_700-1800_cr0.95_stride100,Chuanmei_90_000162,Chuanmei,90,000162,120.33686469444444,30.322630361111113,map2019/merge_test_700-1800_cr0.95_stride100/Chuanmei_90_000162/GPS_info.json,True,12,12,0,12,12,1.0,8.473721724300276e-12,0,0,
merge_test_700-1800_cr0.95_stride100,Chuanmei_90_000163,Chuanmei,90,000163,120.33665041666667,30.322627027777777,map2019/merge_test_700-1800_cr0.95_stride100/Chuanmei_90_000163/GPS_info.json,True,12,12,0,12,12,1.0,8.277434293546548e-12,0,0,
merge_test_700-1800_cr0.95_stride100,Chuanmei_90_000164,Chuanmei,90,000164,120.33645113888889,30.322626,map2019/merge_test_700-1800_cr0.95_stride100/Chuanmei_90_000164/GPS_info.json,True,12,12,0,12,12,1.0,6.767253424300179e-12,0,0,
merge_test_700-1800_cr0.95_stride100,Chuanmei_90_000165,Chuanmei,90,000165,120.33624119444444,30.322627944444445,map2019/merge_test_700-1800_cr0.95_stride100/Chuanmei_90_000165/GPS_info.json,True,12,12,0,12,12,1.0,6.767253424300179e-12,0,0,
merge_test_700-1800_cr0.95_stride100,Chuanmei_90_000166,Chuanmei,90,000166,120.33603030555555,30.322623749999998,map2019/merge_test_700-1800_cr0.95_stride100/Chuanmei_90_000166/GPS_info.json,True,12,12,0,12,12,1.0,6.767253424300179e-12,0,0,
merge_test_700-1800_cr0.95_stride100,Chuanmei_90_000167,Chuanmei,90,000167,120.335823,30.32261847222222,map2019/merge_test_700-1800_cr0.95_stride100/Chuanmei_90_000167/GPS_info.json,True,12,12,0,12,12,1.0,6.767253424300179e-12,0,0,
merge_test_700-1800_cr0.95_stride100,Chuanmei_90_000168,Chuanmei,90,000168,120.33561569444444,30.322616916666668,map2019/merge_test_700-1800_cr0.95_stride100/Chuanmei_90_000168/GPS_info.json,True,12,12,0,12,12,1.0,1.0202949596305189e-11,0,0,
merge_test_700-1800_cr0.95_stride100,Chuanmei_90_000169,Chuanmei,90,000169,120.33540472222222,30.322616,map2019/merge_test_700-1800_cr0.95_stride100/Chuanmei_90_000169/GPS_info.json,True,12,12,0,12,12,1.0,8.277434293546548e-12,0,0,
merge_test_700-1800_cr0.95_stride100,Chuanmei_90_000170,Chuanmei,90,000170,120.33540047222222,30.32243125,map2019/merge_test_700-1800_cr0.95_stride100/Chuanmei_90_000170/GPS_info.json,True,12,12,0,12,12,1.0,8.277434293546548e-12,0,0,
merge_test_700-1800_cr0.95_stride100,Chuanmei_90_000171,Chuanmei,90,000171,120.33560861111111,30.32243227777778,map2019/merge_test_700-1800_cr0.95_stride100/Chuanmei_90_000171/GPS_info.json,True,12,12,0,12,12,1.0,6.767253424300179e-12,0,0,
merge_test_700-1800_cr0.95_stride100,Chuanmei_90_000172,Chuanmei,90,000172,120.33581422222223,30.32243525,map2019/merge_test_700-1800_cr0.95_stride100/Chuanmei_90_000172/GPS_info.json,True,12,12,0,12,12,1.0,6.767253424300179e-12,0,0,
merge_test_700-1800_cr0.95_stride100,Chuanmei_90_000173,Chuanmei,90,000173,120.33602405555555,30.32243233333333,map2019/merge_test_700-1800_cr0.95_stride100/Chuanmei_90_000173/GPS_info.json,True,12,12,0,12,12,1.0,8.277434293546548e-12,0,0,
merge_test_700-1800_cr0.95_stride100,Chuanmei_90_000174,Chuanmei,90,000174,120.33622866666667,30.32243536111111,map2019/merge_test_700-1800_cr0.95_stride100/Chuanmei_90_000174/GPS_info.json,True,12,12,0,12,12,1.0,8.041234345057546e-12,0,0,
merge_test_700-1800_cr0.95_stride100,Chuanmei_90_000175,Chuanmei,90,000175,120.33643647222222,30.32243672222222,map2019/merge_test_700-1800_cr0.95_stride100/Chuanmei_90_000175/GPS_info.json,True,12,12,0,12,12,1.0,6.614681025141067e-12,0,0,
merge_test_700-1800_cr0.95_stride100,Chuanmei_90_000176,Chuanmei,90,000176,120.33664458333334,30.322439527777778,map2019/merge_test_700-1800_cr0.95_stride100/Chuanmei_90_000176/GPS_info.json,True,12,12,0,12,12,1.0,6.767253424300179e-12,0,0,
merge_test_700-1800_cr0.95_stride100,Chuanmei_90_000177,Chuanmei,90,000177,120.33685216666667,30.32243811111111,map2019/merge_test_700-1800_cr0.95_stride100/Chuanmei_90_000177/GPS_info.json,True,12,12,0,12,12,1.0,6.767253424300179e-12,0,0,
merge_test_700-1800_cr0.95_stride100,Chuanmei_90_000178,Chuanmei,90,000178,120.33705869444445,30.322439944444444,map2019/merge_test_700-1800_cr0.95_stride100/Chuanmei_90_000178/GPS_info.json,True,12,12,0,12,12,1.0,8.277434293546548e-12,0,0,
merge_test_700-1800_cr0.95_stride100,Chuanmei_90_000179,Chuanmei,90,000179,120.33726644444444,30.322439305555555,map2019/merge_test_700-1800_cr0.95_stride100/Chuanmei_90_000179/GPS_info.json,True,12,12,0,12,12,1.0,6.614681025141067e-12,0,0,
merge_test_700-1800_cr0.95_stride100,Chuanmei_90_000180,Chuanmei,90,000180,120.33747427777777,30.32243941666667,map2019/merge_test_700-1800_cr0.95_stride100/Chuanmei_90_000180/GPS_info.json,True,12,12,0,12,12,1.0,8.041234345057546e-12,0,0,
merge_test_700-1800_cr0.95_stride100,Chuanmei_90_000181,Chuanmei,90,000181,120.33768275,30.322440888888888,map2019/merge_test_700-1800_cr0.95_stride100/Chuanmei_90_000181/GPS_info.json,True,12,12,0,12,12,1.0,6.767253424300179e-12,0,0,
merge_test_700-1800_cr0.95_stride100,Chuanmei_90_000182,Chuanmei,90,000182,120.33789127777777,30.322441916666666,map2019/merge_test_700-1800_cr0.95_stride100/Chuanmei_90_000182/GPS_info.json,True,12,12,0,12,12,1.0,6.767253424300179e-12,0,0,
merge_test_700-1800_cr0.95_stride100,Chuanmei_90_000183,Chuanmei,90,000183,120.33809780555555,30.322440805555555,map2019/merge_test_700-1800_cr0.95_stride100/Chuanmei_90_000183/GPS_info.json,True,12,12,0,12,12,1.0,8.041234345057546e-12,0,0,
merge_test_700-1800_cr0.95_stride100,Chuanmei_90_000184,Chuanmei,90,000184,120.33830297222222,30.322443361111112,map2019/merge_test_700-1800_cr0.95_stride100/Chuanmei_90_000184/GPS_info.json,True,12,12,0,12,12,1.0,8.277434293546548e-12,0,0,
merge_test_700-1800_cr0.95_stride100,Chuanmei_90_000185,Chuanmei,90,000185,120.33850930555556,30.322444166666667,map2019/merge_test_700-1800_cr0.95_stride100/Chuanmei_90_000185/GPS_info.json,True,12,12,0,12,12,1.0,8.277434293546548e-12,0,0,
merge_test_700-1800_cr0.95_stride100,Chuanmei_90_000186,Chuanmei,90,000186,120.33872155555555,30.322444833333332,map2019/merge_test_700-1800_cr0.95_stride100/Chuanmei_90_000186/GPS_info.json,True,12,12,0,12,12,1.0,8.277434293546548e-12,0,0,
merge_test_700-1800_cr0.95_stride100,Chuanmei_90_000187,Chuanmei,90,000187,120.33872286111111,30.322269333333335,map2019/merge_test_700-1800_cr0.95_stride100/Chuanmei_90_000187/GPS_info.json,True,12,12,0,12,12,1.0,8.277434293546548e-12,0,0,
merge_test_700-1800_cr0.95_stride100,Chuanmei_90_000188,Chuanmei,90,000188,120.33851902777778,30.322264555555556,map2019/merge_test_700-1800_cr0.95_stride100/Chuanmei_90_000188/GPS_info.json,True,12,12,0,12,12,1.0,6.614681025141067e-12,0,0,
merge_test_700-1800_cr0.95_stride100,Chuanmei_90_000189,Chuanmei,90,000189,120.33831186111111,30.322263638888888,map2019/merge_test_700-1800_cr0.95_stride100/Chuanmei_90_000189/GPS_info.json,True,12,12,0,12,12,1.0,6.614681025141067e-12,0,0,
merge_test_700-1800_cr0.95_stride100,Chuanmei_90_000190,Chuanmei,90,000190,120.3381045,30.3222675,map2019/merge_test_700-1800_cr0.95_stride100/Chuanmei_90_000190/GPS_info.json,True,12,12,0,12,12,1.0,8.452072375320085e-12,0,0,
merge_test_700-1800_cr0.95_stride100,Chuanmei_90_000191,Chuanmei,90,000191,120.33789586111111,30.32226627777778,map2019/merge_test_700-1800_cr0.95_stride100/Chuanmei_90_000191/GPS_info.json,True,12,12,0,12,12,1.0,8.495204539826773e-12,0,0,
merge_test_700-1800_cr0.95_stride100,Chuanmei_90_000192,Chuanmei,90,000192,120.33768683333334,30.322265722222223,map2019/merge_test_700-1800_cr0.95_stride100/Chuanmei_90_000192/GPS_info.json,True,12,12,0,12,12,1.0,8.277434293546548e-12,0,0,
merge_test_700-1800_cr0.95_stride100,Chuanmei_90_000193,Chuanmei,90,000193,120.33747738888889,30.322268194444444,map2019/merge_test_700-1800_cr0.95_stride100/Chuanmei_90_000193/GPS_info.json,True,12,12,0,12,12,1.0,6.614681025141067e-12,0,0,
merge_test_700-1800_cr0.95_stride100,Chuanmei_90_000194,Chuanmei,90,000194,120.33726652777777,30.322267472222222,map2019/merge_test_700-1800_cr0.95_stride100/Chuanmei_90_000194/GPS_info.json,True,12,12,0,12,12,1.0,8.041234345057546e-12,0,0,
merge_test_700-1800_cr0.95_stride100,Chuanmei_90_000195,Chuanmei,90,000195,120.33706158333334,30.322267583333332,map2019/merge_test_700-1800_cr0.95_stride100/Chuanmei_90_000195/GPS_info.json,True,12,12,0,12,12,1.0,8.277434293546548e-12,0,0,
merge_test_700-1800_cr0.95_stride100,Chuanmei_90_000196,Chuanmei,90,000196,120.33685466666667,30.32226925,map2019/merge_test_700-1800_cr0.95_stride100/Chuanmei_90_000196/GPS_info.json,True,12,12,0,12,12,1.0,6.614681025141067e-12,0,0,
merge_test_700-1800_cr0.95_stride100,Chuanmei_90_000197,Chuanmei,90,000197,120.3366463888889,30.322268166666667,map2019/merge_test_700-1800_cr0.95_stride100/Chuanmei_90_000197/GPS_info.json,True,12,12,0,12,12,1.0,8.277434293546548e-12,0,0,
merge_test_700-1800_cr0.95_stride100,Chuanmei_90_000198,Chuanmei,90,000198,120.33643369444444,30.322268666666666,map2019/merge_test_700-1800_cr0.95_stride100/Chuanmei_90_000198/GPS_info.json,True,12,12,0,12,12,1.0,8.277434293546548e-12,0,0,
merge_test_700-1800_cr0.95_stride100,Chuanmei_90_000199,Chuanmei,90,000199,120.3362296388889,30.32226986111111,map2019/merge_test_700-1800_cr0.95_stride100/Chuanmei_90_000199/GPS_info.json,True,12,12,0,12,12,1.0,6.614681025141067e-12,0,0,
merge_test_700-1800_cr0.95_stride100,Hangdian_100_000000,Hangdian,100,000000,120.34028202777777,30.317864694444445,map2019/merge_test_700-1800_cr0.95_stride100/Hangdian_100_000000/GPS_info.json,True,12,12,0,12,12,1.0,5.53468382236133e-12,0,0,
merge_test_700-1800_cr0.95_stride100,Hangdian_100_000001,Hangdian,100,000001,120.34008575,30.317860305555556,map2019/merge_test_700-1800_cr0.95_stride100/Hangdian_100_000001/GPS_info.json,True,12,12,0,12,12,1.0,5.53468382236133e-12,0,0,
merge_test_700-1800_cr0.95_stride100,Hangdian_100_000002,Hangdian,100,000002,120.33988077777778,30.317855777777776,map2019/merge_test_700-1800_cr0.95_stride100/Hangdian_100_000002/GPS_info.json,True,12,12,0,12,12,1.0,5.53468382236133e-12,0,0,
merge_test_700-1800_cr0.95_stride100,Hangdian_100_000003,Hangdian,100,000003,120.33968302777778,30.31785361111111,map2019/merge_test_700-1800_cr0.95_stride100/Hangdian_100_000003/GPS_info.json,True,12,12,0,12,12,1.0,5.53468382236133e-12,0,0,
merge_test_700-1800_cr0.95_stride100,Hangdian_100_000004,Hangdian,100,000004,120.3394695,30.317853416666665,map2019/merge_test_700-1800_cr0.95_stride100/Hangdian_100_000004/GPS_info.json,True,12,12,0,12,12,1.0,5.53468382236133e-12,0,0,
merge_test_700-1800_cr0.95_stride100,Hangdian_100_000005,Hangdian,100,000005,120.33925436111112,30.31785161111111,map2019/merge_test_700-1800_cr0.95_stride100/Hangdian_100_000005/GPS_info.json,True,12,12,0,12,12,1.0,5.53468382236133e-12,0,0,
merge_test_700-1800_cr0.95_stride100,Hangdian_100_000006,Hangdian,100,000006,120.33904475,30.317850583333332,map2019/merge_test_700-1800_cr0.95_stride100/Hangdian_100_000006/GPS_info.json,True,12,12,0,12,12,1.0,5.53468382236133e-12,0,0,
merge_test_700-1800_cr0.95_stride100,Hangdian_100_000007,Hangdian,100,000007,120.33884361111112,30.317845444444444,map2019/merge_test_700-1800_cr0.95_stride100/Hangdian_100_000007/GPS_info.json,True,12,12,0,12,12,1.0,5.53468382236133e-12,0,0,
merge_test_700-1800_cr0.95_stride100,Hangdian_100_000008,Hangdian,100,000008,120.33863583333333,30.317844805555556,map2019/merge_test_700-1800_cr0.95_stride100/Hangdian_100_000008/GPS_info.json,True,12,12,0,12,12,1.0,5.53468382236133e-12,0,0,
merge_test_700-1800_cr0.95_stride100,Hangdian_100_000009,Hangdian,100,000009,120.33842880555555,30.317844527777776,map2019/merge_test_700-1800_cr0.95_stride100/Hangdian_100_000009/GPS_info.json,True,12,12,0,12,12,1.0,5.53468382236133e-12,0,0,
merge_test_700-1800_cr0.95_stride100,Hangdian_100_000010,Hangdian,100,000010,120.33822413888889,30.31784311111111,map2019/merge_test_700-1800_cr0.95_stride100/Hangdian_100_000010/GPS_info.json,True,12,12,0,12,12,1.0,5.53468382236133e-12,0,0,
merge_test_700-1800_cr0.95_stride100,Hangdian_100_000011,Hangdian,100,000011,120.33800077777778,30.317844972222222,map2019/merge_test_700-1800_cr0.95_stride100/Hangdian_100_000011/GPS_info.json,True,12,12,0,12,12,1.0,5.53468382236133e-12,0,0,
merge_test_700-1800_cr0.95_stride100,Hangdian_100_000012,Hangdian,100,000012,120.33780425,30.31784038888889,map2019/merge_test_700-1800_cr0.95_stride100/Hangdian_100_000012/GPS_info.json,True,12,12,0,12,12,1.0,5.53468382236133e-12,0,0,
merge_test_700-1800_cr0.95_stride100,Hangdian_100_000013,Hangdian,100,000013,120.33760097222222,30.31783875,map2019/merge_test_700-1800_cr0.95_stride100/Hangdian_100_000013/GPS_info.json,True,12,12,0,12,12,1.0,5.53468382236133e-12,0,0,
merge_test_700-1800_cr0.95_stride100,Hangdian_100_000014,Hangdian,100,000014,120.33739266666667,30.317837166666667,map2019/merge_test_700-1800_cr0.95_stride100/Hangdian_100_000014/GPS_info.json,True,12,12,0,12,12,1.0,5.53468382236133e-12,0,0,
merge_test_700-1800_cr0.95_stride100,Hangdian_100_000015,Hangdian,100,000015,120.33718783333333,30.31783233333333,map2019/merge_test_700-1800_cr0.95_stride100/Hangdian_100_000015/GPS_info.json,True,12,12,0,12,12,1.0,5.53468382236133e-12,0,0,
merge_test_700-1800_cr0.95_stride100,Hangdian_100_000016,Hangdian,100,000016,120.33697830555556,30.31783077777778,map2019/merge_test_700-1800_cr0.95_stride100/Hangdian_100_000016/GPS_info.json,True,12,12,0,12,12,1.0,5.53468382236133e-12,0,0,
merge_test_700-1800_cr0.95_stride100,Hangdian_100_000017,Hangdian,100,000017,120.33696508333334,30.31765638888889,map2019/merge_test_700-1800_cr0.95_stride100/Hangdian_100_000017/GPS_info.json,True,12,12,0,12,12,1.0,5.53468382236133e-12,0,0,
merge_test_700-1800_cr0.95_stride100,Hangdian_100_000018,Hangdian,100,000018,120.33717422222222,30.317653,map2019/merge_test_700-1800_cr0.95_stride100/Hangdian_100_000018/GPS_info.json,True,12,12,0,12,12,1.0,5.53468382236133e-12,0,0,
merge_test_700-1800_cr0.95_stride100,Hangdian_100_000019,Hangdian,100,000019,120.3373775,30.31765561111111,map2019/merge_test_700-1800_cr0.95_stride100/Hangdian_100_000019/GPS_info.json,True,12,12,0,12,12,1.0,5.53468382236133e-12,0,0,
merge_test_700-1800_cr0.95_stride100,Hangdian_100_000020,Hangdian,100,000020,120.33758841666666,30.317654027777778,map2019/merge_test_700-1800_cr0.95_stride100/Hangdian_100_000020/GPS_info.json,True,12,12,0,12,12,1.0,4.225064742513496e-12,0,0,
merge_test_700-1800_cr0.95_stride100,Hangdian_100_000021,Hangdian,100,000021,120.33779644444445,30.317655444444444,map2019/merge_test_700-1800_cr0.95_stride100/Hangdian_100_000021/GPS_info.json,True,12,12,0,12,12,1.0,4.225064742513496e-12,0,0,
merge_test_700-1800_cr0.95_stride100,Hangdian_100_000022,Hangdian,100,000022,120.33800286111111,30.31765613888889,map2019/merge_test_700-1800_cr0.95_stride100/Hangdian_100_000022/GPS_info.json,True,12,12,0,12,12,1.0,4.225064742513496e-12,0,0,
merge_test_700-1800_cr0.95_stride100,Hangdian_100_000023,Hangdian,100,000023,120.3382115,30.317656083333333,map2019/merge_test_700-1800_cr0.95_stride100/Hangdian_100_000023/GPS_info.json,True,12,12,0,12,12,1.0,4.225064742513496e-12,0,0,
merge_test_700-1800_cr0.95_stride100,Hangdian_100_000024,Hangdian,100,000024,120.33841969444444,30.317656638888888,map2019/merge_test_700-1800_cr0.95_stride100/Hangdian_100_000024/GPS_info.json,True,12,12,0,12,12,1.0,4.225064742513496e-12,0,0,
merge_test_700-1800_cr0.95_stride100,Hangdian_100_000025,Hangdian,100,000025,120.3386281111111,30.31765775,map2019/merge_test_700-1800_cr0.95_stride100/Hangdian_100_000025/GPS_info.json,True,12,12,0,12,12,1.0,4.225064742513496e-12,0,0,
merge_test_700-1800_cr0.95_stride100,Hangdian_100_000026,Hangdian,100,000026,120.33883808333333,30.317658972222223,map2019/merge_test_700-1800_cr0.95_stride100/Hangdian_100_000026/GPS_info.json,True,12,12,0,12,12,1.0,4.225064742513496e-12,0,0,
merge_test_700-1800_cr0.95_stride100,Hangdian_100_000027,Hangdian,100,000027,120.33904380555556,30.317659,map2019/merge_test_700-1800_cr0.95_stride100/Hangdian_100_000027/GPS_info.json,True,12,12,0,12,12,1.0,4.225064742513496e-12,0,0,
merge_test_700-1800_cr0.95_stride100,Hangdian_100_000028,Hangdian,100,000028,120.33925122222222,30.317659583333334,map2019/merge_test_700-1800_cr0.95_stride100/Hangdian_100_000028/GPS_info.json,True,12,12,0,12,12,1.0,4.225064742513496e-12,0,0,
merge_test_700-1800_cr0.95_stride100,Hangdian_100_000029,Hangdian,100,000029,120.3394601388889,30.317660583333332,map2019/merge_test_700-1800_cr0.95_stride100/Hangdian_100_000029/GPS_info.json,True,12,12,0,12,12,1.0,4.225064742513496e-12,0,0,
merge_test_700-1800_cr0.95_stride100,Hangdian_100_000030,Hangdian,100,000030,120.33966744444444,30.317661055555554,map2019/merge_test_700-1800_cr0.95_stride100/Hangdian_100_000030/GPS_info.json,True,12,12,0,12,12,1.0,4.225064742513496e-12,0,0,
merge_test_700-1800_cr0.95_stride100,Hangdian_100_000031,Hangdian,100,000031,120.339868,30.31766202777778,map2019/merge_test_700-1800_cr0.95_stride100/Hangdian_100_000031/GPS_info.json,True,12,12,0,12,12,1.0,4.225064742513496e-12,0,0,
merge_test_700-1800_cr0.95_stride100,Hangdian_100_000032,Hangdian,100,000032,120.34008097222222,30.31766208333333,map2019/merge_test_700-1800_cr0.95_stride100/Hangdian_100_000032/GPS_info.json,True,12,12,0,12,12,1.0,4.225064742513496e-12,0,0,
merge_test_700-1800_cr0.95_stride100,Hangdian_100_000033,Hangdian,100,000033,120.34028805555556,30.317663083333333,map2019/merge_test_700-1800_cr0.95_stride100/Hangdian_100_000033/GPS_info.json,True,12,12,0,12,12,1.0,4.225064742513496e-12,0,0,
merge_test_700-1800_cr0.95_stride100,Hangdian_100_000034,Hangdian,100,000034,120.34029905555556,30.317485055555554,map2019/merge_test_700-1800_cr0.95_stride100/Hangdian_100_000034/GPS_info.json,True,12,12,0,12,12,1.0,4.225064742513496e-12,0,0,
merge_test_700-1800_cr0.95_stride100,Hangdian_100_000035,Hangdian,100,000035,120.34009375,30.31748338888889,map2019/merge_test_700-1800_cr0.95_stride100/Hangdian_100_000035/GPS_info.json,True,12,12,0,12,12,1.0,4.225064742513496e-12,0,0,
merge_test_700-1800_cr0.95_stride100,Hangdian_100_000036,Hangdian,100,000036,120.33988652777778,30.317482333333334,map2019/merge_test_700-1800_cr0.95_stride100/Hangdian_100_000036/GPS_info.json,True,12,12,0,12,12,1.0,4.225064742513496e-12,0,0,
merge_test_700-1800_cr0.95_stride100,Hangdian_100_000037,Hangdian,100,000037,120.3396806111111,30.317481555555556,map2019/merge_test_700-1800_cr0.95_stride100/Hangdian_100_000037/GPS_info.json,True,12,12,0,12,12,1.0,4.225064742513496e-12,0,0,
merge_test_700-1800_cr0.95_stride100,Hangdian_100_000038,Hangdian,100,000038,120.339476,30.31748027777778,map2019/merge_test_700-1800_cr0.95_stride100/Hangdian_100_000038/GPS_info.json,True,12,12,0,12,12,1.0,4.225064742513496e-12,0,0,
merge_test_700-1800_cr0.95_stride100,Hangdian_100_000039,Hangdian,100,000039,120.33926722222222,30.317479277777778,map2019/merge_test_700-1800_cr0.95_stride100/Hangdian_100_000039/GPS_info.json,True,12,12,0,12,12,1.0,4.225064742513496e-12,0,0,
merge_test_700-1800_cr0.95_stride100,Hangdian_100_000040,Hangdian,100,000040,120.33905708333333,30.31747861111111,map2019/merge_test_700-1800_cr0.95_stride100/Hangdian_100_000040/GPS_info.json,True,12,12,0,12,12,1.0,5.7733540170801234e-12,0,0,
merge_test_700-1800_cr0.95_stride100,Hangdian_100_000041,Hangdian,100,000041,120.33884619444444,30.317478666666666,map2019/merge_test_700-1800_cr0.95_stride100/Hangdian_100_000041/GPS_info.json,True,12,12,0,12,12,1.0,5.7733540170801234e-12,0,0,
merge_test_700-1800_cr0.95_stride100,Hangdian_100_000042,Hangdian,100,000042,120.33863744444444,30.317479055555555,map2019/merge_test_700-1800_cr0.95_stride100/Hangdian_100_000042/GPS_info.json,True,12,12,0,12,12,1.0,5.7733540170801234e-12,0,0,
merge_test_700-1800_cr0.95_stride100,Hangdian_100_000043,Hangdian,100,000043,120.33843094444444,30.317477666666665,map2019/merge_test_700-1800_cr0.95_stride100/Hangdian_100_000043/GPS_info.json,True,12,12,0,12,12,1.0,5.7733540170801234e-12,0,0,
merge_test_700-1800_cr0.95_stride100,Hangdian_100_000044,Hangdian,100,000044,120.33822255555556,30.31747861111111,map2019/merge_test_700-1800_cr0.95_stride100/Hangdian_100_000044/GPS_info.json,True,12,12,0,12,12,1.0,5.7733540170801234e-12,0,0,
merge_test_700-1800_cr0.95_stride100,Hangdian_100_000045,Hangdian,100,000045,120.33802372222222,30.317477833333335,map2019/merge_test_700-1800_cr0.95_stride100/Hangdian_100_000045/GPS_info.json,True,12,12,0,12,12,1.0,5.7733540170801234e-12,0,0,
merge_test_700-1800_cr0.95_stride100,Hangdian_100_000046,Hangdian,100,000046,120.33781297222222,30.317477694444445,map2019/merge_test_700-1800_cr0.95_stride100/Hangdian_100_000046/GPS_info.json,True,12,12,0,12,12,1.0,5.7733540170801234e-12,0,0,
merge_test_700-1800_cr0.95_stride100,Hangdian_100_000047,Hangdian,100,000047,120.33760283333334,30.317476527777778,map2019/merge_test_700-1800_cr0.95_stride100/Hangdian_100_000047/GPS_info.json,True,12,12,0,12,12,1.0,5.7733540170801234e-12,0,0,
merge_test_700-1800_cr0.95_stride100,Hangdian_100_000048,Hangdian,100,000048,120.33739469444444,30.31747575,map2019/merge_test_700-1800_cr0.95_stride100/Hangdian_100_000048/GPS_info.json,True,12,12,0,12,12,1.0,5.7733540170801234e-12,0,0,
merge_test_700-1800_cr0.95_stride100,Hangdian_100_000049,Hangdian,100,000049,120.33718647222223,30.317475777777776,map2019/merge_test_700-1800_cr0.95_stride100/Hangdian_100_000049/GPS_info.json,True,12,12,0,12,12,1.0,5.7733540170801234e-12,0,0,
merge_test_700-1800_cr0.95_stride100,Hangdian_100_000050,Hangdian,100,000050,120.33697847222223,30.317474472222223,map2019/merge_test_700-1800_cr0.95_stride100/Hangdian_100_000050/GPS_info.json,True,12,12,0,12,12,1.0,5.7733540170801234e-12,0,0,
merge_test_700-1800_cr0.95_stride100,Hangdian_100_000051,Hangdian,100,000051,120.33697738888888,30.31729752777778,map2019/merge_test_700-1800_cr0.95_stride100/Hangdian_100_000051/GPS_info.json,True,12,12,0,12,12,1.0,5.7733540170801234e-12,0,0,
merge_test_700-1800_cr0.95_stride100,Hangdian_100_000052,Hangdian,100,000052,120.33718591666667,30.317294,map2019/merge_test_700-1800_cr0.95_stride100/Hangdian_100_000052/GPS_info.json,True,12,12,0,12,12,1.0,5.7733540170801234e-12,0,0,
merge_test_700-1800_cr0.95_stride100,Hangdian_100_000053,Hangdian,100,000053,120.33739038888889,30.31729483333333,map2019/merge_test_700-1800_cr0.95_stride100/Hangdian_100_000053/GPS_info.json,True,12,12,0,12,12,1.0,5.7733540170801234e-12,0,0,
merge_test_700-1800_cr0.95_stride100,Hangdian_100_000054,Hangdian,100,000054,120.33759769444444,30.3172945,map2019/merge_test_700-1800_cr0.95_stride100/Hangdian_100_000054/GPS_info.json,True,12,12,0,12,12,1.0,5.7733540170801234e-12,0,0,
merge_test_700-1800_cr0.95_stride100,Hangdian_100_000055,Hangdian,100,000055,120.33780183333333,30.317297027777776,map2019/merge_test_700-1800_cr0.95_stride100/Hangdian_100_000055/GPS_info.json,True,12,12,0,12,12,1.0,5.7733540170801234e-12,0,0,
merge_test_700-1800_cr0.95_stride100,Hangdian_100_000056,Hangdian,100,000056,120.33801233333334,30.31729511111111,map2019/merge_test_700-1800_cr0.95_stride100/Hangdian_100_000056/GPS_info.json,True,12,12,0,12,12,1.0,5.7733540170801234e-12,0,0,
merge_test_700-1800_cr0.95_stride100,Hangdian_100_000057,Hangdian,100,000057,120.33821816666666,30.317295777777776,map2019/merge_test_700-1800_cr0.95_stride100/Hangdian_100_000057/GPS_info.json,True,12,12,0,12,12,1.0,5.7733540170801234e-12,0,0,
merge_test_700-1800_cr0.95_stride100,Hangdian_100_000058,Hangdian,100,000058,120.33842777777778,30.317294416666666,map2019/merge_test_700-1800_cr0.95_stride100/Hangdian_100_000058/GPS_info.json,True,12,12,0,12,12,1.0,5.7733540170801234e-12,0,0,
merge_test_700-1800_cr0.95_stride100,Hangdian_100_000059,Hangdian,100,000059,120.33863630555555,30.31729436111111,map2019/merge_test_700-1800_cr0.95_stride100/Hangdian_100_000059/GPS_info.json,True,12,12,0,12,12,1.0,5.7733540170801234e-12,0,0,
merge_test_700-1800_cr0.95_stride100,Hangdian_100_000060,Hangdian,100,000060,120.33884427777778,30.317295055555554,map2019/merge_test_700-1800_cr0.95_stride100/Hangdian_100_000060/GPS_info.json,True,12,12,0,12,12,1.0,6.7204020126609976e-12,0,0,
merge_test_700-1800_cr0.95_stride100,Hangdian_100_000061,Hangdian,100,000061,120.33905275,30.317294416666666,map2019/merge_test_700-1800_cr0.95_stride100/Hangdian_100_000061/GPS_info.json,True,12,12,0,12,12,1.0,6.7204020126609976e-12,0,0,
merge_test_700-1800_cr0.95_stride100,Hangdian_100_000062,Hangdian,100,000062,120.33925944444445,30.31729491666667,map2019/merge_test_700-1800_cr0.95_stride100/Hangdian_100_000062/GPS_info.json,True,12,12,0,12,12,1.0,6.7204020126609976e-12,0,0,
merge_test_700-1800_cr0.95_stride100,Hangdian_100_000063,Hangdian,100,000063,120.33946886111111,30.31729375,map2019/merge_test_700-1800_cr0.95_stride100/Hangdian_100_000063/GPS_info.json,True,12,12,0,12,12,1.0,6.7204020126609976e-12,0,0,
merge_test_700-1800_cr0.95_stride100,Hangdian_100_000064,Hangdian,100,000064,120.33967813888889,30.31729263888889,map2019/merge_test_700-1800_cr0.95_stride100/Hangdian_100_000064/GPS_info.json,True,12,12,0,12,12,1.0,6.7204020126609976e-12,0,0,
merge_test_700-1800_cr0.95_stride100,Hangdian_100_000065,Hangdian,100,000065,120.33988388888889,30.317292944444443,map2019/merge_test_700-1800_cr0.95_stride100/Hangdian_100_000065/GPS_info.json,True,12,12,0,12,12,1.0,6.7204020126609976e-12,0,0,
merge_test_700-1800_cr0.95_stride100,Hangdian_100_000066,Hangdian,100,000066,120.34009305555556,30.317292166666668,map2019/merge_test_700-1800_cr0.95_stride100/Hangdian_100_000066/GPS_info.json,True,12,12,0,12,12,1.0,6.7204020126609976e-12,0,0,
merge_test_700-1800_cr0.95_stride100,Hangdian_100_000067,Hangdian,100,000067,120.34030141666666,30.317292555555557,map2019/merge_test_700-1800_cr0.95_stride100/Hangdian_100_000067/GPS_info.json,True,12,12,0,12,12,1.0,6.7204020126609976e-12,0,0,
merge_test_700-1800_cr0.95_stride100,Hangdian_100_000068,Hangdian,100,000068,120.34030980555555,30.317114055555557,map2019/merge_test_700-1800_cr0.95_stride100/Hangdian_100_000068/GPS_info.json,True,12,12,0,12,12,1.0,6.7204020126609976e-12,0,0,
merge_test_700-1800_cr0.95_stride100,Hangdian_100_000069,Hangdian,100,000069,120.34010719444444,30.317109944444443,map2019/merge_test_700-1800_cr0.95_stride100/Hangdian_100_000069/GPS_info.json,True,12,12,0,12,12,1.0,6.9184658002541255e-12,0,0,
merge_test_700-1800_cr0.95_stride100,Hangdian_100_000070,Hangdian,100,000070,120.33989688888889,30.317108333333334,map2019/merge_test_700-1800_cr0.95_stride100/Hangdian_100_000070/GPS_info.json,True,12,12,0,12,12,1.0,6.7204020126609976e-12,0,0,
merge_test_700-1800_cr0.95_stride100,Hangdian_100_000071,Hangdian,100,000071,120.33968955555555,30.317107027777777,map2019/merge_test_700-1800_cr0.95_stride100/Hangdian_100_000071/GPS_info.json,True,12,12,0,12,12,1.0,6.7204020126609976e-12,0,0,
merge_test_700-1800_cr0.95_stride100,Hangdian_100_000072,Hangdian,100,000072,120.33948036111111,30.31710752777778,map2019/merge_test_700-1800_cr0.95_stride100/Hangdian_100_000072/GPS_info.json,True,12,12,0,12,12,1.0,6.7204020126609976e-12,0,0,
merge_test_700-1800_cr0.95_stride100,Hangdian_100_000073,Hangdian,100,000073,120.33927222222222,30.317107805555555,map2019/merge_test_700-1800_cr0.95_stride100/Hangdian_100_000073/GPS_info.json,True,12,12,0,12,12,1.0,6.7204020126609976e-12,0,0,
merge_test_700-1800_cr0.95_stride100,Hangdian_100_000074,Hangdian,100,000074,120.33906477777778,30.317107361111113,map2019/merge_test_700-1800_cr0.95_stride100/Hangdian_100_000074/GPS_info.json,True,12,12,0,12,12,1.0,6.7204020126609976e-12,0,0,
merge_test_700-1800_cr0.95_stride100,Hangdian_100_000075,Hangdian,100,000075,120.33885663888888,30.317106944444443,map2019/merge_test_700-1800_cr0.95_stride100/Hangdian_100_000075/GPS_info.json,True,12,12,0,12,12,1.0,6.7204020126609976e-12,0,0,
merge_test_700-1800_cr0.95_stride100,Hangdian_100_000076,Hangdian,100,000076,120.33864716666666,30.31710786111111,map2019/merge_test_700-1800_cr0.95_stride100/Hangdian_100_000076/GPS_info.json,True,12,12,0,12,12,1.0,6.7204020126609976e-12,0,0,
merge_test_700-1800_cr0.95_stride100,Hangdian_100_000077,Hangdian,100,000077,120.33844125,30.31710675,map2019/merge_test_700-1800_cr0.95_stride100/Hangdian_100_000077/GPS_info.json,True,12,12,0,12,12,1.0,6.7204020126609976e-12,0,0,
merge_test_700-1800_cr0.95_stride100,Hangdian_100_000078,Hangdian,100,000078,120.33823130555555,30.317105861111113,map2019/merge_test_700-1800_cr0.95_stride100/Hangdian_100_000078/GPS_info.json,True,12,12,0,12,12,1.0,6.7204020126609976e-12,0,0,
merge_test_700-1800_cr0.95_stride100,Hangdian_100_000079,Hangdian,100,000079,120.33802352777778,30.31710561111111,map2019/merge_test_700-1800_cr0.95_stride100/Hangdian_100_000079/GPS_info.json,True,12,12,0,12,12,1.0,6.7204020126609976e-12,0,0,
merge_test_700-1800_cr0.95_stride100,Hangdian_100_000080,Hangdian,100,000080,120.33781561111111,30.317105555555557,map2019/merge_test_700-1800_cr0.95_stride100/Hangdian_100_000080/GPS_info.json,True,12,12,0,12,12,1.0,6.7204020126609976e-12,0,0,
merge_test_700-1800_cr0.95_stride100,Hangdian_100_000081,Hangdian,100,000081,120.3376205,30.317104055555557,map2019/merge_test_700-1800_cr0.95_stride100/Hangdian_100_000081/GPS_info.json,True,12,12,0,12,12,1.0,6.9184658002541255e-12,0,0,
merge_test_700-1800_cr0.95_stride100,Hangdian_100_000082,Hangdian,100,000082,120.33741227777777,30.317103194444446,map2019/merge_test_700-1800_cr0.95_stride100/Hangdian_100_000082/GPS_info.json,True,12,12,0,12,12,1.0,6.9184658002541255e-12,0,0,
merge_test_700-1800_cr0.95_stride100,Hangdian_100_000083,Hangdian,100,000083,120.33720105555555,30.317103555555555,map2019/merge_test_700-1800_cr0.95_stride100/Hangdian_100_000083/GPS_info.json,True,12,12,0,12,12,1.0,6.9184658002541255e-12,0,0,
merge_test_700-1800_cr0.95_stride100,Hangdian_100_000084,Hangdian,100,000084,120.33698811111111,30.317101833333332,map2019/merge_test_700-1800_cr0.95_stride100/Hangdian_100_000084/GPS_info.json,True,12,12,0,12,12,1.0,6.9184658002541255e-12,0,0,
merge_test_700-1800_cr0.95_stride100,Hangdian_100_000085,Hangdian,100,000085,120.33698258333334,30.316915777777776,map2019/merge_test_700-1800_cr0.95_stride100/Hangdian_100_000085/GPS_info.json,True,12,12,0,12,12,1.0,6.9184658002541255e-12,0,0,
merge_test_700-1800_cr0.95_stride100,Hangdian_100_000086,Hangdian,100,000086,120.33718980555555,30.31692386111111,map2019/merge_test_700-1800_cr0.95_stride100/Hangdian_100_000086/GPS_info.json,True,12,12,0,12,12,1.0,4.167555189837913e-12,0,0,
merge_test_700-1800_cr0.95_stride100,Hangdian_100_000087,Hangdian,100,000087,120.33739786111111,30.31692263888889,map2019/merge_test_700-1800_cr0.95_stride100/Hangdian_100_000087/GPS_info.json,True,12,12,0,12,12,1.0,6.9184658002541255e-12,0,0,
merge_test_700-1800_cr0.95_stride100,Hangdian_100_000088,Hangdian,100,000088,120.33760380555556,30.31692263888889,map2019/merge_test_700-1800_cr0.95_stride100/Hangdian_100_000088/GPS_info.json,True,12,12,0,12,12,1.0,6.9184658002541255e-12,0,0,
merge_test_700-1800_cr0.95_stride100,Hangdian_100_000089,Hangdian,100,000089,120.33781030555555,30.316922472222224,map2019/merge_test_700-1800_cr0.95_stride100/Hangdian_100_000089/GPS_info.json,True,12,12,0,12,12,1.0,6.9184658002541255e-12,0,0,
merge_test_700-1800_cr0.95_stride100,Hangdian_100_000090,Hangdian,100,000090,120.338016,30.316922694444443,map2019/merge_test_700-1800_cr0.95_stride100/Hangdian_100_000090/GPS_info.json,True,12,12,0,12,12,1.0,6.9184658002541255e-12,0,0,
merge_test_700-1800_cr0.95_stride100,Hangdian_100_000091,Hangdian,100,000091,120.33822805555556,30.316919583333334,map2019/merge_test_700-1800_cr0.95_stride100/Hangdian_100_000091/GPS_info.json,True,12,12,0,12,12,1.0,4.167555189837913e-12,0,0,
merge_test_700-1800_cr0.95_stride100,Hangdian_100_000092,Hangdian,100,000092,120.33843413888889,30.316920027777776,map2019/merge_test_700-1800_cr0.95_stride100/Hangdian_100_000092/GPS_info.json,True,12,12,0,12,12,1.0,6.9184658002541255e-12,0,0,
merge_test_700-1800_cr0.95_stride100,Hangdian_100_000093,Hangdian,100,000093,120.33864263888889,30.316918833333332,map2019/merge_test_700-1800_cr0.95_stride100/Hangdian_100_000093/GPS_info.json,True,12,12,0,12,12,1.0,6.9184658002541255e-12,0,0,
merge_test_700-1800_cr0.95_stride100,Hangdian_100_000094,Hangdian,100,000094,120.33885175,30.316918194444444,map2019/merge_test_700-1800_cr0.95_stride100/Hangdian_100_000094/GPS_info.json,True,12,12,0,12,12,1.0,6.9184658002541255e-12,0,0,
merge_test_700-1800_cr0.95_stride100,Hangdian_100_000095,Hangdian,100,000095,120.33906102777777,30.31691686111111,map2019/merge_test_700-1800_cr0.95_stride100/Hangdian_100_000095/GPS_info.json,True,12,12,0,12,12,1.0,6.9184658002541255e-12,0,0,
merge_test_700-1800_cr0.95_stride100,Hangdian_100_000096,Hangdian,100,000096,120.33926944444444,30.316915694444443,map2019/merge_test_700-1800_cr0.95_stride100/Hangdian_100_000096/GPS_info.json,True,12,12,0,12,12,1.0,6.9184658002541255e-12,0,0,
merge_test_700-1800_cr0.95_stride100,Hangdian_100_000097,Hangdian,100,000097,120.33947669444444,30.316915083333335,map2019/merge_test_700-1800_cr0.95_stride100/Hangdian_100_000097/GPS_info.json,True,12,12,0,12,12,1.0,6.9184658002541255e-12,0,0,
merge_test_700-1800_cr0.95_stride100,Hangdian_100_000098,Hangdian,100,000098,120.33968477777778,30.316913888888887,map2019/merge_test_700-1800_cr0.95_stride100/Hangdian_100_000098/GPS_info.json,True,12,12,0,12,12,1.0,6.9184658002541255e-12,0,0,
merge_test_700-1800_cr0.95_stride100,Hangdian_100_000099,Hangdian,100,000099,120.33989163888889,30.316915055555555,map2019/merge_test_700-1800_cr0.95_stride100/Hangdian_100_000099/GPS_info.json,True,12,12,0,12,12,1.0,6.9184658002541255e-12,0,0,
merge_test_700-1800_cr0.95_stride100,Hangdian_100_000100,Hangdian,100,000100,120.3401035,30.316911694444446,map2019/merge_test_700-1800_cr0.95_stride100/Hangdian_100_000100/GPS_info.json,True,12,12,0,12,12,1.0,6.9184658002541255e-12,0,0,
merge_test_700-1800_cr0.95_stride100,Hangdian_100_000101,Hangdian,100,000101,120.34030719444445,30.316914,map2019/merge_test_700-1800_cr0.95_stride100/Hangdian_100_000101/GPS_info.json,True,12,12,0,12,12,1.0,6.9184658002541255e-12,0,0,
merge_test_700-1800_cr0.95_stride100,Hangdian_100_000102,Hangdian,100,000102,120.34030730555556,30.31673477777778,map2019/merge_test_700-1800_cr0.95_stride100/Hangdian_100_000102/GPS_info.json,True,12,12,0,12,12,1.0,4.167555189837913e-12,0,0,
merge_test_700-1800_cr0.95_stride100,Hangdian_100_000103,Hangdian,100,000103,120.34010325,30.316732555555557,map2019/merge_test_700-1800_cr0.95_stride100/Hangdian_100_000103/GPS_info.json,True,12,12,0,12,12,1.0,4.167555189837913e-12,0,0,
merge_test_700-1800_cr0.95_stride100,Hangdian_100_000104,Hangdian,100,000104,120.33989394444444,30.316734,map2019/merge_test_700-1800_cr0.95_stride100/Hangdian_100_000104/GPS_info.json,True,12,12,0,12,12,1.0,4.167555189837913e-12,0,0,
merge_test_700-1800_cr0.95_stride100,Hangdian_100_000105,Hangdian,100,000105,120.3396858888889,30.316734611111112,map2019/merge_test_700-1800_cr0.95_stride100/Hangdian_100_000105/GPS_info.json,True,12,12,0,12,12,1.0,4.167555189837913e-12,0,0,
merge_test_700-1800_cr0.95_stride100,Hangdian_100_000106,Hangdian,100,000106,120.33947669444444,30.316735,map2019/merge_test_700-1800_cr0.95_stride100/Hangdian_100_000106/GPS_info.json,True,12,12,0,12,12,1.0,4.167555189837913e-12,0,0,
merge_test_700-1800_cr0.95_stride100,Hangdian_100_000107,Hangdian,100,000107,120.33926927777777,30.316736694444444,map2019/merge_test_700-1800_cr0.95_stride100/Hangdian_100_000107/GPS_info.json,True,12,12,0,12,12,1.0,4.167555189837913e-12,0,0,
merge_test_700-1800_cr0.95_stride100,Hangdian_100_000108,Hangdian,100,000108,120.33906180555556,30.316737444444446,map2019/merge_test_700-1800_cr0.95_stride100/Hangdian_100_000108/GPS_info.json,True,12,12,0,12,12,1.0,3.038125306886741e-12,0,0,
merge_test_700-1800_cr0.95_stride100,Hangdian_100_000109,Hangdian,100,000109,120.33885427777778,30.316733222222222,map2019/merge_test_700-1800_cr0.95_stride100/Hangdian_100_000109/GPS_info.json,True,12,12,0,12,12,1.0,4.167555189837913e-12,0,0,
merge_test_700-1800_cr0.95_stride100,Hangdian_100_000110,Hangdian,100,000110,120.33864747222222,30.316736527777778,map2019/merge_test_700-1800_cr0.95_stride100/Hangdian_100_000110/GPS_info.json,True,12,12,0,12,12,1.0,4.167555189837913e-12,0,0,
merge_test_700-1800_cr0.95_stride100,Hangdian_100_000111,Hangdian,100,000111,120.33843794444445,30.316737777777778,map2019/merge_test_700-1800_cr0.95_stride100/Hangdian_100_000111/GPS_info.json,True,12,12,0,12,12,1.0,4.167555189837913e-12,0,0,
merge_test_700-1800_cr0.95_stride100,Hangdian_100_000112,Hangdian,100,000112,120.33822830555556,30.31673925,map2019/merge_test_700-1800_cr0.95_stride100/Hangdian_100_000112/GPS_info.json,True,12,12,0,12,12,1.0,3.038125306886741e-12,0,0,
merge_test_700-1800_cr0.95_stride100,Hangdian_100_000113,Hangdian,100,000113,120.33802080555556,30.316739083333335,map2019/merge_test_700-1800_cr0.95_stride100/Hangdian_100_000113/GPS_info.json,True,12,12,0,12,12,1.0,4.167555189837913e-12,0,0,
merge_test_700-1800_cr0.95_stride100,Hangdian_100_000114,Hangdian,100,000114,120.33781452777778,30.316740055555556,map2019/merge_test_700-1800_cr0.95_stride100/Hangdian_100_000114/GPS_info.json,True,12,12,0,12,12,1.0,4.167555189837913e-12,0,0,
merge_test_700-1800_cr0.95_stride100,Hangdian_100_000115,Hangdian,100,000115,120.33760541666666,30.31674013888889,map2019/merge_test_700-1800_cr0.95_stride100/Hangdian_100_000115/GPS_info.json,True,12,12,0,12,12,1.0,4.167555189837913e-12,0,0,
merge_test_700-1800_cr0.95_stride100,Hangdian_100_000116,Hangdian,100,000116,120.33739841666667,30.3167405,map2019/merge_test_700-1800_cr0.95_stride100/Hangdian_100_000116/GPS_info.json,True,12,12,0,12,12,1.0,4.167555189837913e-12,0,0,
merge_test_700-1800_cr0.95_stride100,Hangdian_100_000117,Hangdian,100,000117,120.33719691666667,30.316741805555555,map2019/merge_test_700-1800_cr0.95_stride100/Hangdian_100_000117/GPS_info.json,True,12,12,0,12,12,1.0,4.167555189837913e-12,0,0,
merge_test_700-1800_cr0.95_stride100,Hangdian_100_000118,Hangdian,100,000118,120.33698311111111,30.316743333333335,map2019/merge_test_700-1800_cr0.95_stride100/Hangdian_100_000118/GPS_info.json,True,12,12,0,12,12,1.0,4.167555189837913e-12,0,0,
merge_test_700-1800_cr0.95_stride100,Hangdian_100_000119,Hangdian,100,000119,120.33697394444444,30.316564416666665,map2019/merge_test_700-1800_cr0.95_stride100/Hangdian_100_000119/GPS_info.json,True,12,12,0,12,12,1.0,4.167555189837913e-12,0,0,
merge_test_700-1800_cr0.95_stride100,Hangdian_100_000120,Hangdian,100,000120,120.33718130555556,30.316561083333333,map2019/merge_test_700-1800_cr0.95_stride100/Hangdian_100_000120/GPS_info.json,True,12,12,0,12,12,1.0,4.167555189837913e-12,0,0,
merge_test_700-1800_cr0.95_stride100,Hangdian_100_000121,Hangdian,100,000121,120.33738175,30.31656211111111,map2019/merge_test_700-1800_cr0.95_stride100/Hangdian_100_000121/GPS_info.json,True,12,12,0,12,12,1.0,4.167555189837913e-12,0,0,
merge_test_700-1800_cr0.95_stride100,Hangdian_100_000122,Hangdian,100,000122,120.33758744444444,30.31655925,map2019/merge_test_700-1800_cr0.95_stride100/Hangdian_100_000122/GPS_info.json,True,12,12,0,12,12,1.0,3.038125306886741e-12,0,0,
merge_test_700-1800_cr0.95_stride100,Hangdian_100_000123,Hangdian,100,000123,120.33779172222222,30.316559972222223,map2019/merge_test_700-1800_cr0.95_stride100/Hangdian_100_000123/GPS_info.json,True,12,12,0,12,12,1.0,3.038125306886741e-12,0,0,
merge_test_700-1800_cr0.95_stride100,Hangdian_100_000124,Hangdian,100,000124,120.33800463888889,30.31655725,map2019/merge_test_700-1800_cr0.95_stride100/Hangdian_100_000124/GPS_info.json,True,12,12,0,12,12,1.0,3.038125306886741e-12,0,0,
merge_test_700-1800_cr0.95_stride100,Hangdian_100_000125,Hangdian,100,000125,120.33821333333333,30.316554611111112,map2019/merge_test_700-1800_cr0.95_stride100/Hangdian_100_000125/GPS_info.json,True,12,12,0,12,12,1.0,3.038125306886741e-12,0,0,
merge_test_700-1800_cr0.95_stride100,Hangdian_100_000126,Hangdian,100,000126,120.33842225,30.31655386111111,map2019/merge_test_700-1800_cr0.95_stride100/Hangdian_100_000126/GPS_info.json,True,12,12,0,12,12,1.0,3.038125306886741e-12,0,0,
merge_test_700-1800_cr0.95_stride100,Hangdian_100_000127,Hangdian,100,000127,120.33862941666666,30.316552972222222,map2019/merge_test_700-1800_cr0.95_stride100/Hangdian_100_000127/GPS_info.json,True,12,12,0,12,12,1.0,3.038125306886741e-12,0,0,
merge_test_700-1800_cr0.95_stride100,Hangdian_100_000128,Hangdian,100,000128,120.33883980555555,30.316549138888888,map2019/merge_test_700-1800_cr0.95_stride100/Hangdian_100_000128/GPS_info.json,True,12,12,0,12,12,1.0,3.038125306886741e-12,0,0,
merge_test_700-1800_cr0.95_stride100,Hangdian_100_000129,Hangdian,100,000129,120.33905075,30.31654613888889,map2019/merge_test_700-1800_cr0.95_stride100/Hangdian_100_000129/GPS_info.json,True,12,12,0,12,12,1.0,3.038125306886741e-12,0,0,
merge_test_700-1800_cr0.95_stride100,Hangdian_100_000130,Hangdian,100,000130,120.33925461111112,30.316546305555555,map2019/merge_test_700-1800_cr0.95_stride100/Hangdian_100_000130/GPS_info.json,True,12,12,0,12,12,1.0,3.038125306886741e-12,0,0,
merge_test_700-1800_cr0.95_stride100,Hangdian_100_000131,Hangdian,100,000131,120.3394645,30.316544277777776,map2019/merge_test_700-1800_cr0.95_stride100/Hangdian_100_000131/GPS_info.json,True,12,12,0,12,12,1.0,3.038125306886741e-12,0,0,
merge_test_700-1800_cr0.95_stride100,Hangdian_100_000132,Hangdian,100,000132,120.33967002777777,30.31654325,map2019/merge_test_700-1800_cr0.95_stride100/Hangdian_100_000132/GPS_info.json,True,12,12,0,12,12,1.0,3.038125306886741e-12,0,0,
merge_test_700-1800_cr0.95_stride100,Hangdian_100_000133,Hangdian,100,000133,120.33988216666667,30.316539055555555,map2019/merge_test_700-1800_cr0.95_stride100/Hangdian_100_000133/GPS_info.json,True,12,12,0,12,12,1.0,8.648026739166426e-12,0,0,
merge_test_700-1800_cr0.95_stride100,Hangdian_100_000134,Hangdian,100,000134,120.34008877777778,30.316538944444446,map2019/merge_test_700-1800_cr0.95_stride100/Hangdian_100_000134/GPS_info.json,True,12,12,0,12,12,1.0,3.038125306886741e-12,0,0,
merge_test_700-1800_cr0.95_stride100,Hangdian_100_000135,Hangdian,100,000135,120.34029583333333,30.316537555555556,map2019/merge_test_700-1800_cr0.95_stride100/Hangdian_100_000135/GPS_info.json,True,12,12,0,12,12,1.0,3.038125306886741e-12,0,0,
merge_test_700-1800_cr0.95_stride100,Hangdian_100_000136,Hangdian,100,000136,120.34029191666667,30.31636038888889,map2019/merge_test_700-1800_cr0.95_stride100/Hangdian_100_000136/GPS_info.json,True,12,12,0,12,12,1.0,8.648026739166426e-12,0,0,
merge_test_700-1800_cr0.95_stride100,Hangdian_100_000137,Hangdian,100,000137,120.34008841666666,30.31635922222222,map2019/merge_test_700-1800_cr0.95_stride100/Hangdian_100_000137/GPS_info.json,True,12,12,0,12,12,1.0,3.038125306886741e-12,0,0,
merge_test_700-1800_cr0.95_stride100,Hangdian_100_000138,Hangdian,100,000138,120.339882,30.31635772222222,map2019/merge_test_700-1800_cr0.95_stride100/Hangdian_100_000138/GPS_info.json,True,12,12,0,12,12,1.0,3.038125306886741e-12,0,0,
merge_test_700-1800_cr0.95_stride100,Hangdian_100_000139,Hangdian,100,000139,120.33967369444444,30.316358666666666,map2019/merge_test_700-1800_cr0.95_stride100/Hangdian_100_000139/GPS_info.json,True,12,12,0,12,12,1.0,3.038125306886741e-12,0,0,
merge_test_700-1800_cr0.95_stride100,Hangdian_100_000140,Hangdian,100,000140,120.33946463888888,30.316359305555554,map2019/merge_test_700-1800_cr0.95_stride100/Hangdian_100_000140/GPS_info.json,True,12,12,0,12,12,1.0,3.038125306886741e-12,0,0,
merge_test_700-1800_cr0.95_stride100,Hangdian_100_000141,Hangdian,100,000141,120.33925575,30.31636025,map2019/merge_test_700-1800_cr0.95_stride100/Hangdian_100_000141/GPS_info.json,True,12,12,0,12,12,1.0,3.038125306886741e-12,0,0,
merge_test_700-1800_cr0.95_stride100,Hangdian_100_000142,Hangdian,100,000142,120.33904777777778,30.316360666666668,map2019/merge_test_700-1800_cr0.95_stride100/Hangdian_100_000142/GPS_info.json,True,12,12,0,12,12,1.0,8.648026739166426e-12,0,0,
merge_test_700-1800_cr0.95_stride100,Hangdian_100_000143,Hangdian,100,000143,120.33884175,30.3163595,map2019/merge_test_700-1800_cr0.95_stride100/Hangdian_100_000143/GPS_info.json,True,12,12,0,12,12,1.0,8.648026739166426e-12,0,0,
merge_test_700-1800_cr0.95_stride100,Hangdian_100_000144,Hangdian,100,000144,120.33863213888888,30.316360166666666,map2019/merge_test_700-1800_cr0.95_stride100/Hangdian_100_000144/GPS_info.json,True,12,12,0,12,12,1.0,8.648026739166426e-12,0,0,
merge_test_700-1800_cr0.95_stride100,Hangdian_100_000145,Hangdian,100,000145,120.33842361111111,30.31636086111111,map2019/merge_test_700-1800_cr0.95_stride100/Hangdian_100_000145/GPS_info.json,True,12,12,0,12,12,1.0,8.648026739166426e-12,0,0,
merge_test_700-1800_cr0.95_stride100,Hangdian_100_000146,Hangdian,100,000146,120.33821813888889,30.316360555555555,map2019/merge_test_700-1800_cr0.95_stride100/Hangdian_100_000146/GPS_info.json,True,12,12,0,12,12,1.0,8.648026739166426e-12,0,0,
merge_test_700-1800_cr0.95_stride100,Hangdian_100_000147,Hangdian,100,000147,120.33801036111112,30.316360194444446,map2019/merge_test_700-1800_cr0.95_stride100/Hangdian_100_000147/GPS_info.json,True,12,12,0,12,12,1.0,8.648026739166426e-12,0,0,
merge_test_700-1800_cr0.95_stride100,Hangdian_100_000148,Hangdian,100,000148,120.33779977777778,30.3163625,map2019/merge_test_700-1800_cr0.95_stride100/Hangdian_100_000148/GPS_info.json,True,12,12,0,12,12,1.0,8.648026739166426e-12,0,0,
merge_test_700-1800_cr0.95_stride100,Hangdian_100_000149,Hangdian,100,000149,120.33759216666667,30.316361833333332,map2019/merge_test_700-1800_cr0.95_stride100/Hangdian_100_000149/GPS_info.json,True,12,12,0,12,12,1.0,8.648026739166426e-12,0,0,
merge_test_700-1800_cr0.95_stride100,Hangdian_100_000150,Hangdian,100,000150,120.33739280555555,30.31636327777778,map2019/merge_test_700-1800_cr0.95_stride100/Hangdian_100_000150/GPS_info.json,True,12,12,0,12,12,1.0,8.648026739166426e-12,0,0,
merge_test_700-1800_cr0.95_stride100,Hangdian_100_000151,Hangdian,100,000151,120.33718769444444,30.316361611111112,map2019/merge_test_700-1800_cr0.95_stride100/Hangdian_100_000151/GPS_info.json,True,12,12,0,12,12,1.0,8.648026739166426e-12,0,0,
merge_test_700-1800_cr0.95_stride100,Hangdian_100_000152,Hangdian,100,000152,120.33696988888889,30.316363222222222,map2019/merge_test_700-1800_cr0.95_stride100/Hangdian_100_000152/GPS_info.json,True,12,12,0,12,12,1.0,8.648026739166426e-12,0,0,
merge_test_700-1800_cr0.95_stride100,Hangdian_100_000153,Hangdian,100,000153,120.33696622222222,30.31618891666667,map2019/merge_test_700-1800_cr0.95_stride100/Hangdian_100_000153/GPS_info.json,True,12,12,0,12,12,1.0,8.648026739166426e-12,0,0,
merge_test_700-1800_cr0.95_stride100,Hangdian_100_000154,Hangdian,100,000154,120.33717127777778,30.316182555555557,map2019/merge_test_700-1800_cr0.95_stride100/Hangdian_100_000154/GPS_info.json,True,12,12,0,12,12,1.0,8.648026739166426e-12,0,0,
merge_test_700-1800_cr0.95_stride100,Hangdian_100_000155,Hangdian,100,000155,120.33738288888888,30.316179166666668,map2019/merge_test_700-1800_cr0.95_stride100/Hangdian_100_000155/GPS_info.json,True,12,12,0,12,12,1.0,8.648026739166426e-12,0,0,
merge_test_700-1800_cr0.95_stride100,Hangdian_100_000156,Hangdian,100,000156,120.33759441666666,30.3161795,map2019/merge_test_700-1800_cr0.95_stride100/Hangdian_100_000156/GPS_info.json,True,12,12,0,12,12,1.0,4.601652392466349e-12,0,0,
merge_test_700-1800_cr0.95_stride100,Hangdian_100_000157,Hangdian,100,000157,120.33780175,30.31617772222222,map2019/merge_test_700-1800_cr0.95_stride100/Hangdian_100_000157/GPS_info.json,True,12,12,0,12,12,1.0,4.601652392466349e-12,0,0,
merge_test_700-1800_cr0.95_stride100,Hangdian_100_000158,Hangdian,100,000158,120.3380105,30.316178277777777,map2019/merge_test_700-1800_cr0.95_stride100/Hangdian_100_000158/GPS_info.json,True,12,12,0,12,12,1.0,8.648026739166426e-12,0,0,
merge_test_700-1800_cr0.95_stride100,Hangdian_100_000159,Hangdian,100,000159,120.3382176111111,30.316177916666668,map2019/merge_test_700-1800_cr0.95_stride100/Hangdian_100_000159/GPS_info.json,True,12,12,0,12,12,1.0,8.648026739166426e-12,0,0,
merge_test_700-1800_cr0.95_stride100,Hangdian_100_000160,Hangdian,100,000160,120.33842227777778,30.316177305555556,map2019/merge_test_700-1800_cr0.95_stride100/Hangdian_100_000160/GPS_info.json,True,12,12,0,12,12,1.0,8.648026739166426e-12,0,0,
merge_test_700-1800_cr0.95_stride100,Hangdian_100_000161,Hangdian,100,000161,120.33863086111111,30.316175666666666,map2019/merge_test_700-1800_cr0.95_stride100/Hangdian_100_000161/GPS_info.json,True,12,12,0,12,12,1.0,4.601652392466349e-12,0,0,
merge_test_700-1800_cr0.95_stride100,Hangdian_100_000162,Hangdian,100,000162,120.33883783333333,30.316174666666665,map2019/merge_test_700-1800_cr0.95_stride100/Hangdian_100_000162/GPS_info.json,True,12,12,0,12,12,1.0,4.601652392466349e-12,0,0,
merge_test_700-1800_cr0.95_stride100,Hangdian_100_000163,Hangdian,100,000163,120.33904775,30.31617302777778,map2019/merge_test_700-1800_cr0.95_stride100/Hangdian_100_000163/GPS_info.json,True,12,12,0,12,12,1.0,8.648026739166426e-12,0,0,
merge_test_700-1800_cr0.95_stride100,Hangdian_100_000164,Hangdian,100,000164,120.33925569444445,30.316172555555557,map2019/merge_test_700-1800_cr0.95_stride100/Hangdian_100_000164/GPS_info.json,True,12,12,0,12,12,1.0,4.601652392466349e-12,0,0,
merge_test_700-1800_cr0.95_stride100,Hangdian_100_000165,Hangdian,100,000165,120.33946197222222,30.316171333333333,map2019/merge_test_700-1800_cr0.95_stride100/Hangdian_100_000165/GPS_info.json,True,12,12,0,12,12,1.0,4.601652392466349e-12,0,0,
merge_test_700-1800_cr0.95_stride100,Hangdian_100_000166,Hangdian,100,000166,120.33966902777777,30.31617086111111,map2019/merge_test_700-1800_cr0.95_stride100/Hangdian_100_000166/GPS_info.json,True,12,12,0,12,12,1.0,4.601652392466349e-12,0,0,
merge_test_700-1800_cr0.95_stride100,Hangdian_100_000167,Hangdian,100,000167,120.33987533333334,30.316170638888888,map2019/merge_test_700-1800_cr0.95_stride100/Hangdian_100_000167/GPS_info.json,True,12,12,0,12,12,1.0,4.601652392466349e-12,0,0,
merge_test_700-1800_cr0.95_stride100,Hangdian_100_000168,Hangdian,100,000168,120.34008280555555,30.31616975,map2019/merge_test_700-1800_cr0.95_stride100/Hangdian_100_000168/GPS_info.json,True,12,12,0,12,12,1.0,4.601652392466349e-12,0,0,
merge_test_700-1800_cr0.95_stride100,Hangdian_100_000169,Hangdian,100,000169,120.34029177777778,30.316168194444444,map2019/merge_test_700-1800_cr0.95_stride100/Hangdian_100_000169/GPS_info.json,True,12,12,0,12,12,1.0,4.601652392466349e-12,0,0,
merge_test_700-1800_cr0.95_stride100,Hangdian_100_000170,Hangdian,100,000170,120.34029308333334,30.315989555555557,map2019/merge_test_700-1800_cr0.95_stride100/Hangdian_100_000170/GPS_info.json,True,12,12,0,12,12,1.0,4.601652392466349e-12,0,0,
merge_test_700-1800_cr0.95_stride100,Hangdian_100_000171,Hangdian,100,000171,120.34008683333333,30.31599075,map2019/merge_test_700-1800_cr0.95_stride100/Hangdian_100_000171/GPS_info.json,True,12,12,0,12,12,1.0,4.601652392466349e-12,0,0,
merge_test_700-1800_cr0.95_stride100,Hangdian_100_000172,Hangdian,100,000172,120.33988108333334,30.315990055555556,map2019/merge_test_700-1800_cr0.95_stride100/Hangdian_100_000172/GPS_info.json,True,12,12,0,12,12,1.0,4.601652392466349e-12,0,0,
merge_test_700-1800_cr0.95_stride100,Hangdian_100_000173,Hangdian,100,000173,120.33967188888889,30.315992722222223,map2019/merge_test_700-1800_cr0.95_stride100/Hangdian_100_000173/GPS_info.json,True,12,12,0,12,12,1.0,4.601652392466349e-12,0,0,
merge_test_700-1800_cr0.95_stride100,Hangdian_100_000174,Hangdian,100,000174,120.339465,30.315994083333333,map2019/merge_test_700-1800_cr0.95_stride100/Hangdian_100_000174/GPS_info.json,True,12,12,0,12,12,0.0,3.385236535535796e-12,0,0,
merge_test_700-1800_cr0.95_stride100,Hangdian_100_000175,Hangdian,100,000175,120.33925755555556,30.31599525,map2019/merge_test_700-1800_cr0.95_stride100/Hangdian_100_000175/GPS_info.json,True,12,12,0,12,12,1.0,4.601652392466349e-12,0,0,
merge_test_700-1800_cr0.95_stride100,Hangdian_100_000176,Hangdian,100,000176,120.33904944444444,30.31599663888889,map2019/merge_test_700-1800_cr0.95_stride100/Hangdian_100_000176/GPS_info.json,True,12,12,0,12,12,1.0,4.601652392466349e-12,0,0,
merge_test_700-1800_cr0.95_stride100,Hangdian_80_000000,Hangdian,80,000000,120.34028919444444,30.317852583333334,map2019/merge_test_700-1800_cr0.95_stride100/Hangdian_80_000000/GPS_info.json,True,12,12,0,12,12,0.0,3.385236535535796e-12,0,0,
merge_test_700-1800_cr0.95_stride100,Hangdian_80_000001,Hangdian,80,000001,120.34008427777778,30.317849583333334,map2019/merge_test_700-1800_cr0.95_stride100/Hangdian_80_000001/GPS_info.json,True,12,12,0,12,12,1.0,4.601652392466349e-12,0,0,
merge_test_700-1800_cr0.95_stride100,Hangdian_80_000002,Hangdian,80,000002,120.33987744444444,30.317846583333335,map2019/merge_test_700-1800_cr0.95_stride100/Hangdian_80_000002/GPS_info.json,True,12,12,0,12,12,0.0,3.385236535535796e-12,0,0,
merge_test_700-1800_cr0.95_stride100,Hangdian_80_000003,Hangdian,80,000003,120.33966894444444,30.317844194444444,map2019/merge_test_700-1800_cr0.95_stride100/Hangdian_80_000003/GPS_info.json,True,12,12,0,12,12,1.0,4.601652392466349e-12,0,0,
merge_test_700-1800_cr0.95_stride100,Hangdian_80_000004,Hangdian,80,000004,120.33945994444444,30.317841694444443,map2019/merge_test_700-1800_cr0.95_stride100/Hangdian_80_000004/GPS_info.json,True,12,12,0,12,12,1.0,4.601652392466349e-12,0,0,
merge_test_700-1800_cr0.95_stride100,Hangdian_80_000005,Hangdian,80,000005,120.3392528611111,30.317840333333333,map2019/merge_test_700-1800_cr0.95_stride100/Hangdian_80_000005/GPS_info.json,True,12,12,0,12,12,0.0,3.385236535535796e-12,0,0,
merge_test_700-1800_cr0.95_stride100,Hangdian_80_000006,Hangdian,80,000006,120.33904630555556,30.317838666666667,map2019/merge_test_700-1800_cr0.95_stride100/Hangdian_80_000006/GPS_info.json,True,12,12,0,12,12,0.0,3.385236535535796e-12,0,0,
merge_test_700-1800_cr0.95_stride100,Hangdian_80_000007,Hangdian,80,000007,120.33883658333333,30.317837833333332,map2019/merge_test_700-1800_cr0.95_stride100/Hangdian_80_000007/GPS_info.json,True,12,12,0,12,12,0.0,3.385236535535796e-12,0,0,
merge_test_700-1800_cr0.95_stride100,Hangdian_80_000008,Hangdian,80,000008,120.33862961111112,30.31783661111111,map2019/merge_test_700-1800_cr0.95_stride100/Hangdian_80_000008/GPS_info.json,True,12,12,0,12,12,0.0,3.385236535535796e-12,0,0,
merge_test_700-1800_cr0.95_stride100,Hangdian_80_000009,Hangdian,80,000009,120.33841997222223,30.31784091666667,map2019/merge_test_700-1800_cr0.95_stride100/Hangdian_80_000009/GPS_info.json,True,12,12,0,12,12,1.0,4.601652392466349e-12,0,0,
merge_test_700-1800_cr0.95_stride100,Hangdian_80_000010,Hangdian,80,000010,120.33820963888888,30.31783811111111,map2019/merge_test_700-1800_cr0.95_stride100/Hangdian_80_000010/GPS_info.json,True,12,12,0,12,12,0.0,3.385236535535796e-12,0,0,
merge_test_700-1800_cr0.95_stride100,Hangdian_80_000011,Hangdian,80,000011,120.33800197222222,30.31783586111111,map2019/merge_test_700-1800_cr0.95_stride100/Hangdian_80_000011/GPS_info.json,True,12,12,0,12,12,0.0,3.385236535535796e-12,0,0,
merge_test_700-1800_cr0.95_stride100,Hangdian_80_000012,Hangdian,80,000012,120.33779497222223,30.317833583333332,map2019/merge_test_700-1800_cr0.95_stride100/Hangdian_80_000012/GPS_info.json,True,12,12,0,12,12,0.0,3.385236535535796e-12,0,0,
merge_test_700-1800_cr0.95_stride100,Hangdian_80_000013,Hangdian,80,000013,120.33758816666666,30.317831583333334,map2019/merge_test_700-1800_cr0.95_stride100/Hangdian_80_000013/GPS_info.json,True,12,12,0,12,12,0.0,3.385236535535796e-12,0,0,
merge_test_700-1800_cr0.95_stride100,Hangdian_80_000014,Hangdian,80,000014,120.33738038888889,30.317830055555554,map2019/merge_test_700-1800_cr0.95_stride100/Hangdian_80_000014/GPS_info.json,True,12,12,0,12,12,0.0,3.385236535535796e-12,0,0,
merge_test_700-1800_cr0.95_stride100,Hangdian_80_000015,Hangdian,80,000015,120.33717438888888,30.317828055555555,map2019/merge_test_700-1800_cr0.95_stride100/Hangdian_80_000015/GPS_info.json,True,12,12,0,12,12,0.0,3.385236535535796e-12,0,0,
merge_test_700-1800_cr0.95_stride100,Hangdian_80_000016,Hangdian,80,000016,120.33696797222223,30.31782686111111,map2019/merge_test_700-1800_cr0.95_stride100/Hangdian_80_000016/GPS_info.json,True,12,12,0,12,12,0.0,3.385236535535796e-12,0,0,
merge_test_700-1800_cr0.95_stride100,Hangdian_80_000017,Hangdian,80,000017,120.33696152777777,30.3176445,map2019/merge_test_700-1800_cr0.95_stride100/Hangdian_80_000017/GPS_info.json,True,12,12,0,12,12,1.0,5.48083800566701e-12,0,0,
merge_test_700-1800_cr0.95_stride100,Hangdian_80_000018,Hangdian,80,000018,120.33717019444444,30.317645,map2019/merge_test_700-1800_cr0.95_stride100/Hangdian_80_000018/GPS_info.json,True,12,12,0,12,12,0.0,3.385236535535796e-12,0,0,
merge_test_700-1800_cr0.95_stride100,Hangdian_80_000019,Hangdian,80,000019,120.33737680555555,30.31764627777778,map2019/merge_test_700-1800_cr0.95_stride100/Hangdian_80_000019/GPS_info.json,True,12,12,0,12,12,0.0,3.385236535535796e-12,0,0,
merge_test_700-1800_cr0.95_stride100,Hangdian_80_000020,Hangdian,80,000020,120.33758672222223,30.317648083333335,map2019/merge_test_700-1800_cr0.95_stride100/Hangdian_80_000020/GPS_info.json,True,12,12,0,12,12,1.0,5.48083800566701e-12,0,0,
merge_test_700-1800_cr0.95_stride100,Hangdian_80_000021,Hangdian,80,000021,120.33779411111111,30.317647333333333,map2019/merge_test_700-1800_cr0.95_stride100/Hangdian_80_000021/GPS_info.json,True,12,12,0,12,12,1.0,5.48083800566701e-12,0,0,
merge_test_700-1800_cr0.95_stride100,Hangdian_80_000022,Hangdian,80,000022,120.33800291666667,30.317648277777778,map2019/merge_test_700-1800_cr0.95_stride100/Hangdian_80_000022/GPS_info.json,True,12,12,0,12,12,1.0,5.48083800566701e-12,0,0,
merge_test_700-1800_cr0.95_stride100,Hangdian_80_000023,Hangdian,80,000023,120.33820991666667,30.317648722222224,map2019/merge_test_700-1800_cr0.95_stride100/Hangdian_80_000023/GPS_info.json,True,12,12,0,12,12,0.0,3.385236535535796e-12,0,0,
merge_test_700-1800_cr0.95_stride100,Hangdian_80_000024,Hangdian,80,000024,120.33841930555556,30.31764961111111,map2019/merge_test_700-1800_cr0.95_stride100/Hangdian_80_000024/GPS_info.json,True,12,12,0,12,12,1.0,5.48083800566701e-12,0,0,
merge_test_700-1800_cr0.95_stride100,Hangdian_80_000025,Hangdian,80,000025,120.33862891666666,30.317649833333334,map2019/merge_test_700-1800_cr0.95_stride100/Hangdian_80_000025/GPS_info.json,True,12,12,0,12,12,0.0,3.385236535535796e-12,0,0,
merge_test_700-1800_cr0.95_stride100,Hangdian_80_000026,Hangdian,80,000026,120.33883777777778,30.317651194444444,map2019/merge_test_700-1800_cr0.95_stride100/Hangdian_80_000026/GPS_info.json,True,12,12,0,12,12,0.0,3.385236535535796e-12,0,0,
merge_test_700-1800_cr0.95_stride100,Hangdian_80_000027,Hangdian,80,000027,120.3390446388889,30.317651055555555,map2019/merge_test_700-1800_cr0.95_stride100/Hangdian_80_000027/GPS_info.json,True,12,12,0,12,12,1.0,5.48083800566701e-12,0,0,
merge_test_700-1800_cr0.95_stride100,Hangdian_80_000028,Hangdian,80,000028,120.33924916666666,30.317649305555555,map2019/merge_test_700-1800_cr0.95_stride100/Hangdian_80_000028/GPS_info.json,True,12,12,0,12,12,1.0,5.48083800566701e-12,0,0,
merge_test_700-1800_cr0.95_stride100,Hangdian_80_000029,Hangdian,80,000029,120.33945786111111,30.317649888888887,map2019/merge_test_700-1800_cr0.95_stride100/Hangdian_80_000029/GPS_info.json,True,12,12,0,12,12,0.0,3.385236535535796e-12,0,0,
merge_test_700-1800_cr0.95_stride100,Hangdian_80_000030,Hangdian,80,000030,120.33966472222222,30.317649972222224,map2019/merge_test_700-1800_cr0.95_stride100/Hangdian_80_000030/GPS_info.json,True,12,12,0,12,12,1.0,5.48083800566701e-12,0,0,
merge_test_700-1800_cr0.95_stride100,Hangdian_80_000031,Hangdian,80,000031,120.33987422222222,30.3176555,map2019/merge_test_700-1800_cr0.95_stride100/Hangdian_80_000031/GPS_info.json,True,12,12,0,12,12,1.0,5.48083800566701e-12,0,0,
merge_test_700-1800_cr0.95_stride100,Hangdian_80_000032,Hangdian,80,000032,120.34008066666667,30.317653055555557,map2019/merge_test_700-1800_cr0.95_stride100/Hangdian_80_000032/GPS_info.json,True,12,12,0,12,12,1.0,5.48083800566701e-12,0,0,
merge_test_700-1800_cr0.95_stride100,Hangdian_80_000033,Hangdian,80,000033,120.34028983333333,30.317654583333333,map2019/merge_test_700-1800_cr0.95_stride100/Hangdian_80_000033/GPS_info.json,True,12,12,0,12,12,1.0,5.48083800566701e-12,0,0,
merge_test_700-1800_cr0.95_stride100,Hangdian_80_000034,Hangdian,80,000034,120.34029766666667,30.317475777777776,map2019/merge_test_700-1800_cr0.95_stride100/Hangdian_80_000034/GPS_info.json,True,12,12,0,12,12,1.0,5.48083800566701e-12,0,0,
merge_test_700-1800_cr0.95_stride100,Hangdian_80_000035,Hangdian,80,000035,120.34008558333333,30.317474472222223,map2019/merge_test_700-1800_cr0.95_stride100/Hangdian_80_000035/GPS_info.json,True,12,12,0,12,12,1.0,6.017297771165886e-12,0,0,
merge_test_700-1800_cr0.95_stride100,Hangdian_80_000036,Hangdian,80,000036,120.33988063888889,30.317472972222223,map2019/merge_test_700-1800_cr0.95_stride100/Hangdian_80_000036/GPS_info.json,True,12,12,0,12,12,1.0,5.48083800566701e-12,0,0,
merge_test_700-1800_cr0.95_stride100,Hangdian_80_000037,Hangdian,80,000037,120.33967391666667,30.317473,map2019/merge_test_700-1800_cr0.95_stride100/Hangdian_80_000037/GPS_info.json,True,12,12,0,12,12,1.0,5.48083800566701e-12,0,0,
merge_test_700-1800_cr0.95_stride100,Hangdian_80_000038,Hangdian,80,000038,120.33946758333333,30.317473305555556,map2019/merge_test_700-1800_cr0.95_stride100/Hangdian_80_000038/GPS_info.json,True,12,12,0,12,12,1.0,5.48083800566701e-12,0,0,
merge_test_700-1800_cr0.95_stride100,Hangdian_80_000039,Hangdian,80,000039,120.33925941666666,30.31747216666667,map2019/merge_test_700-1800_cr0.95_stride100/Hangdian_80_000039/GPS_info.json,True,12,12,0,12,12,1.0,6.017297771165886e-12,0,0,
merge_test_700-1800_cr0.95_stride100,Hangdian_80_000040,Hangdian,80,000040,120.33905872222222,30.31747502777778,map2019/merge_test_700-1800_cr0.95_stride100/Hangdian_80_000040/GPS_info.json,True,12,12,0,12,12,1.0,5.48083800566701e-12,0,0,
merge_test_700-1800_cr0.95_stride100,Hangdian_80_000041,Hangdian,80,000041,120.33885013888889,30.31747372222222,map2019/merge_test_700-1800_cr0.95_stride100/Hangdian_80_000041/GPS_info.json,True,12,12,0,12,12,1.0,6.017297771165886e-12,0,0,
merge_test_700-1800_cr0.95_stride100,Hangdian_80_000042,Hangdian,80,000042,120.33864236111111,30.31747213888889,map2019/merge_test_700-1800_cr0.95_stride100/Hangdian_80_000042/GPS_info.json,True,12,12,0,12,12,1.0,6.017297771165886e-12,0,0,
merge_test_700-1800_cr0.95_stride100,Hangdian_80_000043,Hangdian,80,000043,120.33843438888888,30.317470027777777,map2019/merge_test_700-1800_cr0.95_stride100/Hangdian_80_000043/GPS_info.json,True,12,12,0,12,12,1.0,6.017297771165886e-12,0,0,
merge_test_700-1800_cr0.95_stride100,Hangdian_80_000044,Hangdian,80,000044,120.33822730555555,30.317470083333333,map2019/merge_test_700-1800_cr0.95_stride100/Hangdian_80_000044/GPS_info.json,True,12,12,0,12,12,1.0,6.017297771165886e-12,0,0,
merge_test_700-1800_cr0.95_stride100,Hangdian_80_000045,Hangdian,80,000045,120.33802447222222,30.317468472222224,map2019/merge_test_700-1800_cr0.95_stride100/Hangdian_80_000045/GPS_info.json,True,12,12,0,12,12,1.0,5.48083800566701e-12,0,0,
merge_test_700-1800_cr0.95_stride100,Hangdian_80_000046,Hangdian,80,000046,120.33781266666666,30.31746513888889,map2019/merge_test_700-1800_cr0.95_stride100/Hangdian_80_000046/GPS_info.json,True,12,12,0,12,12,1.0,6.017297771165886e-12,0,0,
merge_test_700-1800_cr0.95_stride100,Hangdian_80_000047,Hangdian,80,000047,120.33760236111111,30.31746513888889,map2019/merge_test_700-1800_cr0.95_stride100/Hangdian_80_000047/GPS_info.json,True,12,12,0,12,12,1.0,5.48083800566701e-12,0,0,
merge_test_700-1800_cr0.95_stride100,Hangdian_80_000048,Hangdian,80,000048,120.3373943888889,30.31746563888889,map2019/merge_test_700-1800_cr0.95_stride100/Hangdian_80_000048/GPS_info.json,True,12,12,0,12,12,1.0,5.48083800566701e-12,0,0,
merge_test_700-1800_cr0.95_stride100,Hangdian_80_000049,Hangdian,80,000049,120.33718594444444,30.31746508333333,map2019/merge_test_700-1800_cr0.95_stride100/Hangdian_80_000049/GPS_info.json,True,12,12,0,12,12,1.0,6.017297771165886e-12,0,0,
merge_test_700-1800_cr0.95_stride100,Hangdian_80_000050,Hangdian,80,000050,120.33697761111111,30.31746352777778,map2019/merge_test_700-1800_cr0.95_stride100/Hangdian_80_000050/GPS_info.json,True,12,12,0,12,12,1.0,5.48083800566701e-12,0,0,
merge_test_700-1800_cr0.95_stride100,Hangdian_80_000051,Hangdian,80,000051,120.33698266666667,30.317284722222222,map2019/merge_test_700-1800_cr0.95_stride100/Hangdian_80_000051/GPS_info.json,True,12,12,0,12,12,1.0,6.017297771165886e-12,0,0,
merge_test_700-1800_cr0.95_stride100,Hangdian_80_000052,Hangdian,80,000052,120.33718919444445,30.317285555555557,map2019/merge_test_700-1800_cr0.95_stride100/Hangdian_80_000052/GPS_info.json,True,12,12,0,12,12,1.0,6.017297771165886e-12,0,0,
merge_test_700-1800_cr0.95_stride100,Hangdian_80_000053,Hangdian,80,000053,120.33739627777778,30.317285083333335,map2019/merge_test_700-1800_cr0.95_stride100/Hangdian_80_000053/GPS_info.json,True,12,12,0,12,12,0.0,4.016786903093816e-12,0,0,
merge_test_700-1800_cr0.95_stride100,Hangdian_80_000054,Hangdian,80,000054,120.33760377777777,30.31728352777778,map2019/merge_test_700-1800_cr0.95_stride100/Hangdian_80_000054/GPS_info.json,True,12,12,0,12,12,1.0,6.017297771165886e-12,0,0,
merge_test_700-1800_cr0.95_stride100,Hangdian_80_000055,Hangdian,80,000055,120.337809,30.317283083333333,map2019/merge_test_700-1800_cr0.95_stride100/Hangdian_80_000055/GPS_info.json,True,12,12,0,12,12,1.0,6.017297771165886e-12,0,0,
merge_test_700-1800_cr0.95_stride100,Hangdian_80_000056,Hangdian,80,000056,120.33801719444445,30.317282055555555,map2019/merge_test_700-1800_cr0.95_stride100/Hangdian_80_000056/GPS_info.json,True,12,12,0,12,12,1.0,6.017297771165886e-12,0,0,
merge_test_700-1800_cr0.95_stride100,Hangdian_80_000057,Hangdian,80,000057,120.33822713888888,30.317282722222224,map2019/merge_test_700-1800_cr0.95_stride100/Hangdian_80_000057/GPS_info.json,True,12,12,0,12,12,1.0,6.017297771165886e-12,0,0,
merge_test_700-1800_cr0.95_stride100,Hangdian_80_000058,Hangdian,80,000058,120.33843511111111,30.31728386111111,map2019/merge_test_700-1800_cr0.95_stride100/Hangdian_80_000058/GPS_info.json,True,12,12,0,12,12,1.0,6.017297771165886e-12,0,0,
merge_test_700-1800_cr0.95_stride100,Hangdian_80_000059,Hangdian,80,000059,120.33864391666667,30.31728488888889,map2019/merge_test_700-1800_cr0.95_stride100/Hangdian_80_000059/GPS_info.json,True,12,12,0,12,12,0.0,4.016786903093816e-12,0,0,
merge_test_700-1800_cr0.95_stride100,Hangdian_80_000060,Hangdian,80,000060,120.33885147222222,30.31728425,map2019/merge_test_700-1800_cr0.95_stride100/Hangdian_80_000060/GPS_info.json,True,12,12,0,12,12,1.0,6.017297771165886e-12,0,0,
merge_test_700-1800_cr0.95_stride100,Hangdian_80_000061,Hangdian,80,000061,120.33905913888889,30.31728522222222,map2019/merge_test_700-1800_cr0.95_stride100/Hangdian_80_000061/GPS_info.json,True,12,12,0,12,12,0.0,4.016786903093816e-12,0,0,
merge_test_700-1800_cr0.95_stride100,Hangdian_80_000062,Hangdian,80,000062,120.33926738888889,30.3172845,map2019/merge_test_700-1800_cr0.95_stride100/Hangdian_80_000062/GPS_info.json,True,12,12,0,12,12,0.0,4.016786903093816e-12,0,0,
merge_test_700-1800_cr0.95_stride100,Hangdian_80_000063,Hangdian,80,000063,120.33947533333334,30.317284527777776,map2019/merge_test_700-1800_cr0.95_stride100/Hangdian_80_000063/GPS_info.json,True,12,12,0,12,12,1.0,6.017297771165886e-12,0,0,
merge_test_700-1800_cr0.95_stride100,Hangdian_80_000064,Hangdian,80,000064,120.33968305555555,30.31728488888889,map2019/merge_test_700-1800_cr0.95_stride100/Hangdian_80_000064/GPS_info.json,True,12,12,0,12,12,0.0,4.016786903093816e-12,0,0,
merge_test_700-1800_cr0.95_stride100,Hangdian_80_000065,Hangdian,80,000065,120.3398905,30.317284083333334,map2019/merge_test_700-1800_cr0.95_stride100/Hangdian_80_000065/GPS_info.json,True,12,12,0,12,12,0.0,4.016786903093816e-12,0,0,
merge_test_700-1800_cr0.95_stride100,Hangdian_80_000066,Hangdian,80,000066,120.34009972222222,30.31728313888889,map2019/merge_test_700-1800_cr0.95_stride100/Hangdian_80_000066/GPS_info.json,True,12,12,0,12,12,0.0,4.016786903093816e-12,0,0,
merge_test_700-1800_cr0.95_stride100,Hangdian_80_000067,Hangdian,80,000067,120.34030841666667,30.31728425,map2019/merge_test_700-1800_cr0.95_stride100/Hangdian_80_000067/GPS_info.json,True,12,12,0,12,12,0.0,4.016786903093816e-12,0,0,
merge_test_700-1800_cr0.95_stride100,Hangdian_80_000068,Hangdian,80,000068,120.34031211111112,30.31710477777778,map2019/merge_test_700-1800_cr0.95_stride100/Hangdian_80_000068/GPS_info.json,True,12,12,0,12,12,1.0,6.017297771165886e-12,0,0,
merge_test_700-1800_cr0.95_stride100,Hangdian_80_000069,Hangdian,80,000069,120.34010752777777,30.31710452777778,map2019/merge_test_700-1800_cr0.95_stride100/Hangdian_80_000069/GPS_info.json,True,12,12,0,12,12,0.0,4.016786903093816e-12,0,0,
merge_test_700-1800_cr0.95_stride100,Hangdian_80_000070,Hangdian,80,000070,120.33989908333334,30.317103583333335,map2019/merge_test_700-1800_cr0.95_stride100/Hangdian_80_000070/GPS_info.json,True,12,12,0,12,12,1.0,6.017297771165886e-12,0,0,
merge_test_700-1800_cr0.95_stride100,Hangdian_80_000071,Hangdian,80,000071,120.339691,30.317103333333332,map2019/merge_test_700-1800_cr0.95_stride100/Hangdian_80_000071/GPS_info.json,True,12,12,0,12,12,1.0,6.017297771165886e-12,0,0,
merge_test_700-1800_cr0.95_stride100,Hangdian_80_000072,Hangdian,80,000072,120.3394831388889,30.317103,map2019/merge_test_700-1800_cr0.95_stride100/Hangdian_80_000072/GPS_info.json,True,12,12,0,12,12,1.0,4.127143071741557e-12,0,0,
merge_test_700-1800_cr0.95_stride100,Hangdian_80_000073,Hangdian,80,000073,120.339275,30.317102833333333,map2019/merge_test_700-1800_cr0.95_stride100/Hangdian_80_000073/GPS_info.json,True,12,12,0,12,12,0.0,4.016786903093816e-12,0,0,
merge_test_700-1800_cr0.95_stride100,Hangdian_80_000074,Hangdian,80,000074,120.33906611111111,30.317102694444444,map2019/merge_test_700-1800_cr0.95_stride100/Hangdian_80_000074/GPS_info.json,True,12,12,0,12,12,0.0,4.016786903093816e-12,0,0,
merge_test_700-1800_cr0.95_stride100,Hangdian_80_000075,Hangdian,80,000075,120.33885763888888,30.317102277777778,map2019/merge_test_700-1800_cr0.95_stride100/Hangdian_80_000075/GPS_info.json,True,12,12,0,12,12,0.0,4.016786903093816e-12,0,0,
merge_test_700-1800_cr0.95_stride100,Hangdian_80_000076,Hangdian,80,000076,120.33865047222223,30.317101555555556,map2019/merge_test_700-1800_cr0.95_stride100/Hangdian_80_000076/GPS_info.json,True,12,12,0,12,12,0.0,4.016786903093816e-12,0,0,
merge_test_700-1800_cr0.95_stride100,Hangdian_80_000077,Hangdian,80,000077,120.3384423611111,30.31710136111111,map2019/merge_test_700-1800_cr0.95_stride100/Hangdian_80_000077/GPS_info.json,True,12,12,0,12,12,1.0,4.127143071741557e-12,0,0,
merge_test_700-1800_cr0.95_stride100,Hangdian_80_000078,Hangdian,80,000078,120.33823416666667,30.31710111111111,map2019/merge_test_700-1800_cr0.95_stride100/Hangdian_80_000078/GPS_info.json,True,12,12,0,12,12,0.0,4.016786903093816e-12,0,0,
merge_test_700-1800_cr0.95_stride100,Hangdian_80_000079,Hangdian,80,000079,120.33802738888889,30.317101055555554,map2019/merge_test_700-1800_cr0.95_stride100/Hangdian_80_000079/GPS_info.json,True,12,12,0,12,12,0.0,4.016786903093816e-12,0,0,
merge_test_700-1800_cr0.95_stride100,Hangdian_80_000080,Hangdian,80,000080,120.33781938888889,30.317099944444443,map2019/merge_test_700-1800_cr0.95_stride100/Hangdian_80_000080/GPS_info.json,True,12,12,0,12,12,1.0,4.127143071741557e-12,0,0,
merge_test_700-1800_cr0.95_stride100,Hangdian_80_000081,Hangdian,80,000081,120.33761127777778,30.31709863888889,map2019/merge_test_700-1800_cr0.95_stride100/Hangdian_80_000081/GPS_info.json,True,12,12,0,12,12,1.0,4.127143071741557e-12,0,0,
merge_test_700-1800_cr0.95_stride100,Hangdian_80_000082,Hangdian,80,000082,120.33740183333333,30.317098027777778,map2019/merge_test_700-1800_cr0.95_stride100/Hangdian_80_000082/GPS_info.json,True,12,12,0,12,12,0.0,4.016786903093816e-12,0,0,
merge_test_700-1800_cr0.95_stride100,Hangdian_80_000083,Hangdian,80,000083,120.33719458333333,30.317098083333335,map2019/merge_test_700-1800_cr0.95_stride100/Hangdian_80_000083/GPS_info.json,True,12,12,0,12,12,0.0,4.016786903093816e-12,0,0,
merge_test_700-1800_cr0.95_stride100,Hangdian_80_000084,Hangdian,80,000084,120.33698683333333,30.31709811111111,map2019/merge_test_700-1800_cr0.95_stride100/Hangdian_80_000084/GPS_info.json,True,12,12,0,12,12,0.0,4.016786903093816e-12,0,0,
merge_test_700-1800_cr0.95_stride100,Hangdian_80_000085,Hangdian,80,000085,120.33698722222222,30.31691863888889,map2019/merge_test_700-1800_cr0.95_stride100/Hangdian_80_000085/GPS_info.json,True,12,12,0,12,12,0.0,4.016786903093816e-12,0,0,
merge_test_700-1800_cr0.95_stride100,Hangdian_80_000086,Hangdian,80,000086,120.33719455555556,30.31691763888889,map2019/merge_test_700-1800_cr0.95_stride100/Hangdian_80_000086/GPS_info.json,True,12,12,0,12,12,1.0,4.127143071741557e-12,0,0,
merge_test_700-1800_cr0.95_stride100,Hangdian_80_000087,Hangdian,80,000087,120.33740036111111,30.31691711111111,map2019/merge_test_700-1800_cr0.95_stride100/Hangdian_80_000087/GPS_info.json,True,12,12,0,12,12,1.0,4.127143071741557e-12,0,0,
merge_test_700-1800_cr0.95_stride100,Hangdian_80_000088,Hangdian,80,000088,120.33760827777778,30.316917277777776,map2019/merge_test_700-1800_cr0.95_stride100/Hangdian_80_000088/GPS_info.json,True,12,12,0,12,12,1.0,4.127143071741557e-12,0,0,
merge_test_700-1800_cr0.95_stride100,Hangdian_80_000089,Hangdian,80,000089,120.33781641666667,30.316916694444444,map2019/merge_test_700-1800_cr0.95_stride100/Hangdian_80_000089/GPS_info.json,True,12,12,0,12,12,1.0,4.127143071741557e-12,0,0,
merge_test_700-1800_cr0.95_stride100,Hangdian_80_000090,Hangdian,80,000090,120.3380261111111,30.316914833333332,map2019/merge_test_700-1800_cr0.95_stride100/Hangdian_80_000090/GPS_info.json,True,12,12,0,12,12,1.0,4.127143071741557e-12,0,0,
merge_test_700-1800_cr0.95_stride100,Hangdian_80_000091,Hangdian,80,000091,120.33823458333333,30.316914027777777,map2019/merge_test_700-1800_cr0.95_stride100/Hangdian_80_000091/GPS_info.json,True,12,12,0,12,12,0.0,4.016786903093816e-12,0,0,
merge_test_700-1800_cr0.95_stride100,Hangdian_80_000092,Hangdian,80,000092,120.33844294444444,30.316913694444445,map2019/merge_test_700-1800_cr0.95_stride100/Hangdian_80_000092/GPS_info.json,True,12,12,0,12,12,1.0,4.127143071741557e-12,0,0,
merge_test_700-1800_cr0.95_stride100,Hangdian_80_000093,Hangdian,80,000093,120.3386508611111,30.31691325,map2019/merge_test_700-1800_cr0.95_stride100/Hangdian_80_000093/GPS_info.json,True,12,12,0,12,12,1.0,8.561595876699357e-12,0,0,
merge_test_700-1800_cr0.95_stride100,Hangdian_80_000094,Hangdian,80,000094,120.33885983333333,30.316911972222222,map2019/merge_test_700-1800_cr0.95_stride100/Hangdian_80_000094/GPS_info.json,True,12,12,0,12,12,1.0,4.127143071741557e-12,0,0,
merge_test_700-1800_cr0.95_stride100,Hangdian_80_000095,Hangdian,80,000095,120.33906791666666,30.31691063888889,map2019/merge_test_700-1800_cr0.95_stride100/Hangdian_80_000095/GPS_info.json,True,12,12,0,12,12,1.0,4.127143071741557e-12,0,0,
merge_test_700-1800_cr0.95_stride100,Hangdian_80_000096,Hangdian,80,000096,120.33927622222222,30.316909638888887,map2019/merge_test_700-1800_cr0.95_stride100/Hangdian_80_000096/GPS_info.json,True,12,12,0,12,12,1.0,4.127143071741557e-12,0,0,
merge_test_700-1800_cr0.95_stride100,Hangdian_80_000097,Hangdian,80,000097,120.33948347222223,30.31690925,map2019/merge_test_700-1800_cr0.95_stride100/Hangdian_80_000097/GPS_info.json,True,12,12,0,12,12,1.0,4.127143071741557e-12,0,0,
merge_test_700-1800_cr0.95_stride100,Hangdian_80_000098,Hangdian,80,000098,120.33969241666667,30.31690947222222,map2019/merge_test_700-1800_cr0.95_stride100/Hangdian_80_000098/GPS_info.json,True,12,12,0,12,12,1.0,8.561595876699357e-12,0,0,
merge_test_700-1800_cr0.95_stride100,Hangdian_80_000099,Hangdian,80,000099,120.33989872222222,30.316909111111112,map2019/merge_test_700-1800_cr0.95_stride100/Hangdian_80_000099/GPS_info.json,True,12,12,0,12,12,1.0,8.561595876699357e-12,0,0,
merge_test_700-1800_cr0.95_stride100,Hangdian_80_000100,Hangdian,80,000100,120.34010719444444,30.31690838888889,map2019/merge_test_700-1800_cr0.95_stride100/Hangdian_80_000100/GPS_info.json,True,12,12,0,12,12,1.0,4.127143071741557e-12,0,0,
merge_test_700-1800_cr0.95_stride100,Hangdian_80_000101,Hangdian,80,000101,120.34031536111111,30.316907444444446,map2019/merge_test_700-1800_cr0.95_stride100/Hangdian_80_000101/GPS_info.json,True,12,12,0,12,12,1.0,4.127143071741557e-12,0,0,
merge_test_700-1800_cr0.95_stride100,Hangdian_80_000102,Hangdian,80,000102,120.34031361111111,30.316728027777778,map2019/merge_test_700-1800_cr0.95_stride100/Hangdian_80_000102/GPS_info.json,True,12,12,0,12,12,1.0,4.127143071741557e-12,0,0,
merge_test_700-1800_cr0.95_stride100,Hangdian_80_000103,Hangdian,80,000103,120.34010675,30.316727583333332,map2019/merge_test_700-1800_cr0.95_stride100/Hangdian_80_000103/GPS_info.json,True,12,12,0,12,12,1.0,8.561595876699357e-12,0,0,
merge_test_700-1800_cr0.95_stride100,Hangdian_80_000104,Hangdian,80,000104,120.33989894444444,30.316727583333332,map2019/merge_test_700-1800_cr0.95_stride100/Hangdian_80_000104/GPS_info.json,True,12,12,0,12,12,1.0,4.127143071741557e-12,0,0,
merge_test_700-1800_cr0.95_stride100,Hangdian_80_000105,Hangdian,80,000105,120.33969283333333,30.31672877777778,map2019/merge_test_700-1800_cr0.95_stride100/Hangdian_80_000105/GPS_info.json,True,12,12,0,12,12,1.0,8.561595876699357e-12,0,0,
merge_test_700-1800_cr0.95_stride100,Hangdian_80_000106,Hangdian,80,000106,120.33948447222222,30.316728694444443,map2019/merge_test_700-1800_cr0.95_stride100/Hangdian_80_000106/GPS_info.json,True,12,12,0,12,12,1.0,8.561595876699357e-12,0,0,
merge_test_700-1800_cr0.95_stride100,Hangdian_80_000107,Hangdian,80,000107,120.33927811111111,30.316730833333335,map2019/merge_test_700-1800_cr0.95_stride100/Hangdian_80_000107/GPS_info.json,True,12,12,0,12,12,1.0,4.127143071741557e-12,0,0,
merge_test_700-1800_cr0.95_stride100,Hangdian_80_000108,Hangdian,80,000108,120.33907197222223,30.316727444444446,map2019/merge_test_700-1800_cr0.95_stride100/Hangdian_80_000108/GPS_info.json,True,12,12,0,12,12,1.0,8.561595876699357e-12,0,0,
merge_test_700-1800_cr0.95_stride100,Hangdian_80_000109,Hangdian,80,000109,120.33886044444445,30.316730416666665,map2019/merge_test_700-1800_cr0.95_stride100/Hangdian_80_000109/GPS_info.json,True,12,12,0,12,12,1.0,8.561595876699357e-12,0,0,
merge_test_700-1800_cr0.95_stride100,Hangdian_80_000110,Hangdian,80,000110,120.33865280555555,30.31673038888889,map2019/merge_test_700-1800_cr0.95_stride100/Hangdian_80_000110/GPS_info.json,True,12,12,0,12,12,1.0,8.561595876699357e-12,0,0,
merge_test_700-1800_cr0.95_stride100,Hangdian_80_000111,Hangdian,80,000111,120.33844313888889,30.31673136111111,map2019/merge_test_700-1800_cr0.95_stride100/Hangdian_80_000111/GPS_info.json,True,12,12,0,12,12,1.0,8.561595876699357e-12,0,0,
merge_test_700-1800_cr0.95_stride100,Hangdian_80_000112,Hangdian,80,000112,120.33823780555555,30.31673286111111,map2019/merge_test_700-1800_cr0.95_stride100/Hangdian_80_000112/GPS_info.json,True,12,12,0,12,12,1.0,4.127143071741557e-12,0,0,
merge_test_700-1800_cr0.95_stride100,Hangdian_80_000113,Hangdian,80,000113,120.33802911111111,30.316733444444445,map2019/merge_test_700-1800_cr0.95_stride100/Hangdian_80_000113/GPS_info.json,True,12,12,0,12,12,1.0,8.561595876699357e-12,0,0,
merge_test_700-1800_cr0.95_stride100,Hangdian_80_000114,Hangdian,80,000114,120.33782119444444,30.316734916666668,map2019/merge_test_700-1800_cr0.95_stride100/Hangdian_80_000114/GPS_info.json,True,12,12,0,12,12,1.0,4.174924295163862e-12,0,0,
merge_test_700-1800_cr0.95_stride100,Hangdian_80_000115,Hangdian,80,000115,120.33761172222222,30.31673536111111,map2019/merge_test_700-1800_cr0.95_stride100/Hangdian_80_000115/GPS_info.json,True,12,12,0,12,12,1.0,4.174924295163862e-12,0,0,
merge_test_700-1800_cr0.95_stride100,Hangdian_80_000116,Hangdian,80,000116,120.33740230555556,30.31673486111111,map2019/merge_test_700-1800_cr0.95_stride100/Hangdian_80_000116/GPS_info.json,True,12,12,0,12,12,1.0,4.174924295163862e-12,0,0,
merge_test_700-1800_cr0.95_stride100,Hangdian_80_000117,Hangdian,80,000117,120.33719575,30.31673752777778,map2019/merge_test_700-1800_cr0.95_stride100/Hangdian_80_000117/GPS_info.json,True,12,12,0,12,12,1.0,8.561595876699357e-12,0,0,
merge_test_700-1800_cr0.95_stride100,Hangdian_80_000118,Hangdian,80,000118,120.33698744444445,30.31673811111111,map2019/merge_test_700-1800_cr0.95_stride100/Hangdian_80_000118/GPS_info.json,True,12,12,0,12,12,1.0,4.174924295163862e-12,0,0,
merge_test_700-1800_cr0.95_stride100,Hangdian_80_000119,Hangdian,80,000119,120.33698197222222,30.31655727777778,map2019/merge_test_700-1800_cr0.95_stride100/Hangdian_80_000119/GPS_info.json,True,12,12,0,12,12,1.0,8.561595876699357e-12,0,0,
merge_test_700-1800_cr0.95_stride100,Hangdian_80_000120,Hangdian,80,000120,120.33718869444445,30.31655511111111,map2019/merge_test_700-1800_cr0.95_stride100/Hangdian_80_000120/GPS_info.json,True,12,12,0,12,12,1.0,4.174924295163862e-12,0,0,
merge_test_700-1800_cr0.95_stride100,Hangdian_80_000121,Hangdian,80,000121,120.33739594444444,30.316554333333332,map2019/merge_test_700-1800_cr0.95_stride100/Hangdian_80_000121/GPS_info.json,True,12,12,0,12,12,1.0,8.561595876699357e-12,0,0,
merge_test_700-1800_cr0.95_stride100,Hangdian_80_000122,Hangdian,80,000122,120.33760358333333,30.31655177777778,map2019/merge_test_700-1800_cr0.95_stride100/Hangdian_80_000122/GPS_info.json,True,12,12,0,12,12,1.0,8.561595876699357e-12,0,0,
merge_test_700-1800_cr0.95_stride100,Hangdian_80_000123,Hangdian,80,000123,120.3378115,30.31654925,map2019/merge_test_700-1800_cr0.95_stride100/Hangdian_80_000123/GPS_info.json,True,12,12,0,12,12,1.0,8.561595876699357e-12,0,0,
merge_test_700-1800_cr0.95_stride100,Hangdian_80_000124,Hangdian,80,000124,120.33801969444444,30.316547916666668,map2019/merge_test_700-1800_cr0.95_stride100/Hangdian_80_000124/GPS_info.json,True,12,12,0,12,12,1.0,8.561595876699357e-12,0,0,
merge_test_700-1800_cr0.95_stride100,Hangdian_80_000125,Hangdian,80,000125,120.33822869444444,30.316546111111112,map2019/merge_test_700-1800_cr0.95_stride100/Hangdian_80_000125/GPS_info.json,True,12,12,0,12,12,1.0,4.174924295163862e-12,0,0,
merge_test_700-1800_cr0.95_stride100,Hangdian_80_000126,Hangdian,80,000126,120.33843647222223,30.316544416666666,map2019/merge_test_700-1800_cr0.95_stride100/Hangdian_80_000126/GPS_info.json,True,12,12,0,12,12,1.0,4.174924295163862e-12,0,0,
merge_test_700-1800_cr0.95_stride100,Hangdian_80_000127,Hangdian,80,000127,120.33864430555556,30.316543805555554,map2019/merge_test_700-1800_cr0.95_stride100/Hangdian_80_000127/GPS_info.json,True,12,12,0,12,12,1.0,8.561595876699357e-12,0,0,
merge_test_700-1800_cr0.95_stride100,Hangdian_80_000128,Hangdian,80,000128,120.3388523888889,30.316542166666668,map2019/merge_test_700-1800_cr0.95_stride100/Hangdian_80_000128/GPS_info.json,True,12,12,0,12,12,1.0,8.561595876699357e-12,0,0,
merge_test_700-1800_cr0.95_stride100,Hangdian_80_000129,Hangdian,80,000129,120.33906072222223,30.316539694444444,map2019/merge_test_700-1800_cr0.95_stride100/Hangdian_80_000129/GPS_info.json,True,12,12,0,12,12,1.0,4.174924295163862e-12,0,0,
merge_test_700-1800_cr0.95_stride100,Hangdian_80_000130,Hangdian,80,000130,120.33926825,30.31653877777778,map2019/merge_test_700-1800_cr0.95_stride100/Hangdian_80_000130/GPS_info.json,True,12,12,0,12,12,1.0,4.174924295163862e-12,0,0,
merge_test_700-1800_cr0.95_stride100,Hangdian_80_000131,Hangdian,80,000131,120.33947688888888,30.316537555555556,map2019/merge_test_700-1800_cr0.95_stride100/Hangdian_80_000131/GPS_info.json,True,12,12,0,12,12,1.0,8.561595876699357e-12,0,0,
merge_test_700-1800_cr0.95_stride100,Hangdian_80_000132,Hangdian,80,000132,120.3396865,30.31653763888889,map2019/merge_test_700-1800_cr0.95_stride100/Hangdian_80_000132/GPS_info.json,True,12,12,0,12,12,1.0,4.9295012516381576e-12,0,0,
merge_test_700-1800_cr0.95_stride100,Hangdian_80_000133,Hangdian,80,000133,120.33989447222223,30.316535805555556,map2019/merge_test_700-1800_cr0.95_stride100/Hangdian_80_000133/GPS_info.json,True,12,12,0,12,12,1.0,4.174924295163862e-12,0,0,
merge_test_700-1800_cr0.95_stride100,Hangdian_80_000134,Hangdian,80,000134,120.34010113888888,30.316534055555557,map2019/merge_test_700-1800_cr0.95_stride100/Hangdian_80_000134/GPS_info.json,True,12,12,0,12,12,1.0,4.174924295163862e-12,0,0,
merge_test_700-1800_cr0.95_stride100,Hangdian_80_000135,Hangdian,80,000135,120.34030844444445,30.316531972222222,map2019/merge_test_700-1800_cr0.95_stride100/Hangdian_80_000135/GPS_info.json,True,12,12,0,12,12,1.0,4.9295012516381576e-12,0,0,
merge_test_700-1800_cr0.95_stride100,Hangdian_80_000136,Hangdian,80,000136,120.34030483333333,30.316353,map2019/merge_test_700-1800_cr0.95_stride100/Hangdian_80_000136/GPS_info.json,True,12,12,0,12,12,1.0,4.174924295163862e-12,0,0,
merge_test_700-1800_cr0.95_stride100,Hangdian_80_000137,Hangdian,80,000137,120.34009780555556,30.31635288888889,map2019/merge_test_700-1800_cr0.95_stride100/Hangdian_80_000137/GPS_info.json,True,12,12,0,12,12,1.0,4.9295012516381576e-12,0,0,
merge_test_700-1800_cr0.95_stride100,Hangdian_80_000138,Hangdian,80,000138,120.33989102777778,30.31635211111111,map2019/merge_test_700-1800_cr0.95_stride100/Hangdian_80_000138/GPS_info.json,True,12,12,0,12,12,1.0,4.9295012516381576e-12,0,0,
merge_test_700-1800_cr0.95_stride100,Hangdian_80_000139,Hangdian,80,000139,120.33968397222222,30.316352416666668,map2019/merge_test_700-1800_cr0.95_stride100/Hangdian_80_000139/GPS_info.json,True,12,12,0,12,12,1.0,4.174924295163862e-12,0,0,
merge_test_700-1800_cr0.95_stride100,Hangdian_80_000140,Hangdian,80,000140,120.33947625,30.316352916666666,map2019/merge_test_700-1800_cr0.95_stride100/Hangdian_80_000140/GPS_info.json,True,12,12,0,12,12,1.0,4.174924295163862e-12,0,0,
merge_test_700-1800_cr0.95_stride100,Hangdian_80_000141,Hangdian,80,000141,120.33926847222222,30.316353083333333,map2019/merge_test_700-1800_cr0.95_stride100/Hangdian_80_000141/GPS_info.json,True,12,12,0,12,12,1.0,4.174924295163862e-12,0,0,
merge_test_700-1800_cr0.95_stride100,Hangdian_80_000142,Hangdian,80,000142,120.33905977777778,30.316353583333335,map2019/merge_test_700-1800_cr0.95_stride100/Hangdian_80_000142/GPS_info.json,True,12,12,0,12,12,1.0,4.9295012516381576e-12,0,0,
merge_test_700-1800_cr0.95_stride100,Hangdian_80_000143,Hangdian,80,000143,120.33885133333334,30.316355055555555,map2019/merge_test_700-1800_cr0.95_stride100/Hangdian_80_000143/GPS_info.json,True,12,12,0,12,12,1.0,4.174924295163862e-12,0,0,
merge_test_700-1800_cr0.95_stride100,Hangdian_80_000144,Hangdian,80,000144,120.33864397222223,30.316355527777777,map2019/merge_test_700-1800_cr0.95_stride100/Hangdian_80_000144/GPS_info.json,True,12,12,0,12,12,1.0,4.174924295163862e-12,0,0,
merge_test_700-1800_cr0.95_stride100,Hangdian_80_000145,Hangdian,80,000145,120.33843513888888,30.316355666666666,map2019/merge_test_700-1800_cr0.95_stride100/Hangdian_80_000145/GPS_info.json,True,12,12,0,12,12,1.0,4.174924295163862e-12,0,0,
merge_test_700-1800_cr0.95_stride100,Hangdian_80_000146,Hangdian,80,000146,120.33822736111111,30.316355472222224,map2019/merge_test_700-1800_cr0.95_stride100/Hangdian_80_000146/GPS_info.json,True,12,12,0,12,12,1.0,4.174924295163862e-12,0,0,
merge_test_700-1800_cr0.95_stride100,Hangdian_80_000147,Hangdian,80,000147,120.33802016666667,30.316354583333332,map2019/merge_test_700-1800_cr0.95_stride100/Hangdian_80_000147/GPS_info.json,True,12,12,0,12,12,1.0,4.9295012516381576e-12,0,0,
merge_test_700-1800_cr0.95_stride100,Hangdian_80_000148,Hangdian,80,000148,120.33781252777777,30.316353888888887,map2019/merge_test_700-1800_cr0.95_stride100/Hangdian_80_000148/GPS_info.json,True,12,12,0,12,12,1.0,4.9295012516381576e-12,0,0,
merge_test_700-1800_cr0.95_stride100,Hangdian_80_000149,Hangdian,80,000149,120.33760488888889,30.316354416666666,map2019/merge_test_700-1800_cr0.95_stride100/Hangdian_80_000149/GPS_info.json,True,12,12,0,12,12,1.0,4.174924295163862e-12,0,0,
merge_test_700-1800_cr0.95_stride100,Hangdian_80_000150,Hangdian,80,000150,120.33739727777778,30.316354583333332,map2019/merge_test_700-1800_cr0.95_stride100/Hangdian_80_000150/GPS_info.json,True,12,12,0,12,12,1.0,4.9295012516381576e-12,0,0,
merge_test_700-1800_cr0.95_stride100,Hangdian_80_000151,Hangdian,80,000151,120.33718938888889,30.316354666666665,map2019/merge_test_700-1800_cr0.95_stride100/Hangdian_80_000151/GPS_info.json,True,12,12,0,12,12,1.0,3.825662009404596e-12,0,0,
merge_test_700-1800_cr0.95_stride100,Hangdian_80_000152,Hangdian,80,000152,120.33698044444445,30.316355416666667,map2019/merge_test_700-1800_cr0.95_stride100/Hangdian_80_000152/GPS_info.json,True,12,12,0,12,12,1.0,4.9295012516381576e-12,0,0,
merge_test_700-1800_cr0.95_stride100,Hangdian_80_000153,Hangdian,80,000153,120.3369786388889,30.316174194444443,map2019/merge_test_700-1800_cr0.95_stride100/Hangdian_80_000153/GPS_info.json,True,12,12,0,12,12,1.0,3.825662009404596e-12,0,0,
merge_test_700-1800_cr0.95_stride100,Hangdian_80_000154,Hangdian,80,000154,120.33718430555555,30.316171722222222,map2019/merge_test_700-1800_cr0.95_stride100/Hangdian_80_000154/GPS_info.json,True,12,12,0,12,12,1.0,3.825662009404596e-12,0,0,
merge_test_700-1800_cr0.95_stride100,Hangdian_80_000155,Hangdian,80,000155,120.33739161111112,30.316170222222222,map2019/merge_test_700-1800_cr0.95_stride100/Hangdian_80_000155/GPS_info.json,True,12,12,0,12,12,1.0,4.9295012516381576e-12,0,0,
merge_test_700-1800_cr0.95_stride100,Hangdian_80_000156,Hangdian,80,000156,120.33760044444445,30.316168805555556,map2019/merge_test_700-1800_cr0.95_stride100/Hangdian_80_000156/GPS_info.json,True,12,12,0,12,12,1.0,4.9295012516381576e-12,0,0,
merge_test_700-1800_cr0.95_stride100,Hangdian_80_000157,Hangdian,80,000157,120.33780911111111,30.316167805555555,map2019/merge_test_700-1800_cr0.95_stride100/Hangdian_80_000157/GPS_info.json,True,12,12,0,12,12,1.0,4.9295012516381576e-12,0,0,
merge_test_700-1800_cr0.95_stride100,Hangdian_80_000158,Hangdian,80,000158,120.33801675,30.316167,map2019/merge_test_700-1800_cr0.95_stride100/Hangdian_80_000158/GPS_info.json,True,12,12,0,12,12,1.0,4.9295012516381576e-12,0,0,
merge_test_700-1800_cr0.95_stride100,Hangdian_80_000159,Hangdian,80,000159,120.338224,30.316164861111112,map2019/merge_test_700-1800_cr0.95_stride100/Hangdian_80_000159/GPS_info.json,True,12,12,0,12,12,1.0,4.9295012516381576e-12,0,0,
merge_test_700-1800_cr0.95_stride100,Hangdian_80_000160,Hangdian,80,000160,120.33843025,30.316164277777776,map2019/merge_test_700-1800_cr0.95_stride100/Hangdian_80_000160/GPS_info.json,True,12,12,0,12,12,1.0,3.825662009404596e-12,0,0,
merge_test_700-1800_cr0.95_stride100,Hangdian_80_000161,Hangdian,80,000161,120.33863747222222,30.316162805555557,map2019/merge_test_700-1800_cr0.95_stride100/Hangdian_80_000161/GPS_info.json,True,12,12,0,12,12,1.0,4.9295012516381576e-12,0,0,
merge_test_700-1800_cr0.95_stride100,Hangdian_80_000162,Hangdian,80,000162,120.33884638888888,30.316162805555557,map2019/merge_test_700-1800_cr0.95_stride100/Hangdian_80_000162/GPS_info.json,True,12,12,0,12,12,1.0,4.9295012516381576e-12,0,0,
merge_test_700-1800_cr0.95_stride100,Hangdian_80_000163,Hangdian,80,000163,120.33905436111111,30.316164,map2019/merge_test_700-1800_cr0.95_stride100/Hangdian_80_000163/GPS_info.json,True,12,12,0,12,12,1.0,4.9295012516381576e-12,0,0,
merge_test_700-1800_cr0.95_stride100,Hangdian_80_000164,Hangdian,80,000164,120.33926244444444,30.316163416666665,map2019/merge_test_700-1800_cr0.95_stride100/Hangdian_80_000164/GPS_info.json,True,12,12,0,12,12,1.0,3.825662009404596e-12,0,0,
merge_test_700-1800_cr0.95_stride100,Hangdian_80_000165,Hangdian,80,000165,120.33947066666667,30.31616286111111,map2019/merge_test_700-1800_cr0.95_stride100/Hangdian_80_000165/GPS_info.json,True,12,12,0,12,12,1.0,3.825662009404596e-12,0,0,
merge_test_700-1800_cr0.95_stride100,Hangdian_80_000166,Hangdian,80,000166,120.33967927777778,30.316161722222223,map2019/merge_test_700-1800_cr0.95_stride100/Hangdian_80_000166/GPS_info.json,True,12,12,0,12,12,1.0,4.9295012516381576e-12,0,0,
merge_test_700-1800_cr0.95_stride100,Hangdian_80_000167,Hangdian,80,000167,120.3398878888889,30.31616225,map2019/merge_test_700-1800_cr0.95_stride100/Hangdian_80_000167/GPS_info.json,True,12,12,0,12,12,1.0,4.9295012516381576e-12,0,0,
merge_test_700-1800_cr0.95_stride100,Hangdian_80_000168,Hangdian,80,000168,120.34009605555555,30.316161527777776,map2019/merge_test_700-1800_cr0.95_stride100/Hangdian_80_000168/GPS_info.json,True,12,12,0,12,12,1.0,4.9295012516381576e-12,0,0,
merge_test_700-1800_cr0.95_stride100,Hangdian_80_000169,Hangdian,80,000169,120.340304,30.316160194444443,map2019/merge_test_700-1800_cr0.95_stride100/Hangdian_80_000169/GPS_info.json,True,12,12,0,12,12,1.0,3.825662009404596e-12,0,0,
merge_test_700-1800_cr0.95_stride100,Hangdian_80_000170,Hangdian,80,000170,120.34030544444444,30.315982944444446,map2019/merge_test_700-1800_cr0.95_stride100/Hangdian_80_000170/GPS_info.json,True,12,12,0,12,12,1.0,3.825662009404596e-12,0,0,
merge_test_700-1800_cr0.95_stride100,Hangdian_80_000171,Hangdian,80,000171,120.34009863888889,30.31598361111111,map2019/merge_test_700-1800_cr0.95_stride100/Hangdian_80_000171/GPS_info.json,True,12,12,0,12,12,1.0,3.825662009404596e-12,0,0,
merge_test_700-1800_cr0.95_stride100,Hangdian_80_000172,Hangdian,80,000172,120.33989116666666,30.315984888888888,map2019/merge_test_700-1800_cr0.95_stride100/Hangdian_80_000172/GPS_info.json,True,12,12,0,12,12,0.0,5.065228184802928e-12,0,0,
merge_test_700-1800_cr0.95_stride100,Hangdian_80_000173,Hangdian,80,000173,120.33968338888889,30.315985472222224,map2019/merge_test_700-1800_cr0.95_stride100/Hangdian_80_000173/GPS_info.json,True,12,12,0,12,12,1.0,3.825662009404596e-12,0,0,
merge_test_700-1800_cr0.95_stride100,Hangdian_80_000174,Hangdian,80,000174,120.33947586111111,30.315986333333335,map2019/merge_test_700-1800_cr0.95_stride100/Hangdian_80_000174/GPS_info.json,True,12,12,0,12,12,0.0,5.065228184802928e-12,0,0,
merge_test_700-1800_cr0.95_stride100,Hangdian_80_000175,Hangdian,80,000175,120.33926733333334,30.31598836111111,map2019/merge_test_700-1800_cr0.95_stride100/Hangdian_80_000175/GPS_info.json,True,12,12,0,12,12,0.0,5.065228184802928e-12,0,0,
merge_test_700-1800_cr0.95_stride100,Hangdian_80_000176,Hangdian,80,000176,120.33905625,30.31599061111111,map2019/merge_test_700-1800_cr0.95_stride100/Hangdian_80_000176/GPS_info.json,True,12,12,0,12,12,1.0,3.825662009404596e-12,0,0,
merge_test_700-1800_cr0.95_stride100,Hangdian_90_000000,Hangdian,90,000000,120.34029822222222,30.31784913888889,map2019/merge_test_700-1800_cr0.95_stride100/Hangdian_90_000000/GPS_info.json,True,12,12,0,12,12,1.0,3.825662009404596e-12,0,0,
merge_test_700-1800_cr0.95_stride100,Hangdian_90_000001,Hangdian,90,000001,120.3400995,30.31784672222222,map2019/merge_test_700-1800_cr0.95_stride100/Hangdian_90_000001/GPS_info.json,True,12,12,0,12,12,1.0,3.825662009404596e-12,0,0,
merge_test_700-1800_cr0.95_stride100,Hangdian_90_000002,Hangdian,90,000002,120.33989336111111,30.317843472222222,map2019/merge_test_700-1800_cr0.95_stride100/Hangdian_90_000002/GPS_info.json,True,12,12,0,12,12,1.0,3.825662009404596e-12,0,0,
merge_test_700-1800_cr0.95_stride100,Hangdian_90_000003,Hangdian,90,000003,120.33968472222222,30.317842,map2019/merge_test_700-1800_cr0.95_stride100/Hangdian_90_000003/GPS_info.json,True,12,12,0,12,12,1.0,3.825662009404596e-12,0,0,
merge_test_700-1800_cr0.95_stride100,Hangdian_90_000004,Hangdian,90,000004,120.33947675,30.31784038888889,map2019/merge_test_700-1800_cr0.95_stride100/Hangdian_90_000004/GPS_info.json,True,12,12,0,12,12,1.0,3.825662009404596e-12,0,0,
merge_test_700-1800_cr0.95_stride100,Hangdian_90_000005,Hangdian,90,000005,120.33926905555556,30.317838555555557,map2019/merge_test_700-1800_cr0.95_stride100/Hangdian_90_000005/GPS_info.json,True,12,12,0,12,12,0.0,5.065228184802928e-12,0,0,
merge_test_700-1800_cr0.95_stride100,Hangdian_90_000006,Hangdian,90,000006,120.3390606388889,30.317836833333335,map2019/merge_test_700-1800_cr0.95_stride100/Hangdian_90_000006/GPS_info.json,True,12,12,0,12,12,1.0,3.825662009404596e-12,0,0,
merge_test_700-1800_cr0.95_stride100,Hangdian_90_000007,Hangdian,90,000007,120.33885322222223,30.317834722222223,map2019/merge_test_700-1800_cr0.95_stride100/Hangdian_90_000007/GPS_info.json,True,12,12,0,12,12,1.0,3.825662009404596e-12,0,0,
merge_test_700-1800_cr0.95_stride100,Hangdian_90_000008,Hangdian,90,000008,120.33864505555556,30.31783375,map2019/merge_test_700-1800_cr0.95_stride100/Hangdian_90_000008/GPS_info.json,True,12,12,0,12,12,1.0,3.825662009404596e-12,0,0,
merge_test_700-1800_cr0.95_stride100,Hangdian_90_000009,Hangdian,90,000009,120.33843691666667,30.31783233333333,map2019/merge_test_700-1800_cr0.95_stride100/Hangdian_90_000009/GPS_info.json,True,12,12,0,12,12,0.0,5.065228184802928e-12,0,0,
merge_test_700-1800_cr0.95_stride100,Hangdian_90_000010,Hangdian,90,000010,120.3382286111111,30.317830305555557,map2019/merge_test_700-1800_cr0.95_stride100/Hangdian_90_000010/GPS_info.json,True,12,12,0,12,12,0.0,5.065228184802928e-12,0,0,
merge_test_700-1800_cr0.95_stride100,Hangdian_90_000011,Hangdian,90,000011,120.33802016666667,30.317828916666667,map2019/merge_test_700-1800_cr0.95_stride100/Hangdian_90_000011/GPS_info.json,True,12,12,0,12,12,0.0,5.065228184802928e-12,0,0,
merge_test_700-1800_cr0.95_stride100,Hangdian_90_000012,Hangdian,90,000012,120.33781255555556,30.3178275,map2019/merge_test_700-1800_cr0.95_stride100/Hangdian_90_000012/GPS_info.json,True,12,12,0,12,12,1.0,3.825662009404596e-12,0,0,
merge_test_700-1800_cr0.95_stride100,Hangdian_90_000013,Hangdian,90,000013,120.33760166666667,30.317822,map2019/merge_test_700-1800_cr0.95_stride100/Hangdian_90_000013/GPS_info.json,True,12,12,0,12,12,0.0,5.065228184802928e-12,0,0,
merge_test_700-1800_cr0.95_stride100,Hangdian_90_000014,Hangdian,90,000014,120.33739480555556,30.31782088888889,map2019/merge_test_700-1800_cr0.95_stride100/Hangdian_90_000014/GPS_info.json,True,12,12,0,12,12,0.0,5.065228184802928e-12,0,0,
merge_test_700-1800_cr0.95_stride100,Hangdian_90_000015,Hangdian,90,000015,120.33718805555556,30.317820555555556,map2019/merge_test_700-1800_cr0.95_stride100/Hangdian_90_000015/GPS_info.json,True,12,12,0,12,12,0.0,5.065228184802928e-12,0,0,
merge_test_700-1800_cr0.95_stride100,Hangdian_90_000016,Hangdian,90,000016,120.3369805,30.31781888888889,map2019/merge_test_700-1800_cr0.95_stride100/Hangdian_90_000016/GPS_info.json,True,12,12,0,12,12,0.0,5.065228184802928e-12,0,0,
merge_test_700-1800_cr0.95_stride100,Hangdian_90_000017,Hangdian,90,000017,120.33697194444444,30.317640333333333,map2019/merge_test_700-1800_cr0.95_stride100/Hangdian_90_000017/GPS_info.json,True,12,12,0,12,12,0.0,5.065228184802928e-12,0,0,
merge_test_700-1800_cr0.95_stride100,Hangdian_90_000018,Hangdian,90,000018,120.33717863888889,30.317639444444445,map2019/merge_test_700-1800_cr0.95_stride100/Hangdian_90_000018/GPS_info.json,True,12,12,0,12,12,1.0,4.119815599779031e-12,0,0,
merge_test_700-1800_cr0.95_stride100,Hangdian_90_000019,Hangdian,90,000019,120.33738591666666,30.31763972222222,map2019/merge_test_700-1800_cr0.95_stride100/Hangdian_90_000019/GPS_info.json,True,12,12,0,12,12,1.0,4.119815599779031e-12,0,0,
merge_test_700-1800_cr0.95_stride100,Hangdian_90_000020,Hangdian,90,000020,120.33759372222222,30.317640583333333,map2019/merge_test_700-1800_cr0.95_stride100/Hangdian_90_000020/GPS_info.json,True,12,12,0,12,12,0.0,5.065228184802928e-12,0,0,
merge_test_700-1800_cr0.95_stride100,Hangdian_90_000021,Hangdian,90,000021,120.33780022222223,30.31764088888889,map2019/merge_test_700-1800_cr0.95_stride100/Hangdian_90_000021/GPS_info.json,True,12,12,0,12,12,1.0,4.119815599779031e-12,0,0,
merge_test_700-1800_cr0.95_stride100,Hangdian_90_000022,Hangdian,90,000022,120.33800777777778,30.317641694444443,map2019/merge_test_700-1800_cr0.95_stride100/Hangdian_90_000022/GPS_info.json,True,12,12,0,12,12,0.0,5.065228184802928e-12,0,0,
merge_test_700-1800_cr0.95_stride100,Hangdian_90_000023,Hangdian,90,000023,120.33821530555555,30.317642222222222,map2019/merge_test_700-1800_cr0.95_stride100/Hangdian_90_000023/GPS_info.json,True,12,12,0,12,12,0.0,5.065228184802928e-12,0,0,
merge_test_700-1800_cr0.95_stride100,Hangdian_90_000024,Hangdian,90,000024,120.33842338888888,30.31764313888889,map2019/merge_test_700-1800_cr0.95_stride100/Hangdian_90_000024/GPS_info.json,True,12,12,0,12,12,1.0,4.119815599779031e-12,0,0,
merge_test_700-1800_cr0.95_stride100,Hangdian_90_000025,Hangdian,90,000025,120.33863158333334,30.31764363888889,map2019/merge_test_700-1800_cr0.95_stride100/Hangdian_90_000025/GPS_info.json,True,12,12,0,12,12,0.0,5.065228184802928e-12,0,0,
merge_test_700-1800_cr0.95_stride100,Hangdian_90_000026,Hangdian,90,000026,120.33883925,30.317644138888888,map2019/merge_test_700-1800_cr0.95_stride100/Hangdian_90_000026/GPS_info.json,True,12,12,0,12,12,0.0,5.065228184802928e-12,0,0,
merge_test_700-1800_cr0.95_stride100,Hangdian_90_000027,Hangdian,90,000027,120.33904675,30.31764513888889,map2019/merge_test_700-1800_cr0.95_stride100/Hangdian_90_000027/GPS_info.json,True,12,12,0,12,12,0.0,5.065228184802928e-12,0,0,
merge_test_700-1800_cr0.95_stride100,Hangdian_90_000028,Hangdian,90,000028,120.3392545,30.31764586111111,map2019/merge_test_700-1800_cr0.95_stride100/Hangdian_90_000028/GPS_info.json,True,12,12,0,12,12,1.0,4.119815599779031e-12,0,0,
merge_test_700-1800_cr0.95_stride100,Hangdian_90_000029,Hangdian,90,000029,120.33946236111112,30.317645777777777,map2019/merge_test_700-1800_cr0.95_stride100/Hangdian_90_000029/GPS_info.json,True,12,12,0,12,12,0.0,5.065228184802928e-12,0,0,
merge_test_700-1800_cr0.95_stride100,Hangdian_90_000030,Hangdian,90,000030,120.33967055555556,30.317645249999998,map2019/merge_test_700-1800_cr0.95_stride100/Hangdian_90_000030/GPS_info.json,True,12,12,0,12,12,1.0,4.119815599779031e-12,0,0,
merge_test_700-1800_cr0.95_stride100,Hangdian_90_000031,Hangdian,90,000031,120.33987936111112,30.317645972222223,map2019/merge_test_700-1800_cr0.95_stride100/Hangdian_90_000031/GPS_info.json,True,12,12,0,12,12,1.0,4.119815599779031e-12,0,0,
merge_test_700-1800_cr0.95_stride100,Hangdian_90_000032,Hangdian,90,000032,120.34008741666666,30.317647666666666,map2019/merge_test_700-1800_cr0.95_stride100/Hangdian_90_000032/GPS_info.json,True,12,12,0,12,12,0.0,5.065228184802928e-12,0,0,
merge_test_700-1800_cr0.95_stride100,Hangdian_90_000033,Hangdian,90,000033,120.34029636111111,30.31764888888889,map2019/merge_test_700-1800_cr0.95_stride100/Hangdian_90_000033/GPS_info.json,True,12,12,0,12,12,1.0,4.119815599779031e-12,0,0,
merge_test_700-1800_cr0.95_stride100,Hangdian_90_000034,Hangdian,90,000034,120.3403051111111,30.31747077777778,map2019/merge_test_700-1800_cr0.95_stride100/Hangdian_90_000034/GPS_info.json,True,12,12,0,12,12,1.0,4.119815599779031e-12,0,0,
merge_test_700-1800_cr0.95_stride100,Hangdian_90_000035,Hangdian,90,000035,120.34010055555555,30.317468972222223,map2019/merge_test_700-1800_cr0.95_stride100/Hangdian_90_000035/GPS_info.json,True,12,12,0,12,12,1.0,4.119815599779031e-12,0,0,
merge_test_700-1800_cr0.95_stride100,Hangdian_90_000036,Hangdian,90,000036,120.33989286111111,30.317467916666665,map2019/merge_test_700-1800_cr0.95_stride100/Hangdian_90_000036/GPS_info.json,True,12,12,0,12,12,1.0,5.296652005881697e-12,0,0,
merge_test_700-1800_cr0.95_stride100,Hangdian_90_000037,Hangdian,90,000037,120.3396845,30.31746725,map2019/merge_test_700-1800_cr0.95_stride100/Hangdian_90_000037/GPS_info.json,True,12,12,0,12,12,1.0,4.119815599779031e-12,0,0,
merge_test_700-1800_cr0.95_stride100,Hangdian_90_000038,Hangdian,90,000038,120.33947791666667,30.317466694444445,map2019/merge_test_700-1800_cr0.95_stride100/Hangdian_90_000038/GPS_info.json,True,12,12,0,12,12,1.0,5.296652005881697e-12,0,0,
merge_test_700-1800_cr0.95_stride100,Hangdian_90_000039,Hangdian,90,000039,120.33926933333333,30.317466083333333,map2019/merge_test_700-1800_cr0.95_stride100/Hangdian_90_000039/GPS_info.json,True,12,12,0,12,12,1.0,4.119815599779031e-12,0,0,
merge_test_700-1800_cr0.95_stride100,Hangdian_90_000040,Hangdian,90,000040,120.33906236111112,30.317465722222224,map2019/merge_test_700-1800_cr0.95_stride100/Hangdian_90_000040/GPS_info.json,True,12,12,0,12,12,1.0,4.119815599779031e-12,0,0,
merge_test_700-1800_cr0.95_stride100,Hangdian_90_000041,Hangdian,90,000041,120.3388538611111,30.317465527777777,map2019/merge_test_700-1800_cr0.95_stride100/Hangdian_90_000041/GPS_info.json,True,12,12,0,12,12,1.0,5.296652005881697e-12,0,0,
merge_test_700-1800_cr0.95_stride100,Hangdian_90_000042,Hangdian,90,000042,120.33864611111112,30.317464666666666,map2019/merge_test_700-1800_cr0.95_stride100/Hangdian_90_000042/GPS_info.json,True,12,12,0,12,12,1.0,4.119815599779031e-12,0,0,
merge_test_700-1800_cr0.95_stride100,Hangdian_90_000043,Hangdian,90,000043,120.33843888888889,30.31746436111111,map2019/merge_test_700-1800_cr0.95_stride100/Hangdian_90_000043/GPS_info.json,True,12,12,0,12,12,1.0,4.119815599779031e-12,0,0,
merge_test_700-1800_cr0.95_stride100,Hangdian_90_000044,Hangdian,90,000044,120.33823063888889,30.317464027777778,map2019/merge_test_700-1800_cr0.95_stride100/Hangdian_90_000044/GPS_info.json,True,12,12,0,12,12,1.0,5.296652005881697e-12,0,0,
merge_test_700-1800_cr0.95_stride100,Hangdian_90_000045,Hangdian,90,000045,120.33802341666667,30.31746327777778,map2019/merge_test_700-1800_cr0.95_stride100/Hangdian_90_000045/GPS_info.json,True,12,12,0,12,12,1.0,4.119815599779031e-12,0,0,
merge_test_700-1800_cr0.95_stride100,Hangdian_90_000046,Hangdian,90,000046,120.33781488888889,30.317463083333333,map2019/merge_test_700-1800_cr0.95_stride100/Hangdian_90_000046/GPS_info.json,True,12,12,0,12,12,1.0,4.119815599779031e-12,0,0,
merge_test_700-1800_cr0.95_stride100,Hangdian_90_000047,Hangdian,90,000047,120.33760683333334,30.317462583333334,map2019/merge_test_700-1800_cr0.95_stride100/Hangdian_90_000047/GPS_info.json,True,12,12,0,12,12,1.0,4.119815599779031e-12,0,0,
merge_test_700-1800_cr0.95_stride100,Hangdian_90_000048,Hangdian,90,000048,120.33739936111111,30.317462111111112,map2019/merge_test_700-1800_cr0.95_stride100/Hangdian_90_000048/GPS_info.json,True,12,12,0,12,12,1.0,5.296652005881697e-12,0,0,
merge_test_700-1800_cr0.95_stride100,Hangdian_90_000049,Hangdian,90,000049,120.3371931111111,30.31746288888889,map2019/merge_test_700-1800_cr0.95_stride100/Hangdian_90_000049/GPS_info.json,True,12,12,0,12,12,1.0,4.119815599779031e-12,0,0,
merge_test_700-1800_cr0.95_stride100,Hangdian_90_000050,Hangdian,90,000050,120.3369836388889,30.317462222222222,map2019/merge_test_700-1800_cr0.95_stride100/Hangdian_90_000050/GPS_info.json,True,12,12,0,12,12,1.0,5.296652005881697e-12,0,0,
merge_test_700-1800_cr0.95_stride100,Hangdian_90_000051,Hangdian,90,000051,120.33698575,30.317281722222223,map2019/merge_test_700-1800_cr0.95_stride100/Hangdian_90_000051/GPS_info.json,True,12,12,0,12,12,1.0,5.296652005881697e-12,0,0,
merge_test_700-1800_cr0.95_stride100,Hangdian_90_000052,Hangdian,90,000052,120.33719197222223,30.317281694444443,map2019/merge_test_700-1800_cr0.95_stride100/Hangdian_90_000052/GPS_info.json,True,12,12,0,12,12,1.0,5.296652005881697e-12,0,0,
merge_test_700-1800_cr0.95_stride100,Hangdian_90_000053,Hangdian,90,000053,120.33739947222222,30.3172815,map2019/merge_test_700-1800_cr0.95_stride100/Hangdian_90_000053/GPS_info.json,True,12,12,0,12,12,1.0,4.119815599779031e-12,0,0,
merge_test_700-1800_cr0.95_stride100,Hangdian_90_000054,Hangdian,90,000054,120.33760594444445,30.317279666666668,map2019/merge_test_700-1800_cr0.95_stride100/Hangdian_90_000054/GPS_info.json,True,12,12,0,12,12,1.0,5.296652005881697e-12,0,0,
merge_test_700-1800_cr0.95_stride100,Hangdian_90_000055,Hangdian,90,000055,120.33781388888889,30.317281027777778,map2019/merge_test_700-1800_cr0.95_stride100/Hangdian_90_000055/GPS_info.json,True,12,12,0,12,12,1.0,5.296652005881697e-12,0,0,
merge_test_700-1800_cr0.95_stride100,Hangdian_90_000056,Hangdian,90,000056,120.33802166666666,30.31728038888889,map2019/merge_test_700-1800_cr0.95_stride100/Hangdian_90_000056/GPS_info.json,True,12,12,0,12,12,1.0,5.296652005881697e-12,0,0,
merge_test_700-1800_cr0.95_stride100,Hangdian_90_000057,Hangdian,90,000057,120.33823122222222,30.317280472222222,map2019/merge_test_700-1800_cr0.95_stride100/Hangdian_90_000057/GPS_info.json,True,12,12,0,12,12,0.0,4.184874669022065e-12,0,0,
merge_test_700-1800_cr0.95_stride100,Hangdian_90_000058,Hangdian,90,000058,120.33843822222222,30.317280333333333,map2019/merge_test_700-1800_cr0.95_stride100/Hangdian_90_000058/GPS_info.json,True,12,12,0,12,12,0.0,4.184874669022065e-12,0,0,
merge_test_700-1800_cr0.95_stride100,Hangdian_90_000059,Hangdian,90,000059,120.33864508333333,30.317279555555555,map2019/merge_test_700-1800_cr0.95_stride100/Hangdian_90_000059/GPS_info.json,True,12,12,0,12,12,1.0,5.296652005881697e-12,0,0,
merge_test_700-1800_cr0.95_stride100,Hangdian_90_000060,Hangdian,90,000060,120.3388525,30.317279777777777,map2019/merge_test_700-1800_cr0.95_stride100/Hangdian_90_000060/GPS_info.json,True,12,12,0,12,12,0.0,4.184874669022065e-12,0,0,
merge_test_700-1800_cr0.95_stride100,Hangdian_90_000061,Hangdian,90,000061,120.33906005555555,30.317280027777777,map2019/merge_test_700-1800_cr0.95_stride100/Hangdian_90_000061/GPS_info.json,True,12,12,0,12,12,1.0,5.296652005881697e-12,0,0,
merge_test_700-1800_cr0.95_stride100,Hangdian_90_000062,Hangdian,90,000062,120.33926763888888,30.317280055555557,map2019/merge_test_700-1800_cr0.95_stride100/Hangdian_90_000062/GPS_info.json,True,12,12,0,12,12,1.0,5.296652005881697e-12,0,0,
merge_test_700-1800_cr0.95_stride100,Hangdian_90_000063,Hangdian,90,000063,120.33947655555555,30.31727938888889,map2019/merge_test_700-1800_cr0.95_stride100/Hangdian_90_000063/GPS_info.json,True,12,12,0,12,12,1.0,5.296652005881697e-12,0,0,
merge_test_700-1800_cr0.95_stride100,Hangdian_90_000064,Hangdian,90,000064,120.33968383333334,30.31727913888889,map2019/merge_test_700-1800_cr0.95_stride100/Hangdian_90_000064/GPS_info.json,True,12,12,0,12,12,0.0,4.184874669022065e-12,0,0,
merge_test_700-1800_cr0.95_stride100,Hangdian_90_000065,Hangdian,90,000065,120.33989177777778,30.317278666666667,map2019/merge_test_700-1800_cr0.95_stride100/Hangdian_90_000065/GPS_info.json,True,12,12,0,12,12,1.0,5.296652005881697e-12,0,0,
merge_test_700-1800_cr0.95_stride100,Hangdian_90_000066,Hangdian,90,000066,120.34010066666667,30.317278916666666,map2019/merge_test_700-1800_cr0.95_stride100/Hangdian_90_000066/GPS_info.json,True,12,12,0,12,12,1.0,5.296652005881697e-12,0,0,
merge_test_700-1800_cr0.95_stride100,Hangdian_90_000067,Hangdian,90,000067,120.34030866666667,30.317279805555554,map2019/merge_test_700-1800_cr0.95_stride100/Hangdian_90_000067/GPS_info.json,True,12,12,0,12,12,1.0,5.296652005881697e-12,0,0,
merge_test_700-1800_cr0.95_stride100,Hangdian_90_000068,Hangdian,90,000068,120.34031238888889,30.317100194444443,map2019/merge_test_700-1800_cr0.95_stride100/Hangdian_90_000068/GPS_info.json,True,12,12,0,12,12,0.0,4.184874669022065e-12,0,0,
merge_test_700-1800_cr0.95_stride100,Hangdian_90_000069,Hangdian,90,000069,120.34010766666667,30.317099666666667,map2019/merge_test_700-1800_cr0.95_stride100/Hangdian_90_000069/GPS_info.json,True,12,12,0,12,12,0.0,4.184874669022065e-12,0,0,
merge_test_700-1800_cr0.95_stride100,Hangdian_90_000070,Hangdian,90,000070,120.33990075,30.317100027777776,map2019/merge_test_700-1800_cr0.95_stride100/Hangdian_90_000070/GPS_info.json,True,12,12,0,12,12,0.0,4.184874669022065e-12,0,0,
merge_test_700-1800_cr0.95_stride100,Hangdian_90_000071,Hangdian,90,000071,120.33969322222222,30.317100166666666,map2019/merge_test_700-1800_cr0.95_stride100/Hangdian_90_000071/GPS_info.json,True,12,12,0,12,12,1.0,5.296652005881697e-12,0,0,
merge_test_700-1800_cr0.95_stride100,Hangdian_90_000072,Hangdian,90,000072,120.33948469444445,30.31710011111111,map2019/merge_test_700-1800_cr0.95_stride100/Hangdian_90_000072/GPS_info.json,True,12,12,0,12,12,1.0,5.296652005881697e-12,0,0,
merge_test_700-1800_cr0.95_stride100,Hangdian_90_000073,Hangdian,90,000073,120.3392765,30.3171,map2019/merge_test_700-1800_cr0.95_stride100/Hangdian_90_000073/GPS_info.json,True,12,12,0,12,12,0.0,4.184874669022065e-12,0,0,
merge_test_700-1800_cr0.95_stride100,Hangdian_90_000074,Hangdian,90,000074,120.33906844444445,30.3170995,map2019/merge_test_700-1800_cr0.95_stride100/Hangdian_90_000074/GPS_info.json,True,12,12,0,12,12,0.0,4.184874669022065e-12,0,0,
merge_test_700-1800_cr0.95_stride100,Hangdian_90_000075,Hangdian,90,000075,120.33886094444445,30.317099416666668,map2019/merge_test_700-1800_cr0.95_stride100/Hangdian_90_000075/GPS_info.json,True,12,12,0,12,12,0.0,4.184874669022065e-12,0,0,
merge_test_700-1800_cr0.95_stride100,Hangdian_90_000076,Hangdian,90,000076,120.33865322222222,30.317099055555556,map2019/merge_test_700-1800_cr0.95_stride100/Hangdian_90_000076/GPS_info.json,True,12,12,0,12,12,0.0,4.184874669022065e-12,0,0,
merge_test_700-1800_cr0.95_stride100,Hangdian_90_000077,Hangdian,90,000077,120.33844608333334,30.31709875,map2019/merge_test_700-1800_cr0.95_stride100/Hangdian_90_000077/GPS_info.json,True,12,12,0,12,12,2.0,4.3241799030369066e-12,0,0,
merge_test_700-1800_cr0.95_stride100,Hangdian_90_000078,Hangdian,90,000078,120.33823991666667,30.317097305555556,map2019/merge_test_700-1800_cr0.95_stride100/Hangdian_90_000078/GPS_info.json,True,12,12,0,12,12,2.0,4.3241799030369066e-12,0,0,
merge_test_700-1800_cr0.95_stride100,Hangdian_90_000079,Hangdian,90,000079,120.33803208333333,30.317097027777777,map2019/merge_test_700-1800_cr0.95_stride100/Hangdian_90_000079/GPS_info.json,True,12,12,0,12,12,0.0,4.184874669022065e-12,0,0,
merge_test_700-1800_cr0.95_stride100,Hangdian_90_000080,Hangdian,90,000080,120.33782377777777,30.317096416666665,map2019/merge_test_700-1800_cr0.95_stride100/Hangdian_90_000080/GPS_info.json,True,12,12,0,12,12,2.0,4.3241799030369066e-12,0,0,
merge_test_700-1800_cr0.95_stride100,Hangdian_90_000081,Hangdian,90,000081,120.33761469444444,30.31709675,map2019/merge_test_700-1800_cr0.95_stride100/Hangdian_90_000081/GPS_info.json,True,12,12,0,12,12,0.0,4.184874669022065e-12,0,0,
merge_test_700-1800_cr0.95_stride100,Hangdian_90_000082,Hangdian,90,000082,120.33740752777778,30.31709627777778,map2019/merge_test_700-1800_cr0.95_stride100/Hangdian_90_000082/GPS_info.json,True,12,12,0,12,12,0.0,4.184874669022065e-12,0,0,
merge_test_700-1800_cr0.95_stride100,Hangdian_90_000083,Hangdian,90,000083,120.3372005,30.317095833333333,map2019/merge_test_700-1800_cr0.95_stride100/Hangdian_90_000083/GPS_info.json,True,12,12,0,12,12,2.0,4.3241799030369066e-12,0,0,
merge_test_700-1800_cr0.95_stride100,Hangdian_90_000084,Hangdian,90,000084,120.33699247222222,30.317096055555556,map2019/merge_test_700-1800_cr0.95_stride100/Hangdian_90_000084/GPS_info.json,True,12,12,0,12,12,0.0,4.184874669022065e-12,0,0,
merge_test_700-1800_cr0.95_stride100,Hangdian_90_000085,Hangdian,90,000085,120.33699144444445,30.316915527777777,map2019/merge_test_700-1800_cr0.95_stride100/Hangdian_90_000085/GPS_info.json,True,12,12,0,12,12,0.0,4.184874669022065e-12,0,0,
merge_test_700-1800_cr0.95_stride100,Hangdian_90_000086,Hangdian,90,000086,120.33719688888888,30.31691438888889,map2019/merge_test_700-1800_cr0.95_stride100/Hangdian_90_000086/GPS_info.json,True,12,12,0,12,12,2.0,4.3241799030369066e-12,0,0,
merge_test_700-1800_cr0.95_stride100,Hangdian_90_000087,Hangdian,90,000087,120.337405,30.31691361111111,map2019/merge_test_700-1800_cr0.95_stride100/Hangdian_90_000087/GPS_info.json,True,12,12,0,12,12,0.0,4.184874669022065e-12,0,0,
merge_test_700-1800_cr0.95_stride100,Hangdian_90_000088,Hangdian,90,000088,120.33761361111111,30.316914472222223,map2019/merge_test_700-1800_cr0.95_stride100/Hangdian_90_000088/GPS_info.json,True,12,12,0,12,12,2.0,4.3241799030369066e-12,0,0,
merge_test_700-1800_cr0.95_stride100,Hangdian_90_000089,Hangdian,90,000089,120.33782130555555,30.316914194444443,map2019/merge_test_700-1800_cr0.95_stride100/Hangdian_90_000089/GPS_info.json,True,12,12,0,12,12,0.0,4.184874669022065e-12,0,0,
merge_test_700-1800_cr0.95_stride100,Hangdian_90_000090,Hangdian,90,000090,120.33802813888889,30.316914,map2019/merge_test_700-1800_cr0.95_stride100/Hangdian_90_000090/GPS_info.json,True,12,12,0,12,12,0.0,4.184874669022065e-12,0,0,
merge_test_700-1800_cr0.95_stride100,Hangdian_90_000091,Hangdian,90,000091,120.33823561111112,30.316913888888887,map2019/merge_test_700-1800_cr0.95_stride100/Hangdian_90_000091/GPS_info.json,True,12,12,0,12,12,2.0,4.3241799030369066e-12,0,0,
merge_test_700-1800_cr0.95_stride100,Hangdian_90_000092,Hangdian,90,000092,120.33844333333333,30.316912555555554,map2019/merge_test_700-1800_cr0.95_stride100/Hangdian_90_000092/GPS_info.json,True,12,12,0,12,12,0.0,4.184874669022065e-12,0,0,
merge_test_700-1800_cr0.95_stride100,Hangdian_90_000093,Hangdian,90,000093,120.33865108333333,30.31691072222222,map2019/merge_test_700-1800_cr0.95_stride100/Hangdian_90_000093/GPS_info.json,True,12,12,0,12,12,2.0,4.3241799030369066e-12,0,0,
merge_test_700-1800_cr0.95_stride100,Hangdian_90_000094,Hangdian,90,000094,120.33885894444444,30.31691013888889,map2019/merge_test_700-1800_cr0.95_stride100/Hangdian_90_000094/GPS_info.json,True,12,12,0,12,12,2.0,4.3241799030369066e-12,0,0,
merge_test_700-1800_cr0.95_stride100,Hangdian_90_000095,Hangdian,90,000095,120.3390678611111,30.316908194444444,map2019/merge_test_700-1800_cr0.95_stride100/Hangdian_90_000095/GPS_info.json,True,12,12,0,12,12,2.0,4.3241799030369066e-12,0,0,
merge_test_700-1800_cr0.95_stride100,Hangdian_90_000096,Hangdian,90,000096,120.33927569444444,30.316907194444443,map2019/merge_test_700-1800_cr0.95_stride100/Hangdian_90_000096/GPS_info.json,True,12,12,0,12,12,1.0,3.2979174946490275e-12,0,0,
merge_test_700-1800_cr0.95_stride100,Hangdian_90_000097,Hangdian,90,000097,120.33948405555556,30.316905944444443,map2019/merge_test_700-1800_cr0.95_stride100/Hangdian_90_000097/GPS_info.json,True,12,12,0,12,12,2.0,4.3241799030369066e-12,0,0,
merge_test_700-1800_cr0.95_stride100,Hangdian_90_000098,Hangdian,90,000098,120.33967258333334,30.31691675,map2019/merge_test_700-1800_cr0.95_stride100/Hangdian_90_000098/GPS_info.json,True,12,12,0,12,12,1.0,3.2979174946490275e-12,0,0,
merge_test_700-1800_cr0.95_stride100,Hangdian_90_000099,Hangdian,90,000099,120.33987997222222,30.31691497222222,map2019/merge_test_700-1800_cr0.95_stride100/Hangdian_90_000099/GPS_info.json,True,12,12,0,12,12,2.0,4.3241799030369066e-12,0,0,
merge_test_700-1800_cr0.95_stride100,Hangdian_90_000100,Hangdian,90,000100,120.34009155555556,30.316910805555555,map2019/merge_test_700-1800_cr0.95_stride100/Hangdian_90_000100/GPS_info.json,True,12,12,0,12,12,2.0,4.3241799030369066e-12,0,0,
merge_test_700-1800_cr0.95_stride100,Hangdian_90_000101,Hangdian,90,000101,120.34029916666667,30.316910444444446,map2019/merge_test_700-1800_cr0.95_stride100/Hangdian_90_000101/GPS_info.json,True,12,12,0,12,12,1.0,3.2979174946490275e-12,0,0,
merge_test_700-1800_cr0.95_stride100,Hangdian_90_000102,Hangdian,90,000102,120.34029930555556,30.316729333333335,map2019/merge_test_700-1800_cr0.95_stride100/Hangdian_90_000102/GPS_info.json,True,12,12,0,12,12,1.0,3.2979174946490275e-12,0,0,
merge_test_700-1800_cr0.95_stride100,Hangdian_90_000103,Hangdian,90,000103,120.34009477777778,30.316727666666665,map2019/merge_test_700-1800_cr0.95_stride100/Hangdian_90_000103/GPS_info.json,True,12,12,0,12,12,2.0,4.3241799030369066e-12,0,0,
merge_test_700-1800_cr0.95_stride100,Hangdian_90_000104,Hangdian,90,000104,120.33988786111111,30.31672725,map2019/merge_test_700-1800_cr0.95_stride100/Hangdian_90_000104/GPS_info.json,True,12,12,0,12,12,2.0,4.3241799030369066e-12,0,0,
merge_test_700-1800_cr0.95_stride100,Hangdian_90_000105,Hangdian,90,000105,120.33968025,30.316727666666665,map2019/merge_test_700-1800_cr0.95_stride100/Hangdian_90_000105/GPS_info.json,True,12,12,0,12,12,2.0,4.3241799030369066e-12,0,0,
merge_test_700-1800_cr0.95_stride100,Hangdian_90_000106,Hangdian,90,000106,120.33947247222223,30.31672888888889,map2019/merge_test_700-1800_cr0.95_stride100/Hangdian_90_000106/GPS_info.json,True,12,12,0,12,12,1.0,3.2979174946490275e-12,0,0,
merge_test_700-1800_cr0.95_stride100,Hangdian_90_000107,Hangdian,90,000107,120.33926383333333,30.316730444444445,map2019/merge_test_700-1800_cr0.95_stride100/Hangdian_90_000107/GPS_info.json,True,12,12,0,12,12,2.0,4.3241799030369066e-12,0,0,
merge_test_700-1800_cr0.95_stride100,Hangdian_90_000108,Hangdian,90,000108,120.33905616666667,30.31673038888889,map2019/merge_test_700-1800_cr0.95_stride100/Hangdian_90_000108/GPS_info.json,True,12,12,0,12,12,1.0,3.2979174946490275e-12,0,0,
merge_test_700-1800_cr0.95_stride100,Hangdian_90_000109,Hangdian,90,000109,120.33884783333333,30.316731833333332,map2019/merge_test_700-1800_cr0.95_stride100/Hangdian_90_000109/GPS_info.json,True,12,12,0,12,12,2.0,4.3241799030369066e-12,0,0,
merge_test_700-1800_cr0.95_stride100,Hangdian_90_000110,Hangdian,90,000110,120.33863830555556,30.316732694444443,map2019/merge_test_700-1800_cr0.95_stride100/Hangdian_90_000110/GPS_info.json,True,12,12,0,12,12,2.0,4.3241799030369066e-12,0,0,
merge_test_700-1800_cr0.95_stride100,Hangdian_90_000111,Hangdian,90,000111,120.33843191666666,30.316734194444443,map2019/merge_test_700-1800_cr0.95_stride100/Hangdian_90_000111/GPS_info.json,True,12,12,0,12,12,1.0,3.2979174946490275e-12,0,0,
merge_test_700-1800_cr0.95_stride100,Hangdian_90_000112,Hangdian,90,000112,120.33822402777778,30.31673375,map2019/merge_test_700-1800_cr0.95_stride100/Hangdian_90_000112/GPS_info.json,True,12,12,0,12,12,2.0,4.3241799030369066e-12,0,0,
merge_test_700-1800_cr0.95_stride100,Hangdian_90_000113,Hangdian,90,000113,120.33801027777778,30.31673588888889,map2019/merge_test_700-1800_cr0.95_stride100/Hangdian_90_000113/GPS_info.json,True,12,12,0,12,12,1.0,3.2979174946490275e-12,0,0,
merge_test_700-1800_cr0.95_stride100,Hangdian_90_000114,Hangdian,90,000114,120.33779927777778,30.31673711111111,map2019/merge_test_700-1800_cr0.95_stride100/Hangdian_90_000114/GPS_info.json,True,12,12,0,12,12,1.0,3.2979174946490275e-12,0,0,
merge_test_700-1800_cr0.95_stride100,Hangdian_90_000115,Hangdian,90,000115,120.33759452777778,30.31673711111111,map2019/merge_test_700-1800_cr0.95_stride100/Hangdian_90_000115/GPS_info.json,True,12,12,0,12,12,1.0,3.2979174946490275e-12,0,0,
merge_test_700-1800_cr0.95_stride100,Hangdian_90_000116,Hangdian,90,000116,120.33738630555555,30.316738166666667,map2019/merge_test_700-1800_cr0.95_stride100/Hangdian_90_000116/GPS_info.json,True,12,12,0,12,12,1.0,3.2979174946490275e-12,0,0,
merge_test_700-1800_cr0.95_stride100,Hangdian_90_000117,Hangdian,90,000117,120.33717836111111,30.316738444444443,map2019/merge_test_700-1800_cr0.95_stride100/Hangdian_90_000117/GPS_info.json,True,12,12,0,12,12,1.0,3.2979174946490275e-12,0,0,
merge_test_700-1800_cr0.95_stride100,Hangdian_90_000118,Hangdian,90,000118,120.33697141666667,30.316739277777778,map2019/merge_test_700-1800_cr0.95_stride100/Hangdian_90_000118/GPS_info.json,True,12,12,0,12,12,1.0,4.23761026269176e-12,0,0,
merge_test_700-1800_cr0.95_stride100,Hangdian_90_000119,Hangdian,90,000119,120.33696744444444,30.316559055555555,map2019/merge_test_700-1800_cr0.95_stride100/Hangdian_90_000119/GPS_info.json,True,12,12,0,12,12,1.0,4.23761026269176e-12,0,0,
merge_test_700-1800_cr0.95_stride100,Hangdian_90_000120,Hangdian,90,000120,120.33717113888889,30.316560666666668,map2019/merge_test_700-1800_cr0.95_stride100/Hangdian_90_000120/GPS_info.json,True,12,12,0,12,12,1.0,3.2979174946490275e-12,0,0,
merge_test_700-1800_cr0.95_stride100,Hangdian_90_000121,Hangdian,90,000121,120.33738238888888,30.31655538888889,map2019/merge_test_700-1800_cr0.95_stride100/Hangdian_90_000121/GPS_info.json,True,12,12,0,12,12,1.0,4.23761026269176e-12,0,0,
merge_test_700-1800_cr0.95_stride100,Hangdian_90_000122,Hangdian,90,000122,120.33759038888888,30.316553055555556,map2019/merge_test_700-1800_cr0.95_stride100/Hangdian_90_000122/GPS_info.json,True,12,12,0,12,12,1.0,3.2979174946490275e-12,0,0,
merge_test_700-1800_cr0.95_stride100,Hangdian_90_000123,Hangdian,90,000123,120.33779833333334,30.316551305555556,map2019/merge_test_700-1800_cr0.95_stride100/Hangdian_90_000123/GPS_info.json,True,12,12,0,12,12,1.0,4.23761026269176e-12,0,0,
merge_test_700-1800_cr0.95_stride100,Hangdian_90_000124,Hangdian,90,000124,120.33800527777778,30.316548527777776,map2019/merge_test_700-1800_cr0.95_stride100/Hangdian_90_000124/GPS_info.json,True,12,12,0,12,12,1.0,3.2979174946490275e-12,0,0,
merge_test_700-1800_cr0.95_stride100,Hangdian_90_000125,Hangdian,90,000125,120.33821291666666,30.316547611111112,map2019/merge_test_700-1800_cr0.95_stride100/Hangdian_90_000125/GPS_info.json,True,12,12,0,12,12,1.0,3.2979174946490275e-12,0,0,
merge_test_700-1800_cr0.95_stride100,Hangdian_90_000126,Hangdian,90,000126,120.33842227777778,30.316546944444443,map2019/merge_test_700-1800_cr0.95_stride100/Hangdian_90_000126/GPS_info.json,True,12,12,0,12,12,1.0,4.23761026269176e-12,0,0,
merge_test_700-1800_cr0.95_stride100,Hangdian_90_000127,Hangdian,90,000127,120.33862975,30.31654477777778,map2019/merge_test_700-1800_cr0.95_stride100/Hangdian_90_000127/GPS_info.json,True,12,12,0,12,12,1.0,3.2979174946490275e-12,0,0,
merge_test_700-1800_cr0.95_stride100,Hangdian_90_000128,Hangdian,90,000128,120.33883708333333,30.316542305555554,map2019/merge_test_700-1800_cr0.95_stride100/Hangdian_90_000128/GPS_info.json,True,12,12,0,12,12,1.0,4.23761026269176e-12,0,0,
merge_test_700-1800_cr0.95_stride100,Hangdian_90_000129,Hangdian,90,000129,120.33904544444445,30.31654052777778,map2019/merge_test_700-1800_cr0.95_stride100/Hangdian_90_000129/GPS_info.json,True,12,12,0,12,12,1.0,3.2979174946490275e-12,0,0,
merge_test_700-1800_cr0.95_stride100,Hangdian_90_000130,Hangdian,90,000130,120.33925372222222,30.316539333333335,map2019/merge_test_700-1800_cr0.95_stride100/Hangdian_90_000130/GPS_info.json,True,12,12,0,12,12,1.0,3.2979174946490275e-12,0,0,
merge_test_700-1800_cr0.95_stride100,Hangdian_90_000131,Hangdian,90,000131,120.33945941666667,30.316539666666667,map2019/merge_test_700-1800_cr0.95_stride100/Hangdian_90_000131/GPS_info.json,True,12,12,0,12,12,1.0,3.2979174946490275e-12,0,0,
merge_test_700-1800_cr0.95_stride100,Hangdian_90_000132,Hangdian,90,000132,120.33966741666667,30.316535305555554,map2019/merge_test_700-1800_cr0.95_stride100/Hangdian_90_000132/GPS_info.json,True,12,12,0,12,12,1.0,4.23761026269176e-12,0,0,
merge_test_700-1800_cr0.95_stride100,Hangdian_90_000133,Hangdian,90,000133,120.33987666666667,30.31653361111111,map2019/merge_test_700-1800_cr0.95_stride100/Hangdian_90_000133/GPS_info.json,True,12,12,0,12,12,1.0,4.23761026269176e-12,0,0,
merge_test_700-1800_cr0.95_stride100,Hangdian_90_000134,Hangdian,90,000134,120.34008552777777,30.31653288888889,map2019/merge_test_700-1800_cr0.95_stride100/Hangdian_90_000134/GPS_info.json,True,12,12,0,12,12,1.0,4.23761026269176e-12,0,0,
merge_test_700-1800_cr0.95_stride100,Hangdian_90_000135,Hangdian,90,000135,120.3403025,30.316531666666666,map2019/merge_test_700-1800_cr0.95_stride100/Hangdian_90_000135/GPS_info.json,True,12,12,0,12,12,1.0,4.23761026269176e-12,0,0,
merge_test_700-1800_cr0.95_stride100,Hangdian_90_000136,Hangdian,90,000136,120.34029,30.316353361111112,map2019/merge_test_700-1800_cr0.95_stride100/Hangdian_90_000136/GPS_info.json,True,12,12,0,12,12,1.0,4.23761026269176e-12,0,0,
merge_test_700-1800_cr0.95_stride100,Hangdian_90_000137,Hangdian,90,000137,120.34008647222223,30.31635177777778,map2019/merge_test_700-1800_cr0.95_stride100/Hangdian_90_000137/GPS_info.json,True,12,12,0,12,12,1.0,6.422529175154068e-12,0,0,
merge_test_700-1800_cr0.95_stride100,Hangdian_90_000138,Hangdian,90,000138,120.33988072222222,30.316351305555557,map2019/merge_test_700-1800_cr0.95_stride100/Hangdian_90_000138/GPS_info.json,True,12,12,0,12,12,1.0,4.23761026269176e-12,0,0,
merge_test_700-1800_cr0.95_stride100,Hangdian_90_000139,Hangdian,90,000139,120.33967372222222,30.316351555555556,map2019/merge_test_700-1800_cr0.95_stride100/Hangdian_90_000139/GPS_info.json,True,12,12,0,12,12,1.0,4.23761026269176e-12,0,0,
merge_test_700-1800_cr0.95_stride100,Hangdian_90_000140,Hangdian,90,000140,120.33946377777778,30.316352,map2019/merge_test_700-1800_cr0.95_stride100/Hangdian_90_000140/GPS_info.json,True,12,12,0,12,12,1.0,6.422529175154068e-12,0,0,
merge_test_700-1800_cr0.95_stride100,Hangdian_90_000141,Hangdian,90,000141,120.33925425,30.316352583333334,map2019/merge_test_700-1800_cr0.95_stride100/Hangdian_90_000141/GPS_info.json,True,12,12,0,12,12,1.0,6.422529175154068e-12,0,0,
merge_test_700-1800_cr0.95_stride100,Hangdian_90_000142,Hangdian,90,000142,120.33904866666667,30.31635247222222,map2019/merge_test_700-1800_cr0.95_stride100/Hangdian_90_000142/GPS_info.json,True,12,12,0,12,12,1.0,4.23761026269176e-12,0,0,
merge_test_700-1800_cr0.95_stride100,Hangdian_90_000143,Hangdian,90,000143,120.33883797222222,30.316352972222223,map2019/merge_test_700-1800_cr0.95_stride100/Hangdian_90_000143/GPS_info.json,True,12,12,0,12,12,1.0,4.23761026269176e-12,0,0,
merge_test_700-1800_cr0.95_stride100,Hangdian_90_000144,Hangdian,90,000144,120.33862988888889,30.316353305555555,map2019/merge_test_700-1800_cr0.95_stride100/Hangdian_90_000144/GPS_info.json,True,12,12,0,12,12,1.0,6.422529175154068e-12,0,0,
merge_test_700-1800_cr0.95_stride100,Hangdian_90_000145,Hangdian,90,000145,120.33842452777778,30.316353833333334,map2019/merge_test_700-1800_cr0.95_stride100/Hangdian_90_000145/GPS_info.json,True,12,12,0,12,12,1.0,6.422529175154068e-12,0,0,
merge_test_700-1800_cr0.95_stride100,Hangdian_90_000146,Hangdian,90,000146,120.33821577777778,30.316355083333335,map2019/merge_test_700-1800_cr0.95_stride100/Hangdian_90_000146/GPS_info.json,True,12,12,0,12,12,1.0,4.23761026269176e-12,0,0,
merge_test_700-1800_cr0.95_stride100,Hangdian_90_000147,Hangdian,90,000147,120.33801011111112,30.31635538888889,map2019/merge_test_700-1800_cr0.95_stride100/Hangdian_90_000147/GPS_info.json,True,12,12,0,12,12,1.0,6.422529175154068e-12,0,0,
merge_test_700-1800_cr0.95_stride100,Hangdian_90_000148,Hangdian,90,000148,120.3377998888889,30.316355833333333,map2019/merge_test_700-1800_cr0.95_stride100/Hangdian_90_000148/GPS_info.json,True,12,12,0,12,12,1.0,4.23761026269176e-12,0,0,
merge_test_700-1800_cr0.95_stride100,Hangdian_90_000149,Hangdian,90,000149,120.33759508333333,30.31635497222222,map2019/merge_test_700-1800_cr0.95_stride100/Hangdian_90_000149/GPS_info.json,True,12,12,0,12,12,1.0,4.23761026269176e-12,0,0,
merge_test_700-1800_cr0.95_stride100,Hangdian_90_000150,Hangdian,90,000150,120.33738455555556,30.316354472222223,map2019/merge_test_700-1800_cr0.95_stride100/Hangdian_90_000150/GPS_info.json,True,12,12,0,12,12,1.0,6.422529175154068e-12,0,0,
merge_test_700-1800_cr0.95_stride100,Hangdian_90_000151,Hangdian,90,000151,120.33718016666667,30.31635347222222,map2019/merge_test_700-1800_cr0.95_stride100/Hangdian_90_000151/GPS_info.json,True,12,12,0,12,12,1.0,4.23761026269176e-12,0,0,
merge_test_700-1800_cr0.95_stride100,Hangdian_90_000152,Hangdian,90,000152,120.33697225,30.316353555555555,map2019/merge_test_700-1800_cr0.95_stride100/Hangdian_90_000152/GPS_info.json,True,12,12,0,12,12,1.0,6.422529175154068e-12,0,0,
merge_test_700-1800_cr0.95_stride100,Hangdian_90_000153,Hangdian,90,000153,120.33696775,30.316173055555556,map2019/merge_test_700-1800_cr0.95_stride100/Hangdian_90_000153/GPS_info.json,True,12,12,0,12,12,1.0,4.23761026269176e-12,0,0,
merge_test_700-1800_cr0.95_stride100,Hangdian_90_000154,Hangdian,90,000154,120.33717325,30.31617288888889,map2019/merge_test_700-1800_cr0.95_stride100/Hangdian_90_000154/GPS_info.json,True,12,12,0,12,12,1.0,6.422529175154068e-12,0,0,
merge_test_700-1800_cr0.95_stride100,Hangdian_90_000155,Hangdian,90,000155,120.33737927777777,30.316172666666667,map2019/merge_test_700-1800_cr0.95_stride100/Hangdian_90_000155/GPS_info.json,True,12,12,0,12,12,1.0,7.018496894772852e-12,0,0,
merge_test_700-1800_cr0.95_stride100,Hangdian_90_000156,Hangdian,90,000156,120.33758702777777,30.316172555555557,map2019/merge_test_700-1800_cr0.95_stride100/Hangdian_90_000156/GPS_info.json,True,12,12,0,12,12,1.0,6.422529175154068e-12,0,0,
merge_test_700-1800_cr0.95_stride100,Hangdian_90_000157,Hangdian,90,000157,120.33779527777777,30.31617275,map2019/merge_test_700-1800_cr0.95_stride100/Hangdian_90_000157/GPS_info.json,True,12,12,0,12,12,1.0,6.422529175154068e-12,0,0,
merge_test_700-1800_cr0.95_stride100,Hangdian_90_000158,Hangdian,90,000158,120.33800252777777,30.316172583333334,map2019/merge_test_700-1800_cr0.95_stride100/Hangdian_90_000158/GPS_info.json,True,12,12,0,12,12,1.0,6.422529175154068e-12,0,0,
merge_test_700-1800_cr0.95_stride100,Hangdian_90_000159,Hangdian,90,000159,120.33821208333333,30.316169444444444,map2019/merge_test_700-1800_cr0.95_stride100/Hangdian_90_000159/GPS_info.json,True,12,12,0,12,12,1.0,6.422529175154068e-12,0,0,
merge_test_700-1800_cr0.95_stride100,Hangdian_90_000160,Hangdian,90,000160,120.3384205,30.316169,map2019/merge_test_700-1800_cr0.95_stride100/Hangdian_90_000160/GPS_info.json,True,12,12,0,12,12,1.0,7.018496894772852e-12,0,0,
merge_test_700-1800_cr0.95_stride100,Hangdian_90_000161,Hangdian,90,000161,120.33862741666667,30.316168805555556,map2019/merge_test_700-1800_cr0.95_stride100/Hangdian_90_000161/GPS_info.json,True,12,12,0,12,12,1.0,7.018496894772852e-12,0,0,
merge_test_700-1800_cr0.95_stride100,Hangdian_90_000162,Hangdian,90,000162,120.33883619444444,30.316168333333334,map2019/merge_test_700-1800_cr0.95_stride100/Hangdian_90_000162/GPS_info.json,True,12,12,0,12,12,1.0,6.422529175154068e-12,0,0,
merge_test_700-1800_cr0.95_stride100,Hangdian_90_000163,Hangdian,90,000163,120.33904341666667,30.316167555555555,map2019/merge_test_700-1800_cr0.95_stride100/Hangdian_90_000163/GPS_info.json,True,12,12,0,12,12,1.0,6.422529175154068e-12,0,0,
merge_test_700-1800_cr0.95_stride100,Hangdian_90_000164,Hangdian,90,000164,120.33925155555555,30.316167555555555,map2019/merge_test_700-1800_cr0.95_stride100/Hangdian_90_000164/GPS_info.json,True,12,12,0,12,12,1.0,7.018496894772852e-12,0,0,
merge_test_700-1800_cr0.95_stride100,Hangdian_90_000165,Hangdian,90,000165,120.33946116666667,30.316167555555555,map2019/merge_test_700-1800_cr0.95_stride100/Hangdian_90_000165/GPS_info.json,True,12,12,0,12,12,1.0,7.018496894772852e-12,0,0,
merge_test_700-1800_cr0.95_stride100,Hangdian_90_000166,Hangdian,90,000166,120.33966722222222,30.316166666666668,map2019/merge_test_700-1800_cr0.95_stride100/Hangdian_90_000166/GPS_info.json,True,12,12,0,12,12,1.0,6.422529175154068e-12,0,0,
merge_test_700-1800_cr0.95_stride100,Hangdian_90_000167,Hangdian,90,000167,120.33987530555555,30.316165833333333,map2019/merge_test_700-1800_cr0.95_stride100/Hangdian_90_000167/GPS_info.json,True,12,12,0,12,12,1.0,7.018496894772852e-12,0,0,
merge_test_700-1800_cr0.95_stride100,Hangdian_90_000168,Hangdian,90,000168,120.34008141666666,30.316165416666667,map2019/merge_test_700-1800_cr0.95_stride100/Hangdian_90_000168/GPS_info.json,True,12,12,0,12,12,1.0,6.422529175154068e-12,0,0,
merge_test_700-1800_cr0.95_stride100,Hangdian_90_000169,Hangdian,90,000169,120.34029036111112,30.316164555555556,map2019/merge_test_700-1800_cr0.95_stride100/Hangdian_90_000169/GPS_info.json,True,12,12,0,12,12,1.0,6.422529175154068e-12,0,0,
merge_test_700-1800_cr0.95_stride100,Hangdian_90_000170,Hangdian,90,000170,120.34029397222223,30.315985916666666,map2019/merge_test_700-1800_cr0.95_stride100/Hangdian_90_000170/GPS_info.json,True,12,12,0,12,12,1.0,6.422529175154068e-12,0,0,
merge_test_700-1800_cr0.95_stride100,Hangdian_90_000171,Hangdian,90,000171,120.34008633333333,30.315987,map2019/merge_test_700-1800_cr0.95_stride100/Hangdian_90_000171/GPS_info.json,True,12,12,0,12,12,1.0,7.018496894772852e-12,0,0,
merge_test_700-1800_cr0.95_stride100,Hangdian_90_000172,Hangdian,90,000172,120.33987722222223,30.31598775,map2019/merge_test_700-1800_cr0.95_stride100/Hangdian_90_000172/GPS_info.json,True,12,12,0,12,12,1.0,6.422529175154068e-12,0,0,
merge_test_700-1800_cr0.95_stride100,Hangdian_90_000173,Hangdian,90,000173,120.339671,30.315988416666666,map2019/merge_test_700-1800_cr0.95_stride100/Hangdian_90_000173/GPS_info.json,True,12,12,0,12,12,1.0,7.018496894772852e-12,0,0,
merge_test_700-1800_cr0.95_stride100,Hangdian_90_000174,Hangdian,90,000174,120.33946369444445,30.315990833333334,map2019/merge_test_700-1800_cr0.95_stride100/Hangdian_90_000174/GPS_info.json,True,12,12,0,12,12,1.0,7.018496894772852e-12,0,0,
merge_test_700-1800_cr0.95_stride100,Hangdian_90_000175,Hangdian,90,000175,120.33925383333333,30.31599347222222,map2019/merge_test_700-1800_cr0.95_stride100/Hangdian_90_000175/GPS_info.json,True,12,12,0,12,12,1.0,6.434741628424945e-12,0,0,
merge_test_700-1800_cr0.95_stride100,Hangdian_90_000176,Hangdian,90,000176,120.33904813888888,30.315994416666666,map2019/merge_test_700-1800_cr0.95_stride100/Hangdian_90_000176/GPS_info.json,True,12,12,0,12,12,1.0,7.018496894772852e-12,0,0,
merge_test_700-1800_cr0.95_stride100,Jinrong_100_000000,Jinrong,100,000000,120.37733119444445,30.324516833333334,map2019/merge_test_700-1800_cr0.95_stride100/Jinrong_100_000000/GPS_info.json,True,12,12,0,12,12,1.0,7.776335131381984e-12,0,0,
merge_test_700-1800_cr0.95_stride100,Jinrong_100_000001,Jinrong,100,000001,120.37753297222223,30.32451913888889,map2019/merge_test_700-1800_cr0.95_stride100/Jinrong_100_000001/GPS_info.json,True,12,12,0,12,12,1.0,7.776335131381984e-12,0,0,
merge_test_700-1800_cr0.95_stride100,Jinrong_100_000002,Jinrong,100,000002,120.37773927777778,30.324515666666667,map2019/merge_test_700-1800_cr0.95_stride100/Jinrong_100_000002/GPS_info.json,True,12,12,0,12,12,1.0,7.776335131381984e-12,0,0,
merge_test_700-1800_cr0.95_stride100,Jinrong_100_000003,Jinrong,100,000003,120.37794691666667,30.32452038888889,map2019/merge_test_700-1800_cr0.95_stride100/Jinrong_100_000003/GPS_info.json,True,12,12,0,12,12,1.0,7.776335131381984e-12,0,0,
merge_test_700-1800_cr0.95_stride100,Jinrong_100_000004,Jinrong,100,000004,120.37816127777778,30.324515916666666,map2019/merge_test_700-1800_cr0.95_stride100/Jinrong_100_000004/GPS_info.json,True,12,12,0,12,12,1.0,7.776335131381984e-12,0,0,
merge_test_700-1800_cr0.95_stride100,Jinrong_100_000005,Jinrong,100,000005,120.37836575,30.324513805555554,map2019/merge_test_700-1800_cr0.95_stride100/Jinrong_100_000005/GPS_info.json,True,12,12,0,12,12,1.0,7.776335131381984e-12,0,0,
merge_test_700-1800_cr0.95_stride100,Jinrong_100_000006,Jinrong,100,000006,120.37857577777778,30.32451477777778,map2019/merge_test_700-1800_cr0.95_stride100/Jinrong_100_000006/GPS_info.json,True,12,12,0,12,12,1.0,7.776335131381984e-12,0,0,
merge_test_700-1800_cr0.95_stride100,Jinrong_100_000007,Jinrong,100,000007,120.37878233333333,30.324514083333334,map2019/merge_test_700-1800_cr0.95_stride100/Jinrong_100_000007/GPS_info.json,True,12,12,0,12,12,1.0,7.776335131381984e-12,0,0,
merge_test_700-1800_cr0.95_stride100,Jinrong_100_000008,Jinrong,100,000008,120.37899133333333,30.324518694444443,map2019/merge_test_700-1800_cr0.95_stride100/Jinrong_100_000008/GPS_info.json,True,12,12,0,12,12,1.0,7.776335131381984e-12,0,0,
merge_test_700-1800_cr0.95_stride100,Jinrong_100_000009,Jinrong,100,000009,120.37919716666667,30.324519083333332,map2019/merge_test_700-1800_cr0.95_stride100/Jinrong_100_000009/GPS_info.json,True,12,12,0,12,12,1.0,7.776335131381984e-12,0,0,
merge_test_700-1800_cr0.95_stride100,Jinrong_100_000010,Jinrong,100,000010,120.37940566666667,30.324519416666668,map2019/merge_test_700-1800_cr0.95_stride100/Jinrong_100_000010/GPS_info.json,True,12,12,0,12,12,1.0,7.776335131381984e-12,0,0,
merge_test_700-1800_cr0.95_stride100,Jinrong_100_000011,Jinrong,100,000011,120.37961186111112,30.32451822222222,map2019/merge_test_700-1800_cr0.95_stride100/Jinrong_100_000011/GPS_info.json,True,12,12,0,12,12,1.0,7.776335131381984e-12,0,0,
merge_test_700-1800_cr0.95_stride100,Jinrong_100_000012,Jinrong,100,000012,120.37981955555556,30.324519055555555,map2019/merge_test_700-1800_cr0.95_stride100/Jinrong_100_000012/GPS_info.json,True,12,12,0,12,12,1.0,7.776335131381984e-12,0,0,
merge_test_700-1800_cr0.95_stride100,Jinrong_100_000013,Jinrong,100,000013,120.38002697222223,30.324517916666668,map2019/merge_test_700-1800_cr0.95_stride100/Jinrong_100_000013/GPS_info.json,True,12,12,0,12,12,1.0,7.776335131381984e-12,0,0,
merge_test_700-1800_cr0.95_stride100,Jinrong_100_000014,Jinrong,100,000014,120.38024,30.324513916666668,map2019/merge_test_700-1800_cr0.95_stride100/Jinrong_100_000014/GPS_info.json,True,12,12,0,12,12,1.0,7.776335131381984e-12,0,0,
merge_test_700-1800_cr0.95_stride100,Jinrong_100_000015,Jinrong,100,000015,120.38044369444444,30.3245145,map2019/merge_test_700-1800_cr0.95_stride100/Jinrong_100_000015/GPS_info.json,True,12,12,0,12,12,1.0,7.776335131381984e-12,0,0,
merge_test_700-1800_cr0.95_stride100,Jinrong_100_000016,Jinrong,100,000016,120.38065213888889,30.324513055555556,map2019/merge_test_700-1800_cr0.95_stride100/Jinrong_100_000016/GPS_info.json,True,12,12,0,12,12,1.0,7.776335131381984e-12,0,0,
merge_test_700-1800_cr0.95_stride100,Jinrong_100_000017,Jinrong,100,000017,120.38063058333333,30.32433936111111,map2019/merge_test_700-1800_cr0.95_stride100/Jinrong_100_000017/GPS_info.json,True,12,12,0,12,12,1.0,7.776335131381984e-12,0,0,
merge_test_700-1800_cr0.95_stride100,Jinrong_100_000018,Jinrong,100,000018,120.38042161111112,30.32433636111111,map2019/merge_test_700-1800_cr0.95_stride100/Jinrong_100_000018/GPS_info.json,True,12,12,0,12,12,1.0,7.776335131381984e-12,0,0,
merge_test_700-1800_cr0.95_stride100,Jinrong_100_000019,Jinrong,100,000019,120.3802181111111,30.324334944444445,map2019/merge_test_700-1800_cr0.95_stride100/Jinrong_100_000019/GPS_info.json,True,12,12,0,12,12,1.0,7.776335131381984e-12,0,0,
merge_test_700-1800_cr0.95_stride100,Jinrong_100_000020,Jinrong,100,000020,120.38000925,30.32433177777778,map2019/merge_test_700-1800_cr0.95_stride100/Jinrong_100_000020/GPS_info.json,True,12,12,0,12,12,1.0,9.076406293218042e-12,0,0,
merge_test_700-1800_cr0.95_stride100,Jinrong_100_000021,Jinrong,100,000021,120.37980016666667,30.324332666666667,map2019/merge_test_700-1800_cr0.95_stride100/Jinrong_100_000021/GPS_info.json,True,12,12,0,12,12,1.0,9.076406293218042e-12,0,0,
merge_test_700-1800_cr0.95_stride100,Jinrong_100_000022,Jinrong,100,000022,120.37959138888888,30.32433261111111,map2019/merge_test_700-1800_cr0.95_stride100/Jinrong_100_000022/GPS_info.json,True,12,12,0,12,12,1.0,9.076406293218042e-12,0,0,
merge_test_700-1800_cr0.95_stride100,Jinrong_100_000023,Jinrong,100,000023,120.37938327777778,30.324332083333335,map2019/merge_test_700-1800_cr0.95_stride100/Jinrong_100_000023/GPS_info.json,True,12,12,0,12,12,1.0,9.076406293218042e-12,0,0,
merge_test_700-1800_cr0.95_stride100,Jinrong_100_000024,Jinrong,100,000024,120.37917525,30.324332,map2019/merge_test_700-1800_cr0.95_stride100/Jinrong_100_000024/GPS_info.json,True,12,12,0,12,12,1.0,9.076406293218042e-12,0,0,
merge_test_700-1800_cr0.95_stride100,Jinrong_100_000025,Jinrong,100,000025,120.3789676388889,30.324332833333333,map2019/merge_test_700-1800_cr0.95_stride100/Jinrong_100_000025/GPS_info.json,True,12,12,0,12,12,1.0,9.076406293218042e-12,0,0,
merge_test_700-1800_cr0.95_stride100,Jinrong_100_000026,Jinrong,100,000026,120.37875941666667,30.324334166666667,map2019/merge_test_700-1800_cr0.95_stride100/Jinrong_100_000026/GPS_info.json,True,12,12,0,12,12,1.0,9.076406293218042e-12,0,0,
merge_test_700-1800_cr0.95_stride100,Jinrong_100_000027,Jinrong,100,000027,120.37855202777777,30.32433411111111,map2019/merge_test_700-1800_cr0.95_stride100/Jinrong_100_000027/GPS_info.json,True,12,12,0,12,12,1.0,9.076406293218042e-12,0,0,
merge_test_700-1800_cr0.95_stride100,Jinrong_100_000028,Jinrong,100,000028,120.37834508333333,30.32433413888889,map2019/merge_test_700-1800_cr0.95_stride100/Jinrong_100_000028/GPS_info.json,True,12,12,0,12,12,1.0,9.076406293218042e-12,0,0,
merge_test_700-1800_cr0.95_stride100,Jinrong_100_000029,Jinrong,100,000029,120.37813605555556,30.324333333333332,map2019/merge_test_700-1800_cr0.95_stride100/Jinrong_100_000029/GPS_info.json,True,12,12,0,12,12,1.0,9.076406293218042e-12,0,0,
merge_test_700-1800_cr0.95_stride100,Jinrong_100_000030,Jinrong,100,000030,120.3779276111111,30.32433313888889,map2019/merge_test_700-1800_cr0.95_stride100/Jinrong_100_000030/GPS_info.json,True,12,12,0,12,12,1.0,9.076406293218042e-12,0,0,
merge_test_700-1800_cr0.95_stride100,Jinrong_100_000031,Jinrong,100,000031,120.37771925,30.324331833333332,map2019/merge_test_700-1800_cr0.95_stride100/Jinrong_100_000031/GPS_info.json,True,12,12,0,12,12,1.0,9.076406293218042e-12,0,0,
merge_test_700-1800_cr0.95_stride100,Jinrong_100_000032,Jinrong,100,000032,120.37751091666667,30.324332555555557,map2019/merge_test_700-1800_cr0.95_stride100/Jinrong_100_000032/GPS_info.json,True,12,12,0,12,12,1.0,9.076406293218042e-12,0,0,
merge_test_700-1800_cr0.95_stride100,Jinrong_100_000033,Jinrong,100,000033,120.37730322222222,30.324332055555555,map2019/merge_test_700-1800_cr0.95_stride100/Jinrong_100_000033/GPS_info.json,True,12,12,0,12,12,1.0,9.076406293218042e-12,0,0,
merge_test_700-1800_cr0.95_stride100,Jinrong_100_000034,Jinrong,100,000034,120.37731177777778,30.32415072222222,map2019/merge_test_700-1800_cr0.95_stride100/Jinrong_100_000034/GPS_info.json,True,12,12,0,12,12,1.0,9.076406293218042e-12,0,0,
merge_test_700-1800_cr0.95_stride100,Jinrong_100_000035,Jinrong,100,000035,120.37752152777777,30.324153111111112,map2019/merge_test_700-1800_cr0.95_stride100/Jinrong_100_000035/GPS_info.json,True,12,12,0,12,12,1.0,9.076406293218042e-12,0,0,
merge_test_700-1800_cr0.95_stride100,Jinrong_100_000036,Jinrong,100,000036,120.37773113888889,30.32415475,map2019/merge_test_700-1800_cr0.95_stride100/Jinrong_100_000036/GPS_info.json,True,12,12,0,12,12,1.0,9.076406293218042e-12,0,0,
merge_test_700-1800_cr0.95_stride100,Jinrong_100_000037,Jinrong,100,000037,120.37793983333333,30.324151944444445,map2019/merge_test_700-1800_cr0.95_stride100/Jinrong_100_000037/GPS_info.json,True,12,12,0,12,12,1.0,9.076406293218042e-12,0,0,
merge_test_700-1800_cr0.95_stride100,Jinrong_100_000038,Jinrong,100,000038,120.37814672222223,30.324156805555557,map2019/merge_test_700-1800_cr0.95_stride100/Jinrong_100_000038/GPS_info.json,True,12,12,0,12,12,1.0,9.076406293218042e-12,0,0,
merge_test_700-1800_cr0.95_stride100,Jinrong_100_000039,Jinrong,100,000039,120.37835097222222,30.324157222222222,map2019/merge_test_700-1800_cr0.95_stride100/Jinrong_100_000039/GPS_info.json,True,12,12,0,12,12,1.0,9.076406293218042e-12,0,0,
merge_test_700-1800_cr0.95_stride100,Jinrong_100_000040,Jinrong,100,000040,120.37855894444445,30.324152833333333,map2019/merge_test_700-1800_cr0.95_stride100/Jinrong_100_000040/GPS_info.json,True,12,12,0,12,12,1.0,4.268807529683727e-12,0,0,
merge_test_700-1800_cr0.95_stride100,Jinrong_100_000041,Jinrong,100,000041,120.37876766666666,30.324154444444446,map2019/merge_test_700-1800_cr0.95_stride100/Jinrong_100_000041/GPS_info.json,True,12,12,0,12,12,1.0,4.268807529683727e-12,0,0,
merge_test_700-1800_cr0.95_stride100,Jinrong_100_000042,Jinrong,100,000042,120.37897972222223,30.324164,map2019/merge_test_700-1800_cr0.95_stride100/Jinrong_100_000042/GPS_info.json,True,12,12,0,12,12,1.0,4.268807529683727e-12,0,0,
merge_test_700-1800_cr0.95_stride100,Jinrong_100_000043,Jinrong,100,000043,120.37918922222222,30.324165472222223,map2019/merge_test_700-1800_cr0.95_stride100/Jinrong_100_000043/GPS_info.json,True,12,12,0,12,12,1.0,4.268807529683727e-12,0,0,
merge_test_700-1800_cr0.95_stride100,Jinrong_100_000044,Jinrong,100,000044,120.37939419444444,30.32416186111111,map2019/merge_test_700-1800_cr0.95_stride100/Jinrong_100_000044/GPS_info.json,True,12,12,0,12,12,1.0,4.268807529683727e-12,0,0,
merge_test_700-1800_cr0.95_stride100,Jinrong_100_000045,Jinrong,100,000045,120.37959869444444,30.324164083333333,map2019/merge_test_700-1800_cr0.95_stride100/Jinrong_100_000045/GPS_info.json,True,12,12,0,12,12,1.0,4.268807529683727e-12,0,0,
merge_test_700-1800_cr0.95_stride100,Jinrong_100_000046,Jinrong,100,000046,120.37980477777778,30.324162,map2019/merge_test_700-1800_cr0.95_stride100/Jinrong_100_000046/GPS_info.json,True,12,12,0,12,12,1.0,4.268807529683727e-12,0,0,
merge_test_700-1800_cr0.95_stride100,Jinrong_100_000047,Jinrong,100,000047,120.38001094444445,30.324159416666667,map2019/merge_test_700-1800_cr0.95_stride100/Jinrong_100_000047/GPS_info.json,True,12,12,0,12,12,1.0,4.268807529683727e-12,0,0,
merge_test_700-1800_cr0.95_stride100,Jinrong_100_000048,Jinrong,100,000048,120.38022002777778,30.32416036111111,map2019/merge_test_700-1800_cr0.95_stride100/Jinrong_100_000048/GPS_info.json,True,12,12,0,12,12,1.0,4.268807529683727e-12,0,0,
merge_test_700-1800_cr0.95_stride100,Jinrong_100_000049,Jinrong,100,000049,120.38042733333333,30.324162527777776,map2019/merge_test_700-1800_cr0.95_stride100/Jinrong_100_000049/GPS_info.json,True,12,12,0,12,12,1.0,4.268807529683727e-12,0,0,
merge_test_700-1800_cr0.95_stride100,Jinrong_100_000050,Jinrong,100,000050,120.38063855555555,30.324155138888887,map2019/merge_test_700-1800_cr0.95_stride100/Jinrong_100_000050/GPS_info.json,True,12,12,0,12,12,1.0,4.268807529683727e-12,0,0,
merge_test_700-1800_cr0.95_stride100,Jinrong_100_000051,Jinrong,100,000051,120.38062891666667,30.323983277777778,map2019/merge_test_700-1800_cr0.95_stride100/Jinrong_100_000051/GPS_info.json,True,12,12,0,12,12,1.0,4.268807529683727e-12,0,0,
merge_test_700-1800_cr0.95_stride100,Jinrong_100_000052,Jinrong,100,000052,120.38042425,30.323978555555556,map2019/merge_test_700-1800_cr0.95_stride100/Jinrong_100_000052/GPS_info.json,True,12,12,0,12,12,1.0,4.268807529683727e-12,0,0,
merge_test_700-1800_cr0.95_stride100,Jinrong_100_000053,Jinrong,100,000053,120.38021263888889,30.323980555555554,map2019/merge_test_700-1800_cr0.95_stride100/Jinrong_100_000053/GPS_info.json,True,12,12,0,12,12,1.0,4.268807529683727e-12,0,0,
merge_test_700-1800_cr0.95_stride100,Jinrong_100_000054,Jinrong,100,000054,120.3800038611111,30.32398238888889,map2019/merge_test_700-1800_cr0.95_stride100/Jinrong_100_000054/GPS_info.json,True,12,12,0,12,12,1.0,4.268807529683727e-12,0,0,
merge_test_700-1800_cr0.95_stride100,Jinrong_100_000055,Jinrong,100,000055,120.379803,30.323981444444446,map2019/merge_test_700-1800_cr0.95_stride100/Jinrong_100_000055/GPS_info.json,True,12,12,0,12,12,1.0,4.268807529683727e-12,0,0,
merge_test_700-1800_cr0.95_stride100,Jinrong_100_000056,Jinrong,100,000056,120.37959613888889,30.323985694444445,map2019/merge_test_700-1800_cr0.95_stride100/Jinrong_100_000056/GPS_info.json,True,12,12,0,12,12,1.0,4.268807529683727e-12,0,0,
merge_test_700-1800_cr0.95_stride100,Jinrong_100_000057,Jinrong,100,000057,120.37938666666666,30.323983166666668,map2019/merge_test_700-1800_cr0.95_stride100/Jinrong_100_000057/GPS_info.json,True,12,12,0,12,12,1.0,4.268807529683727e-12,0,0,
merge_test_700-1800_cr0.95_stride100,Jinrong_100_000058,Jinrong,100,000058,120.37917511111111,30.323982555555556,map2019/merge_test_700-1800_cr0.95_stride100/Jinrong_100_000058/GPS_info.json,True,12,12,0,12,12,1.0,4.268807529683727e-12,0,0,
merge_test_700-1800_cr0.95_stride100,Jinrong_100_000059,Jinrong,100,000059,120.37897258333334,30.323983444444444,map2019/merge_test_700-1800_cr0.95_stride100/Jinrong_100_000059/GPS_info.json,True,12,12,0,12,12,1.0,4.268807529683727e-12,0,0,
merge_test_700-1800_cr0.95_stride100,Jinrong_100_000060,Jinrong,100,000060,120.37875991666667,30.323983333333334,map2019/merge_test_700-1800_cr0.95_stride100/Jinrong_100_000060/GPS_info.json,True,12,12,0,12,12,1.0,4.9710235927591384e-12,0,0,
merge_test_700-1800_cr0.95_stride100,Jinrong_100_000061,Jinrong,100,000061,120.37855225,30.32398311111111,map2019/merge_test_700-1800_cr0.95_stride100/Jinrong_100_000061/GPS_info.json,True,12,12,0,12,12,1.0,4.9710235927591384e-12,0,0,
merge_test_700-1800_cr0.95_stride100,Jinrong_100_000062,Jinrong,100,000062,120.37834675,30.323984361111112,map2019/merge_test_700-1800_cr0.95_stride100/Jinrong_100_000062/GPS_info.json,True,12,12,0,12,12,1.0,4.9710235927591384e-12,0,0,
merge_test_700-1800_cr0.95_stride100,Jinrong_100_000063,Jinrong,100,000063,120.3781348611111,30.323983666666667,map2019/merge_test_700-1800_cr0.95_stride100/Jinrong_100_000063/GPS_info.json,True,12,12,0,12,12,1.0,4.9710235927591384e-12,0,0,
merge_test_700-1800_cr0.95_stride100,Jinrong_100_000064,Jinrong,100,000064,120.37792705555556,30.323982083333334,map2019/merge_test_700-1800_cr0.95_stride100/Jinrong_100_000064/GPS_info.json,True,12,12,0,12,12,1.0,4.9710235927591384e-12,0,0,
merge_test_700-1800_cr0.95_stride100,Jinrong_100_000065,Jinrong,100,000065,120.37771916666667,30.323982166666667,map2019/merge_test_700-1800_cr0.95_stride100/Jinrong_100_000065/GPS_info.json,True,12,12,0,12,12,1.0,4.9710235927591384e-12,0,0,
merge_test_700-1800_cr0.95_stride100,Jinrong_100_000066,Jinrong,100,000066,120.37751186111112,30.323980916666667,map2019/merge_test_700-1800_cr0.95_stride100/Jinrong_100_000066/GPS_info.json,True,12,12,0,12,12,1.0,4.9710235927591384e-12,0,0,
merge_test_700-1800_cr0.95_stride100,Jinrong_100_000067,Jinrong,100,000067,120.37730272222223,30.323979805555556,map2019/merge_test_700-1800_cr0.95_stride100/Jinrong_100_000067/GPS_info.json,True,12,12,0,12,12,1.0,4.9710235927591384e-12,0,0,
merge_test_700-1800_cr0.95_stride100,Jinrong_100_000068,Jinrong,100,000068,120.37731741666667,30.323800916666666,map2019/merge_test_700-1800_cr0.95_stride100/Jinrong_100_000068/GPS_info.json,True,12,12,0,12,12,1.0,4.9710235927591384e-12,0,0,
merge_test_700-1800_cr0.95_stride100,Jinrong_100_000069,Jinrong,100,000069,120.37752469444445,30.32379977777778,map2019/merge_test_700-1800_cr0.95_stride100/Jinrong_100_000069/GPS_info.json,True,12,12,0,12,12,1.0,4.9710235927591384e-12,0,0,
merge_test_700-1800_cr0.95_stride100,Jinrong_100_000070,Jinrong,100,000070,120.37773161111112,30.323799972222222,map2019/merge_test_700-1800_cr0.95_stride100/Jinrong_100_000070/GPS_info.json,True,12,12,0,12,12,1.0,4.9710235927591384e-12,0,0,
merge_test_700-1800_cr0.95_stride100,Jinrong_100_000071,Jinrong,100,000071,120.37793863888889,30.3238025,map2019/merge_test_700-1800_cr0.95_stride100/Jinrong_100_000071/GPS_info.json,True,12,12,0,12,12,1.0,4.9710235927591384e-12,0,0,
merge_test_700-1800_cr0.95_stride100,Jinrong_100_000072,Jinrong,100,000072,120.37814808333333,30.323803694444443,map2019/merge_test_700-1800_cr0.95_stride100/Jinrong_100_000072/GPS_info.json,True,12,12,0,12,12,1.0,4.9710235927591384e-12,0,0,
merge_test_700-1800_cr0.95_stride100,Jinrong_100_000073,Jinrong,100,000073,120.37835322222222,30.32380722222222,map2019/merge_test_700-1800_cr0.95_stride100/Jinrong_100_000073/GPS_info.json,True,12,12,0,12,12,1.0,4.9710235927591384e-12,0,0,
merge_test_700-1800_cr0.95_stride100,Jinrong_100_000074,Jinrong,100,000074,120.37856138888888,30.32380675,map2019/merge_test_700-1800_cr0.95_stride100/Jinrong_100_000074/GPS_info.json,True,12,12,0,12,12,1.0,4.9710235927591384e-12,0,0,
merge_test_700-1800_cr0.95_stride100,Jinrong_100_000075,Jinrong,100,000075,120.37877019444444,30.323806416666667,map2019/merge_test_700-1800_cr0.95_stride100/Jinrong_100_000075/GPS_info.json,True,12,12,0,12,12,1.0,4.9710235927591384e-12,0,0,
merge_test_700-1800_cr0.95_stride100,Jinrong_100_000076,Jinrong,100,000076,120.3789825,30.32380775,map2019/merge_test_700-1800_cr0.95_stride100/Jinrong_100_000076/GPS_info.json,True,12,12,0,12,12,1.0,6.406430941297003e-12,0,0,
merge_test_700-1800_cr0.95_stride100,Jinrong_100_000077,Jinrong,100,000077,120.37918661111111,30.323807722222224,map2019/merge_test_700-1800_cr0.95_stride100/Jinrong_100_000077/GPS_info.json,True,12,12,0,12,12,1.0,4.9710235927591384e-12,0,0,
merge_test_700-1800_cr0.95_stride100,Jinrong_100_000078,Jinrong,100,000078,120.37939441666667,30.323809166666667,map2019/merge_test_700-1800_cr0.95_stride100/Jinrong_100_000078/GPS_info.json,True,12,12,0,12,12,1.0,6.406430941297003e-12,0,0,
merge_test_700-1800_cr0.95_stride100,Jinrong_100_000079,Jinrong,100,000079,120.37959758333334,30.323810666666667,map2019/merge_test_700-1800_cr0.95_stride100/Jinrong_100_000079/GPS_info.json,True,12,12,0,12,12,1.0,4.9710235927591384e-12,0,0,
merge_test_700-1800_cr0.95_stride100,Jinrong_100_000080,Jinrong,100,000080,120.37980705555556,30.323816055555554,map2019/merge_test_700-1800_cr0.95_stride100/Jinrong_100_000080/GPS_info.json,True,12,12,0,12,12,1.0,6.406430941297003e-12,0,0,
merge_test_700-1800_cr0.95_stride100,Jinrong_100_000081,Jinrong,100,000081,120.38001733333333,30.323808111111113,map2019/merge_test_700-1800_cr0.95_stride100/Jinrong_100_000081/GPS_info.json,True,12,12,0,12,12,1.0,4.9710235927591384e-12,0,0,
merge_test_700-1800_cr0.95_stride100,Jinrong_100_000082,Jinrong,100,000082,120.38022075,30.323815916666668,map2019/merge_test_700-1800_cr0.95_stride100/Jinrong_100_000082/GPS_info.json,True,12,12,0,12,12,1.0,4.9710235927591384e-12,0,0,
merge_test_700-1800_cr0.95_stride100,Jinrong_100_000083,Jinrong,100,000083,120.3804335,30.323813805555556,map2019/merge_test_700-1800_cr0.95_stride100/Jinrong_100_000083/GPS_info.json,True,12,12,0,12,12,1.0,6.406430941297003e-12,0,0,
merge_test_700-1800_cr0.95_stride100,Jinrong_100_000084,Jinrong,100,000084,120.38063861111111,30.323817305555554,map2019/merge_test_700-1800_cr0.95_stride100/Jinrong_100_000084/GPS_info.json,True,12,12,0,12,12,1.0,6.406430941297003e-12,0,0,
merge_test_700-1800_cr0.95_stride100,Jinrong_100_000085,Jinrong,100,000085,120.38062802777777,30.323629611111112,map2019/merge_test_700-1800_cr0.95_stride100/Jinrong_100_000085/GPS_info.json,True,12,12,0,12,12,1.0,6.406430941297003e-12,0,0,
merge_test_700-1800_cr0.95_stride100,Jinrong_100_000086,Jinrong,100,000086,120.38042127777777,30.323628583333335,map2019/merge_test_700-1800_cr0.95_stride100/Jinrong_100_000086/GPS_info.json,True,12,12,0,12,12,1.0,6.406430941297003e-12,0,0,
merge_test_700-1800_cr0.95_stride100,Jinrong_100_000087,Jinrong,100,000087,120.38021486111111,30.323627972222223,map2019/merge_test_700-1800_cr0.95_stride100/Jinrong_100_000087/GPS_info.json,True,12,12,0,12,12,1.0,6.406430941297003e-12,0,0,
merge_test_700-1800_cr0.95_stride100,Jinrong_100_000088,Jinrong,100,000088,120.38000641666666,30.32362886111111,map2019/merge_test_700-1800_cr0.95_stride100/Jinrong_100_000088/GPS_info.json,True,12,12,0,12,12,1.0,6.406430941297003e-12,0,0,
merge_test_700-1800_cr0.95_stride100,Jinrong_100_000089,Jinrong,100,000089,120.37979911111111,30.32363,map2019/merge_test_700-1800_cr0.95_stride100/Jinrong_100_000089/GPS_info.json,True,12,12,0,12,12,1.0,6.406430941297003e-12,0,0,
merge_test_700-1800_cr0.95_stride100,Jinrong_100_000090,Jinrong,100,000090,120.3795885,30.323631805555557,map2019/merge_test_700-1800_cr0.95_stride100/Jinrong_100_000090/GPS_info.json,True,12,12,0,12,12,1.0,6.406430941297003e-12,0,0,
merge_test_700-1800_cr0.95_stride100,Jinrong_100_000091,Jinrong,100,000091,120.37937741666667,30.32363422222222,map2019/merge_test_700-1800_cr0.95_stride100/Jinrong_100_000091/GPS_info.json,True,12,12,0,12,12,1.0,6.406430941297003e-12,0,0,
merge_test_700-1800_cr0.95_stride100,Jinrong_100_000092,Jinrong,100,000092,120.37916838888889,30.323635111111113,map2019/merge_test_700-1800_cr0.95_stride100/Jinrong_100_000092/GPS_info.json,True,12,12,0,12,12,1.0,6.406430941297003e-12,0,0,
merge_test_700-1800_cr0.95_stride100,Jinrong_100_000093,Jinrong,100,000093,120.37896125,30.323635,map2019/merge_test_700-1800_cr0.95_stride100/Jinrong_100_000093/GPS_info.json,True,12,12,0,12,12,1.0,6.406430941297003e-12,0,0,
merge_test_700-1800_cr0.95_stride100,Jinrong_100_000094,Jinrong,100,000094,120.37875402777777,30.323634777777777,map2019/merge_test_700-1800_cr0.95_stride100/Jinrong_100_000094/GPS_info.json,True,12,12,0,12,12,1.0,6.406430941297003e-12,0,0,
merge_test_700-1800_cr0.95_stride100,Jinrong_100_000095,Jinrong,100,000095,120.37854597222223,30.323634416666668,map2019/merge_test_700-1800_cr0.95_stride100/Jinrong_100_000095/GPS_info.json,True,12,12,0,12,12,1.0,6.406430941297003e-12,0,0,
merge_test_700-1800_cr0.95_stride100,Jinrong_100_000096,Jinrong,100,000096,120.37833741666667,30.323634166666668,map2019/merge_test_700-1800_cr0.95_stride100/Jinrong_100_000096/GPS_info.json,True,12,12,0,12,12,1.0,4.494848937497409e-12,0,0,
merge_test_700-1800_cr0.95_stride100,Jinrong_100_000097,Jinrong,100,000097,120.37812927777777,30.323634055555555,map2019/merge_test_700-1800_cr0.95_stride100/Jinrong_100_000097/GPS_info.json,True,12,12,0,12,12,1.0,4.494848937497409e-12,0,0,
merge_test_700-1800_cr0.95_stride100,Jinrong_100_000098,Jinrong,100,000098,120.37792130555556,30.323633527777776,map2019/merge_test_700-1800_cr0.95_stride100/Jinrong_100_000098/GPS_info.json,True,12,12,0,12,12,1.0,4.494848937497409e-12,0,0,
merge_test_700-1800_cr0.95_stride100,Jinrong_100_000099,Jinrong,100,000099,120.37771391666666,30.323634833333333,map2019/merge_test_700-1800_cr0.95_stride100/Jinrong_100_000099/GPS_info.json,True,12,12,0,12,12,1.0,6.406430941297003e-12,0,0,
merge_test_700-1800_cr0.95_stride100,Jinrong_100_000100,Jinrong,100,000100,120.37750622222222,30.32363575,map2019/merge_test_700-1800_cr0.95_stride100/Jinrong_100_000100/GPS_info.json,True,12,12,0,12,12,1.0,4.494848937497409e-12,0,0,
merge_test_700-1800_cr0.95_stride100,Jinrong_100_000101,Jinrong,100,000101,120.37729863888889,30.323635361111112,map2019/merge_test_700-1800_cr0.95_stride100/Jinrong_100_000101/GPS_info.json,True,12,12,0,12,12,1.0,6.406430941297003e-12,0,0,
merge_test_700-1800_cr0.95_stride100,Jinrong_100_000102,Jinrong,100,000102,120.37730466666666,30.32345777777778,map2019/merge_test_700-1800_cr0.95_stride100/Jinrong_100_000102/GPS_info.json,True,12,12,0,12,12,1.0,4.494848937497409e-12,0,0,
merge_test_700-1800_cr0.95_stride100,Jinrong_100_000103,Jinrong,100,000103,120.37751230555556,30.32345611111111,map2019/merge_test_700-1800_cr0.95_stride100/Jinrong_100_000103/GPS_info.json,True,12,12,0,12,12,1.0,6.406430941297003e-12,0,0,
merge_test_700-1800_cr0.95_stride100,Jinrong_100_000104,Jinrong,100,000104,120.37772275,30.323450694444446,map2019/merge_test_700-1800_cr0.95_stride100/Jinrong_100_000104/GPS_info.json,True,12,12,0,12,12,1.0,6.406430941297003e-12,0,0,
merge_test_700-1800_cr0.95_stride100,Jinrong_100_000105,Jinrong,100,000105,120.37792972222222,30.323452666666668,map2019/merge_test_700-1800_cr0.95_stride100/Jinrong_100_000105/GPS_info.json,True,12,12,0,12,12,1.0,4.494848937497409e-12,0,0,
merge_test_700-1800_cr0.95_stride100,Jinrong_100_000106,Jinrong,100,000106,120.37813783333333,30.323450944444446,map2019/merge_test_700-1800_cr0.95_stride100/Jinrong_100_000106/GPS_info.json,True,12,12,0,12,12,1.0,4.494848937497409e-12,0,0,
merge_test_700-1800_cr0.95_stride100,Jinrong_100_000107,Jinrong,100,000107,120.37834480555556,30.323449,map2019/merge_test_700-1800_cr0.95_stride100/Jinrong_100_000107/GPS_info.json,True,12,12,0,12,12,1.0,4.494848937497409e-12,0,0,
merge_test_700-1800_cr0.95_stride100,Jinrong_100_000108,Jinrong,100,000108,120.37855527777778,30.32344691666667,map2019/merge_test_700-1800_cr0.95_stride100/Jinrong_100_000108/GPS_info.json,True,12,12,0,12,12,1.0,4.494848937497409e-12,0,0,
merge_test_700-1800_cr0.95_stride100,Jinrong_100_000109,Jinrong,100,000109,120.37876319444445,30.323445194444446,map2019/merge_test_700-1800_cr0.95_stride100/Jinrong_100_000109/GPS_info.json,True,12,12,0,12,12,1.0,4.494848937497409e-12,0,0,
merge_test_700-1800_cr0.95_stride100,Jinrong_100_000110,Jinrong,100,000110,120.37896916666666,30.32344513888889,map2019/merge_test_700-1800_cr0.95_stride100/Jinrong_100_000110/GPS_info.json,True,12,12,0,12,12,1.0,4.494848937497409e-12,0,0,
merge_test_700-1800_cr0.95_stride100,Jinrong_100_000111,Jinrong,100,000111,120.37917480555555,30.32344147222222,map2019/merge_test_700-1800_cr0.95_stride100/Jinrong_100_000111/GPS_info.json,True,12,12,0,12,12,1.0,4.494848937497409e-12,0,0,
merge_test_700-1800_cr0.95_stride100,Jinrong_100_000112,Jinrong,100,000112,120.37938622222222,30.323443222222224,map2019/merge_test_700-1800_cr0.95_stride100/Jinrong_100_000112/GPS_info.json,True,12,12,0,12,12,1.0,4.494848937497409e-12,0,0,
merge_test_700-1800_cr0.95_stride100,Jinrong_100_000113,Jinrong,100,000113,120.379593,30.323441666666668,map2019/merge_test_700-1800_cr0.95_stride100/Jinrong_100_000113/GPS_info.json,True,12,12,0,12,12,1.0,4.494848937497409e-12,0,0,
merge_test_700-1800_cr0.95_stride100,Jinrong_100_000114,Jinrong,100,000114,120.3798003888889,30.323441166666665,map2019/merge_test_700-1800_cr0.95_stride100/Jinrong_100_000114/GPS_info.json,True,12,12,0,12,12,1.0,4.494848937497409e-12,0,0,
merge_test_700-1800_cr0.95_stride100,Jinrong_100_000115,Jinrong,100,000115,120.38000713888889,30.323433444444444,map2019/merge_test_700-1800_cr0.95_stride100/Jinrong_100_000115/GPS_info.json,True,12,12,0,12,12,1.0,8.903683346161984e-12,0,0,
merge_test_700-1800_cr0.95_stride100,Jinrong_100_000116,Jinrong,100,000116,120.38021566666667,30.323434916666667,map2019/merge_test_700-1800_cr0.95_stride100/Jinrong_100_000116/GPS_info.json,True,12,12,0,12,12,1.0,8.903683346161984e-12,0,0,
merge_test_700-1800_cr0.95_stride100,Jinrong_100_000117,Jinrong,100,000117,120.38042477777778,30.323433055555554,map2019/merge_test_700-1800_cr0.95_stride100/Jinrong_100_000117/GPS_info.json,True,12,12,0,12,12,1.0,4.494848937497409e-12,0,0,
merge_test_700-1800_cr0.95_stride100,Jinrong_100_000118,Jinrong,100,000118,120.38063005555556,30.32343936111111,map2019/merge_test_700-1800_cr0.95_stride100/Jinrong_100_000118/GPS_info.json,True,12,12,0,12,12,1.0,8.903683346161984e-12,0,0,
merge_test_700-1800_cr0.95_stride100,Jinrong_100_000119,Jinrong,100,000119,120.38062505555556,30.32325036111111,map2019/merge_test_700-1800_cr0.95_stride100/Jinrong_100_000119/GPS_info.json,True,12,12,0,12,12,1.0,4.494848937497409e-12,0,0,
merge_test_700-1800_cr0.95_stride100,Jinrong_100_000120,Jinrong,100,000120,120.38042066666667,30.323249194444443,map2019/merge_test_700-1800_cr0.95_stride100/Jinrong_100_000120/GPS_info.json,True,12,12,0,12,12,1.0,8.903683346161984e-12,0,0,
merge_test_700-1800_cr0.95_stride100,Jinrong_100_000121,Jinrong,100,000121,120.38020775,30.323250555555557,map2019/merge_test_700-1800_cr0.95_stride100/Jinrong_100_000121/GPS_info.json,True,12,12,0,12,12,1.0,4.494848937497409e-12,0,0,
merge_test_700-1800_cr0.95_stride100,Jinrong_100_000122,Jinrong,100,000122,120.37999972222222,30.32325,map2019/merge_test_700-1800_cr0.95_stride100/Jinrong_100_000122/GPS_info.json,True,12,12,0,12,12,1.0,8.903683346161984e-12,0,0,
merge_test_700-1800_cr0.95_stride100,Jinrong_100_000123,Jinrong,100,000123,120.37979097222222,30.323251833333334,map2019/merge_test_700-1800_cr0.95_stride100/Jinrong_100_000123/GPS_info.json,True,12,12,0,12,12,1.0,4.494848937497409e-12,0,0,
merge_test_700-1800_cr0.95_stride100,Jinrong_100_000124,Jinrong,100,000124,120.37958686111111,30.323252,map2019/merge_test_700-1800_cr0.95_stride100/Jinrong_100_000124/GPS_info.json,True,12,12,0,12,12,1.0,4.494848937497409e-12,0,0,
merge_test_700-1800_cr0.95_stride100,Jinrong_100_000125,Jinrong,100,000125,120.37938383333334,30.323244111111112,map2019/merge_test_700-1800_cr0.95_stride100/Jinrong_100_000125/GPS_info.json,True,12,12,0,12,12,1.0,8.903683346161984e-12,0,0,
merge_test_700-1800_cr0.95_stride100,Jinrong_100_000126,Jinrong,100,000126,120.37917641666667,30.323244194444445,map2019/merge_test_700-1800_cr0.95_stride100/Jinrong_100_000126/GPS_info.json,True,12,12,0,12,12,1.0,8.903683346161984e-12,0,0,
merge_test_700-1800_cr0.95_stride100,Jinrong_100_000127,Jinrong,100,000127,120.3789645,30.323253055555554,map2019/merge_test_700-1800_cr0.95_stride100/Jinrong_100_000127/GPS_info.json,True,12,12,0,12,12,1.0,8.903683346161984e-12,0,0,
merge_test_700-1800_cr0.95_stride100,Jinrong_100_000128,Jinrong,100,000128,120.37875608333333,30.323254666666667,map2019/merge_test_700-1800_cr0.95_stride100/Jinrong_100_000128/GPS_info.json,True,12,12,0,12,12,1.0,8.903683346161984e-12,0,0,
merge_test_700-1800_cr0.95_stride100,Jinrong_100_000129,Jinrong,100,000129,120.37854633333333,30.323255055555556,map2019/merge_test_700-1800_cr0.95_stride100/Jinrong_100_000129/GPS_info.json,True,12,12,0,12,12,1.0,8.903683346161984e-12,0,0,
merge_test_700-1800_cr0.95_stride100,Jinrong_100_000130,Jinrong,100,000130,120.37833733333333,30.32325611111111,map2019/merge_test_700-1800_cr0.95_stride100/Jinrong_100_000130/GPS_info.json,True,12,12,0,12,12,1.0,8.903683346161984e-12,0,0,
merge_test_700-1800_cr0.95_stride100,Jinrong_100_000131,Jinrong,100,000131,120.37813652777778,30.323256083333334,map2019/merge_test_700-1800_cr0.95_stride100/Jinrong_100_000131/GPS_info.json,True,12,12,0,12,12,1.0,8.903683346161984e-12,0,0,
merge_test_700-1800_cr0.95_stride100,Jinrong_100_000132,Jinrong,100,000132,120.3779295,30.323256666666666,map2019/merge_test_700-1800_cr0.95_stride100/Jinrong_100_000132/GPS_info.json,True,12,12,0,12,12,1.0,8.903683346161984e-12,0,0,
merge_test_700-1800_cr0.95_stride100,Jinrong_100_000133,Jinrong,100,000133,120.37772011111112,30.323257694444443,map2019/merge_test_700-1800_cr0.95_stride100/Jinrong_100_000133/GPS_info.json,True,12,12,0,12,12,1.0,8.903683346161984e-12,0,0,
merge_test_700-1800_cr0.95_stride100,Jinrong_100_000134,Jinrong,100,000134,120.37751188888889,30.32325652777778,map2019/merge_test_700-1800_cr0.95_stride100/Jinrong_100_000134/GPS_info.json,True,12,12,0,12,12,1.0,6.483202863449833e-12,0,0,
merge_test_700-1800_cr0.95_stride100,Jinrong_100_000135,Jinrong,100,000135,120.37730130555556,30.323256666666666,map2019/merge_test_700-1800_cr0.95_stride100/Jinrong_100_000135/GPS_info.json,True,12,12,0,12,12,1.0,6.483202863449833e-12,0,0,
merge_test_700-1800_cr0.95_stride100,Jinrong_100_000136,Jinrong,100,000136,120.37730716666667,30.323074722222223,map2019/merge_test_700-1800_cr0.95_stride100/Jinrong_100_000136/GPS_info.json,True,12,12,0,12,12,1.0,8.903683346161984e-12,0,0,
merge_test_700-1800_cr0.95_stride100,Jinrong_100_000137,Jinrong,100,000137,120.37751455555555,30.323075416666665,map2019/merge_test_700-1800_cr0.95_stride100/Jinrong_100_000137/GPS_info.json,True,12,12,0,12,12,1.0,8.903683346161984e-12,0,0,
merge_test_700-1800_cr0.95_stride100,Jinrong_100_000138,Jinrong,100,000138,120.37772038888889,30.32307691666667,map2019/merge_test_700-1800_cr0.95_stride100/Jinrong_100_000138/GPS_info.json,True,12,12,0,12,12,1.0,6.483202863449833e-12,0,0,
merge_test_700-1800_cr0.95_stride100,Jinrong_100_000139,Jinrong,100,000139,120.37792805555556,30.32307736111111,map2019/merge_test_700-1800_cr0.95_stride100/Jinrong_100_000139/GPS_info.json,True,12,12,0,12,12,1.0,8.903683346161984e-12,0,0,
merge_test_700-1800_cr0.95_stride100,Jinrong_100_000140,Jinrong,100,000140,120.37813741666666,30.323076555555556,map2019/merge_test_700-1800_cr0.95_stride100/Jinrong_100_000140/GPS_info.json,True,12,12,0,12,12,1.0,6.483202863449833e-12,0,0,
merge_test_700-1800_cr0.95_stride100,Jinrong_100_000141,Jinrong,100,000141,120.37834438888889,30.32307638888889,map2019/merge_test_700-1800_cr0.95_stride100/Jinrong_100_000141/GPS_info.json,True,12,12,0,12,12,1.0,8.903683346161984e-12,0,0,
merge_test_700-1800_cr0.95_stride100,Jinrong_100_000142,Jinrong,100,000142,120.37855386111111,30.32307422222222,map2019/merge_test_700-1800_cr0.95_stride100/Jinrong_100_000142/GPS_info.json,True,12,12,0,12,12,1.0,6.483202863449833e-12,0,0,
merge_test_700-1800_cr0.95_stride100,Jinrong_100_000143,Jinrong,100,000143,120.37875508333333,30.323068944444444,map2019/merge_test_700-1800_cr0.95_stride100/Jinrong_100_000143/GPS_info.json,True,12,12,0,12,12,1.0,8.903683346161984e-12,0,0,
merge_test_700-1800_cr0.95_stride100,Jinrong_100_000144,Jinrong,100,000144,120.37896158333334,30.32306786111111,map2019/merge_test_700-1800_cr0.95_stride100/Jinrong_100_000144/GPS_info.json,True,12,12,0,12,12,1.0,8.903683346161984e-12,0,0,
merge_test_700-1800_cr0.95_stride100,Jinrong_100_000145,Jinrong,100,000145,120.37916833333334,30.32306847222222,map2019/merge_test_700-1800_cr0.95_stride100/Jinrong_100_000145/GPS_info.json,True,12,12,0,12,12,1.0,6.483202863449833e-12,0,0,
merge_test_700-1800_cr0.95_stride100,Jinrong_100_000146,Jinrong,100,000146,120.37938147222222,30.323065166666666,map2019/merge_test_700-1800_cr0.95_stride100/Jinrong_100_000146/GPS_info.json,True,12,12,0,12,12,1.0,6.483202863449833e-12,0,0,
merge_test_700-1800_cr0.95_stride100,Jinrong_100_000147,Jinrong,100,000147,120.37959186111111,30.32306763888889,map2019/merge_test_700-1800_cr0.95_stride100/Jinrong_100_000147/GPS_info.json,True,12,12,0,12,12,1.0,6.483202863449833e-12,0,0,
merge_test_700-1800_cr0.95_stride100,Jinrong_100_000148,Jinrong,100,000148,120.37979944444444,30.32306788888889,map2019/merge_test_700-1800_cr0.95_stride100/Jinrong_100_000148/GPS_info.json,True,12,12,0,12,12,1.0,6.483202863449833e-12,0,0,
merge_test_700-1800_cr0.95_stride100,Jinrong_100_000149,Jinrong,100,000149,120.38000875,30.32306461111111,map2019/merge_test_700-1800_cr0.95_stride100/Jinrong_100_000149/GPS_info.json,True,12,12,0,12,12,1.0,6.483202863449833e-12,0,0,
merge_test_700-1800_cr0.95_stride100,Jinrong_100_000150,Jinrong,100,000150,120.38021816666667,30.32306188888889,map2019/merge_test_700-1800_cr0.95_stride100/Jinrong_100_000150/GPS_info.json,True,12,12,0,12,12,1.0,6.483202863449833e-12,0,0,
merge_test_700-1800_cr0.95_stride100,Jinrong_100_000151,Jinrong,100,000151,120.38042641666667,30.323061166666665,map2019/merge_test_700-1800_cr0.95_stride100/Jinrong_100_000151/GPS_info.json,True,12,12,0,12,12,1.0,6.483202863449833e-12,0,0,
merge_test_700-1800_cr0.95_stride100,Jinrong_100_000152,Jinrong,100,000152,120.3806333888889,30.323061555555554,map2019/merge_test_700-1800_cr0.95_stride100/Jinrong_100_000152/GPS_info.json,True,12,12,0,12,12,1.0,6.483202863449833e-12,0,0,
merge_test_700-1800_cr0.95_stride100,Jinrong_100_000153,Jinrong,100,000153,120.38061975,30.322884416666668,map2019/merge_test_700-1800_cr0.95_stride100/Jinrong_100_000153/GPS_info.json,True,12,12,0,12,12,1.0,6.483202863449833e-12,0,0,
merge_test_700-1800_cr0.95_stride100,Jinrong_100_000154,Jinrong,100,000154,120.38041333333334,30.32288227777778,map2019/merge_test_700-1800_cr0.95_stride100/Jinrong_100_000154/GPS_info.json,True,12,12,0,12,12,1.0,7.726153050668927e-12,0,0,
merge_test_700-1800_cr0.95_stride100,Jinrong_100_000155,Jinrong,100,000155,120.38020347222222,30.322881916666667,map2019/merge_test_700-1800_cr0.95_stride100/Jinrong_100_000155/GPS_info.json,True,12,12,0,12,12,1.0,7.726153050668927e-12,0,0,
merge_test_700-1800_cr0.95_stride100,Jinrong_100_000156,Jinrong,100,000156,120.37999333333333,30.322883166666667,map2019/merge_test_700-1800_cr0.95_stride100/Jinrong_100_000156/GPS_info.json,True,12,12,0,12,12,1.0,6.483202863449833e-12,0,0,
merge_test_700-1800_cr0.95_stride100,Jinrong_100_000157,Jinrong,100,000157,120.37978911111111,30.322885361111112,map2019/merge_test_700-1800_cr0.95_stride100/Jinrong_100_000157/GPS_info.json,True,12,12,0,12,12,1.0,6.483202863449833e-12,0,0,
merge_test_700-1800_cr0.95_stride100,Jinrong_100_000158,Jinrong,100,000158,120.3795816388889,30.322881055555555,map2019/merge_test_700-1800_cr0.95_stride100/Jinrong_100_000158/GPS_info.json,True,12,12,0,12,12,1.0,7.726153050668927e-12,0,0,
merge_test_700-1800_cr0.95_stride100,Jinrong_100_000159,Jinrong,100,000159,120.37937169444444,30.322886416666666,map2019/merge_test_700-1800_cr0.95_stride100/Jinrong_100_000159/GPS_info.json,True,12,12,0,12,12,1.0,7.726153050668927e-12,0,0,
merge_test_700-1800_cr0.95_stride100,Jinrong_100_000160,Jinrong,100,000160,120.37916441666667,30.322885166666666,map2019/merge_test_700-1800_cr0.95_stride100/Jinrong_100_000160/GPS_info.json,True,12,12,0,12,12,1.0,6.483202863449833e-12,0,0,
merge_test_700-1800_cr0.95_stride100,Jinrong_100_000161,Jinrong,100,000161,120.37895730555556,30.322884138888888,map2019/merge_test_700-1800_cr0.95_stride100/Jinrong_100_000161/GPS_info.json,True,12,12,0,12,12,1.0,6.483202863449833e-12,0,0,
merge_test_700-1800_cr0.95_stride100,Jinrong_100_000162,Jinrong,100,000162,120.37875013888889,30.32288425,map2019/merge_test_700-1800_cr0.95_stride100/Jinrong_100_000162/GPS_info.json,True,12,12,0,12,12,1.0,7.726153050668927e-12,0,0,
merge_test_700-1800_cr0.95_stride100,Jinrong_100_000163,Jinrong,100,000163,120.37854188888889,30.322884166666668,map2019/merge_test_700-1800_cr0.95_stride100/Jinrong_100_000163/GPS_info.json,True,12,12,0,12,12,1.0,6.483202863449833e-12,0,0,
merge_test_700-1800_cr0.95_stride100,Jinrong_100_000164,Jinrong,100,000164,120.37833583333334,30.322883166666667,map2019/merge_test_700-1800_cr0.95_stride100/Jinrong_100_000164/GPS_info.json,True,12,12,0,12,12,1.0,7.726153050668927e-12,0,0,
merge_test_700-1800_cr0.95_stride100,Jinrong_100_000165,Jinrong,100,000165,120.37812905555556,30.322883527777776,map2019/merge_test_700-1800_cr0.95_stride100/Jinrong_100_000165/GPS_info.json,True,12,12,0,12,12,1.0,7.726153050668927e-12,0,0,
merge_test_700-1800_cr0.95_stride100,Jinrong_100_000166,Jinrong,100,000166,120.37791983333334,30.32288363888889,map2019/merge_test_700-1800_cr0.95_stride100/Jinrong_100_000166/GPS_info.json,True,12,12,0,12,12,1.0,6.483202863449833e-12,0,0,
merge_test_700-1800_cr0.95_stride100,Jinrong_100_000167,Jinrong,100,000167,120.37771111111111,30.322883527777776,map2019/merge_test_700-1800_cr0.95_stride100/Jinrong_100_000167/GPS_info.json,True,12,12,0,12,12,1.0,7.726153050668927e-12,0,0,
merge_test_700-1800_cr0.95_stride100,Jinrong_100_000168,Jinrong,100,000168,120.37750255555555,30.322884305555554,map2019/merge_test_700-1800_cr0.95_stride100/Jinrong_100_000168/GPS_info.json,True,12,12,0,12,12,1.0,7.726153050668927e-12,0,0,
merge_test_700-1800_cr0.95_stride100,Jinrong_100_000169,Jinrong,100,000169,120.37729538888888,30.322885111111113,map2019/merge_test_700-1800_cr0.95_stride100/Jinrong_100_000169/GPS_info.json,True,12,12,0,12,12,1.0,7.726153050668927e-12,0,0,
merge_test_700-1800_cr0.95_stride100,Jinrong_100_000170,Jinrong,100,000170,120.37728922222222,30.322704138888888,map2019/merge_test_700-1800_cr0.95_stride100/Jinrong_100_000170/GPS_info.json,True,12,12,0,12,12,1.0,7.726153050668927e-12,0,0,
merge_test_700-1800_cr0.95_stride100,Jinrong_100_000171,Jinrong,100,000171,120.37749080555555,30.322703,map2019/merge_test_700-1800_cr0.95_stride100/Jinrong_100_000171/GPS_info.json,True,12,12,0,12,12,1.0,7.726153050668927e-12,0,0,
merge_test_700-1800_cr0.95_stride100,Jinrong_100_000172,Jinrong,100,000172,120.37769672222223,30.322702027777776,map2019/merge_test_700-1800_cr0.95_stride100/Jinrong_100_000172/GPS_info.json,True,12,12,0,12,12,1.0,7.726153050668927e-12,0,0,
merge_test_700-1800_cr0.95_stride100,Jinrong_100_000173,Jinrong,100,000173,120.37790944444444,30.32270272222222,map2019/merge_test_700-1800_cr0.95_stride100/Jinrong_100_000173/GPS_info.json,True,12,12,0,12,12,1.0,7.726153050668927e-12,0,0,
merge_test_700-1800_cr0.95_stride100,Jinrong_100_000174,Jinrong,100,000174,120.37811897222223,30.322699,map2019/merge_test_700-1800_cr0.95_stride100/Jinrong_100_000174/GPS_info.json,True,12,12,0,12,12,0.0,7.693332082503446e-12,0,0,
merge_test_700-1800_cr0.95_stride100,Jinrong_100_000175,Jinrong,100,000175,120.37832758333333,30.32270063888889,map2019/merge_test_700-1800_cr0.95_stride100/Jinrong_100_000175/GPS_info.json,True,12,12,0,12,12,0.0,7.693332082503446e-12,0,0,
merge_test_700-1800_cr0.95_stride100,Jinrong_100_000176,Jinrong,100,000176,120.37853494444444,30.322699583333332,map2019/merge_test_700-1800_cr0.95_stride100/Jinrong_100_000176/GPS_info.json,True,12,12,0,12,12,1.0,7.726153050668927e-12,0,0,
merge_test_700-1800_cr0.95_stride100,Jinrong_100_000177,Jinrong,100,000177,120.37874194444444,30.322699444444446,map2019/merge_test_700-1800_cr0.95_stride100/Jinrong_100_000177/GPS_info.json,True,12,12,0,12,12,0.0,7.693332082503446e-12,0,0,
merge_test_700-1800_cr0.95_stride100,Jinrong_100_000178,Jinrong,100,000178,120.37894944444444,30.32269813888889,map2019/merge_test_700-1800_cr0.95_stride100/Jinrong_100_000178/GPS_info.json,True,12,12,0,12,12,1.0,7.726153050668927e-12,0,0,
merge_test_700-1800_cr0.95_stride100,Jinrong_100_000179,Jinrong,100,000179,120.37915652777778,30.32269952777778,map2019/merge_test_700-1800_cr0.95_stride100/Jinrong_100_000179/GPS_info.json,True,12,12,0,12,12,0.0,7.693332082503446e-12,0,0,
merge_test_700-1800_cr0.95_stride100,Jinrong_100_000180,Jinrong,100,000180,120.37936525,30.322698083333332,map2019/merge_test_700-1800_cr0.95_stride100/Jinrong_100_000180/GPS_info.json,True,12,12,0,12,12,0.0,7.693332082503446e-12,0,0,
merge_test_700-1800_cr0.95_stride100,Jinrong_100_000181,Jinrong,100,000181,120.37957244444445,30.32269825,map2019/merge_test_700-1800_cr0.95_stride100/Jinrong_100_000181/GPS_info.json,True,12,12,0,12,12,1.0,7.726153050668927e-12,0,0,
merge_test_700-1800_cr0.95_stride100,Jinrong_100_000182,Jinrong,100,000182,120.37977405555556,30.32269927777778,map2019/merge_test_700-1800_cr0.95_stride100/Jinrong_100_000182/GPS_info.json,True,12,12,0,12,12,1.0,7.726153050668927e-12,0,0,
merge_test_700-1800_cr0.95_stride100,Jinrong_100_000183,Jinrong,100,000183,120.37998583333334,30.322697583333333,map2019/merge_test_700-1800_cr0.95_stride100/Jinrong_100_000183/GPS_info.json,True,12,12,0,12,12,1.0,7.726153050668927e-12,0,0,
merge_test_700-1800_cr0.95_stride100,Jinrong_100_000184,Jinrong,100,000184,120.3801955,30.32269675,map2019/merge_test_700-1800_cr0.95_stride100/Jinrong_100_000184/GPS_info.json,True,12,12,0,12,12,0.0,7.693332082503446e-12,0,0,
merge_test_700-1800_cr0.95_stride100,Jinrong_100_000185,Jinrong,100,000185,120.3804041111111,30.322695694444445,map2019/merge_test_700-1800_cr0.95_stride100/Jinrong_100_000185/GPS_info.json,True,12,12,0,12,12,0.0,7.693332082503446e-12,0,0,
merge_test_700-1800_cr0.95_stride100,Jinrong_100_000186,Jinrong,100,000186,120.38061177777777,30.322693833333332,map2019/merge_test_700-1800_cr0.95_stride100/Jinrong_100_000186/GPS_info.json,True,12,12,0,12,12,0.0,7.693332082503446e-12,0,0,
merge_test_700-1800_cr0.95_stride100,Jinrong_100_000187,Jinrong,100,000187,120.38060044444444,30.322514916666666,map2019/merge_test_700-1800_cr0.95_stride100/Jinrong_100_000187/GPS_info.json,True,12,12,0,12,12,1.0,7.726153050668927e-12,0,0,
merge_test_700-1800_cr0.95_stride100,Jinrong_100_000188,Jinrong,100,000188,120.38040230555555,30.322511416666668,map2019/merge_test_700-1800_cr0.95_stride100/Jinrong_100_000188/GPS_info.json,True,12,12,0,12,12,0.0,7.693332082503446e-12,0,0,
merge_test_700-1800_cr0.95_stride100,Jinrong_100_000189,Jinrong,100,000189,120.38019086111112,30.322510305555557,map2019/merge_test_700-1800_cr0.95_stride100/Jinrong_100_000189/GPS_info.json,True,12,12,0,12,12,0.0,7.693332082503446e-12,0,0,
merge_test_700-1800_cr0.95_stride100,Jinrong_100_000190,Jinrong,100,000190,120.37997627777777,30.32251161111111,map2019/merge_test_700-1800_cr0.95_stride100/Jinrong_100_000190/GPS_info.json,True,12,12,0,12,12,0.0,7.693332082503446e-12,0,0,
merge_test_700-1800_cr0.95_stride100,Jinrong_100_000191,Jinrong,100,000191,120.37976619444444,30.322512166666666,map2019/merge_test_700-1800_cr0.95_stride100/Jinrong_100_000191/GPS_info.json,True,12,12,0,12,12,0.0,7.693332082503446e-12,0,0,
merge_test_700-1800_cr0.95_stride100,Jinrong_100_000192,Jinrong,100,000192,120.37955497222222,30.322512638888888,map2019/merge_test_700-1800_cr0.95_stride100/Jinrong_100_000192/GPS_info.json,True,12,12,0,12,12,0.0,7.693332082503446e-12,0,0,
merge_test_700-1800_cr0.95_stride100,Jinrong_100_000193,Jinrong,100,000193,120.37935972222222,30.322504722222224,map2019/merge_test_700-1800_cr0.95_stride100/Jinrong_100_000193/GPS_info.json,True,12,12,0,12,12,0.0,7.693332082503446e-12,0,0,
merge_test_700-1800_cr0.95_stride100,Jinrong_100_000194,Jinrong,100,000194,120.3791533888889,30.32250513888889,map2019/merge_test_700-1800_cr0.95_stride100/Jinrong_100_000194/GPS_info.json,True,12,12,0,12,12,1.0,3.921973856790828e-12,0,0,
merge_test_700-1800_cr0.95_stride100,Jinrong_100_000195,Jinrong,100,000195,120.37894491666667,30.32250638888889,map2019/merge_test_700-1800_cr0.95_stride100/Jinrong_100_000195/GPS_info.json,True,12,12,0,12,12,1.0,3.921973856790828e-12,0,0,
merge_test_700-1800_cr0.95_stride100,Jinrong_100_000196,Jinrong,100,000196,120.37873519444445,30.32250913888889,map2019/merge_test_700-1800_cr0.95_stride100/Jinrong_100_000196/GPS_info.json,True,12,12,0,12,12,0.0,7.693332082503446e-12,0,0,
merge_test_700-1800_cr0.95_stride100,Jinrong_100_000197,Jinrong,100,000197,120.37853033333333,30.322509305555556,map2019/merge_test_700-1800_cr0.95_stride100/Jinrong_100_000197/GPS_info.json,True,12,12,0,12,12,0.0,7.693332082503446e-12,0,0,
merge_test_700-1800_cr0.95_stride100,Jinrong_100_000198,Jinrong,100,000198,120.37832211111112,30.32251025,map2019/merge_test_700-1800_cr0.95_stride100/Jinrong_100_000198/GPS_info.json,True,12,12,0,12,12,1.0,3.921973856790828e-12,0,0,
merge_test_700-1800_cr0.95_stride100,Jinrong_100_000199,Jinrong,100,000199,120.37811344444444,30.322510666666666,map2019/merge_test_700-1800_cr0.95_stride100/Jinrong_100_000199/GPS_info.json,True,12,12,0,12,12,1.0,3.921973856790828e-12,0,0,
merge_test_700-1800_cr0.95_stride100,Jinrong_80_000000,Jinrong,80,000000,120.37732816666667,30.324493722222222,map2019/merge_test_700-1800_cr0.95_stride100/Jinrong_80_000000/GPS_info.json,True,12,12,0,12,12,0.0,7.693332082503446e-12,0,0,
merge_test_700-1800_cr0.95_stride100,Jinrong_80_000001,Jinrong,80,000001,120.37753041666667,30.32449488888889,map2019/merge_test_700-1800_cr0.95_stride100/Jinrong_80_000001/GPS_info.json,True,12,12,0,12,12,0.0,7.693332082503446e-12,0,0,
merge_test_700-1800_cr0.95_stride100,Jinrong_80_000002,Jinrong,80,000002,120.37773769444445,30.324494833333333,map2019/merge_test_700-1800_cr0.95_stride100/Jinrong_80_000002/GPS_info.json,True,12,12,0,12,12,1.0,3.921973856790828e-12,0,0,
merge_test_700-1800_cr0.95_stride100,Jinrong_80_000003,Jinrong,80,000003,120.37793769444444,30.324491833333333,map2019/merge_test_700-1800_cr0.95_stride100/Jinrong_80_000003/GPS_info.json,True,12,12,0,12,12,1.0,3.921973856790828e-12,0,0,
merge_test_700-1800_cr0.95_stride100,Jinrong_80_000004,Jinrong,80,000004,120.37815086111111,30.324492944444444,map2019/merge_test_700-1800_cr0.95_stride100/Jinrong_80_000004/GPS_info.json,True,12,12,0,12,12,0.0,7.693332082503446e-12,0,0,
merge_test_700-1800_cr0.95_stride100,Jinrong_80_000005,Jinrong,80,000005,120.37835725,30.324493027777777,map2019/merge_test_700-1800_cr0.95_stride100/Jinrong_80_000005/GPS_info.json,True,12,12,0,12,12,1.0,3.921973856790828e-12,0,0,
merge_test_700-1800_cr0.95_stride100,Jinrong_80_000006,Jinrong,80,000006,120.37856602777778,30.324492055555556,map2019/merge_test_700-1800_cr0.95_stride100/Jinrong_80_000006/GPS_info.json,True,12,12,0,12,12,1.0,3.921973856790828e-12,0,0,
merge_test_700-1800_cr0.95_stride100,Jinrong_80_000007,Jinrong,80,000007,120.37877375,30.324491527777777,map2019/merge_test_700-1800_cr0.95_stride100/Jinrong_80_000007/GPS_info.json,True,12,12,0,12,12,0.0,7.693332082503446e-12,0,0,
merge_test_700-1800_cr0.95_stride100,Jinrong_80_000008,Jinrong,80,000008,120.37898405555555,30.32449161111111,map2019/merge_test_700-1800_cr0.95_stride100/Jinrong_80_000008/GPS_info.json,True,12,12,0,12,12,1.0,3.921973856790828e-12,0,0,
merge_test_700-1800_cr0.95_stride100,Jinrong_80_000009,Jinrong,80,000009,120.37919230555555,30.32449111111111,map2019/merge_test_700-1800_cr0.95_stride100/Jinrong_80_000009/GPS_info.json,True,12,12,0,12,12,1.0,3.921973856790828e-12,0,0,
merge_test_700-1800_cr0.95_stride100,Jinrong_80_000010,Jinrong,80,000010,120.37939961111111,30.324490194444444,map2019/merge_test_700-1800_cr0.95_stride100/Jinrong_80_000010/GPS_info.json,True,12,12,0,12,12,1.0,3.921973856790828e-12,0,0,
merge_test_700-1800_cr0.95_stride100,Jinrong_80_000011,Jinrong,80,000011,120.37960844444444,30.324489777777778,map2019/merge_test_700-1800_cr0.95_stride100/Jinrong_80_000011/GPS_info.json,True,12,12,0,12,12,1.0,3.921973856790828e-12,0,0,
merge_test_700-1800_cr0.95_stride100,Jinrong_80_000012,Jinrong,80,000012,120.37981663888888,30.324489166666666,map2019/merge_test_700-1800_cr0.95_stride100/Jinrong_80_000012/GPS_info.json,True,12,12,0,12,12,1.0,3.921973856790828e-12,0,0,
merge_test_700-1800_cr0.95_stride100,Jinrong_80_000013,Jinrong,80,000013,120.38002852777778,30.324488416666668,map2019/merge_test_700-1800_cr0.95_stride100/Jinrong_80_000013/GPS_info.json,True,12,12,0,12,12,1.0,3.921973856790828e-12,0,0,
merge_test_700-1800_cr0.95_stride100,Jinrong_80_000014,Jinrong,80,000014,120.38023602777778,30.32448777777778,map2019/merge_test_700-1800_cr0.95_stride100/Jinrong_80_000014/GPS_info.json,True,12,12,0,12,12,1.0,9.940784306827766e-12,0,0,
merge_test_700-1800_cr0.95_stride100,Jinrong_80_000015,Jinrong,80,000015,120.38044230555556,30.324486805555555,map2019/merge_test_700-1800_cr0.95_stride100/Jinrong_80_000015/GPS_info.json,True,12,12,0,12,12,1.0,3.921973856790828e-12,0,0,
merge_test_700-1800_cr0.95_stride100,Jinrong_80_000016,Jinrong,80,000016,120.38065022222223,30.324485694444444,map2019/merge_test_700-1800_cr0.95_stride100/Jinrong_80_000016/GPS_info.json,True,12,12,0,12,12,1.0,9.940784306827766e-12,0,0,
merge_test_700-1800_cr0.95_stride100,Jinrong_80_000017,Jinrong,80,000017,120.38062977777778,30.324308583333334,map2019/merge_test_700-1800_cr0.95_stride100/Jinrong_80_000017/GPS_info.json,True,12,12,0,12,12,1.0,9.940784306827766e-12,0,0,
merge_test_700-1800_cr0.95_stride100,Jinrong_80_000018,Jinrong,80,000018,120.38042441666667,30.32430672222222,map2019/merge_test_700-1800_cr0.95_stride100/Jinrong_80_000018/GPS_info.json,True,12,12,0,12,12,1.0,3.921973856790828e-12,0,0,
merge_test_700-1800_cr0.95_stride100,Jinrong_80_000019,Jinrong,80,000019,120.38021555555555,30.32430663888889,map2019/merge_test_700-1800_cr0.95_stride100/Jinrong_80_000019/GPS_info.json,True,12,12,0,12,12,1.0,9.940784306827766e-12,0,0,
merge_test_700-1800_cr0.95_stride100,Jinrong_80_000020,Jinrong,80,000020,120.38001638888889,30.324309194444446,map2019/merge_test_700-1800_cr0.95_stride100/Jinrong_80_000020/GPS_info.json,True,12,12,0,12,12,1.0,3.921973856790828e-12,0,0,
merge_test_700-1800_cr0.95_stride100,Jinrong_80_000021,Jinrong,80,000021,120.37980291666666,30.324307305555557,map2019/merge_test_700-1800_cr0.95_stride100/Jinrong_80_000021/GPS_info.json,True,12,12,0,12,12,1.0,9.940784306827766e-12,0,0,
merge_test_700-1800_cr0.95_stride100,Jinrong_80_000022,Jinrong,80,000022,120.37959580555555,30.324306555555555,map2019/merge_test_700-1800_cr0.95_stride100/Jinrong_80_000022/GPS_info.json,True,12,12,0,12,12,1.0,9.940784306827766e-12,0,0,
merge_test_700-1800_cr0.95_stride100,Jinrong_80_000023,Jinrong,80,000023,120.37938802777778,30.324306833333335,map2019/merge_test_700-1800_cr0.95_stride100/Jinrong_80_000023/GPS_info.json,True,12,12,0,12,12,1.0,3.921973856790828e-12,0,0,
merge_test_700-1800_cr0.95_stride100,Jinrong_80_000024,Jinrong,80,000024,120.37917880555555,30.324306,map2019/merge_test_700-1800_cr0.95_stride100/Jinrong_80_000024/GPS_info.json,True,12,12,0,12,12,1.0,9.940784306827766e-12,0,0,
merge_test_700-1800_cr0.95_stride100,Jinrong_80_000025,Jinrong,80,000025,120.37897105555555,30.32430586111111,map2019/merge_test_700-1800_cr0.95_stride100/Jinrong_80_000025/GPS_info.json,True,12,12,0,12,12,1.0,3.921973856790828e-12,0,0,
merge_test_700-1800_cr0.95_stride100,Jinrong_80_000026,Jinrong,80,000026,120.37876413888888,30.324306083333333,map2019/merge_test_700-1800_cr0.95_stride100/Jinrong_80_000026/GPS_info.json,True,12,12,0,12,12,1.0,9.940784306827766e-12,0,0,
merge_test_700-1800_cr0.95_stride100,Jinrong_80_000027,Jinrong,80,000027,120.37855377777778,30.324306305555556,map2019/merge_test_700-1800_cr0.95_stride100/Jinrong_80_000027/GPS_info.json,True,12,12,0,12,12,1.0,9.940784306827766e-12,0,0,
merge_test_700-1800_cr0.95_stride100,Jinrong_80_000028,Jinrong,80,000028,120.37834569444445,30.3243065,map2019/merge_test_700-1800_cr0.95_stride100/Jinrong_80_000028/GPS_info.json,True,12,12,0,12,12,1.0,9.940784306827766e-12,0,0,
merge_test_700-1800_cr0.95_stride100,Jinrong_80_000029,Jinrong,80,000029,120.37813577777777,30.32430611111111,map2019/merge_test_700-1800_cr0.95_stride100/Jinrong_80_000029/GPS_info.json,True,12,12,0,12,12,1.0,9.940784306827766e-12,0,0,
merge_test_700-1800_cr0.95_stride100,Jinrong_80_000030,Jinrong,80,000030,120.377935,30.32430736111111,map2019/merge_test_700-1800_cr0.95_stride100/Jinrong_80_000030/GPS_info.json,True,12,12,0,12,12,1.0,3.921973856790828e-12,0,0,
merge_test_700-1800_cr0.95_stride100,Jinrong_80_000031,Jinrong,80,000031,120.37771925,30.32430638888889,map2019/merge_test_700-1800_cr0.95_stride100/Jinrong_80_000031/GPS_info.json,True,12,12,0,12,12,1.0,9.940784306827766e-12,0,0,
merge_test_700-1800_cr0.95_stride100,Jinrong_80_000032,Jinrong,80,000032,120.37751108333333,30.324306305555556,map2019/merge_test_700-1800_cr0.95_stride100/Jinrong_80_000032/GPS_info.json,True,12,12,0,12,12,1.0,9.940784306827766e-12,0,0,
merge_test_700-1800_cr0.95_stride100,Jinrong_80_000033,Jinrong,80,000033,120.37730386111112,30.32430711111111,map2019/merge_test_700-1800_cr0.95_stride100/Jinrong_80_000033/GPS_info.json,True,12,12,0,12,12,1.0,9.940784306827766e-12,0,0,
merge_test_700-1800_cr0.95_stride100,Jinrong_80_000034,Jinrong,80,000034,120.37731686111111,30.324128305555554,map2019/merge_test_700-1800_cr0.95_stride100/Jinrong_80_000034/GPS_info.json,True,12,12,0,12,12,1.0,9.940784306827766e-12,0,0,
merge_test_700-1800_cr0.95_stride100,Jinrong_80_000035,Jinrong,80,000035,120.37752727777777,30.324130611111112,map2019/merge_test_700-1800_cr0.95_stride100/Jinrong_80_000035/GPS_info.json,True,12,12,0,12,12,0.0,4.632849659458316e-12,0,0,
merge_test_700-1800_cr0.95_stride100,Jinrong_80_000036,Jinrong,80,000036,120.37773175,30.324129916666667,map2019/merge_test_700-1800_cr0.95_stride100/Jinrong_80_000036/GPS_info.json,True,12,12,0,12,12,0.0,4.632849659458316e-12,0,0,
merge_test_700-1800_cr0.95_stride100,Jinrong_80_000037,Jinrong,80,000037,120.37793777777777,30.324128722222223,map2019/merge_test_700-1800_cr0.95_stride100/Jinrong_80_000037/GPS_info.json,True,12,12,0,12,12,0.0,4.632849659458316e-12,0,0,
merge_test_700-1800_cr0.95_stride100,Jinrong_80_000038,Jinrong,80,000038,120.37814677777777,30.324130166666666,map2019/merge_test_700-1800_cr0.95_stride100/Jinrong_80_000038/GPS_info.json,True,12,12,0,12,12,1.0,9.940784306827766e-12,0,0,
merge_test_700-1800_cr0.95_stride100,Jinrong_80_000039,Jinrong,80,000039,120.37835363888888,30.324130361111113,map2019/merge_test_700-1800_cr0.95_stride100/Jinrong_80_000039/GPS_info.json,True,12,12,0,12,12,0.0,4.632849659458316e-12,0,0,
merge_test_700-1800_cr0.95_stride100,Jinrong_80_000040,Jinrong,80,000040,120.37856108333334,30.324131861111113,map2019/merge_test_700-1800_cr0.95_stride100/Jinrong_80_000040/GPS_info.json,True,12,12,0,12,12,1.0,9.940784306827766e-12,0,0,
merge_test_700-1800_cr0.95_stride100,Jinrong_80_000041,Jinrong,80,000041,120.37876775,30.32413125,map2019/merge_test_700-1800_cr0.95_stride100/Jinrong_80_000041/GPS_info.json,True,12,12,0,12,12,0.0,4.632849659458316e-12,0,0,
merge_test_700-1800_cr0.95_stride100,Jinrong_80_000042,Jinrong,80,000042,120.37897633333333,30.324132777777777,map2019/merge_test_700-1800_cr0.95_stride100/Jinrong_80_000042/GPS_info.json,True,12,12,0,12,12,0.0,4.632849659458316e-12,0,0,
merge_test_700-1800_cr0.95_stride100,Jinrong_80_000043,Jinrong,80,000043,120.37918411111112,30.324133472222222,map2019/merge_test_700-1800_cr0.95_stride100/Jinrong_80_000043/GPS_info.json,True,12,12,0,12,12,0.0,4.632849659458316e-12,0,0,
merge_test_700-1800_cr0.95_stride100,Jinrong_80_000044,Jinrong,80,000044,120.37939327777778,30.324134472222223,map2019/merge_test_700-1800_cr0.95_stride100/Jinrong_80_000044/GPS_info.json,True,12,12,0,12,12,1.0,9.940784306827766e-12,0,0,
merge_test_700-1800_cr0.95_stride100,Jinrong_80_000045,Jinrong,80,000045,120.37960086111111,30.324134833333332,map2019/merge_test_700-1800_cr0.95_stride100/Jinrong_80_000045/GPS_info.json,True,12,12,0,12,12,1.0,9.940784306827766e-12,0,0,
merge_test_700-1800_cr0.95_stride100,Jinrong_80_000046,Jinrong,80,000046,120.37980766666666,30.324137611111112,map2019/merge_test_700-1800_cr0.95_stride100/Jinrong_80_000046/GPS_info.json,True,12,12,0,12,12,0.0,4.632849659458316e-12,0,0,
merge_test_700-1800_cr0.95_stride100,Jinrong_80_000047,Jinrong,80,000047,120.38001638888889,30.324137722222222,map2019/merge_test_700-1800_cr0.95_stride100/Jinrong_80_000047/GPS_info.json,True,12,12,0,12,12,0.0,4.632849659458316e-12,0,0,
merge_test_700-1800_cr0.95_stride100,Jinrong_80_000048,Jinrong,80,000048,120.38022388888889,30.324138305555557,map2019/merge_test_700-1800_cr0.95_stride100/Jinrong_80_000048/GPS_info.json,True,12,12,0,12,12,0.0,4.632849659458316e-12,0,0,
merge_test_700-1800_cr0.95_stride100,Jinrong_80_000049,Jinrong,80,000049,120.38043191666667,30.324138944444446,map2019/merge_test_700-1800_cr0.95_stride100/Jinrong_80_000049/GPS_info.json,True,12,12,0,12,12,0.0,4.632849659458316e-12,0,0,
merge_test_700-1800_cr0.95_stride100,Jinrong_80_000050,Jinrong,80,000050,120.38063919444444,30.32413927777778,map2019/merge_test_700-1800_cr0.95_stride100/Jinrong_80_000050/GPS_info.json,True,12,12,0,12,12,0.0,4.632849659458316e-12,0,0,
merge_test_700-1800_cr0.95_stride100,Jinrong_80_000051,Jinrong,80,000051,120.38062975,30.323959777777777,map2019/merge_test_700-1800_cr0.95_stride100/Jinrong_80_000051/GPS_info.json,True,12,12,0,12,12,0.0,4.632849659458316e-12,0,0,
merge_test_700-1800_cr0.95_stride100,Jinrong_80_000052,Jinrong,80,000052,120.3804258888889,30.323958916666665,map2019/merge_test_700-1800_cr0.95_stride100/Jinrong_80_000052/GPS_info.json,True,12,12,0,12,12,0.0,4.632849659458316e-12,0,0,
merge_test_700-1800_cr0.95_stride100,Jinrong_80_000053,Jinrong,80,000053,120.38022016666666,30.323958527777776,map2019/merge_test_700-1800_cr0.95_stride100/Jinrong_80_000053/GPS_info.json,True,12,12,0,12,12,1.0,9.940784306827766e-12,0,0,
merge_test_700-1800_cr0.95_stride100,Jinrong_80_000054,Jinrong,80,000054,120.38001216666666,30.323958277777777,map2019/merge_test_700-1800_cr0.95_stride100/Jinrong_80_000054/GPS_info.json,True,12,12,0,12,12,1.0,7.563838444468729e-12,0,0,
merge_test_700-1800_cr0.95_stride100,Jinrong_80_000055,Jinrong,80,000055,120.37980386111111,30.32395908333333,map2019/merge_test_700-1800_cr0.95_stride100/Jinrong_80_000055/GPS_info.json,True,12,12,0,12,12,0.0,4.632849659458316e-12,0,0,
merge_test_700-1800_cr0.95_stride100,Jinrong_80_000056,Jinrong,80,000056,120.37959430555556,30.323958916666665,map2019/merge_test_700-1800_cr0.95_stride100/Jinrong_80_000056/GPS_info.json,True,12,12,0,12,12,1.0,7.563838444468729e-12,0,0,
merge_test_700-1800_cr0.95_stride100,Jinrong_80_000057,Jinrong,80,000057,120.37938766666667,30.323959055555555,map2019/merge_test_700-1800_cr0.95_stride100/Jinrong_80_000057/GPS_info.json,True,12,12,0,12,12,0.0,4.632849659458316e-12,0,0,
merge_test_700-1800_cr0.95_stride100,Jinrong_80_000058,Jinrong,80,000058,120.37917955555555,30.323960833333334,map2019/merge_test_700-1800_cr0.95_stride100/Jinrong_80_000058/GPS_info.json,True,12,12,0,12,12,1.0,7.563838444468729e-12,0,0,
merge_test_700-1800_cr0.95_stride100,Jinrong_80_000059,Jinrong,80,000059,120.37897336111111,30.323961305555557,map2019/merge_test_700-1800_cr0.95_stride100/Jinrong_80_000059/GPS_info.json,True,12,12,0,12,12,1.0,7.563838444468729e-12,0,0,
merge_test_700-1800_cr0.95_stride100,Jinrong_80_000060,Jinrong,80,000060,120.3787653888889,30.323960305555556,map2019/merge_test_700-1800_cr0.95_stride100/Jinrong_80_000060/GPS_info.json,True,12,12,0,12,12,1.0,7.563838444468729e-12,0,0,
merge_test_700-1800_cr0.95_stride100,Jinrong_80_000061,Jinrong,80,000061,120.37855797222223,30.32396072222222,map2019/merge_test_700-1800_cr0.95_stride100/Jinrong_80_000061/GPS_info.json,True,12,12,0,12,12,1.0,7.563838444468729e-12,0,0,
merge_test_700-1800_cr0.95_stride100,Jinrong_80_000062,Jinrong,80,000062,120.37834747222222,30.32395875,map2019/merge_test_700-1800_cr0.95_stride100/Jinrong_80_000062/GPS_info.json,True,12,12,0,12,12,0.0,4.632849659458316e-12,0,0,
merge_test_700-1800_cr0.95_stride100,Jinrong_80_000063,Jinrong,80,000063,120.3781403888889,30.323959388888888,map2019/merge_test_700-1800_cr0.95_stride100/Jinrong_80_000063/GPS_info.json,True,12,12,0,12,12,1.0,7.563838444468729e-12,0,0,
merge_test_700-1800_cr0.95_stride100,Jinrong_80_000064,Jinrong,80,000064,120.3779305,30.323960055555556,map2019/merge_test_700-1800_cr0.95_stride100/Jinrong_80_000064/GPS_info.json,True,12,12,0,12,12,0.0,4.632849659458316e-12,0,0,
merge_test_700-1800_cr0.95_stride100,Jinrong_80_000065,Jinrong,80,000065,120.37772166666667,30.323960555555555,map2019/merge_test_700-1800_cr0.95_stride100/Jinrong_80_000065/GPS_info.json,True,12,12,0,12,12,1.0,7.563838444468729e-12,0,0,
merge_test_700-1800_cr0.95_stride100,Jinrong_80_000066,Jinrong,80,000066,120.37751244444445,30.32396025,map2019/merge_test_700-1800_cr0.95_stride100/Jinrong_80_000066/GPS_info.json,True,12,12,0,12,12,0.0,4.632849659458316e-12,0,0,
merge_test_700-1800_cr0.95_stride100,Jinrong_80_000067,Jinrong,80,000067,120.37730619444444,30.323961277777777,map2019/merge_test_700-1800_cr0.95_stride100/Jinrong_80_000067/GPS_info.json,True,12,12,0,12,12,1.0,7.563838444468729e-12,0,0,
merge_test_700-1800_cr0.95_stride100,Jinrong_80_000068,Jinrong,80,000068,120.37731908333333,30.323780527777778,map2019/merge_test_700-1800_cr0.95_stride100/Jinrong_80_000068/GPS_info.json,True,12,12,0,12,12,1.0,7.563838444468729e-12,0,0,
merge_test_700-1800_cr0.95_stride100,Jinrong_80_000069,Jinrong,80,000069,120.37752975,30.32378186111111,map2019/merge_test_700-1800_cr0.95_stride100/Jinrong_80_000069/GPS_info.json,True,12,12,0,12,12,1.0,7.563838444468729e-12,0,0,
merge_test_700-1800_cr0.95_stride100,Jinrong_80_000070,Jinrong,80,000070,120.37773838888889,30.32378277777778,map2019/merge_test_700-1800_cr0.95_stride100/Jinrong_80_000070/GPS_info.json,True,12,12,0,12,12,1.0,7.563838444468729e-12,0,0,
merge_test_700-1800_cr0.95_stride100,Jinrong_80_000071,Jinrong,80,000071,120.37794541666666,30.323783083333332,map2019/merge_test_700-1800_cr0.95_stride100/Jinrong_80_000071/GPS_info.json,True,12,12,0,12,12,1.0,7.563838444468729e-12,0,0,
merge_test_700-1800_cr0.95_stride100,Jinrong_80_000072,Jinrong,80,000072,120.37815358333333,30.323783166666665,map2019/merge_test_700-1800_cr0.95_stride100/Jinrong_80_000072/GPS_info.json,True,12,12,0,12,12,1.0,7.563838444468729e-12,0,0,
merge_test_700-1800_cr0.95_stride100,Jinrong_80_000073,Jinrong,80,000073,120.37836002777777,30.32378525,map2019/merge_test_700-1800_cr0.95_stride100/Jinrong_80_000073/GPS_info.json,True,12,12,0,12,12,0.0,4.632849659458316e-12,0,0,
merge_test_700-1800_cr0.95_stride100,Jinrong_80_000074,Jinrong,80,000074,120.37856736111111,30.323784694444445,map2019/merge_test_700-1800_cr0.95_stride100/Jinrong_80_000074/GPS_info.json,True,12,12,0,12,12,1.0,5.029893168639887e-12,0,0,
merge_test_700-1800_cr0.95_stride100,Jinrong_80_000075,Jinrong,80,000075,120.37877683333333,30.32378688888889,map2019/merge_test_700-1800_cr0.95_stride100/Jinrong_80_000075/GPS_info.json,True,12,12,0,12,12,1.0,5.029893168639887e-12,0,0,
merge_test_700-1800_cr0.95_stride100,Jinrong_80_000076,Jinrong,80,000076,120.37898563888889,30.32378811111111,map2019/merge_test_700-1800_cr0.95_stride100/Jinrong_80_000076/GPS_info.json,True,12,12,0,12,12,1.0,5.029893168639887e-12,0,0,
merge_test_700-1800_cr0.95_stride100,Jinrong_80_000077,Jinrong,80,000077,120.37919383333333,30.323788722222222,map2019/merge_test_700-1800_cr0.95_stride100/Jinrong_80_000077/GPS_info.json,True,12,12,0,12,12,1.0,7.563838444468729e-12,0,0,
merge_test_700-1800_cr0.95_stride100,Jinrong_80_000078,Jinrong,80,000078,120.37940038888888,30.32378911111111,map2019/merge_test_700-1800_cr0.95_stride100/Jinrong_80_000078/GPS_info.json,True,12,12,0,12,12,1.0,5.029893168639887e-12,0,0,
merge_test_700-1800_cr0.95_stride100,Jinrong_80_000079,Jinrong,80,000079,120.37960805555555,30.323790666666667,map2019/merge_test_700-1800_cr0.95_stride100/Jinrong_80_000079/GPS_info.json,True,12,12,0,12,12,1.0,5.029893168639887e-12,0,0,
merge_test_700-1800_cr0.95_stride100,Jinrong_80_000080,Jinrong,80,000080,120.37981616666667,30.32379238888889,map2019/merge_test_700-1800_cr0.95_stride100/Jinrong_80_000080/GPS_info.json,True,12,12,0,12,12,1.0,5.029893168639887e-12,0,0,
merge_test_700-1800_cr0.95_stride100,Jinrong_80_000081,Jinrong,80,000081,120.38002347222222,30.32379288888889,map2019/merge_test_700-1800_cr0.95_stride100/Jinrong_80_000081/GPS_info.json,True,12,12,0,12,12,1.0,7.563838444468729e-12,0,0,
merge_test_700-1800_cr0.95_stride100,Jinrong_80_000082,Jinrong,80,000082,120.38023161111111,30.323793527777777,map2019/merge_test_700-1800_cr0.95_stride100/Jinrong_80_000082/GPS_info.json,True,12,12,0,12,12,1.0,7.563838444468729e-12,0,0,
merge_test_700-1800_cr0.95_stride100,Jinrong_80_000083,Jinrong,80,000083,120.38043911111112,30.3237935,map2019/merge_test_700-1800_cr0.95_stride100/Jinrong_80_000083/GPS_info.json,True,12,12,0,12,12,1.0,5.029893168639887e-12,0,0,
merge_test_700-1800_cr0.95_stride100,Jinrong_80_000084,Jinrong,80,000084,120.38064641666666,30.323794444444445,map2019/merge_test_700-1800_cr0.95_stride100/Jinrong_80_000084/GPS_info.json,True,12,12,0,12,12,1.0,7.563838444468729e-12,0,0,
merge_test_700-1800_cr0.95_stride100,Jinrong_80_000085,Jinrong,80,000085,120.38062572222222,30.32361611111111,map2019/merge_test_700-1800_cr0.95_stride100/Jinrong_80_000085/GPS_info.json,True,12,12,0,12,12,1.0,5.029893168639887e-12,0,0,
merge_test_700-1800_cr0.95_stride100,Jinrong_80_000086,Jinrong,80,000086,120.38041994444444,30.323615416666666,map2019/merge_test_700-1800_cr0.95_stride100/Jinrong_80_000086/GPS_info.json,True,12,12,0,12,12,1.0,7.563838444468729e-12,0,0,
merge_test_700-1800_cr0.95_stride100,Jinrong_80_000087,Jinrong,80,000087,120.38021419444445,30.323615444444446,map2019/merge_test_700-1800_cr0.95_stride100/Jinrong_80_000087/GPS_info.json,True,12,12,0,12,12,1.0,5.029893168639887e-12,0,0,
merge_test_700-1800_cr0.95_stride100,Jinrong_80_000088,Jinrong,80,000088,120.38000541666666,30.323615444444446,map2019/merge_test_700-1800_cr0.95_stride100/Jinrong_80_000088/GPS_info.json,True,12,12,0,12,12,1.0,5.029893168639887e-12,0,0,
merge_test_700-1800_cr0.95_stride100,Jinrong_80_000089,Jinrong,80,000089,120.37979847222222,30.323614694444444,map2019/merge_test_700-1800_cr0.95_stride100/Jinrong_80_000089/GPS_info.json,True,12,12,0,12,12,1.0,5.029893168639887e-12,0,0,
merge_test_700-1800_cr0.95_stride100,Jinrong_80_000090,Jinrong,80,000090,120.37958958333333,30.323613916666666,map2019/merge_test_700-1800_cr0.95_stride100/Jinrong_80_000090/GPS_info.json,True,12,12,0,12,12,1.0,5.029893168639887e-12,0,0,
merge_test_700-1800_cr0.95_stride100,Jinrong_80_000091,Jinrong,80,000091,120.37938044444445,30.323614916666667,map2019/merge_test_700-1800_cr0.95_stride100/Jinrong_80_000091/GPS_info.json,True,12,12,0,12,12,1.0,5.029893168639887e-12,0,0,
merge_test_700-1800_cr0.95_stride100,Jinrong_80_000092,Jinrong,80,000092,120.3791701388889,30.323612,map2019/merge_test_700-1800_cr0.95_stride100/Jinrong_80_000092/GPS_info.json,True,12,12,0,12,12,1.0,5.029893168639887e-12,0,0,
merge_test_700-1800_cr0.95_stride100,Jinrong_80_000093,Jinrong,80,000093,120.37896491666666,30.323615194444443,map2019/merge_test_700-1800_cr0.95_stride100/Jinrong_80_000093/GPS_info.json,True,12,12,0,12,12,1.0,7.563838444468729e-12,0,0,
merge_test_700-1800_cr0.95_stride100,Jinrong_80_000094,Jinrong,80,000094,120.37875577777778,30.323612277777777,map2019/merge_test_700-1800_cr0.95_stride100/Jinrong_80_000094/GPS_info.json,True,12,12,0,12,12,1.0,5.261457936001079e-12,0,0,
merge_test_700-1800_cr0.95_stride100,Jinrong_80_000095,Jinrong,80,000095,120.37854719444445,30.323611694444445,map2019/merge_test_700-1800_cr0.95_stride100/Jinrong_80_000095/GPS_info.json,True,12,12,0,12,12,1.0,5.261457936001079e-12,0,0,
merge_test_700-1800_cr0.95_stride100,Jinrong_80_000096,Jinrong,80,000096,120.37833955555556,30.3236125,map2019/merge_test_700-1800_cr0.95_stride100/Jinrong_80_000096/GPS_info.json,True,12,12,0,12,12,1.0,5.029893168639887e-12,0,0,
merge_test_700-1800_cr0.95_stride100,Jinrong_80_000097,Jinrong,80,000097,120.378145,30.323616666666666,map2019/merge_test_700-1800_cr0.95_stride100/Jinrong_80_000097/GPS_info.json,True,12,12,0,12,12,1.0,5.261457936001079e-12,0,0,
merge_test_700-1800_cr0.95_stride100,Jinrong_80_000098,Jinrong,80,000098,120.37793494444445,30.32361736111111,map2019/merge_test_700-1800_cr0.95_stride100/Jinrong_80_000098/GPS_info.json,True,12,12,0,12,12,1.0,5.261457936001079e-12,0,0,
merge_test_700-1800_cr0.95_stride100,Jinrong_80_000099,Jinrong,80,000099,120.37773297222222,30.323618444444445,map2019/merge_test_700-1800_cr0.95_stride100/Jinrong_80_000099/GPS_info.json,True,12,12,0,12,12,1.0,5.261457936001079e-12,0,0,
merge_test_700-1800_cr0.95_stride100,Jinrong_80_000100,Jinrong,80,000100,120.37750525,30.32361336111111,map2019/merge_test_700-1800_cr0.95_stride100/Jinrong_80_000100/GPS_info.json,True,12,12,0,12,12,1.0,5.029893168639887e-12,0,0,
merge_test_700-1800_cr0.95_stride100,Jinrong_80_000101,Jinrong,80,000101,120.37729555555556,30.323616277777777,map2019/merge_test_700-1800_cr0.95_stride100/Jinrong_80_000101/GPS_info.json,True,12,12,0,12,12,1.0,5.261457936001079e-12,0,0,
merge_test_700-1800_cr0.95_stride100,Jinrong_80_000102,Jinrong,80,000102,120.377306,30.323439416666666,map2019/merge_test_700-1800_cr0.95_stride100/Jinrong_80_000102/GPS_info.json,True,12,12,0,12,12,1.0,5.029893168639887e-12,0,0,
merge_test_700-1800_cr0.95_stride100,Jinrong_80_000103,Jinrong,80,000103,120.37751313888889,30.323433416666667,map2019/merge_test_700-1800_cr0.95_stride100/Jinrong_80_000103/GPS_info.json,True,12,12,0,12,12,1.0,5.261457936001079e-12,0,0,
merge_test_700-1800_cr0.95_stride100,Jinrong_80_000104,Jinrong,80,000104,120.37772283333334,30.323436472222223,map2019/merge_test_700-1800_cr0.95_stride100/Jinrong_80_000104/GPS_info.json,True,12,12,0,12,12,1.0,5.029893168639887e-12,0,0,
merge_test_700-1800_cr0.95_stride100,Jinrong_80_000105,Jinrong,80,000105,120.37792977777778,30.323434111111112,map2019/merge_test_700-1800_cr0.95_stride100/Jinrong_80_000105/GPS_info.json,True,12,12,0,12,12,1.0,5.261457936001079e-12,0,0,
merge_test_700-1800_cr0.95_stride100,Jinrong_80_000106,Jinrong,80,000106,120.37814452777778,30.323432055555557,map2019/merge_test_700-1800_cr0.95_stride100/Jinrong_80_000106/GPS_info.json,True,12,12,0,12,12,1.0,5.261457936001079e-12,0,0,
merge_test_700-1800_cr0.95_stride100,Jinrong_80_000107,Jinrong,80,000107,120.3783475,30.32343263888889,map2019/merge_test_700-1800_cr0.95_stride100/Jinrong_80_000107/GPS_info.json,True,12,12,0,12,12,1.0,5.261457936001079e-12,0,0,
merge_test_700-1800_cr0.95_stride100,Jinrong_80_000108,Jinrong,80,000108,120.37855261111112,30.323430722222223,map2019/merge_test_700-1800_cr0.95_stride100/Jinrong_80_000108/GPS_info.json,True,12,12,0,12,12,1.0,5.029893168639887e-12,0,0,
merge_test_700-1800_cr0.95_stride100,Jinrong_80_000109,Jinrong,80,000109,120.37876094444445,30.323429694444446,map2019/merge_test_700-1800_cr0.95_stride100/Jinrong_80_000109/GPS_info.json,True,12,12,0,12,12,1.0,5.261457936001079e-12,0,0,
merge_test_700-1800_cr0.95_stride100,Jinrong_80_000110,Jinrong,80,000110,120.37896977777778,30.32342622222222,map2019/merge_test_700-1800_cr0.95_stride100/Jinrong_80_000110/GPS_info.json,True,12,12,0,12,12,1.0,5.261457936001079e-12,0,0,
merge_test_700-1800_cr0.95_stride100,Jinrong_80_000111,Jinrong,80,000111,120.37917866666666,30.323425027777777,map2019/merge_test_700-1800_cr0.95_stride100/Jinrong_80_000111/GPS_info.json,True,12,12,0,12,12,1.0,5.029893168639887e-12,0,0,
merge_test_700-1800_cr0.95_stride100,Jinrong_80_000112,Jinrong,80,000112,120.37938644444445,30.32342402777778,map2019/merge_test_700-1800_cr0.95_stride100/Jinrong_80_000112/GPS_info.json,True,12,12,0,12,12,1.0,5.261457936001079e-12,0,0,
merge_test_700-1800_cr0.95_stride100,Jinrong_80_000113,Jinrong,80,000113,120.37959447222222,30.32342363888889,map2019/merge_test_700-1800_cr0.95_stride100/Jinrong_80_000113/GPS_info.json,True,12,12,0,12,12,1.0,5.261457936001079e-12,0,0,
merge_test_700-1800_cr0.95_stride100,Jinrong_80_000114,Jinrong,80,000114,120.37980272222222,30.32342336111111,map2019/merge_test_700-1800_cr0.95_stride100/Jinrong_80_000114/GPS_info.json,True,12,12,0,12,12,1.0,6.569522703614439e-12,0,0,
merge_test_700-1800_cr0.95_stride100,Jinrong_80_000115,Jinrong,80,000115,120.38001825,30.32342322222222,map2019/merge_test_700-1800_cr0.95_stride100/Jinrong_80_000115/GPS_info.json,True,12,12,0,12,12,1.0,6.569522703614439e-12,0,0,
merge_test_700-1800_cr0.95_stride100,Jinrong_80_000116,Jinrong,80,000116,120.38022375,30.323421444444445,map2019/merge_test_700-1800_cr0.95_stride100/Jinrong_80_000116/GPS_info.json,True,12,12,0,12,12,1.0,5.261457936001079e-12,0,0,
merge_test_700-1800_cr0.95_stride100,Jinrong_80_000117,Jinrong,80,000117,120.38042569444444,30.323420388888888,map2019/merge_test_700-1800_cr0.95_stride100/Jinrong_80_000117/GPS_info.json,True,12,12,0,12,12,1.0,6.569522703614439e-12,0,0,
merge_test_700-1800_cr0.95_stride100,Jinrong_80_000118,Jinrong,80,000118,120.38063336111111,30.323419083333334,map2019/merge_test_700-1800_cr0.95_stride100/Jinrong_80_000118/GPS_info.json,True,12,12,0,12,12,1.0,6.569522703614439e-12,0,0,
merge_test_700-1800_cr0.95_stride100,Jinrong_80_000119,Jinrong,80,000119,120.38062891666667,30.323239916666665,map2019/merge_test_700-1800_cr0.95_stride100/Jinrong_80_000119/GPS_info.json,True,12,12,0,12,12,1.0,5.261457936001079e-12,0,0,
merge_test_700-1800_cr0.95_stride100,Jinrong_80_000120,Jinrong,80,000120,120.38042483333334,30.323240138888888,map2019/merge_test_700-1800_cr0.95_stride100/Jinrong_80_000120/GPS_info.json,True,12,12,0,12,12,1.0,6.569522703614439e-12,0,0,
merge_test_700-1800_cr0.95_stride100,Jinrong_80_000121,Jinrong,80,000121,120.38021888888889,30.323239,map2019/merge_test_700-1800_cr0.95_stride100/Jinrong_80_000121/GPS_info.json,True,12,12,0,12,12,1.0,5.261457936001079e-12,0,0,
merge_test_700-1800_cr0.95_stride100,Jinrong_80_000122,Jinrong,80,000122,120.38001116666666,30.32323938888889,map2019/merge_test_700-1800_cr0.95_stride100/Jinrong_80_000122/GPS_info.json,True,12,12,0,12,12,1.0,6.569522703614439e-12,0,0,
merge_test_700-1800_cr0.95_stride100,Jinrong_80_000123,Jinrong,80,000123,120.37980363888889,30.323240194444445,map2019/merge_test_700-1800_cr0.95_stride100/Jinrong_80_000123/GPS_info.json,True,12,12,0,12,12,1.0,6.569522703614439e-12,0,0,
merge_test_700-1800_cr0.95_stride100,Jinrong_80_000124,Jinrong,80,000124,120.37959594444445,30.32324086111111,map2019/merge_test_700-1800_cr0.95_stride100/Jinrong_80_000124/GPS_info.json,True,12,12,0,12,12,1.0,5.261457936001079e-12,0,0,
merge_test_700-1800_cr0.95_stride100,Jinrong_80_000125,Jinrong,80,000125,120.3793865,30.32323425,map2019/merge_test_700-1800_cr0.95_stride100/Jinrong_80_000125/GPS_info.json,True,12,12,0,12,12,1.0,6.569522703614439e-12,0,0,
merge_test_700-1800_cr0.95_stride100,Jinrong_80_000126,Jinrong,80,000126,120.37918038888888,30.32323722222222,map2019/merge_test_700-1800_cr0.95_stride100/Jinrong_80_000126/GPS_info.json,True,12,12,0,12,12,1.0,5.261457936001079e-12,0,0,
merge_test_700-1800_cr0.95_stride100,Jinrong_80_000127,Jinrong,80,000127,120.37897019444445,30.32323747222222,map2019/merge_test_700-1800_cr0.95_stride100/Jinrong_80_000127/GPS_info.json,True,12,12,0,12,12,1.0,6.569522703614439e-12,0,0,
merge_test_700-1800_cr0.95_stride100,Jinrong_80_000128,Jinrong,80,000128,120.37876927777778,30.323237333333335,map2019/merge_test_700-1800_cr0.95_stride100/Jinrong_80_000128/GPS_info.json,True,12,12,0,12,12,1.0,5.261457936001079e-12,0,0,
merge_test_700-1800_cr0.95_stride100,Jinrong_80_000129,Jinrong,80,000129,120.37855841666666,30.323237388888888,map2019/merge_test_700-1800_cr0.95_stride100/Jinrong_80_000129/GPS_info.json,True,12,12,0,12,12,1.0,6.569522703614439e-12,0,0,
merge_test_700-1800_cr0.95_stride100,Jinrong_80_000130,Jinrong,80,000130,120.37835383333334,30.323237638888887,map2019/merge_test_700-1800_cr0.95_stride100/Jinrong_80_000130/GPS_info.json,True,12,12,0,12,12,1.0,6.569522703614439e-12,0,0,
merge_test_700-1800_cr0.95_stride100,Jinrong_80_000131,Jinrong,80,000131,120.37814513888888,30.323238916666668,map2019/merge_test_700-1800_cr0.95_stride100/Jinrong_80_000131/GPS_info.json,True,12,12,0,12,12,1.0,6.569522703614439e-12,0,0,
merge_test_700-1800_cr0.95_stride100,Jinrong_80_000132,Jinrong,80,000132,120.37793855555556,30.32323875,map2019/merge_test_700-1800_cr0.95_stride100/Jinrong_80_000132/GPS_info.json,True,12,12,0,12,12,1.0,6.569522703614439e-12,0,0,
merge_test_700-1800_cr0.95_stride100,Jinrong_80_000133,Jinrong,80,000133,120.37772911111111,30.32323936111111,map2019/merge_test_700-1800_cr0.95_stride100/Jinrong_80_000133/GPS_info.json,True,12,12,0,12,12,1.0,6.569522703614439e-12,0,0,
merge_test_700-1800_cr0.95_stride100,Jinrong_80_000134,Jinrong,80,000134,120.3775215,30.323238944444444,map2019/merge_test_700-1800_cr0.95_stride100/Jinrong_80_000134/GPS_info.json,True,12,12,0,12,12,1.0,6.141823161165405e-12,0,0,
merge_test_700-1800_cr0.95_stride100,Jinrong_80_000135,Jinrong,80,000135,120.37731163888888,30.32324102777778,map2019/merge_test_700-1800_cr0.95_stride100/Jinrong_80_000135/GPS_info.json,True,12,12,0,12,12,1.0,6.141823161165405e-12,0,0,
merge_test_700-1800_cr0.95_stride100,Jinrong_80_000136,Jinrong,80,000136,120.37731358333333,30.323059305555557,map2019/merge_test_700-1800_cr0.95_stride100/Jinrong_80_000136/GPS_info.json,True,12,12,0,12,12,1.0,6.141823161165405e-12,0,0,
merge_test_700-1800_cr0.95_stride100,Jinrong_80_000137,Jinrong,80,000137,120.37751977777778,30.32305722222222,map2019/merge_test_700-1800_cr0.95_stride100/Jinrong_80_000137/GPS_info.json,True,12,12,0,12,12,1.0,6.569522703614439e-12,0,0,
merge_test_700-1800_cr0.95_stride100,Jinrong_80_000138,Jinrong,80,000138,120.37772744444445,30.323056916666665,map2019/merge_test_700-1800_cr0.95_stride100/Jinrong_80_000138/GPS_info.json,True,12,12,0,12,12,1.0,6.141823161165405e-12,0,0,
merge_test_700-1800_cr0.95_stride100,Jinrong_80_000139,Jinrong,80,000139,120.37793469444445,30.32305586111111,map2019/merge_test_700-1800_cr0.95_stride100/Jinrong_80_000139/GPS_info.json,True,12,12,0,12,12,1.0,6.569522703614439e-12,0,0,
merge_test_700-1800_cr0.95_stride100,Jinrong_80_000140,Jinrong,80,000140,120.37814261111112,30.32305563888889,map2019/merge_test_700-1800_cr0.95_stride100/Jinrong_80_000140/GPS_info.json,True,12,12,0,12,12,1.0,6.569522703614439e-12,0,0,
merge_test_700-1800_cr0.95_stride100,Jinrong_80_000141,Jinrong,80,000141,120.3783496111111,30.323055222222223,map2019/merge_test_700-1800_cr0.95_stride100/Jinrong_80_000141/GPS_info.json,True,12,12,0,12,12,1.0,6.141823161165405e-12,0,0,
merge_test_700-1800_cr0.95_stride100,Jinrong_80_000142,Jinrong,80,000142,120.37855505555555,30.323055833333335,map2019/merge_test_700-1800_cr0.95_stride100/Jinrong_80_000142/GPS_info.json,True,12,12,0,12,12,1.0,6.141823161165405e-12,0,0,
merge_test_700-1800_cr0.95_stride100,Jinrong_80_000143,Jinrong,80,000143,120.37876386111111,30.32305538888889,map2019/merge_test_700-1800_cr0.95_stride100/Jinrong_80_000143/GPS_info.json,True,12,12,0,12,12,1.0,6.141823161165405e-12,0,0,
merge_test_700-1800_cr0.95_stride100,Jinrong_80_000144,Jinrong,80,000144,120.37896963888889,30.323054,map2019/merge_test_700-1800_cr0.95_stride100/Jinrong_80_000144/GPS_info.json,True,12,12,0,12,12,1.0,6.569522703614439e-12,0,0,
merge_test_700-1800_cr0.95_stride100,Jinrong_80_000145,Jinrong,80,000145,120.37917697222223,30.32305275,map2019/merge_test_700-1800_cr0.95_stride100/Jinrong_80_000145/GPS_info.json,True,12,12,0,12,12,1.0,6.141823161165405e-12,0,0,
merge_test_700-1800_cr0.95_stride100,Jinrong_80_000146,Jinrong,80,000146,120.37938622222222,30.32305175,map2019/merge_test_700-1800_cr0.95_stride100/Jinrong_80_000146/GPS_info.json,True,12,12,0,12,12,1.0,6.569522703614439e-12,0,0,
merge_test_700-1800_cr0.95_stride100,Jinrong_80_000147,Jinrong,80,000147,120.37959369444444,30.32306025,map2019/merge_test_700-1800_cr0.95_stride100/Jinrong_80_000147/GPS_info.json,True,12,12,0,12,12,1.0,6.141823161165405e-12,0,0,
merge_test_700-1800_cr0.95_stride100,Jinrong_80_000148,Jinrong,80,000148,120.3798025,30.323061916666667,map2019/merge_test_700-1800_cr0.95_stride100/Jinrong_80_000148/GPS_info.json,True,12,12,0,12,12,1.0,6.141823161165405e-12,0,0,
merge_test_700-1800_cr0.95_stride100,Jinrong_80_000149,Jinrong,80,000149,120.38001152777778,30.32306136111111,map2019/merge_test_700-1800_cr0.95_stride100/Jinrong_80_000149/GPS_info.json,True,12,12,0,12,12,1.0,6.569522703614439e-12,0,0,
merge_test_700-1800_cr0.95_stride100,Jinrong_80_000150,Jinrong,80,000150,120.38022261111111,30.32305036111111,map2019/merge_test_700-1800_cr0.95_stride100/Jinrong_80_000150/GPS_info.json,True,12,12,0,12,12,1.0,6.141823161165405e-12,0,0,
merge_test_700-1800_cr0.95_stride100,Jinrong_80_000151,Jinrong,80,000151,120.38042863888889,30.32304963888889,map2019/merge_test_700-1800_cr0.95_stride100/Jinrong_80_000151/GPS_info.json,True,12,12,0,12,12,1.0,6.141823161165405e-12,0,0,
merge_test_700-1800_cr0.95_stride100,Jinrong_80_000152,Jinrong,80,000152,120.38063583333333,30.32304925,map2019/merge_test_700-1800_cr0.95_stride100/Jinrong_80_000152/GPS_info.json,True,12,12,0,12,12,1.0,6.141823161165405e-12,0,0,
merge_test_700-1800_cr0.95_stride100,Jinrong_80_000153,Jinrong,80,000153,120.38062005555555,30.32286852777778,map2019/merge_test_700-1800_cr0.95_stride100/Jinrong_80_000153/GPS_info.json,True,12,12,0,12,12,1.0,6.141823161165405e-12,0,0,
merge_test_700-1800_cr0.95_stride100,Jinrong_80_000154,Jinrong,80,000154,120.38041522222223,30.322867305555555,map2019/merge_test_700-1800_cr0.95_stride100/Jinrong_80_000154/GPS_info.json,True,12,12,0,12,12,0.0,4.6381787299765165e-12,0,0,
merge_test_700-1800_cr0.95_stride100,Jinrong_80_000155,Jinrong,80,000155,120.38021125,30.322868472222222,map2019/merge_test_700-1800_cr0.95_stride100/Jinrong_80_000155/GPS_info.json,True,12,12,0,12,12,1.0,6.141823161165405e-12,0,0,
merge_test_700-1800_cr0.95_stride100,Jinrong_80_000156,Jinrong,80,000156,120.38000447222223,30.322869583333333,map2019/merge_test_700-1800_cr0.95_stride100/Jinrong_80_000156/GPS_info.json,True,12,12,0,12,12,0.0,4.6381787299765165e-12,0,0,
merge_test_700-1800_cr0.95_stride100,Jinrong_80_000157,Jinrong,80,000157,120.37979205555555,30.322875555555555,map2019/merge_test_700-1800_cr0.95_stride100/Jinrong_80_000157/GPS_info.json,True,12,12,0,12,12,0.0,4.6381787299765165e-12,0,0,
merge_test_700-1800_cr0.95_stride100,Jinrong_80_000158,Jinrong,80,000158,120.37958325,30.322876833333332,map2019/merge_test_700-1800_cr0.95_stride100/Jinrong_80_000158/GPS_info.json,True,12,12,0,12,12,0.0,4.6381787299765165e-12,0,0,
merge_test_700-1800_cr0.95_stride100,Jinrong_80_000159,Jinrong,80,000159,120.37937633333334,30.322876555555556,map2019/merge_test_700-1800_cr0.95_stride100/Jinrong_80_000159/GPS_info.json,True,12,12,0,12,12,1.0,6.141823161165405e-12,0,0,
merge_test_700-1800_cr0.95_stride100,Jinrong_80_000160,Jinrong,80,000160,120.3791701388889,30.322869916666665,map2019/merge_test_700-1800_cr0.95_stride100/Jinrong_80_000160/GPS_info.json,True,12,12,0,12,12,0.0,4.6381787299765165e-12,0,0,
merge_test_700-1800_cr0.95_stride100,Jinrong_80_000161,Jinrong,80,000161,120.3789621388889,30.322870305555554,map2019/merge_test_700-1800_cr0.95_stride100/Jinrong_80_000161/GPS_info.json,True,12,12,0,12,12,1.0,6.141823161165405e-12,0,0,
merge_test_700-1800_cr0.95_stride100,Jinrong_80_000162,Jinrong,80,000162,120.37875677777778,30.322870555555557,map2019/merge_test_700-1800_cr0.95_stride100/Jinrong_80_000162/GPS_info.json,True,12,12,0,12,12,0.0,4.6381787299765165e-12,0,0,
merge_test_700-1800_cr0.95_stride100,Jinrong_80_000163,Jinrong,80,000163,120.37854886111111,30.322870972222223,map2019/merge_test_700-1800_cr0.95_stride100/Jinrong_80_000163/GPS_info.json,True,12,12,0,12,12,0.0,4.6381787299765165e-12,0,0,
merge_test_700-1800_cr0.95_stride100,Jinrong_80_000164,Jinrong,80,000164,120.37834075,30.32287127777778,map2019/merge_test_700-1800_cr0.95_stride100/Jinrong_80_000164/GPS_info.json,True,12,12,0,12,12,1.0,6.141823161165405e-12,0,0,
merge_test_700-1800_cr0.95_stride100,Jinrong_80_000165,Jinrong,80,000165,120.37813391666667,30.32287252777778,map2019/merge_test_700-1800_cr0.95_stride100/Jinrong_80_000165/GPS_info.json,True,12,12,0,12,12,0.0,4.6381787299765165e-12,0,0,
merge_test_700-1800_cr0.95_stride100,Jinrong_80_000166,Jinrong,80,000166,120.37792552777778,30.32287127777778,map2019/merge_test_700-1800_cr0.95_stride100/Jinrong_80_000166/GPS_info.json,True,12,12,0,12,12,0.0,4.6381787299765165e-12,0,0,
merge_test_700-1800_cr0.95_stride100,Jinrong_80_000167,Jinrong,80,000167,120.3777186111111,30.3228715,map2019/merge_test_700-1800_cr0.95_stride100/Jinrong_80_000167/GPS_info.json,True,12,12,0,12,12,1.0,6.141823161165405e-12,0,0,
merge_test_700-1800_cr0.95_stride100,Jinrong_80_000168,Jinrong,80,000168,120.37751102777777,30.322872305555556,map2019/merge_test_700-1800_cr0.95_stride100/Jinrong_80_000168/GPS_info.json,True,12,12,0,12,12,0.0,4.6381787299765165e-12,0,0,
merge_test_700-1800_cr0.95_stride100,Jinrong_80_000169,Jinrong,80,000169,120.37730155555556,30.322870833333333,map2019/merge_test_700-1800_cr0.95_stride100/Jinrong_80_000169/GPS_info.json,True,12,12,0,12,12,0.0,4.6381787299765165e-12,0,0,
merge_test_700-1800_cr0.95_stride100,Jinrong_80_000170,Jinrong,80,000170,120.377294,30.3226895,map2019/merge_test_700-1800_cr0.95_stride100/Jinrong_80_000170/GPS_info.json,True,12,12,0,12,12,0.0,4.6381787299765165e-12,0,0,
merge_test_700-1800_cr0.95_stride100,Jinrong_80_000171,Jinrong,80,000171,120.37749783333334,30.322687527777777,map2019/merge_test_700-1800_cr0.95_stride100/Jinrong_80_000171/GPS_info.json,True,12,12,0,12,12,1.0,6.141823161165405e-12,0,0,
merge_test_700-1800_cr0.95_stride100,Jinrong_80_000172,Jinrong,80,000172,120.37770788888889,30.322687194444445,map2019/merge_test_700-1800_cr0.95_stride100/Jinrong_80_000172/GPS_info.json,True,12,12,0,12,12,0.0,4.6381787299765165e-12,0,0,
merge_test_700-1800_cr0.95_stride100,Jinrong_80_000173,Jinrong,80,000173,120.37791469444444,30.322686277777777,map2019/merge_test_700-1800_cr0.95_stride100/Jinrong_80_000173/GPS_info.json,True,12,12,0,12,12,0.0,4.6381787299765165e-12,0,0,
merge_test_700-1800_cr0.95_stride100,Jinrong_80_000174,Jinrong,80,000174,120.37812416666667,30.322686222222224,map2019/merge_test_700-1800_cr0.95_stride100/Jinrong_80_000174/GPS_info.json,True,12,12,0,12,12,1.0,5.448974604860268e-12,0,0,
merge_test_700-1800_cr0.95_stride100,Jinrong_80_000175,Jinrong,80,000175,120.37833166666667,30.322685055555556,map2019/merge_test_700-1800_cr0.95_stride100/Jinrong_80_000175/GPS_info.json,True,12,12,0,12,12,1.0,5.448974604860268e-12,0,0,
merge_test_700-1800_cr0.95_stride100,Jinrong_80_000176,Jinrong,80,000176,120.37853786111111,30.32268475,map2019/merge_test_700-1800_cr0.95_stride100/Jinrong_80_000176/GPS_info.json,True,12,12,0,12,12,0.0,4.6381787299765165e-12,0,0,
merge_test_700-1800_cr0.95_stride100,Jinrong_80_000177,Jinrong,80,000177,120.37874658333334,30.322683666666666,map2019/merge_test_700-1800_cr0.95_stride100/Jinrong_80_000177/GPS_info.json,True,12,12,0,12,12,1.0,5.448974604860268e-12,0,0,
merge_test_700-1800_cr0.95_stride100,Jinrong_80_000178,Jinrong,80,000178,120.37895330555556,30.322683722222223,map2019/merge_test_700-1800_cr0.95_stride100/Jinrong_80_000178/GPS_info.json,True,12,12,0,12,12,0.0,4.6381787299765165e-12,0,0,
merge_test_700-1800_cr0.95_stride100,Jinrong_80_000179,Jinrong,80,000179,120.37915944444444,30.322681555555555,map2019/merge_test_700-1800_cr0.95_stride100/Jinrong_80_000179/GPS_info.json,True,12,12,0,12,12,1.0,5.448974604860268e-12,0,0,
merge_test_700-1800_cr0.95_stride100,Jinrong_80_000180,Jinrong,80,000180,120.37936805555556,30.322680444444444,map2019/merge_test_700-1800_cr0.95_stride100/Jinrong_80_000180/GPS_info.json,True,12,12,0,12,12,1.0,5.448974604860268e-12,0,0,
merge_test_700-1800_cr0.95_stride100,Jinrong_80_000181,Jinrong,80,000181,120.37957647222223,30.322680583333334,map2019/merge_test_700-1800_cr0.95_stride100/Jinrong_80_000181/GPS_info.json,True,12,12,0,12,12,0.0,4.6381787299765165e-12,0,0,
merge_test_700-1800_cr0.95_stride100,Jinrong_80_000182,Jinrong,80,000182,120.37978261111111,30.32268761111111,map2019/merge_test_700-1800_cr0.95_stride100/Jinrong_80_000182/GPS_info.json,True,12,12,0,12,12,0.0,4.6381787299765165e-12,0,0,
merge_test_700-1800_cr0.95_stride100,Jinrong_80_000183,Jinrong,80,000183,120.37999511111111,30.322678694444445,map2019/merge_test_700-1800_cr0.95_stride100/Jinrong_80_000183/GPS_info.json,True,12,12,0,12,12,1.0,5.448974604860268e-12,0,0,
merge_test_700-1800_cr0.95_stride100,Jinrong_80_000184,Jinrong,80,000184,120.3802035,30.322676666666666,map2019/merge_test_700-1800_cr0.95_stride100/Jinrong_80_000184/GPS_info.json,True,12,12,0,12,12,1.0,5.448974604860268e-12,0,0,
merge_test_700-1800_cr0.95_stride100,Jinrong_80_000185,Jinrong,80,000185,120.38040866666667,30.322676083333334,map2019/merge_test_700-1800_cr0.95_stride100/Jinrong_80_000185/GPS_info.json,True,12,12,0,12,12,1.0,5.448974604860268e-12,0,0,
merge_test_700-1800_cr0.95_stride100,Jinrong_80_000186,Jinrong,80,000186,120.3806171388889,30.32267402777778,map2019/merge_test_700-1800_cr0.95_stride100/Jinrong_80_000186/GPS_info.json,True,12,12,0,12,12,0.0,4.6381787299765165e-12,0,0,
merge_test_700-1800_cr0.95_stride100,Jinrong_80_000187,Jinrong,80,000187,120.38060483333334,30.322495055555557,map2019/merge_test_700-1800_cr0.95_stride100/Jinrong_80_000187/GPS_info.json,True,12,12,0,12,12,1.0,5.448974604860268e-12,0,0,
merge_test_700-1800_cr0.95_stride100,Jinrong_80_000188,Jinrong,80,000188,120.38039997222222,30.322496138888887,map2019/merge_test_700-1800_cr0.95_stride100/Jinrong_80_000188/GPS_info.json,True,12,12,0,12,12,1.0,5.448974604860268e-12,0,0,
merge_test_700-1800_cr0.95_stride100,Jinrong_80_000189,Jinrong,80,000189,120.38019483333333,30.322493861111113,map2019/merge_test_700-1800_cr0.95_stride100/Jinrong_80_000189/GPS_info.json,True,12,12,0,12,12,1.0,5.448974604860268e-12,0,0,
merge_test_700-1800_cr0.95_stride100,Jinrong_80_000190,Jinrong,80,000190,120.37998763888889,30.322493583333333,map2019/merge_test_700-1800_cr0.95_stride100/Jinrong_80_000190/GPS_info.json,True,12,12,0,12,12,1.0,5.448974604860268e-12,0,0,
merge_test_700-1800_cr0.95_stride100,Jinrong_80_000191,Jinrong,80,000191,120.37977905555556,30.32249113888889,map2019/merge_test_700-1800_cr0.95_stride100/Jinrong_80_000191/GPS_info.json,True,12,12,0,12,12,0.0,4.6381787299765165e-12,0,0,
merge_test_700-1800_cr0.95_stride100,Jinrong_80_000192,Jinrong,80,000192,120.37956975,30.322501694444444,map2019/merge_test_700-1800_cr0.95_stride100/Jinrong_80_000192/GPS_info.json,True,12,12,0,12,12,1.0,5.448974604860268e-12,0,0,
merge_test_700-1800_cr0.95_stride100,Jinrong_80_000193,Jinrong,80,000193,120.37936055555555,30.322502805555555,map2019/merge_test_700-1800_cr0.95_stride100/Jinrong_80_000193/GPS_info.json,True,12,12,0,12,12,1.0,5.448974604860268e-12,0,0,
merge_test_700-1800_cr0.95_stride100,Jinrong_80_000194,Jinrong,80,000194,120.37915897222223,30.32249213888889,map2019/merge_test_700-1800_cr0.95_stride100/Jinrong_80_000194/GPS_info.json,True,12,12,0,12,12,1.0,9.76785319295459e-12,0,0,
merge_test_700-1800_cr0.95_stride100,Jinrong_80_000195,Jinrong,80,000195,120.37894919444444,30.322491555555555,map2019/merge_test_700-1800_cr0.95_stride100/Jinrong_80_000195/GPS_info.json,True,12,12,0,12,12,1.0,5.448974604860268e-12,0,0,
merge_test_700-1800_cr0.95_stride100,Jinrong_80_000196,Jinrong,80,000196,120.37874163888888,30.322496277777777,map2019/merge_test_700-1800_cr0.95_stride100/Jinrong_80_000196/GPS_info.json,True,12,12,0,12,12,1.0,9.76785319295459e-12,0,0,
merge_test_700-1800_cr0.95_stride100,Jinrong_80_000197,Jinrong,80,000197,120.37853269444444,30.322492277777776,map2019/merge_test_700-1800_cr0.95_stride100/Jinrong_80_000197/GPS_info.json,True,12,12,0,12,12,1.0,9.76785319295459e-12,0,0,
merge_test_700-1800_cr0.95_stride100,Jinrong_80_000198,Jinrong,80,000198,120.37832622222223,30.32249161111111,map2019/merge_test_700-1800_cr0.95_stride100/Jinrong_80_000198/GPS_info.json,True,12,12,0,12,12,1.0,5.448974604860268e-12,0,0,
merge_test_700-1800_cr0.95_stride100,Jinrong_80_000199,Jinrong,80,000199,120.37811808333333,30.32249297222222,map2019/merge_test_700-1800_cr0.95_stride100/Jinrong_80_000199/GPS_info.json,True,12,12,0,12,12,1.0,5.448974604860268e-12,0,0,
merge_test_700-1800_cr0.95_stride100,Jinrong_90_000000,Jinrong,90,000000,120.37732091666666,30.32449788888889,map2019/merge_test_700-1800_cr0.95_stride100/Jinrong_90_000000/GPS_info.json,True,12,12,0,12,12,1.0,9.76785319295459e-12,0,0,
merge_test_700-1800_cr0.95_stride100,Jinrong_90_000001,Jinrong,90,000001,120.37752452777778,30.324498416666668,map2019/merge_test_700-1800_cr0.95_stride100/Jinrong_90_000001/GPS_info.json,True,12,12,0,12,12,1.0,5.448974604860268e-12,0,0,
merge_test_700-1800_cr0.95_stride100,Jinrong_90_000002,Jinrong,90,000002,120.37772758333334,30.324503333333332,map2019/merge_test_700-1800_cr0.95_stride100/Jinrong_90_000002/GPS_info.json,True,12,12,0,12,12,1.0,9.76785319295459e-12,0,0,
merge_test_700-1800_cr0.95_stride100,Jinrong_90_000003,Jinrong,90,000003,120.37793563888889,30.324501944444446,map2019/merge_test_700-1800_cr0.95_stride100/Jinrong_90_000003/GPS_info.json,True,12,12,0,12,12,1.0,5.448974604860268e-12,0,0,
merge_test_700-1800_cr0.95_stride100,Jinrong_90_000004,Jinrong,90,000004,120.37814541666667,30.324500194444443,map2019/merge_test_700-1800_cr0.95_stride100/Jinrong_90_000004/GPS_info.json,True,12,12,0,12,12,1.0,9.76785319295459e-12,0,0,
merge_test_700-1800_cr0.95_stride100,Jinrong_90_000005,Jinrong,90,000005,120.37835347222222,30.324499833333334,map2019/merge_test_700-1800_cr0.95_stride100/Jinrong_90_000005/GPS_info.json,True,12,12,0,12,12,1.0,9.76785319295459e-12,0,0,
merge_test_700-1800_cr0.95_stride100,Jinrong_90_000006,Jinrong,90,000006,120.37855666666667,30.32449986111111,map2019/merge_test_700-1800_cr0.95_stride100/Jinrong_90_000006/GPS_info.json,True,12,12,0,12,12,1.0,9.76785319295459e-12,0,0,
merge_test_700-1800_cr0.95_stride100,Jinrong_90_000007,Jinrong,90,000007,120.37876411111111,30.3244995,map2019/merge_test_700-1800_cr0.95_stride100/Jinrong_90_000007/GPS_info.json,True,12,12,0,12,12,1.0,9.76785319295459e-12,0,0,
merge_test_700-1800_cr0.95_stride100,Jinrong_90_000008,Jinrong,90,000008,120.37897286111111,30.32449672222222,map2019/merge_test_700-1800_cr0.95_stride100/Jinrong_90_000008/GPS_info.json,True,12,12,0,12,12,1.0,9.76785319295459e-12,0,0,
merge_test_700-1800_cr0.95_stride100,Jinrong_90_000009,Jinrong,90,000009,120.37917855555555,30.324495916666667,map2019/merge_test_700-1800_cr0.95_stride100/Jinrong_90_000009/GPS_info.json,True,12,12,0,12,12,1.0,9.76785319295459e-12,0,0,
merge_test_700-1800_cr0.95_stride100,Jinrong_90_000010,Jinrong,90,000010,120.37938558333333,30.32449613888889,map2019/merge_test_700-1800_cr0.95_stride100/Jinrong_90_000010/GPS_info.json,True,12,12,0,12,12,1.0,9.76785319295459e-12,0,0,
merge_test_700-1800_cr0.95_stride100,Jinrong_90_000011,Jinrong,90,000011,120.379597,30.324498333333334,map2019/merge_test_700-1800_cr0.95_stride100/Jinrong_90_000011/GPS_info.json,True,12,12,0,12,12,1.0,9.76785319295459e-12,0,0,
merge_test_700-1800_cr0.95_stride100,Jinrong_90_000012,Jinrong,90,000012,120.37980533333334,30.324494277777777,map2019/merge_test_700-1800_cr0.95_stride100/Jinrong_90_000012/GPS_info.json,True,12,12,0,12,12,1.0,5.448974604860268e-12,0,0,
merge_test_700-1800_cr0.95_stride100,Jinrong_90_000013,Jinrong,90,000013,120.38001472222223,30.324496916666668,map2019/merge_test_700-1800_cr0.95_stride100/Jinrong_90_000013/GPS_info.json,True,12,12,0,12,12,1.0,9.76785319295459e-12,0,0,
merge_test_700-1800_cr0.95_stride100,Jinrong_90_000014,Jinrong,90,000014,120.38022175,30.324495,map2019/merge_test_700-1800_cr0.95_stride100/Jinrong_90_000014/GPS_info.json,True,12,12,0,12,12,0.0,6.502465232927079e-12,0,0,
merge_test_700-1800_cr0.95_stride100,Jinrong_90_000015,Jinrong,90,000015,120.38042930555555,30.324495055555555,map2019/merge_test_700-1800_cr0.95_stride100/Jinrong_90_000015/GPS_info.json,True,12,12,0,12,12,1.0,9.76785319295459e-12,0,0,
merge_test_700-1800_cr0.95_stride100,Jinrong_90_000016,Jinrong,90,000016,120.38063791666667,30.32449313888889,map2019/merge_test_700-1800_cr0.95_stride100/Jinrong_90_000016/GPS_info.json,True,12,12,0,12,12,0.0,6.502465232927079e-12,0,0,
merge_test_700-1800_cr0.95_stride100,Jinrong_90_000017,Jinrong,90,000017,120.38062147222222,30.324315444444444,map2019/merge_test_700-1800_cr0.95_stride100/Jinrong_90_000017/GPS_info.json,True,12,12,0,12,12,1.0,9.76785319295459e-12,0,0,
merge_test_700-1800_cr0.95_stride100,Jinrong_90_000018,Jinrong,90,000018,120.38041555555556,30.324318777777776,map2019/merge_test_700-1800_cr0.95_stride100/Jinrong_90_000018/GPS_info.json,True,12,12,0,12,12,0.0,6.502465232927079e-12,0,0,
merge_test_700-1800_cr0.95_stride100,Jinrong_90_000019,Jinrong,90,000019,120.38021083333334,30.324313444444446,map2019/merge_test_700-1800_cr0.95_stride100/Jinrong_90_000019/GPS_info.json,True,12,12,0,12,12,0.0,6.502465232927079e-12,0,0,
merge_test_700-1800_cr0.95_stride100,Jinrong_90_000020,Jinrong,90,000020,120.38000105555555,30.32431522222222,map2019/merge_test_700-1800_cr0.95_stride100/Jinrong_90_000020/GPS_info.json,True,12,12,0,12,12,0.0,6.502465232927079e-12,0,0,
merge_test_700-1800_cr0.95_stride100,Jinrong_90_000021,Jinrong,90,000021,120.379794,30.324315916666666,map2019/merge_test_700-1800_cr0.95_stride100/Jinrong_90_000021/GPS_info.json,True,12,12,0,12,12,1.0,9.76785319295459e-12,0,0,
merge_test_700-1800_cr0.95_stride100,Jinrong_90_000022,Jinrong,90,000022,120.3795855,30.324315583333334,map2019/merge_test_700-1800_cr0.95_stride100/Jinrong_90_000022/GPS_info.json,True,12,12,0,12,12,0.0,6.502465232927079e-12,0,0,
merge_test_700-1800_cr0.95_stride100,Jinrong_90_000023,Jinrong,90,000023,120.37937897222223,30.324316694444445,map2019/merge_test_700-1800_cr0.95_stride100/Jinrong_90_000023/GPS_info.json,True,12,12,0,12,12,0.0,6.502465232927079e-12,0,0,
merge_test_700-1800_cr0.95_stride100,Jinrong_90_000024,Jinrong,90,000024,120.3791695,30.32431575,map2019/merge_test_700-1800_cr0.95_stride100/Jinrong_90_000024/GPS_info.json,True,12,12,0,12,12,1.0,9.76785319295459e-12,0,0,
merge_test_700-1800_cr0.95_stride100,Jinrong_90_000025,Jinrong,90,000025,120.37896088888888,30.324316555555555,map2019/merge_test_700-1800_cr0.95_stride100/Jinrong_90_000025/GPS_info.json,True,12,12,0,12,12,0.0,6.502465232927079e-12,0,0,
merge_test_700-1800_cr0.95_stride100,Jinrong_90_000026,Jinrong,90,000026,120.37875488888889,30.324316555555555,map2019/merge_test_700-1800_cr0.95_stride100/Jinrong_90_000026/GPS_info.json,True,12,12,0,12,12,0.0,6.502465232927079e-12,0,0,
merge_test_700-1800_cr0.95_stride100,Jinrong_90_000027,Jinrong,90,000027,120.37854547222223,30.324317166666667,map2019/merge_test_700-1800_cr0.95_stride100/Jinrong_90_000027/GPS_info.json,True,12,12,0,12,12,0.0,6.502465232927079e-12,0,0,
merge_test_700-1800_cr0.95_stride100,Jinrong_90_000028,Jinrong,90,000028,120.37833544444445,30.32431736111111,map2019/merge_test_700-1800_cr0.95_stride100/Jinrong_90_000028/GPS_info.json,True,12,12,0,12,12,1.0,9.76785319295459e-12,0,0,
merge_test_700-1800_cr0.95_stride100,Jinrong_90_000029,Jinrong,90,000029,120.37812638888889,30.324318777777776,map2019/merge_test_700-1800_cr0.95_stride100/Jinrong_90_000029/GPS_info.json,True,12,12,0,12,12,0.0,6.502465232927079e-12,0,0,
merge_test_700-1800_cr0.95_stride100,Jinrong_90_000030,Jinrong,90,000030,120.37791825,30.324318166666668,map2019/merge_test_700-1800_cr0.95_stride100/Jinrong_90_000030/GPS_info.json,True,12,12,0,12,12,0.0,6.502465232927079e-12,0,0,
merge_test_700-1800_cr0.95_stride100,Jinrong_90_000031,Jinrong,90,000031,120.3777128888889,30.324317916666665,map2019/merge_test_700-1800_cr0.95_stride100/Jinrong_90_000031/GPS_info.json,True,12,12,0,12,12,0.0,6.502465232927079e-12,0,0,
merge_test_700-1800_cr0.95_stride100,Jinrong_90_000032,Jinrong,90,000032,120.37750822222222,30.3243155,map2019/merge_test_700-1800_cr0.95_stride100/Jinrong_90_000032/GPS_info.json,True,12,12,0,12,12,1.0,9.76785319295459e-12,0,0,
merge_test_700-1800_cr0.95_stride100,Jinrong_90_000033,Jinrong,90,000033,120.37729777777778,30.324314555555556,map2019/merge_test_700-1800_cr0.95_stride100/Jinrong_90_000033/GPS_info.json,True,12,12,0,12,12,0.0,6.502465232927079e-12,0,0,
merge_test_700-1800_cr0.95_stride100,Jinrong_90_000034,Jinrong,90,000034,120.37730661111111,30.324136,map2019/merge_test_700-1800_cr0.95_stride100/Jinrong_90_000034/GPS_info.json,True,12,12,0,12,12,2.0,6.536549079783072e-12,0,0,
merge_test_700-1800_cr0.95_stride100,Jinrong_90_000035,Jinrong,90,000035,120.37751536111111,30.324135194444445,map2019/merge_test_700-1800_cr0.95_stride100/Jinrong_90_000035/GPS_info.json,True,12,12,0,12,12,2.0,6.536549079783072e-12,0,0,
merge_test_700-1800_cr0.95_stride100,Jinrong_90_000036,Jinrong,90,000036,120.37772044444445,30.32413588888889,map2019/merge_test_700-1800_cr0.95_stride100/Jinrong_90_000036/GPS_info.json,True,12,12,0,12,12,0.0,6.502465232927079e-12,0,0,
merge_test_700-1800_cr0.95_stride100,Jinrong_90_000037,Jinrong,90,000037,120.37792786111112,30.324136805555554,map2019/merge_test_700-1800_cr0.95_stride100/Jinrong_90_000037/GPS_info.json,True,12,12,0,12,12,0.0,6.502465232927079e-12,0,0,
merge_test_700-1800_cr0.95_stride100,Jinrong_90_000038,Jinrong,90,000038,120.37813344444444,30.32413863888889,map2019/merge_test_700-1800_cr0.95_stride100/Jinrong_90_000038/GPS_info.json,True,12,12,0,12,12,2.0,6.536549079783072e-12,0,0,
merge_test_700-1800_cr0.95_stride100,Jinrong_90_000039,Jinrong,90,000039,120.37834177777778,30.324139416666668,map2019/merge_test_700-1800_cr0.95_stride100/Jinrong_90_000039/GPS_info.json,True,12,12,0,12,12,2.0,6.536549079783072e-12,0,0,
merge_test_700-1800_cr0.95_stride100,Jinrong_90_000040,Jinrong,90,000040,120.37854911111111,30.324138555555557,map2019/merge_test_700-1800_cr0.95_stride100/Jinrong_90_000040/GPS_info.json,True,12,12,0,12,12,2.0,6.536549079783072e-12,0,0,
merge_test_700-1800_cr0.95_stride100,Jinrong_90_000041,Jinrong,90,000041,120.37875647222222,30.324139055555555,map2019/merge_test_700-1800_cr0.95_stride100/Jinrong_90_000041/GPS_info.json,True,12,12,0,12,12,0.0,6.502465232927079e-12,0,0,
merge_test_700-1800_cr0.95_stride100,Jinrong_90_000042,Jinrong,90,000042,120.37896361111112,30.32413988888889,map2019/merge_test_700-1800_cr0.95_stride100/Jinrong_90_000042/GPS_info.json,True,12,12,0,12,12,2.0,6.536549079783072e-12,0,0,
merge_test_700-1800_cr0.95_stride100,Jinrong_90_000043,Jinrong,90,000043,120.3791705,30.32414125,map2019/merge_test_700-1800_cr0.95_stride100/Jinrong_90_000043/GPS_info.json,True,12,12,0,12,12,0.0,6.502465232927079e-12,0,0,
merge_test_700-1800_cr0.95_stride100,Jinrong_90_000044,Jinrong,90,000044,120.37937672222222,30.32414177777778,map2019/merge_test_700-1800_cr0.95_stride100/Jinrong_90_000044/GPS_info.json,True,12,12,0,12,12,2.0,6.536549079783072e-12,0,0,
merge_test_700-1800_cr0.95_stride100,Jinrong_90_000045,Jinrong,90,000045,120.37958586111111,30.32414072222222,map2019/merge_test_700-1800_cr0.95_stride100/Jinrong_90_000045/GPS_info.json,True,12,12,0,12,12,2.0,6.536549079783072e-12,0,0,
merge_test_700-1800_cr0.95_stride100,Jinrong_90_000046,Jinrong,90,000046,120.37979430555555,30.324142,map2019/merge_test_700-1800_cr0.95_stride100/Jinrong_90_000046/GPS_info.json,True,12,12,0,12,12,2.0,6.536549079783072e-12,0,0,
merge_test_700-1800_cr0.95_stride100,Jinrong_90_000047,Jinrong,90,000047,120.38000191666667,30.324141916666665,map2019/merge_test_700-1800_cr0.95_stride100/Jinrong_90_000047/GPS_info.json,True,12,12,0,12,12,2.0,6.536549079783072e-12,0,0,
merge_test_700-1800_cr0.95_stride100,Jinrong_90_000048,Jinrong,90,000048,120.38020944444445,30.324141722222222,map2019/merge_test_700-1800_cr0.95_stride100/Jinrong_90_000048/GPS_info.json,True,12,12,0,12,12,0.0,6.502465232927079e-12,0,0,
merge_test_700-1800_cr0.95_stride100,Jinrong_90_000049,Jinrong,90,000049,120.38041711111111,30.32414052777778,map2019/merge_test_700-1800_cr0.95_stride100/Jinrong_90_000049/GPS_info.json,True,12,12,0,12,12,2.0,6.536549079783072e-12,0,0,
merge_test_700-1800_cr0.95_stride100,Jinrong_90_000050,Jinrong,90,000050,120.38062663888888,30.32414672222222,map2019/merge_test_700-1800_cr0.95_stride100/Jinrong_90_000050/GPS_info.json,True,12,12,0,12,12,2.0,6.536549079783072e-12,0,0,
merge_test_700-1800_cr0.95_stride100,Jinrong_90_000051,Jinrong,90,000051,120.38061905555556,30.323962305555554,map2019/merge_test_700-1800_cr0.95_stride100/Jinrong_90_000051/GPS_info.json,True,12,12,0,12,12,2.0,6.536549079783072e-12,0,0,
merge_test_700-1800_cr0.95_stride100,Jinrong_90_000052,Jinrong,90,000052,120.38041491666667,30.323962305555554,map2019/merge_test_700-1800_cr0.95_stride100/Jinrong_90_000052/GPS_info.json,True,12,12,0,12,12,2.0,6.536549079783072e-12,0,0,
merge_test_700-1800_cr0.95_stride100,Jinrong_90_000053,Jinrong,90,000053,120.38020336111111,30.323958444444443,map2019/merge_test_700-1800_cr0.95_stride100/Jinrong_90_000053/GPS_info.json,True,12,12,0,12,12,2.0,6.536549079783072e-12,0,0,
merge_test_700-1800_cr0.95_stride100,Jinrong_90_000054,Jinrong,90,000054,120.37999716666667,30.323960111111113,map2019/merge_test_700-1800_cr0.95_stride100/Jinrong_90_000054/GPS_info.json,True,12,12,0,12,12,1.0,9.184542015816533e-12,0,0,
merge_test_700-1800_cr0.95_stride100,Jinrong_90_000055,Jinrong,90,000055,120.37978780555555,30.323960055555556,map2019/merge_test_700-1800_cr0.95_stride100/Jinrong_90_000055/GPS_info.json,True,12,12,0,12,12,1.0,9.184542015816533e-12,0,0,
merge_test_700-1800_cr0.95_stride100,Jinrong_90_000056,Jinrong,90,000056,120.37957738888889,30.323963638888888,map2019/merge_test_700-1800_cr0.95_stride100/Jinrong_90_000056/GPS_info.json,True,12,12,0,12,12,0.0,6.502465232927079e-12,0,0,
merge_test_700-1800_cr0.95_stride100,Jinrong_90_000057,Jinrong,90,000057,120.37936886111112,30.323962388888887,map2019/merge_test_700-1800_cr0.95_stride100/Jinrong_90_000057/GPS_info.json,True,12,12,0,12,12,2.0,6.536549079783072e-12,0,0,
merge_test_700-1800_cr0.95_stride100,Jinrong_90_000058,Jinrong,90,000058,120.37916055555556,30.323965333333334,map2019/merge_test_700-1800_cr0.95_stride100/Jinrong_90_000058/GPS_info.json,True,12,12,0,12,12,1.0,9.184542015816533e-12,0,0,
merge_test_700-1800_cr0.95_stride100,Jinrong_90_000059,Jinrong,90,000059,120.37895363888889,30.32396452777778,map2019/merge_test_700-1800_cr0.95_stride100/Jinrong_90_000059/GPS_info.json,True,12,12,0,12,12,1.0,9.184542015816533e-12,0,0,
merge_test_700-1800_cr0.95_stride100,Jinrong_90_000060,Jinrong,90,000060,120.37874675,30.32396438888889,map2019/merge_test_700-1800_cr0.95_stride100/Jinrong_90_000060/GPS_info.json,True,12,12,0,12,12,1.0,9.184542015816533e-12,0,0,
merge_test_700-1800_cr0.95_stride100,Jinrong_90_000061,Jinrong,90,000061,120.37853805555555,30.323966777777777,map2019/merge_test_700-1800_cr0.95_stride100/Jinrong_90_000061/GPS_info.json,True,12,12,0,12,12,1.0,9.184542015816533e-12,0,0,
merge_test_700-1800_cr0.95_stride100,Jinrong_90_000062,Jinrong,90,000062,120.37833016666667,30.323967805555554,map2019/merge_test_700-1800_cr0.95_stride100/Jinrong_90_000062/GPS_info.json,True,12,12,0,12,12,1.0,9.184542015816533e-12,0,0,
merge_test_700-1800_cr0.95_stride100,Jinrong_90_000063,Jinrong,90,000063,120.37812258333334,30.32396386111111,map2019/merge_test_700-1800_cr0.95_stride100/Jinrong_90_000063/GPS_info.json,True,12,12,0,12,12,1.0,9.184542015816533e-12,0,0,
merge_test_700-1800_cr0.95_stride100,Jinrong_90_000064,Jinrong,90,000064,120.37791213888889,30.323965305555557,map2019/merge_test_700-1800_cr0.95_stride100/Jinrong_90_000064/GPS_info.json,True,12,12,0,12,12,2.0,6.536549079783072e-12,0,0,
merge_test_700-1800_cr0.95_stride100,Jinrong_90_000065,Jinrong,90,000065,120.37770480555555,30.32396511111111,map2019/merge_test_700-1800_cr0.95_stride100/Jinrong_90_000065/GPS_info.json,True,12,12,0,12,12,2.0,6.536549079783072e-12,0,0,
merge_test_700-1800_cr0.95_stride100,Jinrong_90_000066,Jinrong,90,000066,120.37748908333333,30.32396522222222,map2019/merge_test_700-1800_cr0.95_stride100/Jinrong_90_000066/GPS_info.json,True,12,12,0,12,12,1.0,9.184542015816533e-12,0,0,
merge_test_700-1800_cr0.95_stride100,Jinrong_90_000067,Jinrong,90,000067,120.37728547222223,30.323964222222223,map2019/merge_test_700-1800_cr0.95_stride100/Jinrong_90_000067/GPS_info.json,True,12,12,0,12,12,1.0,9.184542015816533e-12,0,0,
merge_test_700-1800_cr0.95_stride100,Jinrong_90_000068,Jinrong,90,000068,120.37730569444444,30.32379022222222,map2019/merge_test_700-1800_cr0.95_stride100/Jinrong_90_000068/GPS_info.json,True,12,12,0,12,12,1.0,9.184542015816533e-12,0,0,
merge_test_700-1800_cr0.95_stride100,Jinrong_90_000069,Jinrong,90,000069,120.37750919444444,30.32378852777778,map2019/merge_test_700-1800_cr0.95_stride100/Jinrong_90_000069/GPS_info.json,True,12,12,0,12,12,2.0,6.536549079783072e-12,0,0,
merge_test_700-1800_cr0.95_stride100,Jinrong_90_000070,Jinrong,90,000070,120.37771727777778,30.323787833333334,map2019/merge_test_700-1800_cr0.95_stride100/Jinrong_90_000070/GPS_info.json,True,12,12,0,12,12,1.0,9.184542015816533e-12,0,0,
merge_test_700-1800_cr0.95_stride100,Jinrong_90_000071,Jinrong,90,000071,120.3779216111111,30.323787527777778,map2019/merge_test_700-1800_cr0.95_stride100/Jinrong_90_000071/GPS_info.json,True,12,12,0,12,12,1.0,9.184542015816533e-12,0,0,
merge_test_700-1800_cr0.95_stride100,Jinrong_90_000072,Jinrong,90,000072,120.37813180555555,30.323786777777777,map2019/merge_test_700-1800_cr0.95_stride100/Jinrong_90_000072/GPS_info.json,True,12,12,0,12,12,1.0,9.184542015816533e-12,0,0,
merge_test_700-1800_cr0.95_stride100,Jinrong_90_000073,Jinrong,90,000073,120.37833886111112,30.323790805555557,map2019/merge_test_700-1800_cr0.95_stride100/Jinrong_90_000073/GPS_info.json,True,12,12,0,12,12,1.0,9.184542015816533e-12,0,0,
merge_test_700-1800_cr0.95_stride100,Jinrong_90_000074,Jinrong,90,000074,120.37854683333333,30.323790194444445,map2019/merge_test_700-1800_cr0.95_stride100/Jinrong_90_000074/GPS_info.json,True,12,12,0,12,12,1.0,5.824118964881109e-12,0,0,
merge_test_700-1800_cr0.95_stride100,Jinrong_90_000075,Jinrong,90,000075,120.37875463888889,30.323790805555557,map2019/merge_test_700-1800_cr0.95_stride100/Jinrong_90_000075/GPS_info.json,True,12,12,0,12,12,1.0,5.824118964881109e-12,0,0,
merge_test_700-1800_cr0.95_stride100,Jinrong_90_000076,Jinrong,90,000076,120.3789615,30.32379211111111,map2019/merge_test_700-1800_cr0.95_stride100/Jinrong_90_000076/GPS_info.json,True,12,12,0,12,12,2.0,6.536549079783072e-12,0,0,
merge_test_700-1800_cr0.95_stride100,Jinrong_90_000077,Jinrong,90,000077,120.37916958333334,30.32379138888889,map2019/merge_test_700-1800_cr0.95_stride100/Jinrong_90_000077/GPS_info.json,True,12,12,0,12,12,1.0,5.824118964881109e-12,0,0,
merge_test_700-1800_cr0.95_stride100,Jinrong_90_000078,Jinrong,90,000078,120.37938011111112,30.323790444444445,map2019/merge_test_700-1800_cr0.95_stride100/Jinrong_90_000078/GPS_info.json,True,12,12,0,12,12,1.0,5.824118964881109e-12,0,0,
merge_test_700-1800_cr0.95_stride100,Jinrong_90_000079,Jinrong,90,000079,120.37958727777777,30.32379197222222,map2019/merge_test_700-1800_cr0.95_stride100/Jinrong_90_000079/GPS_info.json,True,12,12,0,12,12,1.0,9.184542015816533e-12,0,0,
merge_test_700-1800_cr0.95_stride100,Jinrong_90_000080,Jinrong,90,000080,120.37979530555556,30.323792916666665,map2019/merge_test_700-1800_cr0.95_stride100/Jinrong_90_000080/GPS_info.json,True,12,12,0,12,12,1.0,5.824118964881109e-12,0,0,
merge_test_700-1800_cr0.95_stride100,Jinrong_90_000081,Jinrong,90,000081,120.38000316666667,30.323793694444444,map2019/merge_test_700-1800_cr0.95_stride100/Jinrong_90_000081/GPS_info.json,True,12,12,0,12,12,1.0,9.184542015816533e-12,0,0,
merge_test_700-1800_cr0.95_stride100,Jinrong_90_000082,Jinrong,90,000082,120.38021161111111,30.32379536111111,map2019/merge_test_700-1800_cr0.95_stride100/Jinrong_90_000082/GPS_info.json,True,12,12,0,12,12,1.0,5.824118964881109e-12,0,0,
merge_test_700-1800_cr0.95_stride100,Jinrong_90_000083,Jinrong,90,000083,120.3804195,30.323792055555554,map2019/merge_test_700-1800_cr0.95_stride100/Jinrong_90_000083/GPS_info.json,True,12,12,0,12,12,1.0,5.824118964881109e-12,0,0,
merge_test_700-1800_cr0.95_stride100,Jinrong_90_000084,Jinrong,90,000084,120.38062947222222,30.323791666666665,map2019/merge_test_700-1800_cr0.95_stride100/Jinrong_90_000084/GPS_info.json,True,12,12,0,12,12,1.0,5.824118964881109e-12,0,0,
merge_test_700-1800_cr0.95_stride100,Jinrong_90_000085,Jinrong,90,000085,120.38060669444444,30.323616694444443,map2019/merge_test_700-1800_cr0.95_stride100/Jinrong_90_000085/GPS_info.json,True,12,12,0,12,12,1.0,5.824118964881109e-12,0,0,
merge_test_700-1800_cr0.95_stride100,Jinrong_90_000086,Jinrong,90,000086,120.38039963888889,30.32361436111111,map2019/merge_test_700-1800_cr0.95_stride100/Jinrong_90_000086/GPS_info.json,True,12,12,0,12,12,1.0,9.184542015816533e-12,0,0,
merge_test_700-1800_cr0.95_stride100,Jinrong_90_000087,Jinrong,90,000087,120.38019636111112,30.32361186111111,map2019/merge_test_700-1800_cr0.95_stride100/Jinrong_90_000087/GPS_info.json,True,12,12,0,12,12,1.0,5.824118964881109e-12,0,0,
merge_test_700-1800_cr0.95_stride100,Jinrong_90_000088,Jinrong,90,000088,120.37999002777778,30.32361211111111,map2019/merge_test_700-1800_cr0.95_stride100/Jinrong_90_000088/GPS_info.json,True,12,12,0,12,12,1.0,9.184542015816533e-12,0,0,
merge_test_700-1800_cr0.95_stride100,Jinrong_90_000089,Jinrong,90,000089,120.37977988888889,30.323614666666668,map2019/merge_test_700-1800_cr0.95_stride100/Jinrong_90_000089/GPS_info.json,True,12,12,0,12,12,1.0,5.824118964881109e-12,0,0,
merge_test_700-1800_cr0.95_stride100,Jinrong_90_000090,Jinrong,90,000090,120.37957033333333,30.323615416666666,map2019/merge_test_700-1800_cr0.95_stride100/Jinrong_90_000090/GPS_info.json,True,12,12,0,12,12,1.0,5.824118964881109e-12,0,0,
merge_test_700-1800_cr0.95_stride100,Jinrong_90_000091,Jinrong,90,000091,120.379362,30.32361725,map2019/merge_test_700-1800_cr0.95_stride100/Jinrong_90_000091/GPS_info.json,True,12,12,0,12,12,1.0,5.824118964881109e-12,0,0,
merge_test_700-1800_cr0.95_stride100,Jinrong_90_000092,Jinrong,90,000092,120.37915419444444,30.323619166666667,map2019/merge_test_700-1800_cr0.95_stride100/Jinrong_90_000092/GPS_info.json,True,12,12,0,12,12,1.0,5.824118964881109e-12,0,0,
merge_test_700-1800_cr0.95_stride100,Jinrong_90_000093,Jinrong,90,000093,120.37894658333333,30.323616583333333,map2019/merge_test_700-1800_cr0.95_stride100/Jinrong_90_000093/GPS_info.json,True,12,12,0,12,12,1.0,5.824118964881109e-12,0,0,
merge_test_700-1800_cr0.95_stride100,Jinrong_90_000094,Jinrong,90,000094,120.37874077777778,30.323616138888887,map2019/merge_test_700-1800_cr0.95_stride100/Jinrong_90_000094/GPS_info.json,True,12,12,0,12,12,1.0,5.964562177496191e-12,0,0,
merge_test_700-1800_cr0.95_stride100,Jinrong_90_000095,Jinrong,90,000095,120.378534,30.323617805555557,map2019/merge_test_700-1800_cr0.95_stride100/Jinrong_90_000095/GPS_info.json,True,12,12,0,12,12,1.0,5.964562177496191e-12,0,0,
merge_test_700-1800_cr0.95_stride100,Jinrong_90_000096,Jinrong,90,000096,120.37832594444444,30.323616,map2019/merge_test_700-1800_cr0.95_stride100/Jinrong_90_000096/GPS_info.json,True,12,12,0,12,12,1.0,9.184542015816533e-12,0,0,
merge_test_700-1800_cr0.95_stride100,Jinrong_90_000097,Jinrong,90,000097,120.37811708333334,30.32361677777778,map2019/merge_test_700-1800_cr0.95_stride100/Jinrong_90_000097/GPS_info.json,True,12,12,0,12,12,1.0,5.964562177496191e-12,0,0,
merge_test_700-1800_cr0.95_stride100,Jinrong_90_000098,Jinrong,90,000098,120.3779098611111,30.323617333333335,map2019/merge_test_700-1800_cr0.95_stride100/Jinrong_90_000098/GPS_info.json,True,12,12,0,12,12,1.0,5.964562177496191e-12,0,0,
merge_test_700-1800_cr0.95_stride100,Jinrong_90_000099,Jinrong,90,000099,120.37770011111111,30.323617833333333,map2019/merge_test_700-1800_cr0.95_stride100/Jinrong_90_000099/GPS_info.json,True,12,12,0,12,12,1.0,5.824118964881109e-12,0,0,
merge_test_700-1800_cr0.95_stride100,Jinrong_90_000100,Jinrong,90,000100,120.37749175,30.323620972222223,map2019/merge_test_700-1800_cr0.95_stride100/Jinrong_90_000100/GPS_info.json,True,12,12,0,12,12,1.0,5.964562177496191e-12,0,0,
merge_test_700-1800_cr0.95_stride100,Jinrong_90_000101,Jinrong,90,000101,120.37728186111111,30.323617333333335,map2019/merge_test_700-1800_cr0.95_stride100/Jinrong_90_000101/GPS_info.json,True,12,12,0,12,12,1.0,5.964562177496191e-12,0,0,
merge_test_700-1800_cr0.95_stride100,Jinrong_90_000102,Jinrong,90,000102,120.37729022222223,30.323443166666667,map2019/merge_test_700-1800_cr0.95_stride100/Jinrong_90_000102/GPS_info.json,True,12,12,0,12,12,1.0,5.964562177496191e-12,0,0,
merge_test_700-1800_cr0.95_stride100,Jinrong_90_000103,Jinrong,90,000103,120.37749591666666,30.32344075,map2019/merge_test_700-1800_cr0.95_stride100/Jinrong_90_000103/GPS_info.json,True,12,12,0,12,12,1.0,5.824118964881109e-12,0,0,
merge_test_700-1800_cr0.95_stride100,Jinrong_90_000104,Jinrong,90,000104,120.37770402777778,30.323439944444445,map2019/merge_test_700-1800_cr0.95_stride100/Jinrong_90_000104/GPS_info.json,True,12,12,0,12,12,1.0,5.964562177496191e-12,0,0,
merge_test_700-1800_cr0.95_stride100,Jinrong_90_000105,Jinrong,90,000105,120.37790872222222,30.323437,map2019/merge_test_700-1800_cr0.95_stride100/Jinrong_90_000105/GPS_info.json,True,12,12,0,12,12,1.0,5.964562177496191e-12,0,0,
merge_test_700-1800_cr0.95_stride100,Jinrong_90_000106,Jinrong,90,000106,120.37811647222222,30.32343675,map2019/merge_test_700-1800_cr0.95_stride100/Jinrong_90_000106/GPS_info.json,True,12,12,0,12,12,1.0,5.964562177496191e-12,0,0,
merge_test_700-1800_cr0.95_stride100,Jinrong_90_000107,Jinrong,90,000107,120.37832488888888,30.32343527777778,map2019/merge_test_700-1800_cr0.95_stride100/Jinrong_90_000107/GPS_info.json,True,12,12,0,12,12,1.0,5.824118964881109e-12,0,0,
merge_test_700-1800_cr0.95_stride100,Jinrong_90_000108,Jinrong,90,000108,120.37853377777778,30.323433583333333,map2019/merge_test_700-1800_cr0.95_stride100/Jinrong_90_000108/GPS_info.json,True,12,12,0,12,12,1.0,5.824118964881109e-12,0,0,
merge_test_700-1800_cr0.95_stride100,Jinrong_90_000109,Jinrong,90,000109,120.37874133333334,30.32343286111111,map2019/merge_test_700-1800_cr0.95_stride100/Jinrong_90_000109/GPS_info.json,True,12,12,0,12,12,1.0,5.964562177496191e-12,0,0,
merge_test_700-1800_cr0.95_stride100,Jinrong_90_000110,Jinrong,90,000110,120.37894916666667,30.323429416666666,map2019/merge_test_700-1800_cr0.95_stride100/Jinrong_90_000110/GPS_info.json,True,12,12,0,12,12,1.0,5.964562177496191e-12,0,0,
merge_test_700-1800_cr0.95_stride100,Jinrong_90_000111,Jinrong,90,000111,120.37915652777778,30.323428472222222,map2019/merge_test_700-1800_cr0.95_stride100/Jinrong_90_000111/GPS_info.json,True,12,12,0,12,12,1.0,5.964562177496191e-12,0,0,
merge_test_700-1800_cr0.95_stride100,Jinrong_90_000112,Jinrong,90,000112,120.37936408333333,30.323427583333334,map2019/merge_test_700-1800_cr0.95_stride100/Jinrong_90_000112/GPS_info.json,True,12,12,0,12,12,1.0,5.964562177496191e-12,0,0,
merge_test_700-1800_cr0.95_stride100,Jinrong_90_000113,Jinrong,90,000113,120.37957163888889,30.323426944444446,map2019/merge_test_700-1800_cr0.95_stride100/Jinrong_90_000113/GPS_info.json,True,12,12,0,12,12,1.0,5.964562177496191e-12,0,0,
merge_test_700-1800_cr0.95_stride100,Jinrong_90_000114,Jinrong,90,000114,120.37978244444444,30.323426944444446,map2019/merge_test_700-1800_cr0.95_stride100/Jinrong_90_000114/GPS_info.json,True,12,12,0,12,12,1.0,4.667599640129083e-12,0,0,
merge_test_700-1800_cr0.95_stride100,Jinrong_90_000115,Jinrong,90,000115,120.37998602777778,30.323429555555556,map2019/merge_test_700-1800_cr0.95_stride100/Jinrong_90_000115/GPS_info.json,True,12,12,0,12,12,1.0,4.667599640129083e-12,0,0,
merge_test_700-1800_cr0.95_stride100,Jinrong_90_000116,Jinrong,90,000116,120.380197,30.323423527777777,map2019/merge_test_700-1800_cr0.95_stride100/Jinrong_90_000116/GPS_info.json,True,12,12,0,12,12,1.0,5.824118964881109e-12,0,0,
merge_test_700-1800_cr0.95_stride100,Jinrong_90_000117,Jinrong,90,000117,120.38040333333333,30.323421833333335,map2019/merge_test_700-1800_cr0.95_stride100/Jinrong_90_000117/GPS_info.json,True,12,12,0,12,12,1.0,4.667599640129083e-12,0,0,
merge_test_700-1800_cr0.95_stride100,Jinrong_90_000118,Jinrong,90,000118,120.38060902777778,30.32341938888889,map2019/merge_test_700-1800_cr0.95_stride100/Jinrong_90_000118/GPS_info.json,True,12,12,0,12,12,1.0,5.964562177496191e-12,0,0,
merge_test_700-1800_cr0.95_stride100,Jinrong_90_000119,Jinrong,90,000119,120.38060236111112,30.323239722222223,map2019/merge_test_700-1800_cr0.95_stride100/Jinrong_90_000119/GPS_info.json,True,12,12,0,12,12,1.0,4.667599640129083e-12,0,0,
merge_test_700-1800_cr0.95_stride100,Jinrong_90_000120,Jinrong,90,000120,120.38039855555556,30.323240166666668,map2019/merge_test_700-1800_cr0.95_stride100/Jinrong_90_000120/GPS_info.json,True,12,12,0,12,12,1.0,4.667599640129083e-12,0,0,
merge_test_700-1800_cr0.95_stride100,Jinrong_90_000121,Jinrong,90,000121,120.38019230555555,30.32324263888889,map2019/merge_test_700-1800_cr0.95_stride100/Jinrong_90_000121/GPS_info.json,True,12,12,0,12,12,1.0,4.667599640129083e-12,0,0,
merge_test_700-1800_cr0.95_stride100,Jinrong_90_000122,Jinrong,90,000122,120.37998338888889,30.323245333333332,map2019/merge_test_700-1800_cr0.95_stride100/Jinrong_90_000122/GPS_info.json,True,12,12,0,12,12,1.0,4.667599640129083e-12,0,0,
merge_test_700-1800_cr0.95_stride100,Jinrong_90_000123,Jinrong,90,000123,120.37977625,30.323248638888888,map2019/merge_test_700-1800_cr0.95_stride100/Jinrong_90_000123/GPS_info.json,True,12,12,0,12,12,1.0,5.964562177496191e-12,0,0,
merge_test_700-1800_cr0.95_stride100,Jinrong_90_000124,Jinrong,90,000124,120.37956869444444,30.32324861111111,map2019/merge_test_700-1800_cr0.95_stride100/Jinrong_90_000124/GPS_info.json,True,12,12,0,12,12,1.0,4.667599640129083e-12,0,0,
merge_test_700-1800_cr0.95_stride100,Jinrong_90_000125,Jinrong,90,000125,120.37936327777778,30.32324388888889,map2019/merge_test_700-1800_cr0.95_stride100/Jinrong_90_000125/GPS_info.json,True,12,12,0,12,12,1.0,4.667599640129083e-12,0,0,
merge_test_700-1800_cr0.95_stride100,Jinrong_90_000126,Jinrong,90,000126,120.37915769444444,30.323243527777777,map2019/merge_test_700-1800_cr0.95_stride100/Jinrong_90_000126/GPS_info.json,True,12,12,0,12,12,1.0,5.964562177496191e-12,0,0,
merge_test_700-1800_cr0.95_stride100,Jinrong_90_000127,Jinrong,90,000127,120.378954,30.32324311111111,map2019/merge_test_700-1800_cr0.95_stride100/Jinrong_90_000127/GPS_info.json,True,12,12,0,12,12,1.0,4.667599640129083e-12,0,0,
merge_test_700-1800_cr0.95_stride100,Jinrong_90_000128,Jinrong,90,000128,120.37874108333334,30.323242861111112,map2019/merge_test_700-1800_cr0.95_stride100/Jinrong_90_000128/GPS_info.json,True,12,12,0,12,12,1.0,5.964562177496191e-12,0,0,
merge_test_700-1800_cr0.95_stride100,Jinrong_90_000129,Jinrong,90,000129,120.37853422222223,30.323242944444445,map2019/merge_test_700-1800_cr0.95_stride100/Jinrong_90_000129/GPS_info.json,True,12,12,0,12,12,1.0,4.667599640129083e-12,0,0,
merge_test_700-1800_cr0.95_stride100,Jinrong_90_000130,Jinrong,90,000130,120.37832627777777,30.32324572222222,map2019/merge_test_700-1800_cr0.95_stride100/Jinrong_90_000130/GPS_info.json,True,12,12,0,12,12,1.0,4.667599640129083e-12,0,0,
merge_test_700-1800_cr0.95_stride100,Jinrong_90_000131,Jinrong,90,000131,120.3781195,30.32324688888889,map2019/merge_test_700-1800_cr0.95_stride100/Jinrong_90_000131/GPS_info.json,True,12,12,0,12,12,1.0,4.667599640129083e-12,0,0,
merge_test_700-1800_cr0.95_stride100,Jinrong_90_000132,Jinrong,90,000132,120.37792627777777,30.323244666666668,map2019/merge_test_700-1800_cr0.95_stride100/Jinrong_90_000132/GPS_info.json,True,12,12,0,12,12,1.0,4.667599640129083e-12,0,0,
merge_test_700-1800_cr0.95_stride100,Jinrong_90_000133,Jinrong,90,000133,120.37771269444444,30.323247194444445,map2019/merge_test_700-1800_cr0.95_stride100/Jinrong_90_000133/GPS_info.json,True,12,12,0,12,12,1.0,5.059286323216838e-12,0,0,
merge_test_700-1800_cr0.95_stride100,Jinrong_90_000134,Jinrong,90,000134,120.37748669444444,30.323250944444446,map2019/merge_test_700-1800_cr0.95_stride100/Jinrong_90_000134/GPS_info.json,True,12,12,0,12,12,1.0,4.667599640129083e-12,0,0,
merge_test_700-1800_cr0.95_stride100,Jinrong_90_000135,Jinrong,90,000135,120.37729763888889,30.323248222222222,map2019/merge_test_700-1800_cr0.95_stride100/Jinrong_90_000135/GPS_info.json,True,12,12,0,12,12,1.0,5.059286323216838e-12,0,0,
merge_test_700-1800_cr0.95_stride100,Jinrong_90_000136,Jinrong,90,000136,120.37729408333334,30.323068055555556,map2019/merge_test_700-1800_cr0.95_stride100/Jinrong_90_000136/GPS_info.json,True,12,12,0,12,12,1.0,5.964562177496191e-12,0,0,
merge_test_700-1800_cr0.95_stride100,Jinrong_90_000137,Jinrong,90,000137,120.37749627777778,30.323065222222223,map2019/merge_test_700-1800_cr0.95_stride100/Jinrong_90_000137/GPS_info.json,True,12,12,0,12,12,1.0,5.059286323216838e-12,0,0,
merge_test_700-1800_cr0.95_stride100,Jinrong_90_000138,Jinrong,90,000138,120.37770422222222,30.323064638888887,map2019/merge_test_700-1800_cr0.95_stride100/Jinrong_90_000138/GPS_info.json,True,12,12,0,12,12,1.0,5.059286323216838e-12,0,0,
merge_test_700-1800_cr0.95_stride100,Jinrong_90_000139,Jinrong,90,000139,120.37791294444445,30.32306272222222,map2019/merge_test_700-1800_cr0.95_stride100/Jinrong_90_000139/GPS_info.json,True,12,12,0,12,12,1.0,5.059286323216838e-12,0,0,
merge_test_700-1800_cr0.95_stride100,Jinrong_90_000140,Jinrong,90,000140,120.37812066666666,30.323062611111112,map2019/merge_test_700-1800_cr0.95_stride100/Jinrong_90_000140/GPS_info.json,True,12,12,0,12,12,1.0,4.667599640129083e-12,0,0,
merge_test_700-1800_cr0.95_stride100,Jinrong_90_000141,Jinrong,90,000141,120.37832811111112,30.323060777777776,map2019/merge_test_700-1800_cr0.95_stride100/Jinrong_90_000141/GPS_info.json,True,12,12,0,12,12,1.0,5.059286323216838e-12,0,0,
merge_test_700-1800_cr0.95_stride100,Jinrong_90_000142,Jinrong,90,000142,120.378537,30.323062333333333,map2019/merge_test_700-1800_cr0.95_stride100/Jinrong_90_000142/GPS_info.json,True,12,12,0,12,12,1.0,4.667599640129083e-12,0,0,
merge_test_700-1800_cr0.95_stride100,Jinrong_90_000143,Jinrong,90,000143,120.37874547222222,30.323060472222224,map2019/merge_test_700-1800_cr0.95_stride100/Jinrong_90_000143/GPS_info.json,True,12,12,0,12,12,1.0,5.059286323216838e-12,0,0,
merge_test_700-1800_cr0.95_stride100,Jinrong_90_000144,Jinrong,90,000144,120.37895461111111,30.32306022222222,map2019/merge_test_700-1800_cr0.95_stride100/Jinrong_90_000144/GPS_info.json,True,12,12,0,12,12,1.0,5.059286323216838e-12,0,0,
merge_test_700-1800_cr0.95_stride100,Jinrong_90_000145,Jinrong,90,000145,120.3791653888889,30.32305813888889,map2019/merge_test_700-1800_cr0.95_stride100/Jinrong_90_000145/GPS_info.json,True,12,12,0,12,12,1.0,4.667599640129083e-12,0,0,
merge_test_700-1800_cr0.95_stride100,Jinrong_90_000146,Jinrong,90,000146,120.37936697222223,30.323057694444444,map2019/merge_test_700-1800_cr0.95_stride100/Jinrong_90_000146/GPS_info.json,True,12,12,0,12,12,1.0,5.059286323216838e-12,0,0,
merge_test_700-1800_cr0.95_stride100,Jinrong_90_000147,Jinrong,90,000147,120.37957955555555,30.32305661111111,map2019/merge_test_700-1800_cr0.95_stride100/Jinrong_90_000147/GPS_info.json,True,12,12,0,12,12,1.0,5.059286323216838e-12,0,0,
merge_test_700-1800_cr0.95_stride100,Jinrong_90_000148,Jinrong,90,000148,120.37978302777778,30.323060555555557,map2019/merge_test_700-1800_cr0.95_stride100/Jinrong_90_000148/GPS_info.json,True,12,12,0,12,12,1.0,4.667599640129083e-12,0,0,
merge_test_700-1800_cr0.95_stride100,Jinrong_90_000149,Jinrong,90,000149,120.3799885,30.323059805555555,map2019/merge_test_700-1800_cr0.95_stride100/Jinrong_90_000149/GPS_info.json,True,12,12,0,12,12,1.0,5.059286323216838e-12,0,0,
merge_test_700-1800_cr0.95_stride100,Jinrong_90_000150,Jinrong,90,000150,120.38019752777778,30.323055916666668,map2019/merge_test_700-1800_cr0.95_stride100/Jinrong_90_000150/GPS_info.json,True,12,12,0,12,12,1.0,5.059286323216838e-12,0,0,
merge_test_700-1800_cr0.95_stride100,Jinrong_90_000151,Jinrong,90,000151,120.38040447222222,30.323054083333332,map2019/merge_test_700-1800_cr0.95_stride100/Jinrong_90_000151/GPS_info.json,True,12,12,0,12,12,1.0,5.059286323216838e-12,0,0,
merge_test_700-1800_cr0.95_stride100,Jinrong_90_000152,Jinrong,90,000152,120.38061238888889,30.323053333333334,map2019/merge_test_700-1800_cr0.95_stride100/Jinrong_90_000152/GPS_info.json,True,12,12,0,12,12,1.0,5.059286323216838e-12,0,0,
merge_test_700-1800_cr0.95_stride100,Jinrong_90_000153,Jinrong,90,000153,120.38060072222223,30.322873833333333,map2019/merge_test_700-1800_cr0.95_stride100/Jinrong_90_000153/GPS_info.json,True,12,12,0,12,12,1.0,4.7016834869850754e-12,0,0,
merge_test_700-1800_cr0.95_stride100,Jinrong_90_000154,Jinrong,90,000154,120.3803973888889,30.322873722222223,map2019/merge_test_700-1800_cr0.95_stride100/Jinrong_90_000154/GPS_info.json,True,12,12,0,12,12,1.0,5.059286323216838e-12,0,0,
merge_test_700-1800_cr0.95_stride100,Jinrong_90_000155,Jinrong,90,000155,120.38018861111111,30.32287286111111,map2019/merge_test_700-1800_cr0.95_stride100/Jinrong_90_000155/GPS_info.json,True,12,12,0,12,12,1.0,4.7016834869850754e-12,0,0,
merge_test_700-1800_cr0.95_stride100,Jinrong_90_000156,Jinrong,90,000156,120.37998261111112,30.32287447222222,map2019/merge_test_700-1800_cr0.95_stride100/Jinrong_90_000156/GPS_info.json,True,12,12,0,12,12,1.0,4.7016834869850754e-12,0,0,
merge_test_700-1800_cr0.95_stride100,Jinrong_90_000157,Jinrong,90,000157,120.37977436111112,30.322877388888887,map2019/merge_test_700-1800_cr0.95_stride100/Jinrong_90_000157/GPS_info.json,True,12,12,0,12,12,1.0,4.667599640129083e-12,0,0,
merge_test_700-1800_cr0.95_stride100,Jinrong_90_000158,Jinrong,90,000158,120.37956655555556,30.32287872222222,map2019/merge_test_700-1800_cr0.95_stride100/Jinrong_90_000158/GPS_info.json,True,12,12,0,12,12,1.0,4.7016834869850754e-12,0,0,
merge_test_700-1800_cr0.95_stride100,Jinrong_90_000159,Jinrong,90,000159,120.3793621111111,30.322871694444444,map2019/merge_test_700-1800_cr0.95_stride100/Jinrong_90_000159/GPS_info.json,True,12,12,0,12,12,1.0,4.7016834869850754e-12,0,0,
merge_test_700-1800_cr0.95_stride100,Jinrong_90_000160,Jinrong,90,000160,120.37915086111111,30.3228725,map2019/merge_test_700-1800_cr0.95_stride100/Jinrong_90_000160/GPS_info.json,True,12,12,0,12,12,1.0,5.059286323216838e-12,0,0,
merge_test_700-1800_cr0.95_stride100,Jinrong_90_000161,Jinrong,90,000161,120.37893991666667,30.322872472222222,map2019/merge_test_700-1800_cr0.95_stride100/Jinrong_90_000161/GPS_info.json,True,12,12,0,12,12,1.0,4.7016834869850754e-12,0,0,
merge_test_700-1800_cr0.95_stride100,Jinrong_90_000162,Jinrong,90,000162,120.37873375,30.322872361111113,map2019/merge_test_700-1800_cr0.95_stride100/Jinrong_90_000162/GPS_info.json,True,12,12,0,12,12,1.0,5.059286323216838e-12,0,0,
merge_test_700-1800_cr0.95_stride100,Jinrong_90_000163,Jinrong,90,000163,120.37852730555555,30.32287147222222,map2019/merge_test_700-1800_cr0.95_stride100/Jinrong_90_000163/GPS_info.json,True,12,12,0,12,12,1.0,4.7016834869850754e-12,0,0,
merge_test_700-1800_cr0.95_stride100,Jinrong_90_000164,Jinrong,90,000164,120.37832080555556,30.322872611111112,map2019/merge_test_700-1800_cr0.95_stride100/Jinrong_90_000164/GPS_info.json,True,12,12,0,12,12,1.0,4.7016834869850754e-12,0,0,
merge_test_700-1800_cr0.95_stride100,Jinrong_90_000165,Jinrong,90,000165,120.37811194444444,30.322874694444444,map2019/merge_test_700-1800_cr0.95_stride100/Jinrong_90_000165/GPS_info.json,True,12,12,0,12,12,1.0,5.059286323216838e-12,0,0,
merge_test_700-1800_cr0.95_stride100,Jinrong_90_000166,Jinrong,90,000166,120.37790377777777,30.32287475,map2019/merge_test_700-1800_cr0.95_stride100/Jinrong_90_000166/GPS_info.json,True,12,12,0,12,12,1.0,5.059286323216838e-12,0,0,
merge_test_700-1800_cr0.95_stride100,Jinrong_90_000167,Jinrong,90,000167,120.3776965,30.32287375,map2019/merge_test_700-1800_cr0.95_stride100/Jinrong_90_000167/GPS_info.json,True,12,12,0,12,12,1.0,4.7016834869850754e-12,0,0,
merge_test_700-1800_cr0.95_stride100,Jinrong_90_000168,Jinrong,90,000168,120.37748947222222,30.322873444444443,map2019/merge_test_700-1800_cr0.95_stride100/Jinrong_90_000168/GPS_info.json,True,12,12,0,12,12,1.0,4.7016834869850754e-12,0,0,
merge_test_700-1800_cr0.95_stride100,Jinrong_90_000169,Jinrong,90,000169,120.37728133333333,30.322873138888887,map2019/merge_test_700-1800_cr0.95_stride100/Jinrong_90_000169/GPS_info.json,True,12,12,0,12,12,1.0,4.7016834869850754e-12,0,0,
merge_test_700-1800_cr0.95_stride100,Jinrong_90_000170,Jinrong,90,000170,120.37727358333333,30.322691694444444,map2019/merge_test_700-1800_cr0.95_stride100/Jinrong_90_000170/GPS_info.json,True,12,12,0,12,12,1.0,4.7016834869850754e-12,0,0,
merge_test_700-1800_cr0.95_stride100,Jinrong_90_000171,Jinrong,90,000171,120.37747925,30.322689416666666,map2019/merge_test_700-1800_cr0.95_stride100/Jinrong_90_000171/GPS_info.json,True,12,12,0,12,12,1.0,4.7016834869850754e-12,0,0,
merge_test_700-1800_cr0.95_stride100,Jinrong_90_000172,Jinrong,90,000172,120.37768513888889,30.322689333333333,map2019/merge_test_700-1800_cr0.95_stride100/Jinrong_90_000172/GPS_info.json,True,12,12,0,12,12,1.0,4.7016834869850754e-12,0,0,
merge_test_700-1800_cr0.95_stride100,Jinrong_90_000173,Jinrong,90,000173,120.37789213888888,30.322688055555556,map2019/merge_test_700-1800_cr0.95_stride100/Jinrong_90_000173/GPS_info.json,True,12,12,0,12,12,1.0,4.7016834869850754e-12,0,0,
merge_test_700-1800_cr0.95_stride100,Jinrong_90_000174,Jinrong,90,000174,120.37809991666667,30.322688638888888,map2019/merge_test_700-1800_cr0.95_stride100/Jinrong_90_000174/GPS_info.json,True,12,12,0,12,12,1.0,5.54878365477407e-12,0,0,
merge_test_700-1800_cr0.95_stride100,Jinrong_90_000175,Jinrong,90,000175,120.37830766666667,30.322689444444446,map2019/merge_test_700-1800_cr0.95_stride100/Jinrong_90_000175/GPS_info.json,True,12,12,0,12,12,1.0,5.059286323216838e-12,0,0,
merge_test_700-1800_cr0.95_stride100,Jinrong_90_000176,Jinrong,90,000176,120.37851822222223,30.322689611111112,map2019/merge_test_700-1800_cr0.95_stride100/Jinrong_90_000176/GPS_info.json,True,12,12,0,12,12,1.0,5.54878365477407e-12,0,0,
merge_test_700-1800_cr0.95_stride100,Jinrong_90_000177,Jinrong,90,000177,120.37872819444445,30.32268788888889,map2019/merge_test_700-1800_cr0.95_stride100/Jinrong_90_000177/GPS_info.json,True,12,12,0,12,12,1.0,4.7016834869850754e-12,0,0,
merge_test_700-1800_cr0.95_stride100,Jinrong_90_000178,Jinrong,90,000178,120.37893744444445,30.32268688888889,map2019/merge_test_700-1800_cr0.95_stride100/Jinrong_90_000178/GPS_info.json,True,12,12,0,12,12,1.0,5.54878365477407e-12,0,0,
merge_test_700-1800_cr0.95_stride100,Jinrong_90_000179,Jinrong,90,000179,120.37914116666667,30.322684388888888,map2019/merge_test_700-1800_cr0.95_stride100/Jinrong_90_000179/GPS_info.json,True,12,12,0,12,12,1.0,5.54878365477407e-12,0,0,
merge_test_700-1800_cr0.95_stride100,Jinrong_90_000180,Jinrong,90,000180,120.37934902777778,30.322684805555557,map2019/merge_test_700-1800_cr0.95_stride100/Jinrong_90_000180/GPS_info.json,True,12,12,0,12,12,1.0,5.54878365477407e-12,0,0,
merge_test_700-1800_cr0.95_stride100,Jinrong_90_000181,Jinrong,90,000181,120.3795543611111,30.32269075,map2019/merge_test_700-1800_cr0.95_stride100/Jinrong_90_000181/GPS_info.json,True,12,12,0,12,12,1.0,4.7016834869850754e-12,0,0,
merge_test_700-1800_cr0.95_stride100,Jinrong_90_000182,Jinrong,90,000182,120.3797623611111,30.322689583333332,map2019/merge_test_700-1800_cr0.95_stride100/Jinrong_90_000182/GPS_info.json,True,12,12,0,12,12,1.0,5.54878365477407e-12,0,0,
merge_test_700-1800_cr0.95_stride100,Jinrong_90_000183,Jinrong,90,000183,120.37997455555555,30.322684777777777,map2019/merge_test_700-1800_cr0.95_stride100/Jinrong_90_000183/GPS_info.json,True,12,12,0,12,12,1.0,4.7016834869850754e-12,0,0,
merge_test_700-1800_cr0.95_stride100,Jinrong_90_000184,Jinrong,90,000184,120.38018197222222,30.322684944444443,map2019/merge_test_700-1800_cr0.95_stride100/Jinrong_90_000184/GPS_info.json,True,12,12,0,12,12,1.0,4.7016834869850754e-12,0,0,
merge_test_700-1800_cr0.95_stride100,Jinrong_90_000185,Jinrong,90,000185,120.38038586111111,30.322683666666666,map2019/merge_test_700-1800_cr0.95_stride100/Jinrong_90_000185/GPS_info.json,True,12,12,0,12,12,1.0,5.54878365477407e-12,0,0,
merge_test_700-1800_cr0.95_stride100,Jinrong_90_000186,Jinrong,90,000186,120.38059630555556,30.322681972222224,map2019/merge_test_700-1800_cr0.95_stride100/Jinrong_90_000186/GPS_info.json,True,12,12,0,12,12,1.0,5.54878365477407e-12,0,0,
merge_test_700-1800_cr0.95_stride100,Jinrong_90_000187,Jinrong,90,000187,120.38058441666666,30.322503,map2019/merge_test_700-1800_cr0.95_stride100/Jinrong_90_000187/GPS_info.json,True,12,12,0,12,12,1.0,5.54878365477407e-12,0,0,
merge_test_700-1800_cr0.95_stride100,Jinrong_90_000188,Jinrong,90,000188,120.38037938888888,30.322501333333335,map2019/merge_test_700-1800_cr0.95_stride100/Jinrong_90_000188/GPS_info.json,True,12,12,0,12,12,1.0,5.54878365477407e-12,0,0,
merge_test_700-1800_cr0.95_stride100,Jinrong_90_000189,Jinrong,90,000189,120.38017091666667,30.322501638888887,map2019/merge_test_700-1800_cr0.95_stride100/Jinrong_90_000189/GPS_info.json,True,12,12,0,12,12,1.0,5.54878365477407e-12,0,0,
merge_test_700-1800_cr0.95_stride100,Jinrong_90_000190,Jinrong,90,000190,120.37996341666667,30.322502666666665,map2019/merge_test_700-1800_cr0.95_stride100/Jinrong_90_000190/GPS_info.json,True,12,12,0,12,12,1.0,5.54878365477407e-12,0,0,
merge_test_700-1800_cr0.95_stride100,Jinrong_90_000191,Jinrong,90,000191,120.3797618888889,30.32250022222222,map2019/merge_test_700-1800_cr0.95_stride100/Jinrong_90_000191/GPS_info.json,True,12,12,0,12,12,1.0,5.54878365477407e-12,0,0,
merge_test_700-1800_cr0.95_stride100,Jinrong_90_000192,Jinrong,90,000192,120.37954452777778,30.322510305555557,map2019/merge_test_700-1800_cr0.95_stride100/Jinrong_90_000192/GPS_info.json,True,12,12,0,12,12,1.0,9.422129743086316e-12,0,0,
merge_test_700-1800_cr0.95_stride100,Jinrong_90_000193,Jinrong,90,000193,120.37934075,30.322505694444445,map2019/merge_test_700-1800_cr0.95_stride100/Jinrong_90_000193/GPS_info.json,True,12,12,0,12,12,1.0,5.54878365477407e-12,0,0,
merge_test_700-1800_cr0.95_stride100,Jinrong_90_000194,Jinrong,90,000194,120.37913347222222,30.322501805555557,map2019/merge_test_700-1800_cr0.95_stride100/Jinrong_90_000194/GPS_info.json,True,12,12,0,12,12,1.0,5.54878365477407e-12,0,0,
merge_test_700-1800_cr0.95_stride100,Jinrong_90_000195,Jinrong,90,000195,120.37892694444444,30.322502944444444,map2019/merge_test_700-1800_cr0.95_stride100/Jinrong_90_000195/GPS_info.json,True,12,12,0,12,12,1.0,9.422129743086316e-12,0,0,
merge_test_700-1800_cr0.95_stride100,Jinrong_90_000196,Jinrong,90,000196,120.37872194444445,30.322503694444446,map2019/merge_test_700-1800_cr0.95_stride100/Jinrong_90_000196/GPS_info.json,True,12,12,0,12,12,1.0,4.7016834869850754e-12,0,0,
merge_test_700-1800_cr0.95_stride100,Jinrong_90_000197,Jinrong,90,000197,120.37850975,30.3225025,map2019/merge_test_700-1800_cr0.95_stride100/Jinrong_90_000197/GPS_info.json,True,12,12,0,12,12,1.0,9.422129743086316e-12,0,0,
merge_test_700-1800_cr0.95_stride100,Jinrong_90_000198,Jinrong,90,000198,120.37830122222222,30.322502694444445,map2019/merge_test_700-1800_cr0.95_stride100/Jinrong_90_000198/GPS_info.json,True,12,12,0,12,12,1.0,5.54878365477407e-12,0,0,
merge_test_700-1800_cr0.95_stride100,Jinrong_90_000199,Jinrong,90,000199,120.37809283333333,30.32250272222222,map2019/merge_test_700-1800_cr0.95_stride100/Jinrong_90_000199/GPS_info.json,True,12,12,0,12,12,1.0,9.422129743086316e-12,0,0,
merge_test_700-1800_cr0.95_stride100,Ligong_100_000000,Ligong,100,000000,120.34451313888889,30.317791638888888,map2019/merge_test_700-1800_cr0.95_stride100/Ligong_100_000000/GPS_info.json,True,12,12,0,12,12,1.0,8.573697307667771e-12,0,0,
merge_test_700-1800_cr0.95_stride100,Ligong_100_000001,Ligong,100,000001,120.34472075,30.317790638888887,map2019/merge_test_700-1800_cr0.95_stride100/Ligong_100_000001/GPS_info.json,True,12,12,0,12,12,1.0,8.573697307667771e-12,0,0,
merge_test_700-1800_cr0.95_stride100,Ligong_100_000002,Ligong,100,000002,120.3449285,30.317789277777777,map2019/merge_test_700-1800_cr0.95_stride100/Ligong_100_000002/GPS_info.json,True,12,12,0,12,12,1.0,8.573697307667771e-12,0,0,
merge_test_700-1800_cr0.95_stride100,Ligong_100_000003,Ligong,100,000003,120.34513577777778,30.31778925,map2019/merge_test_700-1800_cr0.95_stride100/Ligong_100_000003/GPS_info.json,True,12,12,0,12,12,1.0,8.573697307667771e-12,0,0,
merge_test_700-1800_cr0.95_stride100,Ligong_100_000004,Ligong,100,000004,120.345344,30.317791638888888,map2019/merge_test_700-1800_cr0.95_stride100/Ligong_100_000004/GPS_info.json,True,12,12,0,12,12,1.0,8.573697307667771e-12,0,0,
merge_test_700-1800_cr0.95_stride100,Ligong_100_000005,Ligong,100,000005,120.34555077777777,30.317789166666667,map2019/merge_test_700-1800_cr0.95_stride100/Ligong_100_000005/GPS_info.json,True,12,12,0,12,12,1.0,8.573697307667771e-12,0,0,
merge_test_700-1800_cr0.95_stride100,Ligong_100_000006,Ligong,100,000006,120.34575869444444,30.317789472222223,map2019/merge_test_700-1800_cr0.95_stride100/Ligong_100_000006/GPS_info.json,True,12,12,0,12,12,1.0,8.573697307667771e-12,0,0,
merge_test_700-1800_cr0.95_stride100,Ligong_100_000007,Ligong,100,000007,120.34596494444445,30.31778911111111,map2019/merge_test_700-1800_cr0.95_stride100/Ligong_100_000007/GPS_info.json,True,12,12,0,12,12,1.0,8.573697307667771e-12,0,0,
merge_test_700-1800_cr0.95_stride100,Ligong_100_000008,Ligong,100,000008,120.34617358333334,30.317788166666666,map2019/merge_test_700-1800_cr0.95_stride100/Ligong_100_000008/GPS_info.json,True,12,12,0,12,12,1.0,8.573697307667771e-12,0,0,
merge_test_700-1800_cr0.95_stride100,Ligong_100_000009,Ligong,100,000009,120.34637994444445,30.317790444444444,map2019/merge_test_700-1800_cr0.95_stride100/Ligong_100_000009/GPS_info.json,True,12,12,0,12,12,1.0,8.573697307667771e-12,0,0,
merge_test_700-1800_cr0.95_stride100,Ligong_100_000010,Ligong,100,000010,120.346587,30.317790833333333,map2019/merge_test_700-1800_cr0.95_stride100/Ligong_100_000010/GPS_info.json,True,12,12,0,12,12,1.0,8.573697307667771e-12,0,0,
merge_test_700-1800_cr0.95_stride100,Ligong_100_000011,Ligong,100,000011,120.34679355555555,30.317790194444445,map2019/merge_test_700-1800_cr0.95_stride100/Ligong_100_000011/GPS_info.json,True,12,12,0,12,12,1.0,8.573697307667771e-12,0,0,
merge_test_700-1800_cr0.95_stride100,Ligong_100_000012,Ligong,100,000012,120.3470031388889,30.317790972222223,map2019/merge_test_700-1800_cr0.95_stride100/Ligong_100_000012/GPS_info.json,True,12,12,0,12,12,1.0,8.573697307667771e-12,0,0,
merge_test_700-1800_cr0.95_stride100,Ligong_100_000013,Ligong,100,000013,120.34721083333334,30.31779661111111,map2019/merge_test_700-1800_cr0.95_stride100/Ligong_100_000013/GPS_info.json,True,12,12,0,12,12,1.0,8.573697307667771e-12,0,0,
merge_test_700-1800_cr0.95_stride100,Ligong_100_000014,Ligong,100,000014,120.34742236111111,30.317793555555557,map2019/merge_test_700-1800_cr0.95_stride100/Ligong_100_000014/GPS_info.json,True,12,12,0,12,12,1.0,8.573697307667771e-12,0,0,
merge_test_700-1800_cr0.95_stride100,Ligong_100_000015,Ligong,100,000015,120.34763072222222,30.317795,map2019/merge_test_700-1800_cr0.95_stride100/Ligong_100_000015/GPS_info.json,True,12,12,0,12,12,1.0,8.573697307667771e-12,0,0,
merge_test_700-1800_cr0.95_stride100,Ligong_100_000016,Ligong,100,000016,120.34783797222222,30.317795833333335,map2019/merge_test_700-1800_cr0.95_stride100/Ligong_100_000016/GPS_info.json,True,12,12,0,12,12,1.0,8.573697307667771e-12,0,0,
merge_test_700-1800_cr0.95_stride100,Ligong_100_000017,Ligong,100,000017,120.34784438888889,30.317618694444445,map2019/merge_test_700-1800_cr0.95_stride100/Ligong_100_000017/GPS_info.json,True,12,12,0,12,12,1.0,8.573697307667771e-12,0,0,
merge_test_700-1800_cr0.95_stride100,Ligong_100_000018,Ligong,100,000018,120.34764041666666,30.317618027777776,map2019/merge_test_700-1800_cr0.95_stride100/Ligong_100_000018/GPS_info.json,True,12,12,0,12,12,1.0,8.573697307667771e-12,0,0,
merge_test_700-1800_cr0.95_stride100,Ligong_100_000019,Ligong,100,000019,120.347436,30.317618111111113,map2019/merge_test_700-1800_cr0.95_stride100/Ligong_100_000019/GPS_info.json,True,12,12,0,12,12,1.0,8.573697307667771e-12,0,0,
merge_test_700-1800_cr0.95_stride100,Ligong_100_000020,Ligong,100,000020,120.34722658333334,30.317618111111113,map2019/merge_test_700-1800_cr0.95_stride100/Ligong_100_000020/GPS_info.json,True,12,12,0,12,12,1.0,8.556932939995932e-12,0,0,
merge_test_700-1800_cr0.95_stride100,Ligong_100_000021,Ligong,100,000021,120.34701680555555,30.317619722222222,map2019/merge_test_700-1800_cr0.95_stride100/Ligong_100_000021/GPS_info.json,True,12,12,0,12,12,1.0,8.556932939995932e-12,0,0,
merge_test_700-1800_cr0.95_stride100,Ligong_100_000022,Ligong,100,000022,120.34680977777778,30.31761936111111,map2019/merge_test_700-1800_cr0.95_stride100/Ligong_100_000022/GPS_info.json,True,12,12,0,12,12,1.0,8.556932939995932e-12,0,0,
merge_test_700-1800_cr0.95_stride100,Ligong_100_000023,Ligong,100,000023,120.34660263888888,30.31761988888889,map2019/merge_test_700-1800_cr0.95_stride100/Ligong_100_000023/GPS_info.json,True,12,12,0,12,12,1.0,8.556932939995932e-12,0,0,
merge_test_700-1800_cr0.95_stride100,Ligong_100_000024,Ligong,100,000024,120.34639466666667,30.317621083333332,map2019/merge_test_700-1800_cr0.95_stride100/Ligong_100_000024/GPS_info.json,True,12,12,0,12,12,1.0,8.556932939995932e-12,0,0,
merge_test_700-1800_cr0.95_stride100,Ligong_100_000025,Ligong,100,000025,120.346187,30.317621444444445,map2019/merge_test_700-1800_cr0.95_stride100/Ligong_100_000025/GPS_info.json,True,12,12,0,12,12,1.0,8.556932939995932e-12,0,0,
merge_test_700-1800_cr0.95_stride100,Ligong_100_000026,Ligong,100,000026,120.34597819444444,30.317620055555555,map2019/merge_test_700-1800_cr0.95_stride100/Ligong_100_000026/GPS_info.json,True,12,12,0,12,12,1.0,8.556932939995932e-12,0,0,
merge_test_700-1800_cr0.95_stride100,Ligong_100_000027,Ligong,100,000027,120.34577122222223,30.317620305555554,map2019/merge_test_700-1800_cr0.95_stride100/Ligong_100_000027/GPS_info.json,True,12,12,0,12,12,1.0,8.556932939995932e-12,0,0,
merge_test_700-1800_cr0.95_stride100,Ligong_100_000028,Ligong,100,000028,120.34556197222223,30.317620666666667,map2019/merge_test_700-1800_cr0.95_stride100/Ligong_100_000028/GPS_info.json,True,12,12,0,12,12,1.0,8.556932939995932e-12,0,0,
merge_test_700-1800_cr0.95_stride100,Ligong_100_000029,Ligong,100,000029,120.3453543611111,30.3176215,map2019/merge_test_700-1800_cr0.95_stride100/Ligong_100_000029/GPS_info.json,True,12,12,0,12,12,1.0,8.556932939995932e-12,0,0,
merge_test_700-1800_cr0.95_stride100,Ligong_100_000030,Ligong,100,000030,120.34514663888889,30.317621833333334,map2019/merge_test_700-1800_cr0.95_stride100/Ligong_100_000030/GPS_info.json,True,12,12,0,12,12,1.0,8.556932939995932e-12,0,0,
merge_test_700-1800_cr0.95_stride100,Ligong_100_000031,Ligong,100,000031,120.34493780555556,30.317621944444443,map2019/merge_test_700-1800_cr0.95_stride100/Ligong_100_000031/GPS_info.json,True,12,12,0,12,12,1.0,8.556932939995932e-12,0,0,
merge_test_700-1800_cr0.95_stride100,Ligong_100_000032,Ligong,100,000032,120.34472813888888,30.31762172222222,map2019/merge_test_700-1800_cr0.95_stride100/Ligong_100_000032/GPS_info.json,True,12,12,0,12,12,1.0,8.556932939995932e-12,0,0,
merge_test_700-1800_cr0.95_stride100,Ligong_100_000033,Ligong,100,000033,120.34452463888888,30.317620694444443,map2019/merge_test_700-1800_cr0.95_stride100/Ligong_100_000033/GPS_info.json,True,12,12,0,12,12,1.0,8.556932939995932e-12,0,0,
merge_test_700-1800_cr0.95_stride100,Ligong_100_000034,Ligong,100,000034,120.3445163611111,30.317440472222223,map2019/merge_test_700-1800_cr0.95_stride100/Ligong_100_000034/GPS_info.json,True,12,12,0,12,12,1.0,8.556932939995932e-12,0,0,
merge_test_700-1800_cr0.95_stride100,Ligong_100_000035,Ligong,100,000035,120.34472088888889,30.317440583333333,map2019/merge_test_700-1800_cr0.95_stride100/Ligong_100_000035/GPS_info.json,True,12,12,0,12,12,1.0,8.556932939995932e-12,0,0,
merge_test_700-1800_cr0.95_stride100,Ligong_100_000036,Ligong,100,000036,120.34493058333334,30.317444666666667,map2019/merge_test_700-1800_cr0.95_stride100/Ligong_100_000036/GPS_info.json,True,12,12,0,12,12,1.0,8.556932939995932e-12,0,0,
merge_test_700-1800_cr0.95_stride100,Ligong_100_000037,Ligong,100,000037,120.34513730555555,30.317444722222223,map2019/merge_test_700-1800_cr0.95_stride100/Ligong_100_000037/GPS_info.json,True,12,12,0,12,12,1.0,8.556932939995932e-12,0,0,
merge_test_700-1800_cr0.95_stride100,Ligong_100_000038,Ligong,100,000038,120.34534058333334,30.31743938888889,map2019/merge_test_700-1800_cr0.95_stride100/Ligong_100_000038/GPS_info.json,True,12,12,0,12,12,1.0,8.556932939995932e-12,0,0,
merge_test_700-1800_cr0.95_stride100,Ligong_100_000039,Ligong,100,000039,120.34555016666667,30.317441722222224,map2019/merge_test_700-1800_cr0.95_stride100/Ligong_100_000039/GPS_info.json,True,12,12,0,12,12,1.0,8.556932939995932e-12,0,0,
merge_test_700-1800_cr0.95_stride100,Ligong_100_000040,Ligong,100,000040,120.34575705555555,30.317441555555554,map2019/merge_test_700-1800_cr0.95_stride100/Ligong_100_000040/GPS_info.json,True,12,12,0,12,12,1.0,6.218914272437814e-12,0,0,
merge_test_700-1800_cr0.95_stride100,Ligong_100_000041,Ligong,100,000041,120.34596586111111,30.317443305555557,map2019/merge_test_700-1800_cr0.95_stride100/Ligong_100_000041/GPS_info.json,True,12,12,0,12,12,1.0,6.218914272437814e-12,0,0,
merge_test_700-1800_cr0.95_stride100,Ligong_100_000042,Ligong,100,000042,120.34617552777777,30.31744675,map2019/merge_test_700-1800_cr0.95_stride100/Ligong_100_000042/GPS_info.json,True,12,12,0,12,12,1.0,6.218914272437814e-12,0,0,
merge_test_700-1800_cr0.95_stride100,Ligong_100_000043,Ligong,100,000043,120.34638238888888,30.317446277777776,map2019/merge_test_700-1800_cr0.95_stride100/Ligong_100_000043/GPS_info.json,True,12,12,0,12,12,1.0,6.218914272437814e-12,0,0,
merge_test_700-1800_cr0.95_stride100,Ligong_100_000044,Ligong,100,000044,120.346591,30.317445222222222,map2019/merge_test_700-1800_cr0.95_stride100/Ligong_100_000044/GPS_info.json,True,12,12,0,12,12,1.0,6.218914272437814e-12,0,0,
merge_test_700-1800_cr0.95_stride100,Ligong_100_000045,Ligong,100,000045,120.34679883333334,30.31744777777778,map2019/merge_test_700-1800_cr0.95_stride100/Ligong_100_000045/GPS_info.json,True,12,12,0,12,12,1.0,6.218914272437814e-12,0,0,
merge_test_700-1800_cr0.95_stride100,Ligong_100_000046,Ligong,100,000046,120.34701066666666,30.317452166666666,map2019/merge_test_700-1800_cr0.95_stride100/Ligong_100_000046/GPS_info.json,True,12,12,0,12,12,1.0,6.218914272437814e-12,0,0,
merge_test_700-1800_cr0.95_stride100,Ligong_100_000047,Ligong,100,000047,120.34721530555555,30.31745088888889,map2019/merge_test_700-1800_cr0.95_stride100/Ligong_100_000047/GPS_info.json,True,12,12,0,12,12,1.0,6.218914272437814e-12,0,0,
merge_test_700-1800_cr0.95_stride100,Ligong_100_000048,Ligong,100,000048,120.34742422222222,30.317452555555555,map2019/merge_test_700-1800_cr0.95_stride100/Ligong_100_000048/GPS_info.json,True,12,12,0,12,12,1.0,6.218914272437814e-12,0,0,
merge_test_700-1800_cr0.95_stride100,Ligong_100_000049,Ligong,100,000049,120.34763208333334,30.31745352777778,map2019/merge_test_700-1800_cr0.95_stride100/Ligong_100_000049/GPS_info.json,True,12,12,0,12,12,1.0,6.218914272437814e-12,0,0,
merge_test_700-1800_cr0.95_stride100,Ligong_100_000050,Ligong,100,000050,120.34784002777778,30.317455416666668,map2019/merge_test_700-1800_cr0.95_stride100/Ligong_100_000050/GPS_info.json,True,12,12,0,12,12,1.0,6.218914272437814e-12,0,0,
merge_test_700-1800_cr0.95_stride100,Ligong_100_000051,Ligong,100,000051,120.34784008333334,30.317275638888887,map2019/merge_test_700-1800_cr0.95_stride100/Ligong_100_000051/GPS_info.json,True,12,12,0,12,12,1.0,6.218914272437814e-12,0,0,
merge_test_700-1800_cr0.95_stride100,Ligong_100_000052,Ligong,100,000052,120.34763727777778,30.317273611111112,map2019/merge_test_700-1800_cr0.95_stride100/Ligong_100_000052/GPS_info.json,True,12,12,0,12,12,1.0,6.218914272437814e-12,0,0,
merge_test_700-1800_cr0.95_stride100,Ligong_100_000053,Ligong,100,000053,120.34742994444444,30.317274472222223,map2019/merge_test_700-1800_cr0.95_stride100/Ligong_100_000053/GPS_info.json,True,12,12,0,12,12,1.0,6.218914272437814e-12,0,0,
merge_test_700-1800_cr0.95_stride100,Ligong_100_000054,Ligong,100,000054,120.34722291666667,30.317273666666665,map2019/merge_test_700-1800_cr0.95_stride100/Ligong_100_000054/GPS_info.json,True,12,12,0,12,12,1.0,6.218914272437814e-12,0,0,
merge_test_700-1800_cr0.95_stride100,Ligong_100_000055,Ligong,100,000055,120.34701488888889,30.3172745,map2019/merge_test_700-1800_cr0.95_stride100/Ligong_100_000055/GPS_info.json,True,12,12,0,12,12,1.0,6.218914272437814e-12,0,0,
merge_test_700-1800_cr0.95_stride100,Ligong_100_000056,Ligong,100,000056,120.34680838888889,30.31727425,map2019/merge_test_700-1800_cr0.95_stride100/Ligong_100_000056/GPS_info.json,True,12,12,0,12,12,1.0,6.218914272437814e-12,0,0,
merge_test_700-1800_cr0.95_stride100,Ligong_100_000057,Ligong,100,000057,120.34660002777778,30.317274083333334,map2019/merge_test_700-1800_cr0.95_stride100/Ligong_100_000057/GPS_info.json,True,12,12,0,12,12,1.0,6.218914272437814e-12,0,0,
merge_test_700-1800_cr0.95_stride100,Ligong_100_000058,Ligong,100,000058,120.34639258333333,30.317273944444445,map2019/merge_test_700-1800_cr0.95_stride100/Ligong_100_000058/GPS_info.json,True,12,12,0,12,12,1.0,6.218914272437814e-12,0,0,
merge_test_700-1800_cr0.95_stride100,Ligong_100_000059,Ligong,100,000059,120.34618430555555,30.31727438888889,map2019/merge_test_700-1800_cr0.95_stride100/Ligong_100_000059/GPS_info.json,True,12,12,0,12,12,1.0,6.761036175362278e-12,0,0,
merge_test_700-1800_cr0.95_stride100,Ligong_100_000060,Ligong,100,000060,120.34597711111111,30.317273361111113,map2019/merge_test_700-1800_cr0.95_stride100/Ligong_100_000060/GPS_info.json,True,12,12,0,12,12,1.0,6.218914272437814e-12,0,0,
merge_test_700-1800_cr0.95_stride100,Ligong_100_000061,Ligong,100,000061,120.34576880555555,30.317273805555555,map2019/merge_test_700-1800_cr0.95_stride100/Ligong_100_000061/GPS_info.json,True,12,12,0,12,12,1.0,6.761036175362278e-12,0,0,
merge_test_700-1800_cr0.95_stride100,Ligong_100_000062,Ligong,100,000062,120.34556127777778,30.3172745,map2019/merge_test_700-1800_cr0.95_stride100/Ligong_100_000062/GPS_info.json,True,12,12,0,12,12,1.0,6.761036175362278e-12,0,0,
merge_test_700-1800_cr0.95_stride100,Ligong_100_000063,Ligong,100,000063,120.34535133333333,30.31727372222222,map2019/merge_test_700-1800_cr0.95_stride100/Ligong_100_000063/GPS_info.json,True,12,12,0,12,12,1.0,6.761036175362278e-12,0,0,
merge_test_700-1800_cr0.95_stride100,Ligong_100_000064,Ligong,100,000064,120.34514411111111,30.317273833333335,map2019/merge_test_700-1800_cr0.95_stride100/Ligong_100_000064/GPS_info.json,True,12,12,0,12,12,1.0,6.761036175362278e-12,0,0,
merge_test_700-1800_cr0.95_stride100,Ligong_100_000065,Ligong,100,000065,120.34493744444444,30.317274138888887,map2019/merge_test_700-1800_cr0.95_stride100/Ligong_100_000065/GPS_info.json,True,12,12,0,12,12,1.0,6.761036175362278e-12,0,0,
merge_test_700-1800_cr0.95_stride100,Ligong_100_000066,Ligong,100,000066,120.34473008333333,30.31727463888889,map2019/merge_test_700-1800_cr0.95_stride100/Ligong_100_000066/GPS_info.json,True,12,12,0,12,12,1.0,6.761036175362278e-12,0,0,
merge_test_700-1800_cr0.95_stride100,Ligong_100_000067,Ligong,100,000067,120.3445205,30.317274333333334,map2019/merge_test_700-1800_cr0.95_stride100/Ligong_100_000067/GPS_info.json,True,12,12,0,12,12,1.0,6.761036175362278e-12,0,0,
merge_test_700-1800_cr0.95_stride100,Ligong_100_000068,Ligong,100,000068,120.34451219444445,30.317096361111112,map2019/merge_test_700-1800_cr0.95_stride100/Ligong_100_000068/GPS_info.json,True,12,12,0,12,12,1.0,6.761036175362278e-12,0,0,
merge_test_700-1800_cr0.95_stride100,Ligong_100_000069,Ligong,100,000069,120.34471980555556,30.317092833333334,map2019/merge_test_700-1800_cr0.95_stride100/Ligong_100_000069/GPS_info.json,True,12,12,0,12,12,1.0,6.761036175362278e-12,0,0,
merge_test_700-1800_cr0.95_stride100,Ligong_100_000070,Ligong,100,000070,120.34492608333333,30.317093555555555,map2019/merge_test_700-1800_cr0.95_stride100/Ligong_100_000070/GPS_info.json,True,12,12,0,12,12,1.0,6.761036175362278e-12,0,0,
merge_test_700-1800_cr0.95_stride100,Ligong_100_000071,Ligong,100,000071,120.34513516666667,30.317092944444443,map2019/merge_test_700-1800_cr0.95_stride100/Ligong_100_000071/GPS_info.json,True,12,12,0,12,12,1.0,6.761036175362278e-12,0,0,
merge_test_700-1800_cr0.95_stride100,Ligong_100_000072,Ligong,100,000072,120.34534236111111,30.317093166666666,map2019/merge_test_700-1800_cr0.95_stride100/Ligong_100_000072/GPS_info.json,True,12,12,0,12,12,1.0,6.761036175362278e-12,0,0,
merge_test_700-1800_cr0.95_stride100,Ligong_100_000073,Ligong,100,000073,120.34555102777777,30.31709475,map2019/merge_test_700-1800_cr0.95_stride100/Ligong_100_000073/GPS_info.json,True,12,12,0,12,12,1.0,6.761036175362278e-12,0,0,
merge_test_700-1800_cr0.95_stride100,Ligong_100_000074,Ligong,100,000074,120.34576069444445,30.317096694444444,map2019/merge_test_700-1800_cr0.95_stride100/Ligong_100_000074/GPS_info.json,True,12,12,0,12,12,1.0,6.761036175362278e-12,0,0,
merge_test_700-1800_cr0.95_stride100,Ligong_100_000075,Ligong,100,000075,120.34596702777777,30.317094333333333,map2019/merge_test_700-1800_cr0.95_stride100/Ligong_100_000075/GPS_info.json,True,12,12,0,12,12,1.0,6.761036175362278e-12,0,0,
merge_test_700-1800_cr0.95_stride100,Ligong_100_000076,Ligong,100,000076,120.34617327777778,30.317091194444444,map2019/merge_test_700-1800_cr0.95_stride100/Ligong_100_000076/GPS_info.json,True,12,12,0,12,12,1.0,9.458656080596484e-12,0,0,
merge_test_700-1800_cr0.95_stride100,Ligong_100_000077,Ligong,100,000077,120.3463815,30.3170905,map2019/merge_test_700-1800_cr0.95_stride100/Ligong_100_000077/GPS_info.json,True,12,12,0,12,12,1.0,6.761036175362278e-12,0,0,
merge_test_700-1800_cr0.95_stride100,Ligong_100_000078,Ligong,100,000078,120.34659219444444,30.317088666666667,map2019/merge_test_700-1800_cr0.95_stride100/Ligong_100_000078/GPS_info.json,True,12,12,0,12,12,1.0,9.458656080596484e-12,0,0,
merge_test_700-1800_cr0.95_stride100,Ligong_100_000079,Ligong,100,000079,120.34680033333333,30.317089361111112,map2019/merge_test_700-1800_cr0.95_stride100/Ligong_100_000079/GPS_info.json,True,12,12,0,12,12,1.0,9.458656080596484e-12,0,0,
merge_test_700-1800_cr0.95_stride100,Ligong_100_000080,Ligong,100,000080,120.3470098611111,30.317091138888888,map2019/merge_test_700-1800_cr0.95_stride100/Ligong_100_000080/GPS_info.json,True,12,12,0,12,12,1.0,9.458656080596484e-12,0,0,
merge_test_700-1800_cr0.95_stride100,Ligong_100_000081,Ligong,100,000081,120.34721377777778,30.31709025,map2019/merge_test_700-1800_cr0.95_stride100/Ligong_100_000081/GPS_info.json,True,12,12,0,12,12,1.0,6.761036175362278e-12,0,0,
merge_test_700-1800_cr0.95_stride100,Ligong_100_000082,Ligong,100,000082,120.34742238888889,30.317088388888887,map2019/merge_test_700-1800_cr0.95_stride100/Ligong_100_000082/GPS_info.json,True,12,12,0,12,12,1.0,6.761036175362278e-12,0,0,
merge_test_700-1800_cr0.95_stride100,Ligong_100_000083,Ligong,100,000083,120.3476285,30.317090055555557,map2019/merge_test_700-1800_cr0.95_stride100/Ligong_100_000083/GPS_info.json,True,12,12,0,12,12,1.0,9.458656080596484e-12,0,0,
merge_test_700-1800_cr0.95_stride100,Ligong_100_000084,Ligong,100,000084,120.34783947222222,30.317090472222223,map2019/merge_test_700-1800_cr0.95_stride100/Ligong_100_000084/GPS_info.json,True,12,12,0,12,12,1.0,6.761036175362278e-12,0,0,
merge_test_700-1800_cr0.95_stride100,Ligong_100_000085,Ligong,100,000085,120.34783266666666,30.31691425,map2019/merge_test_700-1800_cr0.95_stride100/Ligong_100_000085/GPS_info.json,True,12,12,0,12,12,1.0,9.458656080596484e-12,0,0,
merge_test_700-1800_cr0.95_stride100,Ligong_100_000086,Ligong,100,000086,120.347632,30.316911805555556,map2019/merge_test_700-1800_cr0.95_stride100/Ligong_100_000086/GPS_info.json,True,12,12,0,12,12,1.0,9.458656080596484e-12,0,0,
merge_test_700-1800_cr0.95_stride100,Ligong_100_000087,Ligong,100,000087,120.3474256388889,30.316911583333333,map2019/merge_test_700-1800_cr0.95_stride100/Ligong_100_000087/GPS_info.json,True,12,12,0,12,12,1.0,9.458656080596484e-12,0,0,
merge_test_700-1800_cr0.95_stride100,Ligong_100_000088,Ligong,100,000088,120.34721683333333,30.31691136111111,map2019/merge_test_700-1800_cr0.95_stride100/Ligong_100_000088/GPS_info.json,True,12,12,0,12,12,1.0,9.458656080596484e-12,0,0,
merge_test_700-1800_cr0.95_stride100,Ligong_100_000089,Ligong,100,000089,120.34701080555556,30.31690438888889,map2019/merge_test_700-1800_cr0.95_stride100/Ligong_100_000089/GPS_info.json,True,12,12,0,12,12,1.0,9.458656080596484e-12,0,0,
merge_test_700-1800_cr0.95_stride100,Ligong_100_000090,Ligong,100,000090,120.34680127777777,30.31691,map2019/merge_test_700-1800_cr0.95_stride100/Ligong_100_000090/GPS_info.json,True,12,12,0,12,12,1.0,9.458656080596484e-12,0,0,
merge_test_700-1800_cr0.95_stride100,Ligong_100_000091,Ligong,100,000091,120.34659538888889,30.31690838888889,map2019/merge_test_700-1800_cr0.95_stride100/Ligong_100_000091/GPS_info.json,True,12,12,0,12,12,1.0,9.458656080596484e-12,0,0,
merge_test_700-1800_cr0.95_stride100,Ligong_100_000092,Ligong,100,000092,120.34638719444445,30.316908138888888,map2019/merge_test_700-1800_cr0.95_stride100/Ligong_100_000092/GPS_info.json,True,12,12,0,12,12,1.0,9.458656080596484e-12,0,0,
merge_test_700-1800_cr0.95_stride100,Ligong_100_000093,Ligong,100,000093,120.34617838888889,30.316907,map2019/merge_test_700-1800_cr0.95_stride100/Ligong_100_000093/GPS_info.json,True,12,12,0,12,12,1.0,9.458656080596484e-12,0,0,
merge_test_700-1800_cr0.95_stride100,Ligong_100_000094,Ligong,100,000094,120.34597030555555,30.31690613888889,map2019/merge_test_700-1800_cr0.95_stride100/Ligong_100_000094/GPS_info.json,True,12,12,0,12,12,1.0,9.458656080596484e-12,0,0,
merge_test_700-1800_cr0.95_stride100,Ligong_100_000095,Ligong,100,000095,120.34576147222222,30.31690672222222,map2019/merge_test_700-1800_cr0.95_stride100/Ligong_100_000095/GPS_info.json,True,12,12,0,12,12,1.0,7.358391673761844e-12,0,0,
merge_test_700-1800_cr0.95_stride100,Ligong_100_000096,Ligong,100,000096,120.34555444444445,30.316905,map2019/merge_test_700-1800_cr0.95_stride100/Ligong_100_000096/GPS_info.json,True,12,12,0,12,12,1.0,9.458656080596484e-12,0,0,
merge_test_700-1800_cr0.95_stride100,Ligong_100_000097,Ligong,100,000097,120.34534652777778,30.31690738888889,map2019/merge_test_700-1800_cr0.95_stride100/Ligong_100_000097/GPS_info.json,True,12,12,0,12,12,1.0,9.458656080596484e-12,0,0,
merge_test_700-1800_cr0.95_stride100,Ligong_100_000098,Ligong,100,000098,120.34513925,30.316907194444443,map2019/merge_test_700-1800_cr0.95_stride100/Ligong_100_000098/GPS_info.json,True,12,12,0,12,12,1.0,7.358391673761844e-12,0,0,
merge_test_700-1800_cr0.95_stride100,Ligong_100_000099,Ligong,100,000099,120.34493202777777,30.316906027777776,map2019/merge_test_700-1800_cr0.95_stride100/Ligong_100_000099/GPS_info.json,True,12,12,0,12,12,1.0,7.358391673761844e-12,0,0,
merge_test_700-1800_cr0.95_stride100,Ligong_100_000100,Ligong,100,000100,120.34472369444444,30.316906055555556,map2019/merge_test_700-1800_cr0.95_stride100/Ligong_100_000100/GPS_info.json,True,12,12,0,12,12,1.0,9.458656080596484e-12,0,0,
merge_test_700-1800_cr0.95_stride100,Ligong_100_000101,Ligong,100,000101,120.34451438888888,30.31690525,map2019/merge_test_700-1800_cr0.95_stride100/Ligong_100_000101/GPS_info.json,True,12,12,0,12,12,1.0,7.358391673761844e-12,0,0,
merge_test_700-1800_cr0.95_stride100,Ligong_100_000102,Ligong,100,000102,120.3445036388889,30.31672588888889,map2019/merge_test_700-1800_cr0.95_stride100/Ligong_100_000102/GPS_info.json,True,12,12,0,12,12,1.0,9.458656080596484e-12,0,0,
merge_test_700-1800_cr0.95_stride100,Ligong_100_000103,Ligong,100,000103,120.34470802777778,30.316719972222224,map2019/merge_test_700-1800_cr0.95_stride100/Ligong_100_000103/GPS_info.json,True,12,12,0,12,12,1.0,9.458656080596484e-12,0,0,
merge_test_700-1800_cr0.95_stride100,Ligong_100_000104,Ligong,100,000104,120.34491672222222,30.31672352777778,map2019/merge_test_700-1800_cr0.95_stride100/Ligong_100_000104/GPS_info.json,True,12,12,0,12,12,1.0,7.358391673761844e-12,0,0,
merge_test_700-1800_cr0.95_stride100,Ligong_100_000105,Ligong,100,000105,120.3451231388889,30.316721833333332,map2019/merge_test_700-1800_cr0.95_stride100/Ligong_100_000105/GPS_info.json,True,12,12,0,12,12,1.0,7.358391673761844e-12,0,0,
merge_test_700-1800_cr0.95_stride100,Ligong_100_000106,Ligong,100,000106,120.34533058333334,30.316723777777778,map2019/merge_test_700-1800_cr0.95_stride100/Ligong_100_000106/GPS_info.json,True,12,12,0,12,12,1.0,7.358391673761844e-12,0,0,
merge_test_700-1800_cr0.95_stride100,Ligong_100_000107,Ligong,100,000107,120.34554186111112,30.316722333333335,map2019/merge_test_700-1800_cr0.95_stride100/Ligong_100_000107/GPS_info.json,True,12,12,0,12,12,1.0,7.358391673761844e-12,0,0,
merge_test_700-1800_cr0.95_stride100,Ligong_100_000108,Ligong,100,000108,120.3457478888889,30.316722833333333,map2019/merge_test_700-1800_cr0.95_stride100/Ligong_100_000108/GPS_info.json,True,12,12,0,12,12,1.0,7.358391673761844e-12,0,0,
merge_test_700-1800_cr0.95_stride100,Ligong_100_000109,Ligong,100,000109,120.34596075,30.316724916666665,map2019/merge_test_700-1800_cr0.95_stride100/Ligong_100_000109/GPS_info.json,True,12,12,0,12,12,1.0,7.358391673761844e-12,0,0,
merge_test_700-1800_cr0.95_stride100,Ligong_100_000110,Ligong,100,000110,120.34616647222222,30.316724833333332,map2019/merge_test_700-1800_cr0.95_stride100/Ligong_100_000110/GPS_info.json,True,12,12,0,12,12,1.0,7.358391673761844e-12,0,0,
merge_test_700-1800_cr0.95_stride100,Ligong_100_000111,Ligong,100,000111,120.34637355555556,30.316723055555556,map2019/merge_test_700-1800_cr0.95_stride100/Ligong_100_000111/GPS_info.json,True,12,12,0,12,12,1.0,7.358391673761844e-12,0,0,
merge_test_700-1800_cr0.95_stride100,Ligong_100_000112,Ligong,100,000112,120.34658191666666,30.316722694444444,map2019/merge_test_700-1800_cr0.95_stride100/Ligong_100_000112/GPS_info.json,True,12,12,0,12,12,1.0,7.358391673761844e-12,0,0,
merge_test_700-1800_cr0.95_stride100,Ligong_100_000113,Ligong,100,000113,120.34678977777777,30.31672188888889,map2019/merge_test_700-1800_cr0.95_stride100/Ligong_100_000113/GPS_info.json,True,12,12,0,12,12,1.0,7.095990461891688e-12,0,0,
merge_test_700-1800_cr0.95_stride100,Ligong_100_000114,Ligong,100,000114,120.34699394444445,30.31672263888889,map2019/merge_test_700-1800_cr0.95_stride100/Ligong_100_000114/GPS_info.json,True,12,12,0,12,12,1.0,7.358391673761844e-12,0,0,
merge_test_700-1800_cr0.95_stride100,Ligong_100_000115,Ligong,100,000115,120.34720297222222,30.316719638888888,map2019/merge_test_700-1800_cr0.95_stride100/Ligong_100_000115/GPS_info.json,True,12,12,0,12,12,1.0,7.358391673761844e-12,0,0,
merge_test_700-1800_cr0.95_stride100,Ligong_100_000116,Ligong,100,000116,120.34741047222222,30.316719944444444,map2019/merge_test_700-1800_cr0.95_stride100/Ligong_100_000116/GPS_info.json,True,12,12,0,12,12,1.0,7.358391673761844e-12,0,0,
merge_test_700-1800_cr0.95_stride100,Ligong_100_000117,Ligong,100,000117,120.34761658333333,30.31671777777778,map2019/merge_test_700-1800_cr0.95_stride100/Ligong_100_000117/GPS_info.json,True,12,12,0,12,12,1.0,7.095990461891688e-12,0,0,
merge_test_700-1800_cr0.95_stride100,Ligong_100_000118,Ligong,100,000118,120.34782266666667,30.31671888888889,map2019/merge_test_700-1800_cr0.95_stride100/Ligong_100_000118/GPS_info.json,True,12,12,0,12,12,1.0,7.358391673761844e-12,0,0,
merge_test_700-1800_cr0.95_stride100,Ligong_100_000119,Ligong,100,000119,120.3478315,30.31654438888889,map2019/merge_test_700-1800_cr0.95_stride100/Ligong_100_000119/GPS_info.json,True,12,12,0,12,12,1.0,7.095990461891688e-12,0,0,
merge_test_700-1800_cr0.95_stride100,Ligong_100_000120,Ligong,100,000120,120.34762661111111,30.316539944444443,map2019/merge_test_700-1800_cr0.95_stride100/Ligong_100_000120/GPS_info.json,True,12,12,0,12,12,1.0,7.358391673761844e-12,0,0,
merge_test_700-1800_cr0.95_stride100,Ligong_100_000121,Ligong,100,000121,120.34742102777778,30.31653877777778,map2019/merge_test_700-1800_cr0.95_stride100/Ligong_100_000121/GPS_info.json,True,12,12,0,12,12,1.0,7.358391673761844e-12,0,0,
merge_test_700-1800_cr0.95_stride100,Ligong_100_000122,Ligong,100,000122,120.34721336111112,30.316537805555555,map2019/merge_test_700-1800_cr0.95_stride100/Ligong_100_000122/GPS_info.json,True,12,12,0,12,12,1.0,7.095990461891688e-12,0,0,
merge_test_700-1800_cr0.95_stride100,Ligong_100_000123,Ligong,100,000123,120.3470055,30.316538416666667,map2019/merge_test_700-1800_cr0.95_stride100/Ligong_100_000123/GPS_info.json,True,12,12,0,12,12,1.0,7.358391673761844e-12,0,0,
merge_test_700-1800_cr0.95_stride100,Ligong_100_000124,Ligong,100,000124,120.34679658333333,30.316537611111112,map2019/merge_test_700-1800_cr0.95_stride100/Ligong_100_000124/GPS_info.json,True,12,12,0,12,12,1.0,7.095990461891688e-12,0,0,
merge_test_700-1800_cr0.95_stride100,Ligong_100_000125,Ligong,100,000125,120.34659088888888,30.316535444444444,map2019/merge_test_700-1800_cr0.95_stride100/Ligong_100_000125/GPS_info.json,True,12,12,0,12,12,1.0,7.095990461891688e-12,0,0,
merge_test_700-1800_cr0.95_stride100,Ligong_100_000126,Ligong,100,000126,120.34638288888888,30.3165365,map2019/merge_test_700-1800_cr0.95_stride100/Ligong_100_000126/GPS_info.json,True,12,12,0,12,12,1.0,7.095990461891688e-12,0,0,
merge_test_700-1800_cr0.95_stride100,Ligong_100_000127,Ligong,100,000127,120.34617575,30.316536361111112,map2019/merge_test_700-1800_cr0.95_stride100/Ligong_100_000127/GPS_info.json,True,12,12,0,12,12,1.0,7.095990461891688e-12,0,0,
merge_test_700-1800_cr0.95_stride100,Ligong_100_000128,Ligong,100,000128,120.34596769444444,30.316536166666666,map2019/merge_test_700-1800_cr0.95_stride100/Ligong_100_000128/GPS_info.json,True,12,12,0,12,12,1.0,7.095990461891688e-12,0,0,
merge_test_700-1800_cr0.95_stride100,Ligong_100_000129,Ligong,100,000129,120.34576077777778,30.31653561111111,map2019/merge_test_700-1800_cr0.95_stride100/Ligong_100_000129/GPS_info.json,True,12,12,0,12,12,1.0,7.095990461891688e-12,0,0,
merge_test_700-1800_cr0.95_stride100,Ligong_100_000130,Ligong,100,000130,120.34555383333333,30.31653602777778,map2019/merge_test_700-1800_cr0.95_stride100/Ligong_100_000130/GPS_info.json,True,12,12,0,12,12,1.0,7.095990461891688e-12,0,0,
merge_test_700-1800_cr0.95_stride100,Ligong_100_000131,Ligong,100,000131,120.34534525,30.316535694444443,map2019/merge_test_700-1800_cr0.95_stride100/Ligong_100_000131/GPS_info.json,True,12,12,0,12,12,1.0,7.095990461891688e-12,0,0,
merge_test_700-1800_cr0.95_stride100,Ligong_100_000132,Ligong,100,000132,120.34513625,30.31653463888889,map2019/merge_test_700-1800_cr0.95_stride100/Ligong_100_000132/GPS_info.json,True,12,12,0,12,12,1.0,7.095990461891688e-12,0,0,
merge_test_700-1800_cr0.95_stride100,Ligong_100_000133,Ligong,100,000133,120.34492755555556,30.316535722222223,map2019/merge_test_700-1800_cr0.95_stride100/Ligong_100_000133/GPS_info.json,True,12,12,0,12,12,1.0,7.095990461891688e-12,0,0,
merge_test_700-1800_cr0.95_stride100,Ligong_100_000134,Ligong,100,000134,120.34472055555555,30.316534416666666,map2019/merge_test_700-1800_cr0.95_stride100/Ligong_100_000134/GPS_info.json,True,12,12,0,12,12,1.0,8.723466393689705e-12,0,0,
merge_test_700-1800_cr0.95_stride100,Ligong_100_000135,Ligong,100,000135,120.34451333333334,30.31653438888889,map2019/merge_test_700-1800_cr0.95_stride100/Ligong_100_000135/GPS_info.json,True,12,12,0,12,12,1.0,7.095990461891688e-12,0,0,
merge_test_700-1800_cr0.95_stride100,Ligong_100_000136,Ligong,100,000136,120.34450480555556,30.316359277777778,map2019/merge_test_700-1800_cr0.95_stride100/Ligong_100_000136/GPS_info.json,True,12,12,0,12,12,1.0,7.095990461891688e-12,0,0,
merge_test_700-1800_cr0.95_stride100,Ligong_100_000137,Ligong,100,000137,120.34471358333333,30.316353555555555,map2019/merge_test_700-1800_cr0.95_stride100/Ligong_100_000137/GPS_info.json,True,12,12,0,12,12,1.0,8.723466393689705e-12,0,0,
merge_test_700-1800_cr0.95_stride100,Ligong_100_000138,Ligong,100,000138,120.34492077777777,30.316351916666665,map2019/merge_test_700-1800_cr0.95_stride100/Ligong_100_000138/GPS_info.json,True,12,12,0,12,12,1.0,7.095990461891688e-12,0,0,
merge_test_700-1800_cr0.95_stride100,Ligong_100_000139,Ligong,100,000139,120.34512775,30.316351694444446,map2019/merge_test_700-1800_cr0.95_stride100/Ligong_100_000139/GPS_info.json,True,12,12,0,12,12,1.0,7.095990461891688e-12,0,0,
merge_test_700-1800_cr0.95_stride100,Ligong_100_000140,Ligong,100,000140,120.34533586111111,30.316351833333332,map2019/merge_test_700-1800_cr0.95_stride100/Ligong_100_000140/GPS_info.json,True,12,12,0,12,12,1.0,7.095990461891688e-12,0,0,
merge_test_700-1800_cr0.95_stride100,Ligong_100_000141,Ligong,100,000141,120.34554213888889,30.316352583333334,map2019/merge_test_700-1800_cr0.95_stride100/Ligong_100_000141/GPS_info.json,True,12,12,0,12,12,1.0,8.723466393689705e-12,0,0,
merge_test_700-1800_cr0.95_stride100,Ligong_100_000142,Ligong,100,000142,120.34575011111112,30.31634588888889,map2019/merge_test_700-1800_cr0.95_stride100/Ligong_100_000142/GPS_info.json,True,12,12,0,12,12,1.0,8.723466393689705e-12,0,0,
merge_test_700-1800_cr0.95_stride100,Ligong_100_000143,Ligong,100,000143,120.34595913888889,30.316349638888887,map2019/merge_test_700-1800_cr0.95_stride100/Ligong_100_000143/GPS_info.json,True,12,12,0,12,12,1.0,7.095990461891688e-12,0,0,
merge_test_700-1800_cr0.95_stride100,Ligong_100_000144,Ligong,100,000144,120.34616419444444,30.316344416666666,map2019/merge_test_700-1800_cr0.95_stride100/Ligong_100_000144/GPS_info.json,True,12,12,0,12,12,1.0,8.723466393689705e-12,0,0,
merge_test_700-1800_cr0.95_stride100,Ligong_100_000145,Ligong,100,000145,120.34637386111112,30.316341472222224,map2019/merge_test_700-1800_cr0.95_stride100/Ligong_100_000145/GPS_info.json,True,12,12,0,12,12,1.0,8.723466393689705e-12,0,0,
merge_test_700-1800_cr0.95_stride100,Ligong_100_000146,Ligong,100,000146,120.34658291666666,30.316345944444443,map2019/merge_test_700-1800_cr0.95_stride100/Ligong_100_000146/GPS_info.json,True,12,12,0,12,12,1.0,8.723466393689705e-12,0,0,
merge_test_700-1800_cr0.95_stride100,Ligong_100_000147,Ligong,100,000147,120.34678997222223,30.316344694444446,map2019/merge_test_700-1800_cr0.95_stride100/Ligong_100_000147/GPS_info.json,True,12,12,0,12,12,1.0,8.723466393689705e-12,0,0,
merge_test_700-1800_cr0.95_stride100,Ligong_100_000148,Ligong,100,000148,120.34699933333333,30.316344416666666,map2019/merge_test_700-1800_cr0.95_stride100/Ligong_100_000148/GPS_info.json,True,12,12,0,12,12,1.0,8.723466393689705e-12,0,0,
merge_test_700-1800_cr0.95_stride100,Ligong_100_000149,Ligong,100,000149,120.34720780555556,30.316346222222222,map2019/merge_test_700-1800_cr0.95_stride100/Ligong_100_000149/GPS_info.json,True,12,12,0,12,12,1.0,8.723466393689705e-12,0,0,
merge_test_700-1800_cr0.95_stride100,Ligong_100_000150,Ligong,100,000150,120.34741602777778,30.316346444444445,map2019/merge_test_700-1800_cr0.95_stride100/Ligong_100_000150/GPS_info.json,True,12,12,0,12,12,1.0,8.723466393689705e-12,0,0,
merge_test_700-1800_cr0.95_stride100,Ligong_100_000151,Ligong,100,000151,120.34762113888888,30.316342055555555,map2019/merge_test_700-1800_cr0.95_stride100/Ligong_100_000151/GPS_info.json,True,12,12,0,12,12,1.0,8.723466393689705e-12,0,0,
merge_test_700-1800_cr0.95_stride100,Ligong_100_000152,Ligong,100,000152,120.347827,30.316340694444445,map2019/merge_test_700-1800_cr0.95_stride100/Ligong_100_000152/GPS_info.json,True,12,12,0,12,12,1.0,8.723466393689705e-12,0,0,
merge_test_700-1800_cr0.95_stride100,Ligong_100_000153,Ligong,100,000153,120.34784038888888,30.316167361111113,map2019/merge_test_700-1800_cr0.95_stride100/Ligong_100_000153/GPS_info.json,True,12,12,0,12,12,1.0,8.723466393689705e-12,0,0,
merge_test_700-1800_cr0.95_stride100,Ligong_100_000154,Ligong,100,000154,120.3476393888889,30.316163111111113,map2019/merge_test_700-1800_cr0.95_stride100/Ligong_100_000154/GPS_info.json,True,12,12,0,12,12,1.0,8.75677308442846e-12,0,0,
merge_test_700-1800_cr0.95_stride100,Ligong_100_000155,Ligong,100,000155,120.3474313888889,30.316163583333335,map2019/merge_test_700-1800_cr0.95_stride100/Ligong_100_000155/GPS_info.json,True,12,12,0,12,12,1.0,8.723466393689705e-12,0,0,
merge_test_700-1800_cr0.95_stride100,Ligong_100_000156,Ligong,100,000156,120.34722486111112,30.316166083333332,map2019/merge_test_700-1800_cr0.95_stride100/Ligong_100_000156/GPS_info.json,True,12,12,0,12,12,1.0,8.723466393689705e-12,0,0,
merge_test_700-1800_cr0.95_stride100,Ligong_100_000157,Ligong,100,000157,120.34701508333333,30.31616688888889,map2019/merge_test_700-1800_cr0.95_stride100/Ligong_100_000157/GPS_info.json,True,12,12,0,12,12,1.0,8.723466393689705e-12,0,0,
merge_test_700-1800_cr0.95_stride100,Ligong_100_000158,Ligong,100,000158,120.34680786111112,30.31616725,map2019/merge_test_700-1800_cr0.95_stride100/Ligong_100_000158/GPS_info.json,True,12,12,0,12,12,1.0,8.723466393689705e-12,0,0,
merge_test_700-1800_cr0.95_stride100,Ligong_100_000159,Ligong,100,000159,120.34660119444445,30.316167333333333,map2019/merge_test_700-1800_cr0.95_stride100/Ligong_100_000159/GPS_info.json,True,12,12,0,12,12,1.0,8.75677308442846e-12,0,0,
merge_test_700-1800_cr0.95_stride100,Ligong_100_000160,Ligong,100,000160,120.34639422222222,30.31616661111111,map2019/merge_test_700-1800_cr0.95_stride100/Ligong_100_000160/GPS_info.json,True,12,12,0,12,12,1.0,8.75677308442846e-12,0,0,
merge_test_700-1800_cr0.95_stride100,Ligong_100_000161,Ligong,100,000161,120.34618952777778,30.316156194444446,map2019/merge_test_700-1800_cr0.95_stride100/Ligong_100_000161/GPS_info.json,True,12,12,0,12,12,1.0,8.75677308442846e-12,0,0,
merge_test_700-1800_cr0.95_stride100,Ligong_100_000162,Ligong,100,000162,120.34597738888888,30.3161685,map2019/merge_test_700-1800_cr0.95_stride100/Ligong_100_000162/GPS_info.json,True,12,12,0,12,12,1.0,8.723466393689705e-12,0,0,
merge_test_700-1800_cr0.95_stride100,Ligong_100_000163,Ligong,100,000163,120.3457695,30.31616875,map2019/merge_test_700-1800_cr0.95_stride100/Ligong_100_000163/GPS_info.json,True,12,12,0,12,12,1.0,8.723466393689705e-12,0,0,
merge_test_700-1800_cr0.95_stride100,Ligong_100_000164,Ligong,100,000164,120.34556105555555,30.31616863888889,map2019/merge_test_700-1800_cr0.95_stride100/Ligong_100_000164/GPS_info.json,True,12,12,0,12,12,1.0,8.75677308442846e-12,0,0,
merge_test_700-1800_cr0.95_stride100,Ligong_100_000165,Ligong,100,000165,120.34535397222223,30.316169388888888,map2019/merge_test_700-1800_cr0.95_stride100/Ligong_100_000165/GPS_info.json,True,12,12,0,12,12,1.0,8.75677308442846e-12,0,0,
merge_test_700-1800_cr0.95_stride100,Ligong_100_000166,Ligong,100,000166,120.34514516666667,30.316170027777776,map2019/merge_test_700-1800_cr0.95_stride100/Ligong_100_000166/GPS_info.json,True,12,12,0,12,12,1.0,8.75677308442846e-12,0,0,
merge_test_700-1800_cr0.95_stride100,Ligong_100_000167,Ligong,100,000167,120.3449375,30.316170333333332,map2019/merge_test_700-1800_cr0.95_stride100/Ligong_100_000167/GPS_info.json,True,12,12,0,12,12,1.0,8.75677308442846e-12,0,0,
merge_test_700-1800_cr0.95_stride100,Ligong_100_000168,Ligong,100,000168,120.34472730555555,30.316170416666665,map2019/merge_test_700-1800_cr0.95_stride100/Ligong_100_000168/GPS_info.json,True,12,12,0,12,12,1.0,8.75677308442846e-12,0,0,
merge_test_700-1800_cr0.95_stride100,Ligong_100_000169,Ligong,100,000169,120.34452072222223,30.31617025,map2019/merge_test_700-1800_cr0.95_stride100/Ligong_100_000169/GPS_info.json,True,12,12,0,12,12,1.0,8.75677308442846e-12,0,0,
merge_test_700-1800_cr0.95_stride100,Ligong_100_000170,Ligong,100,000170,120.34451366666667,30.31598897222222,map2019/merge_test_700-1800_cr0.95_stride100/Ligong_100_000170/GPS_info.json,True,12,12,0,12,12,1.0,8.75677308442846e-12,0,0,
merge_test_700-1800_cr0.95_stride100,Ligong_100_000171,Ligong,100,000171,120.3447238888889,30.31598936111111,map2019/merge_test_700-1800_cr0.95_stride100/Ligong_100_000171/GPS_info.json,True,12,12,0,12,12,1.0,8.75677308442846e-12,0,0,
merge_test_700-1800_cr0.95_stride100,Ligong_100_000172,Ligong,100,000172,120.34493905555556,30.315989,map2019/merge_test_700-1800_cr0.95_stride100/Ligong_100_000172/GPS_info.json,True,12,12,0,12,12,1.0,8.75677308442846e-12,0,0,
merge_test_700-1800_cr0.95_stride100,Ligong_100_000173,Ligong,100,000173,120.345141,30.315986,map2019/merge_test_700-1800_cr0.95_stride100/Ligong_100_000173/GPS_info.json,True,12,12,0,12,12,1.0,8.75677308442846e-12,0,0,
merge_test_700-1800_cr0.95_stride100,Ligong_100_000174,Ligong,100,000174,120.34534755555555,30.315984222222223,map2019/merge_test_700-1800_cr0.95_stride100/Ligong_100_000174/GPS_info.json,True,12,12,0,12,12,0.0,9.806669365453047e-12,0,0,
merge_test_700-1800_cr0.95_stride100,Ligong_100_000175,Ligong,100,000175,120.34555497222222,30.31598361111111,map2019/merge_test_700-1800_cr0.95_stride100/Ligong_100_000175/GPS_info.json,True,12,12,0,12,12,1.0,8.75677308442846e-12,0,0,
merge_test_700-1800_cr0.95_stride100,Ligong_100_000176,Ligong,100,000176,120.34576461111111,30.31598561111111,map2019/merge_test_700-1800_cr0.95_stride100/Ligong_100_000176/GPS_info.json,True,12,12,0,12,12,1.0,8.75677308442846e-12,0,0,
merge_test_700-1800_cr0.95_stride100,Ligong_100_000177,Ligong,100,000177,120.34597205555555,30.31598475,map2019/merge_test_700-1800_cr0.95_stride100/Ligong_100_000177/GPS_info.json,True,12,12,0,12,12,1.0,8.75677308442846e-12,0,0,
merge_test_700-1800_cr0.95_stride100,Ligong_100_000178,Ligong,100,000178,120.34617911111111,30.315983583333335,map2019/merge_test_700-1800_cr0.95_stride100/Ligong_100_000178/GPS_info.json,True,12,12,0,12,12,1.0,8.75677308442846e-12,0,0,
merge_test_700-1800_cr0.95_stride100,Ligong_100_000179,Ligong,100,000179,120.34638980555556,30.31598113888889,map2019/merge_test_700-1800_cr0.95_stride100/Ligong_100_000179/GPS_info.json,True,12,12,0,12,12,0.0,9.806669365453047e-12,0,0,
merge_test_700-1800_cr0.95_stride100,Ligong_100_000180,Ligong,100,000180,120.34659672222222,30.315982472222224,map2019/merge_test_700-1800_cr0.95_stride100/Ligong_100_000180/GPS_info.json,True,12,12,0,12,12,0.0,9.806669365453047e-12,0,0,
merge_test_700-1800_cr0.95_stride100,Ligong_100_000181,Ligong,100,000181,120.34680336111111,30.31597936111111,map2019/merge_test_700-1800_cr0.95_stride100/Ligong_100_000181/GPS_info.json,True,12,12,0,12,12,0.0,9.806669365453047e-12,0,0,
merge_test_700-1800_cr0.95_stride100,Ligong_100_000182,Ligong,100,000182,120.34701313888888,30.315980333333332,map2019/merge_test_700-1800_cr0.95_stride100/Ligong_100_000182/GPS_info.json,True,12,12,0,12,12,1.0,8.75677308442846e-12,0,0,
merge_test_700-1800_cr0.95_stride100,Ligong_100_000183,Ligong,100,000183,120.34721930555556,30.315977611111112,map2019/merge_test_700-1800_cr0.95_stride100/Ligong_100_000183/GPS_info.json,True,12,12,0,12,12,1.0,8.75677308442846e-12,0,0,
merge_test_700-1800_cr0.95_stride100,Ligong_100_000184,Ligong,100,000184,120.34742555555556,30.315974444444443,map2019/merge_test_700-1800_cr0.95_stride100/Ligong_100_000184/GPS_info.json,True,12,12,0,12,12,0.0,9.806669365453047e-12,0,0,
merge_test_700-1800_cr0.95_stride100,Ligong_100_000185,Ligong,100,000185,120.34763277777778,30.315975472222224,map2019/merge_test_700-1800_cr0.95_stride100/Ligong_100_000185/GPS_info.json,True,12,12,0,12,12,0.0,9.806669365453047e-12,0,0,
merge_test_700-1800_cr0.95_stride100,Ligong_100_000186,Ligong,100,000186,120.34784280555556,30.315977944444445,map2019/merge_test_700-1800_cr0.95_stride100/Ligong_100_000186/GPS_info.json,True,12,12,0,12,12,0.0,9.806669365453047e-12,0,0,
merge_test_700-1800_cr0.95_stride100,Ligong_100_000187,Ligong,100,000187,120.34784491666667,30.315800361111112,map2019/merge_test_700-1800_cr0.95_stride100/Ligong_100_000187/GPS_info.json,True,12,12,0,12,12,0.0,9.806669365453047e-12,0,0,
merge_test_700-1800_cr0.95_stride100,Ligong_100_000188,Ligong,100,000188,120.34763855555556,30.31579752777778,map2019/merge_test_700-1800_cr0.95_stride100/Ligong_100_000188/GPS_info.json,True,12,12,0,12,12,0.0,9.806669365453047e-12,0,0,
merge_test_700-1800_cr0.95_stride100,Ligong_100_000189,Ligong,100,000189,120.34743388888889,30.315799,map2019/merge_test_700-1800_cr0.95_stride100/Ligong_100_000189/GPS_info.json,True,12,12,0,12,12,0.0,9.806669365453047e-12,0,0,
merge_test_700-1800_cr0.95_stride100,Ligong_100_000190,Ligong,100,000190,120.34722216666667,30.3158065,map2019/merge_test_700-1800_cr0.95_stride100/Ligong_100_000190/GPS_info.json,True,12,12,0,12,12,0.0,9.806669365453047e-12,0,0,
merge_test_700-1800_cr0.95_stride100,Ligong_100_000191,Ligong,100,000191,120.3470203888889,30.31580125,map2019/merge_test_700-1800_cr0.95_stride100/Ligong_100_000191/GPS_info.json,True,12,12,0,12,12,0.0,9.806669365453047e-12,0,0,
merge_test_700-1800_cr0.95_stride100,Ligong_100_000192,Ligong,100,000192,120.34681269444444,30.315802416666667,map2019/merge_test_700-1800_cr0.95_stride100/Ligong_100_000192/GPS_info.json,True,12,12,0,12,12,0.0,9.806669365453047e-12,0,0,
merge_test_700-1800_cr0.95_stride100,Ligong_100_000193,Ligong,100,000193,120.34660486111112,30.315801722222222,map2019/merge_test_700-1800_cr0.95_stride100/Ligong_100_000193/GPS_info.json,True,12,12,0,12,12,0.0,9.806669365453047e-12,0,0,
merge_test_700-1800_cr0.95_stride100,Ligong_100_000194,Ligong,100,000194,120.34639655555556,30.315800416666665,map2019/merge_test_700-1800_cr0.95_stride100/Ligong_100_000194/GPS_info.json,True,12,12,0,12,12,0.0,9.806669365453047e-12,0,0,
merge_test_700-1800_cr0.95_stride100,Ligong_100_000195,Ligong,100,000195,120.3461881111111,30.315802583333333,map2019/merge_test_700-1800_cr0.95_stride100/Ligong_100_000195/GPS_info.json,True,12,12,0,12,12,1.0,5.493716592752662e-12,0,0,
merge_test_700-1800_cr0.95_stride100,Ligong_100_000196,Ligong,100,000196,120.34598138888889,30.315803166666665,map2019/merge_test_700-1800_cr0.95_stride100/Ligong_100_000196/GPS_info.json,True,12,12,0,12,12,0.0,9.806669365453047e-12,0,0,
merge_test_700-1800_cr0.95_stride100,Ligong_100_000197,Ligong,100,000197,120.34577058333333,30.315804083333333,map2019/merge_test_700-1800_cr0.95_stride100/Ligong_100_000197/GPS_info.json,True,12,12,0,12,12,0.0,9.806669365453047e-12,0,0,
merge_test_700-1800_cr0.95_stride100,Ligong_100_000198,Ligong,100,000198,120.34556436111112,30.315803777777777,map2019/merge_test_700-1800_cr0.95_stride100/Ligong_100_000198/GPS_info.json,True,12,12,0,12,12,0.0,9.806669365453047e-12,0,0,
merge_test_700-1800_cr0.95_stride100,Ligong_100_000199,Ligong,100,000199,120.34535466666667,30.31580327777778,map2019/merge_test_700-1800_cr0.95_stride100/Ligong_100_000199/GPS_info.json,True,12,12,0,12,12,0.0,9.806669365453047e-12,0,0,
merge_test_700-1800_cr0.95_stride100,Ligong_80_000000,Ligong,80,000000,120.34447763888889,30.31779936111111,map2019/merge_test_700-1800_cr0.95_stride100/Ligong_80_000000/GPS_info.json,True,12,12,0,12,12,1.0,5.493716592752662e-12,0,0,
merge_test_700-1800_cr0.95_stride100,Ligong_80_000001,Ligong,80,000001,120.3446901111111,30.31780375,map2019/merge_test_700-1800_cr0.95_stride100/Ligong_80_000001/GPS_info.json,True,12,12,0,12,12,1.0,5.493716592752662e-12,0,0,
merge_test_700-1800_cr0.95_stride100,Ligong_80_000002,Ligong,80,000002,120.34489672222222,30.317803805555556,map2019/merge_test_700-1800_cr0.95_stride100/Ligong_80_000002/GPS_info.json,True,12,12,0,12,12,1.0,5.493716592752662e-12,0,0,
merge_test_700-1800_cr0.95_stride100,Ligong_80_000003,Ligong,80,000003,120.3450956111111,30.317800138888888,map2019/merge_test_700-1800_cr0.95_stride100/Ligong_80_000003/GPS_info.json,True,12,12,0,12,12,0.0,9.806669365453047e-12,0,0,
merge_test_700-1800_cr0.95_stride100,Ligong_80_000004,Ligong,80,000004,120.34531022222222,30.31780436111111,map2019/merge_test_700-1800_cr0.95_stride100/Ligong_80_000004/GPS_info.json,True,12,12,0,12,12,1.0,5.493716592752662e-12,0,0,
merge_test_700-1800_cr0.95_stride100,Ligong_80_000005,Ligong,80,000005,120.34551888888889,30.317803527777777,map2019/merge_test_700-1800_cr0.95_stride100/Ligong_80_000005/GPS_info.json,True,12,12,0,12,12,1.0,5.493716592752662e-12,0,0,
merge_test_700-1800_cr0.95_stride100,Ligong_80_000006,Ligong,80,000006,120.345733,30.317811833333334,map2019/merge_test_700-1800_cr0.95_stride100/Ligong_80_000006/GPS_info.json,True,12,12,0,12,12,1.0,5.493716592752662e-12,0,0,
merge_test_700-1800_cr0.95_stride100,Ligong_80_000007,Ligong,80,000007,120.34593488888889,30.31780475,map2019/merge_test_700-1800_cr0.95_stride100/Ligong_80_000007/GPS_info.json,True,12,12,0,12,12,1.0,5.493716592752662e-12,0,0,
merge_test_700-1800_cr0.95_stride100,Ligong_80_000008,Ligong,80,000008,120.34614166666667,30.317804666666667,map2019/merge_test_700-1800_cr0.95_stride100/Ligong_80_000008/GPS_info.json,True,12,12,0,12,12,1.0,5.493716592752662e-12,0,0,
merge_test_700-1800_cr0.95_stride100,Ligong_80_000009,Ligong,80,000009,120.34634958333334,30.31780511111111,map2019/merge_test_700-1800_cr0.95_stride100/Ligong_80_000009/GPS_info.json,True,12,12,0,12,12,1.0,5.493716592752662e-12,0,0,
merge_test_700-1800_cr0.95_stride100,Ligong_80_000010,Ligong,80,000010,120.34655613888889,30.31780388888889,map2019/merge_test_700-1800_cr0.95_stride100/Ligong_80_000010/GPS_info.json,True,12,12,0,12,12,1.0,5.493716592752662e-12,0,0,
merge_test_700-1800_cr0.95_stride100,Ligong_80_000011,Ligong,80,000011,120.34676333333333,30.317804444444445,map2019/merge_test_700-1800_cr0.95_stride100/Ligong_80_000011/GPS_info.json,True,12,12,0,12,12,1.0,5.493716592752662e-12,0,0,
merge_test_700-1800_cr0.95_stride100,Ligong_80_000012,Ligong,80,000012,120.34697152777778,30.317804638888887,map2019/merge_test_700-1800_cr0.95_stride100/Ligong_80_000012/GPS_info.json,True,12,12,0,12,12,1.0,5.493716592752662e-12,0,0,
merge_test_700-1800_cr0.95_stride100,Ligong_80_000013,Ligong,80,000013,120.34717669444444,30.31780336111111,map2019/merge_test_700-1800_cr0.95_stride100/Ligong_80_000013/GPS_info.json,True,12,12,0,12,12,1.0,5.493716592752662e-12,0,0,
merge_test_700-1800_cr0.95_stride100,Ligong_80_000014,Ligong,80,000014,120.34738677777777,30.317804666666667,map2019/merge_test_700-1800_cr0.95_stride100/Ligong_80_000014/GPS_info.json,True,12,12,0,12,12,1.0,5.493716592752662e-12,0,0,
merge_test_700-1800_cr0.95_stride100,Ligong_80_000015,Ligong,80,000015,120.3475945,30.31780563888889,map2019/merge_test_700-1800_cr0.95_stride100/Ligong_80_000015/GPS_info.json,True,12,12,0,12,12,1.0,5.493716592752662e-12,0,0,
merge_test_700-1800_cr0.95_stride100,Ligong_80_000016,Ligong,80,000016,120.34780363888889,30.31780675,map2019/merge_test_700-1800_cr0.95_stride100/Ligong_80_000016/GPS_info.json,True,12,12,0,12,12,1.0,5.493716592752662e-12,0,0,
merge_test_700-1800_cr0.95_stride100,Ligong_80_000017,Ligong,80,000017,120.34781319444444,30.317632444444445,map2019/merge_test_700-1800_cr0.95_stride100/Ligong_80_000017/GPS_info.json,True,12,12,0,12,12,1.0,5.493716592752662e-12,0,0,
merge_test_700-1800_cr0.95_stride100,Ligong_80_000018,Ligong,80,000018,120.34760191666666,30.317629055555557,map2019/merge_test_700-1800_cr0.95_stride100/Ligong_80_000018/GPS_info.json,True,12,12,0,12,12,1.0,5.493716592752662e-12,0,0,
merge_test_700-1800_cr0.95_stride100,Ligong_80_000019,Ligong,80,000019,120.3473935,30.31763036111111,map2019/merge_test_700-1800_cr0.95_stride100/Ligong_80_000019/GPS_info.json,True,12,12,0,12,12,1.0,5.6972759843176846e-12,0,0,
merge_test_700-1800_cr0.95_stride100,Ligong_80_000020,Ligong,80,000020,120.34718686111111,30.317630722222223,map2019/merge_test_700-1800_cr0.95_stride100/Ligong_80_000020/GPS_info.json,True,12,12,0,12,12,1.0,5.6972759843176846e-12,0,0,
merge_test_700-1800_cr0.95_stride100,Ligong_80_000021,Ligong,80,000021,120.34697863888888,30.317632833333334,map2019/merge_test_700-1800_cr0.95_stride100/Ligong_80_000021/GPS_info.json,True,12,12,0,12,12,1.0,5.6972759843176846e-12,0,0,
merge_test_700-1800_cr0.95_stride100,Ligong_80_000022,Ligong,80,000022,120.34676894444445,30.317632805555554,map2019/merge_test_700-1800_cr0.95_stride100/Ligong_80_000022/GPS_info.json,True,12,12,0,12,12,1.0,5.6972759843176846e-12,0,0,
merge_test_700-1800_cr0.95_stride100,Ligong_80_000023,Ligong,80,000023,120.34656302777778,30.31763266666667,map2019/merge_test_700-1800_cr0.95_stride100/Ligong_80_000023/GPS_info.json,True,12,12,0,12,12,1.0,5.493716592752662e-12,0,0,
merge_test_700-1800_cr0.95_stride100,Ligong_80_000024,Ligong,80,000024,120.34635263888889,30.317633722222222,map2019/merge_test_700-1800_cr0.95_stride100/Ligong_80_000024/GPS_info.json,True,12,12,0,12,12,1.0,5.6972759843176846e-12,0,0,
merge_test_700-1800_cr0.95_stride100,Ligong_80_000025,Ligong,80,000025,120.34614538888889,30.317633611111113,map2019/merge_test_700-1800_cr0.95_stride100/Ligong_80_000025/GPS_info.json,True,12,12,0,12,12,1.0,5.6972759843176846e-12,0,0,
merge_test_700-1800_cr0.95_stride100,Ligong_80_000026,Ligong,80,000026,120.3459398611111,30.317635666666668,map2019/merge_test_700-1800_cr0.95_stride100/Ligong_80_000026/GPS_info.json,True,12,12,0,12,12,1.0,5.6972759843176846e-12,0,0,
merge_test_700-1800_cr0.95_stride100,Ligong_80_000027,Ligong,80,000027,120.34572963888888,30.31763502777778,map2019/merge_test_700-1800_cr0.95_stride100/Ligong_80_000027/GPS_info.json,True,12,12,0,12,12,1.0,5.6972759843176846e-12,0,0,
merge_test_700-1800_cr0.95_stride100,Ligong_80_000028,Ligong,80,000028,120.345521,30.317635916666667,map2019/merge_test_700-1800_cr0.95_stride100/Ligong_80_000028/GPS_info.json,True,12,12,0,12,12,1.0,5.6972759843176846e-12,0,0,
merge_test_700-1800_cr0.95_stride100,Ligong_80_000029,Ligong,80,000029,120.34531263888888,30.317636027777777,map2019/merge_test_700-1800_cr0.95_stride100/Ligong_80_000029/GPS_info.json,True,12,12,0,12,12,1.0,5.6972759843176846e-12,0,0,
merge_test_700-1800_cr0.95_stride100,Ligong_80_000030,Ligong,80,000030,120.34510502777778,30.317636,map2019/merge_test_700-1800_cr0.95_stride100/Ligong_80_000030/GPS_info.json,True,12,12,0,12,12,1.0,5.6972759843176846e-12,0,0,
merge_test_700-1800_cr0.95_stride100,Ligong_80_000031,Ligong,80,000031,120.34490141666667,30.317638333333335,map2019/merge_test_700-1800_cr0.95_stride100/Ligong_80_000031/GPS_info.json,True,12,12,0,12,12,1.0,5.6972759843176846e-12,0,0,
merge_test_700-1800_cr0.95_stride100,Ligong_80_000032,Ligong,80,000032,120.34468925,30.317636333333333,map2019/merge_test_700-1800_cr0.95_stride100/Ligong_80_000032/GPS_info.json,True,12,12,0,12,12,1.0,5.6972759843176846e-12,0,0,
merge_test_700-1800_cr0.95_stride100,Ligong_80_000033,Ligong,80,000033,120.344477,30.317633805555555,map2019/merge_test_700-1800_cr0.95_stride100/Ligong_80_000033/GPS_info.json,True,12,12,0,12,12,1.0,5.6972759843176846e-12,0,0,
merge_test_700-1800_cr0.95_stride100,Ligong_80_000034,Ligong,80,000034,120.34447577777777,30.31745625,map2019/merge_test_700-1800_cr0.95_stride100/Ligong_80_000034/GPS_info.json,True,12,12,0,12,12,1.0,5.6972759843176846e-12,0,0,
merge_test_700-1800_cr0.95_stride100,Ligong_80_000035,Ligong,80,000035,120.34467991666666,30.317455583333334,map2019/merge_test_700-1800_cr0.95_stride100/Ligong_80_000035/GPS_info.json,True,12,12,0,12,12,1.0,5.6972759843176846e-12,0,0,
merge_test_700-1800_cr0.95_stride100,Ligong_80_000036,Ligong,80,000036,120.34488672222223,30.317455527777778,map2019/merge_test_700-1800_cr0.95_stride100/Ligong_80_000036/GPS_info.json,True,12,12,0,12,12,1.0,5.6972759843176846e-12,0,0,
merge_test_700-1800_cr0.95_stride100,Ligong_80_000037,Ligong,80,000037,120.34509452777777,30.317457805555556,map2019/merge_test_700-1800_cr0.95_stride100/Ligong_80_000037/GPS_info.json,True,12,12,0,12,12,0.0,3.8968828164342995e-12,0,0,
merge_test_700-1800_cr0.95_stride100,Ligong_80_000038,Ligong,80,000038,120.34530419444444,30.31745775,map2019/merge_test_700-1800_cr0.95_stride100/Ligong_80_000038/GPS_info.json,True,12,12,0,12,12,1.0,5.6972759843176846e-12,0,0,
merge_test_700-1800_cr0.95_stride100,Ligong_80_000039,Ligong,80,000039,120.34551397222222,30.317457416666667,map2019/merge_test_700-1800_cr0.95_stride100/Ligong_80_000039/GPS_info.json,True,12,12,0,12,12,1.0,5.6972759843176846e-12,0,0,
merge_test_700-1800_cr0.95_stride100,Ligong_80_000040,Ligong,80,000040,120.34572052777777,30.31745888888889,map2019/merge_test_700-1800_cr0.95_stride100/Ligong_80_000040/GPS_info.json,True,12,12,0,12,12,0.0,3.8968828164342995e-12,0,0,
merge_test_700-1800_cr0.95_stride100,Ligong_80_000041,Ligong,80,000041,120.34592872222223,30.31746083333333,map2019/merge_test_700-1800_cr0.95_stride100/Ligong_80_000041/GPS_info.json,True,12,12,0,12,12,0.0,3.8968828164342995e-12,0,0,
merge_test_700-1800_cr0.95_stride100,Ligong_80_000042,Ligong,80,000042,120.3461358888889,30.317462916666667,map2019/merge_test_700-1800_cr0.95_stride100/Ligong_80_000042/GPS_info.json,True,12,12,0,12,12,0.0,3.8968828164342995e-12,0,0,
merge_test_700-1800_cr0.95_stride100,Ligong_80_000043,Ligong,80,000043,120.34634227777778,30.317463361111113,map2019/merge_test_700-1800_cr0.95_stride100/Ligong_80_000043/GPS_info.json,True,12,12,0,12,12,1.0,5.6972759843176846e-12,0,0,
merge_test_700-1800_cr0.95_stride100,Ligong_80_000044,Ligong,80,000044,120.346553,30.317465416666668,map2019/merge_test_700-1800_cr0.95_stride100/Ligong_80_000044/GPS_info.json,True,12,12,0,12,12,0.0,3.8968828164342995e-12,0,0,
merge_test_700-1800_cr0.95_stride100,Ligong_80_000045,Ligong,80,000045,120.34676238888889,30.317467916666665,map2019/merge_test_700-1800_cr0.95_stride100/Ligong_80_000045/GPS_info.json,True,12,12,0,12,12,0.0,3.8968828164342995e-12,0,0,
merge_test_700-1800_cr0.95_stride100,Ligong_80_000046,Ligong,80,000046,120.34696994444444,30.3174675,map2019/merge_test_700-1800_cr0.95_stride100/Ligong_80_000046/GPS_info.json,True,12,12,0,12,12,0.0,3.8968828164342995e-12,0,0,
merge_test_700-1800_cr0.95_stride100,Ligong_80_000047,Ligong,80,000047,120.34718002777778,30.31746797222222,map2019/merge_test_700-1800_cr0.95_stride100/Ligong_80_000047/GPS_info.json,True,12,12,0,12,12,0.0,3.8968828164342995e-12,0,0,
merge_test_700-1800_cr0.95_stride100,Ligong_80_000048,Ligong,80,000048,120.34738172222222,30.31746861111111,map2019/merge_test_700-1800_cr0.95_stride100/Ligong_80_000048/GPS_info.json,True,12,12,0,12,12,0.0,3.8968828164342995e-12,0,0,
merge_test_700-1800_cr0.95_stride100,Ligong_80_000049,Ligong,80,000049,120.34759475,30.31747038888889,map2019/merge_test_700-1800_cr0.95_stride100/Ligong_80_000049/GPS_info.json,True,12,12,0,12,12,0.0,3.8968828164342995e-12,0,0,
merge_test_700-1800_cr0.95_stride100,Ligong_80_000050,Ligong,80,000050,120.34780305555556,30.317471666666666,map2019/merge_test_700-1800_cr0.95_stride100/Ligong_80_000050/GPS_info.json,True,12,12,0,12,12,0.0,3.8968828164342995e-12,0,0,
merge_test_700-1800_cr0.95_stride100,Ligong_80_000051,Ligong,80,000051,120.34780194444444,30.317293194444446,map2019/merge_test_700-1800_cr0.95_stride100/Ligong_80_000051/GPS_info.json,True,12,12,0,12,12,0.0,3.8968828164342995e-12,0,0,
merge_test_700-1800_cr0.95_stride100,Ligong_80_000052,Ligong,80,000052,120.34759972222223,30.31728922222222,map2019/merge_test_700-1800_cr0.95_stride100/Ligong_80_000052/GPS_info.json,True,12,12,0,12,12,0.0,3.8968828164342995e-12,0,0,
merge_test_700-1800_cr0.95_stride100,Ligong_80_000053,Ligong,80,000053,120.34738991666667,30.317289388888888,map2019/merge_test_700-1800_cr0.95_stride100/Ligong_80_000053/GPS_info.json,True,12,12,0,12,12,0.0,3.8968828164342995e-12,0,0,
merge_test_700-1800_cr0.95_stride100,Ligong_80_000054,Ligong,80,000054,120.34718722222222,30.31729125,map2019/merge_test_700-1800_cr0.95_stride100/Ligong_80_000054/GPS_info.json,True,12,12,0,12,12,0.0,3.8968828164342995e-12,0,0,
merge_test_700-1800_cr0.95_stride100,Ligong_80_000055,Ligong,80,000055,120.34697944444444,30.317291027777777,map2019/merge_test_700-1800_cr0.95_stride100/Ligong_80_000055/GPS_info.json,True,12,12,0,12,12,0.0,3.8968828164342995e-12,0,0,
merge_test_700-1800_cr0.95_stride100,Ligong_80_000056,Ligong,80,000056,120.34676905555555,30.317290361111112,map2019/merge_test_700-1800_cr0.95_stride100/Ligong_80_000056/GPS_info.json,True,12,12,0,12,12,0.0,3.8968828164342995e-12,0,0,
merge_test_700-1800_cr0.95_stride100,Ligong_80_000057,Ligong,80,000057,120.34656072222222,30.31729236111111,map2019/merge_test_700-1800_cr0.95_stride100/Ligong_80_000057/GPS_info.json,True,12,12,0,12,12,1.0,6.326883461582611e-12,0,0,
merge_test_700-1800_cr0.95_stride100,Ligong_80_000058,Ligong,80,000058,120.34635138888889,30.317289083333332,map2019/merge_test_700-1800_cr0.95_stride100/Ligong_80_000058/GPS_info.json,True,12,12,0,12,12,0.0,3.8968828164342995e-12,0,0,
merge_test_700-1800_cr0.95_stride100,Ligong_80_000059,Ligong,80,000059,120.34614719444444,30.317289555555554,map2019/merge_test_700-1800_cr0.95_stride100/Ligong_80_000059/GPS_info.json,True,12,12,0,12,12,0.0,3.8968828164342995e-12,0,0,
merge_test_700-1800_cr0.95_stride100,Ligong_80_000060,Ligong,80,000060,120.34593705555555,30.317289416666668,map2019/merge_test_700-1800_cr0.95_stride100/Ligong_80_000060/GPS_info.json,True,12,12,0,12,12,1.0,6.326883461582611e-12,0,0,
merge_test_700-1800_cr0.95_stride100,Ligong_80_000061,Ligong,80,000061,120.34573163888889,30.317291611111113,map2019/merge_test_700-1800_cr0.95_stride100/Ligong_80_000061/GPS_info.json,True,12,12,0,12,12,1.0,6.326883461582611e-12,0,0,
merge_test_700-1800_cr0.95_stride100,Ligong_80_000062,Ligong,80,000062,120.34552091666667,30.317289333333335,map2019/merge_test_700-1800_cr0.95_stride100/Ligong_80_000062/GPS_info.json,True,12,12,0,12,12,1.0,6.326883461582611e-12,0,0,
merge_test_700-1800_cr0.95_stride100,Ligong_80_000063,Ligong,80,000063,120.34531608333333,30.31729113888889,map2019/merge_test_700-1800_cr0.95_stride100/Ligong_80_000063/GPS_info.json,True,12,12,0,12,12,0.0,3.8968828164342995e-12,0,0,
merge_test_700-1800_cr0.95_stride100,Ligong_80_000064,Ligong,80,000064,120.34510808333333,30.31729313888889,map2019/merge_test_700-1800_cr0.95_stride100/Ligong_80_000064/GPS_info.json,True,12,12,0,12,12,1.0,6.326883461582611e-12,0,0,
merge_test_700-1800_cr0.95_stride100,Ligong_80_000065,Ligong,80,000065,120.34490016666666,30.317292305555554,map2019/merge_test_700-1800_cr0.95_stride100/Ligong_80_000065/GPS_info.json,True,12,12,0,12,12,1.0,6.326883461582611e-12,0,0,
merge_test_700-1800_cr0.95_stride100,Ligong_80_000066,Ligong,80,000066,120.34469558333333,30.317294222222223,map2019/merge_test_700-1800_cr0.95_stride100/Ligong_80_000066/GPS_info.json,True,12,12,0,12,12,1.0,6.326883461582611e-12,0,0,
merge_test_700-1800_cr0.95_stride100,Ligong_80_000067,Ligong,80,000067,120.34448180555556,30.31729177777778,map2019/merge_test_700-1800_cr0.95_stride100/Ligong_80_000067/GPS_info.json,True,12,12,0,12,12,1.0,6.326883461582611e-12,0,0,
merge_test_700-1800_cr0.95_stride100,Ligong_80_000068,Ligong,80,000068,120.3444763611111,30.317113833333334,map2019/merge_test_700-1800_cr0.95_stride100/Ligong_80_000068/GPS_info.json,True,12,12,0,12,12,1.0,6.326883461582611e-12,0,0,
merge_test_700-1800_cr0.95_stride100,Ligong_80_000069,Ligong,80,000069,120.34468333333334,30.31711113888889,map2019/merge_test_700-1800_cr0.95_stride100/Ligong_80_000069/GPS_info.json,True,12,12,0,12,12,1.0,6.326883461582611e-12,0,0,
merge_test_700-1800_cr0.95_stride100,Ligong_80_000070,Ligong,80,000070,120.34489108333334,30.317111722222222,map2019/merge_test_700-1800_cr0.95_stride100/Ligong_80_000070/GPS_info.json,True,12,12,0,12,12,1.0,6.326883461582611e-12,0,0,
merge_test_700-1800_cr0.95_stride100,Ligong_80_000071,Ligong,80,000071,120.34509702777778,30.317113305555555,map2019/merge_test_700-1800_cr0.95_stride100/Ligong_80_000071/GPS_info.json,True,12,12,0,12,12,1.0,6.326883461582611e-12,0,0,
merge_test_700-1800_cr0.95_stride100,Ligong_80_000072,Ligong,80,000072,120.3453043611111,30.3171135,map2019/merge_test_700-1800_cr0.95_stride100/Ligong_80_000072/GPS_info.json,True,12,12,0,12,12,1.0,6.326883461582611e-12,0,0,
merge_test_700-1800_cr0.95_stride100,Ligong_80_000073,Ligong,80,000073,120.3455116388889,30.31711372222222,map2019/merge_test_700-1800_cr0.95_stride100/Ligong_80_000073/GPS_info.json,True,12,12,0,12,12,1.0,6.326883461582611e-12,0,0,
merge_test_700-1800_cr0.95_stride100,Ligong_80_000074,Ligong,80,000074,120.34571947222223,30.317113833333334,map2019/merge_test_700-1800_cr0.95_stride100/Ligong_80_000074/GPS_info.json,True,12,12,0,12,12,1.0,6.326883461582611e-12,0,0,
merge_test_700-1800_cr0.95_stride100,Ligong_80_000075,Ligong,80,000075,120.3459276388889,30.317113972222224,map2019/merge_test_700-1800_cr0.95_stride100/Ligong_80_000075/GPS_info.json,True,12,12,0,12,12,1.0,5.460493168740754e-12,0,0,
merge_test_700-1800_cr0.95_stride100,Ligong_80_000076,Ligong,80,000076,120.34613525,30.317114694444445,map2019/merge_test_700-1800_cr0.95_stride100/Ligong_80_000076/GPS_info.json,True,12,12,0,12,12,1.0,6.326883461582611e-12,0,0,
merge_test_700-1800_cr0.95_stride100,Ligong_80_000077,Ligong,80,000077,120.34634383333334,30.317112416666667,map2019/merge_test_700-1800_cr0.95_stride100/Ligong_80_000077/GPS_info.json,True,12,12,0,12,12,1.0,6.326883461582611e-12,0,0,
merge_test_700-1800_cr0.95_stride100,Ligong_80_000078,Ligong,80,000078,120.34655,30.31711386111111,map2019/merge_test_700-1800_cr0.95_stride100/Ligong_80_000078/GPS_info.json,True,12,12,0,12,12,1.0,6.326883461582611e-12,0,0,
merge_test_700-1800_cr0.95_stride100,Ligong_80_000079,Ligong,80,000079,120.34675913888888,30.31711288888889,map2019/merge_test_700-1800_cr0.95_stride100/Ligong_80_000079/GPS_info.json,True,12,12,0,12,12,1.0,6.326883461582611e-12,0,0,
merge_test_700-1800_cr0.95_stride100,Ligong_80_000080,Ligong,80,000080,120.34696697222222,30.317113666666668,map2019/merge_test_700-1800_cr0.95_stride100/Ligong_80_000080/GPS_info.json,True,12,12,0,12,12,1.0,5.460493168740754e-12,0,0,
merge_test_700-1800_cr0.95_stride100,Ligong_80_000081,Ligong,80,000081,120.34717441666666,30.317112555555557,map2019/merge_test_700-1800_cr0.95_stride100/Ligong_80_000081/GPS_info.json,True,12,12,0,12,12,1.0,5.460493168740754e-12,0,0,
merge_test_700-1800_cr0.95_stride100,Ligong_80_000082,Ligong,80,000082,120.34738180555556,30.31711325,map2019/merge_test_700-1800_cr0.95_stride100/Ligong_80_000082/GPS_info.json,True,12,12,0,12,12,1.0,6.326883461582611e-12,0,0,
merge_test_700-1800_cr0.95_stride100,Ligong_80_000083,Ligong,80,000083,120.34759161111111,30.317114444444446,map2019/merge_test_700-1800_cr0.95_stride100/Ligong_80_000083/GPS_info.json,True,12,12,0,12,12,1.0,5.460493168740754e-12,0,0,
merge_test_700-1800_cr0.95_stride100,Ligong_80_000084,Ligong,80,000084,120.34780122222222,30.31711313888889,map2019/merge_test_700-1800_cr0.95_stride100/Ligong_80_000084/GPS_info.json,True,12,12,0,12,12,1.0,5.460493168740754e-12,0,0,
merge_test_700-1800_cr0.95_stride100,Ligong_80_000085,Ligong,80,000085,120.34779783333333,30.31693875,map2019/merge_test_700-1800_cr0.95_stride100/Ligong_80_000085/GPS_info.json,True,12,12,0,12,12,1.0,5.460493168740754e-12,0,0,
merge_test_700-1800_cr0.95_stride100,Ligong_80_000086,Ligong,80,000086,120.34759280555555,30.316935833333332,map2019/merge_test_700-1800_cr0.95_stride100/Ligong_80_000086/GPS_info.json,True,12,12,0,12,12,1.0,5.460493168740754e-12,0,0,
merge_test_700-1800_cr0.95_stride100,Ligong_80_000087,Ligong,80,000087,120.34738530555556,30.316933638888887,map2019/merge_test_700-1800_cr0.95_stride100/Ligong_80_000087/GPS_info.json,True,12,12,0,12,12,1.0,5.460493168740754e-12,0,0,
merge_test_700-1800_cr0.95_stride100,Ligong_80_000088,Ligong,80,000088,120.34717913888889,30.31693622222222,map2019/merge_test_700-1800_cr0.95_stride100/Ligong_80_000088/GPS_info.json,True,12,12,0,12,12,1.0,5.460493168740754e-12,0,0,
merge_test_700-1800_cr0.95_stride100,Ligong_80_000089,Ligong,80,000089,120.34697066666666,30.316935722222222,map2019/merge_test_700-1800_cr0.95_stride100/Ligong_80_000089/GPS_info.json,True,12,12,0,12,12,1.0,5.460493168740754e-12,0,0,
merge_test_700-1800_cr0.95_stride100,Ligong_80_000090,Ligong,80,000090,120.34676269444445,30.316935861111112,map2019/merge_test_700-1800_cr0.95_stride100/Ligong_80_000090/GPS_info.json,True,12,12,0,12,12,1.0,5.460493168740754e-12,0,0,
merge_test_700-1800_cr0.95_stride100,Ligong_80_000091,Ligong,80,000091,120.34655411111112,30.31693452777778,map2019/merge_test_700-1800_cr0.95_stride100/Ligong_80_000091/GPS_info.json,True,12,12,0,12,12,1.0,5.460493168740754e-12,0,0,
merge_test_700-1800_cr0.95_stride100,Ligong_80_000092,Ligong,80,000092,120.34634722222222,30.31693486111111,map2019/merge_test_700-1800_cr0.95_stride100/Ligong_80_000092/GPS_info.json,True,12,12,0,12,12,1.0,5.460493168740754e-12,0,0,
merge_test_700-1800_cr0.95_stride100,Ligong_80_000093,Ligong,80,000093,120.34613930555555,30.31693497222222,map2019/merge_test_700-1800_cr0.95_stride100/Ligong_80_000093/GPS_info.json,True,12,12,0,12,12,1.0,5.460493168740754e-12,0,0,
merge_test_700-1800_cr0.95_stride100,Ligong_80_000094,Ligong,80,000094,120.3459291111111,30.316934305555556,map2019/merge_test_700-1800_cr0.95_stride100/Ligong_80_000094/GPS_info.json,True,12,12,0,12,12,1.0,5.460493168740754e-12,0,0,
merge_test_700-1800_cr0.95_stride100,Ligong_80_000095,Ligong,80,000095,120.34571947222223,30.31693263888889,map2019/merge_test_700-1800_cr0.95_stride100/Ligong_80_000095/GPS_info.json,True,12,12,0,12,12,1.0,5.460493168740754e-12,0,0,
merge_test_700-1800_cr0.95_stride100,Ligong_80_000096,Ligong,80,000096,120.34552080555555,30.316936444444444,map2019/merge_test_700-1800_cr0.95_stride100/Ligong_80_000096/GPS_info.json,True,12,12,0,12,12,1.0,6.7873484610458945e-12,0,0,
merge_test_700-1800_cr0.95_stride100,Ligong_80_000097,Ligong,80,000097,120.34530980555556,30.316933194444445,map2019/merge_test_700-1800_cr0.95_stride100/Ligong_80_000097/GPS_info.json,True,12,12,0,12,12,1.0,5.460493168740754e-12,0,0,
merge_test_700-1800_cr0.95_stride100,Ligong_80_000098,Ligong,80,000098,120.34509888888888,30.316933,map2019/merge_test_700-1800_cr0.95_stride100/Ligong_80_000098/GPS_info.json,True,12,12,0,12,12,1.0,5.460493168740754e-12,0,0,
merge_test_700-1800_cr0.95_stride100,Ligong_80_000099,Ligong,80,000099,120.34488897222222,30.316932694444443,map2019/merge_test_700-1800_cr0.95_stride100/Ligong_80_000099/GPS_info.json,True,12,12,0,12,12,1.0,5.460493168740754e-12,0,0,
merge_test_700-1800_cr0.95_stride100,Ligong_80_000100,Ligong,80,000100,120.3446851111111,30.316932861111113,map2019/merge_test_700-1800_cr0.95_stride100/Ligong_80_000100/GPS_info.json,True,12,12,0,12,12,1.0,6.7873484610458945e-12,0,0,
merge_test_700-1800_cr0.95_stride100,Ligong_80_000101,Ligong,80,000101,120.34447847222222,30.316933527777778,map2019/merge_test_700-1800_cr0.95_stride100/Ligong_80_000101/GPS_info.json,True,12,12,0,12,12,1.0,6.7873484610458945e-12,0,0,
merge_test_700-1800_cr0.95_stride100,Ligong_80_000102,Ligong,80,000102,120.34446830555555,30.31675447222222,map2019/merge_test_700-1800_cr0.95_stride100/Ligong_80_000102/GPS_info.json,True,12,12,0,12,12,1.0,5.460493168740754e-12,0,0,
merge_test_700-1800_cr0.95_stride100,Ligong_80_000103,Ligong,80,000103,120.34467483333333,30.316752833333332,map2019/merge_test_700-1800_cr0.95_stride100/Ligong_80_000103/GPS_info.json,True,12,12,0,12,12,1.0,6.7873484610458945e-12,0,0,
merge_test_700-1800_cr0.95_stride100,Ligong_80_000104,Ligong,80,000104,120.34488252777778,30.316754055555556,map2019/merge_test_700-1800_cr0.95_stride100/Ligong_80_000104/GPS_info.json,True,12,12,0,12,12,1.0,6.7873484610458945e-12,0,0,
merge_test_700-1800_cr0.95_stride100,Ligong_80_000105,Ligong,80,000105,120.34508930555556,30.316751833333335,map2019/merge_test_700-1800_cr0.95_stride100/Ligong_80_000105/GPS_info.json,True,12,12,0,12,12,1.0,6.7873484610458945e-12,0,0,
merge_test_700-1800_cr0.95_stride100,Ligong_80_000106,Ligong,80,000106,120.3452965,30.316749666666666,map2019/merge_test_700-1800_cr0.95_stride100/Ligong_80_000106/GPS_info.json,True,12,12,0,12,12,1.0,6.7873484610458945e-12,0,0,
merge_test_700-1800_cr0.95_stride100,Ligong_80_000107,Ligong,80,000107,120.34550461111111,30.316751222222223,map2019/merge_test_700-1800_cr0.95_stride100/Ligong_80_000107/GPS_info.json,True,12,12,0,12,12,1.0,6.7873484610458945e-12,0,0,
merge_test_700-1800_cr0.95_stride100,Ligong_80_000108,Ligong,80,000108,120.34571305555555,30.3167515,map2019/merge_test_700-1800_cr0.95_stride100/Ligong_80_000108/GPS_info.json,True,12,12,0,12,12,1.0,6.7873484610458945e-12,0,0,
merge_test_700-1800_cr0.95_stride100,Ligong_80_000109,Ligong,80,000109,120.34592133333334,30.316751611111112,map2019/merge_test_700-1800_cr0.95_stride100/Ligong_80_000109/GPS_info.json,True,12,12,0,12,12,1.0,6.7873484610458945e-12,0,0,
merge_test_700-1800_cr0.95_stride100,Ligong_80_000110,Ligong,80,000110,120.34613027777777,30.316749694444443,map2019/merge_test_700-1800_cr0.95_stride100/Ligong_80_000110/GPS_info.json,True,12,12,0,12,12,1.0,6.7873484610458945e-12,0,0,
merge_test_700-1800_cr0.95_stride100,Ligong_80_000111,Ligong,80,000111,120.34633791666667,30.316752083333334,map2019/merge_test_700-1800_cr0.95_stride100/Ligong_80_000111/GPS_info.json,True,12,12,0,12,12,1.0,6.7873484610458945e-12,0,0,
merge_test_700-1800_cr0.95_stride100,Ligong_80_000112,Ligong,80,000112,120.34654566666667,30.31675186111111,map2019/merge_test_700-1800_cr0.95_stride100/Ligong_80_000112/GPS_info.json,True,12,12,0,12,12,1.0,6.7873484610458945e-12,0,0,
merge_test_700-1800_cr0.95_stride100,Ligong_80_000113,Ligong,80,000113,120.34675297222222,30.316751083333333,map2019/merge_test_700-1800_cr0.95_stride100/Ligong_80_000113/GPS_info.json,True,12,12,0,12,12,1.0,6.7873484610458945e-12,0,0,
merge_test_700-1800_cr0.95_stride100,Ligong_80_000114,Ligong,80,000114,120.34696275,30.31675225,map2019/merge_test_700-1800_cr0.95_stride100/Ligong_80_000114/GPS_info.json,True,12,12,0,12,12,1.0,6.7873484610458945e-12,0,0,
merge_test_700-1800_cr0.95_stride100,Ligong_80_000115,Ligong,80,000115,120.34716919444445,30.316751916666668,map2019/merge_test_700-1800_cr0.95_stride100/Ligong_80_000115/GPS_info.json,True,12,12,0,12,12,1.0,6.7873484610458945e-12,0,0,
merge_test_700-1800_cr0.95_stride100,Ligong_80_000116,Ligong,80,000116,120.34737752777778,30.31675138888889,map2019/merge_test_700-1800_cr0.95_stride100/Ligong_80_000116/GPS_info.json,True,12,12,0,12,12,1.0,7.2627459601903865e-12,0,0,
merge_test_700-1800_cr0.95_stride100,Ligong_80_000117,Ligong,80,000117,120.34758502777778,30.31675127777778,map2019/merge_test_700-1800_cr0.95_stride100/Ligong_80_000117/GPS_info.json,True,12,12,0,12,12,1.0,6.7873484610458945e-12,0,0,
merge_test_700-1800_cr0.95_stride100,Ligong_80_000118,Ligong,80,000118,120.34779377777778,30.316750805555557,map2019/merge_test_700-1800_cr0.95_stride100/Ligong_80_000118/GPS_info.json,True,12,12,0,12,12,1.0,6.7873484610458945e-12,0,0,
merge_test_700-1800_cr0.95_stride100,Ligong_80_000119,Ligong,80,000119,120.3478015,30.31657577777778,map2019/merge_test_700-1800_cr0.95_stride100/Ligong_80_000119/GPS_info.json,True,12,12,0,12,12,1.0,6.7873484610458945e-12,0,0,
merge_test_700-1800_cr0.95_stride100,Ligong_80_000120,Ligong,80,000120,120.34759527777777,30.316570972222223,map2019/merge_test_700-1800_cr0.95_stride100/Ligong_80_000120/GPS_info.json,True,12,12,0,12,12,1.0,7.2627459601903865e-12,0,0,
merge_test_700-1800_cr0.95_stride100,Ligong_80_000121,Ligong,80,000121,120.3473856388889,30.316570111111112,map2019/merge_test_700-1800_cr0.95_stride100/Ligong_80_000121/GPS_info.json,True,12,12,0,12,12,1.0,6.7873484610458945e-12,0,0,
merge_test_700-1800_cr0.95_stride100,Ligong_80_000122,Ligong,80,000122,120.34718097222222,30.316568805555555,map2019/merge_test_700-1800_cr0.95_stride100/Ligong_80_000122/GPS_info.json,True,12,12,0,12,12,1.0,7.2627459601903865e-12,0,0,
merge_test_700-1800_cr0.95_stride100,Ligong_80_000123,Ligong,80,000123,120.34697441666667,30.3165715,map2019/merge_test_700-1800_cr0.95_stride100/Ligong_80_000123/GPS_info.json,True,12,12,0,12,12,1.0,7.2627459601903865e-12,0,0,
merge_test_700-1800_cr0.95_stride100,Ligong_80_000124,Ligong,80,000124,120.34676533333334,30.316571083333333,map2019/merge_test_700-1800_cr0.95_stride100/Ligong_80_000124/GPS_info.json,True,12,12,0,12,12,1.0,7.2627459601903865e-12,0,0,
merge_test_700-1800_cr0.95_stride100,Ligong_80_000125,Ligong,80,000125,120.34655836111111,30.316570777777777,map2019/merge_test_700-1800_cr0.95_stride100/Ligong_80_000125/GPS_info.json,True,12,12,0,12,12,1.0,7.2627459601903865e-12,0,0,
merge_test_700-1800_cr0.95_stride100,Ligong_80_000126,Ligong,80,000126,120.3463495,30.316571027777776,map2019/merge_test_700-1800_cr0.95_stride100/Ligong_80_000126/GPS_info.json,True,12,12,0,12,12,1.0,7.2627459601903865e-12,0,0,
merge_test_700-1800_cr0.95_stride100,Ligong_80_000127,Ligong,80,000127,120.34614469444445,30.316571888888888,map2019/merge_test_700-1800_cr0.95_stride100/Ligong_80_000127/GPS_info.json,True,12,12,0,12,12,1.0,7.2627459601903865e-12,0,0,
merge_test_700-1800_cr0.95_stride100,Ligong_80_000128,Ligong,80,000128,120.34593302777778,30.316572694444446,map2019/merge_test_700-1800_cr0.95_stride100/Ligong_80_000128/GPS_info.json,True,12,12,0,12,12,1.0,7.2627459601903865e-12,0,0,
merge_test_700-1800_cr0.95_stride100,Ligong_80_000129,Ligong,80,000129,120.34572994444444,30.316573277777778,map2019/merge_test_700-1800_cr0.95_stride100/Ligong_80_000129/GPS_info.json,True,12,12,0,12,12,1.0,7.2627459601903865e-12,0,0,
merge_test_700-1800_cr0.95_stride100,Ligong_80_000130,Ligong,80,000130,120.34551986111111,30.316570916666667,map2019/merge_test_700-1800_cr0.95_stride100/Ligong_80_000130/GPS_info.json,True,12,12,0,12,12,1.0,7.2627459601903865e-12,0,0,
merge_test_700-1800_cr0.95_stride100,Ligong_80_000131,Ligong,80,000131,120.345312,30.316570694444444,map2019/merge_test_700-1800_cr0.95_stride100/Ligong_80_000131/GPS_info.json,True,12,12,0,12,12,1.0,7.2627459601903865e-12,0,0,
merge_test_700-1800_cr0.95_stride100,Ligong_80_000132,Ligong,80,000132,120.34510694444444,30.31657175,map2019/merge_test_700-1800_cr0.95_stride100/Ligong_80_000132/GPS_info.json,True,12,12,0,12,12,1.0,7.2627459601903865e-12,0,0,
merge_test_700-1800_cr0.95_stride100,Ligong_80_000133,Ligong,80,000133,120.34489694444444,30.31657013888889,map2019/merge_test_700-1800_cr0.95_stride100/Ligong_80_000133/GPS_info.json,True,12,12,0,12,12,1.0,7.2627459601903865e-12,0,0,
merge_test_700-1800_cr0.95_stride100,Ligong_80_000134,Ligong,80,000134,120.34469025,30.31657013888889,map2019/merge_test_700-1800_cr0.95_stride100/Ligong_80_000134/GPS_info.json,True,12,12,0,12,12,1.0,7.2627459601903865e-12,0,0,
merge_test_700-1800_cr0.95_stride100,Ligong_80_000135,Ligong,80,000135,120.34448305555556,30.31656938888889,map2019/merge_test_700-1800_cr0.95_stride100/Ligong_80_000135/GPS_info.json,True,12,12,0,12,12,1.0,7.2627459601903865e-12,0,0,
merge_test_700-1800_cr0.95_stride100,Ligong_80_000136,Ligong,80,000136,120.34447883333333,30.316391444444445,map2019/merge_test_700-1800_cr0.95_stride100/Ligong_80_000136/GPS_info.json,True,12,12,0,12,12,1.0,1.0176193221411722e-11,0,0,
merge_test_700-1800_cr0.95_stride100,Ligong_80_000137,Ligong,80,000137,120.34468497222223,30.316389305555557,map2019/merge_test_700-1800_cr0.95_stride100/Ligong_80_000137/GPS_info.json,True,12,12,0,12,12,1.0,7.2627459601903865e-12,0,0,
merge_test_700-1800_cr0.95_stride100,Ligong_80_000138,Ligong,80,000138,120.34489119444444,30.316387833333334,map2019/merge_test_700-1800_cr0.95_stride100/Ligong_80_000138/GPS_info.json,True,12,12,0,12,12,1.0,1.0176193221411722e-11,0,0,
merge_test_700-1800_cr0.95_stride100,Ligong_80_000139,Ligong,80,000139,120.34510069444444,30.316387833333334,map2019/merge_test_700-1800_cr0.95_stride100/Ligong_80_000139/GPS_info.json,True,12,12,0,12,12,1.0,7.2627459601903865e-12,0,0,
merge_test_700-1800_cr0.95_stride100,Ligong_80_000140,Ligong,80,000140,120.3453095,30.31638736111111,map2019/merge_test_700-1800_cr0.95_stride100/Ligong_80_000140/GPS_info.json,True,12,12,0,12,12,1.0,7.2627459601903865e-12,0,0,
merge_test_700-1800_cr0.95_stride100,Ligong_80_000141,Ligong,80,000141,120.34551638888888,30.31639088888889,map2019/merge_test_700-1800_cr0.95_stride100/Ligong_80_000141/GPS_info.json,True,12,12,0,12,12,1.0,1.0176193221411722e-11,0,0,
merge_test_700-1800_cr0.95_stride100,Ligong_80_000142,Ligong,80,000142,120.34572430555555,30.31639275,map2019/merge_test_700-1800_cr0.95_stride100/Ligong_80_000142/GPS_info.json,True,12,12,0,12,12,1.0,7.2627459601903865e-12,0,0,
merge_test_700-1800_cr0.95_stride100,Ligong_80_000143,Ligong,80,000143,120.34593122222222,30.316393027777778,map2019/merge_test_700-1800_cr0.95_stride100/Ligong_80_000143/GPS_info.json,True,12,12,0,12,12,1.0,1.0176193221411722e-11,0,0,
merge_test_700-1800_cr0.95_stride100,Ligong_80_000144,Ligong,80,000144,120.34613830555556,30.31639213888889,map2019/merge_test_700-1800_cr0.95_stride100/Ligong_80_000144/GPS_info.json,True,12,12,0,12,12,1.0,1.0176193221411722e-11,0,0,
merge_test_700-1800_cr0.95_stride100,Ligong_80_000145,Ligong,80,000145,120.34634577777778,30.31639125,map2019/merge_test_700-1800_cr0.95_stride100/Ligong_80_000145/GPS_info.json,True,12,12,0,12,12,1.0,1.0176193221411722e-11,0,0,
merge_test_700-1800_cr0.95_stride100,Ligong_80_000146,Ligong,80,000146,120.3465545,30.316391305555555,map2019/merge_test_700-1800_cr0.95_stride100/Ligong_80_000146/GPS_info.json,True,12,12,0,12,12,1.0,1.0176193221411722e-11,0,0,
merge_test_700-1800_cr0.95_stride100,Ligong_80_000147,Ligong,80,000147,120.34675972222222,30.3163865,map2019/merge_test_700-1800_cr0.95_stride100/Ligong_80_000147/GPS_info.json,True,12,12,0,12,12,1.0,1.0176193221411722e-11,0,0,
merge_test_700-1800_cr0.95_stride100,Ligong_80_000148,Ligong,80,000148,120.34696736111111,30.316387055555555,map2019/merge_test_700-1800_cr0.95_stride100/Ligong_80_000148/GPS_info.json,True,12,12,0,12,12,1.0,1.0176193221411722e-11,0,0,
merge_test_700-1800_cr0.95_stride100,Ligong_80_000149,Ligong,80,000149,120.34717852777777,30.31638688888889,map2019/merge_test_700-1800_cr0.95_stride100/Ligong_80_000149/GPS_info.json,True,12,12,0,12,12,1.0,1.0176193221411722e-11,0,0,
merge_test_700-1800_cr0.95_stride100,Ligong_80_000150,Ligong,80,000150,120.3473853888889,30.31638575,map2019/merge_test_700-1800_cr0.95_stride100/Ligong_80_000150/GPS_info.json,True,12,12,0,12,12,1.0,1.0176193221411722e-11,0,0,
merge_test_700-1800_cr0.95_stride100,Ligong_80_000151,Ligong,80,000151,120.34759086111112,30.316385472222223,map2019/merge_test_700-1800_cr0.95_stride100/Ligong_80_000151/GPS_info.json,True,12,12,0,12,12,1.0,1.0176193221411722e-11,0,0,
merge_test_700-1800_cr0.95_stride100,Ligong_80_000152,Ligong,80,000152,120.34779797222222,30.316383416666667,map2019/merge_test_700-1800_cr0.95_stride100/Ligong_80_000152/GPS_info.json,True,12,12,0,12,12,1.0,1.0176193221411722e-11,0,0,
merge_test_700-1800_cr0.95_stride100,Ligong_80_000153,Ligong,80,000153,120.34781511111112,30.316202944444445,map2019/merge_test_700-1800_cr0.95_stride100/Ligong_80_000153/GPS_info.json,True,12,12,0,12,12,1.0,1.0176193221411722e-11,0,0,
merge_test_700-1800_cr0.95_stride100,Ligong_80_000154,Ligong,80,000154,120.34761019444444,30.316200777777777,map2019/merge_test_700-1800_cr0.95_stride100/Ligong_80_000154/GPS_info.json,True,12,12,0,12,12,1.0,1.0176193221411722e-11,0,0,
merge_test_700-1800_cr0.95_stride100,Ligong_80_000155,Ligong,80,000155,120.34740308333333,30.316202694444446,map2019/merge_test_700-1800_cr0.95_stride100/Ligong_80_000155/GPS_info.json,True,12,12,0,12,12,1.0,1.0176193221411722e-11,0,0,
merge_test_700-1800_cr0.95_stride100,Ligong_80_000156,Ligong,80,000156,120.34719747222222,30.316202083333334,map2019/merge_test_700-1800_cr0.95_stride100/Ligong_80_000156/GPS_info.json,True,12,12,0,12,12,1.0,1.0176193221411722e-11,0,0,
merge_test_700-1800_cr0.95_stride100,Ligong_80_000157,Ligong,80,000157,120.34699302777778,30.31620486111111,map2019/merge_test_700-1800_cr0.95_stride100/Ligong_80_000157/GPS_info.json,True,12,12,0,12,12,0.0,5.31069415873886e-12,0,0,
merge_test_700-1800_cr0.95_stride100,Ligong_80_000158,Ligong,80,000158,120.34678525,30.3162065,map2019/merge_test_700-1800_cr0.95_stride100/Ligong_80_000158/GPS_info.json,True,12,12,0,12,12,0.0,5.31069415873886e-12,0,0,
merge_test_700-1800_cr0.95_stride100,Ligong_80_000159,Ligong,80,000159,120.34657325,30.316203666666667,map2019/merge_test_700-1800_cr0.95_stride100/Ligong_80_000159/GPS_info.json,True,12,12,0,12,12,1.0,1.0176193221411722e-11,0,0,
merge_test_700-1800_cr0.95_stride100,Ligong_80_000160,Ligong,80,000160,120.34636844444445,30.316206944444446,map2019/merge_test_700-1800_cr0.95_stride100/Ligong_80_000160/GPS_info.json,True,12,12,0,12,12,0.0,5.31069415873886e-12,0,0,
merge_test_700-1800_cr0.95_stride100,Ligong_80_000161,Ligong,80,000161,120.34615727777778,30.3162035,map2019/merge_test_700-1800_cr0.95_stride100/Ligong_80_000161/GPS_info.json,True,12,12,0,12,12,1.0,1.0176193221411722e-11,0,0,
merge_test_700-1800_cr0.95_stride100,Ligong_80_000162,Ligong,80,000162,120.34594602777777,30.31620238888889,map2019/merge_test_700-1800_cr0.95_stride100/Ligong_80_000162/GPS_info.json,True,12,12,0,12,12,1.0,1.0176193221411722e-11,0,0,
merge_test_700-1800_cr0.95_stride100,Ligong_80_000163,Ligong,80,000163,120.34574447222222,30.31620963888889,map2019/merge_test_700-1800_cr0.95_stride100/Ligong_80_000163/GPS_info.json,True,12,12,0,12,12,0.0,5.31069415873886e-12,0,0,
merge_test_700-1800_cr0.95_stride100,Ligong_80_000164,Ligong,80,000164,120.34553880555555,30.316209305555557,map2019/merge_test_700-1800_cr0.95_stride100/Ligong_80_000164/GPS_info.json,True,12,12,0,12,12,0.0,5.31069415873886e-12,0,0,
merge_test_700-1800_cr0.95_stride100,Ligong_80_000165,Ligong,80,000165,120.34533166666667,30.316210944444446,map2019/merge_test_700-1800_cr0.95_stride100/Ligong_80_000165/GPS_info.json,True,12,12,0,12,12,0.0,5.31069415873886e-12,0,0,
merge_test_700-1800_cr0.95_stride100,Ligong_80_000166,Ligong,80,000166,120.34512116666667,30.316210527777777,map2019/merge_test_700-1800_cr0.95_stride100/Ligong_80_000166/GPS_info.json,True,12,12,0,12,12,0.0,5.31069415873886e-12,0,0,
merge_test_700-1800_cr0.95_stride100,Ligong_80_000167,Ligong,80,000167,120.34491013888889,30.3162095,map2019/merge_test_700-1800_cr0.95_stride100/Ligong_80_000167/GPS_info.json,True,12,12,0,12,12,0.0,5.31069415873886e-12,0,0,
merge_test_700-1800_cr0.95_stride100,Ligong_80_000168,Ligong,80,000168,120.34470177777777,30.31620597222222,map2019/merge_test_700-1800_cr0.95_stride100/Ligong_80_000168/GPS_info.json,True,12,12,0,12,12,0.0,5.31069415873886e-12,0,0,
merge_test_700-1800_cr0.95_stride100,Ligong_80_000169,Ligong,80,000169,120.34449663888888,30.31620761111111,map2019/merge_test_700-1800_cr0.95_stride100/Ligong_80_000169/GPS_info.json,True,12,12,0,12,12,0.0,5.31069415873886e-12,0,0,
merge_test_700-1800_cr0.95_stride100,Ligong_80_000170,Ligong,80,000170,120.34448913888889,30.316028666666668,map2019/merge_test_700-1800_cr0.95_stride100/Ligong_80_000170/GPS_info.json,True,12,12,0,12,12,0.0,5.31069415873886e-12,0,0,
merge_test_700-1800_cr0.95_stride100,Ligong_80_000171,Ligong,80,000171,120.3446955,30.31602475,map2019/merge_test_700-1800_cr0.95_stride100/Ligong_80_000171/GPS_info.json,True,12,12,0,12,12,0.0,5.31069415873886e-12,0,0,
merge_test_700-1800_cr0.95_stride100,Ligong_80_000172,Ligong,80,000172,120.3449025,30.31602488888889,map2019/merge_test_700-1800_cr0.95_stride100/Ligong_80_000172/GPS_info.json,True,12,12,0,12,12,0.0,5.31069415873886e-12,0,0,
merge_test_700-1800_cr0.95_stride100,Ligong_80_000173,Ligong,80,000173,120.34511111111111,30.316024805555557,map2019/merge_test_700-1800_cr0.95_stride100/Ligong_80_000173/GPS_info.json,True,12,12,0,12,12,0.0,5.31069415873886e-12,0,0,
merge_test_700-1800_cr0.95_stride100,Ligong_80_000174,Ligong,80,000174,120.34531944444444,30.316024,map2019/merge_test_700-1800_cr0.95_stride100/Ligong_80_000174/GPS_info.json,True,12,12,0,12,12,0.0,5.31069415873886e-12,0,0,
merge_test_700-1800_cr0.95_stride100,Ligong_80_000175,Ligong,80,000175,120.34552602777778,30.316023861111113,map2019/merge_test_700-1800_cr0.95_stride100/Ligong_80_000175/GPS_info.json,True,12,12,0,12,12,0.0,5.31069415873886e-12,0,0,
merge_test_700-1800_cr0.95_stride100,Ligong_80_000176,Ligong,80,000176,120.34573719444444,30.316023805555556,map2019/merge_test_700-1800_cr0.95_stride100/Ligong_80_000176/GPS_info.json,True,12,12,0,12,12,0.0,5.31069415873886e-12,0,0,
merge_test_700-1800_cr0.95_stride100,Ligong_80_000177,Ligong,80,000177,120.34594372222222,30.3160215,map2019/merge_test_700-1800_cr0.95_stride100/Ligong_80_000177/GPS_info.json,True,12,12,0,12,12,1.0,7.566836046635217e-12,0,0,
merge_test_700-1800_cr0.95_stride100,Ligong_80_000178,Ligong,80,000178,120.34615075,30.316020916666666,map2019/merge_test_700-1800_cr0.95_stride100/Ligong_80_000178/GPS_info.json,True,12,12,0,12,12,1.0,7.566836046635217e-12,0,0,
merge_test_700-1800_cr0.95_stride100,Ligong_80_000179,Ligong,80,000179,120.34636044444444,30.31601977777778,map2019/merge_test_700-1800_cr0.95_stride100/Ligong_80_000179/GPS_info.json,True,12,12,0,12,12,0.0,5.31069415873886e-12,0,0,
merge_test_700-1800_cr0.95_stride100,Ligong_80_000180,Ligong,80,000180,120.34656833333334,30.316019222222224,map2019/merge_test_700-1800_cr0.95_stride100/Ligong_80_000180/GPS_info.json,True,12,12,0,12,12,1.0,7.566836046635217e-12,0,0,
merge_test_700-1800_cr0.95_stride100,Ligong_80_000181,Ligong,80,000181,120.34677561111111,30.31601975,map2019/merge_test_700-1800_cr0.95_stride100/Ligong_80_000181/GPS_info.json,True,12,12,0,12,12,1.0,7.566836046635217e-12,0,0,
merge_test_700-1800_cr0.95_stride100,Ligong_80_000182,Ligong,80,000182,120.34698466666667,30.31601761111111,map2019/merge_test_700-1800_cr0.95_stride100/Ligong_80_000182/GPS_info.json,True,12,12,0,12,12,0.0,5.31069415873886e-12,0,0,
merge_test_700-1800_cr0.95_stride100,Ligong_80_000183,Ligong,80,000183,120.34719133333333,30.316016583333333,map2019/merge_test_700-1800_cr0.95_stride100/Ligong_80_000183/GPS_info.json,True,12,12,0,12,12,1.0,7.566836046635217e-12,0,0,
merge_test_700-1800_cr0.95_stride100,Ligong_80_000184,Ligong,80,000184,120.34739905555556,30.316014666666668,map2019/merge_test_700-1800_cr0.95_stride100/Ligong_80_000184/GPS_info.json,True,12,12,0,12,12,0.0,5.31069415873886e-12,0,0,
merge_test_700-1800_cr0.95_stride100,Ligong_80_000185,Ligong,80,000185,120.34760733333333,30.316015055555557,map2019/merge_test_700-1800_cr0.95_stride100/Ligong_80_000185/GPS_info.json,True,12,12,0,12,12,1.0,7.566836046635217e-12,0,0,
merge_test_700-1800_cr0.95_stride100,Ligong_80_000186,Ligong,80,000186,120.34781563888889,30.31601413888889,map2019/merge_test_700-1800_cr0.95_stride100/Ligong_80_000186/GPS_info.json,True,12,12,0,12,12,1.0,7.566836046635217e-12,0,0,
merge_test_700-1800_cr0.95_stride100,Ligong_80_000187,Ligong,80,000187,120.34782208333333,30.315838833333334,map2019/merge_test_700-1800_cr0.95_stride100/Ligong_80_000187/GPS_info.json,True,12,12,0,12,12,1.0,7.566836046635217e-12,0,0,
merge_test_700-1800_cr0.95_stride100,Ligong_80_000188,Ligong,80,000188,120.34761766666666,30.315838777777778,map2019/merge_test_700-1800_cr0.95_stride100/Ligong_80_000188/GPS_info.json,True,12,12,0,12,12,1.0,7.566836046635217e-12,0,0,
merge_test_700-1800_cr0.95_stride100,Ligong_80_000189,Ligong,80,000189,120.34741119444445,30.315836944444445,map2019/merge_test_700-1800_cr0.95_stride100/Ligong_80_000189/GPS_info.json,True,12,12,0,12,12,1.0,7.566836046635217e-12,0,0,
merge_test_700-1800_cr0.95_stride100,Ligong_80_000190,Ligong,80,000190,120.34720152777778,30.31583775,map2019/merge_test_700-1800_cr0.95_stride100/Ligong_80_000190/GPS_info.json,True,12,12,0,12,12,1.0,7.566836046635217e-12,0,0,
merge_test_700-1800_cr0.95_stride100,Ligong_80_000191,Ligong,80,000191,120.34699280555556,30.31583847222222,map2019/merge_test_700-1800_cr0.95_stride100/Ligong_80_000191/GPS_info.json,True,12,12,0,12,12,1.0,7.566836046635217e-12,0,0,
merge_test_700-1800_cr0.95_stride100,Ligong_80_000192,Ligong,80,000192,120.34678458333333,30.31584213888889,map2019/merge_test_700-1800_cr0.95_stride100/Ligong_80_000192/GPS_info.json,True,12,12,0,12,12,1.0,7.566836046635217e-12,0,0,
merge_test_700-1800_cr0.95_stride100,Ligong_80_000193,Ligong,80,000193,120.34657772222222,30.315838805555554,map2019/merge_test_700-1800_cr0.95_stride100/Ligong_80_000193/GPS_info.json,True,12,12,0,12,12,1.0,7.566836046635217e-12,0,0,
merge_test_700-1800_cr0.95_stride100,Ligong_80_000194,Ligong,80,000194,120.3463676111111,30.315841166666665,map2019/merge_test_700-1800_cr0.95_stride100/Ligong_80_000194/GPS_info.json,True,12,12,0,12,12,1.0,7.566836046635217e-12,0,0,
merge_test_700-1800_cr0.95_stride100,Ligong_80_000195,Ligong,80,000195,120.34616786111111,30.315842611111112,map2019/merge_test_700-1800_cr0.95_stride100/Ligong_80_000195/GPS_info.json,True,12,12,0,12,12,1.0,7.566836046635217e-12,0,0,
merge_test_700-1800_cr0.95_stride100,Ligong_80_000196,Ligong,80,000196,120.34595788888889,30.31584238888889,map2019/merge_test_700-1800_cr0.95_stride100/Ligong_80_000196/GPS_info.json,True,12,12,0,12,12,1.0,6.892819648385284e-12,0,0,
merge_test_700-1800_cr0.95_stride100,Ligong_80_000197,Ligong,80,000197,120.34574822222223,30.315842166666666,map2019/merge_test_700-1800_cr0.95_stride100/Ligong_80_000197/GPS_info.json,True,12,12,0,12,12,1.0,6.892819648385284e-12,0,0,
merge_test_700-1800_cr0.95_stride100,Ligong_80_000198,Ligong,80,000198,120.34554211111111,30.315842694444445,map2019/merge_test_700-1800_cr0.95_stride100/Ligong_80_000198/GPS_info.json,True,12,12,0,12,12,1.0,7.566836046635217e-12,0,0,
merge_test_700-1800_cr0.95_stride100,Ligong_80_000199,Ligong,80,000199,120.3453335,30.31584338888889,map2019/merge_test_700-1800_cr0.95_stride100/Ligong_80_000199/GPS_info.json,True,12,12,0,12,12,1.0,6.892819648385284e-12,0,0,
merge_test_700-1800_cr0.95_stride100,Ligong_90_000000,Ligong,90,000000,120.34449883333333,30.31781461111111,map2019/merge_test_700-1800_cr0.95_stride100/Ligong_90_000000/GPS_info.json,True,12,12,0,12,12,1.0,6.892819648385284e-12,0,0,
merge_test_700-1800_cr0.95_stride100,Ligong_90_000001,Ligong,90,000001,120.34469736111112,30.31781061111111,map2019/merge_test_700-1800_cr0.95_stride100/Ligong_90_000001/GPS_info.json,True,12,12,0,12,12,1.0,6.892819648385284e-12,0,0,
merge_test_700-1800_cr0.95_stride100,Ligong_90_000002,Ligong,90,000002,120.344905,30.317811694444444,map2019/merge_test_700-1800_cr0.95_stride100/Ligong_90_000002/GPS_info.json,True,12,12,0,12,12,1.0,7.566836046635217e-12,0,0,
merge_test_700-1800_cr0.95_stride100,Ligong_90_000003,Ligong,90,000003,120.34511438888889,30.317813916666665,map2019/merge_test_700-1800_cr0.95_stride100/Ligong_90_000003/GPS_info.json,True,12,12,0,12,12,1.0,7.566836046635217e-12,0,0,
merge_test_700-1800_cr0.95_stride100,Ligong_90_000004,Ligong,90,000004,120.34532052777777,30.317815222222222,map2019/merge_test_700-1800_cr0.95_stride100/Ligong_90_000004/GPS_info.json,True,12,12,0,12,12,1.0,6.892819648385284e-12,0,0,
merge_test_700-1800_cr0.95_stride100,Ligong_90_000005,Ligong,90,000005,120.34552725,30.317815888888887,map2019/merge_test_700-1800_cr0.95_stride100/Ligong_90_000005/GPS_info.json,True,12,12,0,12,12,1.0,6.892819648385284e-12,0,0,
merge_test_700-1800_cr0.95_stride100,Ligong_90_000006,Ligong,90,000006,120.34573575,30.317817277777777,map2019/merge_test_700-1800_cr0.95_stride100/Ligong_90_000006/GPS_info.json,True,12,12,0,12,12,1.0,7.566836046635217e-12,0,0,
merge_test_700-1800_cr0.95_stride100,Ligong_90_000007,Ligong,90,000007,120.34594205555555,30.31781552777778,map2019/merge_test_700-1800_cr0.95_stride100/Ligong_90_000007/GPS_info.json,True,12,12,0,12,12,1.0,6.892819648385284e-12,0,0,
merge_test_700-1800_cr0.95_stride100,Ligong_90_000008,Ligong,90,000008,120.34615013888889,30.317816416666666,map2019/merge_test_700-1800_cr0.95_stride100/Ligong_90_000008/GPS_info.json,True,12,12,0,12,12,1.0,6.892819648385284e-12,0,0,
merge_test_700-1800_cr0.95_stride100,Ligong_90_000009,Ligong,90,000009,120.34635761111112,30.31781975,map2019/merge_test_700-1800_cr0.95_stride100/Ligong_90_000009/GPS_info.json,True,12,12,0,12,12,1.0,6.892819648385284e-12,0,0,
merge_test_700-1800_cr0.95_stride100,Ligong_90_000010,Ligong,90,000010,120.34656641666666,30.317819611111112,map2019/merge_test_700-1800_cr0.95_stride100/Ligong_90_000010/GPS_info.json,True,12,12,0,12,12,1.0,6.892819648385284e-12,0,0,
merge_test_700-1800_cr0.95_stride100,Ligong_90_000011,Ligong,90,000011,120.34677455555556,30.317820138888887,map2019/merge_test_700-1800_cr0.95_stride100/Ligong_90_000011/GPS_info.json,True,12,12,0,12,12,1.0,6.892819648385284e-12,0,0,
merge_test_700-1800_cr0.95_stride100,Ligong_90_000012,Ligong,90,000012,120.34698180555556,30.317820805555556,map2019/merge_test_700-1800_cr0.95_stride100/Ligong_90_000012/GPS_info.json,True,12,12,0,12,12,1.0,6.892819648385284e-12,0,0,
merge_test_700-1800_cr0.95_stride100,Ligong_90_000013,Ligong,90,000013,120.34719008333333,30.317821416666668,map2019/merge_test_700-1800_cr0.95_stride100/Ligong_90_000013/GPS_info.json,True,12,12,0,12,12,1.0,6.892819648385284e-12,0,0,
merge_test_700-1800_cr0.95_stride100,Ligong_90_000014,Ligong,90,000014,120.34739958333333,30.317823416666666,map2019/merge_test_700-1800_cr0.95_stride100/Ligong_90_000014/GPS_info.json,True,12,12,0,12,12,1.0,6.892819648385284e-12,0,0,
merge_test_700-1800_cr0.95_stride100,Ligong_90_000015,Ligong,90,000015,120.347606,30.317824777777776,map2019/merge_test_700-1800_cr0.95_stride100/Ligong_90_000015/GPS_info.json,True,12,12,0,12,12,1.0,6.892819648385284e-12,0,0,
merge_test_700-1800_cr0.95_stride100,Ligong_90_000016,Ligong,90,000016,120.34781502777778,30.317824388888887,map2019/merge_test_700-1800_cr0.95_stride100/Ligong_90_000016/GPS_info.json,True,12,12,0,12,12,0.0,7.550404745870765e-12,0,0,
merge_test_700-1800_cr0.95_stride100,Ligong_90_000017,Ligong,90,000017,120.34782433333334,30.31765025,map2019/merge_test_700-1800_cr0.95_stride100/Ligong_90_000017/GPS_info.json,True,12,12,0,12,12,0.0,7.550404745870765e-12,0,0,
merge_test_700-1800_cr0.95_stride100,Ligong_90_000018,Ligong,90,000018,120.34761875,30.317647277777777,map2019/merge_test_700-1800_cr0.95_stride100/Ligong_90_000018/GPS_info.json,True,12,12,0,12,12,1.0,6.892819648385284e-12,0,0,
merge_test_700-1800_cr0.95_stride100,Ligong_90_000019,Ligong,90,000019,120.34740544444445,30.31764536111111,map2019/merge_test_700-1800_cr0.95_stride100/Ligong_90_000019/GPS_info.json,True,12,12,0,12,12,0.0,7.550404745870765e-12,0,0,
merge_test_700-1800_cr0.95_stride100,Ligong_90_000020,Ligong,90,000020,120.34720144444445,30.31764375,map2019/merge_test_700-1800_cr0.95_stride100/Ligong_90_000020/GPS_info.json,True,12,12,0,12,12,0.0,7.550404745870765e-12,0,0,
merge_test_700-1800_cr0.95_stride100,Ligong_90_000021,Ligong,90,000021,120.34699455555555,30.317643944444445,map2019/merge_test_700-1800_cr0.95_stride100/Ligong_90_000021/GPS_info.json,True,12,12,0,12,12,0.0,7.550404745870765e-12,0,0,
merge_test_700-1800_cr0.95_stride100,Ligong_90_000022,Ligong,90,000022,120.34678655555555,30.31764386111111,map2019/merge_test_700-1800_cr0.95_stride100/Ligong_90_000022/GPS_info.json,True,12,12,0,12,12,0.0,7.550404745870765e-12,0,0,
merge_test_700-1800_cr0.95_stride100,Ligong_90_000023,Ligong,90,000023,120.34658197222222,30.317645805555557,map2019/merge_test_700-1800_cr0.95_stride100/Ligong_90_000023/GPS_info.json,True,12,12,0,12,12,1.0,6.892819648385284e-12,0,0,
merge_test_700-1800_cr0.95_stride100,Ligong_90_000024,Ligong,90,000024,120.34637588888889,30.317647611111113,map2019/merge_test_700-1800_cr0.95_stride100/Ligong_90_000024/GPS_info.json,True,12,12,0,12,12,0.0,7.550404745870765e-12,0,0,
merge_test_700-1800_cr0.95_stride100,Ligong_90_000025,Ligong,90,000025,120.34616658333333,30.31764638888889,map2019/merge_test_700-1800_cr0.95_stride100/Ligong_90_000025/GPS_info.json,True,12,12,0,12,12,1.0,6.892819648385284e-12,0,0,
merge_test_700-1800_cr0.95_stride100,Ligong_90_000026,Ligong,90,000026,120.345958,30.31764613888889,map2019/merge_test_700-1800_cr0.95_stride100/Ligong_90_000026/GPS_info.json,True,12,12,0,12,12,1.0,6.892819648385284e-12,0,0,
merge_test_700-1800_cr0.95_stride100,Ligong_90_000027,Ligong,90,000027,120.34574977777778,30.317646472222222,map2019/merge_test_700-1800_cr0.95_stride100/Ligong_90_000027/GPS_info.json,True,12,12,0,12,12,0.0,7.550404745870765e-12,0,0,
merge_test_700-1800_cr0.95_stride100,Ligong_90_000028,Ligong,90,000028,120.34554238888889,30.317646083333333,map2019/merge_test_700-1800_cr0.95_stride100/Ligong_90_000028/GPS_info.json,True,12,12,0,12,12,0.0,7.550404745870765e-12,0,0,
merge_test_700-1800_cr0.95_stride100,Ligong_90_000029,Ligong,90,000029,120.34533377777778,30.31764536111111,map2019/merge_test_700-1800_cr0.95_stride100/Ligong_90_000029/GPS_info.json,True,12,12,0,12,12,0.0,7.550404745870765e-12,0,0,
merge_test_700-1800_cr0.95_stride100,Ligong_90_000030,Ligong,90,000030,120.34512702777778,30.317644138888888,map2019/merge_test_700-1800_cr0.95_stride100/Ligong_90_000030/GPS_info.json,True,12,12,0,12,12,0.0,7.550404745870765e-12,0,0,
merge_test_700-1800_cr0.95_stride100,Ligong_90_000031,Ligong,90,000031,120.34491913888888,30.317644555555557,map2019/merge_test_700-1800_cr0.95_stride100/Ligong_90_000031/GPS_info.json,True,12,12,0,12,12,0.0,7.550404745870765e-12,0,0,
merge_test_700-1800_cr0.95_stride100,Ligong_90_000032,Ligong,90,000032,120.34471119444444,30.317648083333335,map2019/merge_test_700-1800_cr0.95_stride100/Ligong_90_000032/GPS_info.json,True,12,12,0,12,12,0.0,7.550404745870765e-12,0,0,
merge_test_700-1800_cr0.95_stride100,Ligong_90_000033,Ligong,90,000033,120.34448544444444,30.31763763888889,map2019/merge_test_700-1800_cr0.95_stride100/Ligong_90_000033/GPS_info.json,True,12,12,0,12,12,0.0,7.550404745870765e-12,0,0,
merge_test_700-1800_cr0.95_stride100,Ligong_90_000034,Ligong,90,000034,120.34450319444444,30.317468194444444,map2019/merge_test_700-1800_cr0.95_stride100/Ligong_90_000034/GPS_info.json,True,12,12,0,12,12,0.0,7.550404745870765e-12,0,0,
merge_test_700-1800_cr0.95_stride100,Ligong_90_000035,Ligong,90,000035,120.34471022222222,30.317464138888887,map2019/merge_test_700-1800_cr0.95_stride100/Ligong_90_000035/GPS_info.json,True,12,12,0,12,12,0.0,7.550404745870765e-12,0,0,
merge_test_700-1800_cr0.95_stride100,Ligong_90_000036,Ligong,90,000036,120.34491719444445,30.317467416666666,map2019/merge_test_700-1800_cr0.95_stride100/Ligong_90_000036/GPS_info.json,True,12,12,0,12,12,2.0,7.431832926840798e-12,0,0,
merge_test_700-1800_cr0.95_stride100,Ligong_90_000037,Ligong,90,000037,120.34512566666666,30.31746777777778,map2019/merge_test_700-1800_cr0.95_stride100/Ligong_90_000037/GPS_info.json,True,12,12,0,12,12,0.0,7.550404745870765e-12,0,0,
merge_test_700-1800_cr0.95_stride100,Ligong_90_000038,Ligong,90,000038,120.3453313611111,30.317468388888887,map2019/merge_test_700-1800_cr0.95_stride100/Ligong_90_000038/GPS_info.json,True,12,12,0,12,12,2.0,7.431832926840798e-12,0,0,
merge_test_700-1800_cr0.95_stride100,Ligong_90_000039,Ligong,90,000039,120.34554019444444,30.317467472222223,map2019/merge_test_700-1800_cr0.95_stride100/Ligong_90_000039/GPS_info.json,True,12,12,0,12,12,2.0,7.431832926840798e-12,0,0,
merge_test_700-1800_cr0.95_stride100,Ligong_90_000040,Ligong,90,000040,120.3457486111111,30.317467666666666,map2019/merge_test_700-1800_cr0.95_stride100/Ligong_90_000040/GPS_info.json,True,12,12,0,12,12,2.0,7.431832926840798e-12,0,0,
merge_test_700-1800_cr0.95_stride100,Ligong_90_000041,Ligong,90,000041,120.34595691666667,30.31746836111111,map2019/merge_test_700-1800_cr0.95_stride100/Ligong_90_000041/GPS_info.json,True,12,12,0,12,12,2.0,7.431832926840798e-12,0,0,
merge_test_700-1800_cr0.95_stride100,Ligong_90_000042,Ligong,90,000042,120.34616427777777,30.31746736111111,map2019/merge_test_700-1800_cr0.95_stride100/Ligong_90_000042/GPS_info.json,True,12,12,0,12,12,2.0,7.431832926840798e-12,0,0,
merge_test_700-1800_cr0.95_stride100,Ligong_90_000043,Ligong,90,000043,120.34637458333333,30.317473083333333,map2019/merge_test_700-1800_cr0.95_stride100/Ligong_90_000043/GPS_info.json,True,12,12,0,12,12,2.0,7.431832926840798e-12,0,0,
merge_test_700-1800_cr0.95_stride100,Ligong_90_000044,Ligong,90,000044,120.34658061111111,30.317473833333334,map2019/merge_test_700-1800_cr0.95_stride100/Ligong_90_000044/GPS_info.json,True,12,12,0,12,12,0.0,7.550404745870765e-12,0,0,
merge_test_700-1800_cr0.95_stride100,Ligong_90_000045,Ligong,90,000045,120.34678941666667,30.3174745,map2019/merge_test_700-1800_cr0.95_stride100/Ligong_90_000045/GPS_info.json,True,12,12,0,12,12,0.0,7.550404745870765e-12,0,0,
merge_test_700-1800_cr0.95_stride100,Ligong_90_000046,Ligong,90,000046,120.34699986111112,30.31747688888889,map2019/merge_test_700-1800_cr0.95_stride100/Ligong_90_000046/GPS_info.json,True,12,12,0,12,12,0.0,7.550404745870765e-12,0,0,
merge_test_700-1800_cr0.95_stride100,Ligong_90_000047,Ligong,90,000047,120.34720625,30.317476805555554,map2019/merge_test_700-1800_cr0.95_stride100/Ligong_90_000047/GPS_info.json,True,12,12,0,12,12,2.0,7.431832926840798e-12,0,0,
merge_test_700-1800_cr0.95_stride100,Ligong_90_000048,Ligong,90,000048,120.3474151111111,30.317477,map2019/merge_test_700-1800_cr0.95_stride100/Ligong_90_000048/GPS_info.json,True,12,12,0,12,12,2.0,7.431832926840798e-12,0,0,
merge_test_700-1800_cr0.95_stride100,Ligong_90_000049,Ligong,90,000049,120.34762463888889,30.317480638888888,map2019/merge_test_700-1800_cr0.95_stride100/Ligong_90_000049/GPS_info.json,True,12,12,0,12,12,2.0,7.431832926840798e-12,0,0,
merge_test_700-1800_cr0.95_stride100,Ligong_90_000050,Ligong,90,000050,120.34783030555556,30.317480638888888,map2019/merge_test_700-1800_cr0.95_stride100/Ligong_90_000050/GPS_info.json,True,12,12,0,12,12,2.0,7.431832926840798e-12,0,0,
merge_test_700-1800_cr0.95_stride100,Ligong_90_000051,Ligong,90,000051,120.34783263888889,30.31730038888889,map2019/merge_test_700-1800_cr0.95_stride100/Ligong_90_000051/GPS_info.json,True,12,12,0,12,12,2.0,7.431832926840798e-12,0,0,
merge_test_700-1800_cr0.95_stride100,Ligong_90_000052,Ligong,90,000052,120.34762755555556,30.31729536111111,map2019/merge_test_700-1800_cr0.95_stride100/Ligong_90_000052/GPS_info.json,True,12,12,0,12,12,2.0,7.431832926840798e-12,0,0,
merge_test_700-1800_cr0.95_stride100,Ligong_90_000053,Ligong,90,000053,120.34742008333333,30.317293416666665,map2019/merge_test_700-1800_cr0.95_stride100/Ligong_90_000053/GPS_info.json,True,12,12,0,12,12,2.0,7.431832926840798e-12,0,0,
merge_test_700-1800_cr0.95_stride100,Ligong_90_000054,Ligong,90,000054,120.3472123611111,30.317293638888888,map2019/merge_test_700-1800_cr0.95_stride100/Ligong_90_000054/GPS_info.json,True,12,12,0,12,12,1.0,1.1676770661495084e-11,0,0,
merge_test_700-1800_cr0.95_stride100,Ligong_90_000055,Ligong,90,000055,120.34700572222222,30.317298944444445,map2019/merge_test_700-1800_cr0.95_stride100/Ligong_90_000055/GPS_info.json,True,12,12,0,12,12,2.0,7.431832926840798e-12,0,0,
merge_test_700-1800_cr0.95_stride100,Ligong_90_000056,Ligong,90,000056,120.34679688888889,30.31729875,map2019/merge_test_700-1800_cr0.95_stride100/Ligong_90_000056/GPS_info.json,True,12,12,0,12,12,2.0,7.431832926840798e-12,0,0,
merge_test_700-1800_cr0.95_stride100,Ligong_90_000057,Ligong,90,000057,120.34658705555556,30.317297444444446,map2019/merge_test_700-1800_cr0.95_stride100/Ligong_90_000057/GPS_info.json,True,12,12,0,12,12,1.0,1.1676770661495084e-11,0,0,
merge_test_700-1800_cr0.95_stride100,Ligong_90_000058,Ligong,90,000058,120.34637472222222,30.317295305555554,map2019/merge_test_700-1800_cr0.95_stride100/Ligong_90_000058/GPS_info.json,True,12,12,0,12,12,2.0,7.431832926840798e-12,0,0,
merge_test_700-1800_cr0.95_stride100,Ligong_90_000059,Ligong,90,000059,120.34617022222223,30.31729627777778,map2019/merge_test_700-1800_cr0.95_stride100/Ligong_90_000059/GPS_info.json,True,12,12,0,12,12,1.0,1.1676770661495084e-11,0,0,
merge_test_700-1800_cr0.95_stride100,Ligong_90_000060,Ligong,90,000060,120.34596458333333,30.317297055555557,map2019/merge_test_700-1800_cr0.95_stride100/Ligong_90_000060/GPS_info.json,True,12,12,0,12,12,1.0,1.1676770661495084e-11,0,0,
merge_test_700-1800_cr0.95_stride100,Ligong_90_000061,Ligong,90,000061,120.345758,30.317297222222223,map2019/merge_test_700-1800_cr0.95_stride100/Ligong_90_000061/GPS_info.json,True,12,12,0,12,12,1.0,1.1676770661495084e-11,0,0,
merge_test_700-1800_cr0.95_stride100,Ligong_90_000062,Ligong,90,000062,120.34554947222222,30.31729836111111,map2019/merge_test_700-1800_cr0.95_stride100/Ligong_90_000062/GPS_info.json,True,12,12,0,12,12,2.0,7.431832926840798e-12,0,0,
merge_test_700-1800_cr0.95_stride100,Ligong_90_000063,Ligong,90,000063,120.34534202777778,30.317296638888887,map2019/merge_test_700-1800_cr0.95_stride100/Ligong_90_000063/GPS_info.json,True,12,12,0,12,12,2.0,7.431832926840798e-12,0,0,
merge_test_700-1800_cr0.95_stride100,Ligong_90_000064,Ligong,90,000064,120.34513322222222,30.317295916666666,map2019/merge_test_700-1800_cr0.95_stride100/Ligong_90_000064/GPS_info.json,True,12,12,0,12,12,1.0,1.1676770661495084e-11,0,0,
merge_test_700-1800_cr0.95_stride100,Ligong_90_000065,Ligong,90,000065,120.34492483333334,30.31729563888889,map2019/merge_test_700-1800_cr0.95_stride100/Ligong_90_000065/GPS_info.json,True,12,12,0,12,12,2.0,7.431832926840798e-12,0,0,
merge_test_700-1800_cr0.95_stride100,Ligong_90_000066,Ligong,90,000066,120.34471711111111,30.3172955,map2019/merge_test_700-1800_cr0.95_stride100/Ligong_90_000066/GPS_info.json,True,12,12,0,12,12,1.0,1.1676770661495084e-11,0,0,
merge_test_700-1800_cr0.95_stride100,Ligong_90_000067,Ligong,90,000067,120.34450838888888,30.31729491666667,map2019/merge_test_700-1800_cr0.95_stride100/Ligong_90_000067/GPS_info.json,True,12,12,0,12,12,1.0,1.1676770661495084e-11,0,0,
merge_test_700-1800_cr0.95_stride100,Ligong_90_000068,Ligong,90,000068,120.34450341666667,30.31712163888889,map2019/merge_test_700-1800_cr0.95_stride100/Ligong_90_000068/GPS_info.json,True,12,12,0,12,12,1.0,1.1676770661495084e-11,0,0,
merge_test_700-1800_cr0.95_stride100,Ligong_90_000069,Ligong,90,000069,120.34470877777778,30.317115972222222,map2019/merge_test_700-1800_cr0.95_stride100/Ligong_90_000069/GPS_info.json,True,12,12,0,12,12,1.0,1.1676770661495084e-11,0,0,
merge_test_700-1800_cr0.95_stride100,Ligong_90_000070,Ligong,90,000070,120.34491630555556,30.31711622222222,map2019/merge_test_700-1800_cr0.95_stride100/Ligong_90_000070/GPS_info.json,True,12,12,0,12,12,1.0,1.1676770661495084e-11,0,0,
merge_test_700-1800_cr0.95_stride100,Ligong_90_000071,Ligong,90,000071,120.34512305555556,30.317115333333334,map2019/merge_test_700-1800_cr0.95_stride100/Ligong_90_000071/GPS_info.json,True,12,12,0,12,12,1.0,1.1676770661495084e-11,0,0,
merge_test_700-1800_cr0.95_stride100,Ligong_90_000072,Ligong,90,000072,120.34532983333334,30.317116,map2019/merge_test_700-1800_cr0.95_stride100/Ligong_90_000072/GPS_info.json,True,12,12,0,12,12,1.0,1.1676770661495084e-11,0,0,
merge_test_700-1800_cr0.95_stride100,Ligong_90_000073,Ligong,90,000073,120.34553844444444,30.317114416666666,map2019/merge_test_700-1800_cr0.95_stride100/Ligong_90_000073/GPS_info.json,True,12,12,0,12,12,1.0,1.1676770661495084e-11,0,0,
merge_test_700-1800_cr0.95_stride100,Ligong_90_000074,Ligong,90,000074,120.34574730555556,30.317117916666668,map2019/merge_test_700-1800_cr0.95_stride100/Ligong_90_000074/GPS_info.json,True,12,12,0,12,12,1.0,1.1676770661495084e-11,0,0,
merge_test_700-1800_cr0.95_stride100,Ligong_90_000075,Ligong,90,000075,120.34595325,30.317113055555556,map2019/merge_test_700-1800_cr0.95_stride100/Ligong_90_000075/GPS_info.json,True,12,12,0,12,12,1.0,1.1676770661495084e-11,0,0,
merge_test_700-1800_cr0.95_stride100,Ligong_90_000076,Ligong,90,000076,120.34616277777778,30.31711472222222,map2019/merge_test_700-1800_cr0.95_stride100/Ligong_90_000076/GPS_info.json,True,12,12,0,12,12,1.0,7.724376693829527e-12,0,0,
merge_test_700-1800_cr0.95_stride100,Ligong_90_000077,Ligong,90,000077,120.34637069444445,30.317113666666668,map2019/merge_test_700-1800_cr0.95_stride100/Ligong_90_000077/GPS_info.json,True,12,12,0,12,12,1.0,7.724376693829527e-12,0,0,
merge_test_700-1800_cr0.95_stride100,Ligong_90_000078,Ligong,90,000078,120.34657697222222,30.317113222222222,map2019/merge_test_700-1800_cr0.95_stride100/Ligong_90_000078/GPS_info.json,True,12,12,0,12,12,1.0,1.1676770661495084e-11,0,0,
merge_test_700-1800_cr0.95_stride100,Ligong_90_000079,Ligong,90,000079,120.34678391666667,30.317111222222223,map2019/merge_test_700-1800_cr0.95_stride100/Ligong_90_000079/GPS_info.json,True,12,12,0,12,12,1.0,7.724376693829527e-12,0,0,
merge_test_700-1800_cr0.95_stride100,Ligong_90_000080,Ligong,90,000080,120.34699441666666,30.317115916666665,map2019/merge_test_700-1800_cr0.95_stride100/Ligong_90_000080/GPS_info.json,True,12,12,0,12,12,1.0,7.724376693829527e-12,0,0,
merge_test_700-1800_cr0.95_stride100,Ligong_90_000081,Ligong,90,000081,120.34720452777778,30.317116333333335,map2019/merge_test_700-1800_cr0.95_stride100/Ligong_90_000081/GPS_info.json,True,12,12,0,12,12,1.0,7.724376693829527e-12,0,0,
merge_test_700-1800_cr0.95_stride100,Ligong_90_000082,Ligong,90,000082,120.34741236111111,30.317116805555557,map2019/merge_test_700-1800_cr0.95_stride100/Ligong_90_000082/GPS_info.json,True,12,12,0,12,12,1.0,1.1676770661495084e-11,0,0,
merge_test_700-1800_cr0.95_stride100,Ligong_90_000083,Ligong,90,000083,120.34762077777778,30.317117777777778,map2019/merge_test_700-1800_cr0.95_stride100/Ligong_90_000083/GPS_info.json,True,12,12,0,12,12,1.0,1.1676770661495084e-11,0,0,
merge_test_700-1800_cr0.95_stride100,Ligong_90_000084,Ligong,90,000084,120.34782838888889,30.31711663888889,map2019/merge_test_700-1800_cr0.95_stride100/Ligong_90_000084/GPS_info.json,True,12,12,0,12,12,1.0,7.724376693829527e-12,0,0,
merge_test_700-1800_cr0.95_stride100,Ligong_90_000085,Ligong,90,000085,120.34782458333333,30.316937638888888,map2019/merge_test_700-1800_cr0.95_stride100/Ligong_90_000085/GPS_info.json,True,12,12,0,12,12,1.0,7.724376693829527e-12,0,0,
merge_test_700-1800_cr0.95_stride100,Ligong_90_000086,Ligong,90,000086,120.34762025,30.31692613888889,map2019/merge_test_700-1800_cr0.95_stride100/Ligong_90_000086/GPS_info.json,True,12,12,0,12,12,1.0,1.1676770661495084e-11,0,0,
merge_test_700-1800_cr0.95_stride100,Ligong_90_000087,Ligong,90,000087,120.34741619444445,30.31692347222222,map2019/merge_test_700-1800_cr0.95_stride100/Ligong_90_000087/GPS_info.json,True,12,12,0,12,12,1.0,7.724376693829527e-12,0,0,
merge_test_700-1800_cr0.95_stride100,Ligong_90_000088,Ligong,90,000088,120.34720841666666,30.316923166666665,map2019/merge_test_700-1800_cr0.95_stride100/Ligong_90_000088/GPS_info.json,True,12,12,0,12,12,1.0,7.724376693829527e-12,0,0,
merge_test_700-1800_cr0.95_stride100,Ligong_90_000089,Ligong,90,000089,120.34699977777778,30.316923083333332,map2019/merge_test_700-1800_cr0.95_stride100/Ligong_90_000089/GPS_info.json,True,12,12,0,12,12,1.0,7.724376693829527e-12,0,0,
merge_test_700-1800_cr0.95_stride100,Ligong_90_000090,Ligong,90,000090,120.34678769444444,30.316921611111113,map2019/merge_test_700-1800_cr0.95_stride100/Ligong_90_000090/GPS_info.json,True,12,12,0,12,12,1.0,7.724376693829527e-12,0,0,
merge_test_700-1800_cr0.95_stride100,Ligong_90_000091,Ligong,90,000091,120.34658075,30.31692125,map2019/merge_test_700-1800_cr0.95_stride100/Ligong_90_000091/GPS_info.json,True,12,12,0,12,12,1.0,7.724376693829527e-12,0,0,
merge_test_700-1800_cr0.95_stride100,Ligong_90_000092,Ligong,90,000092,120.3463735,30.316922555555557,map2019/merge_test_700-1800_cr0.95_stride100/Ligong_90_000092/GPS_info.json,True,12,12,0,12,12,1.0,7.724376693829527e-12,0,0,
merge_test_700-1800_cr0.95_stride100,Ligong_90_000093,Ligong,90,000093,120.34616702777778,30.316921,map2019/merge_test_700-1800_cr0.95_stride100/Ligong_90_000093/GPS_info.json,True,12,12,0,12,12,1.0,7.724376693829527e-12,0,0,
merge_test_700-1800_cr0.95_stride100,Ligong_90_000094,Ligong,90,000094,120.3459545,30.316919916666667,map2019/merge_test_700-1800_cr0.95_stride100/Ligong_90_000094/GPS_info.json,True,12,12,0,12,12,1.0,7.724376693829527e-12,0,0,
merge_test_700-1800_cr0.95_stride100,Ligong_90_000095,Ligong,90,000095,120.3457475,30.31692,map2019/merge_test_700-1800_cr0.95_stride100/Ligong_90_000095/GPS_info.json,True,12,12,0,12,12,1.0,6.413980457864454e-12,0,0,
merge_test_700-1800_cr0.95_stride100,Ligong_90_000096,Ligong,90,000096,120.34554055555556,30.316921416666666,map2019/merge_test_700-1800_cr0.95_stride100/Ligong_90_000096/GPS_info.json,True,12,12,0,12,12,1.0,7.724376693829527e-12,0,0,
merge_test_700-1800_cr0.95_stride100,Ligong_90_000097,Ligong,90,000097,120.345332,30.31692025,map2019/merge_test_700-1800_cr0.95_stride100/Ligong_90_000097/GPS_info.json,True,12,12,0,12,12,1.0,6.413980457864454e-12,0,0,
merge_test_700-1800_cr0.95_stride100,Ligong_90_000098,Ligong,90,000098,120.34512413888889,30.316919944444443,map2019/merge_test_700-1800_cr0.95_stride100/Ligong_90_000098/GPS_info.json,True,12,12,0,12,12,1.0,7.724376693829527e-12,0,0,
merge_test_700-1800_cr0.95_stride100,Ligong_90_000099,Ligong,90,000099,120.34491772222222,30.316919777777777,map2019/merge_test_700-1800_cr0.95_stride100/Ligong_90_000099/GPS_info.json,True,12,12,0,12,12,1.0,6.413980457864454e-12,0,0,
merge_test_700-1800_cr0.95_stride100,Ligong_90_000100,Ligong,90,000100,120.34471116666667,30.316920194444446,map2019/merge_test_700-1800_cr0.95_stride100/Ligong_90_000100/GPS_info.json,True,12,12,0,12,12,1.0,6.413980457864454e-12,0,0,
merge_test_700-1800_cr0.95_stride100,Ligong_90_000101,Ligong,90,000101,120.34450227777778,30.316921055555557,map2019/merge_test_700-1800_cr0.95_stride100/Ligong_90_000101/GPS_info.json,True,12,12,0,12,12,1.0,6.413980457864454e-12,0,0,
merge_test_700-1800_cr0.95_stride100,Ligong_90_000102,Ligong,90,000102,120.34449297222223,30.316740527777778,map2019/merge_test_700-1800_cr0.95_stride100/Ligong_90_000102/GPS_info.json,True,12,12,0,12,12,1.0,7.724376693829527e-12,0,0,
merge_test_700-1800_cr0.95_stride100,Ligong_90_000103,Ligong,90,000103,120.34469983333334,30.316739833333333,map2019/merge_test_700-1800_cr0.95_stride100/Ligong_90_000103/GPS_info.json,True,12,12,0,12,12,1.0,7.724376693829527e-12,0,0,
merge_test_700-1800_cr0.95_stride100,Ligong_90_000104,Ligong,90,000104,120.34490611111111,30.316739277777778,map2019/merge_test_700-1800_cr0.95_stride100/Ligong_90_000104/GPS_info.json,True,12,12,0,12,12,1.0,7.724376693829527e-12,0,0,
merge_test_700-1800_cr0.95_stride100,Ligong_90_000105,Ligong,90,000105,120.34511227777777,30.316737916666668,map2019/merge_test_700-1800_cr0.95_stride100/Ligong_90_000105/GPS_info.json,True,12,12,0,12,12,1.0,6.413980457864454e-12,0,0,
merge_test_700-1800_cr0.95_stride100,Ligong_90_000106,Ligong,90,000106,120.34532072222223,30.316737055555556,map2019/merge_test_700-1800_cr0.95_stride100/Ligong_90_000106/GPS_info.json,True,12,12,0,12,12,1.0,6.413980457864454e-12,0,0,
merge_test_700-1800_cr0.95_stride100,Ligong_90_000107,Ligong,90,000107,120.34552702777778,30.316734416666666,map2019/merge_test_700-1800_cr0.95_stride100/Ligong_90_000107/GPS_info.json,True,12,12,0,12,12,1.0,6.413980457864454e-12,0,0,
merge_test_700-1800_cr0.95_stride100,Ligong_90_000108,Ligong,90,000108,120.34573666666667,30.316735972222222,map2019/merge_test_700-1800_cr0.95_stride100/Ligong_90_000108/GPS_info.json,True,12,12,0,12,12,1.0,6.413980457864454e-12,0,0,
merge_test_700-1800_cr0.95_stride100,Ligong_90_000109,Ligong,90,000109,120.34594177777778,30.31673261111111,map2019/merge_test_700-1800_cr0.95_stride100/Ligong_90_000109/GPS_info.json,True,12,12,0,12,12,1.0,6.413980457864454e-12,0,0,
merge_test_700-1800_cr0.95_stride100,Ligong_90_000110,Ligong,90,000110,120.34614986111112,30.316732388888887,map2019/merge_test_700-1800_cr0.95_stride100/Ligong_90_000110/GPS_info.json,True,12,12,0,12,12,1.0,6.413980457864454e-12,0,0,
merge_test_700-1800_cr0.95_stride100,Ligong_90_000111,Ligong,90,000111,120.34635758333333,30.31673463888889,map2019/merge_test_700-1800_cr0.95_stride100/Ligong_90_000111/GPS_info.json,True,12,12,0,12,12,1.0,6.413980457864454e-12,0,0,
merge_test_700-1800_cr0.95_stride100,Ligong_90_000112,Ligong,90,000112,120.34656730555555,30.31673388888889,map2019/merge_test_700-1800_cr0.95_stride100/Ligong_90_000112/GPS_info.json,True,12,12,0,12,12,1.0,6.413980457864454e-12,0,0,
merge_test_700-1800_cr0.95_stride100,Ligong_90_000113,Ligong,90,000113,120.34677502777778,30.31673727777778,map2019/merge_test_700-1800_cr0.95_stride100/Ligong_90_000113/GPS_info.json,True,12,12,0,12,12,1.0,6.413980457864454e-12,0,0,
merge_test_700-1800_cr0.95_stride100,Ligong_90_000114,Ligong,90,000114,120.34698133333333,30.316734694444445,map2019/merge_test_700-1800_cr0.95_stride100/Ligong_90_000114/GPS_info.json,True,12,12,0,12,12,1.0,6.413980457864454e-12,0,0,
merge_test_700-1800_cr0.95_stride100,Ligong_90_000115,Ligong,90,000115,120.34719036111112,30.316736972222223,map2019/merge_test_700-1800_cr0.95_stride100/Ligong_90_000115/GPS_info.json,True,12,12,0,12,12,1.0,6.208533687157569e-12,0,0,
merge_test_700-1800_cr0.95_stride100,Ligong_90_000116,Ligong,90,000116,120.34739891666666,30.31673627777778,map2019/merge_test_700-1800_cr0.95_stride100/Ligong_90_000116/GPS_info.json,True,12,12,0,12,12,1.0,6.413980457864454e-12,0,0,
merge_test_700-1800_cr0.95_stride100,Ligong_90_000117,Ligong,90,000117,120.34760677777778,30.31673522222222,map2019/merge_test_700-1800_cr0.95_stride100/Ligong_90_000117/GPS_info.json,True,12,12,0,12,12,1.0,6.413980457864454e-12,0,0,
merge_test_700-1800_cr0.95_stride100,Ligong_90_000118,Ligong,90,000118,120.34781355555556,30.31673425,map2019/merge_test_700-1800_cr0.95_stride100/Ligong_90_000118/GPS_info.json,True,12,12,0,12,12,1.0,6.208533687157569e-12,0,0,
merge_test_700-1800_cr0.95_stride100,Ligong_90_000119,Ligong,90,000119,120.34782269444445,30.316558861111112,map2019/merge_test_700-1800_cr0.95_stride100/Ligong_90_000119/GPS_info.json,True,12,12,0,12,12,1.0,6.208533687157569e-12,0,0,
merge_test_700-1800_cr0.95_stride100,Ligong_90_000120,Ligong,90,000120,120.34761522222222,30.31655536111111,map2019/merge_test_700-1800_cr0.95_stride100/Ligong_90_000120/GPS_info.json,True,12,12,0,12,12,1.0,6.208533687157569e-12,0,0,
merge_test_700-1800_cr0.95_stride100,Ligong_90_000121,Ligong,90,000121,120.34741030555556,30.31655813888889,map2019/merge_test_700-1800_cr0.95_stride100/Ligong_90_000121/GPS_info.json,True,12,12,0,12,12,1.0,6.208533687157569e-12,0,0,
merge_test_700-1800_cr0.95_stride100,Ligong_90_000122,Ligong,90,000122,120.3472003611111,30.31655588888889,map2019/merge_test_700-1800_cr0.95_stride100/Ligong_90_000122/GPS_info.json,True,12,12,0,12,12,1.0,6.413980457864454e-12,0,0,
merge_test_700-1800_cr0.95_stride100,Ligong_90_000123,Ligong,90,000123,120.34699502777778,30.316557166666666,map2019/merge_test_700-1800_cr0.95_stride100/Ligong_90_000123/GPS_info.json,True,12,12,0,12,12,1.0,6.413980457864454e-12,0,0,
merge_test_700-1800_cr0.95_stride100,Ligong_90_000124,Ligong,90,000124,120.34678780555555,30.316556416666668,map2019/merge_test_700-1800_cr0.95_stride100/Ligong_90_000124/GPS_info.json,True,12,12,0,12,12,1.0,6.413980457864454e-12,0,0,
merge_test_700-1800_cr0.95_stride100,Ligong_90_000125,Ligong,90,000125,120.34657877777778,30.316553222222222,map2019/merge_test_700-1800_cr0.95_stride100/Ligong_90_000125/GPS_info.json,True,12,12,0,12,12,1.0,6.208533687157569e-12,0,0,
merge_test_700-1800_cr0.95_stride100,Ligong_90_000126,Ligong,90,000126,120.34637155555555,30.316553055555556,map2019/merge_test_700-1800_cr0.95_stride100/Ligong_90_000126/GPS_info.json,True,12,12,0,12,12,1.0,6.208533687157569e-12,0,0,
merge_test_700-1800_cr0.95_stride100,Ligong_90_000127,Ligong,90,000127,120.34616061111112,30.31655325,map2019/merge_test_700-1800_cr0.95_stride100/Ligong_90_000127/GPS_info.json,True,12,12,0,12,12,1.0,6.208533687157569e-12,0,0,
merge_test_700-1800_cr0.95_stride100,Ligong_90_000128,Ligong,90,000128,120.34594736111112,30.316550972222224,map2019/merge_test_700-1800_cr0.95_stride100/Ligong_90_000128/GPS_info.json,True,12,12,0,12,12,1.0,6.208533687157569e-12,0,0,
merge_test_700-1800_cr0.95_stride100,Ligong_90_000129,Ligong,90,000129,120.34574141666667,30.316551666666665,map2019/merge_test_700-1800_cr0.95_stride100/Ligong_90_000129/GPS_info.json,True,12,12,0,12,12,1.0,6.208533687157569e-12,0,0,
merge_test_700-1800_cr0.95_stride100,Ligong_90_000130,Ligong,90,000130,120.34554172222222,30.316554222222223,map2019/merge_test_700-1800_cr0.95_stride100/Ligong_90_000130/GPS_info.json,True,12,12,0,12,12,1.0,6.208533687157569e-12,0,0,
merge_test_700-1800_cr0.95_stride100,Ligong_90_000131,Ligong,90,000131,120.34533438888889,30.316553583333334,map2019/merge_test_700-1800_cr0.95_stride100/Ligong_90_000131/GPS_info.json,True,12,12,0,12,12,1.0,6.208533687157569e-12,0,0,
merge_test_700-1800_cr0.95_stride100,Ligong_90_000132,Ligong,90,000132,120.34512525,30.3165525,map2019/merge_test_700-1800_cr0.95_stride100/Ligong_90_000132/GPS_info.json,True,12,12,0,12,12,1.0,6.208533687157569e-12,0,0,
merge_test_700-1800_cr0.95_stride100,Ligong_90_000133,Ligong,90,000133,120.34491747222222,30.316548833333332,map2019/merge_test_700-1800_cr0.95_stride100/Ligong_90_000133/GPS_info.json,True,12,12,0,12,12,1.0,6.208533687157569e-12,0,0,
merge_test_700-1800_cr0.95_stride100,Ligong_90_000134,Ligong,90,000134,120.34470927777778,30.31654888888889,map2019/merge_test_700-1800_cr0.95_stride100/Ligong_90_000134/GPS_info.json,True,12,12,0,12,12,1.0,5.840328221040636e-12,0,0,
merge_test_700-1800_cr0.95_stride100,Ligong_90_000135,Ligong,90,000135,120.34450091666666,30.316549916666666,map2019/merge_test_700-1800_cr0.95_stride100/Ligong_90_000135/GPS_info.json,True,12,12,0,12,12,1.0,6.208533687157569e-12,0,0,
merge_test_700-1800_cr0.95_stride100,Ligong_90_000136,Ligong,90,000136,120.34449675,30.316371416666666,map2019/merge_test_700-1800_cr0.95_stride100/Ligong_90_000136/GPS_info.json,True,12,12,0,12,12,1.0,6.208533687157569e-12,0,0,
merge_test_700-1800_cr0.95_stride100,Ligong_90_000137,Ligong,90,000137,120.34470233333333,30.31637172222222,map2019/merge_test_700-1800_cr0.95_stride100/Ligong_90_000137/GPS_info.json,True,12,12,0,12,12,1.0,5.840328221040636e-12,0,0,
merge_test_700-1800_cr0.95_stride100,Ligong_90_000138,Ligong,90,000138,120.34490897222223,30.316369583333334,map2019/merge_test_700-1800_cr0.95_stride100/Ligong_90_000138/GPS_info.json,True,12,12,0,12,12,1.0,5.840328221040636e-12,0,0,
merge_test_700-1800_cr0.95_stride100,Ligong_90_000139,Ligong,90,000139,120.34511766666667,30.316368611111113,map2019/merge_test_700-1800_cr0.95_stride100/Ligong_90_000139/GPS_info.json,True,12,12,0,12,12,1.0,6.208533687157569e-12,0,0,
merge_test_700-1800_cr0.95_stride100,Ligong_90_000140,Ligong,90,000140,120.34532458333334,30.316367833333334,map2019/merge_test_700-1800_cr0.95_stride100/Ligong_90_000140/GPS_info.json,True,12,12,0,12,12,1.0,5.840328221040636e-12,0,0,
merge_test_700-1800_cr0.95_stride100,Ligong_90_000141,Ligong,90,000141,120.34553227777778,30.316366416666668,map2019/merge_test_700-1800_cr0.95_stride100/Ligong_90_000141/GPS_info.json,True,12,12,0,12,12,1.0,5.840328221040636e-12,0,0,
merge_test_700-1800_cr0.95_stride100,Ligong_90_000142,Ligong,90,000142,120.34574069444444,30.316366555555554,map2019/merge_test_700-1800_cr0.95_stride100/Ligong_90_000142/GPS_info.json,True,12,12,0,12,12,1.0,6.208533687157569e-12,0,0,
merge_test_700-1800_cr0.95_stride100,Ligong_90_000143,Ligong,90,000143,120.34595125,30.316369277777778,map2019/merge_test_700-1800_cr0.95_stride100/Ligong_90_000143/GPS_info.json,True,12,12,0,12,12,1.0,6.208533687157569e-12,0,0,
merge_test_700-1800_cr0.95_stride100,Ligong_90_000144,Ligong,90,000144,120.34615619444445,30.316365555555556,map2019/merge_test_700-1800_cr0.95_stride100/Ligong_90_000144/GPS_info.json,True,12,12,0,12,12,1.0,6.208533687157569e-12,0,0,
merge_test_700-1800_cr0.95_stride100,Ligong_90_000145,Ligong,90,000145,120.34636386111112,30.316364555555555,map2019/merge_test_700-1800_cr0.95_stride100/Ligong_90_000145/GPS_info.json,True,12,12,0,12,12,1.0,5.840328221040636e-12,0,0,
merge_test_700-1800_cr0.95_stride100,Ligong_90_000146,Ligong,90,000146,120.346572,30.316363583333334,map2019/merge_test_700-1800_cr0.95_stride100/Ligong_90_000146/GPS_info.json,True,12,12,0,12,12,1.0,5.840328221040636e-12,0,0,
merge_test_700-1800_cr0.95_stride100,Ligong_90_000147,Ligong,90,000147,120.34677866666667,30.316363777777777,map2019/merge_test_700-1800_cr0.95_stride100/Ligong_90_000147/GPS_info.json,True,12,12,0,12,12,1.0,5.840328221040636e-12,0,0,
merge_test_700-1800_cr0.95_stride100,Ligong_90_000148,Ligong,90,000148,120.3469858888889,30.316361944444445,map2019/merge_test_700-1800_cr0.95_stride100/Ligong_90_000148/GPS_info.json,True,12,12,0,12,12,1.0,5.840328221040636e-12,0,0,
merge_test_700-1800_cr0.95_stride100,Ligong_90_000149,Ligong,90,000149,120.34719427777777,30.316359916666666,map2019/merge_test_700-1800_cr0.95_stride100/Ligong_90_000149/GPS_info.json,True,12,12,0,12,12,1.0,5.840328221040636e-12,0,0,
merge_test_700-1800_cr0.95_stride100,Ligong_90_000150,Ligong,90,000150,120.34740269444444,30.31636097222222,map2019/merge_test_700-1800_cr0.95_stride100/Ligong_90_000150/GPS_info.json,True,12,12,0,12,12,1.0,5.840328221040636e-12,0,0,
merge_test_700-1800_cr0.95_stride100,Ligong_90_000151,Ligong,90,000151,120.3476095,30.31636025,map2019/merge_test_700-1800_cr0.95_stride100/Ligong_90_000151/GPS_info.json,True,12,12,0,12,12,1.0,5.840328221040636e-12,0,0,
merge_test_700-1800_cr0.95_stride100,Ligong_90_000152,Ligong,90,000152,120.34781677777778,30.31635797222222,map2019/merge_test_700-1800_cr0.95_stride100/Ligong_90_000152/GPS_info.json,True,12,12,0,12,12,1.0,5.840328221040636e-12,0,0,
merge_test_700-1800_cr0.95_stride100,Ligong_90_000153,Ligong,90,000153,120.34783083333333,30.316181055555557,map2019/merge_test_700-1800_cr0.95_stride100/Ligong_90_000153/GPS_info.json,True,12,12,0,12,12,1.0,5.840328221040636e-12,0,0,
merge_test_700-1800_cr0.95_stride100,Ligong_90_000154,Ligong,90,000154,120.34762483333333,30.316178277777777,map2019/merge_test_700-1800_cr0.95_stride100/Ligong_90_000154/GPS_info.json,True,12,12,0,12,12,1.0,5.840328221040636e-12,0,0,
merge_test_700-1800_cr0.95_stride100,Ligong_90_000155,Ligong,90,000155,120.34742008333333,30.31618025,map2019/merge_test_700-1800_cr0.95_stride100/Ligong_90_000155/GPS_info.json,True,12,12,0,12,12,1.0,5.874856157106478e-12,0,0,
merge_test_700-1800_cr0.95_stride100,Ligong_90_000156,Ligong,90,000156,120.34721205555556,30.316178416666666,map2019/merge_test_700-1800_cr0.95_stride100/Ligong_90_000156/GPS_info.json,True,12,12,0,12,12,1.0,5.840328221040636e-12,0,0,
merge_test_700-1800_cr0.95_stride100,Ligong_90_000157,Ligong,90,000157,120.34700572222222,30.316180194444446,map2019/merge_test_700-1800_cr0.95_stride100/Ligong_90_000157/GPS_info.json,True,12,12,0,12,12,1.0,5.874856157106478e-12,0,0,
merge_test_700-1800_cr0.95_stride100,Ligong_90_000158,Ligong,90,000158,120.34679641666666,30.316179555555557,map2019/merge_test_700-1800_cr0.95_stride100/Ligong_90_000158/GPS_info.json,True,12,12,0,12,12,1.0,5.874856157106478e-12,0,0,
merge_test_700-1800_cr0.95_stride100,Ligong_90_000159,Ligong,90,000159,120.34658905555555,30.316182444444443,map2019/merge_test_700-1800_cr0.95_stride100/Ligong_90_000159/GPS_info.json,True,12,12,0,12,12,1.0,5.840328221040636e-12,0,0,
merge_test_700-1800_cr0.95_stride100,Ligong_90_000160,Ligong,90,000160,120.34638061111112,30.316184805555555,map2019/merge_test_700-1800_cr0.95_stride100/Ligong_90_000160/GPS_info.json,True,12,12,0,12,12,1.0,5.874856157106478e-12,0,0,
merge_test_700-1800_cr0.95_stride100,Ligong_90_000161,Ligong,90,000161,120.34617597222223,30.316184777777778,map2019/merge_test_700-1800_cr0.95_stride100/Ligong_90_000161/GPS_info.json,True,12,12,0,12,12,1.0,5.874856157106478e-12,0,0,
merge_test_700-1800_cr0.95_stride100,Ligong_90_000162,Ligong,90,000162,120.34596644444444,30.316186416666667,map2019/merge_test_700-1800_cr0.95_stride100/Ligong_90_000162/GPS_info.json,True,12,12,0,12,12,1.0,5.840328221040636e-12,0,0,
merge_test_700-1800_cr0.95_stride100,Ligong_90_000163,Ligong,90,000163,120.34575997222223,30.316183777777777,map2019/merge_test_700-1800_cr0.95_stride100/Ligong_90_000163/GPS_info.json,True,12,12,0,12,12,1.0,5.840328221040636e-12,0,0,
merge_test_700-1800_cr0.95_stride100,Ligong_90_000164,Ligong,90,000164,120.34555102777777,30.31618427777778,map2019/merge_test_700-1800_cr0.95_stride100/Ligong_90_000164/GPS_info.json,True,12,12,0,12,12,1.0,5.840328221040636e-12,0,0,
merge_test_700-1800_cr0.95_stride100,Ligong_90_000165,Ligong,90,000165,120.34534077777778,30.31618466666667,map2019/merge_test_700-1800_cr0.95_stride100/Ligong_90_000165/GPS_info.json,True,12,12,0,12,12,1.0,5.874856157106478e-12,0,0,
merge_test_700-1800_cr0.95_stride100,Ligong_90_000166,Ligong,90,000166,120.34513405555556,30.316183555555554,map2019/merge_test_700-1800_cr0.95_stride100/Ligong_90_000166/GPS_info.json,True,12,12,0,12,12,1.0,5.874856157106478e-12,0,0,
merge_test_700-1800_cr0.95_stride100,Ligong_90_000167,Ligong,90,000167,120.34492602777777,30.31618538888889,map2019/merge_test_700-1800_cr0.95_stride100/Ligong_90_000167/GPS_info.json,True,12,12,0,12,12,1.0,5.874856157106478e-12,0,0,
merge_test_700-1800_cr0.95_stride100,Ligong_90_000168,Ligong,90,000168,120.34471661111111,30.316185055555554,map2019/merge_test_700-1800_cr0.95_stride100/Ligong_90_000168/GPS_info.json,True,12,12,0,12,12,1.0,5.874856157106478e-12,0,0,
merge_test_700-1800_cr0.95_stride100,Ligong_90_000169,Ligong,90,000169,120.34450997222223,30.316187361111112,map2019/merge_test_700-1800_cr0.95_stride100/Ligong_90_000169/GPS_info.json,True,12,12,0,12,12,1.0,5.874856157106478e-12,0,0,
merge_test_700-1800_cr0.95_stride100,Ligong_90_000170,Ligong,90,000170,120.34450302777778,30.316006027777778,map2019/merge_test_700-1800_cr0.95_stride100/Ligong_90_000170/GPS_info.json,True,12,12,0,12,12,1.0,5.874856157106478e-12,0,0,
merge_test_700-1800_cr0.95_stride100,Ligong_90_000171,Ligong,90,000171,120.34471077777778,30.316002416666667,map2019/merge_test_700-1800_cr0.95_stride100/Ligong_90_000171/GPS_info.json,True,12,12,0,12,12,1.0,5.874856157106478e-12,0,0,
merge_test_700-1800_cr0.95_stride100,Ligong_90_000172,Ligong,90,000172,120.34491377777778,30.31599975,map2019/merge_test_700-1800_cr0.95_stride100/Ligong_90_000172/GPS_info.json,True,12,12,0,12,12,1.0,5.874856157106478e-12,0,0,
merge_test_700-1800_cr0.95_stride100,Ligong_90_000173,Ligong,90,000173,120.34512491666666,30.31600127777778,map2019/merge_test_700-1800_cr0.95_stride100/Ligong_90_000173/GPS_info.json,True,12,12,0,12,12,1.0,5.874856157106478e-12,0,0,
merge_test_700-1800_cr0.95_stride100,Ligong_90_000174,Ligong,90,000174,120.3453345,30.316000638888887,map2019/merge_test_700-1800_cr0.95_stride100/Ligong_90_000174/GPS_info.json,True,12,12,0,12,12,1.0,5.874856157106478e-12,0,0,
merge_test_700-1800_cr0.95_stride100,Ligong_90_000175,Ligong,90,000175,120.34554347222222,30.316000583333334,map2019/merge_test_700-1800_cr0.95_stride100/Ligong_90_000175/GPS_info.json,True,12,12,0,12,12,1.0,4.630185124199215e-12,0,0,
merge_test_700-1800_cr0.95_stride100,Ligong_90_000176,Ligong,90,000176,120.3457515,30.315998944444445,map2019/merge_test_700-1800_cr0.95_stride100/Ligong_90_000176/GPS_info.json,True,12,12,0,12,12,1.0,5.874856157106478e-12,0,0,
merge_test_700-1800_cr0.95_stride100,Ligong_90_000177,Ligong,90,000177,120.34595797222222,30.315996444444444,map2019/merge_test_700-1800_cr0.95_stride100/Ligong_90_000177/GPS_info.json,True,12,12,0,12,12,1.0,5.874856157106478e-12,0,0,
merge_test_700-1800_cr0.95_stride100,Ligong_90_000178,Ligong,90,000178,120.34616622222222,30.315997694444444,map2019/merge_test_700-1800_cr0.95_stride100/Ligong_90_000178/GPS_info.json,True,12,12,0,12,12,1.0,4.630185124199215e-12,0,0,
merge_test_700-1800_cr0.95_stride100,Ligong_90_000179,Ligong,90,000179,120.34637316666667,30.31599486111111,map2019/merge_test_700-1800_cr0.95_stride100/Ligong_90_000179/GPS_info.json,True,12,12,0,12,12,1.0,4.630185124199215e-12,0,0,
merge_test_700-1800_cr0.95_stride100,Ligong_90_000180,Ligong,90,000180,120.34658047222223,30.315992277777777,map2019/merge_test_700-1800_cr0.95_stride100/Ligong_90_000180/GPS_info.json,True,12,12,0,12,12,1.0,4.630185124199215e-12,0,0,
merge_test_700-1800_cr0.95_stride100,Ligong_90_000181,Ligong,90,000181,120.34678841666667,30.315989138888888,map2019/merge_test_700-1800_cr0.95_stride100/Ligong_90_000181/GPS_info.json,True,12,12,0,12,12,1.0,5.874856157106478e-12,0,0,
merge_test_700-1800_cr0.95_stride100,Ligong_90_000182,Ligong,90,000182,120.34699461111111,30.315992555555557,map2019/merge_test_700-1800_cr0.95_stride100/Ligong_90_000182/GPS_info.json,True,12,12,0,12,12,1.0,5.874856157106478e-12,0,0,
merge_test_700-1800_cr0.95_stride100,Ligong_90_000183,Ligong,90,000183,120.34720502777778,30.315990305555555,map2019/merge_test_700-1800_cr0.95_stride100/Ligong_90_000183/GPS_info.json,True,12,12,0,12,12,1.0,5.874856157106478e-12,0,0,
merge_test_700-1800_cr0.95_stride100,Ligong_90_000184,Ligong,90,000184,120.34741380555556,30.3159895,map2019/merge_test_700-1800_cr0.95_stride100/Ligong_90_000184/GPS_info.json,True,12,12,0,12,12,1.0,4.630185124199215e-12,0,0,
merge_test_700-1800_cr0.95_stride100,Ligong_90_000185,Ligong,90,000185,120.3476223611111,30.31598963888889,map2019/merge_test_700-1800_cr0.95_stride100/Ligong_90_000185/GPS_info.json,True,12,12,0,12,12,1.0,4.630185124199215e-12,0,0,
merge_test_700-1800_cr0.95_stride100,Ligong_90_000186,Ligong,90,000186,120.34783180555556,30.315989,map2019/merge_test_700-1800_cr0.95_stride100/Ligong_90_000186/GPS_info.json,True,12,12,0,12,12,1.0,4.630185124199215e-12,0,0,
merge_test_700-1800_cr0.95_stride100,Ligong_90_000187,Ligong,90,000187,120.34783641666667,30.315812305555557,map2019/merge_test_700-1800_cr0.95_stride100/Ligong_90_000187/GPS_info.json,True,12,12,0,12,12,1.0,4.630185124199215e-12,0,0,
merge_test_700-1800_cr0.95_stride100,Ligong_90_000188,Ligong,90,000188,120.34763475,30.31581288888889,map2019/merge_test_700-1800_cr0.95_stride100/Ligong_90_000188/GPS_info.json,True,12,12,0,12,12,1.0,4.630185124199215e-12,0,0,
merge_test_700-1800_cr0.95_stride100,Ligong_90_000189,Ligong,90,000189,120.34742602777777,30.31581113888889,map2019/merge_test_700-1800_cr0.95_stride100/Ligong_90_000189/GPS_info.json,True,12,12,0,12,12,1.0,4.630185124199215e-12,0,0,
merge_test_700-1800_cr0.95_stride100,Ligong_90_000190,Ligong,90,000190,120.34721975,30.315811833333335,map2019/merge_test_700-1800_cr0.95_stride100/Ligong_90_000190/GPS_info.json,True,12,12,0,12,12,1.0,4.630185124199215e-12,0,0,
merge_test_700-1800_cr0.95_stride100,Ligong_90_000191,Ligong,90,000191,120.34701180555555,30.31581427777778,map2019/merge_test_700-1800_cr0.95_stride100/Ligong_90_000191/GPS_info.json,True,12,12,0,12,12,1.0,4.630185124199215e-12,0,0,
merge_test_700-1800_cr0.95_stride100,Ligong_90_000192,Ligong,90,000192,120.34680236111112,30.31581386111111,map2019/merge_test_700-1800_cr0.95_stride100/Ligong_90_000192/GPS_info.json,True,12,12,0,12,12,1.0,4.630185124199215e-12,0,0,
merge_test_700-1800_cr0.95_stride100,Ligong_90_000193,Ligong,90,000193,120.34659347222222,30.3158165,map2019/merge_test_700-1800_cr0.95_stride100/Ligong_90_000193/GPS_info.json,True,12,12,0,12,12,1.0,4.630185124199215e-12,0,0,
merge_test_700-1800_cr0.95_stride100,Ligong_90_000194,Ligong,90,000194,120.34638666666666,30.31581388888889,map2019/merge_test_700-1800_cr0.95_stride100/Ligong_90_000194/GPS_info.json,True,12,12,0,12,12,1.0,4.630185124199215e-12,0,0,
merge_test_700-1800_cr0.95_stride100,Ligong_90_000195,Ligong,90,000195,120.34618197222223,30.315813972222223,map2019/merge_test_700-1800_cr0.95_stride100/Ligong_90_000195/GPS_info.json,True,12,12,0,12,12,1.0,9.915512855229736e-12,0,0,
merge_test_700-1800_cr0.95_stride100,Ligong_90_000196,Ligong,90,000196,120.3459733888889,30.31581625,map2019/merge_test_700-1800_cr0.95_stride100/Ligong_90_000196/GPS_info.json,True,12,12,0,12,12,1.0,4.630185124199215e-12,0,0,
merge_test_700-1800_cr0.95_stride100,Ligong_90_000197,Ligong,90,000197,120.34576583333333,30.31581536111111,map2019/merge_test_700-1800_cr0.95_stride100/Ligong_90_000197/GPS_info.json,True,12,12,0,12,12,1.0,9.915512855229736e-12,0,0,
merge_test_700-1800_cr0.95_stride100,Ligong_90_000198,Ligong,90,000198,120.34555716666667,30.315816527777777,map2019/merge_test_700-1800_cr0.95_stride100/Ligong_90_000198/GPS_info.json,True,12,12,0,12,12,1.0,4.630185124199215e-12,0,0,
merge_test_700-1800_cr0.95_stride100,Ligong_90_000199,Ligong,90,000199,120.34534894444444,30.315817583333335,map2019/merge_test_700-1800_cr0.95_stride100/Ligong_90_000199/GPS_info.json,True,12,12,0,12,12,1.0,9.915512855229736e-12,0,0,
val,Chuanmei_100_000004,Chuanmei,100,000004,120.33623455555555,30.324269555555556,map2019/val/Chuanmei_100_000004/GPS_info.json,True,12,12,0,12,12,1.0,7.878475649647498e-12,0,0,
val,Chuanmei_100_000008,Chuanmei,100,000008,120.33706708333334,30.32426775,map2019/val/Chuanmei_100_000008/GPS_info.json,True,12,12,0,12,12,1.0,7.878475649647498e-12,0,0,
val,Chuanmei_100_000016,Chuanmei,100,000016,120.33872738888888,30.324262666666666,map2019/val/Chuanmei_100_000016/GPS_info.json,True,12,12,0,12,12,1.0,7.878475649647498e-12,0,0,
val,Chuanmei_100_000017,Chuanmei,100,000017,120.33872827777778,30.32408322222222,map2019/val/Chuanmei_100_000017/GPS_info.json,True,12,12,0,12,12,1.0,7.878475649647498e-12,0,0,
val,Chuanmei_100_000023,Chuanmei,100,000023,120.33748097222222,30.324083055555555,map2019/val/Chuanmei_100_000023/GPS_info.json,True,12,12,0,12,12,1.0,1.0625167412570136e-11,0,0,
val,Chuanmei_100_000027,Chuanmei,100,000027,120.33664869444445,30.324083916666666,map2019/val/Chuanmei_100_000027/GPS_info.json,True,12,12,0,12,12,1.0,1.0625167412570136e-11,0,0,
val,Chuanmei_100_000041,Chuanmei,100,000041,120.33684825,30.32391697222222,map2019/val/Chuanmei_100_000041/GPS_info.json,True,12,12,0,12,12,1.0,1.0419221041502169e-11,0,0,
val,Chuanmei_100_000045,Chuanmei,100,000045,120.33768152777778,30.323922055555556,map2019/val/Chuanmei_100_000045/GPS_info.json,True,12,12,0,12,12,1.0,1.0419221041502169e-11,0,0,
val,Chuanmei_100_000048,Chuanmei,100,000048,120.33830513888888,30.323929166666666,map2019/val/Chuanmei_100_000048/GPS_info.json,True,12,12,0,12,12,1.0,1.0419221041502169e-11,0,0,
val,Chuanmei_100_000062,Chuanmei,100,000062,120.33643358333333,30.323742916666667,map2019/val/Chuanmei_100_000062/GPS_info.json,True,12,12,0,12,12,1.0,9.764633546183177e-12,0,0,
val,Chuanmei_100_000064,Chuanmei,100,000064,120.33601813888889,30.323742916666667,map2019/val/Chuanmei_100_000064/GPS_info.json,True,12,12,0,12,12,1.0,8.275019558467989e-12,0,0,
val,Chuanmei_100_000068,Chuanmei,100,000068,120.33537491666667,30.323561833333333,map2019/val/Chuanmei_100_000068/GPS_info.json,True,12,12,0,12,12,1.0,9.764633546183177e-12,0,0,
val,Chuanmei_100_000074,Chuanmei,100,000074,120.33662186111111,30.323572583333334,map2019/val/Chuanmei_100_000074/GPS_info.json,True,12,12,0,12,12,1.0,9.764633546183177e-12,0,0,
val,Chuanmei_100_000075,Chuanmei,100,000075,120.3368323888889,30.323574555555556,map2019/val/Chuanmei_100_000075/GPS_info.json,True,12,12,0,12,12,1.0,9.764633546183177e-12,0,0,
val,Chuanmei_100_000076,Chuanmei,100,000076,120.33704091666667,30.32357641666667,map2019/val/Chuanmei_100_000076/GPS_info.json,True,12,12,0,12,12,1.0,9.764633546183177e-12,0,0,
val,Chuanmei_100_000083,Chuanmei,100,000083,120.33849902777777,30.323589333333334,map2019/val/Chuanmei_100_000083/GPS_info.json,True,12,12,0,12,12,1.0,9.764633546183177e-12,0,0,
val,Chuanmei_100_000092,Chuanmei,100,000092,120.33726025,30.323395138888888,map2019/val/Chuanmei_100_000092/GPS_info.json,True,12,12,0,12,12,1.0,8.275019558467989e-12,0,0,
val,Chuanmei_100_000093,Chuanmei,100,000093,120.33705063888888,30.323392833333333,map2019/val/Chuanmei_100_000093/GPS_info.json,True,12,12,0,12,12,1.0,8.275019558467989e-12,0,0,
val,Chuanmei_100_000096,Chuanmei,100,000096,120.33643033333334,30.323383,map2019/val/Chuanmei_100_000096/GPS_info.json,True,12,12,0,12,12,1.0,6.37184749407993e-12,0,0,
val,Chuanmei_100_000098,Chuanmei,100,000098,120.33601672222223,30.323379805555554,map2019/val/Chuanmei_100_000098/GPS_info.json,True,12,12,0,12,12,1.0,1.0462297694857625e-11,0,0,
val,Chuanmei_100_000103,Chuanmei,100,000103,120.33559755555555,30.323193611111112,map2019/val/Chuanmei_100_000103/GPS_info.json,True,12,12,0,12,12,1.0,8.275019558467989e-12,0,0,
val,Chuanmei_100_000104,Chuanmei,100,000104,120.33580427777778,30.32319358333333,map2019/val/Chuanmei_100_000104/GPS_info.json,True,12,12,0,12,12,1.0,8.275019558467989e-12,0,0,
val,Chuanmei_100_000106,Chuanmei,100,000106,120.33622038888889,30.323192388888888,map2019/val/Chuanmei_100_000106/GPS_info.json,True,12,12,0,12,12,1.0,1.0462297694857625e-11,0,0,
val,Chuanmei_100_000113,Chuanmei,100,000113,120.33767611111111,30.323200194444443,map2019/val/Chuanmei_100_000113/GPS_info.json,True,12,12,0,12,12,1.0,1.0462297694857625e-11,0,0,
val,Chuanmei_100_000115,Chuanmei,100,000115,120.33809188888888,30.323203916666667,map2019/val/Chuanmei_100_000115/GPS_info.json,True,12,12,0,12,12,1.0,1.0462297694857625e-11,0,0,
val,Chuanmei_100_000141,Chuanmei,100,000141,120.33642216666667,30.3228205,map2019/val/Chuanmei_100_000141/GPS_info.json,True,12,12,0,12,12,1.0,6.37184749407993e-12,0,0,
val,Chuanmei_100_000152,Chuanmei,100,000152,120.33870694444444,30.32282947222222,map2019/val/Chuanmei_100_000152/GPS_info.json,True,12,12,0,12,12,1.0,1.1608047856270787e-11,0,0,
val,Chuanmei_100_000157,Chuanmei,100,000157,120.3378793888889,30.322634611111113,map2019/val/Chuanmei_100_000157/GPS_info.json,True,12,12,0,12,12,1.0,1.0808298700482055e-11,0,0,
val,Chuanmei_100_000159,Chuanmei,100,000159,120.33746008333334,30.322629694444444,map2019/val/Chuanmei_100_000159/GPS_info.json,True,12,12,0,12,12,1.0,1.0808298700482055e-11,0,0,
val,Chuanmei_100_000160,Chuanmei,100,000160,120.33725369444444,30.322627805555555,map2019/val/Chuanmei_100_000160/GPS_info.json,True,12,12,0,12,12,1.0,1.1608047856270787e-11,0,0,
val,Chuanmei_100_000166,Chuanmei,100,000166,120.33600113888889,30.322615083333332,map2019/val/Chuanmei_100_000166/GPS_info.json,True,12,12,0,12,12,1.0,1.0808298700482055e-11,0,0,
val,Chuanmei_100_000196,Chuanmei,100,000196,120.33682252777778,30.322266777777777,map2019/val/Chuanmei_100_000196/GPS_info.json,True,12,12,0,12,12,0.0,7.583933481214444e-12,0,0,
val,Chuanmei_80_000005,Chuanmei,80,000005,120.33645688888889,30.324266833333333,map2019/val/Chuanmei_80_000005/GPS_info.json,True,12,12,0,12,12,0.0,7.583933481214444e-12,0,0,
val,Chuanmei_80_000006,Chuanmei,80,000006,120.336666,30.324264666666668,map2019/val/Chuanmei_80_000006/GPS_info.json,True,12,12,0,12,12,1.0,1.1780951214568347e-11,0,0,
val,Chuanmei_80_000008,Chuanmei,80,000008,120.33707858333334,30.32426472222222,map2019/val/Chuanmei_80_000008/GPS_info.json,True,12,12,0,12,12,1.0,8.109624083374456e-12,0,0,
val,Chuanmei_80_000011,Chuanmei,80,000011,120.33770277777778,30.324263944444443,map2019/val/Chuanmei_80_000011/GPS_info.json,True,12,12,0,12,12,1.0,8.109624083374456e-12,0,0,
val,Chuanmei_80_000026,Chuanmei,80,000026,120.33687094444444,30.324079583333333,map2019/val/Chuanmei_80_000026/GPS_info.json,True,12,12,0,12,12,1.0,8.109624083374456e-12,0,0,
val,Chuanmei_80_000033,Chuanmei,80,000033,120.33542077777778,30.324081944444444,map2019/val/Chuanmei_80_000033/GPS_info.json,True,12,12,0,12,12,0.0,5.941596173397734e-12,0,0,
val,Chuanmei_80_000038,Chuanmei,80,000038,120.33624358333333,30.323907527777777,map2019/val/Chuanmei_80_000038/GPS_info.json,True,12,12,0,12,12,1.0,1.1780951214568347e-11,0,0,
val,Chuanmei_80_000039,Chuanmei,80,000039,120.33645275,30.32390997222222,map2019/val/Chuanmei_80_000039/GPS_info.json,True,12,12,0,12,12,1.0,5.055955654142963e-12,0,0,
val,Chuanmei_80_000044,Chuanmei,80,000044,120.33749219444445,30.32391652777778,map2019/val/Chuanmei_80_000044/GPS_info.json,True,12,12,0,12,12,1.0,1.1780951214568347e-11,0,0,
val,Chuanmei_80_000048,Chuanmei,80,000048,120.33832655555555,30.323922805555554,map2019/val/Chuanmei_80_000048/GPS_info.json,True,12,12,0,12,12,0.0,5.941596173397734e-12,0,0,
val,Chuanmei_80_000052,Chuanmei,80,000052,120.33854258333334,30.323744666666666,map2019/val/Chuanmei_80_000052/GPS_info.json,True,12,12,0,12,12,1.0,1.1780951214568347e-11,0,0,
val,Chuanmei_80_000055,Chuanmei,80,000055,120.33791488888889,30.32374225,map2019/val/Chuanmei_80_000055/GPS_info.json,True,12,12,0,12,12,0.0,5.941596173397734e-12,0,0,
val,Chuanmei_80_000056,Chuanmei,80,000056,120.33771116666667,30.32374125,map2019/val/Chuanmei_80_000056/GPS_info.json,True,12,12,0,12,12,0.0,5.941596173397734e-12,0,0,
val,Chuanmei_80_000062,Chuanmei,80,000062,120.33645572222223,30.323740083333334,map2019/val/Chuanmei_80_000062/GPS_info.json,True,12,12,0,12,12,0.0,5.941596173397734e-12,0,0,
val,Chuanmei_80_000070,Chuanmei,80,000070,120.33581130555555,30.323558666666667,map2019/val/Chuanmei_80_000070/GPS_info.json,True,12,12,0,12,12,1.0,5.055955654142963e-12,0,0,
val,Chuanmei_80_000107,Chuanmei,80,000107,120.33645333333334,30.323193833333335,map2019/val/Chuanmei_80_000107/GPS_info.json,True,12,12,0,12,12,1.0,4.882316773091588e-12,0,0,
val,Chuanmei_80_000114,Chuanmei,80,000114,120.33791047222222,30.32320222222222,map2019/val/Chuanmei_80_000114/GPS_info.json,True,12,12,0,12,12,1.0,7.32292004812507e-12,0,0,
val,Chuanmei_80_000116,Chuanmei,80,000116,120.33832663888889,30.323204444444446,map2019/val/Chuanmei_80_000116/GPS_info.json,True,12,12,0,12,12,1.0,7.32292004812507e-12,0,0,
val,Chuanmei_80_000122,Chuanmei,80,000122,120.33810816666667,30.32301738888889,map2019/val/Chuanmei_80_000122/GPS_info.json,True,12,12,0,12,12,1.0,9.27358190239147e-12,0,0,
val,Chuanmei_80_000123,Chuanmei,80,000123,120.33790544444444,30.32301861111111,map2019/val/Chuanmei_80_000123/GPS_info.json,True,12,12,0,12,12,1.0,1.2061796006435088e-11,0,0,
val,Chuanmei_80_000126,Chuanmei,80,000126,120.33727266666666,30.323009444444445,map2019/val/Chuanmei_80_000126/GPS_info.json,True,12,12,0,12,12,1.0,1.2061796006435088e-11,0,0,
val,Chuanmei_80_000128,Chuanmei,80,000128,120.33685991666667,30.323005555555554,map2019/val/Chuanmei_80_000128/GPS_info.json,True,12,12,0,12,12,1.0,1.2061796006435088e-11,0,0,
val,Chuanmei_80_000129,Chuanmei,80,000129,120.33665230555556,30.32300313888889,map2019/val/Chuanmei_80_000129/GPS_info.json,True,12,12,0,12,12,0.0,7.91167131808379e-12,0,0,
val,Chuanmei_80_000131,Chuanmei,80,000131,120.33623736111112,30.32300038888889,map2019/val/Chuanmei_80_000131/GPS_info.json,True,12,12,0,12,12,1.0,4.882316773091588e-12,0,0,
val,Chuanmei_80_000142,Chuanmei,80,000142,120.33665097222222,30.32282325,map2019/val/Chuanmei_80_000142/GPS_info.json,True,12,12,0,12,12,1.0,1.2061796006435088e-11,0,0,
val,Chuanmei_80_000157,Chuanmei,80,000157,120.33790380555556,30.322639083333332,map2019/val/Chuanmei_80_000157/GPS_info.json,True,12,12,0,12,12,1.0,1.2061796006435088e-11,0,0,
val,Chuanmei_80_000170,Chuanmei,80,000170,120.33538483333334,30.322422222222222,map2019/val/Chuanmei_80_000170/GPS_info.json,True,12,12,0,12,12,1.0,9.102663067750427e-12,0,0,
val,Chuanmei_80_000172,Chuanmei,80,000172,120.3358083611111,30.322429166666666,map2019/val/Chuanmei_80_000172/GPS_info.json,True,12,12,0,12,12,1.0,9.102663067750427e-12,0,0,
val,Chuanmei_80_000181,Chuanmei,80,000181,120.3376828611111,30.322444444444443,map2019/val/Chuanmei_80_000181/GPS_info.json,True,12,12,0,12,12,0.0,7.91167131808379e-12,0,0,
val,Chuanmei_80_000182,Chuanmei,80,000182,120.33788994444444,30.322447333333333,map2019/val/Chuanmei_80_000182/GPS_info.json,True,12,12,0,12,12,1.0,9.102663067750427e-12,0,0,
val,Chuanmei_80_000194,Chuanmei,80,000194,120.33726919444445,30.322270888888887,map2019/val/Chuanmei_80_000194/GPS_info.json,True,12,12,0,12,12,1.0,9.102663067750427e-12,0,0,
val,Chuanmei_80_000196,Chuanmei,80,000196,120.33685325,30.322269555555554,map2019/val/Chuanmei_80_000196/GPS_info.json,True,12,12,0,12,12,0.0,7.91167131808379e-12,0,0,
val,Chuanmei_80_000198,Chuanmei,80,000198,120.33643769444444,30.32227163888889,map2019/val/Chuanmei_80_000198/GPS_info.json,True,12,12,0,12,12,0.0,7.91167131808379e-12,0,0,
val,Chuanmei_90_000004,Chuanmei,90,000004,120.33625355555556,30.324270055555555,map2019/val/Chuanmei_90_000004/GPS_info.json,True,12,12,0,12,12,1.0,9.27358190239147e-12,0,0,
val,Chuanmei_90_000006,Chuanmei,90,000006,120.33666305555556,30.324271555555555,map2019/val/Chuanmei_90_000006/GPS_info.json,True,12,12,0,12,12,1.0,9.102663067750427e-12,0,0,
val,Chuanmei_90_000012,Chuanmei,90,000012,120.33790475,30.324267333333335,map2019/val/Chuanmei_90_000012/GPS_info.json,True,12,12,0,12,12,0.0,8.905858689400858e-12,0,0,
val,Chuanmei_90_000020,Chuanmei,90,000020,120.33811525,30.32408625,map2019/val/Chuanmei_90_000020/GPS_info.json,True,12,12,0,12,12,1.0,9.27358190239147e-12,0,0,
val,Chuanmei_90_000026,Chuanmei,90,000026,120.33685986111111,30.32408586111111,map2019/val/Chuanmei_90_000026/GPS_info.json,True,12,12,0,12,12,0.0,8.905858689400858e-12,0,0,
val,Chuanmei_90_000037,Chuanmei,90,000037,120.33602219444444,30.323910333333334,map2019/val/Chuanmei_90_000037/GPS_info.json,True,12,12,0,12,12,1.0,7.976619365024362e-12,0,0,
val,Chuanmei_90_000046,Chuanmei,90,000046,120.33789819444445,30.323928,map2019/val/Chuanmei_90_000046/GPS_info.json,True,12,12,0,12,12,0.0,8.905858689400858e-12,0,0,
val,Chuanmei_90_000055,Chuanmei,90,000055,120.33790422222222,30.32375225,map2019/val/Chuanmei_90_000055/GPS_info.json,True,12,12,0,12,12,0.0,8.905858689400858e-12,0,0,
val,Chuanmei_90_000057,Chuanmei,90,000057,120.33748802777778,30.3237515,map2019/val/Chuanmei_90_000057/GPS_info.json,True,12,12,0,12,12,2.0,9.268030787268344e-12,0,0,
val,Chuanmei_90_000062,Chuanmei,90,000062,120.33644869444444,30.323752444444445,map2019/val/Chuanmei_90_000062/GPS_info.json,True,12,12,0,12,12,2.0,9.268030787268344e-12,0,0,
val,Chuanmei_90_000066,Chuanmei,90,000066,120.33561033333334,30.32374586111111,map2019/val/Chuanmei_90_000066/GPS_info.json,True,12,12,0,12,12,2.0,9.268030787268344e-12,0,0,
val,Chuanmei_90_000073,Chuanmei,90,000073,120.33643708333334,30.323574583333333,map2019/val/Chuanmei_90_000073/GPS_info.json,True,12,12,0,12,12,2.0,9.268030787268344e-12,0,0,
val,Chuanmei_90_000089,Chuanmei,90,000089,120.33790622222222,30.32340888888889,map2019/val/Chuanmei_90_000089/GPS_info.json,True,12,12,0,12,12,1.0,7.976619365024362e-12,0,0,
val,Chuanmei_90_000094,Chuanmei,90,000094,120.33686316666666,30.32339763888889,map2019/val/Chuanmei_90_000094/GPS_info.json,True,12,12,0,12,12,1.0,7.976619365024362e-12,0,0,
val,Chuanmei_90_000096,Chuanmei,90,000096,120.33644791666667,30.323394694444445,map2019/val/Chuanmei_90_000096/GPS_info.json,True,12,12,0,12,12,1.0,6.614681025141067e-12,0,0,
val,Chuanmei_90_000098,Chuanmei,90,000098,120.33603102777778,30.32338547222222,map2019/val/Chuanmei_90_000098/GPS_info.json,True,12,12,0,12,12,1.0,5.766859212386066e-12,0,0,
val,Chuanmei_90_000101,Chuanmei,90,000101,120.33541108333333,30.323379305555555,map2019/val/Chuanmei_90_000101/GPS_info.json,True,12,12,0,12,12,1.0,5.766859212386066e-12,0,0,
val,Chuanmei_90_000103,Chuanmei,90,000103,120.33561458333334,30.323197555555556,map2019/val/Chuanmei_90_000103/GPS_info.json,True,12,12,0,12,12,1.0,5.766859212386066e-12,0,0,
val,Chuanmei_90_000114,Chuanmei,90,000114,120.33790325,30.323207888888888,map2019/val/Chuanmei_90_000114/GPS_info.json,True,12,12,0,12,12,1.0,5.766859212386066e-12,0,0,
val,Chuanmei_90_000116,Chuanmei,90,000116,120.3383176388889,30.323210833333334,map2019/val/Chuanmei_90_000116/GPS_info.json,True,12,12,0,12,12,1.0,5.766859212386066e-12,0,0,
val,Chuanmei_90_000122,Chuanmei,90,000122,120.33810627777778,30.32303027777778,map2019/val/Chuanmei_90_000122/GPS_info.json,True,12,12,0,12,12,1.0,7.2237771320260435e-12,0,0,
val,Chuanmei_90_000124,Chuanmei,90,000124,120.33769638888889,30.323023305555555,map2019/val/Chuanmei_90_000124/GPS_info.json,True,12,12,0,12,12,1.0,7.2237771320260435e-12,0,0,
val,Chuanmei_90_000130,Chuanmei,90,000130,120.33644083333333,30.322999166666666,map2019/val/Chuanmei_90_000130/GPS_info.json,True,12,12,0,12,12,1.0,7.2237771320260435e-12,0,0,
val,Chuanmei_90_000134,Chuanmei,90,000134,120.33560638888889,30.323004027777777,map2019/val/Chuanmei_90_000134/GPS_info.json,True,12,12,0,12,12,1.0,7.2237771320260435e-12,0,0,
val,Chuanmei_90_000147,Chuanmei,90,000147,120.33768252777777,30.322834583333332,map2019/val/Chuanmei_90_000147/GPS_info.json,True,12,12,0,12,12,1.0,8.473721724300276e-12,0,0,
val,Chuanmei_90_000157,Chuanmei,90,000157,120.33790316666666,30.322643,map2019/val/Chuanmei_90_000157/GPS_info.json,True,12,12,0,12,12,1.0,6.614681025141067e-12,0,0,
val,Chuanmei_90_000166,Chuanmei,90,000166,120.33603030555555,30.322623749999998,map2019/val/Chuanmei_90_000166/GPS_info.json,True,12,12,0,12,12,1.0,6.767253424300179e-12,0,0,
val,Chuanmei_90_000168,Chuanmei,90,000168,120.33561569444444,30.322616916666668,map2019/val/Chuanmei_90_000168/GPS_info.json,True,12,12,0,12,12,1.0,1.0202949596305189e-11,0,0,
val,Chuanmei_90_000170,Chuanmei,90,000170,120.33540047222222,30.32243125,map2019/val/Chuanmei_90_000170/GPS_info.json,True,12,12,0,12,12,1.0,8.277434293546548e-12,0,0,
val,Chuanmei_90_000174,Chuanmei,90,000174,120.33622866666667,30.32243536111111,map2019/val/Chuanmei_90_000174/GPS_info.json,True,12,12,0,12,12,1.0,8.041234345057546e-12,0,0,
val,Chuanmei_90_000187,Chuanmei,90,000187,120.33872286111111,30.322269333333335,map2019/val/Chuanmei_90_000187/GPS_info.json,True,12,12,0,12,12,1.0,8.277434293546548e-12,0,0,
val,Hangdian_100_000006,Hangdian,100,000006,120.33904475,30.317850583333332,map2019/val/Hangdian_100_000006/GPS_info.json,True,12,12,0,12,12,1.0,5.53468382236133e-12,0,0,
val,Hangdian_100_000010,Hangdian,100,000010,120.33822413888889,30.31784311111111,map2019/val/Hangdian_100_000010/GPS_info.json,True,12,12,0,12,12,1.0,5.53468382236133e-12,0,0,
val,Hangdian_100_000024,Hangdian,100,000024,120.33841969444444,30.317656638888888,map2019/val/Hangdian_100_000024/GPS_info.json,True,12,12,0,12,12,1.0,4.225064742513496e-12,0,0,
val,Hangdian_100_000038,Hangdian,100,000038,120.339476,30.31748027777778,map2019/val/Hangdian_100_000038/GPS_info.json,True,12,12,0,12,12,1.0,4.225064742513496e-12,0,0,
val,Hangdian_100_000043,Hangdian,100,000043,120.33843094444444,30.317477666666665,map2019/val/Hangdian_100_000043/GPS_info.json,True,12,12,0,12,12,1.0,5.7733540170801234e-12,0,0,
val,Hangdian_100_000047,Hangdian,100,000047,120.33760283333334,30.317476527777778,map2019/val/Hangdian_100_000047/GPS_info.json,True,12,12,0,12,12,1.0,5.7733540170801234e-12,0,0,
val,Hangdian_100_000051,Hangdian,100,000051,120.33697738888888,30.31729752777778,map2019/val/Hangdian_100_000051/GPS_info.json,True,12,12,0,12,12,1.0,5.7733540170801234e-12,0,0,
val,Hangdian_100_000071,Hangdian,100,000071,120.33968955555555,30.317107027777777,map2019/val/Hangdian_100_000071/GPS_info.json,True,12,12,0,12,12,1.0,6.7204020126609976e-12,0,0,
val,Hangdian_100_000081,Hangdian,100,000081,120.3376205,30.317104055555557,map2019/val/Hangdian_100_000081/GPS_info.json,True,12,12,0,12,12,1.0,6.9184658002541255e-12,0,0,
val,Hangdian_100_000083,Hangdian,100,000083,120.33720105555555,30.317103555555555,map2019/val/Hangdian_100_000083/GPS_info.json,True,12,12,0,12,12,1.0,6.9184658002541255e-12,0,0,
val,Hangdian_100_000103,Hangdian,100,000103,120.34010325,30.316732555555557,map2019/val/Hangdian_100_000103/GPS_info.json,True,12,12,0,12,12,1.0,4.167555189837913e-12,0,0,
val,Hangdian_100_000107,Hangdian,100,000107,120.33926927777777,30.316736694444444,map2019/val/Hangdian_100_000107/GPS_info.json,True,12,12,0,12,12,1.0,4.167555189837913e-12,0,0,
val,Hangdian_100_000108,Hangdian,100,000108,120.33906180555556,30.316737444444446,map2019/val/Hangdian_100_000108/GPS_info.json,True,12,12,0,12,12,1.0,3.038125306886741e-12,0,0,
val,Hangdian_100_000109,Hangdian,100,000109,120.33885427777778,30.316733222222222,map2019/val/Hangdian_100_000109/GPS_info.json,True,12,12,0,12,12,1.0,4.167555189837913e-12,0,0,
val,Hangdian_100_000112,Hangdian,100,000112,120.33822830555556,30.31673925,map2019/val/Hangdian_100_000112/GPS_info.json,True,12,12,0,12,12,1.0,3.038125306886741e-12,0,0,
val,Hangdian_100_000114,Hangdian,100,000114,120.33781452777778,30.316740055555556,map2019/val/Hangdian_100_000114/GPS_info.json,True,12,12,0,12,12,1.0,4.167555189837913e-12,0,0,
val,Hangdian_100_000130,Hangdian,100,000130,120.33925461111112,30.316546305555555,map2019/val/Hangdian_100_000130/GPS_info.json,True,12,12,0,12,12,1.0,3.038125306886741e-12,0,0,
val,Hangdian_100_000133,Hangdian,100,000133,120.33988216666667,30.316539055555555,map2019/val/Hangdian_100_000133/GPS_info.json,True,12,12,0,12,12,1.0,8.648026739166426e-12,0,0,
val,Hangdian_100_000155,Hangdian,100,000155,120.33738288888888,30.316179166666668,map2019/val/Hangdian_100_000155/GPS_info.json,True,12,12,0,12,12,1.0,8.648026739166426e-12,0,0,
val,Hangdian_100_000162,Hangdian,100,000162,120.33883783333333,30.316174666666665,map2019/val/Hangdian_100_000162/GPS_info.json,True,12,12,0,12,12,1.0,4.601652392466349e-12,0,0,
val,Hangdian_100_000175,Hangdian,100,000175,120.33925755555556,30.31599525,map2019/val/Hangdian_100_000175/GPS_info.json,True,12,12,0,12,12,1.0,4.601652392466349e-12,0,0,
val,Hangdian_100_000176,Hangdian,100,000176,120.33904944444444,30.31599663888889,map2019/val/Hangdian_100_000176/GPS_info.json,True,12,12,0,12,12,1.0,4.601652392466349e-12,0,0,
val,Hangdian_80_000013,Hangdian,80,000013,120.33758816666666,30.317831583333334,map2019/val/Hangdian_80_000013/GPS_info.json,True,12,12,0,12,12,0.0,3.385236535535796e-12,0,0,
val,Hangdian_80_000017,Hangdian,80,000017,120.33696152777777,30.3176445,map2019/val/Hangdian_80_000017/GPS_info.json,True,12,12,0,12,12,1.0,5.48083800566701e-12,0,0,
val,Hangdian_80_000026,Hangdian,80,000026,120.33883777777778,30.317651194444444,map2019/val/Hangdian_80_000026/GPS_info.json,True,12,12,0,12,12,0.0,3.385236535535796e-12,0,0,
val,Hangdian_80_000031,Hangdian,80,000031,120.33987422222222,30.3176555,map2019/val/Hangdian_80_000031/GPS_info.json,True,12,12,0,12,12,1.0,5.48083800566701e-12,0,0,
val,Hangdian_80_000044,Hangdian,80,000044,120.33822730555555,30.317470083333333,map2019/val/Hangdian_80_000044/GPS_info.json,True,12,12,0,12,12,1.0,6.017297771165886e-12,0,0,
val,Hangdian_80_000046,Hangdian,80,000046,120.33781266666666,30.31746513888889,map2019/val/Hangdian_80_000046/GPS_info.json,True,12,12,0,12,12,1.0,6.017297771165886e-12,0,0,
val,Hangdian_80_000047,Hangdian,80,000047,120.33760236111111,30.31746513888889,map2019/val/Hangdian_80_000047/GPS_info.json,True,12,12,0,12,12,1.0,5.48083800566701e-12,0,0,
val,Hangdian_80_000055,Hangdian,80,000055,120.337809,30.317283083333333,map2019/val/Hangdian_80_000055/GPS_info.json,True,12,12,0,12,12,1.0,6.017297771165886e-12,0,0,
val,Hangdian_80_000064,Hangdian,80,000064,120.33968305555555,30.31728488888889,map2019/val/Hangdian_80_000064/GPS_info.json,True,12,12,0,12,12,0.0,4.016786903093816e-12,0,0,
val,Hangdian_80_000067,Hangdian,80,000067,120.34030841666667,30.31728425,map2019/val/Hangdian_80_000067/GPS_info.json,True,12,12,0,12,12,0.0,4.016786903093816e-12,0,0,
val,Hangdian_80_000070,Hangdian,80,000070,120.33989908333334,30.317103583333335,map2019/val/Hangdian_80_000070/GPS_info.json,True,12,12,0,12,12,1.0,6.017297771165886e-12,0,0,
val,Hangdian_80_000077,Hangdian,80,000077,120.3384423611111,30.31710136111111,map2019/val/Hangdian_80_000077/GPS_info.json,True,12,12,0,12,12,1.0,4.127143071741557e-12,0,0,
val,Hangdian_80_000081,Hangdian,80,000081,120.33761127777778,30.31709863888889,map2019/val/Hangdian_80_000081/GPS_info.json,True,12,12,0,12,12,1.0,4.127143071741557e-12,0,0,
val,Hangdian_80_000086,Hangdian,80,000086,120.33719455555556,30.31691763888889,map2019/val/Hangdian_80_000086/GPS_info.json,True,12,12,0,12,12,1.0,4.127143071741557e-12,0,0,
val,Hangdian_80_000093,Hangdian,80,000093,120.3386508611111,30.31691325,map2019/val/Hangdian_80_000093/GPS_info.json,True,12,12,0,12,12,1.0,8.561595876699357e-12,0,0,
val,Hangdian_80_000095,Hangdian,80,000095,120.33906791666666,30.31691063888889,map2019/val/Hangdian_80_000095/GPS_info.json,True,12,12,0,12,12,1.0,4.127143071741557e-12,0,0,
val,Hangdian_80_000099,Hangdian,80,000099,120.33989872222222,30.316909111111112,map2019/val/Hangdian_80_000099/GPS_info.json,True,12,12,0,12,12,1.0,8.561595876699357e-12,0,0,
val,Hangdian_80_000102,Hangdian,80,000102,120.34031361111111,30.316728027777778,map2019/val/Hangdian_80_000102/GPS_info.json,True,12,12,0,12,12,1.0,4.127143071741557e-12,0,0,
val,Hangdian_80_000106,Hangdian,80,000106,120.33948447222222,30.316728694444443,map2019/val/Hangdian_80_000106/GPS_info.json,True,12,12,0,12,12,1.0,8.561595876699357e-12,0,0,
val,Hangdian_80_000108,Hangdian,80,000108,120.33907197222223,30.316727444444446,map2019/val/Hangdian_80_000108/GPS_info.json,True,12,12,0,12,12,1.0,8.561595876699357e-12,0,0,
val,Hangdian_80_000112,Hangdian,80,000112,120.33823780555555,30.31673286111111,map2019/val/Hangdian_80_000112/GPS_info.json,True,12,12,0,12,12,1.0,4.127143071741557e-12,0,0,
val,Hangdian_80_000123,Hangdian,80,000123,120.3378115,30.31654925,map2019/val/Hangdian_80_000123/GPS_info.json,True,12,12,0,12,12,1.0,8.561595876699357e-12,0,0,
val,Hangdian_80_000127,Hangdian,80,000127,120.33864430555556,30.316543805555554,map2019/val/Hangdian_80_000127/GPS_info.json,True,12,12,0,12,12,1.0,8.561595876699357e-12,0,0,
val,Hangdian_80_000140,Hangdian,80,000140,120.33947625,30.316352916666666,map2019/val/Hangdian_80_000140/GPS_info.json,True,12,12,0,12,12,1.0,4.174924295163862e-12,0,0,
val,Hangdian_80_000157,Hangdian,80,000157,120.33780911111111,30.316167805555555,map2019/val/Hangdian_80_000157/GPS_info.json,True,12,12,0,12,12,1.0,4.9295012516381576e-12,0,0,
val,Hangdian_80_000161,Hangdian,80,000161,120.33863747222222,30.316162805555557,map2019/val/Hangdian_80_000161/GPS_info.json,True,12,12,0,12,12,1.0,4.9295012516381576e-12,0,0,
val,Hangdian_80_000167,Hangdian,80,000167,120.3398878888889,30.31616225,map2019/val/Hangdian_80_000167/GPS_info.json,True,12,12,0,12,12,1.0,4.9295012516381576e-12,0,0,
val,Hangdian_90_000010,Hangdian,90,000010,120.3382286111111,30.317830305555557,map2019/val/Hangdian_90_000010/GPS_info.json,True,12,12,0,12,12,0.0,5.065228184802928e-12,0,0,
val,Hangdian_90_000014,Hangdian,90,000014,120.33739480555556,30.31782088888889,map2019/val/Hangdian_90_000014/GPS_info.json,True,12,12,0,12,12,0.0,5.065228184802928e-12,0,0,
val,Hangdian_90_000019,Hangdian,90,000019,120.33738591666666,30.31763972222222,map2019/val/Hangdian_90_000019/GPS_info.json,True,12,12,0,12,12,1.0,4.119815599779031e-12,0,0,
val,Hangdian_90_000022,Hangdian,90,000022,120.33800777777778,30.317641694444443,map2019/val/Hangdian_90_000022/GPS_info.json,True,12,12,0,12,12,0.0,5.065228184802928e-12,0,0,
val,Hangdian_90_000025,Hangdian,90,000025,120.33863158333334,30.31764363888889,map2019/val/Hangdian_90_000025/GPS_info.json,True,12,12,0,12,12,0.0,5.065228184802928e-12,0,0,
val,Hangdian_90_000035,Hangdian,90,000035,120.34010055555555,30.317468972222223,map2019/val/Hangdian_90_000035/GPS_info.json,True,12,12,0,12,12,1.0,4.119815599779031e-12,0,0,
val,Hangdian_90_000040,Hangdian,90,000040,120.33906236111112,30.317465722222224,map2019/val/Hangdian_90_000040/GPS_info.json,True,12,12,0,12,12,1.0,4.119815599779031e-12,0,0,
val,Hangdian_90_000043,Hangdian,90,000043,120.33843888888889,30.31746436111111,map2019/val/Hangdian_90_000043/GPS_info.json,True,12,12,0,12,12,1.0,4.119815599779031e-12,0,0,
val,Hangdian_90_000051,Hangdian,90,000051,120.33698575,30.317281722222223,map2019/val/Hangdian_90_000051/GPS_info.json,True,12,12,0,12,12,1.0,5.296652005881697e-12,0,0,
val,Hangdian_90_000058,Hangdian,90,000058,120.33843822222222,30.317280333333333,map2019/val/Hangdian_90_000058/GPS_info.json,True,12,12,0,12,12,0.0,4.184874669022065e-12,0,0,
val,Hangdian_90_000060,Hangdian,90,000060,120.3388525,30.317279777777777,map2019/val/Hangdian_90_000060/GPS_info.json,True,12,12,0,12,12,0.0,4.184874669022065e-12,0,0,
val,Hangdian_90_000062,Hangdian,90,000062,120.33926763888888,30.317280055555557,map2019/val/Hangdian_90_000062/GPS_info.json,True,12,12,0,12,12,1.0,5.296652005881697e-12,0,0,
val,Hangdian_90_000063,Hangdian,90,000063,120.33947655555555,30.31727938888889,map2019/val/Hangdian_90_000063/GPS_info.json,True,12,12,0,12,12,1.0,5.296652005881697e-12,0,0,
val,Hangdian_90_000074,Hangdian,90,000074,120.33906844444445,30.3170995,map2019/val/Hangdian_90_000074/GPS_info.json,True,12,12,0,12,12,0.0,4.184874669022065e-12,0,0,
val,Hangdian_90_000083,Hangdian,90,000083,120.3372005,30.317095833333333,map2019/val/Hangdian_90_000083/GPS_info.json,True,12,12,0,12,12,2.0,4.3241799030369066e-12,0,0,
val,Hangdian_90_000095,Hangdian,90,000095,120.3390678611111,30.316908194444444,map2019/val/Hangdian_90_000095/GPS_info.json,True,12,12,0,12,12,2.0,4.3241799030369066e-12,0,0,
val,Hangdian_90_000098,Hangdian,90,000098,120.33967258333334,30.31691675,map2019/val/Hangdian_90_000098/GPS_info.json,True,12,12,0,12,12,1.0,3.2979174946490275e-12,0,0,
val,Hangdian_90_000101,Hangdian,90,000101,120.34029916666667,30.316910444444446,map2019/val/Hangdian_90_000101/GPS_info.json,True,12,12,0,12,12,1.0,3.2979174946490275e-12,0,0,
val,Hangdian_90_000105,Hangdian,90,000105,120.33968025,30.316727666666665,map2019/val/Hangdian_90_000105/GPS_info.json,True,12,12,0,12,12,2.0,4.3241799030369066e-12,0,0,
val,Hangdian_90_000107,Hangdian,90,000107,120.33926383333333,30.316730444444445,map2019/val/Hangdian_90_000107/GPS_info.json,True,12,12,0,12,12,2.0,4.3241799030369066e-12,0,0,
val,Hangdian_90_000109,Hangdian,90,000109,120.33884783333333,30.316731833333332,map2019/val/Hangdian_90_000109/GPS_info.json,True,12,12,0,12,12,2.0,4.3241799030369066e-12,0,0,
val,Hangdian_90_000110,Hangdian,90,000110,120.33863830555556,30.316732694444443,map2019/val/Hangdian_90_000110/GPS_info.json,True,12,12,0,12,12,2.0,4.3241799030369066e-12,0,0,
val,Hangdian_90_000111,Hangdian,90,000111,120.33843191666666,30.316734194444443,map2019/val/Hangdian_90_000111/GPS_info.json,True,12,12,0,12,12,1.0,3.2979174946490275e-12,0,0,
val,Hangdian_90_000114,Hangdian,90,000114,120.33779927777778,30.31673711111111,map2019/val/Hangdian_90_000114/GPS_info.json,True,12,12,0,12,12,1.0,3.2979174946490275e-12,0,0,
val,Hangdian_90_000124,Hangdian,90,000124,120.33800527777778,30.316548527777776,map2019/val/Hangdian_90_000124/GPS_info.json,True,12,12,0,12,12,1.0,3.2979174946490275e-12,0,0,
val,Hangdian_90_000127,Hangdian,90,000127,120.33862975,30.31654477777778,map2019/val/Hangdian_90_000127/GPS_info.json,True,12,12,0,12,12,1.0,3.2979174946490275e-12,0,0,
val,Hangdian_90_000133,Hangdian,90,000133,120.33987666666667,30.31653361111111,map2019/val/Hangdian_90_000133/GPS_info.json,True,12,12,0,12,12,1.0,4.23761026269176e-12,0,0,
val,Hangdian_90_000134,Hangdian,90,000134,120.34008552777777,30.31653288888889,map2019/val/Hangdian_90_000134/GPS_info.json,True,12,12,0,12,12,1.0,4.23761026269176e-12,0,0,
val,Hangdian_90_000137,Hangdian,90,000137,120.34008647222223,30.31635177777778,map2019/val/Hangdian_90_000137/GPS_info.json,True,12,12,0,12,12,1.0,6.422529175154068e-12,0,0,
val,Hangdian_90_000159,Hangdian,90,000159,120.33821208333333,30.316169444444444,map2019/val/Hangdian_90_000159/GPS_info.json,True,12,12,0,12,12,1.0,6.422529175154068e-12,0,0,
val,Hangdian_90_000160,Hangdian,90,000160,120.3384205,30.316169,map2019/val/Hangdian_90_000160/GPS_info.json,True,12,12,0,12,12,1.0,7.018496894772852e-12,0,0,
val,Hangdian_90_000165,Hangdian,90,000165,120.33946116666667,30.316167555555555,map2019/val/Hangdian_90_000165/GPS_info.json,True,12,12,0,12,12,1.0,7.018496894772852e-12,0,0,
val,Hangdian_90_000171,Hangdian,90,000171,120.34008633333333,30.315987,map2019/val/Hangdian_90_000171/GPS_info.json,True,12,12,0,12,12,1.0,7.018496894772852e-12,0,0,
val,Hangdian_90_000173,Hangdian,90,000173,120.339671,30.315988416666666,map2019/val/Hangdian_90_000173/GPS_info.json,True,12,12,0,12,12,1.0,7.018496894772852e-12,0,0,
val,Jinrong_100_000001,Jinrong,100,000001,120.37753297222223,30.32451913888889,map2019/val/Jinrong_100_000001/GPS_info.json,True,12,12,0,12,12,1.0,7.776335131381984e-12,0,0,
val,Jinrong_100_000004,Jinrong,100,000004,120.37816127777778,30.324515916666666,map2019/val/Jinrong_100_000004/GPS_info.json,True,12,12,0,12,12,1.0,7.776335131381984e-12,0,0,
val,Jinrong_100_000017,Jinrong,100,000017,120.38063058333333,30.32433936111111,map2019/val/Jinrong_100_000017/GPS_info.json,True,12,12,0,12,12,1.0,7.776335131381984e-12,0,0,
val,Jinrong_100_000038,Jinrong,100,000038,120.37814672222223,30.324156805555557,map2019/val/Jinrong_100_000038/GPS_info.json,True,12,12,0,12,12,1.0,9.076406293218042e-12,0,0,
val,Jinrong_100_000039,Jinrong,100,000039,120.37835097222222,30.324157222222222,map2019/val/Jinrong_100_000039/GPS_info.json,True,12,12,0,12,12,1.0,9.076406293218042e-12,0,0,
val,Jinrong_100_000050,Jinrong,100,000050,120.38063855555555,30.324155138888887,map2019/val/Jinrong_100_000050/GPS_info.json,True,12,12,0,12,12,1.0,4.268807529683727e-12,0,0,
val,Jinrong_100_000077,Jinrong,100,000077,120.37918661111111,30.323807722222224,map2019/val/Jinrong_100_000077/GPS_info.json,True,12,12,0,12,12,1.0,4.9710235927591384e-12,0,0,
val,Jinrong_100_000078,Jinrong,100,000078,120.37939441666667,30.323809166666667,map2019/val/Jinrong_100_000078/GPS_info.json,True,12,12,0,12,12,1.0,6.406430941297003e-12,0,0,
val,Jinrong_100_000083,Jinrong,100,000083,120.3804335,30.323813805555556,map2019/val/Jinrong_100_000083/GPS_info.json,True,12,12,0,12,12,1.0,6.406430941297003e-12,0,0,
val,Jinrong_100_000100,Jinrong,100,000100,120.37750622222222,30.32363575,map2019/val/Jinrong_100_000100/GPS_info.json,True,12,12,0,12,12,1.0,4.494848937497409e-12,0,0,
val,Jinrong_100_000105,Jinrong,100,000105,120.37792972222222,30.323452666666668,map2019/val/Jinrong_100_000105/GPS_info.json,True,12,12,0,12,12,1.0,4.494848937497409e-12,0,0,
val,Jinrong_100_000117,Jinrong,100,000117,120.38042477777778,30.323433055555554,map2019/val/Jinrong_100_000117/GPS_info.json,True,12,12,0,12,12,1.0,4.494848937497409e-12,0,0,
val,Jinrong_100_000124,Jinrong,100,000124,120.37958686111111,30.323252,map2019/val/Jinrong_100_000124/GPS_info.json,True,12,12,0,12,12,1.0,4.494848937497409e-12,0,0,
val,Jinrong_100_000132,Jinrong,100,000132,120.3779295,30.323256666666666,map2019/val/Jinrong_100_000132/GPS_info.json,True,12,12,0,12,12,1.0,8.903683346161984e-12,0,0,
val,Jinrong_100_000143,Jinrong,100,000143,120.37875508333333,30.323068944444444,map2019/val/Jinrong_100_000143/GPS_info.json,True,12,12,0,12,12,1.0,8.903683346161984e-12,0,0,
val,Jinrong_100_000149,Jinrong,100,000149,120.38000875,30.32306461111111,map2019/val/Jinrong_100_000149/GPS_info.json,True,12,12,0,12,12,1.0,6.483202863449833e-12,0,0,
val,Jinrong_100_000150,Jinrong,100,000150,120.38021816666667,30.32306188888889,map2019/val/Jinrong_100_000150/GPS_info.json,True,12,12,0,12,12,1.0,6.483202863449833e-12,0,0,
val,Jinrong_100_000156,Jinrong,100,000156,120.37999333333333,30.322883166666667,map2019/val/Jinrong_100_000156/GPS_info.json,True,12,12,0,12,12,1.0,6.483202863449833e-12,0,0,
val,Jinrong_100_000177,Jinrong,100,000177,120.37874194444444,30.322699444444446,map2019/val/Jinrong_100_000177/GPS_info.json,True,12,12,0,12,12,0.0,7.693332082503446e-12,0,0,
val,Jinrong_100_000179,Jinrong,100,000179,120.37915652777778,30.32269952777778,map2019/val/Jinrong_100_000179/GPS_info.json,True,12,12,0,12,12,0.0,7.693332082503446e-12,0,0,
val,Jinrong_100_000194,Jinrong,100,000194,120.3791533888889,30.32250513888889,map2019/val/Jinrong_100_000194/GPS_info.json,True,12,12,0,12,12,1.0,3.921973856790828e-12,0,0,
val,Jinrong_100_000196,Jinrong,100,000196,120.37873519444445,30.32250913888889,map2019/val/Jinrong_100_000196/GPS_info.json,True,12,12,0,12,12,0.0,7.693332082503446e-12,0,0,
val,Jinrong_80_000003,Jinrong,80,000003,120.37793769444444,30.324491833333333,map2019/val/Jinrong_80_000003/GPS_info.json,True,12,12,0,12,12,1.0,3.921973856790828e-12,0,0,
val,Jinrong_80_000006,Jinrong,80,000006,120.37856602777778,30.324492055555556,map2019/val/Jinrong_80_000006/GPS_info.json,True,12,12,0,12,12,1.0,3.921973856790828e-12,0,0,
val,Jinrong_80_000027,Jinrong,80,000027,120.37855377777778,30.324306305555556,map2019/val/Jinrong_80_000027/GPS_info.json,True,12,12,0,12,12,1.0,9.940784306827766e-12,0,0,
val,Jinrong_80_000034,Jinrong,80,000034,120.37731686111111,30.324128305555554,map2019/val/Jinrong_80_000034/GPS_info.json,True,12,12,0,12,12,1.0,9.940784306827766e-12,0,0,
val,Jinrong_80_000037,Jinrong,80,000037,120.37793777777777,30.324128722222223,map2019/val/Jinrong_80_000037/GPS_info.json,True,12,12,0,12,12,0.0,4.632849659458316e-12,0,0,
val,Jinrong_80_000039,Jinrong,80,000039,120.37835363888888,30.324130361111113,map2019/val/Jinrong_80_000039/GPS_info.json,True,12,12,0,12,12,0.0,4.632849659458316e-12,0,0,
val,Jinrong_80_000040,Jinrong,80,000040,120.37856108333334,30.324131861111113,map2019/val/Jinrong_80_000040/GPS_info.json,True,12,12,0,12,12,1.0,9.940784306827766e-12,0,0,
val,Jinrong_80_000046,Jinrong,80,000046,120.37980766666666,30.324137611111112,map2019/val/Jinrong_80_000046/GPS_info.json,True,12,12,0,12,12,0.0,4.632849659458316e-12,0,0,
val,Jinrong_80_000080,Jinrong,80,000080,120.37981616666667,30.32379238888889,map2019/val/Jinrong_80_000080/GPS_info.json,True,12,12,0,12,12,1.0,5.029893168639887e-12,0,0,
val,Jinrong_80_000082,Jinrong,80,000082,120.38023161111111,30.323793527777777,map2019/val/Jinrong_80_000082/GPS_info.json,True,12,12,0,12,12,1.0,7.563838444468729e-12,0,0,
val,Jinrong_80_000093,Jinrong,80,000093,120.37896491666666,30.323615194444443,map2019/val/Jinrong_80_000093/GPS_info.json,True,12,12,0,12,12,1.0,7.563838444468729e-12,0,0,
val,Jinrong_80_000097,Jinrong,80,000097,120.378145,30.323616666666666,map2019/val/Jinrong_80_000097/GPS_info.json,True,12,12,0,12,12,1.0,5.261457936001079e-12,0,0,
val,Jinrong_80_000111,Jinrong,80,000111,120.37917866666666,30.323425027777777,map2019/val/Jinrong_80_000111/GPS_info.json,True,12,12,0,12,12,1.0,5.029893168639887e-12,0,0,
val,Jinrong_80_000112,Jinrong,80,000112,120.37938644444445,30.32342402777778,map2019/val/Jinrong_80_000112/GPS_info.json,True,12,12,0,12,12,1.0,5.261457936001079e-12,0,0,
val,Jinrong_80_000121,Jinrong,80,000121,120.38021888888889,30.323239,map2019/val/Jinrong_80_000121/GPS_info.json,True,12,12,0,12,12,1.0,5.261457936001079e-12,0,0,
val,Jinrong_80_000123,Jinrong,80,000123,120.37980363888889,30.323240194444445,map2019/val/Jinrong_80_000123/GPS_info.json,True,12,12,0,12,12,1.0,6.569522703614439e-12,0,0,
val,Jinrong_80_000141,Jinrong,80,000141,120.3783496111111,30.323055222222223,map2019/val/Jinrong_80_000141/GPS_info.json,True,12,12,0,12,12,1.0,6.141823161165405e-12,0,0,
val,Jinrong_80_000144,Jinrong,80,000144,120.37896963888889,30.323054,map2019/val/Jinrong_80_000144/GPS_info.json,True,12,12,0,12,12,1.0,6.569522703614439e-12,0,0,
val,Jinrong_80_000149,Jinrong,80,000149,120.38001152777778,30.32306136111111,map2019/val/Jinrong_80_000149/GPS_info.json,True,12,12,0,12,12,1.0,6.569522703614439e-12,0,0,
val,Jinrong_80_000152,Jinrong,80,000152,120.38063583333333,30.32304925,map2019/val/Jinrong_80_000152/GPS_info.json,True,12,12,0,12,12,1.0,6.141823161165405e-12,0,0,
val,Jinrong_80_000158,Jinrong,80,000158,120.37958325,30.322876833333332,map2019/val/Jinrong_80_000158/GPS_info.json,True,12,12,0,12,12,0.0,4.6381787299765165e-12,0,0,
val,Jinrong_80_000161,Jinrong,80,000161,120.3789621388889,30.322870305555554,map2019/val/Jinrong_80_000161/GPS_info.json,True,12,12,0,12,12,1.0,6.141823161165405e-12,0,0,
val,Jinrong_80_000166,Jinrong,80,000166,120.37792552777778,30.32287127777778,map2019/val/Jinrong_80_000166/GPS_info.json,True,12,12,0,12,12,0.0,4.6381787299765165e-12,0,0,
val,Jinrong_80_000171,Jinrong,80,000171,120.37749783333334,30.322687527777777,map2019/val/Jinrong_80_000171/GPS_info.json,True,12,12,0,12,12,1.0,6.141823161165405e-12,0,0,
val,Jinrong_80_000182,Jinrong,80,000182,120.37978261111111,30.32268761111111,map2019/val/Jinrong_80_000182/GPS_info.json,True,12,12,0,12,12,0.0,4.6381787299765165e-12,0,0,
val,Jinrong_80_000190,Jinrong,80,000190,120.37998763888889,30.322493583333333,map2019/val/Jinrong_80_000190/GPS_info.json,True,12,12,0,12,12,1.0,5.448974604860268e-12,0,0,
val,Jinrong_80_000195,Jinrong,80,000195,120.37894919444444,30.322491555555555,map2019/val/Jinrong_80_000195/GPS_info.json,True,12,12,0,12,12,1.0,5.448974604860268e-12,0,0,
val,Jinrong_80_000198,Jinrong,80,000198,120.37832622222223,30.32249161111111,map2019/val/Jinrong_80_000198/GPS_info.json,True,12,12,0,12,12,1.0,5.448974604860268e-12,0,0,
val,Jinrong_90_000011,Jinrong,90,000011,120.379597,30.324498333333334,map2019/val/Jinrong_90_000011/GPS_info.json,True,12,12,0,12,12,1.0,9.76785319295459e-12,0,0,
val,Jinrong_90_000018,Jinrong,90,000018,120.38041555555556,30.324318777777776,map2019/val/Jinrong_90_000018/GPS_info.json,True,12,12,0,12,12,0.0,6.502465232927079e-12,0,0,
val,Jinrong_90_000033,Jinrong,90,000033,120.37729777777778,30.324314555555556,map2019/val/Jinrong_90_000033/GPS_info.json,True,12,12,0,12,12,0.0,6.502465232927079e-12,0,0,
val,Jinrong_90_000037,Jinrong,90,000037,120.37792786111112,30.324136805555554,map2019/val/Jinrong_90_000037/GPS_info.json,True,12,12,0,12,12,0.0,6.502465232927079e-12,0,0,
val,Jinrong_90_000058,Jinrong,90,000058,120.37916055555556,30.323965333333334,map2019/val/Jinrong_90_000058/GPS_info.json,True,12,12,0,12,12,1.0,9.184542015816533e-12,0,0,
val,Jinrong_90_000065,Jinrong,90,000065,120.37770480555555,30.32396511111111,map2019/val/Jinrong_90_000065/GPS_info.json,True,12,12,0,12,12,2.0,6.536549079783072e-12,0,0,
val,Jinrong_90_000070,Jinrong,90,000070,120.37771727777778,30.323787833333334,map2019/val/Jinrong_90_000070/GPS_info.json,True,12,12,0,12,12,1.0,9.184542015816533e-12,0,0,
val,Jinrong_90_000080,Jinrong,90,000080,120.37979530555556,30.323792916666665,map2019/val/Jinrong_90_000080/GPS_info.json,True,12,12,0,12,12,1.0,5.824118964881109e-12,0,0,
val,Jinrong_90_000086,Jinrong,90,000086,120.38039963888889,30.32361436111111,map2019/val/Jinrong_90_000086/GPS_info.json,True,12,12,0,12,12,1.0,9.184542015816533e-12,0,0,
val,Jinrong_90_000092,Jinrong,90,000092,120.37915419444444,30.323619166666667,map2019/val/Jinrong_90_000092/GPS_info.json,True,12,12,0,12,12,1.0,5.824118964881109e-12,0,0,
val,Jinrong_90_000093,Jinrong,90,000093,120.37894658333333,30.323616583333333,map2019/val/Jinrong_90_000093/GPS_info.json,True,12,12,0,12,12,1.0,5.824118964881109e-12,0,0,
val,Jinrong_90_000096,Jinrong,90,000096,120.37832594444444,30.323616,map2019/val/Jinrong_90_000096/GPS_info.json,True,12,12,0,12,12,1.0,9.184542015816533e-12,0,0,
val,Jinrong_90_000106,Jinrong,90,000106,120.37811647222222,30.32343675,map2019/val/Jinrong_90_000106/GPS_info.json,True,12,12,0,12,12,1.0,5.964562177496191e-12,0,0,
val,Jinrong_90_000111,Jinrong,90,000111,120.37915652777778,30.323428472222222,map2019/val/Jinrong_90_000111/GPS_info.json,True,12,12,0,12,12,1.0,5.964562177496191e-12,0,0,
val,Jinrong_90_000125,Jinrong,90,000125,120.37936327777778,30.32324388888889,map2019/val/Jinrong_90_000125/GPS_info.json,True,12,12,0,12,12,1.0,4.667599640129083e-12,0,0,
val,Jinrong_90_000127,Jinrong,90,000127,120.378954,30.32324311111111,map2019/val/Jinrong_90_000127/GPS_info.json,True,12,12,0,12,12,1.0,4.667599640129083e-12,0,0,
val,Jinrong_90_000133,Jinrong,90,000133,120.37771269444444,30.323247194444445,map2019/val/Jinrong_90_000133/GPS_info.json,True,12,12,0,12,12,1.0,5.059286323216838e-12,0,0,
val,Jinrong_90_000135,Jinrong,90,000135,120.37729763888889,30.323248222222222,map2019/val/Jinrong_90_000135/GPS_info.json,True,12,12,0,12,12,1.0,5.059286323216838e-12,0,0,
val,Jinrong_90_000143,Jinrong,90,000143,120.37874547222222,30.323060472222224,map2019/val/Jinrong_90_000143/GPS_info.json,True,12,12,0,12,12,1.0,5.059286323216838e-12,0,0,
val,Jinrong_90_000150,Jinrong,90,000150,120.38019752777778,30.323055916666668,map2019/val/Jinrong_90_000150/GPS_info.json,True,12,12,0,12,12,1.0,5.059286323216838e-12,0,0,
val,Jinrong_90_000168,Jinrong,90,000168,120.37748947222222,30.322873444444443,map2019/val/Jinrong_90_000168/GPS_info.json,True,12,12,0,12,12,1.0,4.7016834869850754e-12,0,0,
val,Jinrong_90_000169,Jinrong,90,000169,120.37728133333333,30.322873138888887,map2019/val/Jinrong_90_000169/GPS_info.json,True,12,12,0,12,12,1.0,4.7016834869850754e-12,0,0,
val,Jinrong_90_000171,Jinrong,90,000171,120.37747925,30.322689416666666,map2019/val/Jinrong_90_000171/GPS_info.json,True,12,12,0,12,12,1.0,4.7016834869850754e-12,0,0,
val,Jinrong_90_000173,Jinrong,90,000173,120.37789213888888,30.322688055555556,map2019/val/Jinrong_90_000173/GPS_info.json,True,12,12,0,12,12,1.0,4.7016834869850754e-12,0,0,
val,Jinrong_90_000176,Jinrong,90,000176,120.37851822222223,30.322689611111112,map2019/val/Jinrong_90_000176/GPS_info.json,True,12,12,0,12,12,1.0,5.54878365477407e-12,0,0,
val,Jinrong_90_000181,Jinrong,90,000181,120.3795543611111,30.32269075,map2019/val/Jinrong_90_000181/GPS_info.json,True,12,12,0,12,12,1.0,4.7016834869850754e-12,0,0,
val,Jinrong_90_000189,Jinrong,90,000189,120.38017091666667,30.322501638888887,map2019/val/Jinrong_90_000189/GPS_info.json,True,12,12,0,12,12,1.0,5.54878365477407e-12,0,0,
val,Jinrong_90_000193,Jinrong,90,000193,120.37934075,30.322505694444445,map2019/val/Jinrong_90_000193/GPS_info.json,True,12,12,0,12,12,1.0,5.54878365477407e-12,0,0,
val,Jinrong_90_000195,Jinrong,90,000195,120.37892694444444,30.322502944444444,map2019/val/Jinrong_90_000195/GPS_info.json,True,12,12,0,12,12,1.0,9.422129743086316e-12,0,0,
val,Jinrong_90_000199,Jinrong,90,000199,120.37809283333333,30.32250272222222,map2019/val/Jinrong_90_000199/GPS_info.json,True,12,12,0,12,12,1.0,9.422129743086316e-12,0,0,
val,Ligong_100_000000,Ligong,100,000000,120.34451313888889,30.317791638888888,map2019/val/Ligong_100_000000/GPS_info.json,True,12,12,0,12,12,1.0,8.573697307667771e-12,0,0,
val,Ligong_100_000008,Ligong,100,000008,120.34617358333334,30.317788166666666,map2019/val/Ligong_100_000008/GPS_info.json,True,12,12,0,12,12,1.0,8.573697307667771e-12,0,0,
val,Ligong_100_000012,Ligong,100,000012,120.3470031388889,30.317790972222223,map2019/val/Ligong_100_000012/GPS_info.json,True,12,12,0,12,12,1.0,8.573697307667771e-12,0,0,
val,Ligong_100_000038,Ligong,100,000038,120.34534058333334,30.31743938888889,map2019/val/Ligong_100_000038/GPS_info.json,True,12,12,0,12,12,1.0,8.556932939995932e-12,0,0,
val,Ligong_100_000045,Ligong,100,000045,120.34679883333334,30.31744777777778,map2019/val/Ligong_100_000045/GPS_info.json,True,12,12,0,12,12,1.0,6.218914272437814e-12,0,0,
val,Ligong_100_000051,Ligong,100,000051,120.34784008333334,30.317275638888887,map2019/val/Ligong_100_000051/GPS_info.json,True,12,12,0,12,12,1.0,6.218914272437814e-12,0,0,
val,Ligong_100_000053,Ligong,100,000053,120.34742994444444,30.317274472222223,map2019/val/Ligong_100_000053/GPS_info.json,True,12,12,0,12,12,1.0,6.218914272437814e-12,0,0,
val,Ligong_100_000054,Ligong,100,000054,120.34722291666667,30.317273666666665,map2019/val/Ligong_100_000054/GPS_info.json,True,12,12,0,12,12,1.0,6.218914272437814e-12,0,0,
val,Ligong_100_000065,Ligong,100,000065,120.34493744444444,30.317274138888887,map2019/val/Ligong_100_000065/GPS_info.json,True,12,12,0,12,12,1.0,6.761036175362278e-12,0,0,
val,Ligong_100_000082,Ligong,100,000082,120.34742238888889,30.317088388888887,map2019/val/Ligong_100_000082/GPS_info.json,True,12,12,0,12,12,1.0,6.761036175362278e-12,0,0,
val,Ligong_100_000083,Ligong,100,000083,120.3476285,30.317090055555557,map2019/val/Ligong_100_000083/GPS_info.json,True,12,12,0,12,12,1.0,9.458656080596484e-12,0,0,
val,Ligong_100_000096,Ligong,100,000096,120.34555444444445,30.316905,map2019/val/Ligong_100_000096/GPS_info.json,True,12,12,0,12,12,1.0,9.458656080596484e-12,0,0,
val,Ligong_100_000103,Ligong,100,000103,120.34470802777778,30.316719972222224,map2019/val/Ligong_100_000103/GPS_info.json,True,12,12,0,12,12,1.0,9.458656080596484e-12,0,0,
val,Ligong_100_000108,Ligong,100,000108,120.3457478888889,30.316722833333333,map2019/val/Ligong_100_000108/GPS_info.json,True,12,12,0,12,12,1.0,7.358391673761844e-12,0,0,
val,Ligong_100_000109,Ligong,100,000109,120.34596075,30.316724916666665,map2019/val/Ligong_100_000109/GPS_info.json,True,12,12,0,12,12,1.0,7.358391673761844e-12,0,0,
val,Ligong_100_000120,Ligong,100,000120,120.34762661111111,30.316539944444443,map2019/val/Ligong_100_000120/GPS_info.json,True,12,12,0,12,12,1.0,7.358391673761844e-12,0,0,
val,Ligong_100_000122,Ligong,100,000122,120.34721336111112,30.316537805555555,map2019/val/Ligong_100_000122/GPS_info.json,True,12,12,0,12,12,1.0,7.095990461891688e-12,0,0,
val,Ligong_100_000125,Ligong,100,000125,120.34659088888888,30.316535444444444,map2019/val/Ligong_100_000125/GPS_info.json,True,12,12,0,12,12,1.0,7.095990461891688e-12,0,0,
val,Ligong_100_000127,Ligong,100,000127,120.34617575,30.316536361111112,map2019/val/Ligong_100_000127/GPS_info.json,True,12,12,0,12,12,1.0,7.095990461891688e-12,0,0,
val,Ligong_100_000130,Ligong,100,000130,120.34555383333333,30.31653602777778,map2019/val/Ligong_100_000130/GPS_info.json,True,12,12,0,12,12,1.0,7.095990461891688e-12,0,0,
val,Ligong_100_000133,Ligong,100,000133,120.34492755555556,30.316535722222223,map2019/val/Ligong_100_000133/GPS_info.json,True,12,12,0,12,12,1.0,7.095990461891688e-12,0,0,
val,Ligong_100_000142,Ligong,100,000142,120.34575011111112,30.31634588888889,map2019/val/Ligong_100_000142/GPS_info.json,True,12,12,0,12,12,1.0,8.723466393689705e-12,0,0,
val,Ligong_100_000148,Ligong,100,000148,120.34699933333333,30.316344416666666,map2019/val/Ligong_100_000148/GPS_info.json,True,12,12,0,12,12,1.0,8.723466393689705e-12,0,0,
val,Ligong_100_000153,Ligong,100,000153,120.34784038888888,30.316167361111113,map2019/val/Ligong_100_000153/GPS_info.json,True,12,12,0,12,12,1.0,8.723466393689705e-12,0,0,
val,Ligong_100_000167,Ligong,100,000167,120.3449375,30.316170333333332,map2019/val/Ligong_100_000167/GPS_info.json,True,12,12,0,12,12,1.0,8.75677308442846e-12,0,0,
val,Ligong_100_000169,Ligong,100,000169,120.34452072222223,30.31617025,map2019/val/Ligong_100_000169/GPS_info.json,True,12,12,0,12,12,1.0,8.75677308442846e-12,0,0,
val,Ligong_100_000186,Ligong,100,000186,120.34784280555556,30.315977944444445,map2019/val/Ligong_100_000186/GPS_info.json,True,12,12,0,12,12,0.0,9.806669365453047e-12,0,0,
val,Ligong_100_000188,Ligong,100,000188,120.34763855555556,30.31579752777778,map2019/val/Ligong_100_000188/GPS_info.json,True,12,12,0,12,12,0.0,9.806669365453047e-12,0,0,
val,Ligong_100_000191,Ligong,100,000191,120.3470203888889,30.31580125,map2019/val/Ligong_100_000191/GPS_info.json,True,12,12,0,12,12,0.0,9.806669365453047e-12,0,0,
val,Ligong_100_000192,Ligong,100,000192,120.34681269444444,30.315802416666667,map2019/val/Ligong_100_000192/GPS_info.json,True,12,12,0,12,12,0.0,9.806669365453047e-12,0,0,
val,Ligong_100_000195,Ligong,100,000195,120.3461881111111,30.315802583333333,map2019/val/Ligong_100_000195/GPS_info.json,True,12,12,0,12,12,1.0,5.493716592752662e-12,0,0,
val,Ligong_80_000002,Ligong,80,000002,120.34489672222222,30.317803805555556,map2019/val/Ligong_80_000002/GPS_info.json,True,12,12,0,12,12,1.0,5.493716592752662e-12,0,0,
val,Ligong_80_000005,Ligong,80,000005,120.34551888888889,30.317803527777777,map2019/val/Ligong_80_000005/GPS_info.json,True,12,12,0,12,12,1.0,5.493716592752662e-12,0,0,
val,Ligong_80_000016,Ligong,80,000016,120.34780363888889,30.31780675,map2019/val/Ligong_80_000016/GPS_info.json,True,12,12,0,12,12,1.0,5.493716592752662e-12,0,0,
val,Ligong_80_000025,Ligong,80,000025,120.34614538888889,30.317633611111113,map2019/val/Ligong_80_000025/GPS_info.json,True,12,12,0,12,12,1.0,5.6972759843176846e-12,0,0,
val,Ligong_80_000032,Ligong,80,000032,120.34468925,30.317636333333333,map2019/val/Ligong_80_000032/GPS_info.json,True,12,12,0,12,12,1.0,5.6972759843176846e-12,0,0,
val,Ligong_80_000034,Ligong,80,000034,120.34447577777777,30.31745625,map2019/val/Ligong_80_000034/GPS_info.json,True,12,12,0,12,12,1.0,5.6972759843176846e-12,0,0,
val,Ligong_80_000045,Ligong,80,000045,120.34676238888889,30.317467916666665,map2019/val/Ligong_80_000045/GPS_info.json,True,12,12,0,12,12,0.0,3.8968828164342995e-12,0,0,
val,Ligong_80_000049,Ligong,80,000049,120.34759475,30.31747038888889,map2019/val/Ligong_80_000049/GPS_info.json,True,12,12,0,12,12,0.0,3.8968828164342995e-12,0,0,
val,Ligong_80_000052,Ligong,80,000052,120.34759972222223,30.31728922222222,map2019/val/Ligong_80_000052/GPS_info.json,True,12,12,0,12,12,0.0,3.8968828164342995e-12,0,0,
val,Ligong_80_000061,Ligong,80,000061,120.34573163888889,30.317291611111113,map2019/val/Ligong_80_000061/GPS_info.json,True,12,12,0,12,12,1.0,6.326883461582611e-12,0,0,
val,Ligong_80_000075,Ligong,80,000075,120.3459276388889,30.317113972222224,map2019/val/Ligong_80_000075/GPS_info.json,True,12,12,0,12,12,1.0,5.460493168740754e-12,0,0,
val,Ligong_80_000086,Ligong,80,000086,120.34759280555555,30.316935833333332,map2019/val/Ligong_80_000086/GPS_info.json,True,12,12,0,12,12,1.0,5.460493168740754e-12,0,0,
val,Ligong_80_000087,Ligong,80,000087,120.34738530555556,30.316933638888887,map2019/val/Ligong_80_000087/GPS_info.json,True,12,12,0,12,12,1.0,5.460493168740754e-12,0,0,
val,Ligong_80_000098,Ligong,80,000098,120.34509888888888,30.316933,map2019/val/Ligong_80_000098/GPS_info.json,True,12,12,0,12,12,1.0,5.460493168740754e-12,0,0,
val,Ligong_80_000109,Ligong,80,000109,120.34592133333334,30.316751611111112,map2019/val/Ligong_80_000109/GPS_info.json,True,12,12,0,12,12,1.0,6.7873484610458945e-12,0,0,
val,Ligong_80_000116,Ligong,80,000116,120.34737752777778,30.31675138888889,map2019/val/Ligong_80_000116/GPS_info.json,True,12,12,0,12,12,1.0,7.2627459601903865e-12,0,0,
val,Ligong_80_000120,Ligong,80,000120,120.34759527777777,30.316570972222223,map2019/val/Ligong_80_000120/GPS_info.json,True,12,12,0,12,12,1.0,7.2627459601903865e-12,0,0,
val,Ligong_80_000124,Ligong,80,000124,120.34676533333334,30.316571083333333,map2019/val/Ligong_80_000124/GPS_info.json,True,12,12,0,12,12,1.0,7.2627459601903865e-12,0,0,
val,Ligong_80_000130,Ligong,80,000130,120.34551986111111,30.316570916666667,map2019/val/Ligong_80_000130/GPS_info.json,True,12,12,0,12,12,1.0,7.2627459601903865e-12,0,0,
val,Ligong_80_000135,Ligong,80,000135,120.34448305555556,30.31656938888889,map2019/val/Ligong_80_000135/GPS_info.json,True,12,12,0,12,12,1.0,7.2627459601903865e-12,0,0,
val,Ligong_80_000154,Ligong,80,000154,120.34761019444444,30.316200777777777,map2019/val/Ligong_80_000154/GPS_info.json,True,12,12,0,12,12,1.0,1.0176193221411722e-11,0,0,
val,Ligong_80_000155,Ligong,80,000155,120.34740308333333,30.316202694444446,map2019/val/Ligong_80_000155/GPS_info.json,True,12,12,0,12,12,1.0,1.0176193221411722e-11,0,0,
val,Ligong_80_000159,Ligong,80,000159,120.34657325,30.316203666666667,map2019/val/Ligong_80_000159/GPS_info.json,True,12,12,0,12,12,1.0,1.0176193221411722e-11,0,0,
val,Ligong_80_000163,Ligong,80,000163,120.34574447222222,30.31620963888889,map2019/val/Ligong_80_000163/GPS_info.json,True,12,12,0,12,12,0.0,5.31069415873886e-12,0,0,
val,Ligong_80_000169,Ligong,80,000169,120.34449663888888,30.31620761111111,map2019/val/Ligong_80_000169/GPS_info.json,True,12,12,0,12,12,0.0,5.31069415873886e-12,0,0,
val,Ligong_80_000174,Ligong,80,000174,120.34531944444444,30.316024,map2019/val/Ligong_80_000174/GPS_info.json,True,12,12,0,12,12,0.0,5.31069415873886e-12,0,0,
val,Ligong_80_000181,Ligong,80,000181,120.34677561111111,30.31601975,map2019/val/Ligong_80_000181/GPS_info.json,True,12,12,0,12,12,1.0,7.566836046635217e-12,0,0,
val,Ligong_80_000194,Ligong,80,000194,120.3463676111111,30.315841166666665,map2019/val/Ligong_80_000194/GPS_info.json,True,12,12,0,12,12,1.0,7.566836046635217e-12,0,0,
val,Ligong_80_000199,Ligong,80,000199,120.3453335,30.31584338888889,map2019/val/Ligong_80_000199/GPS_info.json,True,12,12,0,12,12,1.0,6.892819648385284e-12,0,0,
val,Ligong_90_000000,Ligong,90,000000,120.34449883333333,30.31781461111111,map2019/val/Ligong_90_000000/GPS_info.json,True,12,12,0,12,12,1.0,6.892819648385284e-12,0,0,
val,Ligong_90_000003,Ligong,90,000003,120.34511438888889,30.317813916666665,map2019/val/Ligong_90_000003/GPS_info.json,True,12,12,0,12,12,1.0,7.566836046635217e-12,0,0,
val,Ligong_90_000005,Ligong,90,000005,120.34552725,30.317815888888887,map2019/val/Ligong_90_000005/GPS_info.json,True,12,12,0,12,12,1.0,6.892819648385284e-12,0,0,
val,Ligong_90_000011,Ligong,90,000011,120.34677455555556,30.317820138888887,map2019/val/Ligong_90_000011/GPS_info.json,True,12,12,0,12,12,1.0,6.892819648385284e-12,0,0,
val,Ligong_90_000013,Ligong,90,000013,120.34719008333333,30.317821416666668,map2019/val/Ligong_90_000013/GPS_info.json,True,12,12,0,12,12,1.0,6.892819648385284e-12,0,0,
val,Ligong_90_000021,Ligong,90,000021,120.34699455555555,30.317643944444445,map2019/val/Ligong_90_000021/GPS_info.json,True,12,12,0,12,12,0.0,7.550404745870765e-12,0,0,
val,Ligong_90_000024,Ligong,90,000024,120.34637588888889,30.317647611111113,map2019/val/Ligong_90_000024/GPS_info.json,True,12,12,0,12,12,0.0,7.550404745870765e-12,0,0,
val,Ligong_90_000034,Ligong,90,000034,120.34450319444444,30.317468194444444,map2019/val/Ligong_90_000034/GPS_info.json,True,12,12,0,12,12,0.0,7.550404745870765e-12,0,0,
val,Ligong_90_000063,Ligong,90,000063,120.34534202777778,30.317296638888887,map2019/val/Ligong_90_000063/GPS_info.json,True,12,12,0,12,12,2.0,7.431832926840798e-12,0,0,
val,Ligong_90_000067,Ligong,90,000067,120.34450838888888,30.31729491666667,map2019/val/Ligong_90_000067/GPS_info.json,True,12,12,0,12,12,1.0,1.1676770661495084e-11,0,0,
val,Ligong_90_000076,Ligong,90,000076,120.34616277777778,30.31711472222222,map2019/val/Ligong_90_000076/GPS_info.json,True,12,12,0,12,12,1.0,7.724376693829527e-12,0,0,
val,Ligong_90_000087,Ligong,90,000087,120.34741619444445,30.31692347222222,map2019/val/Ligong_90_000087/GPS_info.json,True,12,12,0,12,12,1.0,7.724376693829527e-12,0,0,
val,Ligong_90_000097,Ligong,90,000097,120.345332,30.31692025,map2019/val/Ligong_90_000097/GPS_info.json,True,12,12,0,12,12,1.0,6.413980457864454e-12,0,0,
val,Ligong_90_000114,Ligong,90,000114,120.34698133333333,30.316734694444445,map2019/val/Ligong_90_000114/GPS_info.json,True,12,12,0,12,12,1.0,6.413980457864454e-12,0,0,
val,Ligong_90_000121,Ligong,90,000121,120.34741030555556,30.31655813888889,map2019/val/Ligong_90_000121/GPS_info.json,True,12,12,0,12,12,1.0,6.208533687157569e-12,0,0,
val,Ligong_90_000123,Ligong,90,000123,120.34699502777778,30.316557166666666,map2019/val/Ligong_90_000123/GPS_info.json,True,12,12,0,12,12,1.0,6.413980457864454e-12,0,0,
val,Ligong_90_000127,Ligong,90,000127,120.34616061111112,30.31655325,map2019/val/Ligong_90_000127/GPS_info.json,True,12,12,0,12,12,1.0,6.208533687157569e-12,0,0,
val,Ligong_90_000128,Ligong,90,000128,120.34594736111112,30.316550972222224,map2019/val/Ligong_90_000128/GPS_info.json,True,12,12,0,12,12,1.0,6.208533687157569e-12,0,0,
val,Ligong_90_000132,Ligong,90,000132,120.34512525,30.3165525,map2019/val/Ligong_90_000132/GPS_info.json,True,12,12,0,12,12,1.0,6.208533687157569e-12,0,0,
val,Ligong_90_000143,Ligong,90,000143,120.34595125,30.316369277777778,map2019/val/Ligong_90_000143/GPS_info.json,True,12,12,0,12,12,1.0,6.208533687157569e-12,0,0,
val,Ligong_90_000153,Ligong,90,000153,120.34783083333333,30.316181055555557,map2019/val/Ligong_90_000153/GPS_info.json,True,12,12,0,12,12,1.0,5.840328221040636e-12,0,0,
val,Ligong_90_000157,Ligong,90,000157,120.34700572222222,30.316180194444446,map2019/val/Ligong_90_000157/GPS_info.json,True,12,12,0,12,12,1.0,5.874856157106478e-12,0,0,
val,Ligong_90_000159,Ligong,90,000159,120.34658905555555,30.316182444444443,map2019/val/Ligong_90_000159/GPS_info.json,True,12,12,0,12,12,1.0,5.840328221040636e-12,0,0,
val,Ligong_90_000165,Ligong,90,000165,120.34534077777778,30.31618466666667,map2019/val/Ligong_90_000165/GPS_info.json,True,12,12,0,12,12,1.0,5.874856157106478e-12,0,0,
val,Ligong_90_000167,Ligong,90,000167,120.34492602777777,30.31618538888889,map2019/val/Ligong_90_000167/GPS_info.json,True,12,12,0,12,12,1.0,5.874856157106478e-12,0,0,
val,Ligong_90_000170,Ligong,90,000170,120.34450302777778,30.316006027777778,map2019/val/Ligong_90_000170/GPS_info.json,True,12,12,0,12,12,1.0,5.874856157106478e-12,0,0,
val,Ligong_90_000183,Ligong,90,000183,120.34720502777778,30.315990305555555,map2019/val/Ligong_90_000183/GPS_info.json,True,12,12,0,12,12,1.0,5.874856157106478e-12,0,0,
val,Ligong_90_000184,Ligong,90,000184,120.34741380555556,30.3159895,map2019/val/Ligong_90_000184/GPS_info.json,True,12,12,0,12,12,1.0,4.630185124199215e-12,0,0,
val,Ligong_90_000190,Ligong,90,000190,120.34721975,30.315811833333335,map2019/val/Ligong_90_000190/GPS_info.json,True,12,12,0,12,12,1.0,4.630185124199215e-12,0,0,
val,Ligong_90_000198,Ligong,90,000198,120.34555716666667,30.315816527777777,map2019/val/Ligong_90_000198/GPS_info.json,True,12,12,0,12,12,1.0,4.630185124199215e-12,0,0,
