frame_id,query_location_id,nominal_height,positive_tile_id,positive_rank,reciprocal_rank,top1_tile_id,top1_location_id,top1_score,top2_tile_id,top2_score,top1_top2_margin,top1_correct
drone_0002_150_0000,0002,150,sat_0002,1,1.0,sat_0002,0002,0.75031424,sat_0140,0.6151835,0.13513076,True
drone_0002_150_0001,0002,150,sat_0002,1,1.0,sat_0002,0002,0.76093435,sat_0027,0.5947269,0.16620743,True
drone_0002_150_0002,0002,150,sat_0002,1,1.0,sat_0002,0002,0.75176775,sat_0140,0.6041836,0.14758414,True
drone_0002_150_0003,0002,150,sat_0002,1,1.0,sat_0002,0002,0.73936474,sat_0140,0.6086263,0.13073844,True
drone_0002_150_0004,0002,150,sat_0002,1,1.0,sat_0002,0002,0.7439661,sat_0140,0.61615777,0.12780833,True
drone_0002_150_0005,0002,150,sat_0002,1,1.0,sat_0002,0002,0.7844033,sat_0140,0.62797225,0.15643108,True
drone_0002_150_0006,0002,150,sat_0002,1,1.0,sat_0002,0002,0.7492744,sat_0140,0.5720452,0.17722917,True
drone_0002_150_0007,0002,150,sat_0002,1,1.0,sat_0002,0002,0.7097149,sat_0164,0.6107858,0.09892911,True
drone_0002_150_0008,0002,150,sat_0002,1,1.0,sat_0002,0002,0.7787547,sat_0140,0.59628356,0.18247116,True
drone_0002_150_0009,0002,150,sat_0002,1,1.0,sat_0002,0002,0.7721655,sat_0140,0.60595626,0.16620922,True
drone_0002_150_0010,0002,150,sat_0002,1,1.0,sat_0002,0002,0.75291324,sat_0140,0.6071533,0.14575994,True
drone_0002_150_0011,0002,150,sat_0002,1,1.0,sat_0002,0002,0.7706651,sat_0140,0.63910115,0.13156396,True
drone_0002_150_0012,0002,150,sat_0002,1,1.0,sat_0002,0002,0.80236626,sat_0140,0.6166864,0.18567985,True
drone_0002_150_0013,0002,150,sat_0002,1,1.0,sat_0002,0002,0.831171,sat_0140,0.58548605,0.24568492,True
drone_0002_150_0014,0002,150,sat_0002,1,1.0,sat_0002,0002,0.8661288,sat_0140,0.57747734,0.28865147,True
drone_0002_150_0015,0002,150,sat_0002,1,1.0,sat_0002,0002,0.92153716,sat_0140,0.54924214,0.37229502,True
drone_0002_150_0016,0002,150,sat_0002,1,1.0,sat_0002,0002,0.91607445,sat_0140,0.489106,0.42696846,True
drone_0002_150_0017,0002,150,sat_0002,1,1.0,sat_0002,0002,0.90422946,sat_0140,0.49235353,0.41187593,True
drone_0002_150_0018,0002,150,sat_0002,1,1.0,sat_0002,0002,0.8946291,sat_0140,0.4913801,0.40324903,True
drone_0002_150_0019,0002,150,sat_0002,1,1.0,sat_0002,0002,0.8869001,sat_0140,0.4804794,0.40642074,True
drone_0002_150_0020,0002,150,sat_0002,1,1.0,sat_0002,0002,0.894297,sat_0140,0.50775385,0.38654315,True
drone_0002_150_0021,0002,150,sat_0002,1,1.0,sat_0002,0002,0.86102664,sat_0140,0.52242404,0.3386026,True
drone_0002_150_0022,0002,150,sat_0002,1,1.0,sat_0002,0002,0.87157464,sat_0140,0.5629928,0.30858183,True
drone_0002_150_0023,0002,150,sat_0002,1,1.0,sat_0002,0002,0.85134226,sat_0140,0.54390895,0.3074333,True
drone_0002_150_0024,0002,150,sat_0002,1,1.0,sat_0002,0002,0.80043036,sat_0140,0.5317888,0.26864153,True
drone_0002_150_0025,0002,150,sat_0002,1,1.0,sat_0002,0002,0.7882498,sat_0140,0.5106102,0.27763957,True
drone_0002_150_0026,0002,150,sat_0002,1,1.0,sat_0002,0002,0.7905952,sat_0140,0.5687573,0.22183788,True
drone_0002_150_0027,0002,150,sat_0002,1,1.0,sat_0002,0002,0.8089862,sat_0140,0.62185246,0.18713373,True
drone_0002_150_0028,0002,150,sat_0002,1,1.0,sat_0002,0002,0.81636626,sat_0140,0.58686954,0.22949672,True
drone_0002_150_0029,0002,150,sat_0002,1,1.0,sat_0002,0002,0.8368739,sat_0140,0.5808596,0.2560143,True
drone_0002_150_0030,0002,150,sat_0002,1,1.0,sat_0002,0002,0.7974358,sat_0140,0.5587866,0.23864925,True
drone_0002_150_0031,0002,150,sat_0002,1,1.0,sat_0002,0002,0.8096429,sat_0140,0.5824342,0.22720873,True
drone_0002_150_0032,0002,150,sat_0002,1,1.0,sat_0002,0002,0.84896886,sat_0140,0.62376904,0.22519982,True
drone_0002_150_0033,0002,150,sat_0002,1,1.0,sat_0002,0002,0.8201788,sat_0140,0.55568635,0.26449245,True
drone_0002_150_0034,0002,150,sat_0002,1,1.0,sat_0002,0002,0.8324569,sat_0140,0.52773285,0.30472404,True
drone_0002_150_0035,0002,150,sat_0002,1,1.0,sat_0002,0002,0.85961133,sat_0140,0.56977797,0.28983337,True
drone_0002_150_0036,0002,150,sat_0002,1,1.0,sat_0002,0002,0.8469113,sat_0140,0.5193097,0.3276016,True
drone_0002_150_0037,0002,150,sat_0002,1,1.0,sat_0002,0002,0.82725465,sat_0164,0.5281452,0.29910946,True
drone_0002_150_0038,0002,150,sat_0002,1,1.0,sat_0002,0002,0.7803924,sat_0164,0.52535295,0.25503945,True
drone_0002_150_0039,0002,150,sat_0002,1,1.0,sat_0002,0002,0.76457554,sat_0164,0.62794524,0.1366303,True
drone_0002_150_0040,0002,150,sat_0002,1,1.0,sat_0002,0002,0.8377239,sat_0140,0.49903855,0.33868536,True
drone_0002_150_0041,0002,150,sat_0002,1,1.0,sat_0002,0002,0.79163194,sat_0040,0.4911164,0.30051553,True
drone_0002_150_0042,0002,150,sat_0002,1,1.0,sat_0002,0002,0.62675726,sat_0029,0.3981162,0.22864106,True
drone_0002_150_0043,0002,150,sat_0002,1,1.0,sat_0002,0002,0.6313992,sat_0040,0.448987,0.1824122,True
drone_0002_150_0044,0002,150,sat_0002,1,1.0,sat_0002,0002,0.702032,sat_0164,0.5169673,0.18506473,True
drone_0002_150_0045,0002,150,sat_0002,1,1.0,sat_0002,0002,0.7459174,sat_0164,0.53372765,0.21218973,True
drone_0002_150_0046,0002,150,sat_0002,2,0.5,sat_0164,0164,0.69996244,sat_0002,0.65260696,0.047355473,False
drone_0002_150_0047,0002,150,sat_0002,1,1.0,sat_0002,0002,0.81340843,sat_0140,0.53000396,0.28340447,True
drone_0002_150_0048,0002,150,sat_0002,1,1.0,sat_0002,0002,0.8127515,sat_0140,0.6001234,0.21262807,True
drone_0002_150_0049,0002,150,sat_0002,1,1.0,sat_0002,0002,0.81098187,sat_0140,0.6140712,0.19691068,True
drone_0007_150_0000,0007,150,sat_0007,3,0.3333333333333333,sat_0058,0058,0.8022263,sat_0071,0.8022263,0.0,False
drone_0007_150_0001,0007,150,sat_0007,3,0.3333333333333333,sat_0058,0058,0.8215389,sat_0071,0.8215389,0.0,False
drone_0007_150_0002,0007,150,sat_0007,3,0.3333333333333333,sat_0058,0058,0.8070961,sat_0071,0.8070961,0.0,False
drone_0007_150_0003,0007,150,sat_0007,3,0.3333333333333333,sat_0058,0058,0.8328257,sat_0071,0.8328257,0.0,False
drone_0007_150_0004,0007,150,sat_0007,3,0.3333333333333333,sat_0058,0058,0.8230025,sat_0071,0.8230025,0.0,False
drone_0007_150_0005,0007,150,sat_0007,4,0.25,sat_0058,0058,0.8004733,sat_0071,0.8004733,0.0,False
drone_0007_150_0006,0007,150,sat_0007,3,0.3333333333333333,sat_0058,0058,0.8128054,sat_0071,0.8128054,0.0,False
drone_0007_150_0007,0007,150,sat_0007,3,0.3333333333333333,sat_0058,0058,0.8364889,sat_0071,0.8364889,0.0,False
drone_0007_150_0008,0007,150,sat_0007,4,0.25,sat_0058,0058,0.8363725,sat_0071,0.8363725,0.0,False
drone_0007_150_0009,0007,150,sat_0007,4,0.25,sat_0058,0058,0.82888997,sat_0071,0.82888997,0.0,False
drone_0007_150_0010,0007,150,sat_0007,4,0.25,sat_0058,0058,0.8332349,sat_0071,0.8332349,0.0,False
drone_0007_150_0011,0007,150,sat_0007,4,0.25,sat_0058,0058,0.81552523,sat_0071,0.81552523,0.0,False
drone_0007_150_0012,0007,150,sat_0007,4,0.25,sat_0058,0058,0.823151,sat_0071,0.823151,0.0,False
drone_0007_150_0013,0007,150,sat_0007,4,0.25,sat_0058,0058,0.82307327,sat_0071,0.82307327,0.0,False
drone_0007_150_0014,0007,150,sat_0007,3,0.3333333333333333,sat_0058,0058,0.8053635,sat_0071,0.8053635,0.0,False
drone_0007_150_0015,0007,150,sat_0007,3,0.3333333333333333,sat_0058,0058,0.7793259,sat_0071,0.7793259,0.0,False
drone_0007_150_0016,0007,150,sat_0007,1,1.0,sat_0007,0007,0.7439037,sat_0058,0.7266963,0.017207384,True
drone_0007_150_0017,0007,150,sat_0007,1,1.0,sat_0007,0007,0.75924623,sat_0058,0.69314456,0.06610167,True
drone_0007_150_0018,0007,150,sat_0007,1,1.0,sat_0007,0007,0.7474998,sat_0058,0.69223803,0.05526179,True
drone_0007_150_0019,0007,150,sat_0007,3,0.3333333333333333,sat_0058,0058,0.75333714,sat_0071,0.75333714,0.0,False
drone_0007_150_0020,0007,150,sat_0007,3,0.3333333333333333,sat_0058,0058,0.75245583,sat_0071,0.75245583,0.0,False
drone_0007_150_0021,0007,150,sat_0007,4,0.25,sat_0058,0058,0.75122774,sat_0071,0.75122774,0.0,False
drone_0007_150_0022,0007,150,sat_0007,4,0.25,sat_0058,0058,0.79315215,sat_0071,0.79315215,0.0,False
drone_0007_150_0023,0007,150,sat_0007,3,0.3333333333333333,sat_0058,0058,0.7290853,sat_0071,0.7290853,0.0,False
drone_0007_150_0024,0007,150,sat_0007,3,0.3333333333333333,sat_0058,0058,0.72875136,sat_0071,0.72875136,0.0,False
drone_0007_150_0025,0007,150,sat_0007,3,0.3333333333333333,sat_0058,0058,0.76641893,sat_0071,0.76641893,0.0,False
drone_0007_150_0026,0007,150,sat_0007,3,0.3333333333333333,sat_0058,0058,0.73296493,sat_0071,0.73296493,0.0,False
drone_0007_150_0027,0007,150,sat_0007,3,0.3333333333333333,sat_0058,0058,0.7362536,sat_0071,0.7362536,0.0,False
drone_0007_150_0028,0007,150,sat_0007,1,1.0,sat_0007,0007,0.7881743,sat_0058,0.73493856,0.05323571,True
drone_0007_150_0029,0007,150,sat_0007,3,0.3333333333333333,sat_0058,0058,0.7944948,sat_0071,0.7944948,0.0,False
drone_0007_150_0030,0007,150,sat_0007,3,0.3333333333333333,sat_0058,0058,0.8156498,sat_0071,0.8156498,0.0,False
drone_0007_150_0031,0007,150,sat_0007,3,0.3333333333333333,sat_0058,0058,0.80619264,sat_0071,0.80619264,0.0,False
drone_0007_150_0032,0007,150,sat_0007,4,0.25,sat_0058,0058,0.8229422,sat_0071,0.8229422,0.0,False
drone_0007_150_0033,0007,150,sat_0007,4,0.25,sat_0058,0058,0.8375335,sat_0071,0.8375335,0.0,False
drone_0007_150_0034,0007,150,sat_0007,4,0.25,sat_0058,0058,0.76921,sat_0071,0.76921,0.0,False
drone_0007_150_0035,0007,150,sat_0007,5,0.2,sat_0058,0058,0.7530792,sat_0071,0.7530792,0.0,False
drone_0007_150_0036,0007,150,sat_0007,5,0.2,sat_0058,0058,0.6781492,sat_0071,0.6781492,0.0,False
drone_0007_150_0037,0007,150,sat_0007,4,0.25,sat_0058,0058,0.63149184,sat_0071,0.63149184,0.0,False
drone_0007_150_0038,0007,150,sat_0007,1,1.0,sat_0007,0007,0.7124551,sat_0058,0.592909,0.119546115,True
drone_0007_150_0039,0007,150,sat_0007,1,1.0,sat_0007,0007,0.7748793,sat_0058,0.6349114,0.13996786,True
drone_0007_150_0040,0007,150,sat_0007,1,1.0,sat_0007,0007,0.7644466,sat_0058,0.7061453,0.05830133,True
drone_0007_150_0041,0007,150,sat_0007,3,0.3333333333333333,sat_0058,0058,0.70070684,sat_0071,0.70070684,0.0,False
drone_0007_150_0042,0007,150,sat_0007,3,0.3333333333333333,sat_0058,0058,0.83306974,sat_0071,0.83306974,0.0,False
drone_0007_150_0043,0007,150,sat_0007,3,0.3333333333333333,sat_0058,0058,0.7889971,sat_0071,0.7889971,0.0,False
drone_0007_150_0044,0007,150,sat_0007,3,0.3333333333333333,sat_0058,0058,0.78698224,sat_0071,0.78698224,0.0,False
drone_0007_150_0045,0007,150,sat_0007,4,0.25,sat_0058,0058,0.8394007,sat_0071,0.8394007,0.0,False
drone_0007_150_0046,0007,150,sat_0007,3,0.3333333333333333,sat_0058,0058,0.8048046,sat_0071,0.8048046,0.0,False
drone_0007_150_0047,0007,150,sat_0007,3,0.3333333333333333,sat_0058,0058,0.8372063,sat_0071,0.8372063,0.0,False
drone_0007_150_0048,0007,150,sat_0007,3,0.3333333333333333,sat_0058,0058,0.8170155,sat_0071,0.8170155,0.0,False
drone_0007_150_0049,0007,150,sat_0007,3,0.3333333333333333,sat_0058,0058,0.829165,sat_0071,0.829165,0.0,False
drone_0008_150_0000,0008,150,sat_0008,1,1.0,sat_0008,0008,0.85690594,sat_0058,0.5671503,0.28975564,True
drone_0008_150_0001,0008,150,sat_0008,1,1.0,sat_0008,0008,0.8480078,sat_0058,0.5899643,0.25804353,True
drone_0008_150_0002,0008,150,sat_0008,1,1.0,sat_0008,0008,0.86754197,sat_0058,0.5718066,0.29573536,True
drone_0008_150_0003,0008,150,sat_0008,1,1.0,sat_0008,0008,0.8220649,sat_0198,0.6032044,0.21886045,True
drone_0008_150_0004,0008,150,sat_0008,1,1.0,sat_0008,0008,0.87947917,sat_0058,0.55150115,0.32797801,True
drone_0008_150_0005,0008,150,sat_0008,1,1.0,sat_0008,0008,0.8303342,sat_0198,0.5900146,0.24031961,True
drone_0008_150_0006,0008,150,sat_0008,1,1.0,sat_0008,0008,0.8077243,sat_0198,0.5721747,0.23554957,True
drone_0008_150_0007,0008,150,sat_0008,1,1.0,sat_0008,0008,0.7489648,sat_0198,0.5742227,0.1747421,True
drone_0008_150_0008,0008,150,sat_0008,1,1.0,sat_0008,0008,0.7079636,sat_0198,0.666394,0.04156959,True
drone_0008_150_0009,0008,150,sat_0008,1,1.0,sat_0008,0008,0.7585676,sat_0198,0.64232075,0.11624682,True
drone_0008_150_0010,0008,150,sat_0008,1,1.0,sat_0008,0008,0.77500457,sat_0198,0.60481876,0.1701858,True
drone_0008_150_0011,0008,150,sat_0008,1,1.0,sat_0008,0008,0.74289095,sat_0198,0.6056961,0.13719487,True
drone_0008_150_0012,0008,150,sat_0008,1,1.0,sat_0008,0008,0.73249406,sat_0198,0.56243455,0.1700595,True
drone_0008_150_0013,0008,150,sat_0008,1,1.0,sat_0008,0008,0.6967241,sat_0198,0.5841801,0.112544,True
drone_0008_150_0014,0008,150,sat_0008,2,0.5,sat_0198,0198,0.6658911,sat_0008,0.6433853,0.02250582,False
drone_0008_150_0015,0008,150,sat_0008,2,0.5,sat_0198,0198,0.69586766,sat_0008,0.68889093,0.0069767237,False
drone_0008_150_0016,0008,150,sat_0008,2,0.5,sat_0198,0198,0.7530719,sat_0008,0.62921417,0.12385774,False
drone_0008_150_0017,0008,150,sat_0008,1,1.0,sat_0008,0008,0.6477752,sat_0198,0.5987077,0.049067497,True
drone_0008_150_0018,0008,150,sat_0008,1,1.0,sat_0008,0008,0.7149512,sat_0198,0.5563015,0.15864974,True
drone_0008_150_0019,0008,150,sat_0008,1,1.0,sat_0008,0008,0.7887458,sat_0058,0.501549,0.28719682,True
drone_0008_150_0020,0008,150,sat_0008,1,1.0,sat_0008,0008,0.8572861,sat_0058,0.43745834,0.41982776,True
drone_0008_150_0021,0008,150,sat_0008,1,1.0,sat_0008,0008,0.8957886,sat_0058,0.53916395,0.35662466,True
drone_0008_150_0022,0008,150,sat_0008,1,1.0,sat_0008,0008,0.84965426,sat_0058,0.48251438,0.36713988,True
drone_0008_150_0023,0008,150,sat_0008,1,1.0,sat_0008,0008,0.8595674,sat_0058,0.5259621,0.3336053,True
drone_0008_150_0024,0008,150,sat_0008,1,1.0,sat_0008,0008,0.81581736,sat_0198,0.54017395,0.2756434,True
drone_0008_150_0025,0008,150,sat_0008,1,1.0,sat_0008,0008,0.7971174,sat_0058,0.5576581,0.23945934,True
drone_0008_150_0026,0008,150,sat_0008,1,1.0,sat_0008,0008,0.7803435,sat_0198,0.59873676,0.18160671,True
drone_0008_150_0027,0008,150,sat_0008,1,1.0,sat_0008,0008,0.75512856,sat_0198,0.63307804,0.122050524,True
drone_0008_150_0028,0008,150,sat_0008,1,1.0,sat_0008,0008,0.77880573,sat_0198,0.56924367,0.20956206,True
drone_0008_150_0029,0008,150,sat_0008,1,1.0,sat_0008,0008,0.79074645,sat_0198,0.5801821,0.21056437,True
drone_0008_150_0030,0008,150,sat_0008,1,1.0,sat_0008,0008,0.81953067,sat_0198,0.60972005,0.20981061,True
drone_0008_150_0031,0008,150,sat_0008,1,1.0,sat_0008,0008,0.81173456,sat_0198,0.5628712,0.24886334,True
drone_0008_150_0032,0008,150,sat_0008,1,1.0,sat_0008,0008,0.7925388,sat_0198,0.616845,0.17569381,True
drone_0008_150_0033,0008,150,sat_0008,1,1.0,sat_0008,0008,0.7455736,sat_0198,0.6580996,0.08747399,True
drone_0008_150_0034,0008,150,sat_0008,1,1.0,sat_0008,0008,0.7990184,sat_0198,0.61965644,0.17936194,True
drone_0008_150_0035,0008,150,sat_0008,1,1.0,sat_0008,0008,0.8146389,sat_0198,0.63079166,0.18384725,True
drone_0008_150_0036,0008,150,sat_0008,1,1.0,sat_0008,0008,0.8355852,sat_0198,0.61037946,0.22520572,True
drone_0008_150_0037,0008,150,sat_0008,1,1.0,sat_0008,0008,0.864593,sat_0198,0.5476667,0.3169263,True
drone_0008_150_0038,0008,150,sat_0008,1,1.0,sat_0008,0008,0.9024996,sat_0058,0.52904326,0.37345636,True
drone_0008_150_0039,0008,150,sat_0008,1,1.0,sat_0008,0008,0.90963537,sat_0058,0.53089786,0.3787375,True
drone_0008_150_0040,0008,150,sat_0008,1,1.0,sat_0008,0008,0.9051597,sat_0058,0.46797362,0.4371861,True
drone_0008_150_0041,0008,150,sat_0008,1,1.0,sat_0008,0008,0.86444664,sat_0198,0.53302205,0.3314246,True
drone_0008_150_0042,0008,150,sat_0008,1,1.0,sat_0008,0008,0.8659526,sat_0198,0.5215911,0.34436148,True
drone_0008_150_0043,0008,150,sat_0008,1,1.0,sat_0008,0008,0.8525599,sat_0198,0.5437772,0.3087827,True
drone_0008_150_0044,0008,150,sat_0008,1,1.0,sat_0008,0008,0.7816814,sat_0198,0.63276714,0.14891428,True
drone_0008_150_0045,0008,150,sat_0008,1,1.0,sat_0008,0008,0.8223705,sat_0198,0.6114838,0.21088672,True
drone_0008_150_0046,0008,150,sat_0008,1,1.0,sat_0008,0008,0.7979404,sat_0198,0.592841,0.20509934,True
drone_0008_150_0047,0008,150,sat_0008,1,1.0,sat_0008,0008,0.81123656,sat_0058,0.5452884,0.26594818,True
drone_0008_150_0048,0008,150,sat_0008,1,1.0,sat_0008,0008,0.85133004,sat_0058,0.5634638,0.28786623,True
drone_0008_150_0049,0008,150,sat_0008,1,1.0,sat_0008,0008,0.82738614,sat_0058,0.55115235,0.2762338,True
drone_0009_150_0000,0009,150,sat_0009,1,1.0,sat_0009,0009,0.8973176,sat_0007,0.38169348,0.5156241,True
drone_0009_150_0001,0009,150,sat_0009,1,1.0,sat_0009,0009,0.9017266,sat_0007,0.3571785,0.5445481,True
drone_0009_150_0002,0009,150,sat_0009,1,1.0,sat_0009,0009,0.89058447,sat_0007,0.3284256,0.5621589,True
drone_0009_150_0003,0009,150,sat_0009,1,1.0,sat_0009,0009,0.8998779,sat_0007,0.35525554,0.54462236,True
drone_0009_150_0004,0009,150,sat_0009,1,1.0,sat_0009,0009,0.9206201,sat_0007,0.3685123,0.5521078,True
drone_0009_150_0005,0009,150,sat_0009,1,1.0,sat_0009,0009,0.9090111,sat_0007,0.37470937,0.53430176,True
drone_0009_150_0006,0009,150,sat_0009,1,1.0,sat_0009,0009,0.91852635,sat_0007,0.39704692,0.5214794,True
drone_0009_150_0007,0009,150,sat_0009,1,1.0,sat_0009,0009,0.9150603,sat_0007,0.37527305,0.53978723,True
drone_0009_150_0008,0009,150,sat_0009,1,1.0,sat_0009,0009,0.9088081,sat_0007,0.37856215,0.53024596,True
drone_0009_150_0009,0009,150,sat_0009,1,1.0,sat_0009,0009,0.90062475,sat_0007,0.3848096,0.51581514,True
drone_0009_150_0010,0009,150,sat_0009,1,1.0,sat_0009,0009,0.8874262,sat_0140,0.38851315,0.49891305,True
drone_0009_150_0011,0009,150,sat_0009,1,1.0,sat_0009,0009,0.9105235,sat_0140,0.41369852,0.49682495,True
drone_0009_150_0012,0009,150,sat_0009,1,1.0,sat_0009,0009,0.91004515,sat_0140,0.46068767,0.44935748,True
drone_0009_150_0013,0009,150,sat_0009,1,1.0,sat_0009,0009,0.8981026,sat_0140,0.48140243,0.41670015,True
drone_0009_150_0014,0009,150,sat_0009,1,1.0,sat_0009,0009,0.89982307,sat_0140,0.49689332,0.40292975,True
drone_0009_150_0015,0009,150,sat_0009,1,1.0,sat_0009,0009,0.88855803,sat_0140,0.43868345,0.44987458,True
drone_0009_150_0016,0009,150,sat_0009,1,1.0,sat_0009,0009,0.92013323,sat_0007,0.42035493,0.4997783,True
drone_0009_150_0017,0009,150,sat_0009,1,1.0,sat_0009,0009,0.8913199,sat_0007,0.44556653,0.44575334,True
drone_0009_150_0018,0009,150,sat_0009,1,1.0,sat_0009,0009,0.8836864,sat_0007,0.41401887,0.46966755,True
drone_0009_150_0019,0009,150,sat_0009,1,1.0,sat_0009,0009,0.86778796,sat_0007,0.4616536,0.40613437,True
drone_0009_150_0020,0009,150,sat_0009,1,1.0,sat_0009,0009,0.8800856,sat_0007,0.41079608,0.4692895,True
drone_0009_150_0021,0009,150,sat_0009,1,1.0,sat_0009,0009,0.8863764,sat_0140,0.4009933,0.4853831,True
drone_0009_150_0022,0009,150,sat_0009,1,1.0,sat_0009,0009,0.87298477,sat_0007,0.41660893,0.45637584,True
drone_0009_150_0023,0009,150,sat_0009,1,1.0,sat_0009,0009,0.8680283,sat_0007,0.52736986,0.34065843,True
drone_0009_150_0024,0009,150,sat_0009,1,1.0,sat_0009,0009,0.88550586,sat_0007,0.47369918,0.41180667,True
drone_0009_150_0025,0009,150,sat_0009,1,1.0,sat_0009,0009,0.87426233,sat_0007,0.43444544,0.4398169,True
drone_0009_150_0026,0009,150,sat_0009,1,1.0,sat_0009,0009,0.8595093,sat_0007,0.53177094,0.32773834,True
drone_0009_150_0027,0009,150,sat_0009,1,1.0,sat_0009,0009,0.8594643,sat_0007,0.61523294,0.24423134,True
drone_0009_150_0028,0009,150,sat_0009,1,1.0,sat_0009,0009,0.87562907,sat_0007,0.57863045,0.29699862,True
drone_0009_150_0029,0009,150,sat_0009,1,1.0,sat_0009,0009,0.8953372,sat_0007,0.5918555,0.3034817,True
drone_0009_150_0030,0009,150,sat_0009,1,1.0,sat_0009,0009,0.8993107,sat_0007,0.5060427,0.393268,True
drone_0009_150_0031,0009,150,sat_0009,1,1.0,sat_0009,0009,0.8882939,sat_0007,0.55103695,0.33725697,True
drone_0009_150_0032,0009,150,sat_0009,1,1.0,sat_0009,0009,0.87334996,sat_0007,0.4395278,0.43382215,True
drone_0009_150_0033,0009,150,sat_0009,1,1.0,sat_0009,0009,0.8798344,sat_0007,0.49828658,0.38154784,True
drone_0009_150_0034,0009,150,sat_0009,1,1.0,sat_0009,0009,0.87740463,sat_0007,0.48165333,0.3957513,True
drone_0009_150_0035,0009,150,sat_0009,1,1.0,sat_0009,0009,0.8734112,sat_0007,0.44925487,0.4241563,True
drone_0009_150_0036,0009,150,sat_0009,1,1.0,sat_0009,0009,0.84948075,sat_0140,0.37219355,0.4772872,True
drone_0009_150_0037,0009,150,sat_0009,1,1.0,sat_0009,0009,0.8535679,sat_0140,0.36667222,0.48689568,True
drone_0009_150_0038,0009,150,sat_0009,1,1.0,sat_0009,0009,0.83330476,sat_0140,0.34724078,0.486064,True
drone_0009_150_0039,0009,150,sat_0009,1,1.0,sat_0009,0009,0.85597813,sat_0140,0.33006045,0.52591765,True
drone_0009_150_0040,0009,150,sat_0009,1,1.0,sat_0009,0009,0.8837523,sat_0007,0.35419852,0.5295538,True
drone_0009_150_0041,0009,150,sat_0009,1,1.0,sat_0009,0009,0.86543584,sat_0007,0.33009565,0.5353402,True
drone_0009_150_0042,0009,150,sat_0009,1,1.0,sat_0009,0009,0.83250326,sat_0007,0.3016318,0.53087145,True
drone_0009_150_0043,0009,150,sat_0009,1,1.0,sat_0009,0009,0.85667515,sat_0007,0.34081703,0.5158581,True
drone_0009_150_0044,0009,150,sat_0009,1,1.0,sat_0009,0009,0.8548723,sat_0007,0.3434726,0.5113997,True
drone_0009_150_0045,0009,150,sat_0009,1,1.0,sat_0009,0009,0.808743,sat_0007,0.30608013,0.5026629,True
drone_0009_150_0046,0009,150,sat_0009,1,1.0,sat_0009,0009,0.8081953,sat_0007,0.28890198,0.5192933,True
drone_0009_150_0047,0009,150,sat_0009,1,1.0,sat_0009,0009,0.8585472,sat_0007,0.3464108,0.5121364,True
drone_0009_150_0048,0009,150,sat_0009,1,1.0,sat_0009,0009,0.8817513,sat_0007,0.3610421,0.52070916,True
drone_0009_150_0049,0009,150,sat_0009,1,1.0,sat_0009,0009,0.8991166,sat_0007,0.36415088,0.5349657,True
drone_0023_150_0000,0023,150,sat_0023,1,1.0,sat_0023,0023,0.841838,sat_0155,0.46720278,0.37463522,True
drone_0023_150_0001,0023,150,sat_0023,1,1.0,sat_0023,0023,0.8314002,sat_0155,0.47595757,0.35544264,True
drone_0023_150_0002,0023,150,sat_0023,1,1.0,sat_0023,0023,0.8292417,sat_0155,0.47106045,0.35818124,True
drone_0023_150_0003,0023,150,sat_0023,1,1.0,sat_0023,0023,0.83811873,sat_0155,0.4562607,0.38185802,True
drone_0023_150_0004,0023,150,sat_0023,1,1.0,sat_0023,0023,0.8390548,sat_0155,0.46932337,0.36973146,True
drone_0023_150_0005,0023,150,sat_0023,1,1.0,sat_0023,0023,0.87014395,sat_0155,0.4331951,0.43694884,True
drone_0023_150_0006,0023,150,sat_0023,1,1.0,sat_0023,0023,0.85090905,sat_0155,0.48143452,0.36947453,True
drone_0023_150_0007,0023,150,sat_0023,1,1.0,sat_0023,0023,0.8353794,sat_0155,0.47493064,0.36044878,True
drone_0023_150_0008,0023,150,sat_0023,1,1.0,sat_0023,0023,0.837767,sat_0155,0.48285842,0.3549086,True
drone_0023_150_0009,0023,150,sat_0023,1,1.0,sat_0023,0023,0.8132459,sat_0155,0.48646727,0.32677862,True
drone_0023_150_0010,0023,150,sat_0023,1,1.0,sat_0023,0023,0.83653027,sat_0155,0.46180463,0.37472564,True
drone_0023_150_0011,0023,150,sat_0023,1,1.0,sat_0023,0023,0.8434361,sat_0155,0.4451178,0.39831832,True
drone_0023_150_0012,0023,150,sat_0023,1,1.0,sat_0023,0023,0.88274896,sat_0058,0.4610661,0.42168286,True
drone_0023_150_0013,0023,150,sat_0023,1,1.0,sat_0023,0023,0.8935817,sat_0058,0.4735999,0.41998178,True
drone_0023_150_0014,0023,150,sat_0023,1,1.0,sat_0023,0023,0.8783418,sat_0058,0.49298632,0.38535547,True
drone_0023_150_0015,0023,150,sat_0023,1,1.0,sat_0023,0023,0.8862481,sat_0058,0.48031276,0.40593535,True
drone_0023_150_0016,0023,150,sat_0023,1,1.0,sat_0023,0023,0.85434884,sat_0058,0.5031555,0.3511933,True
drone_0023_150_0017,0023,150,sat_0023,1,1.0,sat_0023,0023,0.8548757,sat_0058,0.5043877,0.350488,True
drone_0023_150_0018,0023,150,sat_0023,1,1.0,sat_0023,0023,0.8094103,sat_0058,0.5479652,0.26144505,True
drone_0023_150_0019,0023,150,sat_0023,1,1.0,sat_0023,0023,0.8495028,sat_0058,0.5099977,0.33950508,True
drone_0023_150_0020,0023,150,sat_0023,1,1.0,sat_0023,0023,0.8361274,sat_0058,0.5412369,0.29489052,True
drone_0023_150_0021,0023,150,sat_0023,1,1.0,sat_0023,0023,0.78640354,sat_0058,0.51527613,0.2711274,True
drone_0023_150_0022,0023,150,sat_0023,1,1.0,sat_0023,0023,0.8062955,sat_0058,0.5295855,0.27671003,True
drone_0023_150_0023,0023,150,sat_0023,1,1.0,sat_0023,0023,0.74860513,sat_0058,0.45254782,0.2960573,True
drone_0023_150_0024,0023,150,sat_0023,1,1.0,sat_0023,0023,0.78073967,sat_0058,0.48218936,0.2985503,True
drone_0023_150_0025,0023,150,sat_0023,1,1.0,sat_0023,0023,0.74577445,sat_0058,0.48102143,0.264753,True
drone_0023_150_0026,0023,150,sat_0023,1,1.0,sat_0023,0023,0.75647885,sat_0058,0.49230543,0.26417342,True
drone_0023_150_0027,0023,150,sat_0023,1,1.0,sat_0023,0023,0.79208434,sat_0058,0.47914445,0.31293988,True
drone_0023_150_0028,0023,150,sat_0023,1,1.0,sat_0023,0023,0.7940079,sat_0058,0.46303785,0.33097005,True
drone_0023_150_0029,0023,150,sat_0023,1,1.0,sat_0023,0023,0.75503117,sat_0058,0.44773978,0.3072914,True
drone_0023_150_0030,0023,150,sat_0023,1,1.0,sat_0023,0023,0.81946254,sat_0058,0.41384572,0.40561682,True
drone_0023_150_0031,0023,150,sat_0023,1,1.0,sat_0023,0023,0.8509346,sat_0058,0.43229944,0.4186352,True
drone_0023_150_0032,0023,150,sat_0023,1,1.0,sat_0023,0023,0.89466226,sat_0058,0.44183743,0.45282483,True
drone_0023_150_0033,0023,150,sat_0023,1,1.0,sat_0023,0023,0.86930144,sat_0058,0.45028985,0.4190116,True
drone_0023_150_0034,0023,150,sat_0023,1,1.0,sat_0023,0023,0.8578009,sat_0058,0.44651362,0.41128728,True
drone_0023_150_0035,0023,150,sat_0023,1,1.0,sat_0023,0023,0.8744568,sat_0058,0.42939186,0.44506496,True
drone_0023_150_0036,0023,150,sat_0023,1,1.0,sat_0023,0023,0.8646668,sat_0058,0.42380053,0.4408663,True
drone_0023_150_0037,0023,150,sat_0023,1,1.0,sat_0023,0023,0.8840223,sat_0041,0.42369574,0.46032655,True
drone_0023_150_0038,0023,150,sat_0023,1,1.0,sat_0023,0023,0.8615726,sat_0155,0.48004445,0.38152817,True
drone_0023_150_0039,0023,150,sat_0023,1,1.0,sat_0023,0023,0.8823489,sat_0058,0.43665773,0.44569117,True
drone_0023_150_0040,0023,150,sat_0023,1,1.0,sat_0023,0023,0.8898103,sat_0058,0.46043283,0.4293775,True
drone_0023_150_0041,0023,150,sat_0023,1,1.0,sat_0023,0023,0.87672114,sat_0058,0.47201955,0.4047016,True
drone_0023_150_0042,0023,150,sat_0023,1,1.0,sat_0023,0023,0.8709426,sat_0058,0.48013598,0.39080662,True
drone_0023_150_0043,0023,150,sat_0023,1,1.0,sat_0023,0023,0.8813344,sat_0058,0.4593957,0.42193872,True
drone_0023_150_0044,0023,150,sat_0023,1,1.0,sat_0023,0023,0.8481383,sat_0058,0.4445895,0.40354878,True
drone_0023_150_0045,0023,150,sat_0023,1,1.0,sat_0023,0023,0.8465114,sat_0155,0.4308771,0.41563433,True
drone_0023_150_0046,0023,150,sat_0023,1,1.0,sat_0023,0023,0.87984884,sat_0155,0.43365645,0.44619238,True
drone_0023_150_0047,0023,150,sat_0023,1,1.0,sat_0023,0023,0.88774365,sat_0155,0.43054265,0.457201,True
drone_0023_150_0048,0023,150,sat_0023,1,1.0,sat_0023,0023,0.87393177,sat_0058,0.43561435,0.43831742,True
drone_0023_150_0049,0023,150,sat_0023,1,1.0,sat_0023,0023,0.8760626,sat_0155,0.43411946,0.4419431,True
drone_0024_150_0000,0024,150,sat_0024,1,1.0,sat_0024,0024,0.6063874,sat_0144,0.516938,0.089449406,True
drone_0024_150_0001,0024,150,sat_0024,1,1.0,sat_0024,0024,0.5884357,sat_0144,0.5234667,0.064969,True
drone_0024_150_0002,0024,150,sat_0024,1,1.0,sat_0024,0024,0.62077945,sat_0144,0.46404454,0.15673491,True
drone_0024_150_0003,0024,150,sat_0024,1,1.0,sat_0024,0024,0.5724469,sat_0144,0.5425999,0.029846966,True
drone_0024_150_0004,0024,150,sat_0024,1,1.0,sat_0024,0024,0.59616643,sat_0144,0.5363651,0.05980134,True
drone_0024_150_0005,0024,150,sat_0024,1,1.0,sat_0024,0024,0.7120794,sat_0029,0.49277803,0.21930137,True
drone_0024_150_0006,0024,150,sat_0024,1,1.0,sat_0024,0024,0.7367248,sat_0029,0.48199642,0.25472838,True
drone_0024_150_0007,0024,150,sat_0024,1,1.0,sat_0024,0024,0.73679817,sat_0029,0.46104264,0.27575552,True
drone_0024_150_0008,0024,150,sat_0024,1,1.0,sat_0024,0024,0.8008091,sat_0029,0.50207514,0.29873395,True
drone_0024_150_0009,0024,150,sat_0024,1,1.0,sat_0024,0024,0.79935855,sat_0029,0.4833008,0.31605774,True
drone_0024_150_0010,0024,150,sat_0024,1,1.0,sat_0024,0024,0.78122604,sat_0029,0.5070363,0.2741897,True
drone_0024_150_0011,0024,150,sat_0024,1,1.0,sat_0024,0024,0.7938089,sat_0029,0.4767049,0.31710398,True
drone_0024_150_0012,0024,150,sat_0024,1,1.0,sat_0024,0024,0.739283,sat_0029,0.42732957,0.31195346,True
drone_0024_150_0013,0024,150,sat_0024,1,1.0,sat_0024,0024,0.7349538,sat_0198,0.40845865,0.32649517,True
drone_0024_150_0014,0024,150,sat_0024,1,1.0,sat_0024,0024,0.7437659,sat_0029,0.4419294,0.3018365,True
drone_0024_150_0015,0024,150,sat_0024,1,1.0,sat_0024,0024,0.7477802,sat_0029,0.46643943,0.28134078,True
drone_0024_150_0016,0024,150,sat_0024,1,1.0,sat_0024,0024,0.8053101,sat_0029,0.55007154,0.25523853,True
drone_0024_150_0017,0024,150,sat_0024,1,1.0,sat_0024,0024,0.82320637,sat_0029,0.5311735,0.29203284,True
drone_0024_150_0018,0024,150,sat_0024,1,1.0,sat_0024,0024,0.775384,sat_0029,0.47431794,0.30106607,True
drone_0024_150_0019,0024,150,sat_0024,1,1.0,sat_0024,0024,0.7442704,sat_0029,0.3997239,0.3445465,True
drone_0024_150_0020,0024,150,sat_0024,1,1.0,sat_0024,0024,0.74924636,sat_0029,0.36917797,0.3800684,True
drone_0024_150_0021,0024,150,sat_0024,1,1.0,sat_0024,0024,0.7432881,sat_0029,0.38125494,0.36203316,True
drone_0024_150_0022,0024,150,sat_0024,1,1.0,sat_0024,0024,0.6550158,sat_0057,0.38281623,0.2721996,True
drone_0024_150_0023,0024,150,sat_0024,1,1.0,sat_0024,0024,0.64297765,sat_0057,0.38632777,0.25664988,True
drone_0024_150_0024,0024,150,sat_0024,1,1.0,sat_0024,0024,0.7378597,sat_0029,0.39585668,0.34200305,True
drone_0024_150_0025,0024,150,sat_0024,1,1.0,sat_0024,0024,0.6805052,sat_0057,0.35170776,0.32879746,True
drone_0024_150_0026,0024,150,sat_0024,1,1.0,sat_0024,0024,0.7077765,sat_0029,0.38578987,0.32198662,True
drone_0024_150_0027,0024,150,sat_0024,1,1.0,sat_0024,0024,0.6595055,sat_0029,0.37120914,0.28829634,True
drone_0024_150_0028,0024,150,sat_0024,1,1.0,sat_0024,0024,0.7137063,sat_0029,0.4396044,0.2741019,True
drone_0024_150_0029,0024,150,sat_0024,1,1.0,sat_0024,0024,0.66037256,sat_0057,0.4088481,0.25152445,True
drone_0024_150_0030,0024,150,sat_0024,1,1.0,sat_0024,0024,0.6834194,sat_0057,0.4200485,0.2633709,True
drone_0024_150_0031,0024,150,sat_0024,1,1.0,sat_0024,0024,0.6740211,sat_0057,0.5340568,0.13996434,True
drone_0024_150_0032,0024,150,sat_0024,1,1.0,sat_0024,0024,0.5916948,sat_0057,0.46430162,0.12739316,True
drone_0024_150_0033,0024,150,sat_0024,1,1.0,sat_0024,0024,0.67786396,sat_0057,0.5003893,0.17747468,True
drone_0024_150_0034,0024,150,sat_0024,1,1.0,sat_0024,0024,0.6942399,sat_0057,0.49246943,0.20177048,True
drone_0024_150_0035,0024,150,sat_0024,1,1.0,sat_0024,0024,0.66685545,sat_0057,0.43771303,0.22914243,True
drone_0024_150_0036,0024,150,sat_0024,1,1.0,sat_0024,0024,0.6729078,sat_0057,0.42263603,0.2502718,True
drone_0024_150_0037,0024,150,sat_0024,1,1.0,sat_0024,0024,0.5943247,sat_0057,0.40964937,0.18467534,True
drone_0024_150_0038,0024,150,sat_0024,1,1.0,sat_0024,0024,0.54676926,sat_0057,0.36503157,0.18173769,True
drone_0024_150_0039,0024,150,sat_0024,1,1.0,sat_0024,0024,0.6221689,sat_0057,0.48569876,0.13647014,True
drone_0024_150_0040,0024,150,sat_0024,1,1.0,sat_0024,0024,0.53182787,sat_0144,0.44420573,0.087622136,True
drone_0024_150_0041,0024,150,sat_0024,1,1.0,sat_0024,0024,0.58580714,sat_0057,0.39335856,0.19244859,True
drone_0024_150_0042,0024,150,sat_0024,1,1.0,sat_0024,0024,0.548532,sat_0057,0.49285603,0.055675983,True
drone_0024_150_0043,0024,150,sat_0024,1,1.0,sat_0024,0024,0.6214732,sat_0144,0.48261595,0.13885725,True
drone_0024_150_0044,0024,150,sat_0024,1,1.0,sat_0024,0024,0.5811864,sat_0057,0.51034176,0.07084465,True
drone_0024_150_0045,0024,150,sat_0024,1,1.0,sat_0024,0024,0.6219353,sat_0057,0.50082415,0.121111155,True
drone_0024_150_0046,0024,150,sat_0024,1,1.0,sat_0024,0024,0.65626997,sat_0057,0.49691686,0.1593531,True
drone_0024_150_0047,0024,150,sat_0024,1,1.0,sat_0024,0024,0.6322184,sat_0057,0.46566486,0.16655356,True
drone_0024_150_0048,0024,150,sat_0024,1,1.0,sat_0024,0024,0.6579842,sat_0057,0.44701552,0.21096867,True
drone_0024_150_0049,0024,150,sat_0024,1,1.0,sat_0024,0024,0.67274016,sat_0057,0.46720892,0.20553124,True
drone_0027_150_0000,0027,150,sat_0027,1,1.0,sat_0027,0027,0.8841676,sat_0002,0.44694525,0.43722236,True
drone_0027_150_0001,0027,150,sat_0027,1,1.0,sat_0027,0027,0.8918722,sat_0002,0.44845882,0.4434134,True
drone_0027_150_0002,0027,150,sat_0027,1,1.0,sat_0027,0027,0.89329255,sat_0002,0.45025605,0.4430365,True
drone_0027_150_0003,0027,150,sat_0027,1,1.0,sat_0027,0027,0.8854207,sat_0140,0.46172637,0.4236943,True
drone_0027_150_0004,0027,150,sat_0027,1,1.0,sat_0027,0027,0.8824502,sat_0140,0.46012136,0.42232886,True
drone_0027_150_0005,0027,150,sat_0027,1,1.0,sat_0027,0027,0.8566816,sat_0140,0.49448198,0.3621996,True
drone_0027_150_0006,0027,150,sat_0027,1,1.0,sat_0027,0027,0.8645108,sat_0140,0.52609026,0.3384205,True
drone_0027_150_0007,0027,150,sat_0027,1,1.0,sat_0027,0027,0.8690337,sat_0140,0.49940687,0.36962682,True
drone_0027_150_0008,0027,150,sat_0027,1,1.0,sat_0027,0027,0.8630173,sat_0140,0.5286424,0.3343749,True
drone_0027_150_0009,0027,150,sat_0027,1,1.0,sat_0027,0027,0.84478194,sat_0140,0.55519557,0.28958637,True
drone_0027_150_0010,0027,150,sat_0027,1,1.0,sat_0027,0027,0.8660576,sat_0140,0.51890033,0.34715724,True
drone_0027_150_0011,0027,150,sat_0027,1,1.0,sat_0027,0027,0.825382,sat_0140,0.57721776,0.24816424,True
drone_0027_150_0012,0027,150,sat_0027,1,1.0,sat_0027,0027,0.8677399,sat_0140,0.502264,0.3654759,True
drone_0027_150_0013,0027,150,sat_0027,1,1.0,sat_0027,0027,0.83912355,sat_0140,0.5820184,0.25710517,True
drone_0027_150_0014,0027,150,sat_0027,1,1.0,sat_0027,0027,0.8690438,sat_0140,0.5351454,0.33389843,True
drone_0027_150_0015,0027,150,sat_0027,1,1.0,sat_0027,0027,0.8660598,sat_0140,0.5054912,0.36056858,True
drone_0027_150_0016,0027,150,sat_0027,1,1.0,sat_0027,0027,0.8671057,sat_0140,0.4873061,0.37979963,True
drone_0027_150_0017,0027,150,sat_0027,1,1.0,sat_0027,0027,0.86686903,sat_0140,0.48308772,0.3837813,True
drone_0027_150_0018,0027,150,sat_0027,1,1.0,sat_0027,0027,0.85722893,sat_0140,0.49318203,0.3640469,True
drone_0027_150_0019,0027,150,sat_0027,1,1.0,sat_0027,0027,0.88666695,sat_0140,0.4516337,0.43503326,True
drone_0027_150_0020,0027,150,sat_0027,1,1.0,sat_0027,0027,0.8642298,sat_0002,0.47465116,0.38957864,True
drone_0027_150_0021,0027,150,sat_0027,1,1.0,sat_0027,0027,0.88054484,sat_0140,0.5064446,0.37410027,True
drone_0027_150_0022,0027,150,sat_0027,1,1.0,sat_0027,0027,0.88874894,sat_0140,0.50495976,0.38378918,True
drone_0027_150_0023,0027,150,sat_0027,1,1.0,sat_0027,0027,0.9191723,sat_0140,0.44560096,0.47357133,True
drone_0027_150_0024,0027,150,sat_0027,1,1.0,sat_0027,0027,0.9008257,sat_0140,0.49294776,0.40787792,True
drone_0027_150_0025,0027,150,sat_0027,1,1.0,sat_0027,0027,0.902928,sat_0140,0.48375106,0.41917694,True
drone_0027_150_0026,0027,150,sat_0027,1,1.0,sat_0027,0027,0.87504196,sat_0140,0.5437263,0.33131564,True
drone_0027_150_0027,0027,150,sat_0027,1,1.0,sat_0027,0027,0.8372058,sat_0140,0.5491704,0.28803545,True
drone_0027_150_0028,0027,150,sat_0027,1,1.0,sat_0027,0027,0.8459753,sat_0140,0.51442873,0.33154655,True
drone_0027_150_0029,0027,150,sat_0027,1,1.0,sat_0027,0027,0.81666744,sat_0140,0.53922725,0.2774402,True
drone_0027_150_0030,0027,150,sat_0027,1,1.0,sat_0027,0027,0.7848685,sat_0140,0.5817174,0.2031511,True
drone_0027_150_0031,0027,150,sat_0027,1,1.0,sat_0027,0027,0.8264812,sat_0140,0.5903582,0.23612303,True
drone_0027_150_0032,0027,150,sat_0027,1,1.0,sat_0027,0027,0.80788976,sat_0140,0.608924,0.19896579,True
drone_0027_150_0033,0027,150,sat_0027,1,1.0,sat_0027,0027,0.8279883,sat_0140,0.5644475,0.2635408,True
drone_0027_150_0034,0027,150,sat_0027,1,1.0,sat_0027,0027,0.8080345,sat_0140,0.58329135,0.22474313,True
drone_0027_150_0035,0027,150,sat_0027,1,1.0,sat_0027,0027,0.80086106,sat_0140,0.6005721,0.20028895,True
drone_0027_150_0036,0027,150,sat_0027,1,1.0,sat_0027,0027,0.77074194,sat_0140,0.6434998,0.12724215,True
drone_0027_150_0037,0027,150,sat_0027,1,1.0,sat_0027,0027,0.7920202,sat_0140,0.60992587,0.18209434,True
drone_0027_150_0038,0027,150,sat_0027,1,1.0,sat_0027,0027,0.8218242,sat_0140,0.6219575,0.19986671,True
drone_0027_150_0039,0027,150,sat_0027,1,1.0,sat_0027,0027,0.84331524,sat_0140,0.56638443,0.2769308,True
drone_0027_150_0040,0027,150,sat_0027,1,1.0,sat_0027,0027,0.87983066,sat_0140,0.48144925,0.3983814,True
drone_0027_150_0041,0027,150,sat_0027,1,1.0,sat_0027,0027,0.86956406,sat_0140,0.4826981,0.38686594,True
drone_0027_150_0042,0027,150,sat_0027,1,1.0,sat_0027,0027,0.85894483,sat_0002,0.49002028,0.36892456,True
drone_0027_150_0043,0027,150,sat_0027,1,1.0,sat_0027,0027,0.8978898,sat_0002,0.42233315,0.47555664,True
drone_0027_150_0044,0027,150,sat_0027,1,1.0,sat_0027,0027,0.9074116,sat_0002,0.44060043,0.46681115,True
drone_0027_150_0045,0027,150,sat_0027,1,1.0,sat_0027,0027,0.8713912,sat_0002,0.47266173,0.39872944,True
drone_0027_150_0046,0027,150,sat_0027,1,1.0,sat_0027,0027,0.883772,sat_0002,0.4238111,0.4599609,True
drone_0027_150_0047,0027,150,sat_0027,1,1.0,sat_0027,0027,0.87583065,sat_0002,0.44981948,0.42601117,True
drone_0027_150_0048,0027,150,sat_0027,1,1.0,sat_0027,0027,0.88790643,sat_0002,0.46810615,0.41980028,True
drone_0027_150_0049,0027,150,sat_0027,1,1.0,sat_0027,0027,0.88869226,sat_0002,0.4514969,0.43719536,True
drone_0029_150_0000,0029,150,sat_0029,1,1.0,sat_0029,0029,0.865721,sat_0182,0.53142923,0.33429176,True
drone_0029_150_0001,0029,150,sat_0029,1,1.0,sat_0029,0029,0.8669898,sat_0182,0.5141156,0.35287422,True
drone_0029_150_0002,0029,150,sat_0029,1,1.0,sat_0029,0029,0.863642,sat_0182,0.512002,0.35164,True
drone_0029_150_0003,0029,150,sat_0029,1,1.0,sat_0029,0029,0.85620904,sat_0182,0.5156048,0.34060425,True
drone_0029_150_0004,0029,150,sat_0029,1,1.0,sat_0029,0029,0.85304546,sat_0182,0.5322705,0.32077497,True
drone_0029_150_0005,0029,150,sat_0029,1,1.0,sat_0029,0029,0.8283257,sat_0182,0.50263995,0.32568574,True
drone_0029_150_0006,0029,150,sat_0029,1,1.0,sat_0029,0029,0.88331777,sat_0182,0.50797695,0.37534082,True
drone_0029_150_0007,0029,150,sat_0029,1,1.0,sat_0029,0029,0.85976094,sat_0182,0.5091931,0.35056782,True
drone_0029_150_0008,0029,150,sat_0029,1,1.0,sat_0029,0029,0.83509064,sat_0182,0.49770784,0.3373828,True
drone_0029_150_0009,0029,150,sat_0029,1,1.0,sat_0029,0029,0.8225261,sat_0182,0.52489823,0.29762787,True
drone_0029_150_0010,0029,150,sat_0029,1,1.0,sat_0029,0029,0.85467,sat_0182,0.51589787,0.33877212,True
drone_0029_150_0011,0029,150,sat_0029,1,1.0,sat_0029,0029,0.85919315,sat_0182,0.5554927,0.30370045,True
drone_0029_150_0012,0029,150,sat_0029,1,1.0,sat_0029,0029,0.84609634,sat_0182,0.5957134,0.25038296,True
drone_0029_150_0013,0029,150,sat_0029,1,1.0,sat_0029,0029,0.8251429,sat_0182,0.6091107,0.2160322,True
drone_0029_150_0014,0029,150,sat_0029,1,1.0,sat_0029,0029,0.8177376,sat_0182,0.5418259,0.2759117,True
drone_0029_150_0015,0029,150,sat_0029,1,1.0,sat_0029,0029,0.8064396,sat_0182,0.48639446,0.3200451,True
drone_0029_150_0016,0029,150,sat_0029,1,1.0,sat_0029,0029,0.8228304,sat_0182,0.49796706,0.3248633,True
drone_0029_150_0017,0029,150,sat_0029,1,1.0,sat_0029,0029,0.8654305,sat_0024,0.4799439,0.38548657,True
drone_0029_150_0018,0029,150,sat_0029,1,1.0,sat_0029,0029,0.8908557,sat_0182,0.47856694,0.41228878,True
drone_0029_150_0019,0029,150,sat_0029,1,1.0,sat_0029,0029,0.8553594,sat_0182,0.4923936,0.36296576,True
drone_0029_150_0020,0029,150,sat_0029,1,1.0,sat_0029,0029,0.87965745,sat_0024,0.4556412,0.42401624,True
drone_0029_150_0021,0029,150,sat_0029,1,1.0,sat_0029,0029,0.8794613,sat_0024,0.5087326,0.37072867,True
drone_0029_150_0022,0029,150,sat_0029,1,1.0,sat_0029,0029,0.8726027,sat_0024,0.48025408,0.39234862,True
drone_0029_150_0023,0029,150,sat_0029,1,1.0,sat_0029,0029,0.87389797,sat_0182,0.46956486,0.4043331,True
drone_0029_150_0024,0029,150,sat_0029,1,1.0,sat_0029,0029,0.825974,sat_0182,0.4781416,0.34783238,True
drone_0029_150_0025,0029,150,sat_0029,1,1.0,sat_0029,0029,0.7773005,sat_0040,0.4598442,0.31745628,True
drone_0029_150_0026,0029,150,sat_0029,1,1.0,sat_0029,0029,0.78331554,sat_0002,0.5495485,0.23376703,True
drone_0029_150_0027,0029,150,sat_0029,1,1.0,sat_0029,0029,0.7845855,sat_0002,0.4875942,0.2969913,True
drone_0029_150_0028,0029,150,sat_0029,1,1.0,sat_0029,0029,0.80692995,sat_0002,0.47995535,0.3269746,True
drone_0029_150_0029,0029,150,sat_0029,1,1.0,sat_0029,0029,0.72889113,sat_0040,0.5398939,0.18899721,True
drone_0029_150_0030,0029,150,sat_0029,1,1.0,sat_0029,0029,0.66769934,sat_0040,0.5406016,0.12709773,True
drone_0029_150_0031,0029,150,sat_0029,1,1.0,sat_0029,0029,0.7567709,sat_0040,0.57741857,0.17935234,True
drone_0029_150_0032,0029,150,sat_0029,1,1.0,sat_0029,0029,0.74123406,sat_0040,0.6581191,0.08311498,True
drone_0029_150_0033,0029,150,sat_0029,1,1.0,sat_0029,0029,0.7214675,sat_0040,0.636612,0.0848555,True
drone_0029_150_0034,0029,150,sat_0029,1,1.0,sat_0029,0029,0.7636606,sat_0040,0.5614078,0.2022528,True
drone_0029_150_0035,0029,150,sat_0029,1,1.0,sat_0029,0029,0.72557485,sat_0040,0.55326426,0.17231059,True
drone_0029_150_0036,0029,150,sat_0029,1,1.0,sat_0029,0029,0.7663044,sat_0040,0.50498563,0.26131874,True
drone_0029_150_0037,0029,150,sat_0029,1,1.0,sat_0029,0029,0.73286545,sat_0040,0.48872125,0.2441442,True
drone_0029_150_0038,0029,150,sat_0029,1,1.0,sat_0029,0029,0.71443844,sat_0040,0.533331,0.18110746,True
drone_0029_150_0039,0029,150,sat_0029,1,1.0,sat_0029,0029,0.7533462,sat_0182,0.5103375,0.24300873,True
drone_0029_150_0040,0029,150,sat_0029,1,1.0,sat_0029,0029,0.72836775,sat_0040,0.460993,0.26737475,True
drone_0029_150_0041,0029,150,sat_0029,1,1.0,sat_0029,0029,0.79388976,sat_0040,0.508398,0.28549176,True
drone_0029_150_0042,0029,150,sat_0029,1,1.0,sat_0029,0029,0.708544,sat_0040,0.43243027,0.27611375,True
drone_0029_150_0043,0029,150,sat_0029,1,1.0,sat_0029,0029,0.6187523,sat_0041,0.50147873,0.11727357,True
drone_0029_150_0044,0029,150,sat_0029,1,1.0,sat_0029,0029,0.74736744,sat_0182,0.44897756,0.29838988,True
drone_0029_150_0045,0029,150,sat_0029,1,1.0,sat_0029,0029,0.82798535,sat_0182,0.4978854,0.33009994,True
drone_0029_150_0046,0029,150,sat_0029,1,1.0,sat_0029,0029,0.8570682,sat_0182,0.5204066,0.33666158,True
drone_0029_150_0047,0029,150,sat_0029,1,1.0,sat_0029,0029,0.8653577,sat_0182,0.49771714,0.36764055,True
drone_0029_150_0048,0029,150,sat_0029,1,1.0,sat_0029,0029,0.81004715,sat_0182,0.53823143,0.27181572,True
drone_0029_150_0049,0029,150,sat_0029,1,1.0,sat_0029,0029,0.8339561,sat_0182,0.5279333,0.30602282,True
drone_0036_150_0000,0036,150,sat_0036,1,1.0,sat_0036,0036,0.86297935,sat_0130,0.5974198,0.26555955,True
drone_0036_150_0001,0036,150,sat_0036,1,1.0,sat_0036,0036,0.854717,sat_0130,0.591876,0.26284105,True
drone_0036_150_0002,0036,150,sat_0036,1,1.0,sat_0036,0036,0.8509462,sat_0130,0.582681,0.2682652,True
drone_0036_150_0003,0036,150,sat_0036,1,1.0,sat_0036,0036,0.8385175,sat_0130,0.58396286,0.25455463,True
drone_0036_150_0004,0036,150,sat_0036,1,1.0,sat_0036,0036,0.8461491,sat_0130,0.60017306,0.24597603,True
drone_0036_150_0005,0036,150,sat_0036,1,1.0,sat_0036,0036,0.8587752,sat_0130,0.59939885,0.25937635,True
drone_0036_150_0006,0036,150,sat_0036,1,1.0,sat_0036,0036,0.84081566,sat_0130,0.6119324,0.22888327,True
drone_0036_150_0007,0036,150,sat_0036,1,1.0,sat_0036,0036,0.8690145,sat_0130,0.580802,0.28821248,True
drone_0036_150_0008,0036,150,sat_0036,1,1.0,sat_0036,0036,0.8640095,sat_0130,0.567673,0.29633647,True
drone_0036_150_0009,0036,150,sat_0036,1,1.0,sat_0036,0036,0.8493679,sat_0130,0.5464061,0.30296183,True
drone_0036_150_0010,0036,150,sat_0036,1,1.0,sat_0036,0036,0.8204732,sat_0130,0.5306176,0.2898556,True
drone_0036_150_0011,0036,150,sat_0036,1,1.0,sat_0036,0036,0.831928,sat_0130,0.5402724,0.2916556,True
drone_0036_150_0012,0036,150,sat_0036,1,1.0,sat_0036,0036,0.8120802,sat_0130,0.53979874,0.27228147,True
drone_0036_150_0013,0036,150,sat_0036,1,1.0,sat_0036,0036,0.8106439,sat_0130,0.53261834,0.27802557,True
drone_0036_150_0014,0036,150,sat_0036,1,1.0,sat_0036,0036,0.80647075,sat_0057,0.5407455,0.26572526,True
drone_0036_150_0015,0036,150,sat_0036,1,1.0,sat_0036,0036,0.7984094,sat_0130,0.51444703,0.28396237,True
drone_0036_150_0016,0036,150,sat_0036,1,1.0,sat_0036,0036,0.8198066,sat_0130,0.5208879,0.29891866,True
drone_0036_150_0017,0036,150,sat_0036,1,1.0,sat_0036,0036,0.82020795,sat_0057,0.52106583,0.29914212,True
drone_0036_150_0018,0036,150,sat_0036,1,1.0,sat_0036,0036,0.82485366,sat_0057,0.4796162,0.34523746,True
drone_0036_150_0019,0036,150,sat_0036,1,1.0,sat_0036,0036,0.82192737,sat_0057,0.49846792,0.32345945,True
drone_0036_150_0020,0036,150,sat_0036,1,1.0,sat_0036,0036,0.84634686,sat_0057,0.51521516,0.3311317,True
drone_0036_150_0021,0036,150,sat_0036,1,1.0,sat_0036,0036,0.8218871,sat_0057,0.522019,0.29986805,True
drone_0036_150_0022,0036,150,sat_0036,1,1.0,sat_0036,0036,0.80291504,sat_0057,0.48802662,0.31488842,True
drone_0036_150_0023,0036,150,sat_0036,1,1.0,sat_0036,0036,0.81422454,sat_0057,0.48775327,0.32647127,True
drone_0036_150_0024,0036,150,sat_0036,1,1.0,sat_0036,0036,0.78065354,sat_0057,0.50685835,0.2737952,True
drone_0036_150_0025,0036,150,sat_0036,1,1.0,sat_0036,0036,0.8191491,sat_0130,0.5187712,0.3003779,True
drone_0036_150_0026,0036,150,sat_0036,1,1.0,sat_0036,0036,0.78384405,sat_0130,0.5003083,0.28353578,True
drone_0036_150_0027,0036,150,sat_0036,1,1.0,sat_0036,0036,0.8105621,sat_0130,0.52123195,0.28933012,True
drone_0036_150_0028,0036,150,sat_0036,1,1.0,sat_0036,0036,0.767298,sat_0130,0.58260345,0.18469453,True
drone_0036_150_0029,0036,150,sat_0036,1,1.0,sat_0036,0036,0.7772907,sat_0130,0.5749779,0.20231283,True
drone_0036_150_0030,0036,150,sat_0036,1,1.0,sat_0036,0036,0.80554825,sat_0130,0.59157526,0.21397299,True
drone_0036_150_0031,0036,150,sat_0036,1,1.0,sat_0036,0036,0.78404534,sat_0130,0.6376291,0.14641625,True
drone_0036_150_0032,0036,150,sat_0036,1,1.0,sat_0036,0036,0.7845073,sat_0130,0.62012744,0.16437984,True
drone_0036_150_0033,0036,150,sat_0036,1,1.0,sat_0036,0036,0.82399905,sat_0130,0.5718968,0.25210226,True
drone_0036_150_0034,0036,150,sat_0036,1,1.0,sat_0036,0036,0.85589623,sat_0130,0.56811744,0.2877788,True
drone_0036_150_0035,0036,150,sat_0036,1,1.0,sat_0036,0036,0.8415874,sat_0130,0.6369306,0.20465684,True
drone_0036_150_0036,0036,150,sat_0036,1,1.0,sat_0036,0036,0.82350767,sat_0130,0.6554518,0.16805589,True
drone_0036_150_0037,0036,150,sat_0036,1,1.0,sat_0036,0036,0.8087852,sat_0130,0.62496305,0.18382215,True
drone_0036_150_0038,0036,150,sat_0036,1,1.0,sat_0036,0036,0.81942385,sat_0130,0.6040838,0.21534008,True
drone_0036_150_0039,0036,150,sat_0036,1,1.0,sat_0036,0036,0.8271998,sat_0130,0.5826712,0.24452859,True
drone_0036_150_0040,0036,150,sat_0036,1,1.0,sat_0036,0036,0.8505974,sat_0130,0.57586473,0.27473265,True
drone_0036_150_0041,0036,150,sat_0036,1,1.0,sat_0036,0036,0.8413683,sat_0057,0.5554395,0.28592885,True
drone_0036_150_0042,0036,150,sat_0036,1,1.0,sat_0036,0036,0.8232045,sat_0130,0.53579926,0.28740525,True
drone_0036_150_0043,0036,150,sat_0036,1,1.0,sat_0036,0036,0.84630364,sat_0130,0.59860694,0.2476967,True
drone_0036_150_0044,0036,150,sat_0036,1,1.0,sat_0036,0036,0.88475806,sat_0130,0.5700013,0.31475675,True
drone_0036_150_0045,0036,150,sat_0036,1,1.0,sat_0036,0036,0.8856523,sat_0130,0.61925614,0.26639616,True
drone_0036_150_0046,0036,150,sat_0036,1,1.0,sat_0036,0036,0.86561537,sat_0130,0.6195526,0.24606276,True
drone_0036_150_0047,0036,150,sat_0036,1,1.0,sat_0036,0036,0.84953326,sat_0130,0.63328314,0.21625012,True
drone_0036_150_0048,0036,150,sat_0036,1,1.0,sat_0036,0036,0.86496675,sat_0130,0.5889383,0.27602845,True
drone_0036_150_0049,0036,150,sat_0036,1,1.0,sat_0036,0036,0.87251556,sat_0130,0.60275686,0.2697587,True
drone_0040_150_0000,0040,150,sat_0040,1,1.0,sat_0040,0040,0.795205,sat_0072,0.3442238,0.4509812,True
drone_0040_150_0001,0040,150,sat_0040,1,1.0,sat_0040,0040,0.7994189,sat_0041,0.36971325,0.42970568,True
drone_0040_150_0002,0040,150,sat_0040,1,1.0,sat_0040,0040,0.8041391,sat_0041,0.3711118,0.43302727,True
drone_0040_150_0003,0040,150,sat_0040,1,1.0,sat_0040,0040,0.79227364,sat_0041,0.3812619,0.41101176,True
drone_0040_150_0004,0040,150,sat_0040,1,1.0,sat_0040,0040,0.8245479,sat_0041,0.43931782,0.38523006,True
drone_0040_150_0005,0040,150,sat_0040,1,1.0,sat_0040,0040,0.7723733,sat_0041,0.42951772,0.3428556,True
drone_0040_150_0006,0040,150,sat_0040,1,1.0,sat_0040,0040,0.81929857,sat_0041,0.45237246,0.3669261,True
drone_0040_150_0007,0040,150,sat_0040,1,1.0,sat_0040,0040,0.81429076,sat_0041,0.43882754,0.37546322,True
drone_0040_150_0008,0040,150,sat_0040,1,1.0,sat_0040,0040,0.7816209,sat_0041,0.4484491,0.3331718,True
drone_0040_150_0009,0040,150,sat_0040,1,1.0,sat_0040,0040,0.7779291,sat_0041,0.47289926,0.30502987,True
drone_0040_150_0010,0040,150,sat_0040,1,1.0,sat_0040,0040,0.79077286,sat_0041,0.4432285,0.34754434,True
drone_0040_150_0011,0040,150,sat_0040,1,1.0,sat_0040,0040,0.79173934,sat_0041,0.45458016,0.3371592,True
drone_0040_150_0012,0040,150,sat_0040,1,1.0,sat_0040,0040,0.7789808,sat_0041,0.47495666,0.30402413,True
drone_0040_150_0013,0040,150,sat_0040,1,1.0,sat_0040,0040,0.77876776,sat_0041,0.45617592,0.32259184,True
drone_0040_150_0014,0040,150,sat_0040,1,1.0,sat_0040,0040,0.76929206,sat_0041,0.48463294,0.28465912,True
drone_0040_150_0015,0040,150,sat_0040,1,1.0,sat_0040,0040,0.73266304,sat_0041,0.45313507,0.27952796,True
drone_0040_150_0016,0040,150,sat_0040,1,1.0,sat_0040,0040,0.73245996,sat_0041,0.48458457,0.24787539,True
drone_0040_150_0017,0040,150,sat_0040,1,1.0,sat_0040,0040,0.6980433,sat_0041,0.4410142,0.2570291,True
drone_0040_150_0018,0040,150,sat_0040,1,1.0,sat_0040,0040,0.76937556,sat_0041,0.5181918,0.25118375,True
drone_0040_150_0019,0040,150,sat_0040,1,1.0,sat_0040,0040,0.7582667,sat_0041,0.5048646,0.2534021,True
drone_0040_150_0020,0040,150,sat_0040,1,1.0,sat_0040,0040,0.72038996,sat_0041,0.48669058,0.23369938,True
drone_0040_150_0021,0040,150,sat_0040,1,1.0,sat_0040,0040,0.7484429,sat_0041,0.41516972,0.33327317,True
drone_0040_150_0022,0040,150,sat_0040,1,1.0,sat_0040,0040,0.72720116,sat_0041,0.5135362,0.21366495,True
drone_0040_150_0023,0040,150,sat_0040,1,1.0,sat_0040,0040,0.74063,sat_0041,0.63068587,0.109944105,True
drone_0040_150_0024,0040,150,sat_0040,1,1.0,sat_0040,0040,0.8006239,sat_0041,0.55031514,0.25030875,True
drone_0040_150_0025,0040,150,sat_0040,1,1.0,sat_0040,0040,0.8470562,sat_0041,0.49601972,0.3510365,True
drone_0040_150_0026,0040,150,sat_0040,1,1.0,sat_0040,0040,0.82589513,sat_0041,0.42992258,0.39597255,True
drone_0040_150_0027,0040,150,sat_0040,1,1.0,sat_0040,0040,0.80183697,sat_0072,0.3887378,0.41309917,True
drone_0040_150_0028,0040,150,sat_0040,1,1.0,sat_0040,0040,0.77718604,sat_0174,0.35599735,0.42118868,True
drone_0040_150_0029,0040,150,sat_0040,1,1.0,sat_0040,0040,0.76095283,sat_0041,0.3496959,0.41125694,True
drone_0040_150_0030,0040,150,sat_0040,1,1.0,sat_0040,0040,0.7031105,sat_0041,0.34830263,0.35480788,True
drone_0040_150_0031,0040,150,sat_0040,1,1.0,sat_0040,0040,0.76683176,sat_0041,0.42670438,0.34012738,True
drone_0040_150_0032,0040,150,sat_0040,1,1.0,sat_0040,0040,0.82329756,sat_0041,0.41434845,0.4089491,True
drone_0040_150_0033,0040,150,sat_0040,1,1.0,sat_0040,0040,0.8332794,sat_0041,0.3951059,0.43817347,True
drone_0040_150_0034,0040,150,sat_0040,1,1.0,sat_0040,0040,0.85644794,sat_0041,0.42534453,0.4311034,True
drone_0040_150_0035,0040,150,sat_0040,1,1.0,sat_0040,0040,0.85389316,sat_0072,0.44813588,0.40575728,True
drone_0040_150_0036,0040,150,sat_0040,1,1.0,sat_0040,0040,0.8095538,sat_0041,0.4069787,0.4025751,True
drone_0040_150_0037,0040,150,sat_0040,1,1.0,sat_0040,0040,0.8863906,sat_0041,0.4978263,0.38856432,True
drone_0040_150_0038,0040,150,sat_0040,1,1.0,sat_0040,0040,0.834153,sat_0041,0.51647127,0.31768173,True
drone_0040_150_0039,0040,150,sat_0040,1,1.0,sat_0040,0040,0.77551675,sat_0041,0.56091166,0.2146051,True
drone_0040_150_0040,0040,150,sat_0040,1,1.0,sat_0040,0040,0.836082,sat_0041,0.54549116,0.29059082,True
drone_0040_150_0041,0040,150,sat_0040,1,1.0,sat_0040,0040,0.83524215,sat_0041,0.46399605,0.3712461,True
drone_0040_150_0042,0040,150,sat_0040,1,1.0,sat_0040,0040,0.8399422,sat_0174,0.47251266,0.36742955,True
drone_0040_150_0043,0040,150,sat_0040,1,1.0,sat_0040,0040,0.7599716,sat_0182,0.44974142,0.3102302,True
drone_0040_150_0044,0040,150,sat_0040,1,1.0,sat_0040,0040,0.7898828,sat_0041,0.43009335,0.35978943,True
drone_0040_150_0045,0040,150,sat_0040,1,1.0,sat_0040,0040,0.7714592,sat_0041,0.47014937,0.30130985,True
drone_0040_150_0046,0040,150,sat_0040,1,1.0,sat_0040,0040,0.6517219,sat_0041,0.33073238,0.32098952,True
drone_0040_150_0047,0040,150,sat_0040,1,1.0,sat_0040,0040,0.7222883,sat_0041,0.50353456,0.21875376,True
drone_0040_150_0048,0040,150,sat_0040,1,1.0,sat_0040,0040,0.7923657,sat_0041,0.431854,0.36051166,True
drone_0040_150_0049,0040,150,sat_0040,1,1.0,sat_0040,0040,0.8270632,sat_0041,0.4720948,0.3549684,True
drone_0041_150_0000,0041,150,sat_0041,1,1.0,sat_0041,0041,0.8430794,sat_0190,0.6591958,0.1838836,True
drone_0041_150_0001,0041,150,sat_0041,1,1.0,sat_0041,0041,0.8238329,sat_0190,0.65823954,0.16559339,True
drone_0041_150_0002,0041,150,sat_0041,1,1.0,sat_0041,0041,0.79111093,sat_0190,0.67963797,0.111472964,True
drone_0041_150_0003,0041,150,sat_0041,1,1.0,sat_0041,0041,0.81126386,sat_0190,0.65281814,0.15844572,True
drone_0041_150_0004,0041,150,sat_0041,1,1.0,sat_0041,0041,0.82514906,sat_0190,0.6261044,0.19904464,True
drone_0041_150_0005,0041,150,sat_0041,1,1.0,sat_0041,0041,0.83922243,sat_0190,0.5935265,0.24569595,True
drone_0041_150_0006,0041,150,sat_0041,1,1.0,sat_0041,0041,0.8521388,sat_0190,0.585441,0.26669782,True
drone_0041_150_0007,0041,150,sat_0041,1,1.0,sat_0041,0041,0.88290817,sat_0190,0.5953505,0.28755766,True
drone_0041_150_0008,0041,150,sat_0041,1,1.0,sat_0041,0041,0.8082048,sat_0190,0.6029824,0.20522243,True
drone_0041_150_0009,0041,150,sat_0041,1,1.0,sat_0041,0041,0.86572117,sat_0190,0.5579089,0.30781227,True
drone_0041_150_0010,0041,150,sat_0041,1,1.0,sat_0041,0041,0.86672676,sat_0190,0.52112293,0.34560382,True
drone_0041_150_0011,0041,150,sat_0041,1,1.0,sat_0041,0041,0.8552145,sat_0182,0.5108451,0.34436935,True
drone_0041_150_0012,0041,150,sat_0041,1,1.0,sat_0041,0041,0.8754413,sat_0190,0.53946483,0.33597648,True
drone_0041_150_0013,0041,150,sat_0041,1,1.0,sat_0041,0041,0.90206635,sat_0190,0.4976887,0.40437764,True
drone_0041_150_0014,0041,150,sat_0041,1,1.0,sat_0041,0041,0.8910663,sat_0190,0.51797664,0.37308967,True
drone_0041_150_0015,0041,150,sat_0041,1,1.0,sat_0041,0041,0.87132156,sat_0182,0.50260246,0.3687191,True
drone_0041_150_0016,0041,150,sat_0041,1,1.0,sat_0041,0041,0.8415563,sat_0182,0.54128724,0.30026907,True
drone_0041_150_0017,0041,150,sat_0041,1,1.0,sat_0041,0041,0.8178133,sat_0182,0.55618095,0.26163232,True
drone_0041_150_0018,0041,150,sat_0041,1,1.0,sat_0041,0041,0.7921122,sat_0182,0.61749744,0.17461473,True
drone_0041_150_0019,0041,150,sat_0041,1,1.0,sat_0041,0041,0.7325881,sat_0182,0.68409777,0.048490345,True
drone_0041_150_0020,0041,150,sat_0041,1,1.0,sat_0041,0041,0.753269,sat_0182,0.666194,0.087074995,True
drone_0041_150_0021,0041,150,sat_0041,1,1.0,sat_0041,0041,0.7624004,sat_0182,0.65150607,0.11089432,True
drone_0041_150_0022,0041,150,sat_0041,1,1.0,sat_0041,0041,0.8089241,sat_0182,0.5763464,0.23257768,True
drone_0041_150_0023,0041,150,sat_0041,1,1.0,sat_0041,0041,0.8251233,sat_0182,0.4966392,0.32848412,True
drone_0041_150_0024,0041,150,sat_0041,1,1.0,sat_0041,0041,0.8002465,sat_0198,0.5213046,0.27894187,True
drone_0041_150_0025,0041,150,sat_0041,1,1.0,sat_0041,0041,0.8147705,sat_0182,0.5236095,0.291161,True
drone_0041_150_0026,0041,150,sat_0041,1,1.0,sat_0041,0041,0.8324641,sat_0155,0.5772034,0.2552607,True
drone_0041_150_0027,0041,150,sat_0041,1,1.0,sat_0041,0041,0.85531425,sat_0155,0.5845107,0.27080357,True
drone_0041_150_0028,0041,150,sat_0041,1,1.0,sat_0041,0041,0.8829588,sat_0190,0.5613469,0.32161194,True
drone_0041_150_0029,0041,150,sat_0041,1,1.0,sat_0041,0041,0.8108387,sat_0190,0.62829304,0.18254566,True
drone_0041_150_0030,0041,150,sat_0041,1,1.0,sat_0041,0041,0.8212089,sat_0190,0.6423467,0.17886221,True
drone_0041_150_0031,0041,150,sat_0041,1,1.0,sat_0041,0041,0.83142006,sat_0190,0.5844724,0.24694765,True
drone_0041_150_0032,0041,150,sat_0041,1,1.0,sat_0041,0041,0.8764419,sat_0190,0.5473192,0.32912272,True
drone_0041_150_0033,0041,150,sat_0041,1,1.0,sat_0041,0041,0.8488495,sat_0190,0.63024485,0.21860462,True
drone_0041_150_0034,0041,150,sat_0041,1,1.0,sat_0041,0041,0.78781164,sat_0190,0.646829,0.14098263,True
drone_0041_150_0035,0041,150,sat_0041,1,1.0,sat_0041,0041,0.77262694,sat_0190,0.6750161,0.09761083,True
drone_0041_150_0036,0041,150,sat_0041,1,1.0,sat_0041,0041,0.7999015,sat_0190,0.65970665,0.14019483,True
drone_0041_150_0037,0041,150,sat_0041,1,1.0,sat_0041,0041,0.869516,sat_0190,0.625325,0.24419099,True
drone_0041_150_0038,0041,150,sat_0041,1,1.0,sat_0041,0041,0.8729135,sat_0190,0.6269484,0.24596506,True
drone_0041_150_0039,0041,150,sat_0041,1,1.0,sat_0041,0041,0.89382756,sat_0190,0.632316,0.26151156,True
drone_0041_150_0040,0041,150,sat_0041,1,1.0,sat_0041,0041,0.9060673,sat_0190,0.5849875,0.3210798,True
drone_0041_150_0041,0041,150,sat_0041,1,1.0,sat_0041,0041,0.8787031,sat_0190,0.6246929,0.2540102,True
drone_0041_150_0042,0041,150,sat_0041,1,1.0,sat_0041,0041,0.87490517,sat_0190,0.657536,0.2173692,True
drone_0041_150_0043,0041,150,sat_0041,1,1.0,sat_0041,0041,0.8846949,sat_0190,0.6293741,0.2553208,True
drone_0041_150_0044,0041,150,sat_0041,1,1.0,sat_0041,0041,0.86711764,sat_0190,0.66891575,0.1982019,True
drone_0041_150_0045,0041,150,sat_0041,1,1.0,sat_0041,0041,0.8677442,sat_0190,0.65909576,0.20864844,True
drone_0041_150_0046,0041,150,sat_0041,1,1.0,sat_0041,0041,0.83937746,sat_0190,0.66567886,0.1736986,True
drone_0041_150_0047,0041,150,sat_0041,1,1.0,sat_0041,0041,0.8482963,sat_0190,0.65721923,0.19107705,True
drone_0041_150_0048,0041,150,sat_0041,1,1.0,sat_0041,0041,0.8008251,sat_0190,0.6749893,0.12583584,True
drone_0041_150_0049,0041,150,sat_0041,1,1.0,sat_0041,0041,0.78245354,sat_0190,0.66534936,0.11710417,True
drone_0051_150_0000,0051,150,sat_0051,1,1.0,sat_0051,0051,0.94443464,sat_0023,0.30588168,0.63855296,True
drone_0051_150_0001,0051,150,sat_0051,1,1.0,sat_0051,0051,0.94125843,sat_0023,0.3061806,0.63507783,True
drone_0051_150_0002,0051,150,sat_0051,1,1.0,sat_0051,0051,0.9404167,sat_0023,0.30825946,0.6321572,True
drone_0051_150_0003,0051,150,sat_0051,1,1.0,sat_0051,0051,0.9396994,sat_0023,0.33153814,0.6081613,True
drone_0051_150_0004,0051,150,sat_0051,1,1.0,sat_0051,0051,0.9389196,sat_0023,0.33958527,0.59933436,True
drone_0051_150_0005,0051,150,sat_0051,1,1.0,sat_0051,0051,0.9346453,sat_0023,0.31465936,0.61998594,True
drone_0051_150_0006,0051,150,sat_0051,1,1.0,sat_0051,0051,0.9286095,sat_0023,0.31281504,0.6157944,True
drone_0051_150_0007,0051,150,sat_0051,1,1.0,sat_0051,0051,0.91611797,sat_0023,0.2957854,0.6203326,True
drone_0051_150_0008,0051,150,sat_0051,1,1.0,sat_0051,0051,0.91500723,sat_0023,0.276155,0.63885224,True
drone_0051_150_0009,0051,150,sat_0051,1,1.0,sat_0051,0051,0.9131752,sat_0023,0.29012752,0.6230477,True
drone_0051_150_0010,0051,150,sat_0051,1,1.0,sat_0051,0051,0.9114734,sat_0023,0.28509027,0.6263831,True
drone_0051_150_0011,0051,150,sat_0051,1,1.0,sat_0051,0051,0.90259224,sat_0023,0.2660142,0.6365781,True
drone_0051_150_0012,0051,150,sat_0051,1,1.0,sat_0051,0051,0.90561223,sat_0115,0.26575297,0.63985926,True
drone_0051_150_0013,0051,150,sat_0051,1,1.0,sat_0051,0051,0.91050524,sat_0023,0.2760991,0.63440615,True
drone_0051_150_0014,0051,150,sat_0051,1,1.0,sat_0051,0051,0.8977852,sat_0023,0.27781552,0.61996967,True
drone_0051_150_0015,0051,150,sat_0051,1,1.0,sat_0051,0051,0.895458,sat_0115,0.293663,0.60179496,True
drone_0051_150_0016,0051,150,sat_0051,1,1.0,sat_0051,0051,0.89553046,sat_0115,0.29950052,0.59602994,True
drone_0051_150_0017,0051,150,sat_0051,1,1.0,sat_0051,0051,0.8833455,sat_0115,0.2776047,0.6057408,True
drone_0051_150_0018,0051,150,sat_0051,1,1.0,sat_0051,0051,0.91591245,sat_0023,0.31941116,0.5965013,True
drone_0051_150_0019,0051,150,sat_0051,1,1.0,sat_0051,0051,0.9234088,sat_0023,0.29600662,0.6274022,True
drone_0051_150_0020,0051,150,sat_0051,1,1.0,sat_0051,0051,0.93175125,sat_0023,0.30382583,0.6279254,True
drone_0051_150_0021,0051,150,sat_0051,1,1.0,sat_0051,0051,0.92751545,sat_0023,0.2804145,0.6471009,True
drone_0051_150_0022,0051,150,sat_0051,1,1.0,sat_0051,0051,0.9063636,sat_0023,0.21687174,0.68949187,True
drone_0051_150_0023,0051,150,sat_0051,1,1.0,sat_0051,0051,0.90971607,sat_0023,0.22379716,0.6859189,True
drone_0051_150_0024,0051,150,sat_0051,1,1.0,sat_0051,0051,0.9116567,sat_0023,0.23958972,0.6720669,True
drone_0051_150_0025,0051,150,sat_0051,1,1.0,sat_0051,0051,0.9010122,sat_0009,0.25136137,0.6496508,True
drone_0051_150_0026,0051,150,sat_0051,1,1.0,sat_0051,0051,0.9213117,sat_0009,0.27246982,0.64884186,True
drone_0051_150_0027,0051,150,sat_0051,1,1.0,sat_0051,0051,0.8985215,sat_0009,0.2946314,0.60389006,True
drone_0051_150_0028,0051,150,sat_0051,1,1.0,sat_0051,0051,0.8748083,sat_0009,0.35372853,0.5210798,True
drone_0051_150_0029,0051,150,sat_0051,1,1.0,sat_0051,0051,0.8650683,sat_0009,0.38646674,0.47860157,True
drone_0051_150_0030,0051,150,sat_0051,1,1.0,sat_0051,0051,0.90320283,sat_0009,0.34358653,0.5596163,True
drone_0051_150_0031,0051,150,sat_0051,1,1.0,sat_0051,0051,0.89026785,sat_0009,0.38519585,0.505072,True
drone_0051_150_0032,0051,150,sat_0051,1,1.0,sat_0051,0051,0.88849795,sat_0009,0.36799067,0.5205073,True
drone_0051_150_0033,0051,150,sat_0051,1,1.0,sat_0051,0051,0.89135075,sat_0009,0.39110035,0.5002504,True
drone_0051_150_0034,0051,150,sat_0051,1,1.0,sat_0051,0051,0.8191533,sat_0007,0.449364,0.3697893,True
drone_0051_150_0035,0051,150,sat_0051,1,1.0,sat_0051,0051,0.76762867,sat_0007,0.55243754,0.21519113,True
drone_0051_150_0036,0051,150,sat_0051,1,1.0,sat_0051,0051,0.78914094,sat_0007,0.5285771,0.26056385,True
drone_0051_150_0037,0051,150,sat_0051,1,1.0,sat_0051,0051,0.8160202,sat_0007,0.51834863,0.29767156,True
drone_0051_150_0038,0051,150,sat_0051,1,1.0,sat_0051,0051,0.7695352,sat_0007,0.5410428,0.22849238,True
drone_0051_150_0039,0051,150,sat_0051,1,1.0,sat_0051,0051,0.8294443,sat_0007,0.45679528,0.372649,True
drone_0051_150_0040,0051,150,sat_0051,1,1.0,sat_0051,0051,0.87166965,sat_0023,0.42092317,0.45074648,True
drone_0051_150_0041,0051,150,sat_0051,1,1.0,sat_0051,0051,0.9244548,sat_0023,0.43505728,0.48939753,True
drone_0051_150_0042,0051,150,sat_0051,1,1.0,sat_0051,0051,0.9324888,sat_0023,0.35332763,0.57916117,True
drone_0051_150_0043,0051,150,sat_0051,1,1.0,sat_0051,0051,0.9280176,sat_0023,0.4037873,0.5242303,True
drone_0051_150_0044,0051,150,sat_0051,1,1.0,sat_0051,0051,0.9355649,sat_0023,0.35531726,0.58024764,True
drone_0051_150_0045,0051,150,sat_0051,1,1.0,sat_0051,0051,0.9327431,sat_0023,0.34784567,0.5848974,True
drone_0051_150_0046,0051,150,sat_0051,1,1.0,sat_0051,0051,0.93562806,sat_0023,0.4063822,0.52924585,True
drone_0051_150_0047,0051,150,sat_0051,1,1.0,sat_0051,0051,0.934441,sat_0023,0.38118917,0.5532518,True
drone_0051_150_0048,0051,150,sat_0051,1,1.0,sat_0051,0051,0.9381097,sat_0023,0.3708465,0.5672632,True
drone_0051_150_0049,0051,150,sat_0051,1,1.0,sat_0051,0051,0.93191403,sat_0023,0.36894923,0.5629648,True
drone_0056_150_0000,0056,150,sat_0056,1,1.0,sat_0056,0056,0.8683017,sat_0063,0.64525634,0.22304535,True
drone_0056_150_0001,0056,150,sat_0056,1,1.0,sat_0056,0056,0.868894,sat_0063,0.61845803,0.25043595,True
drone_0056_150_0002,0056,150,sat_0056,1,1.0,sat_0056,0056,0.8846735,sat_0063,0.6442877,0.24038577,True
drone_0056_150_0003,0056,150,sat_0056,1,1.0,sat_0056,0056,0.8816059,sat_0063,0.6472795,0.23432642,True
drone_0056_150_0004,0056,150,sat_0056,1,1.0,sat_0056,0056,0.8623862,sat_0063,0.635448,0.22693825,True
drone_0056_150_0005,0056,150,sat_0056,1,1.0,sat_0056,0056,0.87882745,sat_0063,0.6309274,0.24790007,True
drone_0056_150_0006,0056,150,sat_0056,1,1.0,sat_0056,0056,0.9071939,sat_0063,0.6928431,0.21435082,True
drone_0056_150_0007,0056,150,sat_0056,1,1.0,sat_0056,0056,0.8852508,sat_0063,0.6769777,0.20827311,True
drone_0056_150_0008,0056,150,sat_0056,1,1.0,sat_0056,0056,0.9197944,sat_0063,0.7031164,0.21667796,True
drone_0056_150_0009,0056,150,sat_0056,1,1.0,sat_0056,0056,0.9000736,sat_0063,0.71047455,0.18959904,True
drone_0056_150_0010,0056,150,sat_0056,1,1.0,sat_0056,0056,0.83959615,sat_0063,0.6523648,0.18723136,True
drone_0056_150_0011,0056,150,sat_0056,1,1.0,sat_0056,0056,0.8647955,sat_0063,0.6685408,0.19625473,True
drone_0056_150_0012,0056,150,sat_0056,1,1.0,sat_0056,0056,0.86619914,sat_0063,0.67681867,0.18938047,True
drone_0056_150_0013,0056,150,sat_0056,1,1.0,sat_0056,0056,0.8453067,sat_0063,0.5939369,0.25136977,True
drone_0056_150_0014,0056,150,sat_0056,1,1.0,sat_0056,0056,0.84644055,sat_0063,0.5846344,0.26180613,True
drone_0056_150_0015,0056,150,sat_0056,1,1.0,sat_0056,0056,0.8714167,sat_0063,0.6029561,0.26846057,True
drone_0056_150_0016,0056,150,sat_0056,1,1.0,sat_0056,0056,0.9193078,sat_0063,0.6620004,0.2573074,True
drone_0056_150_0017,0056,150,sat_0056,1,1.0,sat_0056,0056,0.9169621,sat_0063,0.6659134,0.25104868,True
drone_0056_150_0018,0056,150,sat_0056,1,1.0,sat_0056,0056,0.8887363,sat_0063,0.6000881,0.2886482,True
drone_0056_150_0019,0056,150,sat_0056,1,1.0,sat_0056,0056,0.88625485,sat_0063,0.6009576,0.28529727,True
drone_0056_150_0020,0056,150,sat_0056,1,1.0,sat_0056,0056,0.8805294,sat_0063,0.5877408,0.29278862,True
drone_0056_150_0021,0056,150,sat_0056,1,1.0,sat_0056,0056,0.85778934,sat_0072,0.56556773,0.2922216,True
drone_0056_150_0022,0056,150,sat_0056,1,1.0,sat_0056,0056,0.87885857,sat_0063,0.6030898,0.27576876,True
drone_0056_150_0023,0056,150,sat_0056,1,1.0,sat_0056,0056,0.862248,sat_0072,0.62486607,0.23738194,True
drone_0056_150_0024,0056,150,sat_0056,1,1.0,sat_0056,0056,0.79837465,sat_0072,0.61356956,0.1848051,True
drone_0056_150_0025,0056,150,sat_0056,1,1.0,sat_0056,0056,0.8314972,sat_0072,0.5468392,0.284658,True
drone_0056_150_0026,0056,150,sat_0056,1,1.0,sat_0056,0056,0.8670127,sat_0063,0.5383161,0.3286966,True
drone_0056_150_0027,0056,150,sat_0056,1,1.0,sat_0056,0056,0.85346437,sat_0072,0.5737564,0.27970797,True
drone_0056_150_0028,0056,150,sat_0056,1,1.0,sat_0056,0056,0.8646499,sat_0072,0.5842094,0.2804405,True
drone_0056_150_0029,0056,150,sat_0056,1,1.0,sat_0056,0056,0.8387468,sat_0072,0.5954844,0.24326241,True
drone_0056_150_0030,0056,150,sat_0056,1,1.0,sat_0056,0056,0.8566839,sat_0072,0.6165904,0.24009353,True
drone_0056_150_0031,0056,150,sat_0056,1,1.0,sat_0056,0056,0.8801988,sat_0029,0.59577453,0.28442425,True
drone_0056_150_0032,0056,150,sat_0056,1,1.0,sat_0056,0056,0.8783593,sat_0072,0.5653806,0.31297874,True
drone_0056_150_0033,0056,150,sat_0056,1,1.0,sat_0056,0056,0.85062546,sat_0029,0.58212584,0.2684996,True
drone_0056_150_0034,0056,150,sat_0056,1,1.0,sat_0056,0056,0.89538974,sat_0029,0.58315516,0.31223458,True
drone_0056_150_0035,0056,150,sat_0056,1,1.0,sat_0056,0056,0.92511916,sat_0063,0.6134362,0.31168294,True
drone_0056_150_0036,0056,150,sat_0056,1,1.0,sat_0056,0056,0.9065692,sat_0063,0.6043546,0.30221456,True
drone_0056_150_0037,0056,150,sat_0056,1,1.0,sat_0056,0056,0.89623904,sat_0063,0.5556543,0.34058475,True
drone_0056_150_0038,0056,150,sat_0056,1,1.0,sat_0056,0056,0.89983237,sat_0063,0.5645107,0.33532166,True
drone_0056_150_0039,0056,150,sat_0056,1,1.0,sat_0056,0056,0.9052362,sat_0063,0.5821126,0.32312357,True
drone_0056_150_0040,0056,150,sat_0056,1,1.0,sat_0056,0056,0.8535837,sat_0029,0.4957224,0.35786128,True
drone_0056_150_0041,0056,150,sat_0056,1,1.0,sat_0056,0056,0.8720458,sat_0063,0.5234121,0.3486337,True
drone_0056_150_0042,0056,150,sat_0056,1,1.0,sat_0056,0056,0.8570812,sat_0029,0.5359839,0.32109725,True
drone_0056_150_0043,0056,150,sat_0056,1,1.0,sat_0056,0056,0.8259123,sat_0029,0.5836722,0.24224007,True
drone_0056_150_0044,0056,150,sat_0056,1,1.0,sat_0056,0056,0.8386983,sat_0063,0.545136,0.29356235,True
drone_0056_150_0045,0056,150,sat_0056,1,1.0,sat_0056,0056,0.8396466,sat_0072,0.58465946,0.25498712,True
drone_0056_150_0046,0056,150,sat_0056,1,1.0,sat_0056,0056,0.89439917,sat_0063,0.64534795,0.24905121,True
drone_0056_150_0047,0056,150,sat_0056,1,1.0,sat_0056,0056,0.86453503,sat_0072,0.58666736,0.27786767,True
drone_0056_150_0048,0056,150,sat_0056,1,1.0,sat_0056,0056,0.871303,sat_0072,0.62294716,0.24835587,True
drone_0056_150_0049,0056,150,sat_0056,1,1.0,sat_0056,0056,0.8437004,sat_0072,0.62402153,0.21967888,True
drone_0057_150_0000,0057,150,sat_0057,1,1.0,sat_0057,0057,0.6823365,sat_0144,0.3565747,0.3257618,True
drone_0057_150_0001,0057,150,sat_0057,1,1.0,sat_0057,0057,0.685574,sat_0144,0.3958211,0.2897529,True
drone_0057_150_0002,0057,150,sat_0057,1,1.0,sat_0057,0057,0.71057653,sat_0144,0.37331358,0.33726296,True
drone_0057_150_0003,0057,150,sat_0057,1,1.0,sat_0057,0057,0.70247895,sat_0144,0.3716414,0.33083755,True
drone_0057_150_0004,0057,150,sat_0057,1,1.0,sat_0057,0057,0.6446737,sat_0144,0.4133313,0.2313424,True
drone_0057_150_0005,0057,150,sat_0057,1,1.0,sat_0057,0057,0.68574923,sat_0144,0.32243478,0.36331445,True
drone_0057_150_0006,0057,150,sat_0057,1,1.0,sat_0057,0057,0.6744188,sat_0144,0.3128816,0.36153722,True
drone_0057_150_0007,0057,150,sat_0057,1,1.0,sat_0057,0057,0.6392349,sat_0144,0.27329957,0.36593533,True
drone_0057_150_0008,0057,150,sat_0057,1,1.0,sat_0057,0057,0.6475987,sat_0164,0.33323878,0.3143599,True
drone_0057_150_0009,0057,150,sat_0057,1,1.0,sat_0057,0057,0.68048996,sat_0164,0.438766,0.24172395,True
drone_0057_150_0010,0057,150,sat_0057,1,1.0,sat_0057,0057,0.71545404,sat_0164,0.4604298,0.25502425,True
drone_0057_150_0011,0057,150,sat_0057,1,1.0,sat_0057,0057,0.7141861,sat_0164,0.410775,0.30341107,True
drone_0057_150_0012,0057,150,sat_0057,1,1.0,sat_0057,0057,0.74097764,sat_0164,0.45718768,0.28378996,True
drone_0057_150_0013,0057,150,sat_0057,1,1.0,sat_0057,0057,0.7557783,sat_0164,0.3237788,0.4319995,True
drone_0057_150_0014,0057,150,sat_0057,1,1.0,sat_0057,0057,0.6704988,sat_0164,0.35235238,0.3181464,True
drone_0057_150_0015,0057,150,sat_0057,1,1.0,sat_0057,0057,0.75121355,sat_0024,0.21561688,0.53559667,True
drone_0057_150_0016,0057,150,sat_0057,1,1.0,sat_0057,0057,0.7412555,sat_0164,0.40434188,0.33691365,True
drone_0057_150_0017,0057,150,sat_0057,1,1.0,sat_0057,0057,0.6746609,sat_0164,0.45759594,0.21706498,True
drone_0057_150_0018,0057,150,sat_0057,1,1.0,sat_0057,0057,0.59146035,sat_0164,0.5511198,0.040340543,True
drone_0057_150_0019,0057,150,sat_0057,1,1.0,sat_0057,0057,0.6275884,sat_0164,0.56137127,0.066217124,True
drone_0057_150_0020,0057,150,sat_0057,1,1.0,sat_0057,0057,0.59650767,sat_0164,0.54060733,0.055900335,True
drone_0057_150_0021,0057,150,sat_0057,2,0.5,sat_0164,0164,0.6633083,sat_0057,0.5172876,0.14602071,False
drone_0057_150_0022,0057,150,sat_0057,3,0.3333333333333333,sat_0164,0164,0.75544274,sat_0002,0.53075755,0.22468519,False
drone_0057_150_0023,0057,150,sat_0057,1,1.0,sat_0057,0057,0.6443716,sat_0164,0.6131571,0.031214535,True
drone_0057_150_0024,0057,150,sat_0057,2,0.5,sat_0164,0164,0.6855686,sat_0057,0.68284905,0.0027195215,False
drone_0057_150_0025,0057,150,sat_0057,1,1.0,sat_0057,0057,0.72602856,sat_0164,0.56204396,0.1639846,True
drone_0057_150_0026,0057,150,sat_0057,1,1.0,sat_0057,0057,0.7460419,sat_0164,0.53678846,0.20925343,True
drone_0057_150_0027,0057,150,sat_0057,1,1.0,sat_0057,0057,0.79116195,sat_0164,0.36297488,0.42818707,True
drone_0057_150_0028,0057,150,sat_0057,1,1.0,sat_0057,0057,0.84203917,sat_0164,0.28369972,0.5583395,True
drone_0057_150_0029,0057,150,sat_0057,1,1.0,sat_0057,0057,0.8352548,sat_0164,0.32731754,0.50793725,True
drone_0057_150_0030,0057,150,sat_0057,1,1.0,sat_0057,0057,0.8561888,sat_0164,0.42429286,0.4318959,True
drone_0057_150_0031,0057,150,sat_0057,1,1.0,sat_0057,0057,0.84665483,sat_0164,0.2634963,0.5831585,True
drone_0057_150_0032,0057,150,sat_0057,1,1.0,sat_0057,0057,0.729002,sat_0144,0.33131397,0.39768803,True
drone_0057_150_0033,0057,150,sat_0057,1,1.0,sat_0057,0057,0.765528,sat_0144,0.2812782,0.48424983,True
drone_0057_150_0034,0057,150,sat_0057,1,1.0,sat_0057,0057,0.79925054,sat_0144,0.3893197,0.40993086,True
drone_0057_150_0035,0057,150,sat_0057,1,1.0,sat_0057,0057,0.777675,sat_0144,0.2700655,0.5076095,True
drone_0057_150_0036,0057,150,sat_0057,1,1.0,sat_0057,0057,0.7279929,sat_0144,0.32441348,0.4035794,True
drone_0057_150_0037,0057,150,sat_0057,1,1.0,sat_0057,0057,0.7837026,sat_0036,0.23165362,0.552049,True
drone_0057_150_0038,0057,150,sat_0057,1,1.0,sat_0057,0057,0.6782626,sat_0144,0.3230003,0.35526228,True
drone_0057_150_0039,0057,150,sat_0057,1,1.0,sat_0057,0057,0.720934,sat_0164,0.38824558,0.3326884,True
drone_0057_150_0040,0057,150,sat_0057,1,1.0,sat_0057,0057,0.7210742,sat_0144,0.4050876,0.31598663,True
drone_0057_150_0041,0057,150,sat_0057,1,1.0,sat_0057,0057,0.6827342,sat_0144,0.37709326,0.30564094,True
drone_0057_150_0042,0057,150,sat_0057,1,1.0,sat_0057,0057,0.6507351,sat_0144,0.4427313,0.20800379,True
drone_0057_150_0043,0057,150,sat_0057,1,1.0,sat_0057,0057,0.65876925,sat_0144,0.5153543,0.14341497,True
drone_0057_150_0044,0057,150,sat_0057,1,1.0,sat_0057,0057,0.6827614,sat_0144,0.56796414,0.114797235,True
drone_0057_150_0045,0057,150,sat_0057,1,1.0,sat_0057,0057,0.7353852,sat_0144,0.39922357,0.3361616,True
drone_0057_150_0046,0057,150,sat_0057,1,1.0,sat_0057,0057,0.82231987,sat_0144,0.3341304,0.48818946,True
drone_0057_150_0047,0057,150,sat_0057,1,1.0,sat_0057,0057,0.7472896,sat_0144,0.3797458,0.3675438,True
drone_0057_150_0048,0057,150,sat_0057,1,1.0,sat_0057,0057,0.7746676,sat_0144,0.365867,0.40880063,True
drone_0057_150_0049,0057,150,sat_0057,1,1.0,sat_0057,0057,0.7785793,sat_0144,0.31328058,0.4652987,True
drone_0058_150_0000,0058,150,sat_0058,1,1.0,sat_0058,0058,0.84359217,sat_0071,0.84359217,0.0,True
drone_0058_150_0001,0058,150,sat_0058,1,1.0,sat_0058,0058,0.8565045,sat_0071,0.8565045,0.0,True
drone_0058_150_0002,0058,150,sat_0058,1,1.0,sat_0058,0058,0.86788374,sat_0071,0.86788374,0.0,True
drone_0058_150_0003,0058,150,sat_0058,1,1.0,sat_0058,0058,0.8731638,sat_0071,0.8731638,0.0,True
drone_0058_150_0004,0058,150,sat_0058,1,1.0,sat_0058,0058,0.88101864,sat_0071,0.88101864,0.0,True
drone_0058_150_0005,0058,150,sat_0058,1,1.0,sat_0058,0058,0.8944046,sat_0071,0.8944046,0.0,True
drone_0058_150_0006,0058,150,sat_0058,1,1.0,sat_0058,0058,0.8930754,sat_0071,0.8930754,0.0,True
drone_0058_150_0007,0058,150,sat_0058,1,1.0,sat_0058,0058,0.893358,sat_0071,0.893358,0.0,True
drone_0058_150_0008,0058,150,sat_0058,1,1.0,sat_0058,0058,0.90641934,sat_0071,0.90641934,0.0,True
drone_0058_150_0009,0058,150,sat_0058,1,1.0,sat_0058,0058,0.88830173,sat_0071,0.88830173,0.0,True
drone_0058_150_0010,0058,150,sat_0058,1,1.0,sat_0058,0058,0.9165298,sat_0071,0.9165298,0.0,True
drone_0058_150_0011,0058,150,sat_0058,1,1.0,sat_0058,0058,0.8946564,sat_0071,0.8946564,0.0,True
drone_0058_150_0012,0058,150,sat_0058,1,1.0,sat_0058,0058,0.87795603,sat_0071,0.87795603,0.0,True
drone_0058_150_0013,0058,150,sat_0058,1,1.0,sat_0058,0058,0.89497644,sat_0071,0.89497644,0.0,True
drone_0058_150_0014,0058,150,sat_0058,1,1.0,sat_0058,0058,0.8937593,sat_0071,0.8937593,0.0,True
drone_0058_150_0015,0058,150,sat_0058,1,1.0,sat_0058,0058,0.8622009,sat_0071,0.8622009,0.0,True
drone_0058_150_0016,0058,150,sat_0058,1,1.0,sat_0058,0058,0.84433883,sat_0071,0.84433883,0.0,True
drone_0058_150_0017,0058,150,sat_0058,1,1.0,sat_0058,0058,0.884682,sat_0071,0.884682,0.0,True
drone_0058_150_0018,0058,150,sat_0058,1,1.0,sat_0058,0058,0.87433225,sat_0071,0.87433225,0.0,True
drone_0058_150_0019,0058,150,sat_0058,1,1.0,sat_0058,0058,0.8741938,sat_0071,0.8741938,0.0,True
drone_0058_150_0020,0058,150,sat_0058,1,1.0,sat_0058,0058,0.88969845,sat_0071,0.88969845,0.0,True
drone_0058_150_0021,0058,150,sat_0058,1,1.0,sat_0058,0058,0.850897,sat_0071,0.850897,0.0,True
drone_0058_150_0022,0058,150,sat_0058,1,1.0,sat_0058,0058,0.86232924,sat_0071,0.86232924,0.0,True
drone_0058_150_0023,0058,150,sat_0058,1,1.0,sat_0058,0058,0.88065034,sat_0071,0.88065034,0.0,True
drone_0058_150_0024,0058,150,sat_0058,1,1.0,sat_0058,0058,0.8597086,sat_0071,0.8597086,0.0,True
drone_0058_150_0025,0058,150,sat_0058,1,1.0,sat_0058,0058,0.8360882,sat_0071,0.8360882,0.0,True
drone_0058_150_0026,0058,150,sat_0058,1,1.0,sat_0058,0058,0.8235465,sat_0071,0.8235465,0.0,True
drone_0058_150_0027,0058,150,sat_0058,1,1.0,sat_0058,0058,0.81192505,sat_0071,0.81192505,0.0,True
drone_0058_150_0028,0058,150,sat_0058,1,1.0,sat_0058,0058,0.80680203,sat_0071,0.80680203,0.0,True
drone_0058_150_0029,0058,150,sat_0058,1,1.0,sat_0058,0058,0.84784293,sat_0071,0.84784293,0.0,True
drone_0058_150_0030,0058,150,sat_0058,1,1.0,sat_0058,0058,0.7864642,sat_0071,0.7864642,0.0,True
drone_0058_150_0031,0058,150,sat_0058,1,1.0,sat_0058,0058,0.8701894,sat_0071,0.8701894,0.0,True
drone_0058_150_0032,0058,150,sat_0058,1,1.0,sat_0058,0058,0.81229645,sat_0071,0.81229645,0.0,True
drone_0058_150_0033,0058,150,sat_0058,1,1.0,sat_0058,0058,0.8415418,sat_0071,0.8415418,0.0,True
drone_0058_150_0034,0058,150,sat_0058,1,1.0,sat_0058,0058,0.8684172,sat_0071,0.8684172,0.0,True
drone_0058_150_0035,0058,150,sat_0058,1,1.0,sat_0058,0058,0.851288,sat_0071,0.851288,0.0,True
drone_0058_150_0036,0058,150,sat_0058,1,1.0,sat_0058,0058,0.84553844,sat_0071,0.84553844,0.0,True
drone_0058_150_0037,0058,150,sat_0058,1,1.0,sat_0058,0058,0.80120355,sat_0071,0.80120355,0.0,True
drone_0058_150_0038,0058,150,sat_0058,1,1.0,sat_0058,0058,0.8188539,sat_0071,0.8188539,0.0,True
drone_0058_150_0039,0058,150,sat_0058,1,1.0,sat_0058,0058,0.8144175,sat_0071,0.8144175,0.0,True
drone_0058_150_0040,0058,150,sat_0058,1,1.0,sat_0058,0058,0.83213323,sat_0071,0.83213323,0.0,True
drone_0058_150_0041,0058,150,sat_0058,1,1.0,sat_0058,0058,0.83159924,sat_0071,0.83159924,0.0,True
drone_0058_150_0042,0058,150,sat_0058,1,1.0,sat_0058,0058,0.8439643,sat_0071,0.8439643,0.0,True
drone_0058_150_0043,0058,150,sat_0058,1,1.0,sat_0058,0058,0.85715735,sat_0071,0.85715735,0.0,True
drone_0058_150_0044,0058,150,sat_0058,1,1.0,sat_0058,0058,0.84862965,sat_0071,0.84862965,0.0,True
drone_0058_150_0045,0058,150,sat_0058,1,1.0,sat_0058,0058,0.8259949,sat_0071,0.8259949,0.0,True
drone_0058_150_0046,0058,150,sat_0058,1,1.0,sat_0058,0058,0.8456948,sat_0071,0.8456948,0.0,True
drone_0058_150_0047,0058,150,sat_0058,1,1.0,sat_0058,0058,0.8268226,sat_0071,0.8268226,0.0,True
drone_0058_150_0048,0058,150,sat_0058,1,1.0,sat_0058,0058,0.8405508,sat_0071,0.8405508,0.0,True
drone_0058_150_0049,0058,150,sat_0058,1,1.0,sat_0058,0058,0.8188684,sat_0071,0.8188684,0.0,True
drone_0060_150_0000,0060,150,sat_0060,1,1.0,sat_0060,0060,0.9085896,sat_0056,0.2890798,0.6195098,True
drone_0060_150_0001,0060,150,sat_0060,1,1.0,sat_0060,0060,0.90219295,sat_0115,0.3087409,0.59345204,True
drone_0060_150_0002,0060,150,sat_0060,1,1.0,sat_0060,0060,0.90900797,sat_0056,0.2929693,0.6160387,True
drone_0060_150_0003,0060,150,sat_0060,1,1.0,sat_0060,0060,0.9053439,sat_0115,0.32096195,0.58438194,True
drone_0060_150_0004,0060,150,sat_0060,1,1.0,sat_0060,0060,0.90019757,sat_0115,0.29804236,0.6021552,True
drone_0060_150_0005,0060,150,sat_0060,1,1.0,sat_0060,0060,0.8944936,sat_0115,0.29614604,0.59834754,True
drone_0060_150_0006,0060,150,sat_0060,1,1.0,sat_0060,0060,0.89622504,sat_0115,0.29425913,0.6019659,True
drone_0060_150_0007,0060,150,sat_0060,1,1.0,sat_0060,0060,0.8904746,sat_0115,0.2819053,0.6085693,True
drone_0060_150_0008,0060,150,sat_0060,1,1.0,sat_0060,0060,0.9033458,sat_0115,0.3334691,0.56987673,True
drone_0060_150_0009,0060,150,sat_0060,1,1.0,sat_0060,0060,0.9077871,sat_0115,0.28130352,0.62648356,True
drone_0060_150_0010,0060,150,sat_0060,1,1.0,sat_0060,0060,0.90083975,sat_0056,0.29681736,0.6040224,True
drone_0060_150_0011,0060,150,sat_0060,1,1.0,sat_0060,0060,0.89468926,sat_0056,0.2802927,0.6143966,True
drone_0060_150_0012,0060,150,sat_0060,1,1.0,sat_0060,0060,0.89243925,sat_0056,0.343313,0.54912627,True
drone_0060_150_0013,0060,150,sat_0060,1,1.0,sat_0060,0060,0.85449785,sat_0056,0.33866042,0.51583743,True
drone_0060_150_0014,0060,150,sat_0060,1,1.0,sat_0060,0060,0.84619427,sat_0027,0.33284622,0.51334804,True
drone_0060_150_0015,0060,150,sat_0060,1,1.0,sat_0060,0060,0.8743556,sat_0027,0.37287474,0.5014809,True
drone_0060_150_0016,0060,150,sat_0060,1,1.0,sat_0060,0060,0.90416825,sat_0056,0.33927724,0.564891,True
drone_0060_150_0017,0060,150,sat_0060,1,1.0,sat_0060,0060,0.8993629,sat_0056,0.3550896,0.5442733,True
drone_0060_150_0018,0060,150,sat_0060,1,1.0,sat_0060,0060,0.9164924,sat_0056,0.33500844,0.58148396,True
drone_0060_150_0019,0060,150,sat_0060,1,1.0,sat_0060,0060,0.90215087,sat_0027,0.34328046,0.55887043,True
drone_0060_150_0020,0060,150,sat_0060,1,1.0,sat_0060,0060,0.87478125,sat_0027,0.30170682,0.57307446,True
drone_0060_150_0021,0060,150,sat_0060,1,1.0,sat_0060,0060,0.8308214,sat_0140,0.34148,0.4893414,True
drone_0060_150_0022,0060,150,sat_0060,1,1.0,sat_0060,0060,0.8119201,sat_0140,0.3169809,0.4949392,True
drone_0060_150_0023,0060,150,sat_0060,1,1.0,sat_0060,0060,0.786149,sat_0140,0.3047918,0.48135722,True
drone_0060_150_0024,0060,150,sat_0060,1,1.0,sat_0060,0060,0.77394515,sat_0140,0.31058443,0.46336073,True
drone_0060_150_0025,0060,150,sat_0060,1,1.0,sat_0060,0060,0.80620706,sat_0056,0.2915369,0.51467013,True
drone_0060_150_0026,0060,150,sat_0060,1,1.0,sat_0060,0060,0.79338443,sat_0130,0.31763968,0.47574475,True
drone_0060_150_0027,0060,150,sat_0060,1,1.0,sat_0060,0060,0.7633068,sat_0130,0.3522162,0.41109058,True
drone_0060_150_0028,0060,150,sat_0060,1,1.0,sat_0060,0060,0.8099789,sat_0130,0.27550307,0.5344758,True
drone_0060_150_0029,0060,150,sat_0060,1,1.0,sat_0060,0060,0.83698153,sat_0056,0.29132468,0.54565686,True
drone_0060_150_0030,0060,150,sat_0060,1,1.0,sat_0060,0060,0.7820902,sat_0140,0.29105198,0.4910382,True
drone_0060_150_0031,0060,150,sat_0060,1,1.0,sat_0060,0060,0.8145756,sat_0027,0.2742291,0.5403465,True
drone_0060_150_0032,0060,150,sat_0060,1,1.0,sat_0060,0060,0.8522974,sat_0056,0.2954883,0.5568091,True
drone_0060_150_0033,0060,150,sat_0060,1,1.0,sat_0060,0060,0.8388003,sat_0056,0.29929936,0.53950095,True
drone_0060_150_0034,0060,150,sat_0060,1,1.0,sat_0060,0060,0.8322097,sat_0056,0.33670422,0.49550548,True
drone_0060_150_0035,0060,150,sat_0060,1,1.0,sat_0060,0060,0.89614344,sat_0056,0.33257252,0.5635709,True
drone_0060_150_0036,0060,150,sat_0060,1,1.0,sat_0060,0060,0.88192403,sat_0056,0.37189358,0.51003045,True
drone_0060_150_0037,0060,150,sat_0060,1,1.0,sat_0060,0060,0.8145424,sat_0027,0.33006066,0.48448175,True
drone_0060_150_0038,0060,150,sat_0060,1,1.0,sat_0060,0060,0.82354075,sat_0027,0.32891148,0.49462926,True
drone_0060_150_0039,0060,150,sat_0060,1,1.0,sat_0060,0060,0.79316586,sat_0027,0.3673163,0.42584956,True
drone_0060_150_0040,0060,150,sat_0060,1,1.0,sat_0060,0060,0.8318852,sat_0027,0.29343006,0.5384551,True
drone_0060_150_0041,0060,150,sat_0060,1,1.0,sat_0060,0060,0.8764793,sat_0027,0.2870757,0.5894036,True
drone_0060_150_0042,0060,150,sat_0060,1,1.0,sat_0060,0060,0.87272376,sat_0056,0.26049808,0.61222565,True
drone_0060_150_0043,0060,150,sat_0060,1,1.0,sat_0060,0060,0.86263025,sat_0056,0.35992432,0.50270593,True
drone_0060_150_0044,0060,150,sat_0060,1,1.0,sat_0060,0060,0.85842925,sat_0056,0.4090784,0.44935086,True
drone_0060_150_0045,0060,150,sat_0060,1,1.0,sat_0060,0060,0.8561942,sat_0056,0.35900605,0.49718815,True
drone_0060_150_0046,0060,150,sat_0060,1,1.0,sat_0060,0060,0.87929785,sat_0056,0.29923144,0.58006644,True
drone_0060_150_0047,0060,150,sat_0060,1,1.0,sat_0060,0060,0.8815454,sat_0056,0.30300027,0.57854515,True
drone_0060_150_0048,0060,150,sat_0060,1,1.0,sat_0060,0060,0.88305604,sat_0056,0.26765922,0.61539686,True
drone_0060_150_0049,0060,150,sat_0060,1,1.0,sat_0060,0060,0.8960902,sat_0056,0.2734465,0.6226437,True
drone_0063_150_0000,0063,150,sat_0063,1,1.0,sat_0063,0063,0.89981455,sat_0056,0.69732136,0.20249319,True
drone_0063_150_0001,0063,150,sat_0063,1,1.0,sat_0063,0063,0.89454395,sat_0056,0.6732268,0.22131717,True
drone_0063_150_0002,0063,150,sat_0063,1,1.0,sat_0063,0063,0.888614,sat_0056,0.6933061,0.19530791,True
drone_0063_150_0003,0063,150,sat_0063,1,1.0,sat_0063,0063,0.8869339,sat_0056,0.7007873,0.18614662,True
drone_0063_150_0004,0063,150,sat_0063,1,1.0,sat_0063,0063,0.89936,sat_0056,0.7217063,0.17765373,True
drone_0063_150_0005,0063,150,sat_0063,1,1.0,sat_0063,0063,0.87131006,sat_0056,0.7183291,0.15298098,True
drone_0063_150_0006,0063,150,sat_0063,1,1.0,sat_0063,0063,0.8629661,sat_0056,0.74170554,0.12126058,True
drone_0063_150_0007,0063,150,sat_0063,1,1.0,sat_0063,0063,0.8591228,sat_0056,0.7751437,0.08397913,True
drone_0063_150_0008,0063,150,sat_0063,1,1.0,sat_0063,0063,0.88758683,sat_0056,0.75228316,0.13530368,True
drone_0063_150_0009,0063,150,sat_0063,1,1.0,sat_0063,0063,0.87257665,sat_0056,0.71827674,0.15429991,True
drone_0063_150_0010,0063,150,sat_0063,1,1.0,sat_0063,0063,0.881238,sat_0056,0.77782196,0.103416026,True
drone_0063_150_0011,0063,150,sat_0063,1,1.0,sat_0063,0063,0.91097486,sat_0056,0.8196118,0.09136307,True
drone_0063_150_0012,0063,150,sat_0063,1,1.0,sat_0063,0063,0.9083114,sat_0056,0.7775614,0.13075,True
drone_0063_150_0013,0063,150,sat_0063,1,1.0,sat_0063,0063,0.89718604,sat_0056,0.8030871,0.094098926,True
drone_0063_150_0014,0063,150,sat_0063,1,1.0,sat_0063,0063,0.9023123,sat_0056,0.7213866,0.18092567,True
drone_0063_150_0015,0063,150,sat_0063,1,1.0,sat_0063,0063,0.90365076,sat_0056,0.7633792,0.14027154,True
drone_0063_150_0016,0063,150,sat_0063,1,1.0,sat_0063,0063,0.8680584,sat_0056,0.7060987,0.16195971,True
drone_0063_150_0017,0063,150,sat_0063,1,1.0,sat_0063,0063,0.8646587,sat_0056,0.7102089,0.15444982,True
drone_0063_150_0018,0063,150,sat_0063,1,1.0,sat_0063,0063,0.8517681,sat_0056,0.7756766,0.07609147,True
drone_0063_150_0019,0063,150,sat_0063,1,1.0,sat_0063,0063,0.81485206,sat_0056,0.79820913,0.016642928,True
drone_0063_150_0020,0063,150,sat_0063,1,1.0,sat_0063,0063,0.81288046,sat_0056,0.77530855,0.037571907,True
drone_0063_150_0021,0063,150,sat_0063,2,0.5,sat_0056,0056,0.76248807,sat_0063,0.7498318,0.012656271,False
drone_0063_150_0022,0063,150,sat_0063,2,0.5,sat_0056,0056,0.76350135,sat_0063,0.7255514,0.03794992,False
drone_0063_150_0023,0063,150,sat_0063,1,1.0,sat_0063,0063,0.7789721,sat_0056,0.73407984,0.04489225,True
drone_0063_150_0024,0063,150,sat_0063,1,1.0,sat_0063,0063,0.7399924,sat_0056,0.70393455,0.03605783,True
drone_0063_150_0025,0063,150,sat_0063,2,0.5,sat_0056,0056,0.776436,sat_0063,0.7424761,0.033959866,False
drone_0063_150_0026,0063,150,sat_0063,1,1.0,sat_0063,0063,0.76874214,sat_0056,0.72368824,0.0450539,True
drone_0063_150_0027,0063,150,sat_0063,1,1.0,sat_0063,0063,0.755707,sat_0056,0.68780655,0.06790048,True
drone_0063_150_0028,0063,150,sat_0063,1,1.0,sat_0063,0063,0.76157874,sat_0056,0.7155308,0.046047926,True
drone_0063_150_0029,0063,150,sat_0063,1,1.0,sat_0063,0063,0.76486945,sat_0056,0.66916215,0.0957073,True
drone_0063_150_0030,0063,150,sat_0063,1,1.0,sat_0063,0063,0.7829389,sat_0056,0.6538538,0.12908512,True
drone_0063_150_0031,0063,150,sat_0063,1,1.0,sat_0063,0063,0.73672754,sat_0056,0.6907273,0.046000242,True
drone_0063_150_0032,0063,150,sat_0063,1,1.0,sat_0063,0063,0.817283,sat_0056,0.76785564,0.04942733,True
drone_0063_150_0033,0063,150,sat_0063,1,1.0,sat_0063,0063,0.86161953,sat_0056,0.8156576,0.045961916,True
drone_0063_150_0034,0063,150,sat_0063,1,1.0,sat_0063,0063,0.78904104,sat_0056,0.7449571,0.044083953,True
drone_0063_150_0035,0063,150,sat_0063,1,1.0,sat_0063,0063,0.7736911,sat_0056,0.7423221,0.03136903,True
drone_0063_150_0036,0063,150,sat_0063,1,1.0,sat_0063,0063,0.87747806,sat_0056,0.6790885,0.19838959,True
drone_0063_150_0037,0063,150,sat_0063,1,1.0,sat_0063,0063,0.8937167,sat_0056,0.66359043,0.23012626,True
drone_0063_150_0038,0063,150,sat_0063,1,1.0,sat_0063,0063,0.8730612,sat_0056,0.6024142,0.270647,True
drone_0063_150_0039,0063,150,sat_0063,1,1.0,sat_0063,0063,0.8420521,sat_0056,0.59148794,0.25056416,True
drone_0063_150_0040,0063,150,sat_0063,1,1.0,sat_0063,0063,0.82286036,sat_0056,0.51401454,0.30884582,True
drone_0063_150_0041,0063,150,sat_0063,1,1.0,sat_0063,0063,0.8605808,sat_0056,0.59759814,0.26298267,True
drone_0063_150_0042,0063,150,sat_0063,1,1.0,sat_0063,0063,0.88600004,sat_0056,0.608042,0.27795804,True
drone_0063_150_0043,0063,150,sat_0063,1,1.0,sat_0063,0063,0.84759516,sat_0056,0.60905623,0.23853892,True
drone_0063_150_0044,0063,150,sat_0063,1,1.0,sat_0063,0063,0.7739264,sat_0056,0.4895992,0.28432718,True
drone_0063_150_0045,0063,150,sat_0063,1,1.0,sat_0063,0063,0.8668307,sat_0056,0.58841854,0.27841216,True
drone_0063_150_0046,0063,150,sat_0063,1,1.0,sat_0063,0063,0.7943756,sat_0056,0.51206136,0.28231424,True
drone_0063_150_0047,0063,150,sat_0063,1,1.0,sat_0063,0063,0.8404033,sat_0056,0.55740064,0.28300267,True
drone_0063_150_0048,0063,150,sat_0063,1,1.0,sat_0063,0063,0.8308145,sat_0056,0.5814812,0.24933326,True
drone_0063_150_0049,0063,150,sat_0063,1,1.0,sat_0063,0063,0.89349556,sat_0056,0.6645757,0.22891986,True
drone_0071_150_0000,0071,150,sat_0071,2,0.5,sat_0058,0058,0.84359217,sat_0071,0.84359217,0.0,False
drone_0071_150_0001,0071,150,sat_0071,2,0.5,sat_0058,0058,0.8565045,sat_0071,0.8565045,0.0,False
drone_0071_150_0002,0071,150,sat_0071,2,0.5,sat_0058,0058,0.86788374,sat_0071,0.86788374,0.0,False
drone_0071_150_0003,0071,150,sat_0071,2,0.5,sat_0058,0058,0.8731638,sat_0071,0.8731638,0.0,False
drone_0071_150_0004,0071,150,sat_0071,2,0.5,sat_0058,0058,0.88101864,sat_0071,0.88101864,0.0,False
drone_0071_150_0005,0071,150,sat_0071,2,0.5,sat_0058,0058,0.8944046,sat_0071,0.8944046,0.0,False
drone_0071_150_0006,0071,150,sat_0071,2,0.5,sat_0058,0058,0.8930754,sat_0071,0.8930754,0.0,False
drone_0071_150_0007,0071,150,sat_0071,2,0.5,sat_0058,0058,0.893358,sat_0071,0.893358,0.0,False
drone_0071_150_0008,0071,150,sat_0071,2,0.5,sat_0058,0058,0.90641934,sat_0071,0.90641934,0.0,False
drone_0071_150_0009,0071,150,sat_0071,2,0.5,sat_0058,0058,0.88830173,sat_0071,0.88830173,0.0,False
drone_0071_150_0010,0071,150,sat_0071,2,0.5,sat_0058,0058,0.9165298,sat_0071,0.9165298,0.0,False
drone_0071_150_0011,0071,150,sat_0071,2,0.5,sat_0058,0058,0.8946564,sat_0071,0.8946564,0.0,False
drone_0071_150_0012,0071,150,sat_0071,2,0.5,sat_0058,0058,0.87795603,sat_0071,0.87795603,0.0,False
drone_0071_150_0013,0071,150,sat_0071,2,0.5,sat_0058,0058,0.89497644,sat_0071,0.89497644,0.0,False
drone_0071_150_0014,0071,150,sat_0071,2,0.5,sat_0058,0058,0.8937593,sat_0071,0.8937593,0.0,False
drone_0071_150_0015,0071,150,sat_0071,2,0.5,sat_0058,0058,0.8622009,sat_0071,0.8622009,0.0,False
drone_0071_150_0016,0071,150,sat_0071,2,0.5,sat_0058,0058,0.84433883,sat_0071,0.84433883,0.0,False
drone_0071_150_0017,0071,150,sat_0071,2,0.5,sat_0058,0058,0.884682,sat_0071,0.884682,0.0,False
drone_0071_150_0018,0071,150,sat_0071,2,0.5,sat_0058,0058,0.87433225,sat_0071,0.87433225,0.0,False
drone_0071_150_0019,0071,150,sat_0071,2,0.5,sat_0058,0058,0.8741938,sat_0071,0.8741938,0.0,False
drone_0071_150_0020,0071,150,sat_0071,2,0.5,sat_0058,0058,0.88969845,sat_0071,0.88969845,0.0,False
drone_0071_150_0021,0071,150,sat_0071,2,0.5,sat_0058,0058,0.850897,sat_0071,0.850897,0.0,False
drone_0071_150_0022,0071,150,sat_0071,2,0.5,sat_0058,0058,0.86232924,sat_0071,0.86232924,0.0,False
drone_0071_150_0023,0071,150,sat_0071,2,0.5,sat_0058,0058,0.88065034,sat_0071,0.88065034,0.0,False
drone_0071_150_0024,0071,150,sat_0071,2,0.5,sat_0058,0058,0.8597086,sat_0071,0.8597086,0.0,False
drone_0071_150_0025,0071,150,sat_0071,2,0.5,sat_0058,0058,0.8360882,sat_0071,0.8360882,0.0,False
drone_0071_150_0026,0071,150,sat_0071,2,0.5,sat_0058,0058,0.8235465,sat_0071,0.8235465,0.0,False
drone_0071_150_0027,0071,150,sat_0071,2,0.5,sat_0058,0058,0.81192505,sat_0071,0.81192505,0.0,False
drone_0071_150_0028,0071,150,sat_0071,2,0.5,sat_0058,0058,0.80680203,sat_0071,0.80680203,0.0,False
drone_0071_150_0029,0071,150,sat_0071,2,0.5,sat_0058,0058,0.84784293,sat_0071,0.84784293,0.0,False
drone_0071_150_0030,0071,150,sat_0071,2,0.5,sat_0058,0058,0.7864642,sat_0071,0.7864642,0.0,False
drone_0071_150_0031,0071,150,sat_0071,2,0.5,sat_0058,0058,0.8701894,sat_0071,0.8701894,0.0,False
drone_0071_150_0032,0071,150,sat_0071,2,0.5,sat_0058,0058,0.81229645,sat_0071,0.81229645,0.0,False
drone_0071_150_0033,0071,150,sat_0071,2,0.5,sat_0058,0058,0.8415418,sat_0071,0.8415418,0.0,False
drone_0071_150_0034,0071,150,sat_0071,2,0.5,sat_0058,0058,0.8684172,sat_0071,0.8684172,0.0,False
drone_0071_150_0035,0071,150,sat_0071,2,0.5,sat_0058,0058,0.851288,sat_0071,0.851288,0.0,False
drone_0071_150_0036,0071,150,sat_0071,2,0.5,sat_0058,0058,0.84553844,sat_0071,0.84553844,0.0,False
drone_0071_150_0037,0071,150,sat_0071,2,0.5,sat_0058,0058,0.80120355,sat_0071,0.80120355,0.0,False
drone_0071_150_0038,0071,150,sat_0071,2,0.5,sat_0058,0058,0.8188539,sat_0071,0.8188539,0.0,False
drone_0071_150_0039,0071,150,sat_0071,2,0.5,sat_0058,0058,0.8144175,sat_0071,0.8144175,0.0,False
drone_0071_150_0040,0071,150,sat_0071,2,0.5,sat_0058,0058,0.83213323,sat_0071,0.83213323,0.0,False
drone_0071_150_0041,0071,150,sat_0071,2,0.5,sat_0058,0058,0.83159924,sat_0071,0.83159924,0.0,False
drone_0071_150_0042,0071,150,sat_0071,2,0.5,sat_0058,0058,0.8439643,sat_0071,0.8439643,0.0,False
drone_0071_150_0043,0071,150,sat_0071,2,0.5,sat_0058,0058,0.85715735,sat_0071,0.85715735,0.0,False
drone_0071_150_0044,0071,150,sat_0071,2,0.5,sat_0058,0058,0.84862965,sat_0071,0.84862965,0.0,False
drone_0071_150_0045,0071,150,sat_0071,2,0.5,sat_0058,0058,0.8259949,sat_0071,0.8259949,0.0,False
drone_0071_150_0046,0071,150,sat_0071,2,0.5,sat_0058,0058,0.8456948,sat_0071,0.8456948,0.0,False
drone_0071_150_0047,0071,150,sat_0071,2,0.5,sat_0058,0058,0.8268226,sat_0071,0.8268226,0.0,False
drone_0071_150_0048,0071,150,sat_0071,2,0.5,sat_0058,0058,0.8405508,sat_0071,0.8405508,0.0,False
drone_0071_150_0049,0071,150,sat_0071,2,0.5,sat_0058,0058,0.8188684,sat_0071,0.8188684,0.0,False
drone_0072_150_0000,0072,150,sat_0072,1,1.0,sat_0072,0072,0.7356581,sat_0174,0.6632348,0.07242334,True
drone_0072_150_0001,0072,150,sat_0072,1,1.0,sat_0072,0072,0.73615414,sat_0174,0.6542669,0.081887245,True
drone_0072_150_0002,0072,150,sat_0072,1,1.0,sat_0072,0072,0.7375746,sat_0174,0.6619972,0.07557738,True
drone_0072_150_0003,0072,150,sat_0072,1,1.0,sat_0072,0072,0.75188786,sat_0174,0.6550399,0.09684795,True
drone_0072_150_0004,0072,150,sat_0072,1,1.0,sat_0072,0072,0.7553692,sat_0174,0.6504376,0.10493159,True
drone_0072_150_0005,0072,150,sat_0072,1,1.0,sat_0072,0072,0.73920786,sat_0174,0.61881924,0.12038863,True
drone_0072_150_0006,0072,150,sat_0072,1,1.0,sat_0072,0072,0.749593,sat_0174,0.66450816,0.085084856,True
drone_0072_150_0007,0072,150,sat_0072,1,1.0,sat_0072,0072,0.7972463,sat_0174,0.63452786,0.16271842,True
drone_0072_150_0008,0072,150,sat_0072,1,1.0,sat_0072,0072,0.7691164,sat_0174,0.6492046,0.11991179,True
drone_0072_150_0009,0072,150,sat_0072,1,1.0,sat_0072,0072,0.76471245,sat_0174,0.61017203,0.15454042,True
drone_0072_150_0010,0072,150,sat_0072,1,1.0,sat_0072,0072,0.7648509,sat_0174,0.59229374,0.17255718,True
drone_0072_150_0011,0072,150,sat_0072,1,1.0,sat_0072,0072,0.7923263,sat_0174,0.5948769,0.19744939,True
drone_0072_150_0012,0072,150,sat_0072,1,1.0,sat_0072,0072,0.7934566,sat_0174,0.60794383,0.18551278,True
drone_0072_150_0013,0072,150,sat_0072,1,1.0,sat_0072,0072,0.7911238,sat_0174,0.6336341,0.15748972,True
drone_0072_150_0014,0072,150,sat_0072,1,1.0,sat_0072,0072,0.78052807,sat_0174,0.62746763,0.15306044,True
drone_0072_150_0015,0072,150,sat_0072,1,1.0,sat_0072,0072,0.7879385,sat_0174,0.63494694,0.15299153,True
drone_0072_150_0016,0072,150,sat_0072,1,1.0,sat_0072,0072,0.79383755,sat_0174,0.62177557,0.17206198,True
drone_0072_150_0017,0072,150,sat_0072,1,1.0,sat_0072,0072,0.77215874,sat_0174,0.64416593,0.12799281,True
drone_0072_150_0018,0072,150,sat_0072,1,1.0,sat_0072,0072,0.80001694,sat_0174,0.6442503,0.15576667,True
drone_0072_150_0019,0072,150,sat_0072,1,1.0,sat_0072,0072,0.8236488,sat_0174,0.6257495,0.19789928,True
drone_0072_150_0020,0072,150,sat_0072,1,1.0,sat_0072,0072,0.8302359,sat_0174,0.64768136,0.18255454,True
drone_0072_150_0021,0072,150,sat_0072,1,1.0,sat_0072,0072,0.8283235,sat_0174,0.69895065,0.12937284,True
drone_0072_150_0022,0072,150,sat_0072,1,1.0,sat_0072,0072,0.81009936,sat_0174,0.6872382,0.12286115,True
drone_0072_150_0023,0072,150,sat_0072,1,1.0,sat_0072,0072,0.7431286,sat_0174,0.6746482,0.06848037,True
drone_0072_150_0024,0072,150,sat_0072,1,1.0,sat_0072,0072,0.7685055,sat_0174,0.7109114,0.05759412,True
drone_0072_150_0025,0072,150,sat_0072,1,1.0,sat_0072,0072,0.7376976,sat_0174,0.722717,0.014980614,True
drone_0072_150_0026,0072,150,sat_0072,1,1.0,sat_0072,0072,0.71543837,sat_0174,0.6675948,0.047843575,True
drone_0072_150_0027,0072,150,sat_0072,1,1.0,sat_0072,0072,0.73289526,sat_0174,0.66950494,0.063390315,True
drone_0072_150_0028,0072,150,sat_0072,1,1.0,sat_0072,0072,0.730355,sat_0174,0.5891037,0.14125133,True
drone_0072_150_0029,0072,150,sat_0072,1,1.0,sat_0072,0072,0.7333821,sat_0174,0.5837974,0.14958471,True
drone_0072_150_0030,0072,150,sat_0072,1,1.0,sat_0072,0072,0.74926615,sat_0174,0.6369421,0.11232406,True
drone_0072_150_0031,0072,150,sat_0072,1,1.0,sat_0072,0072,0.77663505,sat_0174,0.6958524,0.08078265,True
drone_0072_150_0032,0072,150,sat_0072,1,1.0,sat_0072,0072,0.7346933,sat_0174,0.67836505,0.056328237,True
drone_0072_150_0033,0072,150,sat_0072,1,1.0,sat_0072,0072,0.75493634,sat_0174,0.6788827,0.07605362,True
drone_0072_150_0034,0072,150,sat_0072,1,1.0,sat_0072,0072,0.76172745,sat_0174,0.6941982,0.06752926,True
drone_0072_150_0035,0072,150,sat_0072,1,1.0,sat_0072,0072,0.7534671,sat_0174,0.6307297,0.12273741,True
drone_0072_150_0036,0072,150,sat_0072,1,1.0,sat_0072,0072,0.823584,sat_0174,0.647271,0.17631304,True
drone_0072_150_0037,0072,150,sat_0072,1,1.0,sat_0072,0072,0.8243461,sat_0002,0.5686374,0.25570875,True
drone_0072_150_0038,0072,150,sat_0072,1,1.0,sat_0072,0072,0.81532604,sat_0174,0.586962,0.22836405,True
drone_0072_150_0039,0072,150,sat_0072,1,1.0,sat_0072,0072,0.8398569,sat_0174,0.572643,0.26721394,True
drone_0072_150_0040,0072,150,sat_0072,1,1.0,sat_0072,0072,0.83620405,sat_0174,0.59366846,0.24253559,True
drone_0072_150_0041,0072,150,sat_0072,1,1.0,sat_0072,0072,0.7959995,sat_0174,0.61009675,0.18590277,True
drone_0072_150_0042,0072,150,sat_0072,1,1.0,sat_0072,0072,0.8083652,sat_0174,0.5975712,0.21079403,True
drone_0072_150_0043,0072,150,sat_0072,1,1.0,sat_0072,0072,0.7819762,sat_0174,0.639847,0.14212924,True
drone_0072_150_0044,0072,150,sat_0072,1,1.0,sat_0072,0072,0.7367979,sat_0174,0.6570899,0.07970804,True
drone_0072_150_0045,0072,150,sat_0072,1,1.0,sat_0072,0072,0.7842863,sat_0174,0.67372423,0.110562086,True
drone_0072_150_0046,0072,150,sat_0072,1,1.0,sat_0072,0072,0.7381188,sat_0174,0.65948707,0.07863176,True
drone_0072_150_0047,0072,150,sat_0072,1,1.0,sat_0072,0072,0.7940327,sat_0174,0.6355232,0.1585095,True
drone_0072_150_0048,0072,150,sat_0072,1,1.0,sat_0072,0072,0.782243,sat_0174,0.6253964,0.15684664,True
drone_0072_150_0049,0072,150,sat_0072,1,1.0,sat_0072,0072,0.7505411,sat_0174,0.64178956,0.108751535,True
drone_0087_150_0000,0087,150,sat_0087,1,1.0,sat_0087,0087,0.8587651,sat_0088,0.72683823,0.1319269,True
drone_0087_150_0001,0087,150,sat_0087,1,1.0,sat_0087,0087,0.8686155,sat_0088,0.7304462,0.13816929,True
drone_0087_150_0002,0087,150,sat_0087,1,1.0,sat_0087,0087,0.8550628,sat_0088,0.6997195,0.1553433,True
drone_0087_150_0003,0087,150,sat_0087,1,1.0,sat_0087,0087,0.8746152,sat_0088,0.73636544,0.13824975,True
drone_0087_150_0004,0087,150,sat_0087,1,1.0,sat_0087,0087,0.82880354,sat_0088,0.72393686,0.10486668,True
drone_0087_150_0005,0087,150,sat_0087,1,1.0,sat_0087,0087,0.85077715,sat_0088,0.74781424,0.10296291,True
drone_0087_150_0006,0087,150,sat_0087,1,1.0,sat_0087,0087,0.84261805,sat_0088,0.7497533,0.09286475,True
drone_0087_150_0007,0087,150,sat_0087,1,1.0,sat_0087,0087,0.8623719,sat_0088,0.76960796,0.09276396,True
drone_0087_150_0008,0087,150,sat_0087,1,1.0,sat_0087,0087,0.8369327,sat_0088,0.7681303,0.06880242,True
drone_0087_150_0009,0087,150,sat_0087,1,1.0,sat_0087,0087,0.8207359,sat_0088,0.7623052,0.05843067,True
drone_0087_150_0010,0087,150,sat_0087,1,1.0,sat_0087,0087,0.82010365,sat_0088,0.7728855,0.047218144,True
drone_0087_150_0011,0087,150,sat_0087,2,0.5,sat_0088,0088,0.767085,sat_0087,0.7540108,0.013074219,False
drone_0087_150_0012,0087,150,sat_0087,1,1.0,sat_0087,0087,0.7789856,sat_0088,0.7353771,0.043608546,True
drone_0087_150_0013,0087,150,sat_0087,1,1.0,sat_0087,0087,0.7296711,sat_0088,0.70376617,0.025904953,True
drone_0087_150_0014,0087,150,sat_0087,1,1.0,sat_0087,0087,0.72938967,sat_0088,0.6999201,0.02946955,True
drone_0087_150_0015,0087,150,sat_0087,1,1.0,sat_0087,0087,0.74914825,sat_0088,0.72746456,0.021683693,True
drone_0087_150_0016,0087,150,sat_0087,1,1.0,sat_0087,0087,0.7809314,sat_0088,0.7604147,0.020516694,True
drone_0087_150_0017,0087,150,sat_0087,1,1.0,sat_0087,0087,0.8223408,sat_0088,0.76749027,0.05485052,True
drone_0087_150_0018,0087,150,sat_0087,1,1.0,sat_0087,0087,0.8972807,sat_0088,0.7470586,0.15022212,True
drone_0087_150_0019,0087,150,sat_0087,1,1.0,sat_0087,0087,0.85918564,sat_0088,0.7380444,0.121141255,True
drone_0087_150_0020,0087,150,sat_0087,1,1.0,sat_0087,0087,0.9176149,sat_0088,0.78703916,0.13057572,True
drone_0087_150_0021,0087,150,sat_0087,1,1.0,sat_0087,0087,0.9004296,sat_0088,0.79676515,0.10366446,True
drone_0087_150_0022,0087,150,sat_0087,1,1.0,sat_0087,0087,0.89834905,sat_0088,0.771839,0.12651002,True
drone_0087_150_0023,0087,150,sat_0087,1,1.0,sat_0087,0087,0.92949164,sat_0088,0.79759383,0.1318978,True
drone_0087_150_0024,0087,150,sat_0087,1,1.0,sat_0087,0087,0.91389495,sat_0088,0.79205054,0.12184441,True
drone_0087_150_0025,0087,150,sat_0087,1,1.0,sat_0087,0087,0.9268226,sat_0088,0.76553756,0.16128504,True
drone_0087_150_0026,0087,150,sat_0087,1,1.0,sat_0087,0087,0.93062913,sat_0088,0.74605554,0.18457359,True
drone_0087_150_0027,0087,150,sat_0087,1,1.0,sat_0087,0087,0.9312286,sat_0088,0.74213433,0.18909425,True
drone_0087_150_0028,0087,150,sat_0087,1,1.0,sat_0087,0087,0.9416961,sat_0088,0.76463866,0.17705745,True
drone_0087_150_0029,0087,150,sat_0087,1,1.0,sat_0087,0087,0.94109166,sat_0088,0.7720671,0.16902453,True
drone_0087_150_0030,0087,150,sat_0087,1,1.0,sat_0087,0087,0.9243875,sat_0088,0.78188866,0.14249885,True
drone_0087_150_0031,0087,150,sat_0087,1,1.0,sat_0087,0087,0.9278891,sat_0088,0.7283081,0.19958103,True
drone_0087_150_0032,0087,150,sat_0087,1,1.0,sat_0087,0087,0.9243311,sat_0088,0.7336616,0.19066954,True
drone_0087_150_0033,0087,150,sat_0087,1,1.0,sat_0087,0087,0.8908426,sat_0088,0.70949644,0.18134618,True
drone_0087_150_0034,0087,150,sat_0087,1,1.0,sat_0087,0087,0.87729853,sat_0088,0.6864728,0.19082576,True
drone_0087_150_0035,0087,150,sat_0087,1,1.0,sat_0087,0087,0.8001281,sat_0088,0.6095727,0.1905554,True
drone_0087_150_0036,0087,150,sat_0087,1,1.0,sat_0087,0087,0.8057753,sat_0088,0.64785075,0.15792453,True
drone_0087_150_0037,0087,150,sat_0087,1,1.0,sat_0087,0087,0.68301195,sat_0088,0.5126683,0.17034364,True
drone_0087_150_0038,0087,150,sat_0087,1,1.0,sat_0087,0087,0.7543303,sat_0088,0.5964976,0.15783268,True
drone_0087_150_0039,0087,150,sat_0087,1,1.0,sat_0087,0087,0.8059747,sat_0088,0.70063955,0.105335176,True
drone_0087_150_0040,0087,150,sat_0087,1,1.0,sat_0087,0087,0.819468,sat_0088,0.7010772,0.1183908,True
drone_0087_150_0041,0087,150,sat_0087,1,1.0,sat_0087,0087,0.7591653,sat_0088,0.6765418,0.08262348,True
drone_0087_150_0042,0087,150,sat_0087,1,1.0,sat_0087,0087,0.82423234,sat_0088,0.73431456,0.08991778,True
drone_0087_150_0043,0087,150,sat_0087,1,1.0,sat_0087,0087,0.80995035,sat_0088,0.69920003,0.11075032,True
drone_0087_150_0044,0087,150,sat_0087,1,1.0,sat_0087,0087,0.82825595,sat_0088,0.69111204,0.13714391,True
drone_0087_150_0045,0087,150,sat_0087,1,1.0,sat_0087,0087,0.78161204,sat_0088,0.6642632,0.11734885,True
drone_0087_150_0046,0087,150,sat_0087,1,1.0,sat_0087,0087,0.84860206,sat_0088,0.71201664,0.13658541,True
drone_0087_150_0047,0087,150,sat_0087,1,1.0,sat_0087,0087,0.83304745,sat_0088,0.70310307,0.12994438,True
drone_0087_150_0048,0087,150,sat_0087,1,1.0,sat_0087,0087,0.8574313,sat_0088,0.71894014,0.13849115,True
drone_0087_150_0049,0087,150,sat_0087,1,1.0,sat_0087,0087,0.83843446,sat_0088,0.70474595,0.13368851,True
drone_0088_150_0000,0088,150,sat_0088,1,1.0,sat_0088,0088,0.7639494,sat_0152,0.71394795,0.050001442,True
drone_0088_150_0001,0088,150,sat_0088,1,1.0,sat_0088,0088,0.77025795,sat_0152,0.71793026,0.052327693,True
drone_0088_150_0002,0088,150,sat_0088,1,1.0,sat_0088,0088,0.7770485,sat_0152,0.71064657,0.06640196,True
drone_0088_150_0003,0088,150,sat_0088,1,1.0,sat_0088,0088,0.7547241,sat_0152,0.7215457,0.03317839,True
drone_0088_150_0004,0088,150,sat_0088,1,1.0,sat_0088,0088,0.76167107,sat_0152,0.71143395,0.05023712,True
drone_0088_150_0005,0088,150,sat_0088,1,1.0,sat_0088,0088,0.7477063,sat_0152,0.7245926,0.023113668,True
drone_0088_150_0006,0088,150,sat_0088,2,0.5,sat_0152,0152,0.7329798,sat_0088,0.7117246,0.021255195,False
drone_0088_150_0007,0088,150,sat_0088,2,0.5,sat_0152,0152,0.7162067,sat_0088,0.69390893,0.0222978,False
drone_0088_150_0008,0088,150,sat_0088,1,1.0,sat_0088,0088,0.7323972,sat_0152,0.72544146,0.006955743,True
drone_0088_150_0009,0088,150,sat_0088,1,1.0,sat_0088,0088,0.74776113,sat_0152,0.72421324,0.023547888,True
drone_0088_150_0010,0088,150,sat_0088,1,1.0,sat_0088,0088,0.7647231,sat_0152,0.71997654,0.044746578,True
drone_0088_150_0011,0088,150,sat_0088,1,1.0,sat_0088,0088,0.7493364,sat_0152,0.73785615,0.011480272,True
drone_0088_150_0012,0088,150,sat_0088,2,0.5,sat_0152,0152,0.75349784,sat_0088,0.72282296,0.030674875,False
drone_0088_150_0013,0088,150,sat_0088,2,0.5,sat_0152,0152,0.7333005,sat_0088,0.72533995,0.007960558,False
drone_0088_150_0014,0088,150,sat_0088,2,0.5,sat_0152,0152,0.7273792,sat_0088,0.70943034,0.017948866,False
drone_0088_150_0015,0088,150,sat_0088,2,0.5,sat_0152,0152,0.7276631,sat_0088,0.7184876,0.009175479,False
drone_0088_150_0016,0088,150,sat_0088,2,0.5,sat_0152,0152,0.74510646,sat_0088,0.6936612,0.051445246,False
drone_0088_150_0017,0088,150,sat_0088,2,0.5,sat_0152,0152,0.77827406,sat_0088,0.7161191,0.06215495,False
drone_0088_150_0018,0088,150,sat_0088,1,1.0,sat_0088,0088,0.75656253,sat_0152,0.7447604,0.011802137,True
drone_0088_150_0019,0088,150,sat_0088,2,0.5,sat_0152,0152,0.76663935,sat_0088,0.7271866,0.03945273,False
drone_0088_150_0020,0088,150,sat_0088,2,0.5,sat_0152,0152,0.7503784,sat_0088,0.7489894,0.001388967,False
drone_0088_150_0021,0088,150,sat_0088,2,0.5,sat_0152,0152,0.76170766,sat_0088,0.75859267,0.0031149983,False
drone_0088_150_0022,0088,150,sat_0088,1,1.0,sat_0088,0088,0.74685585,sat_0152,0.68977535,0.057080507,True
drone_0088_150_0023,0088,150,sat_0088,1,1.0,sat_0088,0088,0.7345046,sat_0152,0.67184126,0.06266332,True
drone_0088_150_0024,0088,150,sat_0088,1,1.0,sat_0088,0088,0.73645926,sat_0152,0.7040783,0.03238094,True
drone_0088_150_0025,0088,150,sat_0088,1,1.0,sat_0088,0088,0.7557821,sat_0152,0.67280394,0.08297819,True
drone_0088_150_0026,0088,150,sat_0088,1,1.0,sat_0088,0088,0.72404295,sat_0152,0.6893922,0.034650743,True
drone_0088_150_0027,0088,150,sat_0088,1,1.0,sat_0088,0088,0.7273166,sat_0152,0.6191061,0.108210504,True
drone_0088_150_0028,0088,150,sat_0088,1,1.0,sat_0088,0088,0.76414955,sat_0152,0.6677021,0.09644747,True
drone_0088_150_0029,0088,150,sat_0088,1,1.0,sat_0088,0088,0.8142987,sat_0152,0.6547297,0.15956897,True
drone_0088_150_0030,0088,150,sat_0088,1,1.0,sat_0088,0088,0.83523995,sat_0152,0.62960005,0.2056399,True
drone_0088_150_0031,0088,150,sat_0088,1,1.0,sat_0088,0088,0.83396995,sat_0152,0.61829484,0.21567512,True
drone_0088_150_0032,0088,150,sat_0088,1,1.0,sat_0088,0088,0.8395846,sat_0152,0.6362212,0.20336342,True
drone_0088_150_0033,0088,150,sat_0088,1,1.0,sat_0088,0088,0.8492913,sat_0152,0.6100854,0.2392059,True
drone_0088_150_0034,0088,150,sat_0088,1,1.0,sat_0088,0088,0.84199923,sat_0152,0.5589493,0.28304994,True
drone_0088_150_0035,0088,150,sat_0088,1,1.0,sat_0088,0088,0.8662228,sat_0152,0.60475284,0.26146996,True
drone_0088_150_0036,0088,150,sat_0088,1,1.0,sat_0088,0088,0.846292,sat_0152,0.58289105,0.26340097,True
drone_0088_150_0037,0088,150,sat_0088,1,1.0,sat_0088,0088,0.83939415,sat_0152,0.64268374,0.19671041,True
drone_0088_150_0038,0088,150,sat_0088,1,1.0,sat_0088,0088,0.8803411,sat_0152,0.5723902,0.3079509,True
drone_0088_150_0039,0088,150,sat_0088,1,1.0,sat_0088,0088,0.88347715,sat_0152,0.65616816,0.22730899,True
drone_0088_150_0040,0088,150,sat_0088,1,1.0,sat_0088,0088,0.83866215,sat_0152,0.6853052,0.15335697,True
drone_0088_150_0041,0088,150,sat_0088,1,1.0,sat_0088,0088,0.85069585,sat_0152,0.68599397,0.16470188,True
drone_0088_150_0042,0088,150,sat_0088,1,1.0,sat_0088,0088,0.7958721,sat_0152,0.7333019,0.062570214,True
drone_0088_150_0043,0088,150,sat_0088,1,1.0,sat_0088,0088,0.80170083,sat_0152,0.71706516,0.084635675,True
drone_0088_150_0044,0088,150,sat_0088,1,1.0,sat_0088,0088,0.8123534,sat_0152,0.71626467,0.09608871,True
drone_0088_150_0045,0088,150,sat_0088,1,1.0,sat_0088,0088,0.8184475,sat_0152,0.6931422,0.1253053,True
drone_0088_150_0046,0088,150,sat_0088,1,1.0,sat_0088,0088,0.7866971,sat_0152,0.71526086,0.07143623,True
drone_0088_150_0047,0088,150,sat_0088,1,1.0,sat_0088,0088,0.75132865,sat_0152,0.74095,0.010378659,True
drone_0088_150_0048,0088,150,sat_0088,1,1.0,sat_0088,0088,0.76018524,sat_0152,0.7372838,0.022901416,True
drone_0088_150_0049,0088,150,sat_0088,1,1.0,sat_0088,0088,0.7595277,sat_0152,0.73025286,0.029274821,True
drone_0108_150_0000,0108,150,sat_0108,1,1.0,sat_0108,0108,0.9579536,sat_0190,0.5401173,0.41783625,True
drone_0108_150_0001,0108,150,sat_0108,1,1.0,sat_0108,0108,0.95679814,sat_0189,0.53950876,0.41728938,True
drone_0108_150_0002,0108,150,sat_0108,1,1.0,sat_0108,0108,0.95385855,sat_0189,0.52482414,0.4290344,True
drone_0108_150_0003,0108,150,sat_0108,1,1.0,sat_0108,0108,0.955392,sat_0190,0.5538703,0.40152168,True
drone_0108_150_0004,0108,150,sat_0108,1,1.0,sat_0108,0108,0.95478886,sat_0190,0.5462661,0.40852278,True
drone_0108_150_0005,0108,150,sat_0108,1,1.0,sat_0108,0108,0.9490276,sat_0190,0.5538816,0.395146,True
drone_0108_150_0006,0108,150,sat_0108,1,1.0,sat_0108,0108,0.9429588,sat_0190,0.55796844,0.38499033,True
drone_0108_150_0007,0108,150,sat_0108,1,1.0,sat_0108,0108,0.94571376,sat_0190,0.5683551,0.37735868,True
drone_0108_150_0008,0108,150,sat_0108,1,1.0,sat_0108,0108,0.929898,sat_0190,0.5281642,0.40173382,True
drone_0108_150_0009,0108,150,sat_0108,1,1.0,sat_0108,0108,0.9274507,sat_0190,0.538901,0.38854975,True
drone_0108_150_0010,0108,150,sat_0108,1,1.0,sat_0108,0108,0.91245395,sat_0190,0.5331655,0.37928843,True
drone_0108_150_0011,0108,150,sat_0108,1,1.0,sat_0108,0108,0.8957607,sat_0190,0.53223306,0.36352766,True
drone_0108_150_0012,0108,150,sat_0108,1,1.0,sat_0108,0108,0.8984837,sat_0190,0.56745756,0.33102614,True
drone_0108_150_0013,0108,150,sat_0108,1,1.0,sat_0108,0108,0.905087,sat_0190,0.5622085,0.34287852,True
drone_0108_150_0014,0108,150,sat_0108,1,1.0,sat_0108,0108,0.9074,sat_0190,0.5866272,0.32077283,True
drone_0108_150_0015,0108,150,sat_0108,1,1.0,sat_0108,0108,0.9114344,sat_0190,0.582429,0.32900542,True
drone_0108_150_0016,0108,150,sat_0108,1,1.0,sat_0108,0108,0.91961586,sat_0190,0.5964839,0.32313198,True
drone_0108_150_0017,0108,150,sat_0108,1,1.0,sat_0108,0108,0.93315774,sat_0190,0.6131061,0.32005167,True
drone_0108_150_0018,0108,150,sat_0108,1,1.0,sat_0108,0108,0.93310547,sat_0190,0.6201826,0.3129229,True
drone_0108_150_0019,0108,150,sat_0108,1,1.0,sat_0108,0108,0.9353764,sat_0189,0.61018974,0.32518667,True
drone_0108_150_0020,0108,150,sat_0108,1,1.0,sat_0108,0108,0.9322016,sat_0190,0.59125966,0.34094197,True
drone_0108_150_0021,0108,150,sat_0108,1,1.0,sat_0108,0108,0.9223776,sat_0190,0.6287226,0.29365498,True
drone_0108_150_0022,0108,150,sat_0108,1,1.0,sat_0108,0108,0.9065397,sat_0190,0.6590697,0.24746996,True
drone_0108_150_0023,0108,150,sat_0108,1,1.0,sat_0108,0108,0.89831734,sat_0190,0.68453044,0.2137869,True
drone_0108_150_0024,0108,150,sat_0108,1,1.0,sat_0108,0108,0.89353204,sat_0190,0.6991404,0.19439161,True
drone_0108_150_0025,0108,150,sat_0108,1,1.0,sat_0108,0108,0.89596516,sat_0190,0.6933378,0.20262736,True
drone_0108_150_0026,0108,150,sat_0108,1,1.0,sat_0108,0108,0.8817017,sat_0190,0.7260474,0.15565431,True
drone_0108_150_0027,0108,150,sat_0108,1,1.0,sat_0108,0108,0.8730844,sat_0190,0.7533692,0.119715214,True
drone_0108_150_0028,0108,150,sat_0108,1,1.0,sat_0108,0108,0.87927437,sat_0190,0.74866146,0.13061291,True
drone_0108_150_0029,0108,150,sat_0108,1,1.0,sat_0108,0108,0.87446874,sat_0190,0.77098024,0.103488505,True
drone_0108_150_0030,0108,150,sat_0108,1,1.0,sat_0108,0108,0.88955504,sat_0190,0.73833483,0.1512202,True
drone_0108_150_0031,0108,150,sat_0108,1,1.0,sat_0108,0108,0.88129044,sat_0190,0.7462914,0.13499904,True
drone_0108_150_0032,0108,150,sat_0108,1,1.0,sat_0108,0108,0.8889822,sat_0190,0.7295693,0.15941286,True
drone_0108_150_0033,0108,150,sat_0108,1,1.0,sat_0108,0108,0.88567376,sat_0190,0.72855735,0.15711641,True
drone_0108_150_0034,0108,150,sat_0108,1,1.0,sat_0108,0108,0.88533103,sat_0190,0.7320455,0.15328556,True
drone_0108_150_0035,0108,150,sat_0108,1,1.0,sat_0108,0108,0.8837397,sat_0190,0.69956076,0.18417895,True
drone_0108_150_0036,0108,150,sat_0108,1,1.0,sat_0108,0108,0.88786703,sat_0190,0.68854326,0.19932377,True
drone_0108_150_0037,0108,150,sat_0108,1,1.0,sat_0108,0108,0.9004059,sat_0190,0.6683484,0.23205751,True
drone_0108_150_0038,0108,150,sat_0108,1,1.0,sat_0108,0108,0.8852292,sat_0189,0.6698674,0.21536177,True
drone_0108_150_0039,0108,150,sat_0108,1,1.0,sat_0108,0108,0.86562,sat_0192,0.7006507,0.16496933,True
drone_0108_150_0040,0108,150,sat_0108,1,1.0,sat_0108,0108,0.89424837,sat_0190,0.68548316,0.20876521,True
drone_0108_150_0041,0108,150,sat_0108,1,1.0,sat_0108,0108,0.9139477,sat_0190,0.6652865,0.24866122,True
drone_0108_150_0042,0108,150,sat_0108,1,1.0,sat_0108,0108,0.92701185,sat_0190,0.6495237,0.27748817,True
drone_0108_150_0043,0108,150,sat_0108,1,1.0,sat_0108,0108,0.9299161,sat_0190,0.6314846,0.29843146,True
drone_0108_150_0044,0108,150,sat_0108,1,1.0,sat_0108,0108,0.93999344,sat_0190,0.61247236,0.3275211,True
drone_0108_150_0045,0108,150,sat_0108,1,1.0,sat_0108,0108,0.9380807,sat_0189,0.61432207,0.32375866,True
drone_0108_150_0046,0108,150,sat_0108,1,1.0,sat_0108,0108,0.9494628,sat_0190,0.57754433,0.37191844,True
drone_0108_150_0047,0108,150,sat_0108,1,1.0,sat_0108,0108,0.9546765,sat_0189,0.5657349,0.3889416,True
drone_0108_150_0048,0108,150,sat_0108,1,1.0,sat_0108,0108,0.9496797,sat_0189,0.58713865,0.36254102,True
drone_0108_150_0049,0108,150,sat_0108,1,1.0,sat_0108,0108,0.95173407,sat_0190,0.53412896,0.4176051,True
drone_0109_150_0000,0109,150,sat_0109,1,1.0,sat_0109,0109,0.9218327,sat_0155,0.4275821,0.4942506,True
drone_0109_150_0001,0109,150,sat_0109,1,1.0,sat_0109,0109,0.90454024,sat_0155,0.4958654,0.40867484,True
drone_0109_150_0002,0109,150,sat_0109,1,1.0,sat_0109,0109,0.90108126,sat_0155,0.49424106,0.4068402,True
drone_0109_150_0003,0109,150,sat_0109,1,1.0,sat_0109,0109,0.9207407,sat_0155,0.45671833,0.4640224,True
drone_0109_150_0004,0109,150,sat_0109,1,1.0,sat_0109,0109,0.9027705,sat_0155,0.4939714,0.4087991,True
drone_0109_150_0005,0109,150,sat_0109,1,1.0,sat_0109,0109,0.8697361,sat_0155,0.53729445,0.33244163,True
drone_0109_150_0006,0109,150,sat_0109,1,1.0,sat_0109,0109,0.8696393,sat_0155,0.56592816,0.30371112,True
drone_0109_150_0007,0109,150,sat_0109,1,1.0,sat_0109,0109,0.8499478,sat_0155,0.58518606,0.26476175,True
drone_0109_150_0008,0109,150,sat_0109,1,1.0,sat_0109,0109,0.88310534,sat_0155,0.5173133,0.36579204,True
drone_0109_150_0009,0109,150,sat_0109,1,1.0,sat_0109,0109,0.88652885,sat_0155,0.5081274,0.37840146,True
drone_0109_150_0010,0109,150,sat_0109,1,1.0,sat_0109,0109,0.9059577,sat_0155,0.46055508,0.44540262,True
drone_0109_150_0011,0109,150,sat_0109,1,1.0,sat_0109,0109,0.8774478,sat_0155,0.49442223,0.38302556,True
drone_0109_150_0012,0109,150,sat_0109,1,1.0,sat_0109,0109,0.87938255,sat_0155,0.45567042,0.42371213,True
drone_0109_150_0013,0109,150,sat_0109,1,1.0,sat_0109,0109,0.9181399,sat_0155,0.4639272,0.45421267,True
drone_0109_150_0014,0109,150,sat_0109,1,1.0,sat_0109,0109,0.9300448,sat_0155,0.44841993,0.48162484,True
drone_0109_150_0015,0109,150,sat_0109,1,1.0,sat_0109,0109,0.8914424,sat_0155,0.52283835,0.36860406,True
drone_0109_150_0016,0109,150,sat_0109,1,1.0,sat_0109,0109,0.89133286,sat_0155,0.52484304,0.36648983,True
drone_0109_150_0017,0109,150,sat_0109,1,1.0,sat_0109,0109,0.8793441,sat_0155,0.5035637,0.3757804,True
drone_0109_150_0018,0109,150,sat_0109,1,1.0,sat_0109,0109,0.85885465,sat_0155,0.5139972,0.34485745,True
drone_0109_150_0019,0109,150,sat_0109,1,1.0,sat_0109,0109,0.9012781,sat_0155,0.4258689,0.47540918,True
drone_0109_150_0020,0109,150,sat_0109,1,1.0,sat_0109,0109,0.91235465,sat_0155,0.38822025,0.5241344,True
drone_0109_150_0021,0109,150,sat_0109,1,1.0,sat_0109,0109,0.9179861,sat_0155,0.38646358,0.5315225,True
drone_0109_150_0022,0109,150,sat_0109,1,1.0,sat_0109,0109,0.8594495,sat_0155,0.48751357,0.37193593,True
drone_0109_150_0023,0109,150,sat_0109,1,1.0,sat_0109,0109,0.8997887,sat_0155,0.44538504,0.45440364,True
drone_0109_150_0024,0109,150,sat_0109,1,1.0,sat_0109,0109,0.8926739,sat_0155,0.46698973,0.42568418,True
drone_0109_150_0025,0109,150,sat_0109,1,1.0,sat_0109,0109,0.8886632,sat_0155,0.45949075,0.42917243,True
drone_0109_150_0026,0109,150,sat_0109,1,1.0,sat_0109,0109,0.9089196,sat_0155,0.46703902,0.44188055,True
drone_0109_150_0027,0109,150,sat_0109,1,1.0,sat_0109,0109,0.91295826,sat_0155,0.406685,0.50627327,True
drone_0109_150_0028,0109,150,sat_0109,1,1.0,sat_0109,0109,0.9153178,sat_0155,0.4132709,0.5020469,True
drone_0109_150_0029,0109,150,sat_0109,1,1.0,sat_0109,0109,0.87693477,sat_0155,0.47463167,0.4023031,True
drone_0109_150_0030,0109,150,sat_0109,1,1.0,sat_0109,0109,0.8837863,sat_0155,0.4542691,0.4295172,True
drone_0109_150_0031,0109,150,sat_0109,1,1.0,sat_0109,0109,0.92823327,sat_0155,0.37504953,0.55318373,True
drone_0109_150_0032,0109,150,sat_0109,1,1.0,sat_0109,0109,0.9432775,sat_0155,0.32763562,0.61564183,True
drone_0109_150_0033,0109,150,sat_0109,1,1.0,sat_0109,0109,0.9054394,sat_0155,0.4263287,0.4791107,True
drone_0109_150_0034,0109,150,sat_0109,1,1.0,sat_0109,0109,0.91640687,sat_0155,0.45306578,0.4633411,True
drone_0109_150_0035,0109,150,sat_0109,1,1.0,sat_0109,0109,0.9243438,sat_0155,0.40094984,0.523394,True
drone_0109_150_0036,0109,150,sat_0109,1,1.0,sat_0109,0109,0.93542945,sat_0155,0.3211768,0.6142527,True
drone_0109_150_0037,0109,150,sat_0109,1,1.0,sat_0109,0109,0.92456174,sat_0155,0.24629383,0.6782679,True
drone_0109_150_0038,0109,150,sat_0109,1,1.0,sat_0109,0109,0.9155837,sat_0155,0.2778253,0.63775843,True
drone_0109_150_0039,0109,150,sat_0109,1,1.0,sat_0109,0109,0.9263356,sat_0155,0.27271858,0.653617,True
drone_0109_150_0040,0109,150,sat_0109,1,1.0,sat_0109,0109,0.9059135,sat_0155,0.30689508,0.5990184,True
drone_0109_150_0041,0109,150,sat_0109,1,1.0,sat_0109,0109,0.9122695,sat_0155,0.33267257,0.5795969,True
drone_0109_150_0042,0109,150,sat_0109,1,1.0,sat_0109,0109,0.9082412,sat_0155,0.37926042,0.5289808,True
drone_0109_150_0043,0109,150,sat_0109,1,1.0,sat_0109,0109,0.9208428,sat_0155,0.39722902,0.5236138,True
drone_0109_150_0044,0109,150,sat_0109,1,1.0,sat_0109,0109,0.89021283,sat_0155,0.45904526,0.43116757,True
drone_0109_150_0045,0109,150,sat_0109,1,1.0,sat_0109,0109,0.9081903,sat_0155,0.4540931,0.4540972,True
drone_0109_150_0046,0109,150,sat_0109,1,1.0,sat_0109,0109,0.92313266,sat_0155,0.39004818,0.5330845,True
drone_0109_150_0047,0109,150,sat_0109,1,1.0,sat_0109,0109,0.91797507,sat_0155,0.44587508,0.4721,True
drone_0109_150_0048,0109,150,sat_0109,1,1.0,sat_0109,0109,0.91791403,sat_0155,0.39979804,0.518116,True
drone_0109_150_0049,0109,150,sat_0109,1,1.0,sat_0109,0109,0.9342859,sat_0155,0.39998674,0.53429914,True
drone_0115_150_0000,0115,150,sat_0115,1,1.0,sat_0115,0115,0.87183976,sat_0151,0.42973053,0.44210923,True
drone_0115_150_0001,0115,150,sat_0115,1,1.0,sat_0115,0115,0.9080279,sat_0151,0.4173743,0.49065357,True
drone_0115_150_0002,0115,150,sat_0115,1,1.0,sat_0115,0115,0.90577996,sat_0151,0.4185043,0.48727566,True
drone_0115_150_0003,0115,150,sat_0115,1,1.0,sat_0115,0115,0.91243154,sat_0151,0.4170797,0.49535185,True
drone_0115_150_0004,0115,150,sat_0115,1,1.0,sat_0115,0115,0.92057073,sat_0151,0.37408805,0.5464827,True
drone_0115_150_0005,0115,150,sat_0115,1,1.0,sat_0115,0115,0.9182509,sat_0151,0.37897924,0.5392717,True
drone_0115_150_0006,0115,150,sat_0115,1,1.0,sat_0115,0115,0.92616206,sat_0151,0.37077862,0.55538344,True
drone_0115_150_0007,0115,150,sat_0115,1,1.0,sat_0115,0115,0.9146913,sat_0151,0.37064922,0.5440421,True
drone_0115_150_0008,0115,150,sat_0115,1,1.0,sat_0115,0115,0.9105358,sat_0151,0.36105394,0.54948187,True
drone_0115_150_0009,0115,150,sat_0115,1,1.0,sat_0115,0115,0.8877163,sat_0151,0.38717473,0.50054157,True
drone_0115_150_0010,0115,150,sat_0115,1,1.0,sat_0115,0115,0.8736595,sat_0151,0.34641546,0.52724403,True
drone_0115_150_0011,0115,150,sat_0115,1,1.0,sat_0115,0115,0.87817633,sat_0151,0.36132106,0.51685524,True
drone_0115_150_0012,0115,150,sat_0115,1,1.0,sat_0115,0115,0.85132575,sat_0060,0.36048153,0.49084422,True
drone_0115_150_0013,0115,150,sat_0115,1,1.0,sat_0115,0115,0.8453835,sat_0060,0.41307676,0.43230677,True
drone_0115_150_0014,0115,150,sat_0115,1,1.0,sat_0115,0115,0.8352872,sat_0060,0.40858364,0.42670357,True
drone_0115_150_0015,0115,150,sat_0115,1,1.0,sat_0115,0115,0.8597195,sat_0060,0.43460697,0.42511255,True
drone_0115_150_0016,0115,150,sat_0115,1,1.0,sat_0115,0115,0.880653,sat_0060,0.4370985,0.44355452,True
drone_0115_150_0017,0115,150,sat_0115,1,1.0,sat_0115,0115,0.8839848,sat_0060,0.391676,0.4923088,True
drone_0115_150_0018,0115,150,sat_0115,1,1.0,sat_0115,0115,0.8718989,sat_0060,0.42691,0.44498888,True
drone_0115_150_0019,0115,150,sat_0115,1,1.0,sat_0115,0115,0.87548053,sat_0151,0.42501968,0.45046085,True
drone_0115_150_0020,0115,150,sat_0115,1,1.0,sat_0115,0115,0.8756081,sat_0151,0.38972405,0.48588404,True
drone_0115_150_0021,0115,150,sat_0115,1,1.0,sat_0115,0115,0.8870421,sat_0151,0.38888043,0.49816167,True
drone_0115_150_0022,0115,150,sat_0115,1,1.0,sat_0115,0115,0.89664006,sat_0151,0.3812685,0.51537156,True
drone_0115_150_0023,0115,150,sat_0115,1,1.0,sat_0115,0115,0.88144284,sat_0151,0.39690822,0.48453462,True
drone_0115_150_0024,0115,150,sat_0115,1,1.0,sat_0115,0115,0.93095523,sat_0151,0.4485013,0.48245394,True
drone_0115_150_0025,0115,150,sat_0115,1,1.0,sat_0115,0115,0.9164356,sat_0151,0.42993337,0.48650223,True
drone_0115_150_0026,0115,150,sat_0115,1,1.0,sat_0115,0115,0.9210919,sat_0087,0.38779673,0.53329515,True
drone_0115_150_0027,0115,150,sat_0115,1,1.0,sat_0115,0115,0.9269749,sat_0060,0.39043742,0.53653747,True
drone_0115_150_0028,0115,150,sat_0115,1,1.0,sat_0115,0115,0.9248206,sat_0151,0.38973546,0.53508514,True
drone_0115_150_0029,0115,150,sat_0115,1,1.0,sat_0115,0115,0.91505694,sat_0151,0.4161083,0.49894863,True
drone_0115_150_0030,0115,150,sat_0115,1,1.0,sat_0115,0115,0.90448904,sat_0151,0.45363876,0.45085028,True
drone_0115_150_0031,0115,150,sat_0115,1,1.0,sat_0115,0115,0.903075,sat_0151,0.42669338,0.4763816,True
drone_0115_150_0032,0115,150,sat_0115,1,1.0,sat_0115,0115,0.91311455,sat_0151,0.41741818,0.49569637,True
drone_0115_150_0033,0115,150,sat_0115,1,1.0,sat_0115,0115,0.89856887,sat_0151,0.4155196,0.48304927,True
drone_0115_150_0034,0115,150,sat_0115,1,1.0,sat_0115,0115,0.8969697,sat_0060,0.40844375,0.48852593,True
drone_0115_150_0035,0115,150,sat_0115,1,1.0,sat_0115,0115,0.89407104,sat_0151,0.4070105,0.48706055,True
drone_0115_150_0036,0115,150,sat_0115,1,1.0,sat_0115,0115,0.90334666,sat_0151,0.4318755,0.47147116,True
drone_0115_150_0037,0115,150,sat_0115,1,1.0,sat_0115,0115,0.90585357,sat_0151,0.42297998,0.4828736,True
drone_0115_150_0038,0115,150,sat_0115,1,1.0,sat_0115,0115,0.9080855,sat_0151,0.40401253,0.504073,True
drone_0115_150_0039,0115,150,sat_0115,1,1.0,sat_0115,0115,0.9011747,sat_0151,0.42200685,0.47916788,True
drone_0115_150_0040,0115,150,sat_0115,1,1.0,sat_0115,0115,0.89041924,sat_0151,0.44951758,0.44090167,True
drone_0115_150_0041,0115,150,sat_0115,1,1.0,sat_0115,0115,0.91197807,sat_0151,0.3906203,0.5213578,True
drone_0115_150_0042,0115,150,sat_0115,1,1.0,sat_0115,0115,0.92492807,sat_0060,0.38337624,0.5415518,True
drone_0115_150_0043,0115,150,sat_0115,1,1.0,sat_0115,0115,0.9035635,sat_0060,0.36392862,0.5396349,True
drone_0115_150_0044,0115,150,sat_0115,1,1.0,sat_0115,0115,0.88804984,sat_0060,0.39381865,0.4942312,True
drone_0115_150_0045,0115,150,sat_0115,1,1.0,sat_0115,0115,0.8835435,sat_0060,0.38491297,0.49863052,True
drone_0115_150_0046,0115,150,sat_0115,1,1.0,sat_0115,0115,0.8889985,sat_0151,0.3891044,0.4998941,True
drone_0115_150_0047,0115,150,sat_0115,1,1.0,sat_0115,0115,0.9093204,sat_0151,0.37159845,0.537722,True
drone_0115_150_0048,0115,150,sat_0115,1,1.0,sat_0115,0115,0.9086519,sat_0151,0.37700042,0.5316515,True
drone_0115_150_0049,0115,150,sat_0115,1,1.0,sat_0115,0115,0.9096571,sat_0151,0.40837854,0.5012786,True
drone_0130_150_0000,0130,150,sat_0130,1,1.0,sat_0130,0130,0.75868493,sat_0036,0.52922076,0.22946417,True
drone_0130_150_0001,0130,150,sat_0130,1,1.0,sat_0130,0130,0.76075125,sat_0036,0.49580672,0.26494452,True
drone_0130_150_0002,0130,150,sat_0130,1,1.0,sat_0130,0130,0.7694355,sat_0036,0.47749913,0.2919364,True
drone_0130_150_0003,0130,150,sat_0130,1,1.0,sat_0130,0130,0.7991474,sat_0036,0.5164832,0.28266424,True
drone_0130_150_0004,0130,150,sat_0130,1,1.0,sat_0130,0130,0.82073903,sat_0036,0.53409725,0.28664178,True
drone_0130_150_0005,0130,150,sat_0130,1,1.0,sat_0130,0130,0.8220175,sat_0036,0.4679935,0.354024,True
drone_0130_150_0006,0130,150,sat_0130,1,1.0,sat_0130,0130,0.83439016,sat_0036,0.4609119,0.37347826,True
drone_0130_150_0007,0130,150,sat_0130,1,1.0,sat_0130,0130,0.78524697,sat_0036,0.38494343,0.40030354,True
drone_0130_150_0008,0130,150,sat_0130,1,1.0,sat_0130,0130,0.7841952,sat_0036,0.36427644,0.41991875,True
drone_0130_150_0009,0130,150,sat_0130,1,1.0,sat_0130,0130,0.82177675,sat_0036,0.49235767,0.32941908,True
drone_0130_150_0010,0130,150,sat_0130,1,1.0,sat_0130,0130,0.8086034,sat_0036,0.5097017,0.29890168,True
drone_0130_150_0011,0130,150,sat_0130,1,1.0,sat_0130,0130,0.7787068,sat_0036,0.46368206,0.31502473,True
drone_0130_150_0012,0130,150,sat_0130,1,1.0,sat_0130,0130,0.83504534,sat_0036,0.54031026,0.29473507,True
drone_0130_150_0013,0130,150,sat_0130,1,1.0,sat_0130,0130,0.8488755,sat_0036,0.56837946,0.28049606,True
drone_0130_150_0014,0130,150,sat_0130,1,1.0,sat_0130,0130,0.83545,sat_0036,0.48946732,0.34598267,True
drone_0130_150_0015,0130,150,sat_0130,1,1.0,sat_0130,0130,0.836735,sat_0036,0.46801347,0.36872154,True
drone_0130_150_0016,0130,150,sat_0130,1,1.0,sat_0130,0130,0.8430416,sat_0036,0.39742023,0.44562137,True
drone_0130_150_0017,0130,150,sat_0130,1,1.0,sat_0130,0130,0.793473,sat_0036,0.38591656,0.40755644,True
drone_0130_150_0018,0130,150,sat_0130,1,1.0,sat_0130,0130,0.79000556,sat_0036,0.45491225,0.33509332,True
drone_0130_150_0019,0130,150,sat_0130,1,1.0,sat_0130,0130,0.8216841,sat_0140,0.404945,0.41673914,True
drone_0130_150_0020,0130,150,sat_0130,1,1.0,sat_0130,0130,0.8245361,sat_0140,0.4004246,0.4241115,True
drone_0130_150_0021,0130,150,sat_0130,1,1.0,sat_0130,0130,0.75705266,sat_0140,0.47530928,0.28174338,True
drone_0130_150_0022,0130,150,sat_0130,1,1.0,sat_0130,0130,0.7784688,sat_0057,0.38611817,0.3923506,True
drone_0130_150_0023,0130,150,sat_0130,1,1.0,sat_0130,0130,0.6026716,sat_0002,0.3752284,0.22744322,True
drone_0130_150_0024,0130,150,sat_0130,1,1.0,sat_0130,0130,0.6723355,sat_0057,0.43152064,0.24081486,True
drone_0130_150_0025,0130,150,sat_0130,2,0.5,sat_0002,0002,0.48004872,sat_0130,0.47926122,0.00078749657,False
drone_0130_150_0026,0130,150,sat_0130,1,1.0,sat_0130,0130,0.61256063,sat_0164,0.4025843,0.20997632,True
drone_0130_150_0027,0130,150,sat_0130,1,1.0,sat_0130,0130,0.70418704,sat_0140,0.43219334,0.2719937,True
drone_0130_150_0028,0130,150,sat_0130,1,1.0,sat_0130,0130,0.5854477,sat_0140,0.40682295,0.17862478,True
drone_0130_150_0029,0130,150,sat_0130,1,1.0,sat_0130,0130,0.6763471,sat_0140,0.44646665,0.22988042,True
drone_0130_150_0030,0130,150,sat_0130,1,1.0,sat_0130,0130,0.60762686,sat_0140,0.4015585,0.20606837,True
drone_0130_150_0031,0130,150,sat_0130,1,1.0,sat_0130,0130,0.6295478,sat_0057,0.4125427,0.21700507,True
drone_0130_150_0032,0130,150,sat_0130,1,1.0,sat_0130,0130,0.61774164,sat_0164,0.38912904,0.2286126,True
drone_0130_150_0033,0130,150,sat_0130,1,1.0,sat_0130,0130,0.70550483,sat_0057,0.40163642,0.3038684,True
drone_0130_150_0034,0130,150,sat_0130,1,1.0,sat_0130,0130,0.7647265,sat_0140,0.41761333,0.3471132,True
drone_0130_150_0035,0130,150,sat_0130,1,1.0,sat_0130,0130,0.8020626,sat_0036,0.5009467,0.30111587,True
drone_0130_150_0036,0130,150,sat_0130,1,1.0,sat_0130,0130,0.78068733,sat_0057,0.45946458,0.32122275,True
drone_0130_150_0037,0130,150,sat_0130,1,1.0,sat_0130,0130,0.75396186,sat_0140,0.5018784,0.25208348,True
drone_0130_150_0038,0130,150,sat_0130,1,1.0,sat_0130,0130,0.8114631,sat_0140,0.44567212,0.365791,True
drone_0130_150_0039,0130,150,sat_0130,1,1.0,sat_0130,0130,0.77847254,sat_0140,0.4232302,0.35524234,True
drone_0130_150_0040,0130,150,sat_0130,1,1.0,sat_0130,0130,0.777088,sat_0036,0.48064238,0.2964456,True
drone_0130_150_0041,0130,150,sat_0130,1,1.0,sat_0130,0130,0.7749424,sat_0036,0.5090614,0.265881,True
drone_0130_150_0042,0130,150,sat_0130,1,1.0,sat_0130,0130,0.6461673,sat_0155,0.40058237,0.2455849,True
drone_0130_150_0043,0130,150,sat_0130,1,1.0,sat_0130,0130,0.61603546,sat_0155,0.4042933,0.21174216,True
drone_0130_150_0044,0130,150,sat_0130,1,1.0,sat_0130,0130,0.74114865,sat_0155,0.39441493,0.34673372,True
drone_0130_150_0045,0130,150,sat_0130,1,1.0,sat_0130,0130,0.70586497,sat_0155,0.48035374,0.22551122,True
drone_0130_150_0046,0130,150,sat_0130,1,1.0,sat_0130,0130,0.79311454,sat_0036,0.40191543,0.3911991,True
drone_0130_150_0047,0130,150,sat_0130,1,1.0,sat_0130,0130,0.7978884,sat_0036,0.45602345,0.34186494,True
drone_0130_150_0048,0130,150,sat_0130,1,1.0,sat_0130,0130,0.8209748,sat_0036,0.45933968,0.36163515,True
drone_0130_150_0049,0130,150,sat_0130,1,1.0,sat_0130,0130,0.78658545,sat_0036,0.51710075,0.2694847,True
drone_0140_150_0000,0140,150,sat_0140,1,1.0,sat_0140,0140,0.84200895,sat_0002,0.5368601,0.30514884,True
drone_0140_150_0001,0140,150,sat_0140,1,1.0,sat_0140,0140,0.8633364,sat_0002,0.5270763,0.33626008,True
drone_0140_150_0002,0140,150,sat_0140,1,1.0,sat_0140,0140,0.8743865,sat_0002,0.4897323,0.3846542,True
drone_0140_150_0003,0140,150,sat_0140,1,1.0,sat_0140,0140,0.8640876,sat_0002,0.513771,0.35031658,True
drone_0140_150_0004,0140,150,sat_0140,1,1.0,sat_0140,0140,0.85887456,sat_0002,0.4924044,0.36647016,True
drone_0140_150_0005,0140,150,sat_0140,1,1.0,sat_0140,0140,0.8767662,sat_0002,0.44681484,0.42995137,True
drone_0140_150_0006,0140,150,sat_0140,1,1.0,sat_0140,0140,0.8794858,sat_0002,0.47608107,0.4034047,True
drone_0140_150_0007,0140,150,sat_0140,1,1.0,sat_0140,0140,0.8619346,sat_0002,0.45415348,0.40778112,True
drone_0140_150_0008,0140,150,sat_0140,1,1.0,sat_0140,0140,0.8783968,sat_0002,0.4416745,0.4367223,True
drone_0140_150_0009,0140,150,sat_0140,1,1.0,sat_0140,0140,0.91643935,sat_0002,0.42574778,0.49069157,True
drone_0140_150_0010,0140,150,sat_0140,1,1.0,sat_0140,0140,0.9057822,sat_0002,0.37249586,0.53328633,True
drone_0140_150_0011,0140,150,sat_0140,1,1.0,sat_0140,0140,0.9192534,sat_0002,0.4064861,0.5127673,True
drone_0140_150_0012,0140,150,sat_0140,1,1.0,sat_0140,0140,0.93578506,sat_0002,0.38832134,0.5474637,True
drone_0140_150_0013,0140,150,sat_0140,1,1.0,sat_0140,0140,0.91007924,sat_0164,0.35415012,0.5559291,True
drone_0140_150_0014,0140,150,sat_0140,1,1.0,sat_0140,0140,0.8852009,sat_0164,0.43028933,0.4549116,True
drone_0140_150_0015,0140,150,sat_0140,1,1.0,sat_0140,0140,0.9066104,sat_0009,0.36917904,0.53743136,True
drone_0140_150_0016,0140,150,sat_0140,1,1.0,sat_0140,0140,0.90113884,sat_0009,0.4247708,0.47636804,True
drone_0140_150_0017,0140,150,sat_0140,1,1.0,sat_0140,0140,0.90960634,sat_0002,0.39760065,0.5120057,True
drone_0140_150_0018,0140,150,sat_0140,1,1.0,sat_0140,0140,0.89546835,sat_0009,0.388216,0.50725234,True
drone_0140_150_0019,0140,150,sat_0140,1,1.0,sat_0140,0140,0.8783937,sat_0002,0.4161521,0.46224162,True
drone_0140_150_0020,0140,150,sat_0140,1,1.0,sat_0140,0140,0.86692333,sat_0009,0.38513824,0.4817851,True
drone_0140_150_0021,0140,150,sat_0140,1,1.0,sat_0140,0140,0.8779984,sat_0002,0.41872203,0.45927638,True
drone_0140_150_0022,0140,150,sat_0140,1,1.0,sat_0140,0140,0.8782408,sat_0002,0.42157486,0.45666596,True
drone_0140_150_0023,0140,150,sat_0140,1,1.0,sat_0140,0140,0.8546718,sat_0002,0.43770096,0.41697082,True
drone_0140_150_0024,0140,150,sat_0140,1,1.0,sat_0140,0140,0.85260516,sat_0002,0.42967677,0.4229284,True
drone_0140_150_0025,0140,150,sat_0140,1,1.0,sat_0140,0140,0.8454536,sat_0002,0.486397,0.35905662,True
drone_0140_150_0026,0140,150,sat_0140,1,1.0,sat_0140,0140,0.81480217,sat_0002,0.5355257,0.2792765,True
drone_0140_150_0027,0140,150,sat_0140,1,1.0,sat_0140,0140,0.8526996,sat_0002,0.51841867,0.3342809,True
drone_0140_150_0028,0140,150,sat_0140,1,1.0,sat_0140,0140,0.8418225,sat_0002,0.47672853,0.36509398,True
drone_0140_150_0029,0140,150,sat_0140,1,1.0,sat_0140,0140,0.8287853,sat_0164,0.47942626,0.34935904,True
drone_0140_150_0030,0140,150,sat_0140,1,1.0,sat_0140,0140,0.76869166,sat_0164,0.5645026,0.20418906,True
drone_0140_150_0031,0140,150,sat_0140,1,1.0,sat_0140,0140,0.7394773,sat_0164,0.6420906,0.09738666,True
drone_0140_150_0032,0140,150,sat_0140,1,1.0,sat_0140,0140,0.760346,sat_0164,0.59084374,0.16950226,True
drone_0140_150_0033,0140,150,sat_0140,1,1.0,sat_0140,0140,0.76379216,sat_0164,0.508721,0.25507116,True
drone_0140_150_0034,0140,150,sat_0140,1,1.0,sat_0140,0140,0.8116625,sat_0164,0.52727944,0.28438306,True
drone_0140_150_0035,0140,150,sat_0140,1,1.0,sat_0140,0140,0.85716844,sat_0164,0.46078646,0.39638197,True
drone_0140_150_0036,0140,150,sat_0140,1,1.0,sat_0140,0140,0.837293,sat_0164,0.44311512,0.3941779,True
drone_0140_150_0037,0140,150,sat_0140,1,1.0,sat_0140,0140,0.83675385,sat_0164,0.42125946,0.41549438,True
drone_0140_150_0038,0140,150,sat_0140,1,1.0,sat_0140,0140,0.83476293,sat_0164,0.50137234,0.3333906,True
drone_0140_150_0039,0140,150,sat_0140,1,1.0,sat_0140,0140,0.8160603,sat_0164,0.5332342,0.28282613,True
drone_0140_150_0040,0140,150,sat_0140,1,1.0,sat_0140,0140,0.7743326,sat_0164,0.58731824,0.18701434,True
drone_0140_150_0041,0140,150,sat_0140,1,1.0,sat_0140,0140,0.78741974,sat_0164,0.55153,0.23588973,True
drone_0140_150_0042,0140,150,sat_0140,1,1.0,sat_0140,0140,0.8838147,sat_0002,0.4676477,0.416167,True
drone_0140_150_0043,0140,150,sat_0140,1,1.0,sat_0140,0140,0.8182532,sat_0002,0.44954708,0.36870614,True
drone_0140_150_0044,0140,150,sat_0140,1,1.0,sat_0140,0140,0.8445303,sat_0002,0.4950501,0.34948018,True
drone_0140_150_0045,0140,150,sat_0140,1,1.0,sat_0140,0140,0.8725617,sat_0002,0.5318556,0.3407061,True
drone_0140_150_0046,0140,150,sat_0140,1,1.0,sat_0140,0140,0.85391396,sat_0002,0.5270955,0.32681847,True
drone_0140_150_0047,0140,150,sat_0140,1,1.0,sat_0140,0140,0.8463707,sat_0002,0.4557269,0.3906438,True
drone_0140_150_0048,0140,150,sat_0140,1,1.0,sat_0140,0140,0.8274581,sat_0002,0.4792965,0.34816158,True
drone_0140_150_0049,0140,150,sat_0140,1,1.0,sat_0140,0140,0.84249353,sat_0002,0.4957635,0.34673002,True
drone_0144_150_0000,0144,150,sat_0144,1,1.0,sat_0144,0144,0.94469094,sat_0041,0.518171,0.42651993,True
drone_0144_150_0001,0144,150,sat_0144,1,1.0,sat_0144,0144,0.9547343,sat_0041,0.49895102,0.4557833,True
drone_0144_150_0002,0144,150,sat_0144,1,1.0,sat_0144,0144,0.9554742,sat_0041,0.5009917,0.4544825,True
drone_0144_150_0003,0144,150,sat_0144,1,1.0,sat_0144,0144,0.95090294,sat_0041,0.5017312,0.44917172,True
drone_0144_150_0004,0144,150,sat_0144,1,1.0,sat_0144,0144,0.9369567,sat_0198,0.54700154,0.38995516,True
drone_0144_150_0005,0144,150,sat_0144,1,1.0,sat_0144,0144,0.9521852,sat_0198,0.51034844,0.44183677,True
drone_0144_150_0006,0144,150,sat_0144,1,1.0,sat_0144,0144,0.93786526,sat_0198,0.5671243,0.37074095,True
drone_0144_150_0007,0144,150,sat_0144,1,1.0,sat_0144,0144,0.94289774,sat_0198,0.55471134,0.3881864,True
drone_0144_150_0008,0144,150,sat_0144,1,1.0,sat_0144,0144,0.96056247,sat_0198,0.51520824,0.44535422,True
drone_0144_150_0009,0144,150,sat_0144,1,1.0,sat_0144,0144,0.94412076,sat_0041,0.5526616,0.39145917,True
drone_0144_150_0010,0144,150,sat_0144,1,1.0,sat_0144,0144,0.94712424,sat_0041,0.5418734,0.40525085,True
drone_0144_150_0011,0144,150,sat_0144,1,1.0,sat_0144,0144,0.93810076,sat_0198,0.5499676,0.38813317,True
drone_0144_150_0012,0144,150,sat_0144,1,1.0,sat_0144,0144,0.93545526,sat_0041,0.5543758,0.38107944,True
drone_0144_150_0013,0144,150,sat_0144,1,1.0,sat_0144,0144,0.92713284,sat_0198,0.58005184,0.347081,True
drone_0144_150_0014,0144,150,sat_0144,1,1.0,sat_0144,0144,0.95014095,sat_0041,0.51418555,0.4359554,True
drone_0144_150_0015,0144,150,sat_0144,1,1.0,sat_0144,0144,0.9275716,sat_0198,0.53723407,0.39033753,True
drone_0144_150_0016,0144,150,sat_0144,1,1.0,sat_0144,0144,0.94191575,sat_0155,0.5631846,0.37873113,True
drone_0144_150_0017,0144,150,sat_0144,1,1.0,sat_0144,0144,0.9423742,sat_0155,0.578308,0.36406624,True
drone_0144_150_0018,0144,150,sat_0144,1,1.0,sat_0144,0144,0.94695455,sat_0155,0.5864959,0.36045867,True
drone_0144_150_0019,0144,150,sat_0144,1,1.0,sat_0144,0144,0.95702904,sat_0155,0.54632056,0.4107085,True
drone_0144_150_0020,0144,150,sat_0144,1,1.0,sat_0144,0144,0.94789565,sat_0155,0.52001363,0.42788202,True
drone_0144_150_0021,0144,150,sat_0144,1,1.0,sat_0144,0144,0.95501244,sat_0155,0.5327188,0.42229366,True
drone_0144_150_0022,0144,150,sat_0144,1,1.0,sat_0144,0144,0.9407979,sat_0198,0.54772025,0.39307767,True
drone_0144_150_0023,0144,150,sat_0144,1,1.0,sat_0144,0144,0.93403965,sat_0198,0.5320809,0.40195876,True
drone_0144_150_0024,0144,150,sat_0144,1,1.0,sat_0144,0144,0.82402086,sat_0198,0.6243821,0.19963878,True
drone_0144_150_0025,0144,150,sat_0144,1,1.0,sat_0144,0144,0.87005734,sat_0198,0.58723855,0.2828188,True
drone_0144_150_0026,0144,150,sat_0144,1,1.0,sat_0144,0144,0.9057919,sat_0155,0.504475,0.40131688,True
drone_0144_150_0027,0144,150,sat_0144,1,1.0,sat_0144,0144,0.92889285,sat_0198,0.51936454,0.40952832,True
drone_0144_150_0028,0144,150,sat_0144,1,1.0,sat_0144,0144,0.95650005,sat_0155,0.51964974,0.4368503,True
drone_0144_150_0029,0144,150,sat_0144,1,1.0,sat_0144,0144,0.94205755,sat_0155,0.52209866,0.4199589,True
drone_0144_150_0030,0144,150,sat_0144,1,1.0,sat_0144,0144,0.9445822,sat_0155,0.53432107,0.41026115,True
drone_0144_150_0031,0144,150,sat_0144,1,1.0,sat_0144,0144,0.9447501,sat_0155,0.5572561,0.38749397,True
drone_0144_150_0032,0144,150,sat_0144,1,1.0,sat_0144,0144,0.9075617,sat_0155,0.5712616,0.33630013,True
drone_0144_150_0033,0144,150,sat_0144,1,1.0,sat_0144,0144,0.9107102,sat_0155,0.5282986,0.3824116,True
drone_0144_150_0034,0144,150,sat_0144,1,1.0,sat_0144,0144,0.7871046,sat_0198,0.59787196,0.18923265,True
drone_0144_150_0035,0144,150,sat_0144,1,1.0,sat_0144,0144,0.8814,sat_0198,0.6062029,0.2751971,True
drone_0144_150_0036,0144,150,sat_0144,1,1.0,sat_0144,0144,0.9518396,sat_0155,0.49440542,0.4574342,True
drone_0144_150_0037,0144,150,sat_0144,1,1.0,sat_0144,0144,0.95057267,sat_0155,0.45347387,0.4970988,True
drone_0144_150_0038,0144,150,sat_0144,1,1.0,sat_0144,0144,0.95698,sat_0041,0.4746909,0.48228908,True
drone_0144_150_0039,0144,150,sat_0144,1,1.0,sat_0144,0144,0.96338284,sat_0155,0.51767623,0.4457066,True
drone_0144_150_0040,0144,150,sat_0144,1,1.0,sat_0144,0144,0.9546527,sat_0198,0.5174055,0.43724722,True
drone_0144_150_0041,0144,150,sat_0144,1,1.0,sat_0144,0144,0.95979357,sat_0041,0.48366317,0.4761304,True
drone_0144_150_0042,0144,150,sat_0144,1,1.0,sat_0144,0144,0.9540206,sat_0155,0.5298246,0.424196,True
drone_0144_150_0043,0144,150,sat_0144,1,1.0,sat_0144,0144,0.9604995,sat_0155,0.5316101,0.42888945,True
drone_0144_150_0044,0144,150,sat_0144,1,1.0,sat_0144,0144,0.94654375,sat_0041,0.5349506,0.41159314,True
drone_0144_150_0045,0144,150,sat_0144,1,1.0,sat_0144,0144,0.95082456,sat_0041,0.5248691,0.42595547,True
drone_0144_150_0046,0144,150,sat_0144,1,1.0,sat_0144,0144,0.94239223,sat_0041,0.5086781,0.43371415,True
drone_0144_150_0047,0144,150,sat_0144,1,1.0,sat_0144,0144,0.92602843,sat_0198,0.5304106,0.39561784,True
drone_0144_150_0048,0144,150,sat_0144,1,1.0,sat_0144,0144,0.9108272,sat_0198,0.5841061,0.32672113,True
drone_0144_150_0049,0144,150,sat_0144,1,1.0,sat_0144,0144,0.91515005,sat_0198,0.56809103,0.347059,True
drone_0151_150_0000,0151,150,sat_0151,1,1.0,sat_0151,0151,0.88091844,sat_0186,0.56955725,0.3113612,True
drone_0151_150_0001,0151,150,sat_0151,1,1.0,sat_0151,0151,0.8985095,sat_0186,0.5785975,0.31991202,True
drone_0151_150_0002,0151,150,sat_0151,1,1.0,sat_0151,0151,0.8812811,sat_0186,0.58610916,0.29517192,True
drone_0151_150_0003,0151,150,sat_0151,1,1.0,sat_0151,0151,0.8755814,sat_0186,0.5543195,0.32126188,True
drone_0151_150_0004,0151,150,sat_0151,1,1.0,sat_0151,0151,0.84803164,sat_0186,0.56742674,0.2806049,True
drone_0151_150_0005,0151,150,sat_0151,1,1.0,sat_0151,0151,0.84925824,sat_0186,0.46269566,0.3865626,True
drone_0151_150_0006,0151,150,sat_0151,1,1.0,sat_0151,0151,0.8530351,sat_0186,0.47875652,0.37427858,True
drone_0151_150_0007,0151,150,sat_0151,1,1.0,sat_0151,0151,0.8638091,sat_0169,0.463586,0.4002231,True
drone_0151_150_0008,0151,150,sat_0151,1,1.0,sat_0151,0151,0.8587384,sat_0186,0.4688327,0.38990572,True
drone_0151_150_0009,0151,150,sat_0151,1,1.0,sat_0151,0151,0.85634184,sat_0169,0.43531308,0.42102876,True
drone_0151_150_0010,0151,150,sat_0151,1,1.0,sat_0151,0151,0.8284648,sat_0169,0.41319734,0.41526747,True
drone_0151_150_0011,0151,150,sat_0151,1,1.0,sat_0151,0151,0.8444562,sat_0169,0.42127845,0.42317775,True
drone_0151_150_0012,0151,150,sat_0151,1,1.0,sat_0151,0151,0.80160147,sat_0198,0.3966865,0.40491498,True
drone_0151_150_0013,0151,150,sat_0151,1,1.0,sat_0151,0151,0.80988747,sat_0198,0.41879934,0.39108813,True
drone_0151_150_0014,0151,150,sat_0151,1,1.0,sat_0151,0151,0.7769699,sat_0198,0.40018427,0.37678564,True
drone_0151_150_0015,0151,150,sat_0151,1,1.0,sat_0151,0151,0.765881,sat_0198,0.40807217,0.35780883,True
drone_0151_150_0016,0151,150,sat_0151,1,1.0,sat_0151,0151,0.7596678,sat_0198,0.46999168,0.28967613,True
drone_0151_150_0017,0151,150,sat_0151,1,1.0,sat_0151,0151,0.77328014,sat_0198,0.49042687,0.28285328,True
drone_0151_150_0018,0151,150,sat_0151,1,1.0,sat_0151,0151,0.8130388,sat_0198,0.3794225,0.43361634,True
drone_0151_150_0019,0151,150,sat_0151,1,1.0,sat_0151,0151,0.81155616,sat_0169,0.4084725,0.40308365,True
drone_0151_150_0020,0151,150,sat_0151,1,1.0,sat_0151,0151,0.7017223,sat_0190,0.5396299,0.16209245,True
drone_0151_150_0021,0151,150,sat_0151,1,1.0,sat_0151,0151,0.7562337,sat_0198,0.4863757,0.269858,True
drone_0151_150_0022,0151,150,sat_0151,1,1.0,sat_0151,0151,0.7709205,sat_0198,0.45443383,0.3164867,True
drone_0151_150_0023,0151,150,sat_0151,1,1.0,sat_0151,0151,0.73186827,sat_0190,0.45757827,0.27429,True
drone_0151_150_0024,0151,150,sat_0151,1,1.0,sat_0151,0151,0.7905855,sat_0198,0.39349467,0.39709085,True
drone_0151_150_0025,0151,150,sat_0151,1,1.0,sat_0151,0151,0.7835478,sat_0198,0.41426414,0.36928368,True
drone_0151_150_0026,0151,150,sat_0151,1,1.0,sat_0151,0151,0.845059,sat_0198,0.39147383,0.45358515,True
drone_0151_150_0027,0151,150,sat_0151,1,1.0,sat_0151,0151,0.8215363,sat_0169,0.41514683,0.40638947,True
drone_0151_150_0028,0151,150,sat_0151,1,1.0,sat_0151,0151,0.86357003,sat_0186,0.5015745,0.36199552,True
drone_0151_150_0029,0151,150,sat_0151,1,1.0,sat_0151,0151,0.8640599,sat_0186,0.48038906,0.38367087,True
drone_0151_150_0030,0151,150,sat_0151,1,1.0,sat_0151,0151,0.84136933,sat_0186,0.5300705,0.31129885,True
drone_0151_150_0031,0151,150,sat_0151,1,1.0,sat_0151,0151,0.8579017,sat_0186,0.5178379,0.3400638,True
drone_0151_150_0032,0151,150,sat_0151,1,1.0,sat_0151,0151,0.7506323,sat_0186,0.47377476,0.27685753,True
drone_0151_150_0033,0151,150,sat_0151,1,1.0,sat_0151,0151,0.703849,sat_0186,0.45137966,0.25246936,True
drone_0151_150_0034,0151,150,sat_0151,1,1.0,sat_0151,0151,0.80560744,sat_0186,0.48821378,0.31739366,True
drone_0151_150_0035,0151,150,sat_0151,1,1.0,sat_0151,0151,0.780591,sat_0186,0.5402994,0.2402916,True
drone_0151_150_0036,0151,150,sat_0151,1,1.0,sat_0151,0151,0.7662135,sat_0186,0.536494,0.22971946,True
drone_0151_150_0037,0151,150,sat_0151,1,1.0,sat_0151,0151,0.7361813,sat_0186,0.5368478,0.19933355,True
drone_0151_150_0038,0151,150,sat_0151,1,1.0,sat_0151,0151,0.7459549,sat_0186,0.47051057,0.2754443,True
drone_0151_150_0039,0151,150,sat_0151,1,1.0,sat_0151,0151,0.69547665,sat_0186,0.5424155,0.15306115,True
drone_0151_150_0040,0151,150,sat_0151,1,1.0,sat_0151,0151,0.7150918,sat_0186,0.4954657,0.21962613,True
drone_0151_150_0041,0151,150,sat_0151,1,1.0,sat_0151,0151,0.67854315,sat_0186,0.5704204,0.108122766,True
drone_0151_150_0042,0151,150,sat_0151,1,1.0,sat_0151,0151,0.7421,sat_0186,0.5607325,0.18136752,True
drone_0151_150_0043,0151,150,sat_0151,1,1.0,sat_0151,0151,0.7930418,sat_0186,0.5877018,0.20534003,True
drone_0151_150_0044,0151,150,sat_0151,1,1.0,sat_0151,0151,0.83078563,sat_0186,0.64095336,0.18983227,True
drone_0151_150_0045,0151,150,sat_0151,1,1.0,sat_0151,0151,0.8601331,sat_0186,0.6229554,0.23717773,True
drone_0151_150_0046,0151,150,sat_0151,1,1.0,sat_0151,0151,0.84753513,sat_0186,0.6279719,0.21956325,True
drone_0151_150_0047,0151,150,sat_0151,1,1.0,sat_0151,0151,0.84370774,sat_0186,0.5522933,0.29141444,True
drone_0151_150_0048,0151,150,sat_0151,1,1.0,sat_0151,0151,0.86829907,sat_0186,0.5585134,0.30978566,True
drone_0151_150_0049,0151,150,sat_0151,1,1.0,sat_0151,0151,0.88830495,sat_0186,0.5594217,0.32888323,True
drone_0152_150_0000,0152,150,sat_0152,1,1.0,sat_0152,0152,0.9138235,sat_0189,0.575159,0.33866447,True
drone_0152_150_0001,0152,150,sat_0152,1,1.0,sat_0152,0152,0.9073949,sat_0189,0.5681265,0.3392684,True
drone_0152_150_0002,0152,150,sat_0152,1,1.0,sat_0152,0152,0.89999473,sat_0088,0.56170225,0.33829248,True
drone_0152_150_0003,0152,150,sat_0152,1,1.0,sat_0152,0152,0.88602716,sat_0088,0.5447192,0.34130794,True
drone_0152_150_0004,0152,150,sat_0152,1,1.0,sat_0152,0152,0.8985945,sat_0189,0.5628948,0.33569968,True
drone_0152_150_0005,0152,150,sat_0152,1,1.0,sat_0152,0152,0.8906932,sat_0189,0.54829675,0.34239644,True
drone_0152_150_0006,0152,150,sat_0152,1,1.0,sat_0152,0152,0.8736279,sat_0088,0.5343234,0.3393045,True
drone_0152_150_0007,0152,150,sat_0152,1,1.0,sat_0152,0152,0.8599508,sat_0088,0.5269624,0.33298838,True
drone_0152_150_0008,0152,150,sat_0152,1,1.0,sat_0152,0152,0.8761864,sat_0189,0.54608864,0.33009773,True
drone_0152_150_0009,0152,150,sat_0152,1,1.0,sat_0152,0152,0.8932177,sat_0088,0.5767433,0.31647438,True
drone_0152_150_0010,0152,150,sat_0152,1,1.0,sat_0152,0152,0.8537817,sat_0088,0.5523205,0.30146122,True
drone_0152_150_0011,0152,150,sat_0152,1,1.0,sat_0152,0152,0.87245834,sat_0189,0.5603776,0.31208074,True
drone_0152_150_0012,0152,150,sat_0152,1,1.0,sat_0152,0152,0.87892276,sat_0088,0.56402785,0.3148949,True
drone_0152_150_0013,0152,150,sat_0152,1,1.0,sat_0152,0152,0.89822656,sat_0189,0.5929974,0.3052292,True
drone_0152_150_0014,0152,150,sat_0152,1,1.0,sat_0152,0152,0.920182,sat_0189,0.6250558,0.2951262,True
drone_0152_150_0015,0152,150,sat_0152,1,1.0,sat_0152,0152,0.9072318,sat_0189,0.58292586,0.32430595,True
drone_0152_150_0016,0152,150,sat_0152,1,1.0,sat_0152,0152,0.90606284,sat_0189,0.5945373,0.31152552,True
drone_0152_150_0017,0152,150,sat_0152,1,1.0,sat_0152,0152,0.88114536,sat_0189,0.57440525,0.3067401,True
drone_0152_150_0018,0152,150,sat_0152,1,1.0,sat_0152,0152,0.84925795,sat_0189,0.54289925,0.3063587,True
drone_0152_150_0019,0152,150,sat_0152,1,1.0,sat_0152,0152,0.8493817,sat_0189,0.55018395,0.29919773,True
drone_0152_150_0020,0152,150,sat_0152,1,1.0,sat_0152,0152,0.87844193,sat_0189,0.5654217,0.31302023,True
drone_0152_150_0021,0152,150,sat_0152,1,1.0,sat_0152,0152,0.9093564,sat_0189,0.58607215,0.32328427,True
drone_0152_150_0022,0152,150,sat_0152,1,1.0,sat_0152,0152,0.91377825,sat_0189,0.61033124,0.303447,True
drone_0152_150_0023,0152,150,sat_0152,1,1.0,sat_0152,0152,0.9201201,sat_0189,0.6380944,0.2820257,True
drone_0152_150_0024,0152,150,sat_0152,1,1.0,sat_0152,0152,0.9189361,sat_0189,0.6494956,0.26944047,True
drone_0152_150_0025,0152,150,sat_0152,1,1.0,sat_0152,0152,0.89593923,sat_0189,0.608524,0.2874152,True
drone_0152_150_0026,0152,150,sat_0152,1,1.0,sat_0152,0152,0.8969558,sat_0189,0.64123166,0.25572413,True
drone_0152_150_0027,0152,150,sat_0152,1,1.0,sat_0152,0152,0.89856935,sat_0189,0.64412534,0.254444,True
drone_0152_150_0028,0152,150,sat_0152,1,1.0,sat_0152,0152,0.8967123,sat_0189,0.63842344,0.25828886,True
drone_0152_150_0029,0152,150,sat_0152,1,1.0,sat_0152,0152,0.88318276,sat_0189,0.619189,0.26399374,True
drone_0152_150_0030,0152,150,sat_0152,1,1.0,sat_0152,0152,0.8727176,sat_0189,0.5919087,0.28080893,True
drone_0152_150_0031,0152,150,sat_0152,1,1.0,sat_0152,0152,0.8557608,sat_0189,0.6119416,0.24381924,True
drone_0152_150_0032,0152,150,sat_0152,1,1.0,sat_0152,0152,0.877071,sat_0189,0.63342613,0.2436449,True
drone_0152_150_0033,0152,150,sat_0152,1,1.0,sat_0152,0152,0.8893344,sat_0189,0.6407696,0.24856478,True
drone_0152_150_0034,0152,150,sat_0152,1,1.0,sat_0152,0152,0.8489915,sat_0189,0.6186333,0.23035824,True
drone_0152_150_0035,0152,150,sat_0152,1,1.0,sat_0152,0152,0.85116863,sat_0189,0.6307708,0.22039783,True
drone_0152_150_0036,0152,150,sat_0152,1,1.0,sat_0152,0152,0.88355535,sat_0189,0.67390156,0.2096538,True
drone_0152_150_0037,0152,150,sat_0152,1,1.0,sat_0152,0152,0.8925446,sat_0189,0.6683084,0.22423625,True
drone_0152_150_0038,0152,150,sat_0152,1,1.0,sat_0152,0152,0.8543669,sat_0189,0.63575876,0.21860814,True
drone_0152_150_0039,0152,150,sat_0152,1,1.0,sat_0152,0152,0.8482951,sat_0189,0.6210677,0.22722739,True
drone_0152_150_0040,0152,150,sat_0152,1,1.0,sat_0152,0152,0.8529001,sat_0189,0.6114788,0.24142128,True
drone_0152_150_0041,0152,150,sat_0152,1,1.0,sat_0152,0152,0.851234,sat_0189,0.62238157,0.22885245,True
drone_0152_150_0042,0152,150,sat_0152,1,1.0,sat_0152,0152,0.87130135,sat_0189,0.62875766,0.2425437,True
drone_0152_150_0043,0152,150,sat_0152,1,1.0,sat_0152,0152,0.8997896,sat_0189,0.65997034,0.23981923,True
drone_0152_150_0044,0152,150,sat_0152,1,1.0,sat_0152,0152,0.8863102,sat_0189,0.62515944,0.26115078,True
drone_0152_150_0045,0152,150,sat_0152,1,1.0,sat_0152,0152,0.89577675,sat_0189,0.62498724,0.2707895,True
drone_0152_150_0046,0152,150,sat_0152,1,1.0,sat_0152,0152,0.91184366,sat_0189,0.6226769,0.28916675,True
drone_0152_150_0047,0152,150,sat_0152,1,1.0,sat_0152,0152,0.89166427,sat_0189,0.6058655,0.2857988,True
drone_0152_150_0048,0152,150,sat_0152,1,1.0,sat_0152,0152,0.9088427,sat_0189,0.61517465,0.29366803,True
drone_0152_150_0049,0152,150,sat_0152,1,1.0,sat_0152,0152,0.896373,sat_0189,0.58043027,0.3159427,True
drone_0155_150_0000,0155,150,sat_0155,1,1.0,sat_0155,0155,0.88129205,sat_0144,0.68091905,0.200373,True
drone_0155_150_0001,0155,150,sat_0155,1,1.0,sat_0155,0155,0.88442165,sat_0144,0.66188216,0.22253948,True
drone_0155_150_0002,0155,150,sat_0155,1,1.0,sat_0155,0155,0.8790462,sat_0144,0.63690245,0.24214375,True
drone_0155_150_0003,0155,150,sat_0155,1,1.0,sat_0155,0155,0.86291444,sat_0144,0.6296688,0.23324567,True
drone_0155_150_0004,0155,150,sat_0155,1,1.0,sat_0155,0155,0.8651835,sat_0144,0.59787107,0.2673124,True
drone_0155_150_0005,0155,150,sat_0155,1,1.0,sat_0155,0155,0.8654796,sat_0144,0.592785,0.2726946,True
drone_0155_150_0006,0155,150,sat_0155,1,1.0,sat_0155,0155,0.8418282,sat_0144,0.64644605,0.19538218,True
drone_0155_150_0007,0155,150,sat_0155,1,1.0,sat_0155,0155,0.8520699,sat_0144,0.6211904,0.23087949,True
drone_0155_150_0008,0155,150,sat_0155,1,1.0,sat_0155,0155,0.85544133,sat_0144,0.6400893,0.21535206,True
drone_0155_150_0009,0155,150,sat_0155,1,1.0,sat_0155,0155,0.8743123,sat_0144,0.6503807,0.22393161,True
drone_0155_150_0010,0155,150,sat_0155,1,1.0,sat_0155,0155,0.85707283,sat_0144,0.67126733,0.1858055,True
drone_0155_150_0011,0155,150,sat_0155,1,1.0,sat_0155,0155,0.8587747,sat_0144,0.65202326,0.20675147,True
drone_0155_150_0012,0155,150,sat_0155,1,1.0,sat_0155,0155,0.8254905,sat_0144,0.6715157,0.15397477,True
drone_0155_150_0013,0155,150,sat_0155,1,1.0,sat_0155,0155,0.7787534,sat_0144,0.7252451,0.05350828,True
drone_0155_150_0014,0155,150,sat_0155,1,1.0,sat_0155,0155,0.7831632,sat_0144,0.73593986,0.04722333,True
drone_0155_150_0015,0155,150,sat_0155,1,1.0,sat_0155,0155,0.7264618,sat_0144,0.7158845,0.010577321,True
drone_0155_150_0016,0155,150,sat_0155,1,1.0,sat_0155,0155,0.73116684,sat_0144,0.6829264,0.048240423,True
drone_0155_150_0017,0155,150,sat_0155,1,1.0,sat_0155,0155,0.7607662,sat_0144,0.7212528,0.03951341,True
drone_0155_150_0018,0155,150,sat_0155,2,0.5,sat_0144,0144,0.77295995,sat_0155,0.7697274,0.0032325387,False
drone_0155_150_0019,0155,150,sat_0155,2,0.5,sat_0144,0144,0.81801933,sat_0155,0.7686191,0.04940021,False
drone_0155_150_0020,0155,150,sat_0155,2,0.5,sat_0144,0144,0.80234617,sat_0155,0.7074694,0.094876766,False
drone_0155_150_0021,0155,150,sat_0155,2,0.5,sat_0144,0144,0.79125774,sat_0155,0.7597523,0.031505466,False
drone_0155_150_0022,0155,150,sat_0155,1,1.0,sat_0155,0155,0.7997223,sat_0144,0.7775301,0.02219224,True
drone_0155_150_0023,0155,150,sat_0155,2,0.5,sat_0144,0144,0.8094116,sat_0155,0.70006907,0.109342515,False
drone_0155_150_0024,0155,150,sat_0155,2,0.5,sat_0144,0144,0.8116237,sat_0155,0.6870901,0.12453359,False
drone_0155_150_0025,0155,150,sat_0155,2,0.5,sat_0144,0144,0.8116083,sat_0155,0.73871,0.07289833,False
drone_0155_150_0026,0155,150,sat_0155,2,0.5,sat_0144,0144,0.8115213,sat_0155,0.7540502,0.057471097,False
drone_0155_150_0027,0155,150,sat_0155,2,0.5,sat_0144,0144,0.8699063,sat_0155,0.74458426,0.12532204,False
drone_0155_150_0028,0155,150,sat_0155,1,1.0,sat_0155,0155,0.82340074,sat_0144,0.8075593,0.015841424,True
drone_0155_150_0029,0155,150,sat_0155,2,0.5,sat_0144,0144,0.7890346,sat_0155,0.7562066,0.032828033,False
drone_0155_150_0030,0155,150,sat_0155,1,1.0,sat_0155,0155,0.8093532,sat_0144,0.6713151,0.1380381,True
drone_0155_150_0031,0155,150,sat_0155,1,1.0,sat_0155,0155,0.7651953,sat_0144,0.5981414,0.16705394,True
drone_0155_150_0032,0155,150,sat_0155,1,1.0,sat_0155,0155,0.7803706,sat_0144,0.5997946,0.18057597,True
drone_0155_150_0033,0155,150,sat_0155,1,1.0,sat_0155,0155,0.7701154,sat_0144,0.64272684,0.12738854,True
drone_0155_150_0034,0155,150,sat_0155,1,1.0,sat_0155,0155,0.78617084,sat_0144,0.69384795,0.092322886,True
drone_0155_150_0035,0155,150,sat_0155,1,1.0,sat_0155,0155,0.8266638,sat_0144,0.75208783,0.07457596,True
drone_0155_150_0036,0155,150,sat_0155,1,1.0,sat_0155,0155,0.85016185,sat_0144,0.69648594,0.15367591,True
drone_0155_150_0037,0155,150,sat_0155,1,1.0,sat_0155,0155,0.8472236,sat_0144,0.71301705,0.13420653,True
drone_0155_150_0038,0155,150,sat_0155,1,1.0,sat_0155,0155,0.86325216,sat_0144,0.7266911,0.13656104,True
drone_0155_150_0039,0155,150,sat_0155,1,1.0,sat_0155,0155,0.89069784,sat_0144,0.66735876,0.22333908,True
drone_0155_150_0040,0155,150,sat_0155,1,1.0,sat_0155,0155,0.8523503,sat_0144,0.78902245,0.06332785,True
drone_0155_150_0041,0155,150,sat_0155,1,1.0,sat_0155,0155,0.87115514,sat_0144,0.7341307,0.13702446,True
drone_0155_150_0042,0155,150,sat_0155,1,1.0,sat_0155,0155,0.87813216,sat_0144,0.7182416,0.15989059,True
drone_0155_150_0043,0155,150,sat_0155,1,1.0,sat_0155,0155,0.86225975,sat_0144,0.6895845,0.17267525,True
drone_0155_150_0044,0155,150,sat_0155,1,1.0,sat_0155,0155,0.8642427,sat_0144,0.6159885,0.24825418,True
drone_0155_150_0045,0155,150,sat_0155,1,1.0,sat_0155,0155,0.84575856,sat_0144,0.523105,0.32265353,True
drone_0155_150_0046,0155,150,sat_0155,1,1.0,sat_0155,0155,0.86630404,sat_0144,0.6327946,0.23350942,True
drone_0155_150_0047,0155,150,sat_0155,1,1.0,sat_0155,0155,0.8775548,sat_0144,0.6146506,0.26290417,True
drone_0155_150_0048,0155,150,sat_0155,1,1.0,sat_0155,0155,0.8861659,sat_0144,0.5621023,0.3240636,True
drone_0155_150_0049,0155,150,sat_0155,1,1.0,sat_0155,0155,0.8939367,sat_0144,0.5701655,0.32377118,True
drone_0164_150_0000,0164,150,sat_0164,1,1.0,sat_0164,0164,0.7983672,sat_0198,0.18117182,0.61719537,True
drone_0164_150_0001,0164,150,sat_0164,1,1.0,sat_0164,0164,0.83185095,sat_0027,0.22193953,0.60991144,True
drone_0164_150_0002,0164,150,sat_0164,1,1.0,sat_0164,0164,0.8278865,sat_0027,0.21081245,0.6170741,True
drone_0164_150_0003,0164,150,sat_0164,1,1.0,sat_0164,0164,0.81616664,sat_0008,0.19088197,0.6252847,True
drone_0164_150_0004,0164,150,sat_0164,1,1.0,sat_0164,0164,0.84273255,sat_0027,0.2337673,0.6089653,True
drone_0164_150_0005,0164,150,sat_0164,1,1.0,sat_0164,0164,0.8604313,sat_0027,0.26382062,0.59661067,True
drone_0164_150_0006,0164,150,sat_0164,1,1.0,sat_0164,0164,0.84667146,sat_0008,0.26321888,0.5834526,True
drone_0164_150_0007,0164,150,sat_0164,1,1.0,sat_0164,0164,0.8282233,sat_0008,0.28516763,0.54305565,True
drone_0164_150_0008,0164,150,sat_0164,1,1.0,sat_0164,0164,0.83300954,sat_0027,0.26525044,0.5677591,True
drone_0164_150_0009,0164,150,sat_0164,1,1.0,sat_0164,0164,0.8414884,sat_0027,0.3014055,0.54008293,True
drone_0164_150_0010,0164,150,sat_0164,1,1.0,sat_0164,0164,0.8823721,sat_0027,0.41414997,0.4682221,True
drone_0164_150_0011,0164,150,sat_0164,1,1.0,sat_0164,0164,0.8764607,sat_0027,0.37854692,0.49791375,True
drone_0164_150_0012,0164,150,sat_0164,1,1.0,sat_0164,0164,0.8753469,sat_0027,0.33384633,0.54150057,True
drone_0164_150_0013,0164,150,sat_0164,1,1.0,sat_0164,0164,0.87769234,sat_0027,0.3161701,0.56152225,True
drone_0164_150_0014,0164,150,sat_0164,1,1.0,sat_0164,0164,0.8781001,sat_0027,0.2925862,0.5855139,True
drone_0164_150_0015,0164,150,sat_0164,1,1.0,sat_0164,0164,0.90007657,sat_0027,0.33276653,0.56731004,True
drone_0164_150_0016,0164,150,sat_0164,1,1.0,sat_0164,0164,0.90564644,sat_0027,0.28321135,0.6224351,True
drone_0164_150_0017,0164,150,sat_0164,1,1.0,sat_0164,0164,0.9357355,sat_0027,0.32114586,0.6145897,True
drone_0164_150_0018,0164,150,sat_0164,1,1.0,sat_0164,0164,0.935267,sat_0027,0.3739723,0.5612947,True
drone_0164_150_0019,0164,150,sat_0164,1,1.0,sat_0164,0164,0.9451705,sat_0027,0.30072913,0.64444137,True
drone_0164_150_0020,0164,150,sat_0164,1,1.0,sat_0164,0164,0.90227115,sat_0008,0.25897527,0.6432959,True
drone_0164_150_0021,0164,150,sat_0164,1,1.0,sat_0164,0164,0.940598,sat_0027,0.32546064,0.61513734,True
drone_0164_150_0022,0164,150,sat_0164,1,1.0,sat_0164,0164,0.9391993,sat_0027,0.36857465,0.5706247,True
drone_0164_150_0023,0164,150,sat_0164,1,1.0,sat_0164,0164,0.9241298,sat_0027,0.4250553,0.4990745,True
drone_0164_150_0024,0164,150,sat_0164,1,1.0,sat_0164,0164,0.90339714,sat_0027,0.42441264,0.4789845,True
drone_0164_150_0025,0164,150,sat_0164,1,1.0,sat_0164,0164,0.82250226,sat_0027,0.4836056,0.33889666,True
drone_0164_150_0026,0164,150,sat_0164,1,1.0,sat_0164,0164,0.80433357,sat_0027,0.3917383,0.41259527,True
drone_0164_150_0027,0164,150,sat_0164,1,1.0,sat_0164,0164,0.8095732,sat_0027,0.29588422,0.5136889,True
drone_0164_150_0028,0164,150,sat_0164,1,1.0,sat_0164,0164,0.82274926,sat_0186,0.27790216,0.54484713,True
drone_0164_150_0029,0164,150,sat_0164,1,1.0,sat_0164,0164,0.81552243,sat_0186,0.258641,0.5568814,True
drone_0164_150_0030,0164,150,sat_0164,1,1.0,sat_0164,0164,0.8094132,sat_0186,0.25752294,0.55189025,True
drone_0164_150_0031,0164,150,sat_0164,1,1.0,sat_0164,0164,0.8481304,sat_0027,0.2673126,0.5808178,True
drone_0164_150_0032,0164,150,sat_0164,1,1.0,sat_0164,0164,0.87490237,sat_0174,0.26731077,0.6075916,True
drone_0164_150_0033,0164,150,sat_0164,1,1.0,sat_0164,0164,0.84904414,sat_0174,0.26204214,0.58700204,True
drone_0164_150_0034,0164,150,sat_0164,1,1.0,sat_0164,0164,0.84551,sat_0174,0.28969866,0.55581135,True
drone_0164_150_0035,0164,150,sat_0164,1,1.0,sat_0164,0164,0.8620962,sat_0174,0.28666666,0.57542956,True
drone_0164_150_0036,0164,150,sat_0164,1,1.0,sat_0164,0164,0.87851775,sat_0174,0.30538934,0.5731284,True
drone_0164_150_0037,0164,150,sat_0164,1,1.0,sat_0164,0164,0.8473767,sat_0174,0.24021593,0.6071608,True
drone_0164_150_0038,0164,150,sat_0164,1,1.0,sat_0164,0164,0.8671652,sat_0027,0.33333498,0.5338302,True
drone_0164_150_0039,0164,150,sat_0164,1,1.0,sat_0164,0164,0.86245704,sat_0027,0.26406428,0.5983927,True
drone_0164_150_0040,0164,150,sat_0164,1,1.0,sat_0164,0164,0.87801814,sat_0027,0.2941965,0.58382165,True
drone_0164_150_0041,0164,150,sat_0164,1,1.0,sat_0164,0164,0.8869398,sat_0027,0.3047805,0.5821593,True
drone_0164_150_0042,0164,150,sat_0164,1,1.0,sat_0164,0164,0.8822143,sat_0027,0.2793157,0.6028986,True
drone_0164_150_0043,0164,150,sat_0164,1,1.0,sat_0164,0164,0.8771908,sat_0027,0.28229153,0.5948993,True
drone_0164_150_0044,0164,150,sat_0164,1,1.0,sat_0164,0164,0.89022493,sat_0027,0.3590298,0.53119516,True
drone_0164_150_0045,0164,150,sat_0164,1,1.0,sat_0164,0164,0.88503504,sat_0027,0.35312888,0.5319061,True
drone_0164_150_0046,0164,150,sat_0164,1,1.0,sat_0164,0164,0.8961588,sat_0027,0.34579623,0.5503626,True
drone_0164_150_0047,0164,150,sat_0164,1,1.0,sat_0164,0164,0.88036513,sat_0027,0.31893373,0.5614314,True
drone_0164_150_0048,0164,150,sat_0164,1,1.0,sat_0164,0164,0.8946293,sat_0027,0.27965054,0.6149788,True
drone_0164_150_0049,0164,150,sat_0164,1,1.0,sat_0164,0164,0.8564242,sat_0027,0.29412815,0.56229603,True
drone_0167_150_0000,0167,150,sat_0167,1,1.0,sat_0167,0167,0.8868803,sat_0182,0.69338655,0.19349372,True
drone_0167_150_0001,0167,150,sat_0167,1,1.0,sat_0167,0167,0.8782313,sat_0182,0.71132195,0.16690934,True
drone_0167_150_0002,0167,150,sat_0167,1,1.0,sat_0167,0167,0.87768155,sat_0182,0.7092222,0.16845936,True
drone_0167_150_0003,0167,150,sat_0167,1,1.0,sat_0167,0167,0.8663451,sat_0182,0.72525454,0.14109057,True
drone_0167_150_0004,0167,150,sat_0167,1,1.0,sat_0167,0167,0.85130244,sat_0182,0.7332871,0.11801535,True
drone_0167_150_0005,0167,150,sat_0167,1,1.0,sat_0167,0167,0.86019135,sat_0182,0.70926785,0.15092349,True
drone_0167_150_0006,0167,150,sat_0167,1,1.0,sat_0167,0167,0.8460044,sat_0182,0.74231946,0.10368496,True
drone_0167_150_0007,0167,150,sat_0167,1,1.0,sat_0167,0167,0.8493955,sat_0182,0.7386706,0.110724926,True
drone_0167_150_0008,0167,150,sat_0167,1,1.0,sat_0167,0167,0.8471389,sat_0182,0.754665,0.092473865,True
drone_0167_150_0009,0167,150,sat_0167,1,1.0,sat_0167,0167,0.8415782,sat_0182,0.753695,0.087883174,True
drone_0167_150_0010,0167,150,sat_0167,1,1.0,sat_0167,0167,0.8480997,sat_0182,0.7660865,0.08201319,True
drone_0167_150_0011,0167,150,sat_0167,1,1.0,sat_0167,0167,0.8631559,sat_0182,0.74515694,0.11799896,True
drone_0167_150_0012,0167,150,sat_0167,1,1.0,sat_0167,0167,0.84375244,sat_0182,0.772091,0.07166147,True
drone_0167_150_0013,0167,150,sat_0167,1,1.0,sat_0167,0167,0.8163339,sat_0182,0.79216844,0.024165452,True
drone_0167_150_0014,0167,150,sat_0167,1,1.0,sat_0167,0167,0.84274465,sat_0182,0.76898,0.07376462,True
drone_0167_150_0015,0167,150,sat_0167,1,1.0,sat_0167,0167,0.86135375,sat_0182,0.7609703,0.10038346,True
drone_0167_150_0016,0167,150,sat_0167,1,1.0,sat_0167,0167,0.8752583,sat_0182,0.7347132,0.14054513,True
drone_0167_150_0017,0167,150,sat_0167,1,1.0,sat_0167,0167,0.8282432,sat_0182,0.77774274,0.050500453,True
drone_0167_150_0018,0167,150,sat_0167,1,1.0,sat_0167,0167,0.8300492,sat_0182,0.7797904,0.050258815,True
drone_0167_150_0019,0167,150,sat_0167,1,1.0,sat_0167,0167,0.8372784,sat_0182,0.7430538,0.09422463,True
drone_0167_150_0020,0167,150,sat_0167,1,1.0,sat_0167,0167,0.86088,sat_0182,0.7088214,0.1520586,True
drone_0167_150_0021,0167,150,sat_0167,1,1.0,sat_0167,0167,0.8449951,sat_0182,0.7099859,0.13500917,True
drone_0167_150_0022,0167,150,sat_0167,1,1.0,sat_0167,0167,0.8607294,sat_0182,0.6996957,0.16103369,True
drone_0167_150_0023,0167,150,sat_0167,1,1.0,sat_0167,0167,0.8800098,sat_0182,0.7046336,0.17537618,True
drone_0167_150_0024,0167,150,sat_0167,1,1.0,sat_0167,0167,0.86647105,sat_0182,0.7201106,0.14636046,True
drone_0167_150_0025,0167,150,sat_0167,1,1.0,sat_0167,0167,0.8848397,sat_0182,0.6757405,0.20909923,True
drone_0167_150_0026,0167,150,sat_0167,1,1.0,sat_0167,0167,0.8730507,sat_0182,0.7069227,0.16612798,True
drone_0167_150_0027,0167,150,sat_0167,1,1.0,sat_0167,0167,0.89391315,sat_0182,0.7154111,0.17850202,True
drone_0167_150_0028,0167,150,sat_0167,1,1.0,sat_0167,0167,0.8877369,sat_0182,0.7119961,0.17574084,True
drone_0167_150_0029,0167,150,sat_0167,1,1.0,sat_0167,0167,0.87820673,sat_0182,0.7110625,0.16714424,True
drone_0167_150_0030,0167,150,sat_0167,1,1.0,sat_0167,0167,0.8629854,sat_0182,0.69404495,0.16894042,True
drone_0167_150_0031,0167,150,sat_0167,1,1.0,sat_0167,0167,0.8302642,sat_0182,0.7297519,0.100512326,True
drone_0167_150_0032,0167,150,sat_0167,1,1.0,sat_0167,0167,0.8416005,sat_0182,0.73810875,0.10349172,True
drone_0167_150_0033,0167,150,sat_0167,1,1.0,sat_0167,0167,0.8269408,sat_0182,0.77344406,0.05349672,True
drone_0167_150_0034,0167,150,sat_0167,1,1.0,sat_0167,0167,0.8002065,sat_0182,0.7349468,0.065259695,True
drone_0167_150_0035,0167,150,sat_0167,1,1.0,sat_0167,0167,0.7949191,sat_0182,0.725362,0.06955707,True
drone_0167_150_0036,0167,150,sat_0167,1,1.0,sat_0167,0167,0.83452785,sat_0182,0.71756023,0.11696762,True
drone_0167_150_0037,0167,150,sat_0167,1,1.0,sat_0167,0167,0.8366131,sat_0182,0.7228989,0.11371422,True
drone_0167_150_0038,0167,150,sat_0167,1,1.0,sat_0167,0167,0.82334614,sat_0182,0.7410445,0.08230162,True
drone_0167_150_0039,0167,150,sat_0167,1,1.0,sat_0167,0167,0.83292484,sat_0182,0.7481977,0.08472717,True
drone_0167_150_0040,0167,150,sat_0167,1,1.0,sat_0167,0167,0.84891987,sat_0182,0.7396771,0.1092428,True
drone_0167_150_0041,0167,150,sat_0167,1,1.0,sat_0167,0167,0.8304669,sat_0182,0.7574471,0.0730198,True
drone_0167_150_0042,0167,150,sat_0167,1,1.0,sat_0167,0167,0.8655921,sat_0182,0.7321544,0.1334377,True
drone_0167_150_0043,0167,150,sat_0167,1,1.0,sat_0167,0167,0.87166905,sat_0182,0.6908133,0.18085575,True
drone_0167_150_0044,0167,150,sat_0167,1,1.0,sat_0167,0167,0.8816672,sat_0182,0.7194092,0.16225797,True
drone_0167_150_0045,0167,150,sat_0167,1,1.0,sat_0167,0167,0.8855207,sat_0182,0.70581007,0.17971063,True
drone_0167_150_0046,0167,150,sat_0167,1,1.0,sat_0167,0167,0.8792067,sat_0182,0.70497733,0.17422938,True
drone_0167_150_0047,0167,150,sat_0167,1,1.0,sat_0167,0167,0.88091135,sat_0182,0.7043419,0.17656946,True
drone_0167_150_0048,0167,150,sat_0167,1,1.0,sat_0167,0167,0.89271814,sat_0182,0.70893824,0.1837799,True
drone_0167_150_0049,0167,150,sat_0167,1,1.0,sat_0167,0167,0.8801694,sat_0182,0.7282441,0.15192527,True
drone_0169_150_0000,0169,150,sat_0169,1,1.0,sat_0169,0169,0.8678476,sat_0007,0.45399082,0.4138568,True
drone_0169_150_0001,0169,150,sat_0169,1,1.0,sat_0169,0169,0.8504802,sat_0007,0.44252852,0.40795168,True
drone_0169_150_0002,0169,150,sat_0169,1,1.0,sat_0169,0169,0.85059917,sat_0007,0.42028564,0.43031353,True
drone_0169_150_0003,0169,150,sat_0169,1,1.0,sat_0169,0169,0.8432871,sat_0007,0.4472073,0.3960798,True
drone_0169_150_0004,0169,150,sat_0169,1,1.0,sat_0169,0169,0.84113026,sat_0007,0.443581,0.39754924,True
drone_0169_150_0005,0169,150,sat_0169,1,1.0,sat_0169,0169,0.8621837,sat_0007,0.4054184,0.4567653,True
drone_0169_150_0006,0169,150,sat_0169,1,1.0,sat_0169,0169,0.8668797,sat_0007,0.426606,0.4402737,True
drone_0169_150_0007,0169,150,sat_0169,1,1.0,sat_0169,0169,0.8630944,sat_0007,0.4554682,0.40762618,True
drone_0169_150_0008,0169,150,sat_0169,1,1.0,sat_0169,0169,0.867237,sat_0007,0.47538453,0.39185244,True
drone_0169_150_0009,0169,150,sat_0169,1,1.0,sat_0169,0169,0.8495256,sat_0007,0.45622566,0.3932999,True
drone_0169_150_0010,0169,150,sat_0169,1,1.0,sat_0169,0169,0.7862716,sat_0007,0.49379796,0.2924736,True
drone_0169_150_0011,0169,150,sat_0169,1,1.0,sat_0169,0169,0.72019243,sat_0008,0.4581837,0.26200873,True
drone_0169_150_0012,0169,150,sat_0169,1,1.0,sat_0169,0169,0.7215505,sat_0151,0.4923224,0.22922814,True
drone_0169_150_0013,0169,150,sat_0169,1,1.0,sat_0169,0169,0.6857526,sat_0008,0.50085074,0.18490183,True
drone_0169_150_0014,0169,150,sat_0169,1,1.0,sat_0169,0169,0.7105017,sat_0008,0.48308384,0.22741783,True
drone_0169_150_0015,0169,150,sat_0169,1,1.0,sat_0169,0169,0.70930135,sat_0008,0.4717063,0.23759505,True
drone_0169_150_0016,0169,150,sat_0169,1,1.0,sat_0169,0169,0.6183573,sat_0008,0.56776315,0.05059415,True
drone_0169_150_0017,0169,150,sat_0169,1,1.0,sat_0169,0169,0.5889963,sat_0008,0.5523546,0.036641717,True
drone_0169_150_0018,0169,150,sat_0169,1,1.0,sat_0169,0169,0.6062162,sat_0008,0.53762996,0.06858623,True
drone_0169_150_0019,0169,150,sat_0169,1,1.0,sat_0169,0169,0.69322324,sat_0007,0.5077168,0.18550646,True
drone_0169_150_0020,0169,150,sat_0169,1,1.0,sat_0169,0169,0.7104536,sat_0008,0.5225517,0.18790191,True
drone_0169_150_0021,0169,150,sat_0169,1,1.0,sat_0169,0169,0.73766005,sat_0007,0.48584545,0.2518146,True
drone_0169_150_0022,0169,150,sat_0169,1,1.0,sat_0169,0169,0.6832098,sat_0007,0.4596742,0.22353557,True
drone_0169_150_0023,0169,150,sat_0169,1,1.0,sat_0169,0169,0.6949671,sat_0007,0.5632397,0.1317274,True
drone_0169_150_0024,0169,150,sat_0169,1,1.0,sat_0169,0169,0.5886658,sat_0008,0.50877285,0.07989293,True
drone_0169_150_0025,0169,150,sat_0169,2,0.5,sat_0008,0008,0.55933017,sat_0169,0.52174455,0.037585616,False
drone_0169_150_0026,0169,150,sat_0169,2,0.5,sat_0144,0144,0.55308175,sat_0169,0.53935087,0.013730884,False
drone_0169_150_0027,0169,150,sat_0169,5,0.2,sat_0008,0008,0.5702875,sat_0007,0.539683,0.030604541,False
drone_0169_150_0028,0169,150,sat_0169,6,0.16666666666666666,sat_0008,0008,0.5843061,sat_0144,0.5388059,0.04550022,False
drone_0169_150_0029,0169,150,sat_0169,5,0.2,sat_0144,0144,0.550951,sat_0007,0.54992807,0.0010229349,False
drone_0169_150_0030,0169,150,sat_0169,1,1.0,sat_0169,0169,0.53925204,sat_0144,0.5346351,0.004616916,True
drone_0169_150_0031,0169,150,sat_0169,1,1.0,sat_0169,0169,0.6574558,sat_0144,0.5204582,0.13699758,True
drone_0169_150_0032,0169,150,sat_0169,1,1.0,sat_0169,0169,0.7876296,sat_0007,0.52738655,0.26024306,True
drone_0169_150_0033,0169,150,sat_0169,1,1.0,sat_0169,0169,0.7598273,sat_0007,0.55638075,0.20344657,True
drone_0169_150_0034,0169,150,sat_0169,1,1.0,sat_0169,0169,0.7176475,sat_0144,0.5881296,0.12951791,True
drone_0169_150_0035,0169,150,sat_0169,1,1.0,sat_0169,0169,0.7283511,sat_0144,0.5469305,0.18142062,True
drone_0169_150_0036,0169,150,sat_0169,2,0.5,sat_0144,0144,0.70485485,sat_0169,0.5811001,0.12375474,False
drone_0169_150_0037,0169,150,sat_0169,2,0.5,sat_0144,0144,0.6912545,sat_0169,0.52513427,0.16612023,False
drone_0169_150_0038,0169,150,sat_0169,1,1.0,sat_0169,0169,0.6550332,sat_0007,0.51875824,0.13627493,True
drone_0169_150_0039,0169,150,sat_0169,1,1.0,sat_0169,0169,0.6911473,sat_0007,0.4864052,0.20474213,True
drone_0169_150_0040,0169,150,sat_0169,1,1.0,sat_0169,0169,0.7514121,sat_0007,0.52459466,0.22681743,True
drone_0169_150_0041,0169,150,sat_0169,1,1.0,sat_0169,0169,0.8188419,sat_0007,0.55022997,0.2686119,True
drone_0169_150_0042,0169,150,sat_0169,1,1.0,sat_0169,0169,0.8483301,sat_0007,0.5212437,0.3270864,True
drone_0169_150_0043,0169,150,sat_0169,1,1.0,sat_0169,0169,0.8987375,sat_0007,0.55430603,0.34443146,True
drone_0169_150_0044,0169,150,sat_0169,1,1.0,sat_0169,0169,0.86416674,sat_0007,0.5918126,0.27235413,True
drone_0169_150_0045,0169,150,sat_0169,1,1.0,sat_0169,0169,0.83722895,sat_0007,0.5528993,0.28432965,True
drone_0169_150_0046,0169,150,sat_0169,1,1.0,sat_0169,0169,0.75706625,sat_0007,0.44873974,0.3083265,True
drone_0169_150_0047,0169,150,sat_0169,1,1.0,sat_0169,0169,0.74657977,sat_0008,0.4461187,0.30046105,True
drone_0169_150_0048,0169,150,sat_0169,1,1.0,sat_0169,0169,0.79415643,sat_0008,0.4494249,0.34473154,True
drone_0169_150_0049,0169,150,sat_0169,1,1.0,sat_0169,0169,0.82071143,sat_0151,0.46393377,0.35677767,True
drone_0174_150_0000,0174,150,sat_0174,1,1.0,sat_0174,0174,0.8807644,sat_0182,0.45118037,0.42958406,True
drone_0174_150_0001,0174,150,sat_0174,1,1.0,sat_0174,0174,0.8795656,sat_0182,0.45827973,0.42128587,True
drone_0174_150_0002,0174,150,sat_0174,1,1.0,sat_0174,0174,0.88238776,sat_0182,0.45703846,0.4253493,True
drone_0174_150_0003,0174,150,sat_0174,1,1.0,sat_0174,0174,0.8860625,sat_0182,0.44025618,0.44580632,True
drone_0174_150_0004,0174,150,sat_0174,1,1.0,sat_0174,0174,0.8871171,sat_0182,0.45349178,0.4336253,True
drone_0174_150_0005,0174,150,sat_0174,1,1.0,sat_0174,0174,0.88771516,sat_0182,0.43492958,0.45278558,True
drone_0174_150_0006,0174,150,sat_0174,1,1.0,sat_0174,0174,0.8705635,sat_0182,0.46931636,0.40124714,True
drone_0174_150_0007,0174,150,sat_0174,1,1.0,sat_0174,0174,0.88496554,sat_0164,0.45645407,0.42851147,True
drone_0174_150_0008,0174,150,sat_0174,1,1.0,sat_0174,0174,0.8778089,sat_0164,0.50685745,0.37095147,True
drone_0174_150_0009,0174,150,sat_0174,1,1.0,sat_0174,0174,0.88422346,sat_0164,0.46453103,0.41969243,True
drone_0174_150_0010,0174,150,sat_0174,1,1.0,sat_0174,0174,0.8709047,sat_0164,0.49907517,0.3718295,True
drone_0174_150_0011,0174,150,sat_0174,1,1.0,sat_0174,0174,0.8382978,sat_0164,0.54855675,0.28974104,True
drone_0174_150_0012,0174,150,sat_0174,1,1.0,sat_0174,0174,0.8498861,sat_0164,0.5330961,0.31679004,True
drone_0174_150_0013,0174,150,sat_0174,1,1.0,sat_0174,0174,0.81531465,sat_0164,0.5554098,0.25990486,True
drone_0174_150_0014,0174,150,sat_0174,1,1.0,sat_0174,0174,0.7832634,sat_0164,0.56915665,0.21410674,True
drone_0174_150_0015,0174,150,sat_0174,1,1.0,sat_0174,0174,0.8117437,sat_0164,0.504317,0.3074267,True
drone_0174_150_0016,0174,150,sat_0174,1,1.0,sat_0174,0174,0.81303257,sat_0182,0.5102293,0.30280328,True
drone_0174_150_0017,0174,150,sat_0174,1,1.0,sat_0174,0174,0.7490646,sat_0164,0.48974454,0.25932008,True
drone_0174_150_0018,0174,150,sat_0174,1,1.0,sat_0174,0174,0.78113014,sat_0164,0.51888907,0.26224107,True
drone_0174_150_0019,0174,150,sat_0174,1,1.0,sat_0174,0174,0.7878175,sat_0164,0.46372214,0.32409534,True
drone_0174_150_0020,0174,150,sat_0174,1,1.0,sat_0174,0174,0.81814724,sat_0182,0.48399663,0.3341506,True
drone_0174_150_0021,0174,150,sat_0174,1,1.0,sat_0174,0174,0.8373877,sat_0182,0.49655825,0.34082943,True
drone_0174_150_0022,0174,150,sat_0174,1,1.0,sat_0174,0174,0.84740645,sat_0182,0.51525533,0.33215111,True
drone_0174_150_0023,0174,150,sat_0174,1,1.0,sat_0174,0174,0.8036996,sat_0164,0.4899623,0.3137373,True
drone_0174_150_0024,0174,150,sat_0174,1,1.0,sat_0174,0174,0.8193555,sat_0182,0.5130943,0.30626118,True
drone_0174_150_0025,0174,150,sat_0174,1,1.0,sat_0174,0174,0.8554969,sat_0182,0.46780467,0.3876922,True
drone_0174_150_0026,0174,150,sat_0174,1,1.0,sat_0174,0174,0.83307123,sat_0164,0.45748344,0.3755878,True
drone_0174_150_0027,0174,150,sat_0174,1,1.0,sat_0174,0174,0.8133868,sat_0182,0.4575764,0.3558104,True
drone_0174_150_0028,0174,150,sat_0174,1,1.0,sat_0174,0174,0.82260376,sat_0182,0.44997206,0.3726317,True
drone_0174_150_0029,0174,150,sat_0174,1,1.0,sat_0174,0174,0.82925653,sat_0182,0.5011587,0.32809782,True
drone_0174_150_0030,0174,150,sat_0174,1,1.0,sat_0174,0174,0.82947874,sat_0182,0.4725936,0.35688514,True
drone_0174_150_0031,0174,150,sat_0174,1,1.0,sat_0174,0174,0.83671725,sat_0164,0.4452592,0.39145803,True
drone_0174_150_0032,0174,150,sat_0174,1,1.0,sat_0174,0174,0.80859244,sat_0164,0.49515262,0.31343982,True
drone_0174_150_0033,0174,150,sat_0174,1,1.0,sat_0174,0174,0.84969896,sat_0164,0.44795236,0.4017466,True
drone_0174_150_0034,0174,150,sat_0174,1,1.0,sat_0174,0174,0.83321875,sat_0072,0.49677345,0.3364453,True
drone_0174_150_0035,0174,150,sat_0174,1,1.0,sat_0174,0174,0.8598109,sat_0182,0.46148375,0.39832714,True
drone_0174_150_0036,0174,150,sat_0174,1,1.0,sat_0174,0174,0.81731564,sat_0164,0.4708484,0.34646723,True
drone_0174_150_0037,0174,150,sat_0174,1,1.0,sat_0174,0174,0.795921,sat_0164,0.49518633,0.3007347,True
drone_0174_150_0038,0174,150,sat_0174,1,1.0,sat_0174,0174,0.7612507,sat_0164,0.4814877,0.27976298,True
drone_0174_150_0039,0174,150,sat_0174,1,1.0,sat_0174,0174,0.79693013,sat_0182,0.47077665,0.3261535,True
drone_0174_150_0040,0174,150,sat_0174,1,1.0,sat_0174,0174,0.77112293,sat_0164,0.53196424,0.23915869,True
drone_0174_150_0041,0174,150,sat_0174,1,1.0,sat_0174,0174,0.7338754,sat_0164,0.5974997,0.13637567,True
drone_0174_150_0042,0174,150,sat_0174,1,1.0,sat_0174,0174,0.82973385,sat_0164,0.48334092,0.34639293,True
drone_0174_150_0043,0174,150,sat_0174,1,1.0,sat_0174,0174,0.8128083,sat_0164,0.45688584,0.35592243,True
drone_0174_150_0044,0174,150,sat_0174,1,1.0,sat_0174,0174,0.82322973,sat_0182,0.43068513,0.3925446,True
drone_0174_150_0045,0174,150,sat_0174,1,1.0,sat_0174,0174,0.82410884,sat_0164,0.4130553,0.41105354,True
drone_0174_150_0046,0174,150,sat_0174,1,1.0,sat_0174,0174,0.85694116,sat_0164,0.41014996,0.4467912,True
drone_0174_150_0047,0174,150,sat_0174,1,1.0,sat_0174,0174,0.8377057,sat_0182,0.42522484,0.41248083,True
drone_0174_150_0048,0174,150,sat_0174,1,1.0,sat_0174,0174,0.85959405,sat_0164,0.39442214,0.4651719,True
drone_0174_150_0049,0174,150,sat_0174,1,1.0,sat_0174,0174,0.868133,sat_0164,0.41169956,0.45643345,True
drone_0182_150_0000,0182,150,sat_0182,1,1.0,sat_0182,0182,0.8744186,sat_0167,0.4158784,0.45854023,True
drone_0182_150_0001,0182,150,sat_0182,1,1.0,sat_0182,0182,0.86467665,sat_0174,0.41262543,0.45205122,True
drone_0182_150_0002,0182,150,sat_0182,1,1.0,sat_0182,0182,0.863203,sat_0167,0.40031853,0.46288446,True
drone_0182_150_0003,0182,150,sat_0182,1,1.0,sat_0182,0182,0.8553479,sat_0167,0.39163795,0.46370992,True
drone_0182_150_0004,0182,150,sat_0182,1,1.0,sat_0182,0182,0.8417052,sat_0029,0.3919499,0.4497553,True
drone_0182_150_0005,0182,150,sat_0182,1,1.0,sat_0182,0182,0.8262048,sat_0029,0.36131796,0.4648868,True
drone_0182_150_0006,0182,150,sat_0182,1,1.0,sat_0182,0182,0.8412818,sat_0167,0.37638757,0.4648942,True
drone_0182_150_0007,0182,150,sat_0182,1,1.0,sat_0182,0182,0.858473,sat_0167,0.4201668,0.4383062,True
drone_0182_150_0008,0182,150,sat_0182,1,1.0,sat_0182,0182,0.84912914,sat_0029,0.43573844,0.4133907,True
drone_0182_150_0009,0182,150,sat_0182,1,1.0,sat_0182,0182,0.83024895,sat_0029,0.40861848,0.42163047,True
drone_0182_150_0010,0182,150,sat_0182,1,1.0,sat_0182,0182,0.81794405,sat_0029,0.42856264,0.3893814,True
drone_0182_150_0011,0182,150,sat_0182,1,1.0,sat_0182,0182,0.8153481,sat_0029,0.40032932,0.41501877,True
drone_0182_150_0012,0182,150,sat_0182,1,1.0,sat_0182,0182,0.8043349,sat_0029,0.43820816,0.36612672,True
drone_0182_150_0013,0182,150,sat_0182,1,1.0,sat_0182,0182,0.8258936,sat_0029,0.40776062,0.41813296,True
drone_0182_150_0014,0182,150,sat_0182,1,1.0,sat_0182,0182,0.8033147,sat_0029,0.40819368,0.395121,True
drone_0182_150_0015,0182,150,sat_0182,1,1.0,sat_0182,0182,0.7996611,sat_0174,0.45412433,0.34553677,True
drone_0182_150_0016,0182,150,sat_0182,1,1.0,sat_0182,0182,0.80896944,sat_0174,0.45434156,0.35462788,True
drone_0182_150_0017,0182,150,sat_0182,1,1.0,sat_0182,0182,0.81744206,sat_0029,0.39925194,0.41819012,True
drone_0182_150_0018,0182,150,sat_0182,1,1.0,sat_0182,0182,0.811221,sat_0174,0.43326586,0.37795514,True
drone_0182_150_0019,0182,150,sat_0182,1,1.0,sat_0182,0182,0.7827468,sat_0029,0.40182132,0.38092548,True
drone_0182_150_0020,0182,150,sat_0182,1,1.0,sat_0182,0182,0.77127373,sat_0029,0.4113076,0.35996613,True
drone_0182_150_0021,0182,150,sat_0182,1,1.0,sat_0182,0182,0.7844279,sat_0174,0.41834524,0.36608264,True
drone_0182_150_0022,0182,150,sat_0182,1,1.0,sat_0182,0182,0.8086334,sat_0174,0.45046955,0.35816383,True
drone_0182_150_0023,0182,150,sat_0182,1,1.0,sat_0182,0182,0.8102882,sat_0174,0.4230207,0.3872675,True
drone_0182_150_0024,0182,150,sat_0182,1,1.0,sat_0182,0182,0.7878276,sat_0029,0.44171283,0.34611478,True
drone_0182_150_0025,0182,150,sat_0182,1,1.0,sat_0182,0182,0.7995944,sat_0029,0.43144813,0.36814627,True
drone_0182_150_0026,0182,150,sat_0182,1,1.0,sat_0182,0182,0.83321154,sat_0174,0.46358845,0.3696231,True
drone_0182_150_0027,0182,150,sat_0182,1,1.0,sat_0182,0182,0.8505501,sat_0174,0.48136505,0.36918506,True
drone_0182_150_0028,0182,150,sat_0182,1,1.0,sat_0182,0182,0.8465311,sat_0174,0.47942063,0.36711046,True
drone_0182_150_0029,0182,150,sat_0182,1,1.0,sat_0182,0182,0.84367555,sat_0174,0.48038617,0.3632894,True
drone_0182_150_0030,0182,150,sat_0182,1,1.0,sat_0182,0182,0.85523534,sat_0174,0.502945,0.35229033,True
drone_0182_150_0031,0182,150,sat_0182,1,1.0,sat_0182,0182,0.8872012,sat_0174,0.4945522,0.392649,True
drone_0182_150_0032,0182,150,sat_0182,1,1.0,sat_0182,0182,0.91979206,sat_0174,0.51618946,0.4036026,True
drone_0182_150_0033,0182,150,sat_0182,1,1.0,sat_0182,0182,0.9189104,sat_0174,0.47276878,0.4461416,True
drone_0182_150_0034,0182,150,sat_0182,1,1.0,sat_0182,0182,0.92458194,sat_0174,0.44971552,0.47486642,True
drone_0182_150_0035,0182,150,sat_0182,1,1.0,sat_0182,0182,0.9259528,sat_0167,0.48722324,0.43872955,True
drone_0182_150_0036,0182,150,sat_0182,1,1.0,sat_0182,0182,0.9257697,sat_0167,0.53589356,0.38987613,True
drone_0182_150_0037,0182,150,sat_0182,1,1.0,sat_0182,0182,0.91784114,sat_0167,0.4920257,0.42581543,True
drone_0182_150_0038,0182,150,sat_0182,1,1.0,sat_0182,0182,0.93090624,sat_0167,0.5238674,0.4070388,True
drone_0182_150_0039,0182,150,sat_0182,1,1.0,sat_0182,0182,0.9163618,sat_0167,0.51475847,0.40160334,True
drone_0182_150_0040,0182,150,sat_0182,1,1.0,sat_0182,0182,0.91377056,sat_0167,0.44992262,0.46384794,True
drone_0182_150_0041,0182,150,sat_0182,1,1.0,sat_0182,0182,0.9094735,sat_0167,0.4393015,0.470172,True
drone_0182_150_0042,0182,150,sat_0182,1,1.0,sat_0182,0182,0.92468446,sat_0167,0.5050016,0.41968286,True
drone_0182_150_0043,0182,150,sat_0182,1,1.0,sat_0182,0182,0.9263969,sat_0167,0.5286464,0.3977505,True
drone_0182_150_0044,0182,150,sat_0182,1,1.0,sat_0182,0182,0.908089,sat_0167,0.49432296,0.41376603,True
drone_0182_150_0045,0182,150,sat_0182,1,1.0,sat_0182,0182,0.9004554,sat_0167,0.46140543,0.43905,True
drone_0182_150_0046,0182,150,sat_0182,1,1.0,sat_0182,0182,0.8933528,sat_0167,0.44716448,0.44618833,True
drone_0182_150_0047,0182,150,sat_0182,1,1.0,sat_0182,0182,0.884881,sat_0167,0.45011467,0.43476635,True
drone_0182_150_0048,0182,150,sat_0182,1,1.0,sat_0182,0182,0.8742878,sat_0167,0.4415101,0.43277767,True
drone_0182_150_0049,0182,150,sat_0182,1,1.0,sat_0182,0182,0.8821955,sat_0174,0.4706112,0.41158426,True
drone_0186_150_0000,0186,150,sat_0186,1,1.0,sat_0186,0186,0.8700763,sat_0009,0.49010226,0.37997404,True
drone_0186_150_0001,0186,150,sat_0186,1,1.0,sat_0186,0186,0.8679406,sat_0009,0.4899459,0.37799472,True
drone_0186_150_0002,0186,150,sat_0186,1,1.0,sat_0186,0186,0.89400184,sat_0009,0.44130775,0.4526941,True
drone_0186_150_0003,0186,150,sat_0186,1,1.0,sat_0186,0186,0.87146884,sat_0009,0.47214615,0.3993227,True
drone_0186_150_0004,0186,150,sat_0186,1,1.0,sat_0186,0186,0.86369157,sat_0009,0.4707861,0.39290547,True
drone_0186_150_0005,0186,150,sat_0186,1,1.0,sat_0186,0186,0.8543224,sat_0009,0.500154,0.35416836,True
drone_0186_150_0006,0186,150,sat_0186,1,1.0,sat_0186,0186,0.8677844,sat_0009,0.42430714,0.44347724,True
drone_0186_150_0007,0186,150,sat_0186,1,1.0,sat_0186,0186,0.878771,sat_0009,0.43386233,0.44490868,True
drone_0186_150_0008,0186,150,sat_0186,1,1.0,sat_0186,0186,0.90385365,sat_0009,0.41988462,0.48396903,True
drone_0186_150_0009,0186,150,sat_0186,1,1.0,sat_0186,0186,0.9141904,sat_0009,0.38352275,0.53066766,True
drone_0186_150_0010,0186,150,sat_0186,1,1.0,sat_0186,0186,0.89747363,sat_0009,0.37919086,0.5182828,True
drone_0186_150_0011,0186,150,sat_0186,1,1.0,sat_0186,0186,0.8802419,sat_0009,0.45504585,0.42519602,True
drone_0186_150_0012,0186,150,sat_0186,1,1.0,sat_0186,0186,0.8776983,sat_0009,0.44899836,0.42869994,True
drone_0186_150_0013,0186,150,sat_0186,1,1.0,sat_0186,0186,0.85637933,sat_0009,0.45198402,0.4043953,True
drone_0186_150_0014,0186,150,sat_0186,1,1.0,sat_0186,0186,0.8497823,sat_0009,0.42746043,0.42232186,True
drone_0186_150_0015,0186,150,sat_0186,1,1.0,sat_0186,0186,0.85330254,sat_0009,0.45206842,0.40123412,True
drone_0186_150_0016,0186,150,sat_0186,1,1.0,sat_0186,0186,0.86494744,sat_0009,0.44029805,0.4246494,True
drone_0186_150_0017,0186,150,sat_0186,1,1.0,sat_0186,0186,0.88009435,sat_0009,0.44587037,0.43422398,True
drone_0186_150_0018,0186,150,sat_0186,1,1.0,sat_0186,0186,0.8268583,sat_0009,0.4938279,0.33303037,True
drone_0186_150_0019,0186,150,sat_0186,1,1.0,sat_0186,0186,0.8241852,sat_0009,0.46971184,0.35447335,True
drone_0186_150_0020,0186,150,sat_0186,1,1.0,sat_0186,0186,0.8133359,sat_0009,0.4884028,0.32493308,True
drone_0186_150_0021,0186,150,sat_0186,1,1.0,sat_0186,0186,0.8220357,sat_0009,0.44325453,0.37878114,True
drone_0186_150_0022,0186,150,sat_0186,1,1.0,sat_0186,0186,0.8259197,sat_0009,0.44339743,0.38252226,True
drone_0186_150_0023,0186,150,sat_0186,1,1.0,sat_0186,0186,0.8271283,sat_0140,0.42315626,0.40397203,True
drone_0186_150_0024,0186,150,sat_0186,1,1.0,sat_0186,0186,0.8277666,sat_0009,0.4395287,0.3882379,True
drone_0186_150_0025,0186,150,sat_0186,1,1.0,sat_0186,0186,0.7548326,sat_0140,0.44614303,0.3086896,True
drone_0186_150_0026,0186,150,sat_0186,1,1.0,sat_0186,0186,0.6593498,sat_0009,0.3797013,0.2796485,True
drone_0186_150_0027,0186,150,sat_0186,1,1.0,sat_0186,0186,0.73062116,sat_0009,0.41844603,0.31217512,True
drone_0186_150_0028,0186,150,sat_0186,1,1.0,sat_0186,0186,0.7228404,sat_0009,0.45455527,0.26828516,True
drone_0186_150_0029,0186,150,sat_0186,1,1.0,sat_0186,0186,0.8136822,sat_0009,0.43944174,0.37424046,True
drone_0186_150_0030,0186,150,sat_0186,1,1.0,sat_0186,0186,0.82482195,sat_0009,0.43024415,0.3945778,True
drone_0186_150_0031,0186,150,sat_0186,1,1.0,sat_0186,0186,0.82065105,sat_0140,0.48645958,0.33419147,True
drone_0186_150_0032,0186,150,sat_0186,1,1.0,sat_0186,0186,0.8275677,sat_0140,0.46714866,0.36041903,True
drone_0186_150_0033,0186,150,sat_0186,1,1.0,sat_0186,0186,0.823551,sat_0009,0.5035185,0.32003248,True
drone_0186_150_0034,0186,150,sat_0186,1,1.0,sat_0186,0186,0.875406,sat_0009,0.4583772,0.4170288,True
drone_0186_150_0035,0186,150,sat_0186,1,1.0,sat_0186,0186,0.8916714,sat_0009,0.41620892,0.4754625,True
drone_0186_150_0036,0186,150,sat_0186,1,1.0,sat_0186,0186,0.8820479,sat_0009,0.42242712,0.45962077,True
drone_0186_150_0037,0186,150,sat_0186,1,1.0,sat_0186,0186,0.88515997,sat_0009,0.44642618,0.4387338,True
drone_0186_150_0038,0186,150,sat_0186,1,1.0,sat_0186,0186,0.8927552,sat_0009,0.4146119,0.4781433,True
drone_0186_150_0039,0186,150,sat_0186,1,1.0,sat_0186,0186,0.89366186,sat_0009,0.40558317,0.48807868,True
drone_0186_150_0040,0186,150,sat_0186,1,1.0,sat_0186,0186,0.9038125,sat_0009,0.4156108,0.48820174,True
drone_0186_150_0041,0186,150,sat_0186,1,1.0,sat_0186,0186,0.91817117,sat_0151,0.3861923,0.53197885,True
drone_0186_150_0042,0186,150,sat_0186,1,1.0,sat_0186,0186,0.88885844,sat_0009,0.41797453,0.4708839,True
drone_0186_150_0043,0186,150,sat_0186,1,1.0,sat_0186,0186,0.8402217,sat_0009,0.49770424,0.34251747,True
drone_0186_150_0044,0186,150,sat_0186,1,1.0,sat_0186,0186,0.8401525,sat_0009,0.4935284,0.3466241,True
drone_0186_150_0045,0186,150,sat_0186,1,1.0,sat_0186,0186,0.8201403,sat_0009,0.56105363,0.25908667,True
drone_0186_150_0046,0186,150,sat_0186,1,1.0,sat_0186,0186,0.8415583,sat_0009,0.5481173,0.293441,True
drone_0186_150_0047,0186,150,sat_0186,1,1.0,sat_0186,0186,0.8487525,sat_0009,0.5327107,0.31604183,True
drone_0186_150_0048,0186,150,sat_0186,1,1.0,sat_0186,0186,0.85252464,sat_0009,0.5126238,0.33990085,True
drone_0186_150_0049,0186,150,sat_0186,1,1.0,sat_0186,0186,0.8516357,sat_0009,0.48099065,0.37064505,True
drone_0189_150_0000,0189,150,sat_0189,1,1.0,sat_0189,0189,0.8502717,sat_0190,0.6692211,0.1810506,True
drone_0189_150_0001,0189,150,sat_0189,1,1.0,sat_0189,0189,0.8389606,sat_0190,0.6532249,0.1857357,True
drone_0189_150_0002,0189,150,sat_0189,1,1.0,sat_0189,0189,0.8513409,sat_0190,0.6663651,0.1849758,True
drone_0189_150_0003,0189,150,sat_0189,1,1.0,sat_0189,0189,0.8494725,sat_0190,0.6840183,0.16545421,True
drone_0189_150_0004,0189,150,sat_0189,1,1.0,sat_0189,0189,0.8729262,sat_0190,0.6438579,0.22906828,True
drone_0189_150_0005,0189,150,sat_0189,1,1.0,sat_0189,0189,0.8331485,sat_0190,0.6616137,0.17153478,True
drone_0189_150_0006,0189,150,sat_0189,1,1.0,sat_0189,0189,0.85815394,sat_0190,0.6902369,0.16791701,True
drone_0189_150_0007,0189,150,sat_0189,1,1.0,sat_0189,0189,0.8952444,sat_0108,0.6868704,0.20837402,True
drone_0189_150_0008,0189,150,sat_0189,1,1.0,sat_0189,0189,0.8881967,sat_0108,0.65964985,0.22854686,True
drone_0189_150_0009,0189,150,sat_0189,1,1.0,sat_0189,0189,0.8935347,sat_0152,0.6694644,0.22407031,True
drone_0189_150_0010,0189,150,sat_0189,1,1.0,sat_0189,0189,0.8758159,sat_0190,0.64807063,0.2277453,True
drone_0189_150_0011,0189,150,sat_0189,1,1.0,sat_0189,0189,0.91454375,sat_0192,0.6717856,0.24275815,True
drone_0189_150_0012,0189,150,sat_0189,1,1.0,sat_0189,0189,0.88741606,sat_0192,0.70921755,0.17819852,True
drone_0189_150_0013,0189,150,sat_0189,1,1.0,sat_0189,0189,0.8091026,sat_0192,0.67820626,0.13089633,True
drone_0189_150_0014,0189,150,sat_0189,1,1.0,sat_0189,0189,0.8523396,sat_0192,0.7260203,0.12631935,True
drone_0189_150_0015,0189,150,sat_0189,1,1.0,sat_0189,0189,0.871696,sat_0192,0.77441627,0.09727973,True
drone_0189_150_0016,0189,150,sat_0189,1,1.0,sat_0189,0189,0.88479894,sat_0192,0.7617282,0.12307072,True
drone_0189_150_0017,0189,150,sat_0189,1,1.0,sat_0189,0189,0.86444366,sat_0192,0.7795545,0.08488917,True
drone_0189_150_0018,0189,150,sat_0189,1,1.0,sat_0189,0189,0.8277916,sat_0192,0.79217976,0.03561181,True
drone_0189_150_0019,0189,150,sat_0189,1,1.0,sat_0189,0189,0.832921,sat_0192,0.78380525,0.049115777,True
drone_0189_150_0020,0189,150,sat_0189,1,1.0,sat_0189,0189,0.86825967,sat_0192,0.7841166,0.08414304,True
drone_0189_150_0021,0189,150,sat_0189,1,1.0,sat_0189,0189,0.8562319,sat_0192,0.79068136,0.065550566,True
drone_0189_150_0022,0189,150,sat_0189,1,1.0,sat_0189,0189,0.8373308,sat_0192,0.7703812,0.066949606,True
drone_0189_150_0023,0189,150,sat_0189,1,1.0,sat_0189,0189,0.8753151,sat_0192,0.734972,0.14034313,True
drone_0189_150_0024,0189,150,sat_0189,1,1.0,sat_0189,0189,0.8721343,sat_0192,0.70113045,0.17100388,True
drone_0189_150_0025,0189,150,sat_0189,1,1.0,sat_0189,0189,0.8835989,sat_0192,0.72780675,0.15579218,True
drone_0189_150_0026,0189,150,sat_0189,1,1.0,sat_0189,0189,0.85291535,sat_0192,0.7280125,0.124902844,True
drone_0189_150_0027,0189,150,sat_0189,1,1.0,sat_0189,0189,0.83966774,sat_0192,0.71403515,0.12563258,True
drone_0189_150_0028,0189,150,sat_0189,1,1.0,sat_0189,0189,0.8220514,sat_0192,0.74814856,0.073902845,True
drone_0189_150_0029,0189,150,sat_0189,1,1.0,sat_0189,0189,0.70541304,sat_0192,0.6692188,0.036194265,True
drone_0189_150_0030,0189,150,sat_0189,1,1.0,sat_0189,0189,0.788481,sat_0192,0.6279176,0.16056341,True
drone_0189_150_0031,0189,150,sat_0189,1,1.0,sat_0189,0189,0.7246693,sat_0192,0.57142633,0.15324295,True
drone_0189_150_0032,0189,150,sat_0189,1,1.0,sat_0189,0189,0.7331283,sat_0152,0.5166589,0.2164694,True
drone_0189_150_0033,0189,150,sat_0189,1,1.0,sat_0189,0189,0.6583503,sat_0192,0.5275471,0.13080317,True
drone_0189_150_0034,0189,150,sat_0189,1,1.0,sat_0189,0189,0.6577851,sat_0192,0.5814004,0.07638472,True
drone_0189_150_0035,0189,150,sat_0189,1,1.0,sat_0189,0189,0.744855,sat_0192,0.6361147,0.10874027,True
drone_0189_150_0036,0189,150,sat_0189,1,1.0,sat_0189,0189,0.74076205,sat_0192,0.60967016,0.1310919,True
drone_0189_150_0037,0189,150,sat_0189,1,1.0,sat_0189,0189,0.7012528,sat_0192,0.5977457,0.1035071,True
drone_0189_150_0038,0189,150,sat_0189,1,1.0,sat_0189,0189,0.6977761,sat_0192,0.6013661,0.09640998,True
drone_0189_150_0039,0189,150,sat_0189,1,1.0,sat_0189,0189,0.6650833,sat_0192,0.604141,0.060942292,True
drone_0189_150_0040,0189,150,sat_0189,1,1.0,sat_0189,0189,0.8687967,sat_0192,0.66459095,0.20420575,True
drone_0189_150_0041,0189,150,sat_0189,1,1.0,sat_0189,0189,0.87276345,sat_0192,0.66759396,0.2051695,True
drone_0189_150_0042,0189,150,sat_0189,1,1.0,sat_0189,0189,0.8701881,sat_0192,0.6648311,0.20535702,True
drone_0189_150_0043,0189,150,sat_0189,1,1.0,sat_0189,0189,0.8916924,sat_0192,0.68036807,0.21132433,True
drone_0189_150_0044,0189,150,sat_0189,1,1.0,sat_0189,0189,0.8635752,sat_0192,0.67962545,0.18394977,True
drone_0189_150_0045,0189,150,sat_0189,1,1.0,sat_0189,0189,0.8670355,sat_0192,0.6626518,0.20438373,True
drone_0189_150_0046,0189,150,sat_0189,1,1.0,sat_0189,0189,0.87602174,sat_0152,0.638783,0.23723876,True
drone_0189_150_0047,0189,150,sat_0189,1,1.0,sat_0189,0189,0.84701157,sat_0192,0.6361034,0.21090817,True
drone_0189_150_0048,0189,150,sat_0189,1,1.0,sat_0189,0189,0.8018387,sat_0152,0.5971421,0.2046966,True
drone_0189_150_0049,0189,150,sat_0189,1,1.0,sat_0189,0189,0.78472996,sat_0192,0.6221629,0.16256708,True
drone_0190_150_0000,0190,150,sat_0190,1,1.0,sat_0190,0190,0.91418034,sat_0192,0.5818807,0.33229965,True
drone_0190_150_0001,0190,150,sat_0190,1,1.0,sat_0190,0190,0.9079306,sat_0192,0.57281137,0.33511925,True
drone_0190_150_0002,0190,150,sat_0190,1,1.0,sat_0190,0190,0.90361047,sat_0192,0.59887004,0.30474043,True
drone_0190_150_0003,0190,150,sat_0190,1,1.0,sat_0190,0190,0.9073148,sat_0192,0.5939585,0.31335628,True
drone_0190_150_0004,0190,150,sat_0190,1,1.0,sat_0190,0190,0.90731657,sat_0192,0.5836602,0.32365638,True
drone_0190_150_0005,0190,150,sat_0190,1,1.0,sat_0190,0190,0.91771555,sat_0192,0.6074467,0.31026888,True
drone_0190_150_0006,0190,150,sat_0190,1,1.0,sat_0190,0190,0.90246665,sat_0192,0.59884274,0.3036239,True
drone_0190_150_0007,0190,150,sat_0190,1,1.0,sat_0190,0190,0.90258753,sat_0192,0.60080576,0.30178177,True
drone_0190_150_0008,0190,150,sat_0190,1,1.0,sat_0190,0190,0.90169644,sat_0192,0.58472896,0.3169675,True
drone_0190_150_0009,0190,150,sat_0190,1,1.0,sat_0190,0190,0.8727178,sat_0192,0.5660644,0.30665338,True
drone_0190_150_0010,0190,150,sat_0190,1,1.0,sat_0190,0190,0.8515463,sat_0192,0.5636645,0.2878818,True
drone_0190_150_0011,0190,150,sat_0190,1,1.0,sat_0190,0190,0.80882,sat_0192,0.528668,0.28015202,True
drone_0190_150_0012,0190,150,sat_0190,1,1.0,sat_0190,0190,0.7973562,sat_0192,0.5485419,0.24881428,True
drone_0190_150_0013,0190,150,sat_0190,1,1.0,sat_0190,0190,0.76706165,sat_0192,0.48985472,0.27720693,True
drone_0190_150_0014,0190,150,sat_0190,1,1.0,sat_0190,0190,0.7346657,sat_0192,0.4885935,0.2460722,True
drone_0190_150_0015,0190,150,sat_0190,1,1.0,sat_0190,0190,0.7789949,sat_0192,0.50680816,0.27218676,True
drone_0190_150_0016,0190,150,sat_0190,1,1.0,sat_0190,0190,0.85780966,sat_0192,0.616508,0.24130166,True
drone_0190_150_0017,0190,150,sat_0190,1,1.0,sat_0190,0190,0.86967075,sat_0192,0.66022485,0.2094459,True
drone_0190_150_0018,0190,150,sat_0190,1,1.0,sat_0190,0190,0.8205338,sat_0192,0.5874075,0.23312628,True
drone_0190_150_0019,0190,150,sat_0190,1,1.0,sat_0190,0190,0.79288745,sat_0192,0.5952036,0.19768387,True
drone_0190_150_0020,0190,150,sat_0190,1,1.0,sat_0190,0190,0.8240224,sat_0192,0.6411468,0.18287563,True
drone_0190_150_0021,0190,150,sat_0190,1,1.0,sat_0190,0190,0.84807557,sat_0192,0.6551107,0.19296485,True
drone_0190_150_0022,0190,150,sat_0190,1,1.0,sat_0190,0190,0.8386496,sat_0192,0.6454585,0.19319105,True
drone_0190_150_0023,0190,150,sat_0190,1,1.0,sat_0190,0190,0.8726029,sat_0108,0.63818985,0.23441303,True
drone_0190_150_0024,0190,150,sat_0190,1,1.0,sat_0190,0190,0.863435,sat_0192,0.5908186,0.2726164,True
drone_0190_150_0025,0190,150,sat_0190,1,1.0,sat_0190,0190,0.8789576,sat_0192,0.57116014,0.3077975,True
drone_0190_150_0026,0190,150,sat_0190,1,1.0,sat_0190,0190,0.87296134,sat_0192,0.58946294,0.2834984,True
drone_0190_150_0027,0190,150,sat_0190,1,1.0,sat_0190,0190,0.84421176,sat_0108,0.5476011,0.29661065,True
drone_0190_150_0028,0190,150,sat_0190,1,1.0,sat_0190,0190,0.87044287,sat_0192,0.56935,0.30109286,True
drone_0190_150_0029,0190,150,sat_0190,1,1.0,sat_0190,0190,0.87447274,sat_0108,0.5956753,0.27879745,True
drone_0190_150_0030,0190,150,sat_0190,1,1.0,sat_0190,0190,0.8967569,sat_0108,0.64751047,0.24924642,True
drone_0190_150_0031,0190,150,sat_0190,1,1.0,sat_0190,0190,0.8343033,sat_0192,0.502884,0.33141935,True
drone_0190_150_0032,0190,150,sat_0190,1,1.0,sat_0190,0190,0.85812646,sat_0108,0.55296427,0.3051622,True
drone_0190_150_0033,0190,150,sat_0190,1,1.0,sat_0190,0190,0.8130862,sat_0108,0.48030147,0.33278474,True
drone_0190_150_0034,0190,150,sat_0190,1,1.0,sat_0190,0190,0.7204753,sat_0198,0.51069176,0.20978355,True
drone_0190_150_0035,0190,150,sat_0190,1,1.0,sat_0190,0190,0.7432666,sat_0198,0.49673688,0.2465297,True
drone_0190_150_0036,0190,150,sat_0190,1,1.0,sat_0190,0190,0.80026424,sat_0198,0.47207606,0.32818818,True
drone_0190_150_0037,0190,150,sat_0190,1,1.0,sat_0190,0190,0.8229176,sat_0198,0.4866751,0.33624247,True
drone_0190_150_0038,0190,150,sat_0190,1,1.0,sat_0190,0190,0.8483501,sat_0192,0.4767816,0.3715685,True
drone_0190_150_0039,0190,150,sat_0190,1,1.0,sat_0190,0190,0.8851752,sat_0192,0.54494834,0.3402269,True
drone_0190_150_0040,0190,150,sat_0190,1,1.0,sat_0190,0190,0.87803656,sat_0192,0.5585612,0.31947535,True
drone_0190_150_0041,0190,150,sat_0190,1,1.0,sat_0190,0190,0.8888205,sat_0192,0.55544966,0.33337086,True
drone_0190_150_0042,0190,150,sat_0190,1,1.0,sat_0190,0190,0.88918006,sat_0108,0.53799605,0.351184,True
drone_0190_150_0043,0190,150,sat_0190,1,1.0,sat_0190,0190,0.8591068,sat_0108,0.5359405,0.32316625,True
drone_0190_150_0044,0190,150,sat_0190,1,1.0,sat_0190,0190,0.8820982,sat_0108,0.5222379,0.3598603,True
drone_0190_150_0045,0190,150,sat_0190,1,1.0,sat_0190,0190,0.88647294,sat_0108,0.5242168,0.36225617,True
drone_0190_150_0046,0190,150,sat_0190,1,1.0,sat_0190,0190,0.89873123,sat_0192,0.56293815,0.33579308,True
drone_0190_150_0047,0190,150,sat_0190,1,1.0,sat_0190,0190,0.894801,sat_0192,0.53811455,0.35668647,True
drone_0190_150_0048,0190,150,sat_0190,1,1.0,sat_0190,0190,0.9016033,sat_0192,0.5590027,0.34260058,True
drone_0190_150_0049,0190,150,sat_0190,1,1.0,sat_0190,0190,0.9145405,sat_0192,0.5775519,0.33698863,True
drone_0192_150_0000,0192,150,sat_0192,1,1.0,sat_0192,0192,0.9129616,sat_0190,0.7293229,0.18363869,True
drone_0192_150_0001,0192,150,sat_0192,1,1.0,sat_0192,0192,0.9241921,sat_0190,0.7260612,0.19813085,True
drone_0192_150_0002,0192,150,sat_0192,1,1.0,sat_0192,0192,0.9309769,sat_0190,0.6998974,0.23107952,True
drone_0192_150_0003,0192,150,sat_0192,1,1.0,sat_0192,0192,0.9274011,sat_0190,0.7040368,0.22336435,True
drone_0192_150_0004,0192,150,sat_0192,1,1.0,sat_0192,0192,0.94594055,sat_0190,0.67121094,0.2747296,True
drone_0192_150_0005,0192,150,sat_0192,1,1.0,sat_0192,0192,0.95230806,sat_0190,0.6931993,0.25910878,True
drone_0192_150_0006,0192,150,sat_0192,1,1.0,sat_0192,0192,0.9535356,sat_0190,0.68915606,0.26437956,True
drone_0192_150_0007,0192,150,sat_0192,1,1.0,sat_0192,0192,0.9607935,sat_0190,0.66394866,0.29684484,True
drone_0192_150_0008,0192,150,sat_0192,1,1.0,sat_0192,0192,0.96474683,sat_0190,0.6495141,0.31523275,True
drone_0192_150_0009,0192,150,sat_0192,1,1.0,sat_0192,0192,0.96100044,sat_0190,0.671276,0.28972447,True
drone_0192_150_0010,0192,150,sat_0192,1,1.0,sat_0192,0192,0.96233594,sat_0190,0.646219,0.31611693,True
drone_0192_150_0011,0192,150,sat_0192,1,1.0,sat_0192,0192,0.96217716,sat_0190,0.6329531,0.32922405,True
drone_0192_150_0012,0192,150,sat_0192,1,1.0,sat_0192,0192,0.96105677,sat_0190,0.6466372,0.31441957,True
drone_0192_150_0013,0192,150,sat_0192,1,1.0,sat_0192,0192,0.9557063,sat_0190,0.6597724,0.2959339,True
drone_0192_150_0014,0192,150,sat_0192,1,1.0,sat_0192,0192,0.9446654,sat_0190,0.6524376,0.29222775,True
drone_0192_150_0015,0192,150,sat_0192,1,1.0,sat_0192,0192,0.938037,sat_0190,0.66962624,0.26841074,True
drone_0192_150_0016,0192,150,sat_0192,1,1.0,sat_0192,0192,0.9447122,sat_0190,0.6515356,0.29317665,True
drone_0192_150_0017,0192,150,sat_0192,1,1.0,sat_0192,0192,0.923077,sat_0190,0.69362444,0.22945255,True
drone_0192_150_0018,0192,150,sat_0192,1,1.0,sat_0192,0192,0.9221203,sat_0190,0.65834886,0.2637714,True
drone_0192_150_0019,0192,150,sat_0192,1,1.0,sat_0192,0192,0.93494916,sat_0190,0.6484529,0.28649628,True
drone_0192_150_0020,0192,150,sat_0192,1,1.0,sat_0192,0192,0.9365298,sat_0190,0.695863,0.2406668,True
drone_0192_150_0021,0192,150,sat_0192,1,1.0,sat_0192,0192,0.9516933,sat_0190,0.6625941,0.28909922,True
drone_0192_150_0022,0192,150,sat_0192,1,1.0,sat_0192,0192,0.94140387,sat_0190,0.6610924,0.28031147,True
drone_0192_150_0023,0192,150,sat_0192,1,1.0,sat_0192,0192,0.9239064,sat_0190,0.6562896,0.2676168,True
drone_0192_150_0024,0192,150,sat_0192,1,1.0,sat_0192,0192,0.8949406,sat_0190,0.69149935,0.20344126,True
drone_0192_150_0025,0192,150,sat_0192,1,1.0,sat_0192,0192,0.9090149,sat_0190,0.70307755,0.20593733,True
drone_0192_150_0026,0192,150,sat_0192,1,1.0,sat_0192,0192,0.8908708,sat_0190,0.6604366,0.23043424,True
drone_0192_150_0027,0192,150,sat_0192,1,1.0,sat_0192,0192,0.9183445,sat_0190,0.6860627,0.2322818,True
drone_0192_150_0028,0192,150,sat_0192,1,1.0,sat_0192,0192,0.94096196,sat_0190,0.6772329,0.26372904,True
drone_0192_150_0029,0192,150,sat_0192,1,1.0,sat_0192,0192,0.92617255,sat_0190,0.6828793,0.24329323,True
drone_0192_150_0030,0192,150,sat_0192,1,1.0,sat_0192,0192,0.9231297,sat_0190,0.6631278,0.2600019,True
drone_0192_150_0031,0192,150,sat_0192,1,1.0,sat_0192,0192,0.9047712,sat_0190,0.6323026,0.27246863,True
drone_0192_150_0032,0192,150,sat_0192,1,1.0,sat_0192,0192,0.9008964,sat_0190,0.6474447,0.25345165,True
drone_0192_150_0033,0192,150,sat_0192,1,1.0,sat_0192,0192,0.9364569,sat_0190,0.6621543,0.2743026,True
drone_0192_150_0034,0192,150,sat_0192,1,1.0,sat_0192,0192,0.9222786,sat_0190,0.64161384,0.28066474,True
drone_0192_150_0035,0192,150,sat_0192,1,1.0,sat_0192,0192,0.9346237,sat_0190,0.65143836,0.28318536,True
drone_0192_150_0036,0192,150,sat_0192,1,1.0,sat_0192,0192,0.9220294,sat_0190,0.62730396,0.29472542,True
drone_0192_150_0037,0192,150,sat_0192,1,1.0,sat_0192,0192,0.8954172,sat_0190,0.6277039,0.2677133,True
drone_0192_150_0038,0192,150,sat_0192,1,1.0,sat_0192,0192,0.90711516,sat_0190,0.6126216,0.29449356,True
drone_0192_150_0039,0192,150,sat_0192,1,1.0,sat_0192,0192,0.92847574,sat_0190,0.6539853,0.27449042,True
drone_0192_150_0040,0192,150,sat_0192,1,1.0,sat_0192,0192,0.9344744,sat_0190,0.6221326,0.3123418,True
drone_0192_150_0041,0192,150,sat_0192,1,1.0,sat_0192,0192,0.9192304,sat_0190,0.62563056,0.29359984,True
drone_0192_150_0042,0192,150,sat_0192,1,1.0,sat_0192,0192,0.91955155,sat_0190,0.62628454,0.293267,True
drone_0192_150_0043,0192,150,sat_0192,1,1.0,sat_0192,0192,0.9037355,sat_0190,0.6286753,0.27506024,True
drone_0192_150_0044,0192,150,sat_0192,1,1.0,sat_0192,0192,0.9154511,sat_0190,0.66218364,0.25326747,True
drone_0192_150_0045,0192,150,sat_0192,1,1.0,sat_0192,0192,0.9202795,sat_0190,0.71137905,0.20890045,True
drone_0192_150_0046,0192,150,sat_0192,1,1.0,sat_0192,0192,0.92915416,sat_0190,0.6708845,0.25826967,True
drone_0192_150_0047,0192,150,sat_0192,1,1.0,sat_0192,0192,0.93564534,sat_0190,0.68422246,0.25142288,True
drone_0192_150_0048,0192,150,sat_0192,1,1.0,sat_0192,0192,0.95140743,sat_0190,0.65417236,0.29723507,True
drone_0192_150_0049,0192,150,sat_0192,1,1.0,sat_0192,0192,0.94938564,sat_0190,0.6845046,0.264881,True
drone_0198_150_0000,0198,150,sat_0198,1,1.0,sat_0198,0198,0.9249435,sat_0144,0.37202412,0.5529194,True
drone_0198_150_0001,0198,150,sat_0198,1,1.0,sat_0198,0198,0.93094575,sat_0144,0.38659734,0.5443484,True
drone_0198_150_0002,0198,150,sat_0198,1,1.0,sat_0198,0198,0.9356869,sat_0144,0.40140978,0.5342771,True
drone_0198_150_0003,0198,150,sat_0198,1,1.0,sat_0198,0198,0.92625964,sat_0144,0.37127033,0.55498934,True
drone_0198_150_0004,0198,150,sat_0198,1,1.0,sat_0198,0198,0.91741943,sat_0041,0.33381057,0.58360887,True
drone_0198_150_0005,0198,150,sat_0198,1,1.0,sat_0198,0198,0.9308382,sat_0041,0.34433278,0.5865054,True
drone_0198_150_0006,0198,150,sat_0198,1,1.0,sat_0198,0198,0.92612803,sat_0041,0.33156073,0.5945673,True
drone_0198_150_0007,0198,150,sat_0198,1,1.0,sat_0198,0198,0.9129614,sat_0182,0.34023523,0.5727262,True
drone_0198_150_0008,0198,150,sat_0198,1,1.0,sat_0198,0198,0.9238497,sat_0041,0.36397415,0.55987555,True
drone_0198_150_0009,0198,150,sat_0198,1,1.0,sat_0198,0198,0.9217229,sat_0041,0.36751002,0.55421287,True
drone_0198_150_0010,0198,150,sat_0198,1,1.0,sat_0198,0198,0.93591475,sat_0144,0.40411788,0.5317969,True
drone_0198_150_0011,0198,150,sat_0198,1,1.0,sat_0198,0198,0.9239546,sat_0144,0.425614,0.4983406,True
drone_0198_150_0012,0198,150,sat_0198,1,1.0,sat_0198,0198,0.92075187,sat_0144,0.4341296,0.48662227,True
drone_0198_150_0013,0198,150,sat_0198,1,1.0,sat_0198,0198,0.9264519,sat_0144,0.4770741,0.44937783,True
drone_0198_150_0014,0198,150,sat_0198,1,1.0,sat_0198,0198,0.89304453,sat_0144,0.57275695,0.3202876,True
drone_0198_150_0015,0198,150,sat_0198,1,1.0,sat_0198,0198,0.89636,sat_0144,0.5858707,0.3104893,True
drone_0198_150_0016,0198,150,sat_0198,1,1.0,sat_0198,0198,0.9001373,sat_0144,0.57633257,0.32380474,True
drone_0198_150_0017,0198,150,sat_0198,1,1.0,sat_0198,0198,0.88814545,sat_0144,0.54108083,0.3470646,True
drone_0198_150_0018,0198,150,sat_0198,1,1.0,sat_0198,0198,0.8897731,sat_0144,0.4320553,0.45771778,True
drone_0198_150_0019,0198,150,sat_0198,1,1.0,sat_0198,0198,0.8486845,sat_0144,0.44069403,0.40799046,True
drone_0198_150_0020,0198,150,sat_0198,1,1.0,sat_0198,0198,0.8915352,sat_0144,0.5054639,0.38607132,True
drone_0198_150_0021,0198,150,sat_0198,1,1.0,sat_0198,0198,0.8899499,sat_0144,0.48803496,0.40191495,True
drone_0198_150_0022,0198,150,sat_0198,1,1.0,sat_0198,0198,0.85521114,sat_0144,0.42845267,0.42675847,True
drone_0198_150_0023,0198,150,sat_0198,1,1.0,sat_0198,0198,0.83277434,sat_0144,0.46042866,0.3723457,True
drone_0198_150_0024,0198,150,sat_0198,1,1.0,sat_0198,0198,0.8653397,sat_0144,0.43487006,0.43046963,True
drone_0198_150_0025,0198,150,sat_0198,1,1.0,sat_0198,0198,0.8095246,sat_0041,0.40156692,0.40795767,True
drone_0198_150_0026,0198,150,sat_0198,1,1.0,sat_0198,0198,0.85630363,sat_0144,0.40405956,0.45224407,True
drone_0198_150_0027,0198,150,sat_0198,1,1.0,sat_0198,0198,0.86314505,sat_0144,0.4488003,0.41434476,True
drone_0198_150_0028,0198,150,sat_0198,1,1.0,sat_0198,0198,0.86723137,sat_0144,0.53603554,0.33119583,True
drone_0198_150_0029,0198,150,sat_0198,1,1.0,sat_0198,0198,0.87945426,sat_0144,0.48561555,0.3938387,True
drone_0198_150_0030,0198,150,sat_0198,1,1.0,sat_0198,0198,0.8882782,sat_0144,0.5149713,0.37330687,True
drone_0198_150_0031,0198,150,sat_0198,1,1.0,sat_0198,0198,0.8996895,sat_0144,0.49071056,0.40897894,True
drone_0198_150_0032,0198,150,sat_0198,1,1.0,sat_0198,0198,0.8982569,sat_0144,0.5251405,0.37311637,True
drone_0198_150_0033,0198,150,sat_0198,1,1.0,sat_0198,0198,0.91478395,sat_0144,0.47667396,0.43811,True
drone_0198_150_0034,0198,150,sat_0198,1,1.0,sat_0198,0198,0.90013635,sat_0144,0.55737543,0.34276092,True
drone_0198_150_0035,0198,150,sat_0198,1,1.0,sat_0198,0198,0.8737043,sat_0144,0.6049817,0.2687226,True
drone_0198_150_0036,0198,150,sat_0198,1,1.0,sat_0198,0198,0.8731798,sat_0144,0.53972816,0.33345163,True
drone_0198_150_0037,0198,150,sat_0198,1,1.0,sat_0198,0198,0.8564446,sat_0144,0.5072277,0.34921688,True
drone_0198_150_0038,0198,150,sat_0198,1,1.0,sat_0198,0198,0.85826135,sat_0144,0.4860872,0.37217414,True
drone_0198_150_0039,0198,150,sat_0198,1,1.0,sat_0198,0198,0.8771269,sat_0144,0.48774573,0.38938114,True
drone_0198_150_0040,0198,150,sat_0198,1,1.0,sat_0198,0198,0.89846075,sat_0144,0.46130675,0.437154,True
drone_0198_150_0041,0198,150,sat_0198,1,1.0,sat_0198,0198,0.89264077,sat_0144,0.4344384,0.45820236,True
drone_0198_150_0042,0198,150,sat_0198,1,1.0,sat_0198,0198,0.8983638,sat_0144,0.42932597,0.46903786,True
drone_0198_150_0043,0198,150,sat_0198,1,1.0,sat_0198,0198,0.9160112,sat_0144,0.43931568,0.47669554,True
drone_0198_150_0044,0198,150,sat_0198,1,1.0,sat_0198,0198,0.91176295,sat_0144,0.39070976,0.5210532,True
drone_0198_150_0045,0198,150,sat_0198,1,1.0,sat_0198,0198,0.90697205,sat_0144,0.48592275,0.4210493,True
drone_0198_150_0046,0198,150,sat_0198,1,1.0,sat_0198,0198,0.8963412,sat_0144,0.47188455,0.42445666,True
drone_0198_150_0047,0198,150,sat_0198,1,1.0,sat_0198,0198,0.919595,sat_0144,0.47240335,0.44719166,True
drone_0198_150_0048,0198,150,sat_0198,1,1.0,sat_0198,0198,0.9190189,sat_0144,0.5013494,0.41766953,True
drone_0198_150_0049,0198,150,sat_0198,1,1.0,sat_0198,0198,0.9283634,sat_0144,0.41822866,0.5101347,True
drone_0002_200_0000,0002,200,sat_0002,1,1.0,sat_0002,0002,0.8429866,sat_0140,0.6164395,0.22654706,True
drone_0002_200_0001,0002,200,sat_0002,1,1.0,sat_0002,0002,0.8466419,sat_0140,0.62546754,0.22117436,True
drone_0002_200_0002,0002,200,sat_0002,1,1.0,sat_0002,0002,0.84343857,sat_0140,0.6015199,0.24191868,True
drone_0002_200_0003,0002,200,sat_0002,1,1.0,sat_0002,0002,0.8158615,sat_0140,0.6189,0.19696152,True
drone_0002_200_0004,0002,200,sat_0002,1,1.0,sat_0002,0002,0.787303,sat_0140,0.5538288,0.2334742,True
drone_0002_200_0005,0002,200,sat_0002,1,1.0,sat_0002,0002,0.8420889,sat_0140,0.5762575,0.26583135,True
drone_0002_200_0006,0002,200,sat_0002,1,1.0,sat_0002,0002,0.80818325,sat_0140,0.6123194,0.19586384,True
drone_0002_200_0007,0002,200,sat_0002,1,1.0,sat_0002,0002,0.8093634,sat_0140,0.58097684,0.22838658,True
drone_0002_200_0008,0002,200,sat_0002,1,1.0,sat_0002,0002,0.8509679,sat_0140,0.5606733,0.2902946,True
drone_0002_200_0009,0002,200,sat_0002,1,1.0,sat_0002,0002,0.8787148,sat_0140,0.5628632,0.31585163,True
drone_0002_200_0010,0002,200,sat_0002,1,1.0,sat_0002,0002,0.83257294,sat_0140,0.5808387,0.25173426,True
drone_0002_200_0011,0002,200,sat_0002,1,1.0,sat_0002,0002,0.80974543,sat_0140,0.52213496,0.28761047,True
drone_0002_200_0012,0002,200,sat_0002,1,1.0,sat_0002,0002,0.76809835,sat_0140,0.5587783,0.20932007,True
drone_0002_200_0013,0002,200,sat_0002,1,1.0,sat_0002,0002,0.7991543,sat_0140,0.59141177,0.20774251,True
drone_0002_200_0014,0002,200,sat_0002,1,1.0,sat_0002,0002,0.8166079,sat_0140,0.56507933,0.25152856,True
drone_0002_200_0015,0002,200,sat_0002,1,1.0,sat_0002,0002,0.85221225,sat_0140,0.6442204,0.20799184,True
drone_0002_200_0016,0002,200,sat_0002,1,1.0,sat_0002,0002,0.8420855,sat_0140,0.61332273,0.22876275,True
drone_0002_200_0017,0002,200,sat_0002,1,1.0,sat_0002,0002,0.9104748,sat_0140,0.5649222,0.34555256,True
drone_0002_200_0018,0002,200,sat_0002,1,1.0,sat_0002,0002,0.889213,sat_0140,0.6167366,0.27247643,True
drone_0002_200_0019,0002,200,sat_0002,1,1.0,sat_0002,0002,0.8899509,sat_0140,0.63977104,0.25017983,True
drone_0002_200_0020,0002,200,sat_0002,1,1.0,sat_0002,0002,0.87228715,sat_0140,0.54502004,0.3272671,True
drone_0002_200_0021,0002,200,sat_0002,1,1.0,sat_0002,0002,0.88112867,sat_0140,0.59354436,0.2875843,True
drone_0002_200_0022,0002,200,sat_0002,1,1.0,sat_0002,0002,0.84189624,sat_0140,0.5909337,0.25096256,True
drone_0002_200_0023,0002,200,sat_0002,1,1.0,sat_0002,0002,0.8395855,sat_0140,0.5936772,0.24590826,True
drone_0002_200_0024,0002,200,sat_0002,1,1.0,sat_0002,0002,0.8427207,sat_0140,0.5550336,0.28768706,True
drone_0002_200_0025,0002,200,sat_0002,1,1.0,sat_0002,0002,0.8393668,sat_0140,0.5995334,0.23983341,True
drone_0002_200_0026,0002,200,sat_0002,1,1.0,sat_0002,0002,0.8465891,sat_0140,0.61839217,0.22819692,True
drone_0002_200_0027,0002,200,sat_0002,1,1.0,sat_0002,0002,0.8234522,sat_0140,0.5596006,0.26385158,True
drone_0002_200_0028,0002,200,sat_0002,1,1.0,sat_0002,0002,0.8591804,sat_0140,0.5757396,0.28344077,True
drone_0002_200_0029,0002,200,sat_0002,1,1.0,sat_0002,0002,0.8514892,sat_0140,0.6000879,0.2514013,True
drone_0002_200_0030,0002,200,sat_0002,1,1.0,sat_0002,0002,0.87775743,sat_0140,0.58901525,0.28874218,True
drone_0002_200_0031,0002,200,sat_0002,1,1.0,sat_0002,0002,0.81127906,sat_0140,0.6148644,0.19641465,True
drone_0002_200_0032,0002,200,sat_0002,1,1.0,sat_0002,0002,0.7592677,sat_0140,0.6159088,0.14335889,True
drone_0002_200_0033,0002,200,sat_0002,1,1.0,sat_0002,0002,0.814968,sat_0140,0.6695744,0.14539361,True
drone_0002_200_0034,0002,200,sat_0002,1,1.0,sat_0002,0002,0.78624856,sat_0140,0.6969391,0.089309454,True
drone_0002_200_0035,0002,200,sat_0002,1,1.0,sat_0002,0002,0.7653982,sat_0140,0.63777936,0.12761885,True
drone_0002_200_0036,0002,200,sat_0002,1,1.0,sat_0002,0002,0.73135835,sat_0027,0.64471704,0.08664131,True
drone_0002_200_0037,0002,200,sat_0002,1,1.0,sat_0002,0002,0.8308741,sat_0140,0.5786469,0.2522272,True
drone_0002_200_0038,0002,200,sat_0002,1,1.0,sat_0002,0002,0.8520925,sat_0140,0.59467137,0.25742114,True
drone_0002_200_0039,0002,200,sat_0002,1,1.0,sat_0002,0002,0.90959364,sat_0140,0.5845653,0.32502836,True
drone_0002_200_0040,0002,200,sat_0002,1,1.0,sat_0002,0002,0.87950355,sat_0140,0.56986254,0.309641,True
drone_0002_200_0041,0002,200,sat_0002,1,1.0,sat_0002,0002,0.88934934,sat_0140,0.5258805,0.36346883,True
drone_0002_200_0042,0002,200,sat_0002,1,1.0,sat_0002,0002,0.8688252,sat_0140,0.49147394,0.37735125,True
drone_0002_200_0043,0002,200,sat_0002,1,1.0,sat_0002,0002,0.83122563,sat_0164,0.49556506,0.33566058,True
drone_0002_200_0044,0002,200,sat_0002,1,1.0,sat_0002,0002,0.76088095,sat_0140,0.43615046,0.3247305,True
drone_0002_200_0045,0002,200,sat_0002,1,1.0,sat_0002,0002,0.8398795,sat_0164,0.5030401,0.33683944,True
drone_0002_200_0046,0002,200,sat_0002,1,1.0,sat_0002,0002,0.81101763,sat_0164,0.5345712,0.27644646,True
drone_0002_200_0047,0002,200,sat_0002,1,1.0,sat_0002,0002,0.8689841,sat_0140,0.5916641,0.27732003,True
drone_0002_200_0048,0002,200,sat_0002,1,1.0,sat_0002,0002,0.8063282,sat_0140,0.53444725,0.27188092,True
drone_0002_200_0049,0002,200,sat_0002,1,1.0,sat_0002,0002,0.7884625,sat_0140,0.5529062,0.2355563,True
drone_0007_200_0000,0007,200,sat_0007,3,0.3333333333333333,sat_0058,0058,0.76568484,sat_0071,0.76568484,0.0,False
drone_0007_200_0001,0007,200,sat_0007,3,0.3333333333333333,sat_0058,0058,0.7614114,sat_0071,0.7614114,0.0,False
drone_0007_200_0002,0007,200,sat_0007,3,0.3333333333333333,sat_0058,0058,0.76918715,sat_0071,0.76918715,0.0,False
drone_0007_200_0003,0007,200,sat_0007,3,0.3333333333333333,sat_0058,0058,0.78872496,sat_0071,0.78872496,0.0,False
drone_0007_200_0004,0007,200,sat_0007,3,0.3333333333333333,sat_0058,0058,0.76953775,sat_0071,0.76953775,0.0,False
drone_0007_200_0005,0007,200,sat_0007,3,0.3333333333333333,sat_0058,0058,0.75645024,sat_0071,0.75645024,0.0,False
drone_0007_200_0006,0007,200,sat_0007,3,0.3333333333333333,sat_0058,0058,0.7449065,sat_0071,0.7449065,0.0,False
drone_0007_200_0007,0007,200,sat_0007,3,0.3333333333333333,sat_0058,0058,0.7218673,sat_0071,0.7218673,0.0,False
drone_0007_200_0008,0007,200,sat_0007,3,0.3333333333333333,sat_0058,0058,0.73164654,sat_0071,0.73164654,0.0,False
drone_0007_200_0009,0007,200,sat_0007,3,0.3333333333333333,sat_0058,0058,0.7792645,sat_0071,0.7792645,0.0,False
drone_0007_200_0010,0007,200,sat_0007,3,0.3333333333333333,sat_0058,0058,0.741315,sat_0071,0.741315,0.0,False
drone_0007_200_0011,0007,200,sat_0007,1,1.0,sat_0007,0007,0.796998,sat_0058,0.7539168,0.043081224,True
drone_0007_200_0012,0007,200,sat_0007,3,0.3333333333333333,sat_0058,0058,0.778602,sat_0071,0.778602,0.0,False
drone_0007_200_0013,0007,200,sat_0007,3,0.3333333333333333,sat_0058,0058,0.8222709,sat_0071,0.8222709,0.0,False
drone_0007_200_0014,0007,200,sat_0007,3,0.3333333333333333,sat_0058,0058,0.7521788,sat_0071,0.7521788,0.0,False
drone_0007_200_0015,0007,200,sat_0007,3,0.3333333333333333,sat_0058,0058,0.79897714,sat_0071,0.79897714,0.0,False
drone_0007_200_0016,0007,200,sat_0007,1,1.0,sat_0007,0007,0.7777406,sat_0058,0.723857,0.053883612,True
drone_0007_200_0017,0007,200,sat_0007,1,1.0,sat_0007,0007,0.8168684,sat_0058,0.70198655,0.11488187,True
drone_0007_200_0018,0007,200,sat_0007,1,1.0,sat_0007,0007,0.78088224,sat_0058,0.70803165,0.072850585,True
drone_0007_200_0019,0007,200,sat_0007,1,1.0,sat_0007,0007,0.7402362,sat_0058,0.6910503,0.04918593,True
drone_0007_200_0020,0007,200,sat_0007,1,1.0,sat_0007,0007,0.7800448,sat_0058,0.6587127,0.12133211,True
drone_0007_200_0021,0007,200,sat_0007,1,1.0,sat_0007,0007,0.7152533,sat_0058,0.6283354,0.08691788,True
drone_0007_200_0022,0007,200,sat_0007,1,1.0,sat_0007,0007,0.72466075,sat_0008,0.64320123,0.08145952,True
drone_0007_200_0023,0007,200,sat_0007,1,1.0,sat_0007,0007,0.74512094,sat_0058,0.6473118,0.097809136,True
drone_0007_200_0024,0007,200,sat_0007,1,1.0,sat_0007,0007,0.6917512,sat_0008,0.69070965,0.0010415316,True
drone_0007_200_0025,0007,200,sat_0007,4,0.25,sat_0008,0008,0.73801404,sat_0058,0.7324369,0.005577147,False
drone_0007_200_0026,0007,200,sat_0007,4,0.25,sat_0058,0058,0.7551399,sat_0071,0.7551399,0.0,False
drone_0007_200_0027,0007,200,sat_0007,4,0.25,sat_0058,0058,0.73814356,sat_0071,0.73814356,0.0,False
drone_0007_200_0028,0007,200,sat_0007,4,0.25,sat_0058,0058,0.74698365,sat_0071,0.74698365,0.0,False
drone_0007_200_0029,0007,200,sat_0007,5,0.2,sat_0058,0058,0.7183094,sat_0071,0.7183094,0.0,False
drone_0007_200_0030,0007,200,sat_0007,4,0.25,sat_0008,0008,0.68554837,sat_0058,0.65782875,0.027719617,False
drone_0007_200_0031,0007,200,sat_0007,1,1.0,sat_0007,0007,0.7290149,sat_0058,0.67759395,0.051420927,True
drone_0007_200_0032,0007,200,sat_0007,1,1.0,sat_0007,0007,0.7264767,sat_0008,0.68430626,0.042170465,True
drone_0007_200_0033,0007,200,sat_0007,4,0.25,sat_0058,0058,0.7008084,sat_0071,0.7008084,0.0,False
drone_0007_200_0034,0007,200,sat_0007,4,0.25,sat_0058,0058,0.7084196,sat_0071,0.7084196,0.0,False
drone_0007_200_0035,0007,200,sat_0007,4,0.25,sat_0058,0058,0.74398726,sat_0071,0.74398726,0.0,False
drone_0007_200_0036,0007,200,sat_0007,4,0.25,sat_0008,0008,0.6898405,sat_0058,0.66935265,0.020487845,False
drone_0007_200_0037,0007,200,sat_0007,3,0.3333333333333333,sat_0058,0058,0.7297872,sat_0071,0.7297872,0.0,False
drone_0007_200_0038,0007,200,sat_0007,1,1.0,sat_0007,0007,0.7257069,sat_0058,0.70122284,0.024484038,True
drone_0007_200_0039,0007,200,sat_0007,4,0.25,sat_0008,0008,0.64642674,sat_0058,0.64610445,0.0003222823,False
drone_0007_200_0040,0007,200,sat_0007,1,1.0,sat_0007,0007,0.6625248,sat_0008,0.62643206,0.03609276,True
drone_0007_200_0041,0007,200,sat_0007,4,0.25,sat_0008,0008,0.64225674,sat_0058,0.6293726,0.01288414,False
drone_0007_200_0042,0007,200,sat_0007,4,0.25,sat_0058,0058,0.69717413,sat_0071,0.69717413,0.0,False
drone_0007_200_0043,0007,200,sat_0007,4,0.25,sat_0058,0058,0.73908514,sat_0071,0.73908514,0.0,False
drone_0007_200_0044,0007,200,sat_0007,3,0.3333333333333333,sat_0058,0058,0.7566662,sat_0071,0.7566662,0.0,False
drone_0007_200_0045,0007,200,sat_0007,4,0.25,sat_0058,0058,0.81504726,sat_0071,0.81504726,0.0,False
drone_0007_200_0046,0007,200,sat_0007,4,0.25,sat_0058,0058,0.80181825,sat_0071,0.80181825,0.0,False
drone_0007_200_0047,0007,200,sat_0007,4,0.25,sat_0058,0058,0.7837752,sat_0071,0.7837752,0.0,False
drone_0007_200_0048,0007,200,sat_0007,3,0.3333333333333333,sat_0058,0058,0.78739285,sat_0071,0.78739285,0.0,False
drone_0007_200_0049,0007,200,sat_0007,4,0.25,sat_0058,0058,0.7725179,sat_0071,0.7725179,0.0,False
drone_0008_200_0000,0008,200,sat_0008,1,1.0,sat_0008,0008,0.869374,sat_0058,0.5356072,0.33376676,True
drone_0008_200_0001,0008,200,sat_0008,1,1.0,sat_0008,0008,0.8427855,sat_0058,0.5026843,0.34010118,True
drone_0008_200_0002,0008,200,sat_0008,1,1.0,sat_0008,0008,0.84003544,sat_0198,0.4995738,0.34046164,True
drone_0008_200_0003,0008,200,sat_0008,1,1.0,sat_0008,0008,0.8307851,sat_0198,0.5314462,0.29933888,True
drone_0008_200_0004,0008,200,sat_0008,1,1.0,sat_0008,0008,0.8128295,sat_0198,0.5536194,0.2592101,True
drone_0008_200_0005,0008,200,sat_0008,1,1.0,sat_0008,0008,0.825238,sat_0198,0.5694605,0.25577748,True
drone_0008_200_0006,0008,200,sat_0008,1,1.0,sat_0008,0008,0.8411151,sat_0198,0.5766651,0.26445,True
drone_0008_200_0007,0008,200,sat_0008,1,1.0,sat_0008,0008,0.8624467,sat_0198,0.5345975,0.3278492,True
drone_0008_200_0008,0008,200,sat_0008,1,1.0,sat_0008,0008,0.8644291,sat_0058,0.5316191,0.33281004,True
drone_0008_200_0009,0008,200,sat_0008,1,1.0,sat_0008,0008,0.85701126,sat_0058,0.48117134,0.37583992,True
drone_0008_200_0010,0008,200,sat_0008,1,1.0,sat_0008,0008,0.8218799,sat_0198,0.5496462,0.27223372,True
drone_0008_200_0011,0008,200,sat_0008,1,1.0,sat_0008,0008,0.8115455,sat_0198,0.56895876,0.24258673,True
drone_0008_200_0012,0008,200,sat_0008,1,1.0,sat_0008,0008,0.79160184,sat_0198,0.6007343,0.19086754,True
drone_0008_200_0013,0008,200,sat_0008,1,1.0,sat_0008,0008,0.8019709,sat_0198,0.5611856,0.2407853,True
drone_0008_200_0014,0008,200,sat_0008,1,1.0,sat_0008,0008,0.78912556,sat_0198,0.59889245,0.19023311,True
drone_0008_200_0015,0008,200,sat_0008,1,1.0,sat_0008,0008,0.8142609,sat_0198,0.5953158,0.21894509,True
drone_0008_200_0016,0008,200,sat_0008,1,1.0,sat_0008,0008,0.79163265,sat_0198,0.63054085,0.1610918,True
drone_0008_200_0017,0008,200,sat_0008,1,1.0,sat_0008,0008,0.8013795,sat_0198,0.64175636,0.15962315,True
drone_0008_200_0018,0008,200,sat_0008,1,1.0,sat_0008,0008,0.79102594,sat_0198,0.6478011,0.14322484,True
drone_0008_200_0019,0008,200,sat_0008,1,1.0,sat_0008,0008,0.8810922,sat_0058,0.4667561,0.4143361,True
drone_0008_200_0020,0008,200,sat_0008,1,1.0,sat_0008,0008,0.8981772,sat_0058,0.482736,0.41544122,True
drone_0008_200_0021,0008,200,sat_0008,1,1.0,sat_0008,0008,0.9189301,sat_0058,0.5302478,0.3886823,True
drone_0008_200_0022,0008,200,sat_0008,1,1.0,sat_0008,0008,0.88091135,sat_0058,0.585381,0.29553038,True
drone_0008_200_0023,0008,200,sat_0008,1,1.0,sat_0008,0008,0.8594021,sat_0058,0.567278,0.2921241,True
drone_0008_200_0024,0008,200,sat_0008,1,1.0,sat_0008,0008,0.8446044,sat_0058,0.58523214,0.25937223,True
drone_0008_200_0025,0008,200,sat_0008,1,1.0,sat_0008,0008,0.84192383,sat_0058,0.59379697,0.24812686,True
drone_0008_200_0026,0008,200,sat_0008,1,1.0,sat_0008,0008,0.8111368,sat_0058,0.53471875,0.27641803,True
drone_0008_200_0027,0008,200,sat_0008,1,1.0,sat_0008,0008,0.7830033,sat_0198,0.59578526,0.18721801,True
drone_0008_200_0028,0008,200,sat_0008,1,1.0,sat_0008,0008,0.76980966,sat_0198,0.5138462,0.25596344,True
drone_0008_200_0029,0008,200,sat_0008,1,1.0,sat_0008,0008,0.78351396,sat_0198,0.5024173,0.28109664,True
drone_0008_200_0030,0008,200,sat_0008,1,1.0,sat_0008,0008,0.74887323,sat_0198,0.52297586,0.22589737,True
drone_0008_200_0031,0008,200,sat_0008,1,1.0,sat_0008,0008,0.7898416,sat_0058,0.5112645,0.2785771,True
drone_0008_200_0032,0008,200,sat_0008,1,1.0,sat_0008,0008,0.7505566,sat_0198,0.5127444,0.23781216,True
drone_0008_200_0033,0008,200,sat_0008,1,1.0,sat_0008,0008,0.7646403,sat_0198,0.5385918,0.22604847,True
drone_0008_200_0034,0008,200,sat_0008,1,1.0,sat_0008,0008,0.759526,sat_0198,0.53848636,0.22103965,True
drone_0008_200_0035,0008,200,sat_0008,1,1.0,sat_0008,0008,0.7986447,sat_0198,0.5595832,0.23906153,True
drone_0008_200_0036,0008,200,sat_0008,1,1.0,sat_0008,0008,0.8496755,sat_0058,0.58255714,0.26711833,True
drone_0008_200_0037,0008,200,sat_0008,1,1.0,sat_0008,0008,0.8797755,sat_0058,0.5793365,0.300439,True
drone_0008_200_0038,0008,200,sat_0008,1,1.0,sat_0008,0008,0.88686144,sat_0058,0.57496756,0.31189388,True
drone_0008_200_0039,0008,200,sat_0008,1,1.0,sat_0008,0008,0.91931367,sat_0058,0.5463382,0.37297547,True
drone_0008_200_0040,0008,200,sat_0008,1,1.0,sat_0008,0008,0.9018255,sat_0036,0.4749288,0.4268967,True
drone_0008_200_0041,0008,200,sat_0008,1,1.0,sat_0008,0008,0.8983642,sat_0036,0.45005497,0.4483092,True
drone_0008_200_0042,0008,200,sat_0008,1,1.0,sat_0008,0008,0.9068613,sat_0036,0.48176125,0.42510006,True
drone_0008_200_0043,0008,200,sat_0008,1,1.0,sat_0008,0008,0.9040679,sat_0058,0.49340373,0.41066414,True
drone_0008_200_0044,0008,200,sat_0008,1,1.0,sat_0008,0008,0.88517123,sat_0058,0.5747766,0.31039464,True
drone_0008_200_0045,0008,200,sat_0008,1,1.0,sat_0008,0008,0.7984952,sat_0198,0.6149167,0.18357849,True
drone_0008_200_0046,0008,200,sat_0008,1,1.0,sat_0008,0008,0.83789086,sat_0058,0.53368425,0.3042066,True
drone_0008_200_0047,0008,200,sat_0008,1,1.0,sat_0008,0008,0.78246176,sat_0198,0.5819292,0.20053256,True
drone_0008_200_0048,0008,200,sat_0008,1,1.0,sat_0008,0008,0.80250055,sat_0198,0.5322239,0.27027667,True
drone_0008_200_0049,0008,200,sat_0008,1,1.0,sat_0008,0008,0.7860267,sat_0198,0.4762633,0.3097634,True
drone_0009_200_0000,0009,200,sat_0009,1,1.0,sat_0009,0009,0.92497385,sat_0007,0.4535153,0.47145855,True
drone_0009_200_0001,0009,200,sat_0009,1,1.0,sat_0009,0009,0.9388369,sat_0007,0.50049365,0.43834323,True
drone_0009_200_0002,0009,200,sat_0009,1,1.0,sat_0009,0009,0.9417404,sat_0007,0.51211256,0.42962784,True
drone_0009_200_0003,0009,200,sat_0009,1,1.0,sat_0009,0009,0.9421345,sat_0007,0.47897363,0.46316087,True
drone_0009_200_0004,0009,200,sat_0009,1,1.0,sat_0009,0009,0.93996924,sat_0007,0.47076154,0.4692077,True
drone_0009_200_0005,0009,200,sat_0009,1,1.0,sat_0009,0009,0.9471489,sat_0007,0.45087802,0.4962709,True
drone_0009_200_0006,0009,200,sat_0009,1,1.0,sat_0009,0009,0.94761455,sat_0007,0.48594648,0.46166807,True
drone_0009_200_0007,0009,200,sat_0009,1,1.0,sat_0009,0009,0.9545056,sat_0007,0.46389133,0.4906143,True
drone_0009_200_0008,0009,200,sat_0009,1,1.0,sat_0009,0009,0.94375515,sat_0007,0.45470202,0.48905313,True
drone_0009_200_0009,0009,200,sat_0009,1,1.0,sat_0009,0009,0.92639565,sat_0007,0.43953708,0.48685858,True
drone_0009_200_0010,0009,200,sat_0009,1,1.0,sat_0009,0009,0.91454625,sat_0007,0.44823554,0.4663107,True
drone_0009_200_0011,0009,200,sat_0009,1,1.0,sat_0009,0009,0.9203537,sat_0007,0.44074607,0.47960764,True
drone_0009_200_0012,0009,200,sat_0009,1,1.0,sat_0009,0009,0.9247646,sat_0007,0.47615927,0.4486053,True
drone_0009_200_0013,0009,200,sat_0009,1,1.0,sat_0009,0009,0.9246141,sat_0140,0.45618996,0.4684241,True
drone_0009_200_0014,0009,200,sat_0009,1,1.0,sat_0009,0009,0.9247471,sat_0140,0.46255782,0.4621893,True
drone_0009_200_0015,0009,200,sat_0009,1,1.0,sat_0009,0009,0.908057,sat_0007,0.44488308,0.4631739,True
drone_0009_200_0016,0009,200,sat_0009,1,1.0,sat_0009,0009,0.89231825,sat_0007,0.43082988,0.46148837,True
drone_0009_200_0017,0009,200,sat_0009,1,1.0,sat_0009,0009,0.89593357,sat_0140,0.41229233,0.48364124,True
drone_0009_200_0018,0009,200,sat_0009,1,1.0,sat_0009,0009,0.89901197,sat_0007,0.4102828,0.48872918,True
drone_0009_200_0019,0009,200,sat_0009,1,1.0,sat_0009,0009,0.8692797,sat_0007,0.3969831,0.4722966,True
drone_0009_200_0020,0009,200,sat_0009,1,1.0,sat_0009,0009,0.90923166,sat_0007,0.47196522,0.43726644,True
drone_0009_200_0021,0009,200,sat_0009,1,1.0,sat_0009,0009,0.8557013,sat_0007,0.5000793,0.35562205,True
drone_0009_200_0022,0009,200,sat_0009,1,1.0,sat_0009,0009,0.86798227,sat_0007,0.5182267,0.3497556,True
drone_0009_200_0023,0009,200,sat_0009,1,1.0,sat_0009,0009,0.8553862,sat_0007,0.60911685,0.24626935,True
drone_0009_200_0024,0009,200,sat_0009,1,1.0,sat_0009,0009,0.8657614,sat_0007,0.5394965,0.32626492,True
drone_0009_200_0025,0009,200,sat_0009,1,1.0,sat_0009,0009,0.873123,sat_0007,0.5344933,0.33862966,True
drone_0009_200_0026,0009,200,sat_0009,1,1.0,sat_0009,0009,0.8908506,sat_0007,0.5362686,0.354582,True
drone_0009_200_0027,0009,200,sat_0009,1,1.0,sat_0009,0009,0.9103051,sat_0007,0.546157,0.36414808,True
drone_0009_200_0028,0009,200,sat_0009,1,1.0,sat_0009,0009,0.91930515,sat_0007,0.5122825,0.40702266,True
drone_0009_200_0029,0009,200,sat_0009,1,1.0,sat_0009,0009,0.923624,sat_0007,0.51098704,0.41263694,True
drone_0009_200_0030,0009,200,sat_0009,1,1.0,sat_0009,0009,0.92924196,sat_0007,0.4774847,0.45175725,True
drone_0009_200_0031,0009,200,sat_0009,1,1.0,sat_0009,0009,0.94766384,sat_0007,0.4666233,0.48104054,True
drone_0009_200_0032,0009,200,sat_0009,1,1.0,sat_0009,0009,0.95365924,sat_0007,0.47949827,0.47416097,True
drone_0009_200_0033,0009,200,sat_0009,1,1.0,sat_0009,0009,0.9220413,sat_0007,0.5315813,0.39046,True
drone_0009_200_0034,0009,200,sat_0009,1,1.0,sat_0009,0009,0.9037598,sat_0007,0.5082437,0.3955161,True
drone_0009_200_0035,0009,200,sat_0009,1,1.0,sat_0009,0009,0.89225423,sat_0007,0.42413828,0.46811596,True
drone_0009_200_0036,0009,200,sat_0009,1,1.0,sat_0009,0009,0.89576256,sat_0007,0.36982596,0.5259366,True
drone_0009_200_0037,0009,200,sat_0009,1,1.0,sat_0009,0009,0.9363886,sat_0007,0.4047114,0.53167725,True
drone_0009_200_0038,0009,200,sat_0009,1,1.0,sat_0009,0009,0.943931,sat_0007,0.45056644,0.49336454,True
drone_0009_200_0039,0009,200,sat_0009,1,1.0,sat_0009,0009,0.9384437,sat_0007,0.45106035,0.48738337,True
drone_0009_200_0040,0009,200,sat_0009,1,1.0,sat_0009,0009,0.9322392,sat_0007,0.46749765,0.46474153,True
drone_0009_200_0041,0009,200,sat_0009,1,1.0,sat_0009,0009,0.93149865,sat_0007,0.45736828,0.47413036,True
drone_0009_200_0042,0009,200,sat_0009,1,1.0,sat_0009,0009,0.9257264,sat_0007,0.446603,0.4791234,True
drone_0009_200_0043,0009,200,sat_0009,1,1.0,sat_0009,0009,0.9076544,sat_0007,0.413602,0.4940524,True
drone_0009_200_0044,0009,200,sat_0009,1,1.0,sat_0009,0009,0.88774645,sat_0007,0.41085047,0.476896,True
drone_0009_200_0045,0009,200,sat_0009,1,1.0,sat_0009,0009,0.8721681,sat_0007,0.3658498,0.50631833,True
drone_0009_200_0046,0009,200,sat_0009,1,1.0,sat_0009,0009,0.8795516,sat_0007,0.3562812,0.52327037,True
drone_0009_200_0047,0009,200,sat_0009,1,1.0,sat_0009,0009,0.89224714,sat_0007,0.41668588,0.47556126,True
drone_0009_200_0048,0009,200,sat_0009,1,1.0,sat_0009,0009,0.89204127,sat_0007,0.44240355,0.4496377,True
drone_0009_200_0049,0009,200,sat_0009,1,1.0,sat_0009,0009,0.9073669,sat_0007,0.48455265,0.42281422,True
drone_0023_200_0000,0023,200,sat_0023,1,1.0,sat_0023,0023,0.8162004,sat_0058,0.416295,0.39990538,True
drone_0023_200_0001,0023,200,sat_0023,1,1.0,sat_0023,0023,0.82487893,sat_0058,0.42692316,0.39795578,True
drone_0023_200_0002,0023,200,sat_0023,1,1.0,sat_0023,0023,0.81990767,sat_0155,0.43197316,0.3879345,True
drone_0023_200_0003,0023,200,sat_0023,1,1.0,sat_0023,0023,0.810461,sat_0155,0.4445796,0.36588138,True
drone_0023_200_0004,0023,200,sat_0023,1,1.0,sat_0023,0023,0.8157817,sat_0058,0.45527428,0.36050743,True
drone_0023_200_0005,0023,200,sat_0023,1,1.0,sat_0023,0023,0.83768576,sat_0155,0.4344683,0.40321746,True
drone_0023_200_0006,0023,200,sat_0023,1,1.0,sat_0023,0023,0.8072511,sat_0058,0.44145292,0.36579818,True
drone_0023_200_0007,0023,200,sat_0023,1,1.0,sat_0023,0023,0.78533554,sat_0058,0.4942522,0.29108334,True
drone_0023_200_0008,0023,200,sat_0023,1,1.0,sat_0023,0023,0.79730463,sat_0155,0.5048431,0.2924615,True
drone_0023_200_0009,0023,200,sat_0023,1,1.0,sat_0023,0023,0.8191521,sat_0155,0.51613647,0.30301565,True
drone_0023_200_0010,0023,200,sat_0023,1,1.0,sat_0023,0023,0.8224747,sat_0155,0.5179902,0.30448455,True
drone_0023_200_0011,0023,200,sat_0023,1,1.0,sat_0023,0023,0.86021507,sat_0155,0.49360964,0.36660543,True
drone_0023_200_0012,0023,200,sat_0023,1,1.0,sat_0023,0023,0.8441301,sat_0058,0.47658938,0.36754072,True
drone_0023_200_0013,0023,200,sat_0023,1,1.0,sat_0023,0023,0.8437976,sat_0058,0.5181299,0.32566774,True
drone_0023_200_0014,0023,200,sat_0023,1,1.0,sat_0023,0023,0.86237687,sat_0058,0.48982036,0.3725565,True
drone_0023_200_0015,0023,200,sat_0023,1,1.0,sat_0023,0023,0.8482094,sat_0058,0.538042,0.31016737,True
drone_0023_200_0016,0023,200,sat_0023,1,1.0,sat_0023,0023,0.8487619,sat_0155,0.50099915,0.34776276,True
drone_0023_200_0017,0023,200,sat_0023,1,1.0,sat_0023,0023,0.85401726,sat_0058,0.56080276,0.2932145,True
drone_0023_200_0018,0023,200,sat_0023,1,1.0,sat_0023,0023,0.88077414,sat_0058,0.51572,0.36505413,True
drone_0023_200_0019,0023,200,sat_0023,1,1.0,sat_0023,0023,0.87767863,sat_0058,0.5265848,0.35109383,True
drone_0023_200_0020,0023,200,sat_0023,1,1.0,sat_0023,0023,0.8564785,sat_0058,0.50317854,0.35329998,True
drone_0023_200_0021,0023,200,sat_0023,1,1.0,sat_0023,0023,0.8643176,sat_0058,0.45737034,0.40694726,True
drone_0023_200_0022,0023,200,sat_0023,1,1.0,sat_0023,0023,0.8155808,sat_0058,0.46847513,0.34710565,True
drone_0023_200_0023,0023,200,sat_0023,1,1.0,sat_0023,0023,0.79706824,sat_0058,0.50125605,0.2958122,True
drone_0023_200_0024,0023,200,sat_0023,1,1.0,sat_0023,0023,0.77322876,sat_0058,0.51835805,0.2548707,True
drone_0023_200_0025,0023,200,sat_0023,1,1.0,sat_0023,0023,0.746256,sat_0058,0.54280335,0.20345265,True
drone_0023_200_0026,0023,200,sat_0023,1,1.0,sat_0023,0023,0.82943773,sat_0058,0.5065209,0.3229168,True
drone_0023_200_0027,0023,200,sat_0023,1,1.0,sat_0023,0023,0.8140445,sat_0058,0.50272584,0.31131864,True
drone_0023_200_0028,0023,200,sat_0023,1,1.0,sat_0023,0023,0.8567394,sat_0058,0.4576397,0.3990997,True
drone_0023_200_0029,0023,200,sat_0023,1,1.0,sat_0023,0023,0.87572044,sat_0058,0.4187242,0.45699623,True
drone_0023_200_0030,0023,200,sat_0023,1,1.0,sat_0023,0023,0.8316419,sat_0058,0.4545012,0.3771407,True
drone_0023_200_0031,0023,200,sat_0023,1,1.0,sat_0023,0023,0.87055117,sat_0058,0.40582317,0.464728,True
drone_0023_200_0032,0023,200,sat_0023,1,1.0,sat_0023,0023,0.9000561,sat_0058,0.43048713,0.469569,True
drone_0023_200_0033,0023,200,sat_0023,1,1.0,sat_0023,0023,0.9035654,sat_0058,0.4336681,0.4698973,True
drone_0023_200_0034,0023,200,sat_0023,1,1.0,sat_0023,0023,0.90167844,sat_0058,0.4683628,0.43331563,True
drone_0023_200_0035,0023,200,sat_0023,1,1.0,sat_0023,0023,0.87945294,sat_0058,0.47389787,0.40555507,True
drone_0023_200_0036,0023,200,sat_0023,1,1.0,sat_0023,0023,0.87122667,sat_0058,0.4775372,0.39368945,True
drone_0023_200_0037,0023,200,sat_0023,1,1.0,sat_0023,0023,0.9015959,sat_0058,0.44392183,0.45767406,True
drone_0023_200_0038,0023,200,sat_0023,1,1.0,sat_0023,0023,0.9195535,sat_0058,0.45084816,0.46870536,True
drone_0023_200_0039,0023,200,sat_0023,1,1.0,sat_0023,0023,0.91570014,sat_0058,0.44449848,0.47120166,True
drone_0023_200_0040,0023,200,sat_0023,1,1.0,sat_0023,0023,0.90609616,sat_0058,0.46744874,0.43864742,True
drone_0023_200_0041,0023,200,sat_0023,1,1.0,sat_0023,0023,0.8990129,sat_0058,0.54641616,0.35259676,True
drone_0023_200_0042,0023,200,sat_0023,1,1.0,sat_0023,0023,0.8984872,sat_0058,0.5540165,0.34447074,True
drone_0023_200_0043,0023,200,sat_0023,1,1.0,sat_0023,0023,0.9026091,sat_0058,0.49917483,0.40343428,True
drone_0023_200_0044,0023,200,sat_0023,1,1.0,sat_0023,0023,0.8860943,sat_0058,0.534973,0.35112125,True
drone_0023_200_0045,0023,200,sat_0023,1,1.0,sat_0023,0023,0.89250284,sat_0058,0.49828964,0.3942132,True
drone_0023_200_0046,0023,200,sat_0023,1,1.0,sat_0023,0023,0.88049185,sat_0058,0.49645215,0.3840397,True
drone_0023_200_0047,0023,200,sat_0023,1,1.0,sat_0023,0023,0.89164513,sat_0058,0.4587217,0.43292344,True
drone_0023_200_0048,0023,200,sat_0023,1,1.0,sat_0023,0023,0.86514556,sat_0058,0.46087816,0.4042674,True
drone_0023_200_0049,0023,200,sat_0023,1,1.0,sat_0023,0023,0.8534768,sat_0058,0.42206955,0.43140727,True
drone_0024_200_0000,0024,200,sat_0024,1,1.0,sat_0024,0024,0.6772788,sat_0029,0.46816903,0.20910978,True
drone_0024_200_0001,0024,200,sat_0024,1,1.0,sat_0024,0024,0.6818557,sat_0029,0.4900676,0.19178808,True
drone_0024_200_0002,0024,200,sat_0024,1,1.0,sat_0024,0024,0.68422544,sat_0029,0.46758023,0.21664521,True
drone_0024_200_0003,0024,200,sat_0024,1,1.0,sat_0024,0024,0.7471321,sat_0029,0.5156993,0.2314328,True
drone_0024_200_0004,0024,200,sat_0024,1,1.0,sat_0024,0024,0.7233225,sat_0029,0.50281495,0.22050756,True
drone_0024_200_0005,0024,200,sat_0024,1,1.0,sat_0024,0024,0.7436144,sat_0029,0.49753577,0.24607861,True
drone_0024_200_0006,0024,200,sat_0024,1,1.0,sat_0024,0024,0.7541991,sat_0029,0.51475644,0.23944265,True
drone_0024_200_0007,0024,200,sat_0024,1,1.0,sat_0024,0024,0.77407074,sat_0029,0.52048016,0.25359058,True
drone_0024_200_0008,0024,200,sat_0024,1,1.0,sat_0024,0024,0.8403472,sat_0029,0.46850276,0.3718444,True
drone_0024_200_0009,0024,200,sat_0024,1,1.0,sat_0024,0024,0.84271544,sat_0029,0.49873263,0.34398282,True
drone_0024_200_0010,0024,200,sat_0024,1,1.0,sat_0024,0024,0.7942587,sat_0057,0.4602527,0.334006,True
drone_0024_200_0011,0024,200,sat_0024,1,1.0,sat_0024,0024,0.7921097,sat_0029,0.471977,0.32013273,True
drone_0024_200_0012,0024,200,sat_0024,1,1.0,sat_0024,0024,0.7230942,sat_0057,0.51271147,0.21038276,True
drone_0024_200_0013,0024,200,sat_0024,1,1.0,sat_0024,0024,0.69929045,sat_0057,0.5104118,0.18887866,True
drone_0024_200_0014,0024,200,sat_0024,1,1.0,sat_0024,0024,0.75035894,sat_0057,0.4238239,0.32653505,True
drone_0024_200_0015,0024,200,sat_0024,1,1.0,sat_0024,0024,0.7270337,sat_0057,0.44889778,0.2781359,True
drone_0024_200_0016,0024,200,sat_0024,1,1.0,sat_0024,0024,0.73991567,sat_0057,0.4213578,0.31855786,True
drone_0024_200_0017,0024,200,sat_0024,1,1.0,sat_0024,0024,0.7558287,sat_0029,0.43317863,0.32265005,True
drone_0024_200_0018,0024,200,sat_0024,1,1.0,sat_0024,0024,0.7793211,sat_0029,0.46356195,0.31575912,True
drone_0024_200_0019,0024,200,sat_0024,1,1.0,sat_0024,0024,0.7642146,sat_0029,0.4020539,0.36216068,True
drone_0024_200_0020,0024,200,sat_0024,1,1.0,sat_0024,0024,0.7119185,sat_0029,0.37440243,0.33751604,True
drone_0024_200_0021,0024,200,sat_0024,1,1.0,sat_0024,0024,0.71600664,sat_0057,0.37193954,0.3440671,True
drone_0024_200_0022,0024,200,sat_0024,1,1.0,sat_0024,0024,0.63933617,sat_0057,0.46925604,0.17008013,True
drone_0024_200_0023,0024,200,sat_0024,1,1.0,sat_0024,0024,0.6783185,sat_0057,0.368605,0.3097135,True
drone_0024_200_0024,0024,200,sat_0024,1,1.0,sat_0024,0024,0.6471872,sat_0057,0.46491268,0.18227449,True
drone_0024_200_0025,0024,200,sat_0024,1,1.0,sat_0024,0024,0.66249293,sat_0029,0.33882612,0.3236668,True
drone_0024_200_0026,0024,200,sat_0024,1,1.0,sat_0024,0024,0.6445651,sat_0057,0.36241382,0.28215128,True
drone_0024_200_0027,0024,200,sat_0024,1,1.0,sat_0024,0024,0.71895385,sat_0029,0.44761023,0.27134362,True
drone_0024_200_0028,0024,200,sat_0024,1,1.0,sat_0024,0024,0.70925957,sat_0029,0.44528997,0.2639696,True
drone_0024_200_0029,0024,200,sat_0024,1,1.0,sat_0024,0024,0.6961889,sat_0057,0.48704445,0.20914447,True
drone_0024_200_0030,0024,200,sat_0024,1,1.0,sat_0024,0024,0.7232631,sat_0057,0.49107394,0.23218915,True
drone_0024_200_0031,0024,200,sat_0024,1,1.0,sat_0024,0024,0.67891264,sat_0057,0.5214219,0.15749073,True
drone_0024_200_0032,0024,200,sat_0024,1,1.0,sat_0024,0024,0.6928809,sat_0057,0.5469403,0.1459406,True
drone_0024_200_0033,0024,200,sat_0024,1,1.0,sat_0024,0024,0.6615716,sat_0057,0.55825764,0.10331398,True
drone_0024_200_0034,0024,200,sat_0024,1,1.0,sat_0024,0024,0.67833555,sat_0057,0.4252002,0.25313535,True
drone_0024_200_0035,0024,200,sat_0024,1,1.0,sat_0024,0024,0.67800796,sat_0057,0.46696568,0.21104228,True
drone_0024_200_0036,0024,200,sat_0024,1,1.0,sat_0024,0024,0.6530173,sat_0057,0.45916373,0.19385356,True
drone_0024_200_0037,0024,200,sat_0024,1,1.0,sat_0024,0024,0.65824884,sat_0057,0.42499036,0.23325849,True
drone_0024_200_0038,0024,200,sat_0024,1,1.0,sat_0024,0024,0.63822395,sat_0029,0.40619516,0.23202878,True
drone_0024_200_0039,0024,200,sat_0024,1,1.0,sat_0024,0024,0.6518364,sat_0057,0.4012764,0.25056,True
drone_0024_200_0040,0024,200,sat_0024,1,1.0,sat_0024,0024,0.53597856,sat_0057,0.39516973,0.14080882,True
drone_0024_200_0041,0024,200,sat_0024,1,1.0,sat_0024,0024,0.48634785,sat_0057,0.46320194,0.023145914,True
drone_0024_200_0042,0024,200,sat_0024,2,0.5,sat_0057,0057,0.5790554,sat_0024,0.5551369,0.02391851,False
drone_0024_200_0043,0024,200,sat_0024,2,0.5,sat_0057,0057,0.5852142,sat_0024,0.5079179,0.07729632,False
drone_0024_200_0044,0024,200,sat_0024,2,0.5,sat_0057,0057,0.56992984,sat_0024,0.56559145,0.0043383837,False
drone_0024_200_0045,0024,200,sat_0024,1,1.0,sat_0024,0024,0.59340423,sat_0057,0.5295535,0.06385076,True
drone_0024_200_0046,0024,200,sat_0024,1,1.0,sat_0024,0024,0.6582962,sat_0057,0.51244557,0.14585066,True
drone_0024_200_0047,0024,200,sat_0024,1,1.0,sat_0024,0024,0.67773575,sat_0057,0.47579443,0.20194131,True
drone_0024_200_0048,0024,200,sat_0024,1,1.0,sat_0024,0024,0.6822785,sat_0057,0.5165328,0.16574574,True
drone_0024_200_0049,0024,200,sat_0024,1,1.0,sat_0024,0024,0.69062877,sat_0057,0.51338136,0.1772474,True
drone_0027_200_0000,0027,200,sat_0027,1,1.0,sat_0027,0027,0.86633694,sat_0140,0.49290597,0.37343097,True
drone_0027_200_0001,0027,200,sat_0027,1,1.0,sat_0027,0027,0.87310535,sat_0140,0.48842975,0.3846756,True
drone_0027_200_0002,0027,200,sat_0027,1,1.0,sat_0027,0027,0.84486544,sat_0002,0.5024207,0.34244472,True
drone_0027_200_0003,0027,200,sat_0027,1,1.0,sat_0027,0027,0.8737932,sat_0002,0.47305852,0.40073466,True
drone_0027_200_0004,0027,200,sat_0027,1,1.0,sat_0027,0027,0.826769,sat_0140,0.5052214,0.32154757,True
drone_0027_200_0005,0027,200,sat_0027,1,1.0,sat_0027,0027,0.85201466,sat_0002,0.49312258,0.35889208,True
drone_0027_200_0006,0027,200,sat_0027,1,1.0,sat_0027,0027,0.8576539,sat_0140,0.51352423,0.34412968,True
drone_0027_200_0007,0027,200,sat_0027,1,1.0,sat_0027,0027,0.8574904,sat_0002,0.5011457,0.3563447,True
drone_0027_200_0008,0027,200,sat_0027,1,1.0,sat_0027,0027,0.8452275,sat_0140,0.5233212,0.32190627,True
drone_0027_200_0009,0027,200,sat_0027,1,1.0,sat_0027,0027,0.8392466,sat_0140,0.5131167,0.32612985,True
drone_0027_200_0010,0027,200,sat_0027,1,1.0,sat_0027,0027,0.81230956,sat_0140,0.5474957,0.26481384,True
drone_0027_200_0011,0027,200,sat_0027,1,1.0,sat_0027,0027,0.8237048,sat_0140,0.5583322,0.26537257,True
drone_0027_200_0012,0027,200,sat_0027,1,1.0,sat_0027,0027,0.81691706,sat_0140,0.56907904,0.24783802,True
drone_0027_200_0013,0027,200,sat_0027,1,1.0,sat_0027,0027,0.8800472,sat_0140,0.5091708,0.37087643,True
drone_0027_200_0014,0027,200,sat_0027,1,1.0,sat_0027,0027,0.87639046,sat_0140,0.5021745,0.37421596,True
drone_0027_200_0015,0027,200,sat_0027,1,1.0,sat_0027,0027,0.85608494,sat_0140,0.53870326,0.31738168,True
drone_0027_200_0016,0027,200,sat_0027,1,1.0,sat_0027,0027,0.8406459,sat_0140,0.515107,0.32553893,True
drone_0027_200_0017,0027,200,sat_0027,1,1.0,sat_0027,0027,0.84664905,sat_0140,0.5063964,0.34025264,True
drone_0027_200_0018,0027,200,sat_0027,1,1.0,sat_0027,0027,0.8401789,sat_0140,0.5320111,0.30816782,True
drone_0027_200_0019,0027,200,sat_0027,1,1.0,sat_0027,0027,0.84987223,sat_0140,0.50460577,0.34526646,True
drone_0027_200_0020,0027,200,sat_0027,1,1.0,sat_0027,0027,0.8491496,sat_0140,0.5229825,0.3261671,True
drone_0027_200_0021,0027,200,sat_0027,1,1.0,sat_0027,0027,0.86940104,sat_0140,0.51880395,0.35059708,True
drone_0027_200_0022,0027,200,sat_0027,1,1.0,sat_0027,0027,0.86619276,sat_0140,0.5505114,0.31568134,True
drone_0027_200_0023,0027,200,sat_0027,1,1.0,sat_0027,0027,0.90816504,sat_0140,0.494705,0.41346005,True
drone_0027_200_0024,0027,200,sat_0027,1,1.0,sat_0027,0027,0.9004998,sat_0140,0.49680582,0.403694,True
drone_0027_200_0025,0027,200,sat_0027,1,1.0,sat_0027,0027,0.8688852,sat_0140,0.5453248,0.32356042,True
drone_0027_200_0026,0027,200,sat_0027,1,1.0,sat_0027,0027,0.7864423,sat_0140,0.6247585,0.1616838,True
drone_0027_200_0027,0027,200,sat_0027,1,1.0,sat_0027,0027,0.801094,sat_0140,0.6294975,0.17159647,True
drone_0027_200_0028,0027,200,sat_0027,1,1.0,sat_0027,0027,0.75791895,sat_0140,0.62296903,0.13494992,True
drone_0027_200_0029,0027,200,sat_0027,1,1.0,sat_0027,0027,0.7577925,sat_0140,0.57686996,0.18092251,True
drone_0027_200_0030,0027,200,sat_0027,1,1.0,sat_0027,0027,0.7720497,sat_0140,0.6127153,0.15933442,True
drone_0027_200_0031,0027,200,sat_0027,1,1.0,sat_0027,0027,0.8073268,sat_0140,0.61477435,0.19255245,True
drone_0027_200_0032,0027,200,sat_0027,1,1.0,sat_0027,0027,0.8316325,sat_0140,0.6065489,0.22508359,True
drone_0027_200_0033,0027,200,sat_0027,1,1.0,sat_0027,0027,0.8299244,sat_0140,0.58845395,0.24147046,True
drone_0027_200_0034,0027,200,sat_0027,1,1.0,sat_0027,0027,0.8295926,sat_0140,0.597133,0.2324596,True
drone_0027_200_0035,0027,200,sat_0027,1,1.0,sat_0027,0027,0.7863664,sat_0140,0.64042455,0.14594185,True
drone_0027_200_0036,0027,200,sat_0027,1,1.0,sat_0027,0027,0.83042204,sat_0140,0.5982781,0.23214394,True
drone_0027_200_0037,0027,200,sat_0027,1,1.0,sat_0027,0027,0.7959807,sat_0140,0.6354728,0.16050792,True
drone_0027_200_0038,0027,200,sat_0027,1,1.0,sat_0027,0027,0.8321061,sat_0140,0.5785073,0.2535988,True
drone_0027_200_0039,0027,200,sat_0027,1,1.0,sat_0027,0027,0.8347019,sat_0140,0.5996779,0.23502398,True
drone_0027_200_0040,0027,200,sat_0027,1,1.0,sat_0027,0027,0.86171293,sat_0140,0.55707455,0.3046384,True
drone_0027_200_0041,0027,200,sat_0027,1,1.0,sat_0027,0027,0.8813381,sat_0140,0.48333392,0.3980042,True
drone_0027_200_0042,0027,200,sat_0027,1,1.0,sat_0027,0027,0.8692733,sat_0140,0.5424201,0.32685322,True
drone_0027_200_0043,0027,200,sat_0027,1,1.0,sat_0027,0027,0.8988841,sat_0140,0.44017783,0.4587063,True
drone_0027_200_0044,0027,200,sat_0027,1,1.0,sat_0027,0027,0.91805613,sat_0140,0.43401796,0.48403817,True
drone_0027_200_0045,0027,200,sat_0027,1,1.0,sat_0027,0027,0.93069845,sat_0140,0.40794984,0.5227486,True
drone_0027_200_0046,0027,200,sat_0027,1,1.0,sat_0027,0027,0.89210653,sat_0140,0.46077225,0.4313343,True
drone_0027_200_0047,0027,200,sat_0027,1,1.0,sat_0027,0027,0.8758306,sat_0002,0.45177704,0.42405355,True
drone_0027_200_0048,0027,200,sat_0027,1,1.0,sat_0027,0027,0.85377616,sat_0140,0.50386274,0.34991342,True
drone_0027_200_0049,0027,200,sat_0027,1,1.0,sat_0027,0027,0.85862124,sat_0140,0.53048563,0.3281356,True
drone_0029_200_0000,0029,200,sat_0029,1,1.0,sat_0029,0029,0.8809404,sat_0182,0.55258286,0.32835752,True
drone_0029_200_0001,0029,200,sat_0029,1,1.0,sat_0029,0029,0.88630706,sat_0182,0.56516016,0.3211469,True
drone_0029_200_0002,0029,200,sat_0029,1,1.0,sat_0029,0029,0.9079087,sat_0182,0.5561748,0.35173386,True
drone_0029_200_0003,0029,200,sat_0029,1,1.0,sat_0029,0029,0.88886106,sat_0182,0.54395306,0.344908,True
drone_0029_200_0004,0029,200,sat_0029,1,1.0,sat_0029,0029,0.90669405,sat_0182,0.53368574,0.3730083,True
drone_0029_200_0005,0029,200,sat_0029,1,1.0,sat_0029,0029,0.9109087,sat_0182,0.48542595,0.42548275,True
drone_0029_200_0006,0029,200,sat_0029,1,1.0,sat_0029,0029,0.9103176,sat_0182,0.44978872,0.46052888,True
drone_0029_200_0007,0029,200,sat_0029,1,1.0,sat_0029,0029,0.9039667,sat_0182,0.47519493,0.4287718,True
drone_0029_200_0008,0029,200,sat_0029,1,1.0,sat_0029,0029,0.88059556,sat_0182,0.4415017,0.43909386,True
drone_0029_200_0009,0029,200,sat_0029,1,1.0,sat_0029,0029,0.8845701,sat_0182,0.49109617,0.39347395,True
drone_0029_200_0010,0029,200,sat_0029,1,1.0,sat_0029,0029,0.8800318,sat_0182,0.4730172,0.40701464,True
drone_0029_200_0011,0029,200,sat_0029,1,1.0,sat_0029,0029,0.8938898,sat_0182,0.506512,0.3873778,True
drone_0029_200_0012,0029,200,sat_0029,1,1.0,sat_0029,0029,0.90823793,sat_0182,0.5244341,0.38380384,True
drone_0029_200_0013,0029,200,sat_0029,1,1.0,sat_0029,0029,0.90786093,sat_0182,0.50772464,0.4001363,True
drone_0029_200_0014,0029,200,sat_0029,1,1.0,sat_0029,0029,0.89289445,sat_0024,0.49368957,0.39920488,True
drone_0029_200_0015,0029,200,sat_0029,1,1.0,sat_0029,0029,0.89664423,sat_0182,0.5083105,0.38833374,True
drone_0029_200_0016,0029,200,sat_0029,1,1.0,sat_0029,0029,0.9193108,sat_0182,0.4966227,0.4226881,True
drone_0029_200_0017,0029,200,sat_0029,1,1.0,sat_0029,0029,0.90741736,sat_0182,0.49845925,0.4089581,True
drone_0029_200_0018,0029,200,sat_0029,1,1.0,sat_0029,0029,0.9270508,sat_0024,0.48740435,0.43964648,True
drone_0029_200_0019,0029,200,sat_0029,1,1.0,sat_0029,0029,0.92607677,sat_0024,0.5158295,0.41024727,True
drone_0029_200_0020,0029,200,sat_0029,1,1.0,sat_0029,0029,0.9029404,sat_0024,0.51552886,0.38741153,True
drone_0029_200_0021,0029,200,sat_0029,1,1.0,sat_0029,0029,0.91496855,sat_0024,0.46170682,0.45326173,True
drone_0029_200_0022,0029,200,sat_0029,1,1.0,sat_0029,0029,0.8954088,sat_0024,0.51733774,0.37807107,True
drone_0029_200_0023,0029,200,sat_0029,1,1.0,sat_0029,0029,0.901065,sat_0024,0.50407803,0.39698696,True
drone_0029_200_0024,0029,200,sat_0029,1,1.0,sat_0029,0029,0.89669627,sat_0024,0.4777505,0.41894576,True
drone_0029_200_0025,0029,200,sat_0029,1,1.0,sat_0029,0029,0.8805733,sat_0182,0.44378683,0.43678644,True
drone_0029_200_0026,0029,200,sat_0029,1,1.0,sat_0029,0029,0.8635846,sat_0182,0.47741267,0.3861719,True
drone_0029_200_0027,0029,200,sat_0029,1,1.0,sat_0029,0029,0.8606541,sat_0056,0.5187914,0.34186274,True
drone_0029_200_0028,0029,200,sat_0029,1,1.0,sat_0029,0029,0.8048991,sat_0182,0.5215537,0.2833454,True
drone_0029_200_0029,0029,200,sat_0029,1,1.0,sat_0029,0029,0.81663334,sat_0182,0.5436215,0.27301186,True
drone_0029_200_0030,0029,200,sat_0029,1,1.0,sat_0029,0029,0.7949873,sat_0182,0.50151443,0.2934729,True
drone_0029_200_0031,0029,200,sat_0029,1,1.0,sat_0029,0029,0.7948147,sat_0040,0.49628752,0.29852718,True
drone_0029_200_0032,0029,200,sat_0029,1,1.0,sat_0029,0029,0.81412405,sat_0182,0.5174052,0.29671884,True
drone_0029_200_0033,0029,200,sat_0029,1,1.0,sat_0029,0029,0.81373084,sat_0182,0.48408854,0.3296423,True
drone_0029_200_0034,0029,200,sat_0029,1,1.0,sat_0029,0029,0.7986459,sat_0182,0.5606937,0.23795223,True
drone_0029_200_0035,0029,200,sat_0029,1,1.0,sat_0029,0029,0.7874774,sat_0182,0.52845204,0.25902534,True
drone_0029_200_0036,0029,200,sat_0029,1,1.0,sat_0029,0029,0.8331814,sat_0182,0.52066594,0.31251544,True
drone_0029_200_0037,0029,200,sat_0029,1,1.0,sat_0029,0029,0.7648565,sat_0182,0.4800703,0.28478622,True
drone_0029_200_0038,0029,200,sat_0029,1,1.0,sat_0029,0029,0.82257843,sat_0182,0.5489766,0.27360183,True
drone_0029_200_0039,0029,200,sat_0029,1,1.0,sat_0029,0029,0.7957338,sat_0182,0.5865767,0.20915711,True
drone_0029_200_0040,0029,200,sat_0029,1,1.0,sat_0029,0029,0.8146767,sat_0182,0.5478651,0.2668116,True
drone_0029_200_0041,0029,200,sat_0029,1,1.0,sat_0029,0029,0.82930696,sat_0182,0.5707622,0.25854474,True
drone_0029_200_0042,0029,200,sat_0029,1,1.0,sat_0029,0029,0.80490315,sat_0182,0.44671226,0.3581909,True
drone_0029_200_0043,0029,200,sat_0029,1,1.0,sat_0029,0029,0.79317653,sat_0182,0.4598644,0.33331212,True
drone_0029_200_0044,0029,200,sat_0029,1,1.0,sat_0029,0029,0.78966737,sat_0182,0.48032317,0.3093442,True
drone_0029_200_0045,0029,200,sat_0029,1,1.0,sat_0029,0029,0.86373544,sat_0182,0.48850164,0.3752338,True
drone_0029_200_0046,0029,200,sat_0029,1,1.0,sat_0029,0029,0.87053454,sat_0182,0.47187018,0.39866436,True
drone_0029_200_0047,0029,200,sat_0029,1,1.0,sat_0029,0029,0.86652815,sat_0182,0.46920118,0.39732698,True
drone_0029_200_0048,0029,200,sat_0029,1,1.0,sat_0029,0029,0.8744416,sat_0182,0.48834297,0.38609865,True
drone_0029_200_0049,0029,200,sat_0029,1,1.0,sat_0029,0029,0.88402534,sat_0182,0.5167374,0.36728793,True
drone_0036_200_0000,0036,200,sat_0036,1,1.0,sat_0036,0036,0.9185043,sat_0130,0.5610148,0.35748953,True
drone_0036_200_0001,0036,200,sat_0036,1,1.0,sat_0036,0036,0.91653144,sat_0130,0.52897966,0.38755178,True
drone_0036_200_0002,0036,200,sat_0036,1,1.0,sat_0036,0036,0.9239968,sat_0130,0.57400006,0.34999675,True
drone_0036_200_0003,0036,200,sat_0036,1,1.0,sat_0036,0036,0.9046086,sat_0130,0.5648469,0.33976173,True
drone_0036_200_0004,0036,200,sat_0036,1,1.0,sat_0036,0036,0.90887743,sat_0008,0.5523973,0.35648012,True
drone_0036_200_0005,0036,200,sat_0036,1,1.0,sat_0036,0036,0.90068305,sat_0008,0.5534642,0.34721887,True
drone_0036_200_0006,0036,200,sat_0036,1,1.0,sat_0036,0036,0.8956114,sat_0130,0.5183473,0.37726408,True
drone_0036_200_0007,0036,200,sat_0036,1,1.0,sat_0036,0036,0.89337087,sat_0008,0.5191938,0.37417704,True
drone_0036_200_0008,0036,200,sat_0036,1,1.0,sat_0036,0036,0.87905705,sat_0130,0.55306166,0.3259954,True
drone_0036_200_0009,0036,200,sat_0036,1,1.0,sat_0036,0036,0.88210857,sat_0008,0.5203976,0.36171097,True
drone_0036_200_0010,0036,200,sat_0036,1,1.0,sat_0036,0036,0.8853008,sat_0130,0.56071705,0.32458377,True
drone_0036_200_0011,0036,200,sat_0036,1,1.0,sat_0036,0036,0.84809554,sat_0130,0.53209394,0.3160016,True
drone_0036_200_0012,0036,200,sat_0036,1,1.0,sat_0036,0036,0.81898654,sat_0130,0.49120292,0.3277836,True
drone_0036_200_0013,0036,200,sat_0036,1,1.0,sat_0036,0036,0.8323099,sat_0008,0.4960524,0.3362575,True
drone_0036_200_0014,0036,200,sat_0036,1,1.0,sat_0036,0036,0.8372883,sat_0008,0.5306226,0.30666572,True
drone_0036_200_0015,0036,200,sat_0036,1,1.0,sat_0036,0036,0.86532694,sat_0008,0.5594783,0.30584866,True
drone_0036_200_0016,0036,200,sat_0036,1,1.0,sat_0036,0036,0.8768988,sat_0008,0.5567743,0.3201245,True
drone_0036_200_0017,0036,200,sat_0036,1,1.0,sat_0036,0036,0.8515505,sat_0130,0.54277754,0.30877298,True
drone_0036_200_0018,0036,200,sat_0036,1,1.0,sat_0036,0036,0.87448525,sat_0130,0.54154146,0.3329438,True
drone_0036_200_0019,0036,200,sat_0036,1,1.0,sat_0036,0036,0.85852015,sat_0130,0.621395,0.23712516,True
drone_0036_200_0020,0036,200,sat_0036,1,1.0,sat_0036,0036,0.86631894,sat_0130,0.59073097,0.27558798,True
drone_0036_200_0021,0036,200,sat_0036,1,1.0,sat_0036,0036,0.8712683,sat_0130,0.570309,0.3009593,True
drone_0036_200_0022,0036,200,sat_0036,1,1.0,sat_0036,0036,0.8545542,sat_0130,0.5827787,0.27177548,True
drone_0036_200_0023,0036,200,sat_0036,1,1.0,sat_0036,0036,0.8600926,sat_0130,0.5256253,0.3344673,True
drone_0036_200_0024,0036,200,sat_0036,1,1.0,sat_0036,0036,0.8401967,sat_0130,0.53630024,0.3038965,True
drone_0036_200_0025,0036,200,sat_0036,1,1.0,sat_0036,0036,0.83002174,sat_0130,0.5149341,0.31508762,True
drone_0036_200_0026,0036,200,sat_0036,1,1.0,sat_0036,0036,0.8115908,sat_0130,0.58318084,0.22840995,True
drone_0036_200_0027,0036,200,sat_0036,1,1.0,sat_0036,0036,0.794317,sat_0130,0.63982344,0.15449357,True
drone_0036_200_0028,0036,200,sat_0036,1,1.0,sat_0036,0036,0.8069693,sat_0130,0.5953891,0.21158016,True
drone_0036_200_0029,0036,200,sat_0036,1,1.0,sat_0036,0036,0.82241493,sat_0130,0.6048211,0.21759385,True
drone_0036_200_0030,0036,200,sat_0036,1,1.0,sat_0036,0036,0.85041916,sat_0130,0.60003173,0.25038743,True
drone_0036_200_0031,0036,200,sat_0036,1,1.0,sat_0036,0036,0.8636859,sat_0130,0.5329038,0.33078212,True
drone_0036_200_0032,0036,200,sat_0036,1,1.0,sat_0036,0036,0.8270952,sat_0007,0.5482517,0.27884352,True
drone_0036_200_0033,0036,200,sat_0036,1,1.0,sat_0036,0036,0.87089956,sat_0007,0.54706204,0.32383752,True
drone_0036_200_0034,0036,200,sat_0036,1,1.0,sat_0036,0036,0.8934376,sat_0130,0.54743963,0.345998,True
drone_0036_200_0035,0036,200,sat_0036,1,1.0,sat_0036,0036,0.86825013,sat_0008,0.5359797,0.33227044,True
drone_0036_200_0036,0036,200,sat_0036,1,1.0,sat_0036,0036,0.8680264,sat_0130,0.56208676,0.3059396,True
drone_0036_200_0037,0036,200,sat_0036,1,1.0,sat_0036,0036,0.8512067,sat_0007,0.5383469,0.31285983,True
drone_0036_200_0038,0036,200,sat_0036,1,1.0,sat_0036,0036,0.8712034,sat_0130,0.5510632,0.32014024,True
drone_0036_200_0039,0036,200,sat_0036,1,1.0,sat_0036,0036,0.8725258,sat_0130,0.55838823,0.31413758,True
drone_0036_200_0040,0036,200,sat_0036,1,1.0,sat_0036,0036,0.8789831,sat_0130,0.52766454,0.35131854,True
drone_0036_200_0041,0036,200,sat_0036,1,1.0,sat_0036,0036,0.85893714,sat_0130,0.5208685,0.33806866,True
drone_0036_200_0042,0036,200,sat_0036,1,1.0,sat_0036,0036,0.86903685,sat_0130,0.5073524,0.36168444,True
drone_0036_200_0043,0036,200,sat_0036,1,1.0,sat_0036,0036,0.8575909,sat_0008,0.47244957,0.38514134,True
drone_0036_200_0044,0036,200,sat_0036,1,1.0,sat_0036,0036,0.8661634,sat_0130,0.505798,0.3603654,True
drone_0036_200_0045,0036,200,sat_0036,1,1.0,sat_0036,0036,0.8878998,sat_0130,0.5656649,0.32223493,True
drone_0036_200_0046,0036,200,sat_0036,1,1.0,sat_0036,0036,0.8937372,sat_0130,0.5788594,0.3148778,True
drone_0036_200_0047,0036,200,sat_0036,1,1.0,sat_0036,0036,0.8976996,sat_0130,0.6034011,0.29429847,True
drone_0036_200_0048,0036,200,sat_0036,1,1.0,sat_0036,0036,0.8992135,sat_0130,0.59647024,0.30274326,True
drone_0036_200_0049,0036,200,sat_0036,1,1.0,sat_0036,0036,0.9094234,sat_0130,0.5978689,0.3115545,True
drone_0040_200_0000,0040,200,sat_0040,1,1.0,sat_0040,0040,0.80299205,sat_0041,0.4111307,0.39186135,True
drone_0040_200_0001,0040,200,sat_0040,1,1.0,sat_0040,0040,0.7699667,sat_0009,0.36161423,0.4083525,True
drone_0040_200_0002,0040,200,sat_0040,1,1.0,sat_0040,0040,0.77111644,sat_0041,0.34922087,0.42189556,True
drone_0040_200_0003,0040,200,sat_0040,1,1.0,sat_0040,0040,0.7706718,sat_0041,0.33979398,0.4308778,True
drone_0040_200_0004,0040,200,sat_0040,1,1.0,sat_0040,0040,0.8483316,sat_0041,0.4223767,0.42595488,True
drone_0040_200_0005,0040,200,sat_0040,1,1.0,sat_0040,0040,0.8320584,sat_0041,0.3959112,0.43614724,True
drone_0040_200_0006,0040,200,sat_0040,1,1.0,sat_0040,0040,0.8354693,sat_0041,0.43366057,0.40180874,True
drone_0040_200_0007,0040,200,sat_0040,1,1.0,sat_0040,0040,0.8309221,sat_0041,0.42958593,0.4013362,True
drone_0040_200_0008,0040,200,sat_0040,1,1.0,sat_0040,0040,0.8467803,sat_0041,0.53254914,0.31423116,True
drone_0040_200_0009,0040,200,sat_0040,1,1.0,sat_0040,0040,0.8180962,sat_0041,0.52700394,0.29109228,True
drone_0040_200_0010,0040,200,sat_0040,1,1.0,sat_0040,0040,0.80780333,sat_0041,0.50535727,0.30244607,True
drone_0040_200_0011,0040,200,sat_0040,1,1.0,sat_0040,0040,0.7784343,sat_0041,0.4915491,0.28688517,True
drone_0040_200_0012,0040,200,sat_0040,1,1.0,sat_0040,0040,0.8004502,sat_0041,0.46665072,0.33379948,True
drone_0040_200_0013,0040,200,sat_0040,1,1.0,sat_0040,0040,0.80295247,sat_0041,0.44275752,0.36019495,True
drone_0040_200_0014,0040,200,sat_0040,1,1.0,sat_0040,0040,0.7627312,sat_0041,0.41668412,0.34604707,True
drone_0040_200_0015,0040,200,sat_0040,1,1.0,sat_0040,0040,0.7601999,sat_0029,0.44115242,0.31904748,True
drone_0040_200_0016,0040,200,sat_0040,1,1.0,sat_0040,0040,0.8154536,sat_0041,0.43019184,0.38526174,True
drone_0040_200_0017,0040,200,sat_0040,1,1.0,sat_0040,0040,0.78820825,sat_0041,0.43445954,0.3537487,True
drone_0040_200_0018,0040,200,sat_0040,1,1.0,sat_0040,0040,0.81077725,sat_0041,0.45162222,0.35915503,True
drone_0040_200_0019,0040,200,sat_0040,1,1.0,sat_0040,0040,0.8676681,sat_0041,0.50433826,0.36332983,True
drone_0040_200_0020,0040,200,sat_0040,1,1.0,sat_0040,0040,0.78687334,sat_0041,0.50027645,0.2865969,True
drone_0040_200_0021,0040,200,sat_0040,1,1.0,sat_0040,0040,0.8281895,sat_0041,0.5202647,0.3079248,True
drone_0040_200_0022,0040,200,sat_0040,1,1.0,sat_0040,0040,0.80015624,sat_0041,0.47459918,0.32555705,True
drone_0040_200_0023,0040,200,sat_0040,1,1.0,sat_0040,0040,0.7607964,sat_0041,0.45208257,0.30871385,True
drone_0040_200_0024,0040,200,sat_0040,1,1.0,sat_0040,0040,0.79198724,sat_0041,0.4514198,0.34056744,True
drone_0040_200_0025,0040,200,sat_0040,1,1.0,sat_0040,0040,0.84965223,sat_0041,0.4842112,0.36544102,True
drone_0040_200_0026,0040,200,sat_0040,1,1.0,sat_0040,0040,0.8269346,sat_0041,0.4397366,0.38719797,True
drone_0040_200_0027,0040,200,sat_0040,1,1.0,sat_0040,0040,0.82182366,sat_0041,0.39617634,0.42564732,True
drone_0040_200_0028,0040,200,sat_0040,1,1.0,sat_0040,0040,0.76829994,sat_0192,0.347743,0.42055693,True
drone_0040_200_0029,0040,200,sat_0040,1,1.0,sat_0040,0040,0.81108814,sat_0041,0.39216983,0.4189183,True
drone_0040_200_0030,0040,200,sat_0040,1,1.0,sat_0040,0040,0.76656604,sat_0072,0.35032108,0.41624495,True
drone_0040_200_0031,0040,200,sat_0040,1,1.0,sat_0040,0040,0.83643687,sat_0041,0.4538511,0.38258576,True
drone_0040_200_0032,0040,200,sat_0040,1,1.0,sat_0040,0040,0.7793863,sat_0041,0.42058122,0.35880506,True
drone_0040_200_0033,0040,200,sat_0040,1,1.0,sat_0040,0040,0.8430972,sat_0041,0.44371235,0.39938486,True
drone_0040_200_0034,0040,200,sat_0040,1,1.0,sat_0040,0040,0.87227035,sat_0072,0.45990497,0.41236538,True
drone_0040_200_0035,0040,200,sat_0040,1,1.0,sat_0040,0040,0.8818809,sat_0072,0.45653063,0.42535025,True
drone_0040_200_0036,0040,200,sat_0040,1,1.0,sat_0040,0040,0.88900924,sat_0072,0.49375102,0.39525822,True
drone_0040_200_0037,0040,200,sat_0040,1,1.0,sat_0040,0040,0.8766675,sat_0041,0.49735177,0.37931573,True
drone_0040_200_0038,0040,200,sat_0040,1,1.0,sat_0040,0040,0.8857457,sat_0041,0.55123925,0.33450645,True
drone_0040_200_0039,0040,200,sat_0040,1,1.0,sat_0040,0040,0.8617221,sat_0041,0.47432196,0.38740015,True
drone_0040_200_0040,0040,200,sat_0040,1,1.0,sat_0040,0040,0.86496496,sat_0072,0.49299508,0.37196988,True
drone_0040_200_0041,0040,200,sat_0040,1,1.0,sat_0040,0040,0.8697323,sat_0072,0.4991933,0.370539,True
drone_0040_200_0042,0040,200,sat_0040,1,1.0,sat_0040,0040,0.866533,sat_0174,0.513204,0.353329,True
drone_0040_200_0043,0040,200,sat_0040,1,1.0,sat_0040,0040,0.83992106,sat_0182,0.44593868,0.39398238,True
drone_0040_200_0044,0040,200,sat_0040,1,1.0,sat_0040,0040,0.8717344,sat_0041,0.48864174,0.38309264,True
drone_0040_200_0045,0040,200,sat_0040,1,1.0,sat_0040,0040,0.8776043,sat_0041,0.4126981,0.46490622,True
drone_0040_200_0046,0040,200,sat_0040,1,1.0,sat_0040,0040,0.81747216,sat_0041,0.4571962,0.36027595,True
drone_0040_200_0047,0040,200,sat_0040,1,1.0,sat_0040,0040,0.7724884,sat_0041,0.49890205,0.27358636,True
drone_0040_200_0048,0040,200,sat_0040,1,1.0,sat_0040,0040,0.7691405,sat_0041,0.5603476,0.20879287,True
drone_0040_200_0049,0040,200,sat_0040,1,1.0,sat_0040,0040,0.80877304,sat_0041,0.5494448,0.25932825,True
drone_0041_200_0000,0041,200,sat_0041,1,1.0,sat_0041,0041,0.8286531,sat_0190,0.54259247,0.28606063,True
drone_0041_200_0001,0041,200,sat_0041,1,1.0,sat_0041,0041,0.8306624,sat_0190,0.5495689,0.28109354,True
drone_0041_200_0002,0041,200,sat_0041,1,1.0,sat_0041,0041,0.80599624,sat_0190,0.5569507,0.24904555,True
drone_0041_200_0003,0041,200,sat_0041,1,1.0,sat_0041,0041,0.8058787,sat_0190,0.5793446,0.22653413,True
drone_0041_200_0004,0041,200,sat_0041,1,1.0,sat_0041,0041,0.80671954,sat_0190,0.5686737,0.23804587,True
drone_0041_200_0005,0041,200,sat_0041,1,1.0,sat_0041,0041,0.8107102,sat_0190,0.570114,0.24059618,True
drone_0041_200_0006,0041,200,sat_0041,1,1.0,sat_0041,0041,0.8000845,sat_0190,0.5573838,0.2427007,True
drone_0041_200_0007,0041,200,sat_0041,1,1.0,sat_0041,0041,0.8138775,sat_0190,0.5535215,0.260356,True
drone_0041_200_0008,0041,200,sat_0041,1,1.0,sat_0041,0041,0.79553956,sat_0182,0.5564383,0.23910123,True
drone_0041_200_0009,0041,200,sat_0041,1,1.0,sat_0041,0041,0.8126248,sat_0182,0.5463684,0.2662564,True
drone_0041_200_0010,0041,200,sat_0041,1,1.0,sat_0041,0041,0.83662987,sat_0190,0.54314774,0.29348212,True
drone_0041_200_0011,0041,200,sat_0041,1,1.0,sat_0041,0041,0.8404856,sat_0190,0.5193625,0.32112306,True
drone_0041_200_0012,0041,200,sat_0041,1,1.0,sat_0041,0041,0.83274233,sat_0182,0.55630857,0.27643377,True
drone_0041_200_0013,0041,200,sat_0041,1,1.0,sat_0041,0041,0.9026282,sat_0190,0.51102954,0.39159864,True
drone_0041_200_0014,0041,200,sat_0041,1,1.0,sat_0041,0041,0.8908042,sat_0190,0.5328807,0.35792345,True
drone_0041_200_0015,0041,200,sat_0041,1,1.0,sat_0041,0041,0.9200782,sat_0190,0.5065842,0.413494,True
drone_0041_200_0016,0041,200,sat_0041,1,1.0,sat_0041,0041,0.8937756,sat_0190,0.51672137,0.3770542,True
drone_0041_200_0017,0041,200,sat_0041,1,1.0,sat_0041,0041,0.8858016,sat_0190,0.4967863,0.38901532,True
drone_0041_200_0018,0041,200,sat_0041,1,1.0,sat_0041,0041,0.9067804,sat_0190,0.4774429,0.42933753,True
drone_0041_200_0019,0041,200,sat_0041,1,1.0,sat_0041,0041,0.83964056,sat_0182,0.5198899,0.31975067,True
drone_0041_200_0020,0041,200,sat_0041,1,1.0,sat_0041,0041,0.7855591,sat_0167,0.5983257,0.18723339,True
drone_0041_200_0021,0041,200,sat_0041,1,1.0,sat_0041,0041,0.7703886,sat_0182,0.6243574,0.1460312,True
drone_0041_200_0022,0041,200,sat_0041,1,1.0,sat_0041,0041,0.8420488,sat_0182,0.5060206,0.33602822,True
drone_0041_200_0023,0041,200,sat_0041,1,1.0,sat_0041,0041,0.7971511,sat_0182,0.58578616,0.21136492,True
drone_0041_200_0024,0041,200,sat_0041,1,1.0,sat_0041,0041,0.8536753,sat_0190,0.47448558,0.37918973,True
drone_0041_200_0025,0041,200,sat_0041,1,1.0,sat_0041,0041,0.80475307,sat_0182,0.577094,0.22765905,True
drone_0041_200_0026,0041,200,sat_0041,1,1.0,sat_0041,0041,0.88637275,sat_0155,0.46514744,0.4212253,True
drone_0041_200_0027,0041,200,sat_0041,1,1.0,sat_0041,0041,0.8803263,sat_0190,0.49498492,0.38534135,True
drone_0041_200_0028,0041,200,sat_0041,1,1.0,sat_0041,0041,0.8532709,sat_0190,0.53816366,0.31510723,True
drone_0041_200_0029,0041,200,sat_0041,1,1.0,sat_0041,0041,0.82908833,sat_0182,0.53847504,0.2906133,True
drone_0041_200_0030,0041,200,sat_0041,1,1.0,sat_0041,0041,0.8479773,sat_0190,0.5675595,0.2804178,True
drone_0041_200_0031,0041,200,sat_0041,1,1.0,sat_0041,0041,0.8354863,sat_0190,0.50258523,0.33290106,True
drone_0041_200_0032,0041,200,sat_0041,1,1.0,sat_0041,0041,0.9059341,sat_0190,0.5117211,0.39421302,True
drone_0041_200_0033,0041,200,sat_0041,1,1.0,sat_0041,0041,0.8824047,sat_0190,0.5086322,0.3737725,True
drone_0041_200_0034,0041,200,sat_0041,1,1.0,sat_0041,0041,0.90199393,sat_0190,0.5508722,0.35112172,True
drone_0041_200_0035,0041,200,sat_0041,1,1.0,sat_0041,0041,0.8985337,sat_0190,0.56629807,0.33223563,True
drone_0041_200_0036,0041,200,sat_0041,1,1.0,sat_0041,0041,0.9045538,sat_0190,0.5852153,0.3193385,True
drone_0041_200_0037,0041,200,sat_0041,1,1.0,sat_0041,0041,0.87062377,sat_0190,0.6091859,0.2614379,True
drone_0041_200_0038,0041,200,sat_0041,1,1.0,sat_0041,0041,0.887717,sat_0190,0.556965,0.33075202,True
drone_0041_200_0039,0041,200,sat_0041,1,1.0,sat_0041,0041,0.9013828,sat_0190,0.58767354,0.31370926,True
drone_0041_200_0040,0041,200,sat_0041,1,1.0,sat_0041,0041,0.8870522,sat_0190,0.6186711,0.26838106,True
drone_0041_200_0041,0041,200,sat_0041,1,1.0,sat_0041,0041,0.8924537,sat_0190,0.60397434,0.28847933,True
drone_0041_200_0042,0041,200,sat_0041,1,1.0,sat_0041,0041,0.88474244,sat_0190,0.57658815,0.30815428,True
drone_0041_200_0043,0041,200,sat_0041,1,1.0,sat_0041,0041,0.89723796,sat_0190,0.5510602,0.34617776,True
drone_0041_200_0044,0041,200,sat_0041,1,1.0,sat_0041,0041,0.8842966,sat_0190,0.4926634,0.39163318,True
drone_0041_200_0045,0041,200,sat_0041,1,1.0,sat_0041,0041,0.8834349,sat_0190,0.54787916,0.33555573,True
drone_0041_200_0046,0041,200,sat_0041,1,1.0,sat_0041,0041,0.85395133,sat_0190,0.5294583,0.32449305,True
drone_0041_200_0047,0041,200,sat_0041,1,1.0,sat_0041,0041,0.85366803,sat_0190,0.5245359,0.32913214,True
drone_0041_200_0048,0041,200,sat_0041,1,1.0,sat_0041,0041,0.83787334,sat_0190,0.58225995,0.2556134,True
drone_0041_200_0049,0041,200,sat_0041,1,1.0,sat_0041,0041,0.85066956,sat_0190,0.57543623,0.27523333,True
drone_0051_200_0000,0051,200,sat_0051,1,1.0,sat_0051,0051,0.92762196,sat_0023,0.28337663,0.6442453,True
drone_0051_200_0001,0051,200,sat_0051,1,1.0,sat_0051,0051,0.92621267,sat_0023,0.27754334,0.64866936,True
drone_0051_200_0002,0051,200,sat_0051,1,1.0,sat_0051,0051,0.9310721,sat_0023,0.29338357,0.6376885,True
drone_0051_200_0003,0051,200,sat_0051,1,1.0,sat_0051,0051,0.926291,sat_0023,0.28131914,0.64497185,True
drone_0051_200_0004,0051,200,sat_0051,1,1.0,sat_0051,0051,0.929855,sat_0023,0.2855275,0.6443275,True
drone_0051_200_0005,0051,200,sat_0051,1,1.0,sat_0051,0051,0.92530453,sat_0023,0.2895037,0.63580084,True
drone_0051_200_0006,0051,200,sat_0051,1,1.0,sat_0051,0051,0.9200692,sat_0023,0.28401148,0.63605773,True
drone_0051_200_0007,0051,200,sat_0051,1,1.0,sat_0051,0051,0.9327187,sat_0023,0.30788255,0.62483615,True
drone_0051_200_0008,0051,200,sat_0051,1,1.0,sat_0051,0051,0.9270992,sat_0023,0.2923754,0.63472384,True
drone_0051_200_0009,0051,200,sat_0051,1,1.0,sat_0051,0051,0.91798216,sat_0023,0.26030564,0.6576765,True
drone_0051_200_0010,0051,200,sat_0051,1,1.0,sat_0051,0051,0.9040631,sat_0023,0.25050724,0.65355587,True
drone_0051_200_0011,0051,200,sat_0051,1,1.0,sat_0051,0051,0.9039965,sat_0115,0.27434355,0.629653,True
drone_0051_200_0012,0051,200,sat_0051,1,1.0,sat_0051,0051,0.90599465,sat_0023,0.27160558,0.63438904,True
drone_0051_200_0013,0051,200,sat_0051,1,1.0,sat_0051,0051,0.8898183,sat_0115,0.28432447,0.60549384,True
drone_0051_200_0014,0051,200,sat_0051,1,1.0,sat_0051,0051,0.88672733,sat_0115,0.29609668,0.59063065,True
drone_0051_200_0015,0051,200,sat_0051,1,1.0,sat_0051,0051,0.8886397,sat_0115,0.2948389,0.5938008,True
drone_0051_200_0016,0051,200,sat_0051,1,1.0,sat_0051,0051,0.8878267,sat_0023,0.26318973,0.62463695,True
drone_0051_200_0017,0051,200,sat_0051,1,1.0,sat_0051,0051,0.90404826,sat_0023,0.2820727,0.62197554,True
drone_0051_200_0018,0051,200,sat_0051,1,1.0,sat_0051,0051,0.9118142,sat_0023,0.3002944,0.6115198,True
drone_0051_200_0019,0051,200,sat_0051,1,1.0,sat_0051,0051,0.9155053,sat_0023,0.2874723,0.628033,True
drone_0051_200_0020,0051,200,sat_0051,1,1.0,sat_0051,0051,0.921842,sat_0023,0.28034657,0.6414954,True
drone_0051_200_0021,0051,200,sat_0051,1,1.0,sat_0051,0051,0.91461533,sat_0023,0.24755865,0.6670567,True
drone_0051_200_0022,0051,200,sat_0051,1,1.0,sat_0051,0051,0.9018487,sat_0023,0.25249755,0.6493511,True
drone_0051_200_0023,0051,200,sat_0051,1,1.0,sat_0051,0051,0.8995723,sat_0009,0.26101142,0.6385609,True
drone_0051_200_0024,0051,200,sat_0051,1,1.0,sat_0051,0051,0.9138445,sat_0009,0.2739896,0.6398549,True
drone_0051_200_0025,0051,200,sat_0051,1,1.0,sat_0051,0051,0.89701486,sat_0009,0.27321327,0.6238016,True
drone_0051_200_0026,0051,200,sat_0051,1,1.0,sat_0051,0051,0.9024054,sat_0009,0.2796684,0.622737,True
drone_0051_200_0027,0051,200,sat_0051,1,1.0,sat_0051,0051,0.91069967,sat_0009,0.2829613,0.62773836,True
drone_0051_200_0028,0051,200,sat_0051,1,1.0,sat_0051,0051,0.90407693,sat_0009,0.34421733,0.55985963,True
drone_0051_200_0029,0051,200,sat_0051,1,1.0,sat_0051,0051,0.9179249,sat_0009,0.32022578,0.5976991,True
drone_0051_200_0030,0051,200,sat_0051,1,1.0,sat_0051,0051,0.90782946,sat_0009,0.33082074,0.5770087,True
drone_0051_200_0031,0051,200,sat_0051,1,1.0,sat_0051,0051,0.88743997,sat_0009,0.33627725,0.5511627,True
drone_0051_200_0032,0051,200,sat_0051,1,1.0,sat_0051,0051,0.8784778,sat_0009,0.3799749,0.4985029,True
drone_0051_200_0033,0051,200,sat_0051,1,1.0,sat_0051,0051,0.83809304,sat_0009,0.40377027,0.43432277,True
drone_0051_200_0034,0051,200,sat_0051,1,1.0,sat_0051,0051,0.876446,sat_0009,0.4003913,0.4760547,True
drone_0051_200_0035,0051,200,sat_0051,1,1.0,sat_0051,0051,0.82745564,sat_0009,0.4394883,0.38796735,True
drone_0051_200_0036,0051,200,sat_0051,1,1.0,sat_0051,0051,0.8554062,sat_0009,0.3845584,0.47084782,True
drone_0051_200_0037,0051,200,sat_0051,1,1.0,sat_0051,0051,0.8671536,sat_0009,0.39576203,0.47139156,True
drone_0051_200_0038,0051,200,sat_0051,1,1.0,sat_0051,0051,0.90686405,sat_0007,0.36005563,0.5468084,True
drone_0051_200_0039,0051,200,sat_0051,1,1.0,sat_0051,0051,0.9443333,sat_0023,0.3230551,0.6212782,True
drone_0051_200_0040,0051,200,sat_0051,1,1.0,sat_0051,0051,0.9438159,sat_0023,0.2861666,0.6576493,True
drone_0051_200_0041,0051,200,sat_0051,1,1.0,sat_0051,0051,0.9536104,sat_0023,0.30329296,0.65031743,True
drone_0051_200_0042,0051,200,sat_0051,1,1.0,sat_0051,0051,0.9501722,sat_0023,0.2779547,0.6722175,True
drone_0051_200_0043,0051,200,sat_0051,1,1.0,sat_0051,0051,0.9464437,sat_0023,0.2945675,0.6518762,True
drone_0051_200_0044,0051,200,sat_0051,1,1.0,sat_0051,0051,0.9449782,sat_0023,0.28238568,0.66259253,True
drone_0051_200_0045,0051,200,sat_0051,1,1.0,sat_0051,0051,0.9564998,sat_0023,0.3139099,0.6425899,True
drone_0051_200_0046,0051,200,sat_0051,1,1.0,sat_0051,0051,0.95084864,sat_0023,0.34798068,0.60286796,True
drone_0051_200_0047,0051,200,sat_0051,1,1.0,sat_0051,0051,0.95497185,sat_0023,0.35672617,0.5982457,True
drone_0051_200_0048,0051,200,sat_0051,1,1.0,sat_0051,0051,0.94866824,sat_0023,0.31835747,0.6303108,True
drone_0051_200_0049,0051,200,sat_0051,1,1.0,sat_0051,0051,0.9543317,sat_0023,0.34297255,0.6113591,True
drone_0056_200_0000,0056,200,sat_0056,1,1.0,sat_0056,0056,0.87835765,sat_0063,0.61700153,0.26135612,True
drone_0056_200_0001,0056,200,sat_0056,1,1.0,sat_0056,0056,0.88182676,sat_0063,0.6245625,0.25726426,True
drone_0056_200_0002,0056,200,sat_0056,1,1.0,sat_0056,0056,0.88004184,sat_0063,0.62024164,0.2598002,True
drone_0056_200_0003,0056,200,sat_0056,1,1.0,sat_0056,0056,0.86307496,sat_0063,0.60248244,0.26059252,True
drone_0056_200_0004,0056,200,sat_0056,1,1.0,sat_0056,0056,0.8727193,sat_0063,0.6428872,0.22983211,True
drone_0056_200_0005,0056,200,sat_0056,1,1.0,sat_0056,0056,0.8736,sat_0063,0.62832075,0.24527925,True
drone_0056_200_0006,0056,200,sat_0056,1,1.0,sat_0056,0056,0.87702036,sat_0063,0.6530395,0.22398084,True
drone_0056_200_0007,0056,200,sat_0056,1,1.0,sat_0056,0056,0.8523647,sat_0063,0.6266802,0.22568452,True
drone_0056_200_0008,0056,200,sat_0056,1,1.0,sat_0056,0056,0.8854166,sat_0063,0.6320764,0.25334024,True
drone_0056_200_0009,0056,200,sat_0056,1,1.0,sat_0056,0056,0.90531194,sat_0063,0.67699105,0.2283209,True
drone_0056_200_0010,0056,200,sat_0056,1,1.0,sat_0056,0056,0.9142815,sat_0063,0.6786719,0.23560959,True
drone_0056_200_0011,0056,200,sat_0056,1,1.0,sat_0056,0056,0.91418606,sat_0063,0.663876,0.25031006,True
drone_0056_200_0012,0056,200,sat_0056,1,1.0,sat_0056,0056,0.9113801,sat_0063,0.7189448,0.19243532,True
drone_0056_200_0013,0056,200,sat_0056,1,1.0,sat_0056,0056,0.9139041,sat_0063,0.6920554,0.22184867,True
drone_0056_200_0014,0056,200,sat_0056,1,1.0,sat_0056,0056,0.8987293,sat_0063,0.70323074,0.19549859,True
drone_0056_200_0015,0056,200,sat_0056,1,1.0,sat_0056,0056,0.8968801,sat_0063,0.6990693,0.19781077,True
drone_0056_200_0016,0056,200,sat_0056,1,1.0,sat_0056,0056,0.88723594,sat_0063,0.71173626,0.17549968,True
drone_0056_200_0017,0056,200,sat_0056,1,1.0,sat_0056,0056,0.8958695,sat_0063,0.71316934,0.18270016,True
drone_0056_200_0018,0056,200,sat_0056,1,1.0,sat_0056,0056,0.8797089,sat_0063,0.68800914,0.19169974,True
drone_0056_200_0019,0056,200,sat_0056,1,1.0,sat_0056,0056,0.90765387,sat_0063,0.71520364,0.19245023,True
drone_0056_200_0020,0056,200,sat_0056,1,1.0,sat_0056,0056,0.8819686,sat_0063,0.7348813,0.14708734,True
drone_0056_200_0021,0056,200,sat_0056,1,1.0,sat_0056,0056,0.8687071,sat_0063,0.6938921,0.174815,True
drone_0056_200_0022,0056,200,sat_0056,1,1.0,sat_0056,0056,0.87322646,sat_0063,0.6765597,0.19666678,True
drone_0056_200_0023,0056,200,sat_0056,1,1.0,sat_0056,0056,0.88778734,sat_0063,0.66999936,0.21778798,True
drone_0056_200_0024,0056,200,sat_0056,1,1.0,sat_0056,0056,0.89629495,sat_0063,0.6681292,0.22816575,True
drone_0056_200_0025,0056,200,sat_0056,1,1.0,sat_0056,0056,0.90018386,sat_0063,0.6824361,0.21774775,True
drone_0056_200_0026,0056,200,sat_0056,1,1.0,sat_0056,0056,0.9067985,sat_0063,0.7124063,0.1943922,True
drone_0056_200_0027,0056,200,sat_0056,1,1.0,sat_0056,0056,0.902237,sat_0063,0.6568977,0.24533927,True
drone_0056_200_0028,0056,200,sat_0056,1,1.0,sat_0056,0056,0.8398398,sat_0063,0.5360741,0.3037657,True
drone_0056_200_0029,0056,200,sat_0056,1,1.0,sat_0056,0056,0.8815233,sat_0063,0.64088595,0.24063736,True
drone_0056_200_0030,0056,200,sat_0056,1,1.0,sat_0056,0056,0.8916127,sat_0063,0.65843785,0.23317486,True
drone_0056_200_0031,0056,200,sat_0056,1,1.0,sat_0056,0056,0.89872634,sat_0063,0.65852135,0.24020499,True
drone_0056_200_0032,0056,200,sat_0056,1,1.0,sat_0056,0056,0.915414,sat_0063,0.6427916,0.27262235,True
drone_0056_200_0033,0056,200,sat_0056,1,1.0,sat_0056,0056,0.9355296,sat_0063,0.6648692,0.2706604,True
drone_0056_200_0034,0056,200,sat_0056,1,1.0,sat_0056,0056,0.93081844,sat_0063,0.64966166,0.28115678,True
drone_0056_200_0035,0056,200,sat_0056,1,1.0,sat_0056,0056,0.8881829,sat_0063,0.57610726,0.31207561,True
drone_0056_200_0036,0056,200,sat_0056,1,1.0,sat_0056,0056,0.9126176,sat_0063,0.6125197,0.30009794,True
drone_0056_200_0037,0056,200,sat_0056,1,1.0,sat_0056,0056,0.90783244,sat_0063,0.591903,0.31592947,True
drone_0056_200_0038,0056,200,sat_0056,1,1.0,sat_0056,0056,0.9209461,sat_0063,0.606511,0.31443512,True
drone_0056_200_0039,0056,200,sat_0056,1,1.0,sat_0056,0056,0.92574906,sat_0063,0.6189294,0.30681968,True
drone_0056_200_0040,0056,200,sat_0056,1,1.0,sat_0056,0056,0.90866905,sat_0063,0.5993818,0.30928725,True
drone_0056_200_0041,0056,200,sat_0056,1,1.0,sat_0056,0056,0.8997899,sat_0063,0.5892556,0.31053436,True
drone_0056_200_0042,0056,200,sat_0056,1,1.0,sat_0056,0056,0.9034148,sat_0063,0.58688295,0.31653184,True
drone_0056_200_0043,0056,200,sat_0056,1,1.0,sat_0056,0056,0.9126742,sat_0063,0.5966159,0.31605828,True
drone_0056_200_0044,0056,200,sat_0056,1,1.0,sat_0056,0056,0.89088345,sat_0063,0.5522341,0.33864933,True
drone_0056_200_0045,0056,200,sat_0056,1,1.0,sat_0056,0056,0.91190535,sat_0063,0.60375404,0.3081513,True
drone_0056_200_0046,0056,200,sat_0056,1,1.0,sat_0056,0056,0.8845905,sat_0063,0.5867195,0.297871,True
drone_0056_200_0047,0056,200,sat_0056,1,1.0,sat_0056,0056,0.8968648,sat_0063,0.59405965,0.30280513,True
drone_0056_200_0048,0056,200,sat_0056,1,1.0,sat_0056,0056,0.9098373,sat_0063,0.63162845,0.27820885,True
drone_0056_200_0049,0056,200,sat_0056,1,1.0,sat_0056,0056,0.90938884,sat_0063,0.63800484,0.271384,True
drone_0057_200_0000,0057,200,sat_0057,1,1.0,sat_0057,0057,0.84653014,sat_0164,0.27339172,0.5731384,True
drone_0057_200_0001,0057,200,sat_0057,1,1.0,sat_0057,0057,0.8346108,sat_0164,0.3205307,0.5140801,True
drone_0057_200_0002,0057,200,sat_0057,1,1.0,sat_0057,0057,0.82210785,sat_0164,0.32522732,0.49688053,True
drone_0057_200_0003,0057,200,sat_0057,1,1.0,sat_0057,0057,0.8580322,sat_0164,0.35104096,0.50699127,True
drone_0057_200_0004,0057,200,sat_0057,1,1.0,sat_0057,0057,0.8259337,sat_0144,0.29512402,0.53080964,True
drone_0057_200_0005,0057,200,sat_0057,1,1.0,sat_0057,0057,0.81605697,sat_0144,0.3056458,0.51041114,True
drone_0057_200_0006,0057,200,sat_0057,1,1.0,sat_0057,0057,0.78633004,sat_0164,0.3514499,0.43488014,True
drone_0057_200_0007,0057,200,sat_0057,1,1.0,sat_0057,0057,0.81376344,sat_0164,0.37583226,0.43793118,True
drone_0057_200_0008,0057,200,sat_0057,1,1.0,sat_0057,0057,0.70767504,sat_0144,0.36276817,0.34490687,True
drone_0057_200_0009,0057,200,sat_0057,1,1.0,sat_0057,0057,0.7446494,sat_0164,0.4465894,0.29806,True
drone_0057_200_0010,0057,200,sat_0057,1,1.0,sat_0057,0057,0.77997994,sat_0164,0.40601113,0.3739688,True
drone_0057_200_0011,0057,200,sat_0057,1,1.0,sat_0057,0057,0.75562584,sat_0164,0.39493787,0.36068797,True
drone_0057_200_0012,0057,200,sat_0057,1,1.0,sat_0057,0057,0.73185575,sat_0164,0.29776314,0.4340926,True
drone_0057_200_0013,0057,200,sat_0057,1,1.0,sat_0057,0057,0.7436462,sat_0164,0.4775955,0.2660507,True
drone_0057_200_0014,0057,200,sat_0057,1,1.0,sat_0057,0057,0.71134335,sat_0164,0.40707096,0.30427238,True
drone_0057_200_0015,0057,200,sat_0057,1,1.0,sat_0057,0057,0.5843981,sat_0164,0.47346127,0.11093682,True
drone_0057_200_0016,0057,200,sat_0057,1,1.0,sat_0057,0057,0.66996413,sat_0164,0.47852525,0.19143888,True
drone_0057_200_0017,0057,200,sat_0057,1,1.0,sat_0057,0057,0.687902,sat_0144,0.3914456,0.29645637,True
drone_0057_200_0018,0057,200,sat_0057,1,1.0,sat_0057,0057,0.66355866,sat_0164,0.5123683,0.15119034,True
drone_0057_200_0019,0057,200,sat_0057,1,1.0,sat_0057,0057,0.7569085,sat_0164,0.52116907,0.23573941,True
drone_0057_200_0020,0057,200,sat_0057,1,1.0,sat_0057,0057,0.73969054,sat_0164,0.5623274,0.17736316,True
drone_0057_200_0021,0057,200,sat_0057,2,0.5,sat_0164,0164,0.63330656,sat_0057,0.601425,0.03188157,False
drone_0057_200_0022,0057,200,sat_0057,2,0.5,sat_0164,0164,0.66919917,sat_0057,0.50865114,0.16054803,False
drone_0057_200_0023,0057,200,sat_0057,1,1.0,sat_0057,0057,0.6621883,sat_0164,0.5628046,0.09938371,True
drone_0057_200_0024,0057,200,sat_0057,1,1.0,sat_0057,0057,0.7419992,sat_0164,0.45319927,0.28879994,True
drone_0057_200_0025,0057,200,sat_0057,1,1.0,sat_0057,0057,0.79762185,sat_0164,0.40363958,0.39398226,True
drone_0057_200_0026,0057,200,sat_0057,1,1.0,sat_0057,0057,0.8383716,sat_0164,0.3274546,0.51091695,True
drone_0057_200_0027,0057,200,sat_0057,1,1.0,sat_0057,0057,0.8563911,sat_0164,0.29668683,0.55970424,True
drone_0057_200_0028,0057,200,sat_0057,1,1.0,sat_0057,0057,0.87389207,sat_0164,0.3118618,0.56203026,True
drone_0057_200_0029,0057,200,sat_0057,1,1.0,sat_0057,0057,0.9026238,sat_0164,0.34978962,0.55283415,True
drone_0057_200_0030,0057,200,sat_0057,1,1.0,sat_0057,0057,0.882458,sat_0164,0.3574201,0.5250379,True
drone_0057_200_0031,0057,200,sat_0057,1,1.0,sat_0057,0057,0.8717093,sat_0144,0.30495134,0.5667579,True
drone_0057_200_0032,0057,200,sat_0057,1,1.0,sat_0057,0057,0.8654028,sat_0164,0.32601473,0.53938806,True
drone_0057_200_0033,0057,200,sat_0057,1,1.0,sat_0057,0057,0.84745353,sat_0164,0.3158272,0.53162634,True
drone_0057_200_0034,0057,200,sat_0057,1,1.0,sat_0057,0057,0.809249,sat_0144,0.33246505,0.47678393,True
drone_0057_200_0035,0057,200,sat_0057,1,1.0,sat_0057,0057,0.7967431,sat_0164,0.30076498,0.49597812,True
drone_0057_200_0036,0057,200,sat_0057,1,1.0,sat_0057,0057,0.7999771,sat_0144,0.29201838,0.50795877,True
drone_0057_200_0037,0057,200,sat_0057,1,1.0,sat_0057,0057,0.76891434,sat_0144,0.36531803,0.4035963,True
drone_0057_200_0038,0057,200,sat_0057,1,1.0,sat_0057,0057,0.789166,sat_0144,0.31828701,0.47087896,True
drone_0057_200_0039,0057,200,sat_0057,1,1.0,sat_0057,0057,0.79641145,sat_0144,0.3245448,0.47186667,True
drone_0057_200_0040,0057,200,sat_0057,1,1.0,sat_0057,0057,0.809887,sat_0144,0.31824422,0.49164277,True
drone_0057_200_0041,0057,200,sat_0057,1,1.0,sat_0057,0057,0.805364,sat_0164,0.29798323,0.5073808,True
drone_0057_200_0042,0057,200,sat_0057,1,1.0,sat_0057,0057,0.8495393,sat_0164,0.19729903,0.6522403,True
drone_0057_200_0043,0057,200,sat_0057,1,1.0,sat_0057,0057,0.83971566,sat_0144,0.27469128,0.5650244,True
drone_0057_200_0044,0057,200,sat_0057,1,1.0,sat_0057,0057,0.81472695,sat_0144,0.38978434,0.4249426,True
drone_0057_200_0045,0057,200,sat_0057,1,1.0,sat_0057,0057,0.8543606,sat_0130,0.27883863,0.57552195,True
drone_0057_200_0046,0057,200,sat_0057,1,1.0,sat_0057,0057,0.83793104,sat_0164,0.27053836,0.5673927,True
drone_0057_200_0047,0057,200,sat_0057,1,1.0,sat_0057,0057,0.8295194,sat_0164,0.35424787,0.47527152,True
drone_0057_200_0048,0057,200,sat_0057,1,1.0,sat_0057,0057,0.8436452,sat_0164,0.38322878,0.46041644,True
drone_0057_200_0049,0057,200,sat_0057,1,1.0,sat_0057,0057,0.83411187,sat_0164,0.31119865,0.5229132,True
drone_0058_200_0000,0058,200,sat_0058,1,1.0,sat_0058,0058,0.8538712,sat_0071,0.8538712,0.0,True
drone_0058_200_0001,0058,200,sat_0058,1,1.0,sat_0058,0058,0.8618511,sat_0071,0.8618511,0.0,True
drone_0058_200_0002,0058,200,sat_0058,1,1.0,sat_0058,0058,0.8590524,sat_0071,0.8590524,0.0,True
drone_0058_200_0003,0058,200,sat_0058,1,1.0,sat_0058,0058,0.86875635,sat_0071,0.86875635,0.0,True
drone_0058_200_0004,0058,200,sat_0058,1,1.0,sat_0058,0058,0.8650214,sat_0071,0.8650214,0.0,True
drone_0058_200_0005,0058,200,sat_0058,1,1.0,sat_0058,0058,0.865295,sat_0071,0.865295,0.0,True
drone_0058_200_0006,0058,200,sat_0058,1,1.0,sat_0058,0058,0.87262744,sat_0071,0.87262744,0.0,True
drone_0058_200_0007,0058,200,sat_0058,1,1.0,sat_0058,0058,0.87150156,sat_0071,0.87150156,0.0,True
drone_0058_200_0008,0058,200,sat_0058,1,1.0,sat_0058,0058,0.8919274,sat_0071,0.8919274,0.0,True
drone_0058_200_0009,0058,200,sat_0058,1,1.0,sat_0058,0058,0.90688634,sat_0071,0.90688634,0.0,True
drone_0058_200_0010,0058,200,sat_0058,1,1.0,sat_0058,0058,0.8934171,sat_0071,0.8934171,0.0,True
drone_0058_200_0011,0058,200,sat_0058,1,1.0,sat_0058,0058,0.87977046,sat_0071,0.87977046,0.0,True
drone_0058_200_0012,0058,200,sat_0058,1,1.0,sat_0058,0058,0.8433003,sat_0071,0.8433003,0.0,True
drone_0058_200_0013,0058,200,sat_0058,1,1.0,sat_0058,0058,0.8793868,sat_0071,0.8793868,0.0,True
drone_0058_200_0014,0058,200,sat_0058,1,1.0,sat_0058,0058,0.90438545,sat_0071,0.90438545,0.0,True
drone_0058_200_0015,0058,200,sat_0058,1,1.0,sat_0058,0058,0.8542392,sat_0071,0.8542392,0.0,True
drone_0058_200_0016,0058,200,sat_0058,1,1.0,sat_0058,0058,0.8669169,sat_0071,0.8669169,0.0,True
drone_0058_200_0017,0058,200,sat_0058,1,1.0,sat_0058,0058,0.84734577,sat_0071,0.84734577,0.0,True
drone_0058_200_0018,0058,200,sat_0058,1,1.0,sat_0058,0058,0.892501,sat_0071,0.892501,0.0,True
drone_0058_200_0019,0058,200,sat_0058,1,1.0,sat_0058,0058,0.83414125,sat_0071,0.83414125,0.0,True
drone_0058_200_0020,0058,200,sat_0058,1,1.0,sat_0058,0058,0.84243774,sat_0071,0.84243774,0.0,True
drone_0058_200_0021,0058,200,sat_0058,1,1.0,sat_0058,0058,0.85905,sat_0071,0.85905,0.0,True
drone_0058_200_0022,0058,200,sat_0058,1,1.0,sat_0058,0058,0.83176166,sat_0071,0.83176166,0.0,True
drone_0058_200_0023,0058,200,sat_0058,1,1.0,sat_0058,0058,0.8381684,sat_0071,0.8381684,0.0,True
drone_0058_200_0024,0058,200,sat_0058,1,1.0,sat_0058,0058,0.77444893,sat_0071,0.77444893,0.0,True
drone_0058_200_0025,0058,200,sat_0058,1,1.0,sat_0058,0058,0.79302675,sat_0071,0.79302675,0.0,True
drone_0058_200_0026,0058,200,sat_0058,1,1.0,sat_0058,0058,0.794334,sat_0071,0.794334,0.0,True
drone_0058_200_0027,0058,200,sat_0058,1,1.0,sat_0058,0058,0.8077164,sat_0071,0.8077164,0.0,True
drone_0058_200_0028,0058,200,sat_0058,1,1.0,sat_0058,0058,0.78638524,sat_0071,0.78638524,0.0,True
drone_0058_200_0029,0058,200,sat_0058,1,1.0,sat_0058,0058,0.7742577,sat_0071,0.7742577,0.0,True
drone_0058_200_0030,0058,200,sat_0058,1,1.0,sat_0058,0058,0.7376501,sat_0071,0.7376501,0.0,True
drone_0058_200_0031,0058,200,sat_0058,1,1.0,sat_0058,0058,0.8058587,sat_0071,0.8058587,0.0,True
drone_0058_200_0032,0058,200,sat_0058,1,1.0,sat_0058,0058,0.82781905,sat_0071,0.82781905,0.0,True
drone_0058_200_0033,0058,200,sat_0058,1,1.0,sat_0058,0058,0.87572,sat_0071,0.87572,0.0,True
drone_0058_200_0034,0058,200,sat_0058,1,1.0,sat_0058,0058,0.85667336,sat_0071,0.85667336,0.0,True
drone_0058_200_0035,0058,200,sat_0058,1,1.0,sat_0058,0058,0.85508525,sat_0071,0.85508525,0.0,True
drone_0058_200_0036,0058,200,sat_0058,1,1.0,sat_0058,0058,0.83128476,sat_0071,0.83128476,0.0,True
drone_0058_200_0037,0058,200,sat_0058,1,1.0,sat_0058,0058,0.8161212,sat_0071,0.8161212,0.0,True
drone_0058_200_0038,0058,200,sat_0058,1,1.0,sat_0058,0058,0.77488416,sat_0071,0.77488416,0.0,True
drone_0058_200_0039,0058,200,sat_0058,1,1.0,sat_0058,0058,0.8196109,sat_0071,0.8196109,0.0,True
drone_0058_200_0040,0058,200,sat_0058,1,1.0,sat_0058,0058,0.82512486,sat_0071,0.82512486,0.0,True
drone_0058_200_0041,0058,200,sat_0058,1,1.0,sat_0058,0058,0.8248952,sat_0071,0.8248952,0.0,True
drone_0058_200_0042,0058,200,sat_0058,1,1.0,sat_0058,0058,0.8594763,sat_0071,0.8594763,0.0,True
drone_0058_200_0043,0058,200,sat_0058,1,1.0,sat_0058,0058,0.84983844,sat_0071,0.84983844,0.0,True
drone_0058_200_0044,0058,200,sat_0058,1,1.0,sat_0058,0058,0.83465165,sat_0071,0.83465165,0.0,True
drone_0058_200_0045,0058,200,sat_0058,1,1.0,sat_0058,0058,0.8478846,sat_0071,0.8478846,0.0,True
drone_0058_200_0046,0058,200,sat_0058,1,1.0,sat_0058,0058,0.84689724,sat_0071,0.84689724,0.0,True
drone_0058_200_0047,0058,200,sat_0058,1,1.0,sat_0058,0058,0.8700843,sat_0071,0.8700843,0.0,True
drone_0058_200_0048,0058,200,sat_0058,1,1.0,sat_0058,0058,0.88869834,sat_0071,0.88869834,0.0,True
drone_0058_200_0049,0058,200,sat_0058,1,1.0,sat_0058,0058,0.8657664,sat_0071,0.8657664,0.0,True
drone_0060_200_0000,0060,200,sat_0060,1,1.0,sat_0060,0060,0.89539146,sat_0056,0.30269715,0.5926943,True
drone_0060_200_0001,0060,200,sat_0060,1,1.0,sat_0060,0060,0.88556486,sat_0056,0.31627727,0.5692876,True
drone_0060_200_0002,0060,200,sat_0060,1,1.0,sat_0060,0060,0.9012133,sat_0056,0.32328504,0.57792825,True
drone_0060_200_0003,0060,200,sat_0060,1,1.0,sat_0060,0060,0.90315413,sat_0056,0.33151528,0.5716388,True
drone_0060_200_0004,0060,200,sat_0060,1,1.0,sat_0060,0060,0.907796,sat_0056,0.32842797,0.57936805,True
drone_0060_200_0005,0060,200,sat_0060,1,1.0,sat_0060,0060,0.900642,sat_0056,0.33265924,0.56798273,True
drone_0060_200_0006,0060,200,sat_0060,1,1.0,sat_0060,0060,0.9038402,sat_0115,0.31134737,0.5924928,True
drone_0060_200_0007,0060,200,sat_0060,1,1.0,sat_0060,0060,0.89870995,sat_0056,0.3271556,0.57155436,True
drone_0060_200_0008,0060,200,sat_0060,1,1.0,sat_0060,0060,0.89921737,sat_0056,0.32026666,0.5789507,True
drone_0060_200_0009,0060,200,sat_0060,1,1.0,sat_0060,0060,0.91001445,sat_0056,0.30929655,0.6007179,True
drone_0060_200_0010,0060,200,sat_0060,1,1.0,sat_0060,0060,0.8951507,sat_0056,0.29421043,0.6009403,True
drone_0060_200_0011,0060,200,sat_0060,1,1.0,sat_0060,0060,0.8684941,sat_0056,0.3597454,0.50874865,True
drone_0060_200_0012,0060,200,sat_0060,1,1.0,sat_0060,0060,0.85888124,sat_0056,0.3592487,0.49963254,True
drone_0060_200_0013,0060,200,sat_0060,1,1.0,sat_0060,0060,0.8939309,sat_0056,0.35668424,0.5372467,True
drone_0060_200_0014,0060,200,sat_0060,1,1.0,sat_0060,0060,0.87276185,sat_0056,0.36126998,0.5114919,True
drone_0060_200_0015,0060,200,sat_0060,1,1.0,sat_0060,0060,0.9137833,sat_0056,0.37612042,0.53766286,True
drone_0060_200_0016,0060,200,sat_0060,1,1.0,sat_0060,0060,0.9081817,sat_0056,0.34037578,0.56780595,True
drone_0060_200_0017,0060,200,sat_0060,1,1.0,sat_0060,0060,0.8968847,sat_0056,0.335322,0.56156266,True
drone_0060_200_0018,0060,200,sat_0060,1,1.0,sat_0060,0060,0.8773987,sat_0056,0.29826102,0.5791377,True
drone_0060_200_0019,0060,200,sat_0060,1,1.0,sat_0060,0060,0.8702039,sat_0056,0.2635345,0.6066694,True
drone_0060_200_0020,0060,200,sat_0060,1,1.0,sat_0060,0060,0.8406054,sat_0140,0.26273578,0.5778696,True
drone_0060_200_0021,0060,200,sat_0060,1,1.0,sat_0060,0060,0.77736056,sat_0140,0.32010263,0.45725793,True
drone_0060_200_0022,0060,200,sat_0060,1,1.0,sat_0060,0060,0.8318595,sat_0140,0.2700531,0.56180644,True
drone_0060_200_0023,0060,200,sat_0060,1,1.0,sat_0060,0060,0.84984547,sat_0130,0.2718475,0.577998,True
drone_0060_200_0024,0060,200,sat_0060,1,1.0,sat_0060,0060,0.84338707,sat_0130,0.26402482,0.5793623,True
drone_0060_200_0025,0060,200,sat_0060,1,1.0,sat_0060,0060,0.82260895,sat_0056,0.31721497,0.505394,True
drone_0060_200_0026,0060,200,sat_0060,1,1.0,sat_0060,0060,0.81938744,sat_0056,0.34904316,0.47034428,True
drone_0060_200_0027,0060,200,sat_0060,1,1.0,sat_0060,0060,0.83974236,sat_0056,0.32039526,0.5193471,True
drone_0060_200_0028,0060,200,sat_0060,1,1.0,sat_0060,0060,0.8041124,sat_0056,0.3549922,0.44912016,True
drone_0060_200_0029,0060,200,sat_0060,1,1.0,sat_0060,0060,0.8562078,sat_0056,0.37918794,0.47701985,True
drone_0060_200_0030,0060,200,sat_0060,1,1.0,sat_0060,0060,0.818258,sat_0056,0.3668881,0.45136988,True
drone_0060_200_0031,0060,200,sat_0060,1,1.0,sat_0060,0060,0.8262696,sat_0056,0.38701063,0.439259,True
drone_0060_200_0032,0060,200,sat_0060,1,1.0,sat_0060,0060,0.84127927,sat_0056,0.37486738,0.4664119,True
drone_0060_200_0033,0060,200,sat_0060,1,1.0,sat_0060,0060,0.8284636,sat_0056,0.3781874,0.45027623,True
drone_0060_200_0034,0060,200,sat_0060,1,1.0,sat_0060,0060,0.8408228,sat_0056,0.35251296,0.48830986,True
drone_0060_200_0035,0060,200,sat_0060,1,1.0,sat_0060,0060,0.883612,sat_0056,0.43017668,0.4534353,True
drone_0060_200_0036,0060,200,sat_0060,1,1.0,sat_0060,0060,0.90053236,sat_0056,0.42439812,0.47613424,True
drone_0060_200_0037,0060,200,sat_0060,1,1.0,sat_0060,0060,0.8780445,sat_0056,0.37166405,0.50638044,True
drone_0060_200_0038,0060,200,sat_0060,1,1.0,sat_0060,0060,0.8514118,sat_0056,0.30516532,0.5462465,True
drone_0060_200_0039,0060,200,sat_0060,1,1.0,sat_0060,0060,0.8514897,sat_0056,0.27174863,0.5797411,True
drone_0060_200_0040,0060,200,sat_0060,1,1.0,sat_0060,0060,0.85675657,sat_0056,0.27430344,0.58245313,True
drone_0060_200_0041,0060,200,sat_0060,1,1.0,sat_0060,0060,0.8636236,sat_0056,0.35535282,0.5082708,True
drone_0060_200_0042,0060,200,sat_0060,1,1.0,sat_0060,0060,0.9007644,sat_0056,0.30990577,0.59085864,True
drone_0060_200_0043,0060,200,sat_0060,1,1.0,sat_0060,0060,0.87632465,sat_0056,0.38965428,0.48667037,True
drone_0060_200_0044,0060,200,sat_0060,1,1.0,sat_0060,0060,0.8332108,sat_0056,0.5036373,0.3295735,True
drone_0060_200_0045,0060,200,sat_0060,1,1.0,sat_0060,0060,0.8697371,sat_0056,0.46336234,0.40637475,True
drone_0060_200_0046,0060,200,sat_0060,1,1.0,sat_0060,0060,0.87170804,sat_0056,0.32932842,0.5423796,True
drone_0060_200_0047,0060,200,sat_0060,1,1.0,sat_0060,0060,0.86340624,sat_0056,0.3442883,0.51911795,True
drone_0060_200_0048,0060,200,sat_0060,1,1.0,sat_0060,0060,0.88704455,sat_0056,0.37790683,0.50913775,True
drone_0060_200_0049,0060,200,sat_0060,1,1.0,sat_0060,0060,0.8738635,sat_0056,0.39664412,0.4772194,True
drone_0063_200_0000,0063,200,sat_0063,1,1.0,sat_0063,0063,0.8410522,sat_0056,0.6637483,0.17730385,True
drone_0063_200_0001,0063,200,sat_0063,1,1.0,sat_0063,0063,0.84690875,sat_0056,0.67154884,0.1753599,True
drone_0063_200_0002,0063,200,sat_0063,1,1.0,sat_0063,0063,0.8335949,sat_0056,0.69264174,0.14095318,True
drone_0063_200_0003,0063,200,sat_0063,1,1.0,sat_0063,0063,0.849163,sat_0056,0.7008703,0.14829272,True
drone_0063_200_0004,0063,200,sat_0063,1,1.0,sat_0063,0063,0.8102639,sat_0056,0.72270584,0.08755803,True
drone_0063_200_0005,0063,200,sat_0063,1,1.0,sat_0063,0063,0.8136132,sat_0056,0.6945117,0.119101465,True
drone_0063_200_0006,0063,200,sat_0063,1,1.0,sat_0063,0063,0.8269402,sat_0056,0.6178895,0.20905066,True
drone_0063_200_0007,0063,200,sat_0063,1,1.0,sat_0063,0063,0.83780265,sat_0056,0.6683621,0.16944057,True
drone_0063_200_0008,0063,200,sat_0063,1,1.0,sat_0063,0063,0.8038431,sat_0056,0.65361226,0.15023082,True
drone_0063_200_0009,0063,200,sat_0063,1,1.0,sat_0063,0063,0.8331829,sat_0056,0.64724565,0.18593723,True
drone_0063_200_0010,0063,200,sat_0063,1,1.0,sat_0063,0063,0.7681229,sat_0056,0.5348048,0.23331809,True
drone_0063_200_0011,0063,200,sat_0063,1,1.0,sat_0063,0063,0.6379197,sat_0056,0.5195862,0.11833352,True
drone_0063_200_0012,0063,200,sat_0063,1,1.0,sat_0063,0063,0.7381247,sat_0056,0.6200546,0.118070126,True
drone_0063_200_0013,0063,200,sat_0063,1,1.0,sat_0063,0063,0.6930025,sat_0056,0.6703283,0.022674203,True
drone_0063_200_0014,0063,200,sat_0063,1,1.0,sat_0063,0063,0.6990309,sat_0056,0.6399343,0.059096575,True
drone_0063_200_0015,0063,200,sat_0063,1,1.0,sat_0063,0063,0.72793037,sat_0056,0.5962391,0.13169128,True
drone_0063_200_0016,0063,200,sat_0063,1,1.0,sat_0063,0063,0.68304676,sat_0056,0.58501226,0.0980345,True
drone_0063_200_0017,0063,200,sat_0063,1,1.0,sat_0063,0063,0.74673784,sat_0056,0.6115671,0.13517076,True
drone_0063_200_0018,0063,200,sat_0063,1,1.0,sat_0063,0063,0.6600768,sat_0056,0.51423633,0.14584047,True
drone_0063_200_0019,0063,200,sat_0063,1,1.0,sat_0063,0063,0.7074273,sat_0056,0.64127576,0.06615156,True
drone_0063_200_0020,0063,200,sat_0063,2,0.5,sat_0056,0056,0.69155383,sat_0063,0.6435462,0.048007607,False
drone_0063_200_0021,0063,200,sat_0063,2,0.5,sat_0056,0056,0.6615068,sat_0063,0.614464,0.047042787,False
drone_0063_200_0022,0063,200,sat_0063,2,0.5,sat_0056,0056,0.72811455,sat_0063,0.6521451,0.07596946,False
drone_0063_200_0023,0063,200,sat_0063,2,0.5,sat_0056,0056,0.67557776,sat_0063,0.6088648,0.066712976,False
drone_0063_200_0024,0063,200,sat_0063,2,0.5,sat_0056,0056,0.6791588,sat_0063,0.61696273,0.062196076,False
drone_0063_200_0025,0063,200,sat_0063,2,0.5,sat_0056,0056,0.6922056,sat_0063,0.6342508,0.05795479,False
drone_0063_200_0026,0063,200,sat_0063,2,0.5,sat_0056,0056,0.6945407,sat_0063,0.6778468,0.01669389,False
drone_0063_200_0027,0063,200,sat_0063,1,1.0,sat_0063,0063,0.7549504,sat_0056,0.70503914,0.04991126,True
drone_0063_200_0028,0063,200,sat_0063,1,1.0,sat_0063,0063,0.6962156,sat_0056,0.6876382,0.008577406,True
drone_0063_200_0029,0063,200,sat_0063,1,1.0,sat_0063,0063,0.69667894,sat_0056,0.64274144,0.053937495,True
drone_0063_200_0030,0063,200,sat_0063,1,1.0,sat_0063,0063,0.7367041,sat_0056,0.7046609,0.03204322,True
drone_0063_200_0031,0063,200,sat_0063,1,1.0,sat_0063,0063,0.7686485,sat_0056,0.75764793,0.011000574,True
drone_0063_200_0032,0063,200,sat_0063,1,1.0,sat_0063,0063,0.7396271,sat_0056,0.68485415,0.054772973,True
drone_0063_200_0033,0063,200,sat_0063,1,1.0,sat_0063,0063,0.807004,sat_0056,0.6898416,0.11716235,True
drone_0063_200_0034,0063,200,sat_0063,1,1.0,sat_0063,0063,0.7648574,sat_0056,0.62359023,0.14126718,True
drone_0063_200_0035,0063,200,sat_0063,1,1.0,sat_0063,0063,0.7768091,sat_0056,0.66569847,0.11111063,True
drone_0063_200_0036,0063,200,sat_0063,1,1.0,sat_0063,0063,0.8664652,sat_0056,0.7126709,0.15379429,True
drone_0063_200_0037,0063,200,sat_0063,1,1.0,sat_0063,0063,0.9040657,sat_0056,0.7222284,0.18183732,True
drone_0063_200_0038,0063,200,sat_0063,1,1.0,sat_0063,0063,0.8269777,sat_0056,0.60476327,0.22221446,True
drone_0063_200_0039,0063,200,sat_0063,1,1.0,sat_0063,0063,0.8238101,sat_0056,0.57045907,0.25335103,True
drone_0063_200_0040,0063,200,sat_0063,1,1.0,sat_0063,0063,0.78892696,sat_0056,0.48205352,0.30687344,True
drone_0063_200_0041,0063,200,sat_0063,1,1.0,sat_0063,0063,0.76859677,sat_0056,0.5533873,0.21520948,True
drone_0063_200_0042,0063,200,sat_0063,1,1.0,sat_0063,0063,0.7628323,sat_0056,0.5357176,0.22711468,True
drone_0063_200_0043,0063,200,sat_0063,1,1.0,sat_0063,0063,0.699124,sat_0056,0.5402155,0.15890849,True
drone_0063_200_0044,0063,200,sat_0063,1,1.0,sat_0063,0063,0.69709355,sat_0056,0.5610979,0.13599563,True
drone_0063_200_0045,0063,200,sat_0063,1,1.0,sat_0063,0063,0.69982004,sat_0056,0.5516107,0.14820933,True
drone_0063_200_0046,0063,200,sat_0063,1,1.0,sat_0063,0063,0.6484371,sat_0056,0.5489565,0.09948057,True
drone_0063_200_0047,0063,200,sat_0063,1,1.0,sat_0063,0063,0.63682437,sat_0056,0.5420046,0.094819784,True
drone_0063_200_0048,0063,200,sat_0063,1,1.0,sat_0063,0063,0.6953787,sat_0056,0.6104983,0.08488041,True
drone_0063_200_0049,0063,200,sat_0063,1,1.0,sat_0063,0063,0.68343014,sat_0056,0.5653963,0.11803383,True
drone_0071_200_0000,0071,200,sat_0071,2,0.5,sat_0058,0058,0.8538712,sat_0071,0.8538712,0.0,False
drone_0071_200_0001,0071,200,sat_0071,2,0.5,sat_0058,0058,0.8618511,sat_0071,0.8618511,0.0,False
drone_0071_200_0002,0071,200,sat_0071,2,0.5,sat_0058,0058,0.8590524,sat_0071,0.8590524,0.0,False
drone_0071_200_0003,0071,200,sat_0071,2,0.5,sat_0058,0058,0.86875635,sat_0071,0.86875635,0.0,False
drone_0071_200_0004,0071,200,sat_0071,2,0.5,sat_0058,0058,0.8650214,sat_0071,0.8650214,0.0,False
drone_0071_200_0005,0071,200,sat_0071,2,0.5,sat_0058,0058,0.865295,sat_0071,0.865295,0.0,False
drone_0071_200_0006,0071,200,sat_0071,2,0.5,sat_0058,0058,0.87262744,sat_0071,0.87262744,0.0,False
drone_0071_200_0007,0071,200,sat_0071,2,0.5,sat_0058,0058,0.87150156,sat_0071,0.87150156,0.0,False
drone_0071_200_0008,0071,200,sat_0071,2,0.5,sat_0058,0058,0.8919274,sat_0071,0.8919274,0.0,False
drone_0071_200_0009,0071,200,sat_0071,2,0.5,sat_0058,0058,0.90688634,sat_0071,0.90688634,0.0,False
drone_0071_200_0010,0071,200,sat_0071,2,0.5,sat_0058,0058,0.8934171,sat_0071,0.8934171,0.0,False
drone_0071_200_0011,0071,200,sat_0071,2,0.5,sat_0058,0058,0.87977046,sat_0071,0.87977046,0.0,False
drone_0071_200_0012,0071,200,sat_0071,2,0.5,sat_0058,0058,0.8433003,sat_0071,0.8433003,0.0,False
drone_0071_200_0013,0071,200,sat_0071,2,0.5,sat_0058,0058,0.8793868,sat_0071,0.8793868,0.0,False
drone_0071_200_0014,0071,200,sat_0071,2,0.5,sat_0058,0058,0.90438545,sat_0071,0.90438545,0.0,False
drone_0071_200_0015,0071,200,sat_0071,2,0.5,sat_0058,0058,0.8542392,sat_0071,0.8542392,0.0,False
drone_0071_200_0016,0071,200,sat_0071,2,0.5,sat_0058,0058,0.8669169,sat_0071,0.8669169,0.0,False
drone_0071_200_0017,0071,200,sat_0071,2,0.5,sat_0058,0058,0.84734577,sat_0071,0.84734577,0.0,False
drone_0071_200_0018,0071,200,sat_0071,2,0.5,sat_0058,0058,0.892501,sat_0071,0.892501,0.0,False
drone_0071_200_0019,0071,200,sat_0071,2,0.5,sat_0058,0058,0.83414125,sat_0071,0.83414125,0.0,False
drone_0071_200_0020,0071,200,sat_0071,2,0.5,sat_0058,0058,0.84243774,sat_0071,0.84243774,0.0,False
drone_0071_200_0021,0071,200,sat_0071,2,0.5,sat_0058,0058,0.85905,sat_0071,0.85905,0.0,False
drone_0071_200_0022,0071,200,sat_0071,2,0.5,sat_0058,0058,0.83176166,sat_0071,0.83176166,0.0,False
drone_0071_200_0023,0071,200,sat_0071,2,0.5,sat_0058,0058,0.8381684,sat_0071,0.8381684,0.0,False
drone_0071_200_0024,0071,200,sat_0071,2,0.5,sat_0058,0058,0.77444893,sat_0071,0.77444893,0.0,False
drone_0071_200_0025,0071,200,sat_0071,2,0.5,sat_0058,0058,0.79302675,sat_0071,0.79302675,0.0,False
drone_0071_200_0026,0071,200,sat_0071,2,0.5,sat_0058,0058,0.794334,sat_0071,0.794334,0.0,False
drone_0071_200_0027,0071,200,sat_0071,2,0.5,sat_0058,0058,0.8077164,sat_0071,0.8077164,0.0,False
drone_0071_200_0028,0071,200,sat_0071,2,0.5,sat_0058,0058,0.78638524,sat_0071,0.78638524,0.0,False
drone_0071_200_0029,0071,200,sat_0071,2,0.5,sat_0058,0058,0.7742577,sat_0071,0.7742577,0.0,False
drone_0071_200_0030,0071,200,sat_0071,2,0.5,sat_0058,0058,0.7376501,sat_0071,0.7376501,0.0,False
drone_0071_200_0031,0071,200,sat_0071,2,0.5,sat_0058,0058,0.8058587,sat_0071,0.8058587,0.0,False
drone_0071_200_0032,0071,200,sat_0071,2,0.5,sat_0058,0058,0.82781905,sat_0071,0.82781905,0.0,False
drone_0071_200_0033,0071,200,sat_0071,2,0.5,sat_0058,0058,0.87572,sat_0071,0.87572,0.0,False
drone_0071_200_0034,0071,200,sat_0071,2,0.5,sat_0058,0058,0.85667336,sat_0071,0.85667336,0.0,False
drone_0071_200_0035,0071,200,sat_0071,2,0.5,sat_0058,0058,0.85508525,sat_0071,0.85508525,0.0,False
drone_0071_200_0036,0071,200,sat_0071,2,0.5,sat_0058,0058,0.83128476,sat_0071,0.83128476,0.0,False
drone_0071_200_0037,0071,200,sat_0071,2,0.5,sat_0058,0058,0.8161212,sat_0071,0.8161212,0.0,False
drone_0071_200_0038,0071,200,sat_0071,2,0.5,sat_0058,0058,0.77488416,sat_0071,0.77488416,0.0,False
drone_0071_200_0039,0071,200,sat_0071,2,0.5,sat_0058,0058,0.8196109,sat_0071,0.8196109,0.0,False
drone_0071_200_0040,0071,200,sat_0071,2,0.5,sat_0058,0058,0.82512486,sat_0071,0.82512486,0.0,False
drone_0071_200_0041,0071,200,sat_0071,2,0.5,sat_0058,0058,0.8248952,sat_0071,0.8248952,0.0,False
drone_0071_200_0042,0071,200,sat_0071,2,0.5,sat_0058,0058,0.8594763,sat_0071,0.8594763,0.0,False
drone_0071_200_0043,0071,200,sat_0071,2,0.5,sat_0058,0058,0.84983844,sat_0071,0.84983844,0.0,False
drone_0071_200_0044,0071,200,sat_0071,2,0.5,sat_0058,0058,0.83465165,sat_0071,0.83465165,0.0,False
drone_0071_200_0045,0071,200,sat_0071,2,0.5,sat_0058,0058,0.8478846,sat_0071,0.8478846,0.0,False
drone_0071_200_0046,0071,200,sat_0071,2,0.5,sat_0058,0058,0.84689724,sat_0071,0.84689724,0.0,False
drone_0071_200_0047,0071,200,sat_0071,2,0.5,sat_0058,0058,0.8700843,sat_0071,0.8700843,0.0,False
drone_0071_200_0048,0071,200,sat_0071,2,0.5,sat_0058,0058,0.88869834,sat_0071,0.88869834,0.0,False
drone_0071_200_0049,0071,200,sat_0071,2,0.5,sat_0058,0058,0.8657664,sat_0071,0.8657664,0.0,False
drone_0072_200_0000,0072,200,sat_0072,1,1.0,sat_0072,0072,0.7714093,sat_0174,0.68902737,0.082381904,True
drone_0072_200_0001,0072,200,sat_0072,1,1.0,sat_0072,0072,0.8029107,sat_0174,0.6892011,0.11370957,True
drone_0072_200_0002,0072,200,sat_0072,1,1.0,sat_0072,0072,0.80877876,sat_0174,0.70843697,0.1003418,True
drone_0072_200_0003,0072,200,sat_0072,1,1.0,sat_0072,0072,0.7663137,sat_0174,0.67693174,0.08938193,True
drone_0072_200_0004,0072,200,sat_0072,1,1.0,sat_0072,0072,0.7622074,sat_0174,0.6683544,0.093853,True
drone_0072_200_0005,0072,200,sat_0072,1,1.0,sat_0072,0072,0.7459174,sat_0174,0.69508874,0.050828636,True
drone_0072_200_0006,0072,200,sat_0072,1,1.0,sat_0072,0072,0.780981,sat_0174,0.6846183,0.09636271,True
drone_0072_200_0007,0072,200,sat_0072,1,1.0,sat_0072,0072,0.81163275,sat_0174,0.6853744,0.12625837,True
drone_0072_200_0008,0072,200,sat_0072,1,1.0,sat_0072,0072,0.80362535,sat_0174,0.6756005,0.12802482,True
drone_0072_200_0009,0072,200,sat_0072,1,1.0,sat_0072,0072,0.77986944,sat_0174,0.6520679,0.12780154,True
drone_0072_200_0010,0072,200,sat_0072,1,1.0,sat_0072,0072,0.79314506,sat_0174,0.61391896,0.1792261,True
drone_0072_200_0011,0072,200,sat_0072,1,1.0,sat_0072,0072,0.8027288,sat_0174,0.6081965,0.19453228,True
drone_0072_200_0012,0072,200,sat_0072,1,1.0,sat_0072,0072,0.8158938,sat_0174,0.62235373,0.1935401,True
drone_0072_200_0013,0072,200,sat_0072,1,1.0,sat_0072,0072,0.82216686,sat_0174,0.6110448,0.21112204,True
drone_0072_200_0014,0072,200,sat_0072,1,1.0,sat_0072,0072,0.81841236,sat_0174,0.6086539,0.20975846,True
drone_0072_200_0015,0072,200,sat_0072,1,1.0,sat_0072,0072,0.8062437,sat_0174,0.60418653,0.20205718,True
drone_0072_200_0016,0072,200,sat_0072,1,1.0,sat_0072,0072,0.80892015,sat_0174,0.64450026,0.16441989,True
drone_0072_200_0017,0072,200,sat_0072,1,1.0,sat_0072,0072,0.8147112,sat_0174,0.5854405,0.2292707,True
drone_0072_200_0018,0072,200,sat_0072,1,1.0,sat_0072,0072,0.81892616,sat_0174,0.646758,0.17216814,True
drone_0072_200_0019,0072,200,sat_0072,1,1.0,sat_0072,0072,0.82153463,sat_0174,0.6112287,0.21030593,True
drone_0072_200_0020,0072,200,sat_0072,1,1.0,sat_0072,0072,0.8147174,sat_0174,0.62337667,0.19134074,True
drone_0072_200_0021,0072,200,sat_0072,1,1.0,sat_0072,0072,0.80423033,sat_0174,0.6716574,0.13257295,True
drone_0072_200_0022,0072,200,sat_0072,1,1.0,sat_0072,0072,0.7740234,sat_0174,0.6240198,0.15000361,True
drone_0072_200_0023,0072,200,sat_0072,1,1.0,sat_0072,0072,0.7379535,sat_0174,0.6135652,0.12438828,True
drone_0072_200_0024,0072,200,sat_0072,1,1.0,sat_0072,0072,0.74011827,sat_0174,0.66049683,0.079621434,True
drone_0072_200_0025,0072,200,sat_0072,1,1.0,sat_0072,0072,0.77530974,sat_0174,0.7009959,0.07431382,True
drone_0072_200_0026,0072,200,sat_0072,1,1.0,sat_0072,0072,0.7887311,sat_0174,0.67556125,0.11316985,True
drone_0072_200_0027,0072,200,sat_0072,1,1.0,sat_0072,0072,0.804067,sat_0174,0.66646975,0.13759726,True
drone_0072_200_0028,0072,200,sat_0072,1,1.0,sat_0072,0072,0.7984947,sat_0174,0.5991597,0.19933498,True
drone_0072_200_0029,0072,200,sat_0072,1,1.0,sat_0072,0072,0.81186444,sat_0174,0.6043281,0.20753634,True
drone_0072_200_0030,0072,200,sat_0072,1,1.0,sat_0072,0072,0.86264104,sat_0174,0.5888352,0.27380586,True
drone_0072_200_0031,0072,200,sat_0072,1,1.0,sat_0072,0072,0.872823,sat_0174,0.6314679,0.24135512,True
drone_0072_200_0032,0072,200,sat_0072,1,1.0,sat_0072,0072,0.83203876,sat_0174,0.65536684,0.17667192,True
drone_0072_200_0033,0072,200,sat_0072,1,1.0,sat_0072,0072,0.8145141,sat_0174,0.65125865,0.16325545,True
drone_0072_200_0034,0072,200,sat_0072,1,1.0,sat_0072,0072,0.8408845,sat_0174,0.66073376,0.18015075,True
drone_0072_200_0035,0072,200,sat_0072,1,1.0,sat_0072,0072,0.8181463,sat_0174,0.6435635,0.17458278,True
drone_0072_200_0036,0072,200,sat_0072,1,1.0,sat_0072,0072,0.82297003,sat_0174,0.7043735,0.118596554,True
drone_0072_200_0037,0072,200,sat_0072,1,1.0,sat_0072,0072,0.84388167,sat_0174,0.59597963,0.24790204,True
drone_0072_200_0038,0072,200,sat_0072,1,1.0,sat_0072,0072,0.83286786,sat_0174,0.5833686,0.24949926,True
drone_0072_200_0039,0072,200,sat_0072,1,1.0,sat_0072,0072,0.8429336,sat_0174,0.60438335,0.23855025,True
drone_0072_200_0040,0072,200,sat_0072,1,1.0,sat_0072,0072,0.8568943,sat_0174,0.62067294,0.23622137,True
drone_0072_200_0041,0072,200,sat_0072,1,1.0,sat_0072,0072,0.8407351,sat_0174,0.58258986,0.2581452,True
drone_0072_200_0042,0072,200,sat_0072,1,1.0,sat_0072,0072,0.85447836,sat_0174,0.6362202,0.21825814,True
drone_0072_200_0043,0072,200,sat_0072,1,1.0,sat_0072,0072,0.83434117,sat_0174,0.61299384,0.22134733,True
drone_0072_200_0044,0072,200,sat_0072,1,1.0,sat_0072,0072,0.79019356,sat_0174,0.6583524,0.13184118,True
drone_0072_200_0045,0072,200,sat_0072,1,1.0,sat_0072,0072,0.777616,sat_0174,0.7018777,0.07573831,True
drone_0072_200_0046,0072,200,sat_0072,1,1.0,sat_0072,0072,0.7720221,sat_0174,0.6956109,0.07641125,True
drone_0072_200_0047,0072,200,sat_0072,1,1.0,sat_0072,0072,0.79322207,sat_0174,0.6791855,0.11403656,True
drone_0072_200_0048,0072,200,sat_0072,1,1.0,sat_0072,0072,0.7795037,sat_0174,0.66313106,0.116372645,True
drone_0072_200_0049,0072,200,sat_0072,1,1.0,sat_0072,0072,0.75912344,sat_0174,0.70400584,0.055117607,True
drone_0087_200_0000,0087,200,sat_0087,1,1.0,sat_0087,0087,0.9215754,sat_0088,0.7586669,0.16290855,True
drone_0087_200_0001,0087,200,sat_0087,1,1.0,sat_0087,0087,0.9201595,sat_0088,0.7524285,0.16773105,True
drone_0087_200_0002,0087,200,sat_0087,1,1.0,sat_0087,0087,0.9173281,sat_0088,0.73602694,0.18130118,True
drone_0087_200_0003,0087,200,sat_0087,1,1.0,sat_0087,0087,0.93576,sat_0088,0.75157785,0.18418217,True
drone_0087_200_0004,0087,200,sat_0087,1,1.0,sat_0087,0087,0.9111583,sat_0088,0.75173306,0.15942526,True
drone_0087_200_0005,0087,200,sat_0087,1,1.0,sat_0087,0087,0.89297855,sat_0088,0.7641075,0.12887102,True
drone_0087_200_0006,0087,200,sat_0087,1,1.0,sat_0087,0087,0.89863396,sat_0088,0.7527625,0.14587146,True
drone_0087_200_0007,0087,200,sat_0087,1,1.0,sat_0087,0087,0.9168463,sat_0088,0.7514963,0.16534996,True
drone_0087_200_0008,0087,200,sat_0087,1,1.0,sat_0087,0087,0.9144147,sat_0088,0.7699693,0.14444542,True
drone_0087_200_0009,0087,200,sat_0087,1,1.0,sat_0087,0087,0.91328156,sat_0088,0.75716233,0.15611923,True
drone_0087_200_0010,0087,200,sat_0087,1,1.0,sat_0087,0087,0.8808172,sat_0088,0.7654353,0.1153819,True
drone_0087_200_0011,0087,200,sat_0087,1,1.0,sat_0087,0087,0.8992311,sat_0088,0.7790842,0.12014687,True
drone_0087_200_0012,0087,200,sat_0087,1,1.0,sat_0087,0087,0.88339615,sat_0088,0.7669376,0.116458535,True
drone_0087_200_0013,0087,200,sat_0087,1,1.0,sat_0087,0087,0.86783725,sat_0088,0.743683,0.12415427,True
drone_0087_200_0014,0087,200,sat_0087,1,1.0,sat_0087,0087,0.8981661,sat_0088,0.7928146,0.10535151,True
drone_0087_200_0015,0087,200,sat_0087,1,1.0,sat_0087,0087,0.88457847,sat_0088,0.7641249,0.120453596,True
drone_0087_200_0016,0087,200,sat_0087,1,1.0,sat_0087,0087,0.9115859,sat_0088,0.7363708,0.17521513,True
drone_0087_200_0017,0087,200,sat_0087,1,1.0,sat_0087,0087,0.9092126,sat_0088,0.7352652,0.1739474,True
drone_0087_200_0018,0087,200,sat_0087,1,1.0,sat_0087,0087,0.92662835,sat_0088,0.7345179,0.19211048,True
drone_0087_200_0019,0087,200,sat_0087,1,1.0,sat_0087,0087,0.92310846,sat_0088,0.7354811,0.18762738,True
drone_0087_200_0020,0087,200,sat_0087,1,1.0,sat_0087,0087,0.93582386,sat_0088,0.77971417,0.15610969,True
drone_0087_200_0021,0087,200,sat_0087,1,1.0,sat_0087,0087,0.9234084,sat_0088,0.79035425,0.13305414,True
drone_0087_200_0022,0087,200,sat_0087,1,1.0,sat_0087,0087,0.9404915,sat_0088,0.76873696,0.17175454,True
drone_0087_200_0023,0087,200,sat_0087,1,1.0,sat_0087,0087,0.951353,sat_0088,0.76428884,0.18706417,True
drone_0087_200_0024,0087,200,sat_0087,1,1.0,sat_0087,0087,0.9211038,sat_0088,0.72318804,0.19791573,True
drone_0087_200_0025,0087,200,sat_0087,1,1.0,sat_0087,0087,0.9384905,sat_0088,0.7339657,0.20452482,True
drone_0087_200_0026,0087,200,sat_0087,1,1.0,sat_0087,0087,0.9253004,sat_0088,0.6792317,0.24606872,True
drone_0087_200_0027,0087,200,sat_0087,1,1.0,sat_0087,0087,0.93583924,sat_0088,0.69498825,0.24085099,True
drone_0087_200_0028,0087,200,sat_0087,1,1.0,sat_0087,0087,0.92036456,sat_0088,0.6941325,0.22623205,True
drone_0087_200_0029,0087,200,sat_0087,1,1.0,sat_0087,0087,0.92812705,sat_0088,0.7030225,0.22510457,True
drone_0087_200_0030,0087,200,sat_0087,1,1.0,sat_0087,0087,0.92796016,sat_0088,0.6954513,0.23250884,True
drone_0087_200_0031,0087,200,sat_0087,1,1.0,sat_0087,0087,0.93119526,sat_0088,0.7214216,0.20977366,True
drone_0087_200_0032,0087,200,sat_0087,1,1.0,sat_0087,0087,0.8799865,sat_0088,0.6900152,0.18997133,True
drone_0087_200_0033,0087,200,sat_0087,1,1.0,sat_0087,0087,0.91565764,sat_0088,0.7109292,0.20472842,True
drone_0087_200_0034,0087,200,sat_0087,1,1.0,sat_0087,0087,0.9010364,sat_0088,0.7123217,0.18871468,True
drone_0087_200_0035,0087,200,sat_0087,1,1.0,sat_0087,0087,0.89257795,sat_0088,0.71898556,0.17359239,True
drone_0087_200_0036,0087,200,sat_0087,1,1.0,sat_0087,0087,0.8910916,sat_0088,0.6765674,0.21452421,True
drone_0087_200_0037,0087,200,sat_0087,1,1.0,sat_0087,0087,0.88775134,sat_0088,0.6625158,0.22523552,True
drone_0087_200_0038,0087,200,sat_0087,1,1.0,sat_0087,0087,0.82184887,sat_0088,0.64074844,0.18110043,True
drone_0087_200_0039,0087,200,sat_0087,1,1.0,sat_0087,0087,0.8817655,sat_0088,0.70992714,0.17183834,True
drone_0087_200_0040,0087,200,sat_0087,1,1.0,sat_0087,0087,0.8492493,sat_0088,0.70271456,0.14653474,True
drone_0087_200_0041,0087,200,sat_0087,1,1.0,sat_0087,0087,0.87176454,sat_0088,0.6903496,0.18141496,True
drone_0087_200_0042,0087,200,sat_0087,1,1.0,sat_0087,0087,0.8607702,sat_0088,0.6782971,0.18247312,True
drone_0087_200_0043,0087,200,sat_0087,1,1.0,sat_0087,0087,0.8626338,sat_0088,0.68961704,0.17301679,True
drone_0087_200_0044,0087,200,sat_0087,1,1.0,sat_0087,0087,0.8658928,sat_0088,0.7024865,0.16340631,True
drone_0087_200_0045,0087,200,sat_0087,1,1.0,sat_0087,0087,0.8434098,sat_0088,0.67733383,0.16607594,True
drone_0087_200_0046,0087,200,sat_0087,1,1.0,sat_0087,0087,0.8564204,sat_0088,0.7148615,0.14155889,True
drone_0087_200_0047,0087,200,sat_0087,1,1.0,sat_0087,0087,0.8998194,sat_0088,0.7168375,0.18298185,True
drone_0087_200_0048,0087,200,sat_0087,1,1.0,sat_0087,0087,0.9197765,sat_0088,0.7303211,0.18945539,True
drone_0087_200_0049,0087,200,sat_0087,1,1.0,sat_0087,0087,0.8967434,sat_0088,0.7312795,0.16546392,True
drone_0088_200_0000,0088,200,sat_0088,1,1.0,sat_0088,0088,0.7667769,sat_0152,0.7346951,0.032081842,True
drone_0088_200_0001,0088,200,sat_0088,1,1.0,sat_0088,0088,0.7911239,sat_0152,0.7181657,0.07295823,True
drone_0088_200_0002,0088,200,sat_0088,1,1.0,sat_0088,0088,0.7950757,sat_0152,0.7133591,0.0817166,True
drone_0088_200_0003,0088,200,sat_0088,1,1.0,sat_0088,0088,0.807202,sat_0152,0.6913819,0.11582011,True
drone_0088_200_0004,0088,200,sat_0088,1,1.0,sat_0088,0088,0.7830049,sat_0152,0.70657784,0.07642704,True
drone_0088_200_0005,0088,200,sat_0088,1,1.0,sat_0088,0088,0.7750473,sat_0152,0.7087128,0.066334486,True
drone_0088_200_0006,0088,200,sat_0088,1,1.0,sat_0088,0088,0.76470816,sat_0152,0.7276111,0.037097037,True
drone_0088_200_0007,0088,200,sat_0088,1,1.0,sat_0088,0088,0.77513635,sat_0152,0.7353562,0.03978014,True
drone_0088_200_0008,0088,200,sat_0088,1,1.0,sat_0088,0088,0.76758045,sat_0152,0.7269348,0.04064566,True
drone_0088_200_0009,0088,200,sat_0088,1,1.0,sat_0088,0088,0.75175107,sat_0152,0.7317222,0.02002889,True
drone_0088_200_0010,0088,200,sat_0088,1,1.0,sat_0088,0088,0.7565771,sat_0152,0.7272999,0.029277146,True
drone_0088_200_0011,0088,200,sat_0088,1,1.0,sat_0088,0088,0.7441251,sat_0152,0.7192078,0.024917305,True
drone_0088_200_0012,0088,200,sat_0088,1,1.0,sat_0088,0088,0.75449485,sat_0152,0.7312779,0.023216963,True
drone_0088_200_0013,0088,200,sat_0088,2,0.5,sat_0152,0152,0.73029816,sat_0088,0.7002613,0.030036867,False
drone_0088_200_0014,0088,200,sat_0088,2,0.5,sat_0152,0152,0.7249745,sat_0088,0.6911867,0.033787787,False
drone_0088_200_0015,0088,200,sat_0088,2,0.5,sat_0152,0152,0.7295466,sat_0088,0.6861989,0.043347716,False
drone_0088_200_0016,0088,200,sat_0088,2,0.5,sat_0152,0152,0.74894804,sat_0088,0.74485344,0.0040946007,False
drone_0088_200_0017,0088,200,sat_0088,1,1.0,sat_0088,0088,0.7717451,sat_0152,0.7491645,0.022580564,True
drone_0088_200_0018,0088,200,sat_0088,1,1.0,sat_0088,0088,0.776816,sat_0152,0.7555996,0.021216393,True
drone_0088_200_0019,0088,200,sat_0088,2,0.5,sat_0152,0152,0.74817926,sat_0088,0.73248017,0.015699089,False
drone_0088_200_0020,0088,200,sat_0088,2,0.5,sat_0152,0152,0.7570386,sat_0088,0.75413734,0.002901256,False
drone_0088_200_0021,0088,200,sat_0088,1,1.0,sat_0088,0088,0.79823416,sat_0152,0.73456866,0.06366551,True
drone_0088_200_0022,0088,200,sat_0088,1,1.0,sat_0088,0088,0.7903371,sat_0152,0.70573384,0.08460325,True
drone_0088_200_0023,0088,200,sat_0088,1,1.0,sat_0088,0088,0.8181227,sat_0152,0.721821,0.096301675,True
drone_0088_200_0024,0088,200,sat_0088,1,1.0,sat_0088,0088,0.860289,sat_0152,0.62621623,0.23407274,True
drone_0088_200_0025,0088,200,sat_0088,1,1.0,sat_0088,0088,0.8447413,sat_0152,0.6377772,0.20696408,True
drone_0088_200_0026,0088,200,sat_0088,1,1.0,sat_0088,0088,0.849653,sat_0152,0.61506057,0.23459244,True
drone_0088_200_0027,0088,200,sat_0088,1,1.0,sat_0088,0088,0.8434324,sat_0152,0.6330965,0.21033591,True
drone_0088_200_0028,0088,200,sat_0088,1,1.0,sat_0088,0088,0.89055556,sat_0152,0.6494982,0.24105734,True
drone_0088_200_0029,0088,200,sat_0088,1,1.0,sat_0088,0088,0.889635,sat_0152,0.63461286,0.25502217,True
drone_0088_200_0030,0088,200,sat_0088,1,1.0,sat_0088,0088,0.89792657,sat_0152,0.6379934,0.25993317,True
drone_0088_200_0031,0088,200,sat_0088,1,1.0,sat_0088,0088,0.90853816,sat_0152,0.6663934,0.24214476,True
drone_0088_200_0032,0088,200,sat_0088,1,1.0,sat_0088,0088,0.90365744,sat_0152,0.59610826,0.30754918,True
drone_0088_200_0033,0088,200,sat_0088,1,1.0,sat_0088,0088,0.894645,sat_0152,0.61032116,0.2843238,True
drone_0088_200_0034,0088,200,sat_0088,1,1.0,sat_0088,0088,0.8712628,sat_0152,0.63452137,0.23674142,True
drone_0088_200_0035,0088,200,sat_0088,1,1.0,sat_0088,0088,0.8611474,sat_0152,0.6061063,0.25504112,True
drone_0088_200_0036,0088,200,sat_0088,1,1.0,sat_0088,0088,0.86651134,sat_0152,0.67273265,0.1937787,True
drone_0088_200_0037,0088,200,sat_0088,1,1.0,sat_0088,0088,0.87723494,sat_0152,0.60967684,0.2675581,True
drone_0088_200_0038,0088,200,sat_0088,1,1.0,sat_0088,0088,0.89411855,sat_0152,0.62786216,0.2662564,True
drone_0088_200_0039,0088,200,sat_0088,1,1.0,sat_0088,0088,0.88388133,sat_0152,0.6540437,0.22983766,True
drone_0088_200_0040,0088,200,sat_0088,1,1.0,sat_0088,0088,0.8853064,sat_0152,0.6626594,0.22264701,True
drone_0088_200_0041,0088,200,sat_0088,1,1.0,sat_0088,0088,0.8632755,sat_0152,0.7075435,0.15573204,True
drone_0088_200_0042,0088,200,sat_0088,1,1.0,sat_0088,0088,0.87646973,sat_0152,0.6885566,0.18791312,True
drone_0088_200_0043,0088,200,sat_0088,1,1.0,sat_0088,0088,0.87768847,sat_0152,0.6919596,0.18572885,True
drone_0088_200_0044,0088,200,sat_0088,1,1.0,sat_0088,0088,0.83282727,sat_0152,0.70089054,0.13193673,True
drone_0088_200_0045,0088,200,sat_0088,1,1.0,sat_0088,0088,0.846966,sat_0152,0.7073027,0.13966334,True
drone_0088_200_0046,0088,200,sat_0088,1,1.0,sat_0088,0088,0.7848265,sat_0152,0.71147287,0.07335365,True
drone_0088_200_0047,0088,200,sat_0088,1,1.0,sat_0088,0088,0.75429654,sat_0152,0.7352824,0.01901412,True
drone_0088_200_0048,0088,200,sat_0088,1,1.0,sat_0088,0088,0.8005458,sat_0152,0.7100626,0.09048319,True
drone_0088_200_0049,0088,200,sat_0088,1,1.0,sat_0088,0088,0.7596568,sat_0152,0.7056743,0.053982496,True
drone_0108_200_0000,0108,200,sat_0108,1,1.0,sat_0108,0108,0.93673587,sat_0189,0.620849,0.31588686,True
drone_0108_200_0001,0108,200,sat_0108,1,1.0,sat_0108,0108,0.9372276,sat_0189,0.6255498,0.3116778,True
drone_0108_200_0002,0108,200,sat_0108,1,1.0,sat_0108,0108,0.94316006,sat_0189,0.6105049,0.33265513,True
drone_0108_200_0003,0108,200,sat_0108,1,1.0,sat_0108,0108,0.939871,sat_0189,0.58378947,0.35608155,True
drone_0108_200_0004,0108,200,sat_0108,1,1.0,sat_0108,0108,0.9368761,sat_0189,0.5842285,0.3526476,True
drone_0108_200_0005,0108,200,sat_0108,1,1.0,sat_0108,0108,0.9408172,sat_0189,0.58689624,0.35392094,True
drone_0108_200_0006,0108,200,sat_0108,1,1.0,sat_0108,0108,0.9429502,sat_0189,0.568269,0.37468117,True
drone_0108_200_0007,0108,200,sat_0108,1,1.0,sat_0108,0108,0.9368588,sat_0189,0.5724517,0.36440706,True
drone_0108_200_0008,0108,200,sat_0108,1,1.0,sat_0108,0108,0.932044,sat_0190,0.5631486,0.3688954,True
drone_0108_200_0009,0108,200,sat_0108,1,1.0,sat_0108,0108,0.92262506,sat_0190,0.5692004,0.35342467,True
drone_0108_200_0010,0108,200,sat_0108,1,1.0,sat_0108,0108,0.9180151,sat_0190,0.5831361,0.33487904,True
drone_0108_200_0011,0108,200,sat_0108,1,1.0,sat_0108,0108,0.91409826,sat_0190,0.5903972,0.32370108,True
drone_0108_200_0012,0108,200,sat_0108,1,1.0,sat_0108,0108,0.9135016,sat_0190,0.58286536,0.33063626,True
drone_0108_200_0013,0108,200,sat_0108,1,1.0,sat_0108,0108,0.912941,sat_0190,0.60771143,0.30522954,True
drone_0108_200_0014,0108,200,sat_0108,1,1.0,sat_0108,0108,0.8996554,sat_0190,0.62416357,0.27549183,True
drone_0108_200_0015,0108,200,sat_0108,1,1.0,sat_0108,0108,0.90933514,sat_0190,0.61337596,0.29595917,True
drone_0108_200_0016,0108,200,sat_0108,1,1.0,sat_0108,0108,0.907706,sat_0190,0.6260197,0.2816863,True
drone_0108_200_0017,0108,200,sat_0108,1,1.0,sat_0108,0108,0.92441607,sat_0190,0.6292082,0.29520786,True
drone_0108_200_0018,0108,200,sat_0108,1,1.0,sat_0108,0108,0.92579633,sat_0190,0.62498516,0.30081117,True
drone_0108_200_0019,0108,200,sat_0108,1,1.0,sat_0108,0108,0.9094944,sat_0189,0.6154736,0.29402077,True
drone_0108_200_0020,0108,200,sat_0108,1,1.0,sat_0108,0108,0.8930708,sat_0190,0.62287235,0.27019846,True
drone_0108_200_0021,0108,200,sat_0108,1,1.0,sat_0108,0108,0.92072666,sat_0189,0.59966856,0.3210581,True
drone_0108_200_0022,0108,200,sat_0108,1,1.0,sat_0108,0108,0.9221014,sat_0190,0.6123016,0.3097998,True
drone_0108_200_0023,0108,200,sat_0108,1,1.0,sat_0108,0108,0.9105592,sat_0190,0.6390685,0.2714907,True
drone_0108_200_0024,0108,200,sat_0108,1,1.0,sat_0108,0108,0.9014663,sat_0190,0.65767646,0.24378985,True
drone_0108_200_0025,0108,200,sat_0108,1,1.0,sat_0108,0108,0.9054482,sat_0190,0.6557951,0.2496531,True
drone_0108_200_0026,0108,200,sat_0108,1,1.0,sat_0108,0108,0.9064021,sat_0190,0.6572572,0.24914491,True
drone_0108_200_0027,0108,200,sat_0108,1,1.0,sat_0108,0108,0.92120594,sat_0190,0.6479039,0.27330202,True
drone_0108_200_0028,0108,200,sat_0108,1,1.0,sat_0108,0108,0.9173006,sat_0190,0.6466978,0.27060276,True
drone_0108_200_0029,0108,200,sat_0108,1,1.0,sat_0108,0108,0.9123109,sat_0190,0.66830456,0.24400634,True
drone_0108_200_0030,0108,200,sat_0108,1,1.0,sat_0108,0108,0.9139895,sat_0190,0.664006,0.24998349,True
drone_0108_200_0031,0108,200,sat_0108,1,1.0,sat_0108,0108,0.908605,sat_0190,0.6737163,0.23488867,True
drone_0108_200_0032,0108,200,sat_0108,1,1.0,sat_0108,0108,0.8965151,sat_0190,0.6933136,0.20320147,True
drone_0108_200_0033,0108,200,sat_0108,1,1.0,sat_0108,0108,0.89078224,sat_0190,0.68961143,0.2011708,True
drone_0108_200_0034,0108,200,sat_0108,1,1.0,sat_0108,0108,0.9135042,sat_0190,0.65260243,0.26090175,True
drone_0108_200_0035,0108,200,sat_0108,1,1.0,sat_0108,0108,0.90202487,sat_0190,0.66520035,0.23682451,True
drone_0108_200_0036,0108,200,sat_0108,1,1.0,sat_0108,0108,0.89507425,sat_0190,0.6307618,0.26431245,True
drone_0108_200_0037,0108,200,sat_0108,1,1.0,sat_0108,0108,0.89740294,sat_0189,0.6353053,0.26209766,True
drone_0108_200_0038,0108,200,sat_0108,1,1.0,sat_0108,0108,0.8844209,sat_0190,0.6293769,0.25504398,True
drone_0108_200_0039,0108,200,sat_0108,1,1.0,sat_0108,0108,0.89306575,sat_0189,0.6667742,0.22629154,True
drone_0108_200_0040,0108,200,sat_0108,1,1.0,sat_0108,0108,0.9051776,sat_0190,0.65535295,0.24982464,True
drone_0108_200_0041,0108,200,sat_0108,1,1.0,sat_0108,0108,0.89897764,sat_0190,0.65769243,0.2412852,True
drone_0108_200_0042,0108,200,sat_0108,1,1.0,sat_0108,0108,0.9031508,sat_0190,0.6541207,0.24903011,True
drone_0108_200_0043,0108,200,sat_0108,1,1.0,sat_0108,0108,0.9157843,sat_0189,0.6352988,0.2804855,True
drone_0108_200_0044,0108,200,sat_0108,1,1.0,sat_0108,0108,0.9352455,sat_0189,0.61878455,0.31646097,True
drone_0108_200_0045,0108,200,sat_0108,1,1.0,sat_0108,0108,0.939217,sat_0189,0.6152168,0.32400018,True
drone_0108_200_0046,0108,200,sat_0108,1,1.0,sat_0108,0108,0.927462,sat_0189,0.6185711,0.30889088,True
drone_0108_200_0047,0108,200,sat_0108,1,1.0,sat_0108,0108,0.9362904,sat_0189,0.59077394,0.34551644,True
drone_0108_200_0048,0108,200,sat_0108,1,1.0,sat_0108,0108,0.9266656,sat_0189,0.60680455,0.31986105,True
drone_0108_200_0049,0108,200,sat_0108,1,1.0,sat_0108,0108,0.9333178,sat_0189,0.59792364,0.33539414,True
drone_0109_200_0000,0109,200,sat_0109,1,1.0,sat_0109,0109,0.9208987,sat_0155,0.50120914,0.41968954,True
drone_0109_200_0001,0109,200,sat_0109,1,1.0,sat_0109,0109,0.93305236,sat_0155,0.4607653,0.47228706,True
drone_0109_200_0002,0109,200,sat_0109,1,1.0,sat_0109,0109,0.9204081,sat_0155,0.45836693,0.4620412,True
drone_0109_200_0003,0109,200,sat_0109,1,1.0,sat_0109,0109,0.91565156,sat_0155,0.4713718,0.44427976,True
drone_0109_200_0004,0109,200,sat_0109,1,1.0,sat_0109,0109,0.9342323,sat_0155,0.4854914,0.4487409,True
drone_0109_200_0005,0109,200,sat_0109,1,1.0,sat_0109,0109,0.90785456,sat_0155,0.51869977,0.3891548,True
drone_0109_200_0006,0109,200,sat_0109,1,1.0,sat_0109,0109,0.91801584,sat_0155,0.48700094,0.4310149,True
drone_0109_200_0007,0109,200,sat_0109,1,1.0,sat_0109,0109,0.91932255,sat_0155,0.49287644,0.4264461,True
drone_0109_200_0008,0109,200,sat_0109,1,1.0,sat_0109,0109,0.90440714,sat_0155,0.52366513,0.380742,True
drone_0109_200_0009,0109,200,sat_0109,1,1.0,sat_0109,0109,0.898483,sat_0155,0.5515904,0.3468926,True
drone_0109_200_0010,0109,200,sat_0109,1,1.0,sat_0109,0109,0.87552315,sat_0155,0.5355934,0.33992976,True
drone_0109_200_0011,0109,200,sat_0109,1,1.0,sat_0109,0109,0.86681485,sat_0155,0.536957,0.32985783,True
drone_0109_200_0012,0109,200,sat_0109,1,1.0,sat_0109,0109,0.86979866,sat_0155,0.47821146,0.3915872,True
drone_0109_200_0013,0109,200,sat_0109,1,1.0,sat_0109,0109,0.88608056,sat_0155,0.4952619,0.39081866,True
drone_0109_200_0014,0109,200,sat_0109,1,1.0,sat_0109,0109,0.8200051,sat_0155,0.6085939,0.21141124,True
drone_0109_200_0015,0109,200,sat_0109,1,1.0,sat_0109,0109,0.8260919,sat_0155,0.57452583,0.25156605,True
drone_0109_200_0016,0109,200,sat_0109,1,1.0,sat_0109,0109,0.8073662,sat_0155,0.5881519,0.21921432,True
drone_0109_200_0017,0109,200,sat_0109,1,1.0,sat_0109,0109,0.81777704,sat_0155,0.5713139,0.24646312,True
drone_0109_200_0018,0109,200,sat_0109,1,1.0,sat_0109,0109,0.90240425,sat_0155,0.35988578,0.5425185,True
drone_0109_200_0019,0109,200,sat_0109,1,1.0,sat_0109,0109,0.8264301,sat_0155,0.43977475,0.38665533,True
drone_0109_200_0020,0109,200,sat_0109,1,1.0,sat_0109,0109,0.87240225,sat_0155,0.4196112,0.45279106,True
drone_0109_200_0021,0109,200,sat_0109,1,1.0,sat_0109,0109,0.8004321,sat_0155,0.47465554,0.32577655,True
drone_0109_200_0022,0109,200,sat_0109,1,1.0,sat_0109,0109,0.8765965,sat_0155,0.45595554,0.42064098,True
drone_0109_200_0023,0109,200,sat_0109,1,1.0,sat_0109,0109,0.8414273,sat_0155,0.50404435,0.33738297,True
drone_0109_200_0024,0109,200,sat_0109,1,1.0,sat_0109,0109,0.91165894,sat_0155,0.42713392,0.48452502,True
drone_0109_200_0025,0109,200,sat_0109,1,1.0,sat_0109,0109,0.9176477,sat_0155,0.36447898,0.5531688,True
drone_0109_200_0026,0109,200,sat_0109,1,1.0,sat_0109,0109,0.9034347,sat_0002,0.27475,0.6286847,True
drone_0109_200_0027,0109,200,sat_0109,1,1.0,sat_0109,0109,0.9359114,sat_0002,0.2684118,0.66749966,True
drone_0109_200_0028,0109,200,sat_0109,1,1.0,sat_0109,0109,0.8905663,sat_0155,0.45979416,0.43077213,True
drone_0109_200_0029,0109,200,sat_0109,1,1.0,sat_0109,0109,0.9429792,sat_0155,0.33558038,0.60739887,True
drone_0109_200_0030,0109,200,sat_0109,1,1.0,sat_0109,0109,0.9378859,sat_0155,0.34286004,0.59502584,True
drone_0109_200_0031,0109,200,sat_0109,1,1.0,sat_0109,0109,0.94541615,sat_0155,0.32156023,0.62385595,True
drone_0109_200_0032,0109,200,sat_0109,1,1.0,sat_0109,0109,0.9459591,sat_0155,0.37851864,0.56744045,True
drone_0109_200_0033,0109,200,sat_0109,1,1.0,sat_0109,0109,0.9243282,sat_0155,0.38013414,0.5441941,True
drone_0109_200_0034,0109,200,sat_0109,1,1.0,sat_0109,0109,0.93930256,sat_0155,0.34279686,0.5965057,True
drone_0109_200_0035,0109,200,sat_0109,1,1.0,sat_0109,0109,0.9448545,sat_0155,0.3016002,0.6432543,True
drone_0109_200_0036,0109,200,sat_0109,1,1.0,sat_0109,0109,0.94854355,sat_0155,0.3447572,0.60378635,True
drone_0109_200_0037,0109,200,sat_0109,1,1.0,sat_0109,0109,0.94041204,sat_0155,0.40072605,0.53968596,True
drone_0109_200_0038,0109,200,sat_0109,1,1.0,sat_0109,0109,0.9302013,sat_0155,0.31777558,0.6124257,True
drone_0109_200_0039,0109,200,sat_0109,1,1.0,sat_0109,0109,0.9109381,sat_0164,0.2994408,0.6114973,True
drone_0109_200_0040,0109,200,sat_0109,1,1.0,sat_0109,0109,0.8955759,sat_0155,0.39921936,0.49635652,True
drone_0109_200_0041,0109,200,sat_0109,1,1.0,sat_0109,0109,0.9279954,sat_0155,0.36563507,0.5623603,True
drone_0109_200_0042,0109,200,sat_0109,1,1.0,sat_0109,0109,0.8663137,sat_0155,0.43341786,0.43289584,True
drone_0109_200_0043,0109,200,sat_0109,1,1.0,sat_0109,0109,0.8715664,sat_0155,0.43161267,0.43995374,True
drone_0109_200_0044,0109,200,sat_0109,1,1.0,sat_0109,0109,0.9240171,sat_0155,0.4079514,0.51606566,True
drone_0109_200_0045,0109,200,sat_0109,1,1.0,sat_0109,0109,0.9262011,sat_0155,0.45620513,0.46999598,True
drone_0109_200_0046,0109,200,sat_0109,1,1.0,sat_0109,0109,0.92870593,sat_0155,0.44495034,0.4837556,True
drone_0109_200_0047,0109,200,sat_0109,1,1.0,sat_0109,0109,0.9317191,sat_0155,0.45621204,0.47550708,True
drone_0109_200_0048,0109,200,sat_0109,1,1.0,sat_0109,0109,0.9288891,sat_0155,0.3952824,0.5336067,True
drone_0109_200_0049,0109,200,sat_0109,1,1.0,sat_0109,0109,0.9152828,sat_0155,0.4827804,0.4325024,True
drone_0115_200_0000,0115,200,sat_0115,1,1.0,sat_0115,0115,0.93535346,sat_0087,0.38444048,0.550913,True
drone_0115_200_0001,0115,200,sat_0115,1,1.0,sat_0115,0115,0.9473481,sat_0087,0.3845467,0.5628014,True
drone_0115_200_0002,0115,200,sat_0115,1,1.0,sat_0115,0115,0.9485284,sat_0087,0.37123126,0.57729715,True
drone_0115_200_0003,0115,200,sat_0115,1,1.0,sat_0115,0115,0.9360613,sat_0087,0.34122157,0.59483975,True
drone_0115_200_0004,0115,200,sat_0115,1,1.0,sat_0115,0115,0.94153196,sat_0151,0.38623357,0.5552984,True
drone_0115_200_0005,0115,200,sat_0115,1,1.0,sat_0115,0115,0.9314159,sat_0151,0.37797064,0.5534453,True
drone_0115_200_0006,0115,200,sat_0115,1,1.0,sat_0115,0115,0.93845046,sat_0151,0.35277924,0.5856712,True
drone_0115_200_0007,0115,200,sat_0115,1,1.0,sat_0115,0115,0.941337,sat_0151,0.3576203,0.5837167,True
drone_0115_200_0008,0115,200,sat_0115,1,1.0,sat_0115,0115,0.9344851,sat_0151,0.3621962,0.5722889,True
drone_0115_200_0009,0115,200,sat_0115,1,1.0,sat_0115,0115,0.91618687,sat_0151,0.36345777,0.5527291,True
drone_0115_200_0010,0115,200,sat_0115,1,1.0,sat_0115,0115,0.89612824,sat_0151,0.3795089,0.5166193,True
drone_0115_200_0011,0115,200,sat_0115,1,1.0,sat_0115,0115,0.8886253,sat_0151,0.35617796,0.53244734,True
drone_0115_200_0012,0115,200,sat_0115,1,1.0,sat_0115,0115,0.8615137,sat_0151,0.3938244,0.46768928,True
drone_0115_200_0013,0115,200,sat_0115,1,1.0,sat_0115,0115,0.8732066,sat_0060,0.3467616,0.52644503,True
drone_0115_200_0014,0115,200,sat_0115,1,1.0,sat_0115,0115,0.8596246,sat_0151,0.39246556,0.46715906,True
drone_0115_200_0015,0115,200,sat_0115,1,1.0,sat_0115,0115,0.8687182,sat_0151,0.3764781,0.4922401,True
drone_0115_200_0016,0115,200,sat_0115,1,1.0,sat_0115,0115,0.87514997,sat_0151,0.41623193,0.45891804,True
drone_0115_200_0017,0115,200,sat_0115,1,1.0,sat_0115,0115,0.8868723,sat_0151,0.39707845,0.48979384,True
drone_0115_200_0018,0115,200,sat_0115,1,1.0,sat_0115,0115,0.8785795,sat_0151,0.3972527,0.4813268,True
drone_0115_200_0019,0115,200,sat_0115,1,1.0,sat_0115,0115,0.89511555,sat_0060,0.4074301,0.48768544,True
drone_0115_200_0020,0115,200,sat_0115,1,1.0,sat_0115,0115,0.8898215,sat_0060,0.4645015,0.42532003,True
drone_0115_200_0021,0115,200,sat_0115,1,1.0,sat_0115,0115,0.89592665,sat_0060,0.41984513,0.47608152,True
drone_0115_200_0022,0115,200,sat_0115,1,1.0,sat_0115,0115,0.8813994,sat_0060,0.41835767,0.46304172,True
drone_0115_200_0023,0115,200,sat_0115,1,1.0,sat_0115,0115,0.8886841,sat_0060,0.43416554,0.45451856,True
drone_0115_200_0024,0115,200,sat_0115,1,1.0,sat_0115,0115,0.89405364,sat_0060,0.42527664,0.468777,True
drone_0115_200_0025,0115,200,sat_0115,1,1.0,sat_0115,0115,0.88922334,sat_0060,0.40943772,0.47978562,True
drone_0115_200_0026,0115,200,sat_0115,1,1.0,sat_0115,0115,0.9015794,sat_0151,0.39351726,0.5080621,True
drone_0115_200_0027,0115,200,sat_0115,1,1.0,sat_0115,0115,0.89040697,sat_0060,0.42745176,0.4629552,True
drone_0115_200_0028,0115,200,sat_0115,1,1.0,sat_0115,0115,0.910944,sat_0060,0.4338555,0.47708848,True
drone_0115_200_0029,0115,200,sat_0115,1,1.0,sat_0115,0115,0.9264815,sat_0087,0.4322216,0.4942599,True
drone_0115_200_0030,0115,200,sat_0115,1,1.0,sat_0115,0115,0.9315437,sat_0087,0.4661399,0.4654038,True
drone_0115_200_0031,0115,200,sat_0115,1,1.0,sat_0115,0115,0.9388398,sat_0087,0.42563146,0.5132083,True
drone_0115_200_0032,0115,200,sat_0115,1,1.0,sat_0115,0115,0.932722,sat_0087,0.40396947,0.5287525,True
drone_0115_200_0033,0115,200,sat_0115,1,1.0,sat_0115,0115,0.92225116,sat_0060,0.41041425,0.5118369,True
drone_0115_200_0034,0115,200,sat_0115,1,1.0,sat_0115,0115,0.9158565,sat_0151,0.43376198,0.4820945,True
drone_0115_200_0035,0115,200,sat_0115,1,1.0,sat_0115,0115,0.915742,sat_0151,0.4237344,0.49200758,True
drone_0115_200_0036,0115,200,sat_0115,1,1.0,sat_0115,0115,0.9101742,sat_0151,0.40597326,0.50420094,True
drone_0115_200_0037,0115,200,sat_0115,1,1.0,sat_0115,0115,0.9072153,sat_0151,0.39601344,0.51120186,True
drone_0115_200_0038,0115,200,sat_0115,1,1.0,sat_0115,0115,0.9247372,sat_0151,0.3776614,0.5470758,True
drone_0115_200_0039,0115,200,sat_0115,1,1.0,sat_0115,0115,0.92303395,sat_0087,0.40310642,0.5199275,True
drone_0115_200_0040,0115,200,sat_0115,1,1.0,sat_0115,0115,0.90859395,sat_0151,0.35621366,0.5523803,True
drone_0115_200_0041,0115,200,sat_0115,1,1.0,sat_0115,0115,0.91219723,sat_0060,0.420328,0.49186924,True
drone_0115_200_0042,0115,200,sat_0115,1,1.0,sat_0115,0115,0.9126263,sat_0151,0.3678444,0.5447819,True
drone_0115_200_0043,0115,200,sat_0115,1,1.0,sat_0115,0115,0.91518736,sat_0060,0.39712304,0.5180643,True
drone_0115_200_0044,0115,200,sat_0115,1,1.0,sat_0115,0115,0.90518284,sat_0151,0.3588934,0.54628944,True
drone_0115_200_0045,0115,200,sat_0115,1,1.0,sat_0115,0115,0.90517247,sat_0151,0.39303797,0.5121345,True
drone_0115_200_0046,0115,200,sat_0115,1,1.0,sat_0115,0115,0.92238516,sat_0060,0.35741687,0.5649683,True
drone_0115_200_0047,0115,200,sat_0115,1,1.0,sat_0115,0115,0.9298254,sat_0151,0.37258643,0.557239,True
drone_0115_200_0048,0115,200,sat_0115,1,1.0,sat_0115,0115,0.920668,sat_0151,0.3353793,0.5852887,True
drone_0115_200_0049,0115,200,sat_0115,1,1.0,sat_0115,0115,0.94117904,sat_0087,0.36188084,0.5792982,True
drone_0130_200_0000,0130,200,sat_0130,1,1.0,sat_0130,0130,0.8193981,sat_0057,0.4267481,0.39265,True
drone_0130_200_0001,0130,200,sat_0130,1,1.0,sat_0130,0130,0.82028466,sat_0036,0.44982812,0.37045655,True
drone_0130_200_0002,0130,200,sat_0130,1,1.0,sat_0130,0130,0.82101715,sat_0036,0.45338896,0.3676282,True
drone_0130_200_0003,0130,200,sat_0130,1,1.0,sat_0130,0130,0.81601906,sat_0036,0.4730412,0.34297785,True
drone_0130_200_0004,0130,200,sat_0130,1,1.0,sat_0130,0130,0.84469944,sat_0036,0.4852913,0.35940814,True
drone_0130_200_0005,0130,200,sat_0130,1,1.0,sat_0130,0130,0.8158002,sat_0036,0.46699604,0.34880415,True
drone_0130_200_0006,0130,200,sat_0130,1,1.0,sat_0130,0130,0.8000412,sat_0036,0.46453738,0.33550382,True
drone_0130_200_0007,0130,200,sat_0130,1,1.0,sat_0130,0130,0.8163557,sat_0036,0.44973382,0.36662188,True
drone_0130_200_0008,0130,200,sat_0130,1,1.0,sat_0130,0130,0.816941,sat_0036,0.43619776,0.38074327,True
drone_0130_200_0009,0130,200,sat_0130,1,1.0,sat_0130,0130,0.81427115,sat_0036,0.49079034,0.3234808,True
drone_0130_200_0010,0130,200,sat_0130,1,1.0,sat_0130,0130,0.83572906,sat_0036,0.54510003,0.29062903,True
drone_0130_200_0011,0130,200,sat_0130,1,1.0,sat_0130,0130,0.82154816,sat_0036,0.47439903,0.34714913,True
drone_0130_200_0012,0130,200,sat_0130,1,1.0,sat_0130,0130,0.8416019,sat_0036,0.55065346,0.29094845,True
drone_0130_200_0013,0130,200,sat_0130,1,1.0,sat_0130,0130,0.8476635,sat_0036,0.57032233,0.2773412,True
drone_0130_200_0014,0130,200,sat_0130,1,1.0,sat_0130,0130,0.85402155,sat_0036,0.54130214,0.3127194,True
drone_0130_200_0015,0130,200,sat_0130,1,1.0,sat_0130,0130,0.8343819,sat_0140,0.4367224,0.39765948,True
drone_0130_200_0016,0130,200,sat_0130,1,1.0,sat_0130,0130,0.79449034,sat_0036,0.38130137,0.41318896,True
drone_0130_200_0017,0130,200,sat_0130,1,1.0,sat_0130,0130,0.8271241,sat_0140,0.35938895,0.46773517,True
drone_0130_200_0018,0130,200,sat_0130,1,1.0,sat_0130,0130,0.8505201,sat_0036,0.41475886,0.4357612,True
drone_0130_200_0019,0130,200,sat_0130,1,1.0,sat_0130,0130,0.7849888,sat_0140,0.4291375,0.35585132,True
drone_0130_200_0020,0130,200,sat_0130,1,1.0,sat_0130,0130,0.760007,sat_0036,0.3909736,0.36903343,True
drone_0130_200_0021,0130,200,sat_0130,1,1.0,sat_0130,0130,0.7197938,sat_0140,0.45209697,0.26769683,True
drone_0130_200_0022,0130,200,sat_0130,1,1.0,sat_0130,0130,0.7697559,sat_0036,0.41497198,0.35478392,True
drone_0130_200_0023,0130,200,sat_0130,1,1.0,sat_0130,0130,0.7905151,sat_0036,0.478936,0.31157914,True
drone_0130_200_0024,0130,200,sat_0130,1,1.0,sat_0130,0130,0.7033714,sat_0036,0.42607337,0.27729803,True
drone_0130_200_0025,0130,200,sat_0130,1,1.0,sat_0130,0130,0.7147516,sat_0140,0.41841578,0.29633582,True
drone_0130_200_0026,0130,200,sat_0130,1,1.0,sat_0130,0130,0.7408751,sat_0036,0.44502023,0.2958549,True
drone_0130_200_0027,0130,200,sat_0130,1,1.0,sat_0130,0130,0.71802557,sat_0140,0.48448765,0.23353791,True
drone_0130_200_0028,0130,200,sat_0130,1,1.0,sat_0130,0130,0.7365646,sat_0036,0.44470307,0.2918615,True
drone_0130_200_0029,0130,200,sat_0130,1,1.0,sat_0130,0130,0.78238523,sat_0140,0.56132996,0.22105527,True
drone_0130_200_0030,0130,200,sat_0130,1,1.0,sat_0130,0130,0.7009667,sat_0140,0.5723876,0.12857914,True
drone_0130_200_0031,0130,200,sat_0130,1,1.0,sat_0130,0130,0.8163476,sat_0036,0.52216136,0.29418623,True
drone_0130_200_0032,0130,200,sat_0130,1,1.0,sat_0130,0130,0.84216404,sat_0036,0.4474187,0.39474535,True
drone_0130_200_0033,0130,200,sat_0130,1,1.0,sat_0130,0130,0.8338618,sat_0036,0.5226246,0.31123722,True
drone_0130_200_0034,0130,200,sat_0130,1,1.0,sat_0130,0130,0.7572652,sat_0036,0.42516226,0.33210295,True
drone_0130_200_0035,0130,200,sat_0130,1,1.0,sat_0130,0130,0.78514683,sat_0036,0.501217,0.28392982,True
drone_0130_200_0036,0130,200,sat_0130,1,1.0,sat_0130,0130,0.80548805,sat_0036,0.43570316,0.3697849,True
drone_0130_200_0037,0130,200,sat_0130,1,1.0,sat_0130,0130,0.811209,sat_0140,0.4084535,0.40275553,True
drone_0130_200_0038,0130,200,sat_0130,1,1.0,sat_0130,0130,0.7956599,sat_0140,0.38837987,0.40728003,True
drone_0130_200_0039,0130,200,sat_0130,1,1.0,sat_0130,0130,0.7783284,sat_0036,0.34222376,0.43610466,True
drone_0130_200_0040,0130,200,sat_0130,1,1.0,sat_0130,0130,0.80731905,sat_0036,0.39442602,0.41289303,True
drone_0130_200_0041,0130,200,sat_0130,1,1.0,sat_0130,0130,0.7874148,sat_0036,0.44186193,0.34555286,True
drone_0130_200_0042,0130,200,sat_0130,1,1.0,sat_0130,0130,0.7301819,sat_0155,0.37409166,0.35609022,True
drone_0130_200_0043,0130,200,sat_0130,1,1.0,sat_0130,0130,0.7944264,sat_0036,0.34906712,0.44535926,True
drone_0130_200_0044,0130,200,sat_0130,1,1.0,sat_0130,0130,0.76387554,sat_0036,0.38772863,0.3761469,True
drone_0130_200_0045,0130,200,sat_0130,1,1.0,sat_0130,0130,0.80575776,sat_0036,0.42202148,0.38373628,True
drone_0130_200_0046,0130,200,sat_0130,1,1.0,sat_0130,0130,0.8179443,sat_0036,0.4311269,0.3868174,True
drone_0130_200_0047,0130,200,sat_0130,1,1.0,sat_0130,0130,0.76852876,sat_0036,0.40347427,0.3650545,True
drone_0130_200_0048,0130,200,sat_0130,1,1.0,sat_0130,0130,0.8045644,sat_0036,0.43436444,0.37019998,True
drone_0130_200_0049,0130,200,sat_0130,1,1.0,sat_0130,0130,0.8255085,sat_0036,0.46321845,0.36229002,True
drone_0140_200_0000,0140,200,sat_0140,1,1.0,sat_0140,0140,0.8525243,sat_0002,0.4260603,0.426464,True
drone_0140_200_0001,0140,200,sat_0140,1,1.0,sat_0140,0140,0.8693187,sat_0164,0.38351113,0.4858076,True
drone_0140_200_0002,0140,200,sat_0140,1,1.0,sat_0140,0140,0.8561626,sat_0164,0.4526782,0.4034844,True
drone_0140_200_0003,0140,200,sat_0140,1,1.0,sat_0140,0140,0.85320115,sat_0164,0.42676145,0.4264397,True
drone_0140_200_0004,0140,200,sat_0140,1,1.0,sat_0140,0140,0.86120117,sat_0002,0.40078205,0.46041912,True
drone_0140_200_0005,0140,200,sat_0140,1,1.0,sat_0140,0140,0.8507428,sat_0164,0.41067207,0.44007075,True
drone_0140_200_0006,0140,200,sat_0140,1,1.0,sat_0140,0140,0.86272025,sat_0164,0.44505745,0.4176628,True
drone_0140_200_0007,0140,200,sat_0140,1,1.0,sat_0140,0140,0.8428998,sat_0164,0.46032524,0.38257456,True
drone_0140_200_0008,0140,200,sat_0140,1,1.0,sat_0140,0140,0.83513993,sat_0164,0.4229997,0.41214022,True
drone_0140_200_0009,0140,200,sat_0140,1,1.0,sat_0140,0140,0.83643603,sat_0164,0.4072145,0.42922154,True
drone_0140_200_0010,0140,200,sat_0140,1,1.0,sat_0140,0140,0.8467454,sat_0164,0.39946723,0.44727814,True
drone_0140_200_0011,0140,200,sat_0140,1,1.0,sat_0140,0140,0.8233215,sat_0164,0.4640056,0.35931593,True
drone_0140_200_0012,0140,200,sat_0140,1,1.0,sat_0140,0140,0.8208927,sat_0164,0.38776398,0.4331287,True
drone_0140_200_0013,0140,200,sat_0140,1,1.0,sat_0140,0140,0.8309798,sat_0164,0.43534315,0.39563668,True
drone_0140_200_0014,0140,200,sat_0140,1,1.0,sat_0140,0140,0.77948165,sat_0164,0.46259066,0.31689098,True
drone_0140_200_0015,0140,200,sat_0140,1,1.0,sat_0140,0140,0.81882954,sat_0164,0.4976871,0.32114244,True
drone_0140_200_0016,0140,200,sat_0140,1,1.0,sat_0140,0140,0.81588113,sat_0164,0.5075307,0.30835044,True
drone_0140_200_0017,0140,200,sat_0140,1,1.0,sat_0140,0140,0.79183865,sat_0164,0.56389236,0.22794628,True
drone_0140_200_0018,0140,200,sat_0140,1,1.0,sat_0140,0140,0.8260714,sat_0164,0.5230857,0.30298567,True
drone_0140_200_0019,0140,200,sat_0140,1,1.0,sat_0140,0140,0.83458763,sat_0164,0.5082528,0.32633483,True
drone_0140_200_0020,0140,200,sat_0140,1,1.0,sat_0140,0140,0.8525665,sat_0002,0.44068822,0.41187826,True
drone_0140_200_0021,0140,200,sat_0140,1,1.0,sat_0140,0140,0.83503604,sat_0002,0.4102895,0.42474654,True
drone_0140_200_0022,0140,200,sat_0140,1,1.0,sat_0140,0140,0.86493456,sat_0009,0.41511837,0.4498162,True
drone_0140_200_0023,0140,200,sat_0140,1,1.0,sat_0140,0140,0.84880936,sat_0002,0.45072925,0.3980801,True
drone_0140_200_0024,0140,200,sat_0140,1,1.0,sat_0140,0140,0.83907014,sat_0002,0.4035602,0.43550995,True
drone_0140_200_0025,0140,200,sat_0140,1,1.0,sat_0140,0140,0.8430281,sat_0002,0.46203184,0.3809963,True
drone_0140_200_0026,0140,200,sat_0140,1,1.0,sat_0140,0140,0.7872464,sat_0002,0.4251092,0.3621372,True
drone_0140_200_0027,0140,200,sat_0140,1,1.0,sat_0140,0140,0.8133109,sat_0002,0.4580067,0.3553042,True
drone_0140_200_0028,0140,200,sat_0140,1,1.0,sat_0140,0140,0.79766333,sat_0002,0.49084896,0.30681437,True
drone_0140_200_0029,0140,200,sat_0140,1,1.0,sat_0140,0140,0.8123821,sat_0002,0.4592688,0.3531133,True
drone_0140_200_0030,0140,200,sat_0140,1,1.0,sat_0140,0140,0.79174757,sat_0164,0.47494966,0.3167979,True
drone_0140_200_0031,0140,200,sat_0140,1,1.0,sat_0140,0140,0.816247,sat_0164,0.51792824,0.29831874,True
drone_0140_200_0032,0140,200,sat_0140,1,1.0,sat_0140,0140,0.7453436,sat_0164,0.56669945,0.17864418,True
drone_0140_200_0033,0140,200,sat_0140,1,1.0,sat_0140,0140,0.74575883,sat_0164,0.49837714,0.24738169,True
drone_0140_200_0034,0140,200,sat_0140,1,1.0,sat_0140,0140,0.78528136,sat_0186,0.5041262,0.28115517,True
drone_0140_200_0035,0140,200,sat_0140,1,1.0,sat_0140,0140,0.79146755,sat_0164,0.46766973,0.32379782,True
drone_0140_200_0036,0140,200,sat_0140,1,1.0,sat_0140,0140,0.802844,sat_0164,0.43704545,0.36579853,True
drone_0140_200_0037,0140,200,sat_0140,1,1.0,sat_0140,0140,0.8083519,sat_0164,0.4526364,0.35571548,True
drone_0140_200_0038,0140,200,sat_0140,1,1.0,sat_0140,0140,0.83192873,sat_0186,0.39247245,0.43945628,True
drone_0140_200_0039,0140,200,sat_0140,1,1.0,sat_0140,0140,0.8105046,sat_0164,0.48464966,0.32585496,True
drone_0140_200_0040,0140,200,sat_0140,1,1.0,sat_0140,0140,0.76480484,sat_0164,0.6015497,0.16325516,True
drone_0140_200_0041,0140,200,sat_0140,1,1.0,sat_0140,0140,0.74440515,sat_0164,0.62797034,0.11643481,True
drone_0140_200_0042,0140,200,sat_0140,1,1.0,sat_0140,0140,0.7474934,sat_0164,0.59748375,0.15000963,True
drone_0140_200_0043,0140,200,sat_0140,1,1.0,sat_0140,0140,0.7790962,sat_0164,0.45119596,0.32790023,True
drone_0140_200_0044,0140,200,sat_0140,1,1.0,sat_0140,0140,0.7151141,sat_0164,0.44014362,0.2749705,True
drone_0140_200_0045,0140,200,sat_0140,1,1.0,sat_0140,0140,0.7764827,sat_0002,0.33958182,0.43690088,True
drone_0140_200_0046,0140,200,sat_0140,1,1.0,sat_0140,0140,0.75977945,sat_0002,0.3851983,0.37458116,True
drone_0140_200_0047,0140,200,sat_0140,1,1.0,sat_0140,0140,0.7338736,sat_0002,0.40229,0.33158362,True
drone_0140_200_0048,0140,200,sat_0140,1,1.0,sat_0140,0140,0.7476753,sat_0164,0.37202853,0.37564677,True
drone_0140_200_0049,0140,200,sat_0140,1,1.0,sat_0140,0140,0.78056484,sat_0164,0.38464573,0.3959191,True
drone_0144_200_0000,0144,200,sat_0144,1,1.0,sat_0144,0144,0.9418391,sat_0155,0.52224696,0.41959214,True
drone_0144_200_0001,0144,200,sat_0144,1,1.0,sat_0144,0144,0.94005555,sat_0198,0.5130009,0.42705464,True
drone_0144_200_0002,0144,200,sat_0144,1,1.0,sat_0144,0144,0.9565945,sat_0155,0.5168084,0.43978614,True
drone_0144_200_0003,0144,200,sat_0144,1,1.0,sat_0144,0144,0.9610206,sat_0155,0.55079734,0.41022325,True
drone_0144_200_0004,0144,200,sat_0144,1,1.0,sat_0144,0144,0.9576307,sat_0155,0.5324446,0.4251861,True
drone_0144_200_0005,0144,200,sat_0144,1,1.0,sat_0144,0144,0.9416368,sat_0198,0.54387695,0.39775985,True
drone_0144_200_0006,0144,200,sat_0144,1,1.0,sat_0144,0144,0.94255185,sat_0198,0.5519906,0.39056122,True
drone_0144_200_0007,0144,200,sat_0144,1,1.0,sat_0144,0144,0.95329034,sat_0155,0.50983596,0.44345438,True
drone_0144_200_0008,0144,200,sat_0144,1,1.0,sat_0144,0144,0.94902253,sat_0198,0.5268285,0.422194,True
drone_0144_200_0009,0144,200,sat_0144,1,1.0,sat_0144,0144,0.9514038,sat_0198,0.5166689,0.43473488,True
drone_0144_200_0010,0144,200,sat_0144,1,1.0,sat_0144,0144,0.94189084,sat_0198,0.52420074,0.4176901,True
drone_0144_200_0011,0144,200,sat_0144,1,1.0,sat_0144,0144,0.93897724,sat_0198,0.57146174,0.3675155,True
drone_0144_200_0012,0144,200,sat_0144,1,1.0,sat_0144,0144,0.930832,sat_0198,0.55349606,0.37733597,True
drone_0144_200_0013,0144,200,sat_0144,1,1.0,sat_0144,0144,0.94674885,sat_0198,0.539423,0.40732586,True
drone_0144_200_0014,0144,200,sat_0144,1,1.0,sat_0144,0144,0.9497978,sat_0155,0.56615865,0.38363916,True
drone_0144_200_0015,0144,200,sat_0144,1,1.0,sat_0144,0144,0.96009946,sat_0155,0.5471546,0.41294485,True
drone_0144_200_0016,0144,200,sat_0144,1,1.0,sat_0144,0144,0.9509351,sat_0155,0.5470769,0.40385824,True
drone_0144_200_0017,0144,200,sat_0144,1,1.0,sat_0144,0144,0.95824635,sat_0155,0.56013715,0.3981092,True
drone_0144_200_0018,0144,200,sat_0144,1,1.0,sat_0144,0144,0.97326124,sat_0155,0.52595097,0.44731027,True
drone_0144_200_0019,0144,200,sat_0144,1,1.0,sat_0144,0144,0.96826476,sat_0155,0.4893421,0.47892267,True
drone_0144_200_0020,0144,200,sat_0144,1,1.0,sat_0144,0144,0.9470492,sat_0198,0.4535516,0.4934976,True
drone_0144_200_0021,0144,200,sat_0144,1,1.0,sat_0144,0144,0.93304443,sat_0198,0.4838405,0.44920394,True
drone_0144_200_0022,0144,200,sat_0144,1,1.0,sat_0144,0144,0.9503499,sat_0155,0.4847973,0.46555263,True
drone_0144_200_0023,0144,200,sat_0144,1,1.0,sat_0144,0144,0.93531203,sat_0155,0.47606692,0.45924512,True
drone_0144_200_0024,0144,200,sat_0144,1,1.0,sat_0144,0144,0.87173516,sat_0198,0.6058667,0.26586848,True
drone_0144_200_0025,0144,200,sat_0144,1,1.0,sat_0144,0144,0.86845857,sat_0198,0.5801044,0.28835416,True
drone_0144_200_0026,0144,200,sat_0144,1,1.0,sat_0144,0144,0.8675555,sat_0198,0.5595232,0.30803227,True
drone_0144_200_0027,0144,200,sat_0144,1,1.0,sat_0144,0144,0.88002354,sat_0198,0.5325851,0.34743845,True
drone_0144_200_0028,0144,200,sat_0144,1,1.0,sat_0144,0144,0.87598634,sat_0198,0.55059874,0.3253876,True
drone_0144_200_0029,0144,200,sat_0144,1,1.0,sat_0144,0144,0.92737377,sat_0155,0.4304818,0.49689198,True
drone_0144_200_0030,0144,200,sat_0144,1,1.0,sat_0144,0144,0.89374745,sat_0155,0.4915107,0.40223676,True
drone_0144_200_0031,0144,200,sat_0144,1,1.0,sat_0144,0144,0.92155313,sat_0155,0.4845724,0.43698072,True
drone_0144_200_0032,0144,200,sat_0144,1,1.0,sat_0144,0144,0.8795397,sat_0198,0.5243644,0.35517532,True
drone_0144_200_0033,0144,200,sat_0144,1,1.0,sat_0144,0144,0.8233247,sat_0198,0.5277949,0.29552978,True
drone_0144_200_0034,0144,200,sat_0144,1,1.0,sat_0144,0144,0.765201,sat_0198,0.5289919,0.2362091,True
drone_0144_200_0035,0144,200,sat_0144,1,1.0,sat_0144,0144,0.8266736,sat_0198,0.52147084,0.30520278,True
drone_0144_200_0036,0144,200,sat_0144,1,1.0,sat_0144,0144,0.95398283,sat_0198,0.47711864,0.4768642,True
drone_0144_200_0037,0144,200,sat_0144,1,1.0,sat_0144,0144,0.956154,sat_0155,0.4901347,0.4660193,True
drone_0144_200_0038,0144,200,sat_0144,1,1.0,sat_0144,0144,0.9680438,sat_0155,0.47914106,0.48890275,True
drone_0144_200_0039,0144,200,sat_0144,1,1.0,sat_0144,0144,0.9707327,sat_0155,0.47828206,0.49245062,True
drone_0144_200_0040,0144,200,sat_0144,1,1.0,sat_0144,0144,0.9725221,sat_0155,0.5034257,0.46909636,True
drone_0144_200_0041,0144,200,sat_0144,1,1.0,sat_0144,0144,0.9721403,sat_0155,0.49597195,0.47616836,True
drone_0144_200_0042,0144,200,sat_0144,1,1.0,sat_0144,0144,0.9738571,sat_0155,0.5380068,0.43585032,True
drone_0144_200_0043,0144,200,sat_0144,1,1.0,sat_0144,0144,0.9689755,sat_0155,0.5511143,0.41786116,True
drone_0144_200_0044,0144,200,sat_0144,1,1.0,sat_0144,0144,0.96937454,sat_0155,0.57055587,0.39881867,True
drone_0144_200_0045,0144,200,sat_0144,1,1.0,sat_0144,0144,0.9623207,sat_0155,0.5878997,0.374421,True
drone_0144_200_0046,0144,200,sat_0144,1,1.0,sat_0144,0144,0.9593236,sat_0155,0.5651784,0.3941452,True
drone_0144_200_0047,0144,200,sat_0144,1,1.0,sat_0144,0144,0.96908593,sat_0155,0.5690418,0.40004414,True
drone_0144_200_0048,0144,200,sat_0144,1,1.0,sat_0144,0144,0.9539732,sat_0041,0.550171,0.40380216,True
drone_0144_200_0049,0144,200,sat_0144,1,1.0,sat_0144,0144,0.96179795,sat_0155,0.5717104,0.39008754,True
drone_0151_200_0000,0151,200,sat_0151,1,1.0,sat_0151,0151,0.6260203,sat_0186,0.47706118,0.14895913,True
drone_0151_200_0001,0151,200,sat_0151,1,1.0,sat_0151,0151,0.6286745,sat_0186,0.45817173,0.17050278,True
drone_0151_200_0002,0151,200,sat_0151,1,1.0,sat_0151,0151,0.6753651,sat_0186,0.49737406,0.17799103,True
drone_0151_200_0003,0151,200,sat_0151,1,1.0,sat_0151,0151,0.70817846,sat_0198,0.4459359,0.26224256,True
drone_0151_200_0004,0151,200,sat_0151,1,1.0,sat_0151,0151,0.70706034,sat_0186,0.48022205,0.22683829,True
drone_0151_200_0005,0151,200,sat_0151,1,1.0,sat_0151,0151,0.6317506,sat_0186,0.4600358,0.17171478,True
drone_0151_200_0006,0151,200,sat_0151,1,1.0,sat_0151,0151,0.6270314,sat_0186,0.48026624,0.14676514,True
drone_0151_200_0007,0151,200,sat_0151,1,1.0,sat_0151,0151,0.6786436,sat_0186,0.5106547,0.1679889,True
drone_0151_200_0008,0151,200,sat_0151,1,1.0,sat_0151,0151,0.6673564,sat_0186,0.4874034,0.17995298,True
drone_0151_200_0009,0151,200,sat_0151,1,1.0,sat_0151,0151,0.68088114,sat_0186,0.5201442,0.16073692,True
drone_0151_200_0010,0151,200,sat_0151,1,1.0,sat_0151,0151,0.6446109,sat_0186,0.50637734,0.13823354,True
drone_0151_200_0011,0151,200,sat_0151,1,1.0,sat_0151,0151,0.66676575,sat_0186,0.52284783,0.14391792,True
drone_0151_200_0012,0151,200,sat_0151,1,1.0,sat_0151,0151,0.65691894,sat_0186,0.5160948,0.14082414,True
drone_0151_200_0013,0151,200,sat_0151,1,1.0,sat_0151,0151,0.68657696,sat_0186,0.6144983,0.072078645,True
drone_0151_200_0014,0151,200,sat_0151,2,0.5,sat_0186,0186,0.66242903,sat_0151,0.64641786,0.016011178,False
drone_0151_200_0015,0151,200,sat_0151,2,0.5,sat_0186,0186,0.71783066,sat_0151,0.703102,0.014728665,False
drone_0151_200_0016,0151,200,sat_0151,1,1.0,sat_0151,0151,0.7607721,sat_0186,0.71586525,0.044906855,True
drone_0151_200_0017,0151,200,sat_0151,1,1.0,sat_0151,0151,0.76162356,sat_0186,0.65861565,0.10300791,True
drone_0151_200_0018,0151,200,sat_0151,1,1.0,sat_0151,0151,0.7930718,sat_0186,0.6195025,0.17356932,True
drone_0151_200_0019,0151,200,sat_0151,1,1.0,sat_0151,0151,0.79970205,sat_0186,0.5117454,0.28795666,True
drone_0151_200_0020,0151,200,sat_0151,1,1.0,sat_0151,0151,0.8498551,sat_0186,0.5125917,0.3372634,True
drone_0151_200_0021,0151,200,sat_0151,1,1.0,sat_0151,0151,0.8810314,sat_0186,0.54519427,0.33583713,True
drone_0151_200_0022,0151,200,sat_0151,1,1.0,sat_0151,0151,0.83699614,sat_0186,0.52876496,0.30823117,True
drone_0151_200_0023,0151,200,sat_0151,1,1.0,sat_0151,0151,0.8278782,sat_0186,0.45217437,0.3757038,True
drone_0151_200_0024,0151,200,sat_0151,1,1.0,sat_0151,0151,0.80965996,sat_0186,0.41369784,0.39596212,True
drone_0151_200_0025,0151,200,sat_0151,1,1.0,sat_0151,0151,0.8021431,sat_0186,0.4521741,0.349969,True
drone_0151_200_0026,0151,200,sat_0151,1,1.0,sat_0151,0151,0.7971378,sat_0186,0.4664392,0.3306986,True
drone_0151_200_0027,0151,200,sat_0151,1,1.0,sat_0151,0151,0.7929937,sat_0186,0.4844264,0.30856732,True
drone_0151_200_0028,0151,200,sat_0151,1,1.0,sat_0151,0151,0.74222904,sat_0186,0.43883556,0.30339348,True
drone_0151_200_0029,0151,200,sat_0151,1,1.0,sat_0151,0151,0.79644114,sat_0169,0.4159417,0.38049945,True
drone_0151_200_0030,0151,200,sat_0151,1,1.0,sat_0151,0151,0.73638505,sat_0169,0.45427647,0.28210858,True
drone_0151_200_0031,0151,200,sat_0151,1,1.0,sat_0151,0151,0.7418674,sat_0169,0.43767744,0.30418998,True
drone_0151_200_0032,0151,200,sat_0151,1,1.0,sat_0151,0151,0.7604576,sat_0198,0.503558,0.2568996,True
drone_0151_200_0033,0151,200,sat_0151,1,1.0,sat_0151,0151,0.76297647,sat_0198,0.4895982,0.27337825,True
drone_0151_200_0034,0151,200,sat_0151,1,1.0,sat_0151,0151,0.76676595,sat_0169,0.40828013,0.35848582,True
drone_0151_200_0035,0151,200,sat_0151,1,1.0,sat_0151,0151,0.7423153,sat_0186,0.42056587,0.32174942,True
drone_0151_200_0036,0151,200,sat_0151,1,1.0,sat_0151,0151,0.8000033,sat_0186,0.49389493,0.30610836,True
drone_0151_200_0037,0151,200,sat_0151,1,1.0,sat_0151,0151,0.7700909,sat_0186,0.5123652,0.25772566,True
drone_0151_200_0038,0151,200,sat_0151,1,1.0,sat_0151,0151,0.8492029,sat_0186,0.5677493,0.28145355,True
drone_0151_200_0039,0151,200,sat_0151,1,1.0,sat_0151,0151,0.7856427,sat_0186,0.48129165,0.30435103,True
drone_0151_200_0040,0151,200,sat_0151,1,1.0,sat_0151,0151,0.7862301,sat_0186,0.5568321,0.22939801,True
drone_0151_200_0041,0151,200,sat_0151,1,1.0,sat_0151,0151,0.7501249,sat_0186,0.6173719,0.13275295,True
drone_0151_200_0042,0151,200,sat_0151,1,1.0,sat_0151,0151,0.71564204,sat_0186,0.54384476,0.17179728,True
drone_0151_200_0043,0151,200,sat_0151,1,1.0,sat_0151,0151,0.72181904,sat_0186,0.51555204,0.206267,True
drone_0151_200_0044,0151,200,sat_0151,1,1.0,sat_0151,0151,0.763071,sat_0186,0.5448443,0.21822667,True
drone_0151_200_0045,0151,200,sat_0151,1,1.0,sat_0151,0151,0.6831642,sat_0186,0.64466625,0.038497925,True
drone_0151_200_0046,0151,200,sat_0151,1,1.0,sat_0151,0151,0.68542254,sat_0186,0.63406247,0.05136007,True
drone_0151_200_0047,0151,200,sat_0151,1,1.0,sat_0151,0151,0.6554325,sat_0186,0.56217223,0.09326029,True
drone_0151_200_0048,0151,200,sat_0151,1,1.0,sat_0151,0151,0.66852456,sat_0186,0.5576022,0.11092234,True
drone_0151_200_0049,0151,200,sat_0151,1,1.0,sat_0151,0151,0.6560297,sat_0186,0.57949936,0.07653034,True
drone_0152_200_0000,0152,200,sat_0152,1,1.0,sat_0152,0152,0.88814026,sat_0189,0.5471933,0.34094697,True
drone_0152_200_0001,0152,200,sat_0152,1,1.0,sat_0152,0152,0.8906708,sat_0189,0.5494793,0.34119147,True
drone_0152_200_0002,0152,200,sat_0152,1,1.0,sat_0152,0152,0.8871192,sat_0189,0.5533632,0.33375597,True
drone_0152_200_0003,0152,200,sat_0152,1,1.0,sat_0152,0152,0.8895368,sat_0189,0.5592569,0.3302799,True
drone_0152_200_0004,0152,200,sat_0152,1,1.0,sat_0152,0152,0.87976307,sat_0189,0.54539996,0.3343631,True
drone_0152_200_0005,0152,200,sat_0152,1,1.0,sat_0152,0152,0.9001755,sat_0189,0.5711951,0.3289804,True
drone_0152_200_0006,0152,200,sat_0152,1,1.0,sat_0152,0152,0.88490415,sat_0088,0.5504276,0.33447653,True
drone_0152_200_0007,0152,200,sat_0152,1,1.0,sat_0152,0152,0.8981507,sat_0189,0.56342757,0.33472311,True
drone_0152_200_0008,0152,200,sat_0152,1,1.0,sat_0152,0152,0.9089999,sat_0189,0.5928818,0.31611812,True
drone_0152_200_0009,0152,200,sat_0152,1,1.0,sat_0152,0152,0.8979545,sat_0189,0.5824688,0.31548572,True
drone_0152_200_0010,0152,200,sat_0152,1,1.0,sat_0152,0152,0.8733549,sat_0088,0.5696895,0.3036654,True
drone_0152_200_0011,0152,200,sat_0152,1,1.0,sat_0152,0152,0.89490163,sat_0189,0.585814,0.30908763,True
drone_0152_200_0012,0152,200,sat_0152,1,1.0,sat_0152,0152,0.8825865,sat_0189,0.5660575,0.31652898,True
drone_0152_200_0013,0152,200,sat_0152,1,1.0,sat_0152,0152,0.89130753,sat_0189,0.5546531,0.33665442,True
drone_0152_200_0014,0152,200,sat_0152,1,1.0,sat_0152,0152,0.8958789,sat_0189,0.564645,0.33123392,True
drone_0152_200_0015,0152,200,sat_0152,1,1.0,sat_0152,0152,0.91448694,sat_0189,0.59450984,0.3199771,True
drone_0152_200_0016,0152,200,sat_0152,1,1.0,sat_0152,0152,0.90035784,sat_0189,0.59356207,0.30679578,True
drone_0152_200_0017,0152,200,sat_0152,1,1.0,sat_0152,0152,0.88036823,sat_0189,0.548948,0.33142024,True
drone_0152_200_0018,0152,200,sat_0152,1,1.0,sat_0152,0152,0.86930215,sat_0189,0.5393649,0.32993728,True
drone_0152_200_0019,0152,200,sat_0152,1,1.0,sat_0152,0152,0.9154571,sat_0189,0.59696007,0.31849706,True
drone_0152_200_0020,0152,200,sat_0152,1,1.0,sat_0152,0152,0.90864617,sat_0189,0.6278711,0.28077507,True
drone_0152_200_0021,0152,200,sat_0152,1,1.0,sat_0152,0152,0.9258336,sat_0189,0.65858173,0.26725185,True
drone_0152_200_0022,0152,200,sat_0152,1,1.0,sat_0152,0152,0.93120694,sat_0189,0.6602416,0.27096534,True
drone_0152_200_0023,0152,200,sat_0152,1,1.0,sat_0152,0152,0.90918994,sat_0189,0.6227169,0.28647304,True
drone_0152_200_0024,0152,200,sat_0152,1,1.0,sat_0152,0152,0.9133378,sat_0189,0.63367933,0.2796585,True
drone_0152_200_0025,0152,200,sat_0152,1,1.0,sat_0152,0152,0.9171517,sat_0189,0.6640221,0.2531296,True
drone_0152_200_0026,0152,200,sat_0152,1,1.0,sat_0152,0152,0.90334284,sat_0189,0.6412577,0.26208514,True
drone_0152_200_0027,0152,200,sat_0152,1,1.0,sat_0152,0152,0.87786865,sat_0189,0.6140774,0.26379126,True
drone_0152_200_0028,0152,200,sat_0152,1,1.0,sat_0152,0152,0.90646577,sat_0189,0.6655318,0.24093395,True
drone_0152_200_0029,0152,200,sat_0152,1,1.0,sat_0152,0152,0.8815862,sat_0189,0.6454388,0.2361474,True
drone_0152_200_0030,0152,200,sat_0152,1,1.0,sat_0152,0152,0.8121168,sat_0189,0.60567933,0.20643747,True
drone_0152_200_0031,0152,200,sat_0152,1,1.0,sat_0152,0152,0.8168151,sat_0189,0.6075508,0.20926428,True
drone_0152_200_0032,0152,200,sat_0152,1,1.0,sat_0152,0152,0.86352795,sat_0189,0.63675237,0.22677559,True
drone_0152_200_0033,0152,200,sat_0152,1,1.0,sat_0152,0152,0.84979504,sat_0189,0.62061924,0.2291758,True
drone_0152_200_0034,0152,200,sat_0152,1,1.0,sat_0152,0152,0.8851973,sat_0189,0.6432769,0.24192041,True
drone_0152_200_0035,0152,200,sat_0152,1,1.0,sat_0152,0152,0.8889783,sat_0189,0.65080905,0.23816925,True
drone_0152_200_0036,0152,200,sat_0152,1,1.0,sat_0152,0152,0.89264023,sat_0189,0.6728643,0.21977592,True
drone_0152_200_0037,0152,200,sat_0152,1,1.0,sat_0152,0152,0.8777414,sat_0189,0.67364323,0.20409817,True
drone_0152_200_0038,0152,200,sat_0152,1,1.0,sat_0152,0152,0.84491074,sat_0189,0.6540379,0.19087285,True
drone_0152_200_0039,0152,200,sat_0152,1,1.0,sat_0152,0152,0.86580706,sat_0189,0.6666133,0.19919378,True
drone_0152_200_0040,0152,200,sat_0152,1,1.0,sat_0152,0152,0.8303601,sat_0189,0.62212145,0.20823866,True
drone_0152_200_0041,0152,200,sat_0152,1,1.0,sat_0152,0152,0.8685734,sat_0189,0.62427366,0.24429977,True
drone_0152_200_0042,0152,200,sat_0152,1,1.0,sat_0152,0152,0.8901227,sat_0189,0.63812053,0.25200218,True
drone_0152_200_0043,0152,200,sat_0152,1,1.0,sat_0152,0152,0.89148,sat_0189,0.6256972,0.26578283,True
drone_0152_200_0044,0152,200,sat_0152,1,1.0,sat_0152,0152,0.89549685,sat_0189,0.6052187,0.29027814,True
drone_0152_200_0045,0152,200,sat_0152,1,1.0,sat_0152,0152,0.90436417,sat_0189,0.61193085,0.29243332,True
drone_0152_200_0046,0152,200,sat_0152,1,1.0,sat_0152,0152,0.89020634,sat_0189,0.577192,0.31301433,True
drone_0152_200_0047,0152,200,sat_0152,1,1.0,sat_0152,0152,0.89246887,sat_0189,0.58895886,0.30351,True
drone_0152_200_0048,0152,200,sat_0152,1,1.0,sat_0152,0152,0.90109146,sat_0189,0.5759745,0.32511693,True
drone_0152_200_0049,0152,200,sat_0152,1,1.0,sat_0152,0152,0.897133,sat_0189,0.5739341,0.3231989,True
drone_0155_200_0000,0155,200,sat_0155,1,1.0,sat_0155,0155,0.8347683,sat_0144,0.60627687,0.22849143,True
drone_0155_200_0001,0155,200,sat_0155,1,1.0,sat_0155,0155,0.8440894,sat_0144,0.56262034,0.28146905,True
drone_0155_200_0002,0155,200,sat_0155,1,1.0,sat_0155,0155,0.8083609,sat_0144,0.5336673,0.27469355,True
drone_0155_200_0003,0155,200,sat_0155,1,1.0,sat_0155,0155,0.8184978,sat_0144,0.49417147,0.3243263,True
drone_0155_200_0004,0155,200,sat_0155,1,1.0,sat_0155,0155,0.82193375,sat_0144,0.4472645,0.37466925,True
drone_0155_200_0005,0155,200,sat_0155,1,1.0,sat_0155,0155,0.85938966,sat_0144,0.5279295,0.33146018,True
drone_0155_200_0006,0155,200,sat_0155,1,1.0,sat_0155,0155,0.82748353,sat_0144,0.48909467,0.33838886,True
drone_0155_200_0007,0155,200,sat_0155,1,1.0,sat_0155,0155,0.836419,sat_0144,0.5008015,0.33561748,True
drone_0155_200_0008,0155,200,sat_0155,1,1.0,sat_0155,0155,0.8086738,sat_0144,0.486983,0.3216908,True
drone_0155_200_0009,0155,200,sat_0155,1,1.0,sat_0155,0155,0.7868387,sat_0144,0.40840504,0.37843367,True
drone_0155_200_0010,0155,200,sat_0155,1,1.0,sat_0155,0155,0.7403066,sat_0144,0.4656152,0.2746914,True
drone_0155_200_0011,0155,200,sat_0155,1,1.0,sat_0155,0155,0.74198693,sat_0144,0.51956415,0.22242278,True
drone_0155_200_0012,0155,200,sat_0155,1,1.0,sat_0155,0155,0.68228644,sat_0144,0.5189316,0.16335481,True
drone_0155_200_0013,0155,200,sat_0155,1,1.0,sat_0155,0155,0.67544836,sat_0144,0.53353626,0.1419121,True
drone_0155_200_0014,0155,200,sat_0155,1,1.0,sat_0155,0155,0.7365598,sat_0144,0.49202472,0.24453509,True
drone_0155_200_0015,0155,200,sat_0155,1,1.0,sat_0155,0155,0.7506168,sat_0144,0.5391393,0.21147752,True
drone_0155_200_0016,0155,200,sat_0155,1,1.0,sat_0155,0155,0.6557798,sat_0144,0.4438118,0.21196797,True
drone_0155_200_0017,0155,200,sat_0155,1,1.0,sat_0155,0155,0.6740137,sat_0144,0.54336184,0.13065183,True
drone_0155_200_0018,0155,200,sat_0155,1,1.0,sat_0155,0155,0.7376301,sat_0144,0.49478874,0.2428414,True
drone_0155_200_0019,0155,200,sat_0155,1,1.0,sat_0155,0155,0.69222116,sat_0144,0.6369277,0.05529344,True
drone_0155_200_0020,0155,200,sat_0155,2,0.5,sat_0144,0144,0.67172325,sat_0155,0.6587213,0.013001919,False
drone_0155_200_0021,0155,200,sat_0155,1,1.0,sat_0155,0155,0.6542163,sat_0144,0.6165773,0.037638962,True
drone_0155_200_0022,0155,200,sat_0155,1,1.0,sat_0155,0155,0.75115407,sat_0144,0.67594236,0.075211704,True
drone_0155_200_0023,0155,200,sat_0155,2,0.5,sat_0144,0144,0.7525692,sat_0155,0.74216276,0.010406435,False
drone_0155_200_0024,0155,200,sat_0155,1,1.0,sat_0155,0155,0.82048106,sat_0144,0.6872738,0.13320726,True
drone_0155_200_0025,0155,200,sat_0155,1,1.0,sat_0155,0155,0.6792038,sat_0144,0.5679419,0.111261904,True
drone_0155_200_0026,0155,200,sat_0155,1,1.0,sat_0155,0155,0.70944804,sat_0144,0.49508592,0.21436211,True
drone_0155_200_0027,0155,200,sat_0155,1,1.0,sat_0155,0155,0.6919548,sat_0144,0.49092233,0.20103246,True
drone_0155_200_0028,0155,200,sat_0155,1,1.0,sat_0155,0155,0.7436032,sat_0144,0.59552765,0.14807558,True
drone_0155_200_0029,0155,200,sat_0155,1,1.0,sat_0155,0155,0.7799117,sat_0144,0.6782256,0.10168612,True
drone_0155_200_0030,0155,200,sat_0155,1,1.0,sat_0155,0155,0.82548,sat_0144,0.65752643,0.16795355,True
drone_0155_200_0031,0155,200,sat_0155,1,1.0,sat_0155,0155,0.9042063,sat_0144,0.7142325,0.18997377,True
drone_0155_200_0032,0155,200,sat_0155,1,1.0,sat_0155,0155,0.90194774,sat_0144,0.6619549,0.23999286,True
drone_0155_200_0033,0155,200,sat_0155,1,1.0,sat_0155,0155,0.8979846,sat_0144,0.66993034,0.22805429,True
drone_0155_200_0034,0155,200,sat_0155,1,1.0,sat_0155,0155,0.8741573,sat_0144,0.66501826,0.20913905,True
drone_0155_200_0035,0155,200,sat_0155,1,1.0,sat_0155,0155,0.8755096,sat_0144,0.6680529,0.20745671,True
drone_0155_200_0036,0155,200,sat_0155,1,1.0,sat_0155,0155,0.89067286,sat_0144,0.6402738,0.25039905,True
drone_0155_200_0037,0155,200,sat_0155,1,1.0,sat_0155,0155,0.8817493,sat_0144,0.6361317,0.24561757,True
drone_0155_200_0038,0155,200,sat_0155,1,1.0,sat_0155,0155,0.86473346,sat_0144,0.61169976,0.2530337,True
drone_0155_200_0039,0155,200,sat_0155,1,1.0,sat_0155,0155,0.827414,sat_0144,0.5672029,0.26021105,True
drone_0155_200_0040,0155,200,sat_0155,1,1.0,sat_0155,0155,0.8313353,sat_0144,0.5443913,0.28694403,True
drone_0155_200_0041,0155,200,sat_0155,1,1.0,sat_0155,0155,0.8305564,sat_0144,0.512421,0.31813538,True
drone_0155_200_0042,0155,200,sat_0155,1,1.0,sat_0155,0155,0.78180516,sat_0144,0.48897785,0.2928273,True
drone_0155_200_0043,0155,200,sat_0155,1,1.0,sat_0155,0155,0.7814448,sat_0144,0.5096709,0.27177387,True
drone_0155_200_0044,0155,200,sat_0155,1,1.0,sat_0155,0155,0.81119204,sat_0144,0.5375336,0.27365845,True
drone_0155_200_0045,0155,200,sat_0155,1,1.0,sat_0155,0155,0.78207326,sat_0144,0.51680577,0.2652675,True
drone_0155_200_0046,0155,200,sat_0155,1,1.0,sat_0155,0155,0.7802885,sat_0144,0.41955078,0.36073774,True
drone_0155_200_0047,0155,200,sat_0155,1,1.0,sat_0155,0155,0.69384766,sat_0164,0.37416813,0.31967953,True
drone_0155_200_0048,0155,200,sat_0155,1,1.0,sat_0155,0155,0.72850347,sat_0164,0.37954283,0.34896064,True
drone_0155_200_0049,0155,200,sat_0155,1,1.0,sat_0155,0155,0.71112585,sat_0164,0.4073907,0.30373514,True
drone_0164_200_0000,0164,200,sat_0164,1,1.0,sat_0164,0164,0.8212921,sat_0027,0.3344141,0.486878,True
drone_0164_200_0001,0164,200,sat_0164,1,1.0,sat_0164,0164,0.8501856,sat_0027,0.36127996,0.4889056,True
drone_0164_200_0002,0164,200,sat_0164,1,1.0,sat_0164,0164,0.8598177,sat_0027,0.37479547,0.48502222,True
drone_0164_200_0003,0164,200,sat_0164,1,1.0,sat_0164,0164,0.8128871,sat_0027,0.28859857,0.52428854,True
drone_0164_200_0004,0164,200,sat_0164,1,1.0,sat_0164,0164,0.793917,sat_0027,0.25498983,0.5389272,True
drone_0164_200_0005,0164,200,sat_0164,1,1.0,sat_0164,0164,0.80881435,sat_0027,0.27567586,0.5331385,True
drone_0164_200_0006,0164,200,sat_0164,1,1.0,sat_0164,0164,0.79104495,sat_0027,0.21878493,0.57226,True
drone_0164_200_0007,0164,200,sat_0164,1,1.0,sat_0164,0164,0.7599839,sat_0198,0.26280487,0.49717903,True
drone_0164_200_0008,0164,200,sat_0164,1,1.0,sat_0164,0164,0.84086394,sat_0027,0.24908642,0.5917775,True
drone_0164_200_0009,0164,200,sat_0164,1,1.0,sat_0164,0164,0.7754601,sat_0144,0.2317773,0.5436828,True
drone_0164_200_0010,0164,200,sat_0164,1,1.0,sat_0164,0164,0.82871175,sat_0027,0.22906248,0.59964925,True
drone_0164_200_0011,0164,200,sat_0164,1,1.0,sat_0164,0164,0.7495482,sat_0198,0.24984972,0.49969846,True
drone_0164_200_0012,0164,200,sat_0164,1,1.0,sat_0164,0164,0.7442476,sat_0144,0.279387,0.46486062,True
drone_0164_200_0013,0164,200,sat_0164,1,1.0,sat_0164,0164,0.8277488,sat_0027,0.29472753,0.5330212,True
drone_0164_200_0014,0164,200,sat_0164,1,1.0,sat_0164,0164,0.82261825,sat_0027,0.29213232,0.5304859,True
drone_0164_200_0015,0164,200,sat_0164,1,1.0,sat_0164,0164,0.7942494,sat_0144,0.27005324,0.52419615,True
drone_0164_200_0016,0164,200,sat_0164,1,1.0,sat_0164,0164,0.86262405,sat_0027,0.2963408,0.5662832,True
drone_0164_200_0017,0164,200,sat_0164,1,1.0,sat_0164,0164,0.9020301,sat_0027,0.28611684,0.6159133,True
drone_0164_200_0018,0164,200,sat_0164,1,1.0,sat_0164,0164,0.91063803,sat_0027,0.3553677,0.5552703,True
drone_0164_200_0019,0164,200,sat_0164,1,1.0,sat_0164,0164,0.9063149,sat_0027,0.43412778,0.47218713,True
drone_0164_200_0020,0164,200,sat_0164,1,1.0,sat_0164,0164,0.94496334,sat_0027,0.36046195,0.5845014,True
drone_0164_200_0021,0164,200,sat_0164,1,1.0,sat_0164,0164,0.951453,sat_0027,0.3711417,0.5803113,True
drone_0164_200_0022,0164,200,sat_0164,1,1.0,sat_0164,0164,0.94131774,sat_0027,0.3552387,0.586079,True
drone_0164_200_0023,0164,200,sat_0164,1,1.0,sat_0164,0164,0.89047724,sat_0027,0.42308632,0.46739092,True
drone_0164_200_0024,0164,200,sat_0164,1,1.0,sat_0164,0164,0.87828684,sat_0027,0.43249384,0.445793,True
drone_0164_200_0025,0164,200,sat_0164,1,1.0,sat_0164,0164,0.85288405,sat_0027,0.41555488,0.43732917,True
drone_0164_200_0026,0164,200,sat_0164,1,1.0,sat_0164,0164,0.7902795,sat_0027,0.42041093,0.36986858,True
drone_0164_200_0027,0164,200,sat_0164,1,1.0,sat_0164,0164,0.76997614,sat_0027,0.392438,0.37753814,True
drone_0164_200_0028,0164,200,sat_0164,1,1.0,sat_0164,0164,0.8146009,sat_0186,0.29904124,0.5155597,True
drone_0164_200_0029,0164,200,sat_0164,1,1.0,sat_0164,0164,0.80492127,sat_0186,0.2614656,0.54345566,True
drone_0164_200_0030,0164,200,sat_0164,1,1.0,sat_0164,0164,0.86659324,sat_0186,0.28206393,0.5845293,True
drone_0164_200_0031,0164,200,sat_0164,1,1.0,sat_0164,0164,0.8303313,sat_0186,0.27988923,0.5504421,True
drone_0164_200_0032,0164,200,sat_0164,1,1.0,sat_0164,0164,0.8464882,sat_0008,0.32189572,0.52459246,True
drone_0164_200_0033,0164,200,sat_0164,1,1.0,sat_0164,0164,0.83784544,sat_0008,0.3177414,0.52010405,True
drone_0164_200_0034,0164,200,sat_0164,1,1.0,sat_0164,0164,0.8445171,sat_0008,0.2995648,0.5449523,True
drone_0164_200_0035,0164,200,sat_0164,1,1.0,sat_0164,0164,0.85859025,sat_0027,0.2610551,0.59753513,True
drone_0164_200_0036,0164,200,sat_0164,1,1.0,sat_0164,0164,0.8812325,sat_0008,0.26794562,0.61328685,True
drone_0164_200_0037,0164,200,sat_0164,1,1.0,sat_0164,0164,0.859249,sat_0008,0.28423655,0.57501245,True
drone_0164_200_0038,0164,200,sat_0164,1,1.0,sat_0164,0164,0.84927136,sat_0140,0.27880248,0.5704689,True
drone_0164_200_0039,0164,200,sat_0164,1,1.0,sat_0164,0164,0.8519846,sat_0140,0.27824387,0.5737407,True
drone_0164_200_0040,0164,200,sat_0164,1,1.0,sat_0164,0164,0.86965907,sat_0140,0.2924224,0.57723665,True
drone_0164_200_0041,0164,200,sat_0164,1,1.0,sat_0164,0164,0.88113034,sat_0027,0.30326867,0.57786167,True
drone_0164_200_0042,0164,200,sat_0164,1,1.0,sat_0164,0164,0.89831024,sat_0140,0.3024982,0.5958121,True
drone_0164_200_0043,0164,200,sat_0164,1,1.0,sat_0164,0164,0.9112877,sat_0140,0.30565277,0.6056349,True
drone_0164_200_0044,0164,200,sat_0164,1,1.0,sat_0164,0164,0.8842678,sat_0140,0.27144137,0.61282647,True
drone_0164_200_0045,0164,200,sat_0164,1,1.0,sat_0164,0164,0.8560398,sat_0140,0.25623873,0.59980106,True
drone_0164_200_0046,0164,200,sat_0164,1,1.0,sat_0164,0164,0.86382115,sat_0027,0.26193854,0.6018826,True
drone_0164_200_0047,0164,200,sat_0164,1,1.0,sat_0164,0164,0.8694534,sat_0027,0.27268118,0.5967722,True
drone_0164_200_0048,0164,200,sat_0164,1,1.0,sat_0164,0164,0.8483846,sat_0027,0.23103453,0.6173501,True
drone_0164_200_0049,0164,200,sat_0164,1,1.0,sat_0164,0164,0.81370103,sat_0027,0.26990214,0.5437989,True
drone_0167_200_0000,0167,200,sat_0167,1,1.0,sat_0167,0167,0.85542935,sat_0182,0.75758487,0.09784448,True
drone_0167_200_0001,0167,200,sat_0167,1,1.0,sat_0167,0167,0.84914976,sat_0182,0.76532775,0.08382201,True
drone_0167_200_0002,0167,200,sat_0167,1,1.0,sat_0167,0167,0.8475641,sat_0182,0.7678419,0.079722226,True
drone_0167_200_0003,0167,200,sat_0167,1,1.0,sat_0167,0167,0.865953,sat_0182,0.7398046,0.1261484,True
drone_0167_200_0004,0167,200,sat_0167,1,1.0,sat_0167,0167,0.8668872,sat_0182,0.7329258,0.13396144,True
drone_0167_200_0005,0167,200,sat_0167,1,1.0,sat_0167,0167,0.87532425,sat_0182,0.73901486,0.13630939,True
drone_0167_200_0006,0167,200,sat_0167,1,1.0,sat_0167,0167,0.876209,sat_0182,0.74089825,0.13531077,True
drone_0167_200_0007,0167,200,sat_0167,1,1.0,sat_0167,0167,0.87732244,sat_0182,0.72601527,0.15130717,True
drone_0167_200_0008,0167,200,sat_0167,1,1.0,sat_0167,0167,0.87237877,sat_0182,0.7438203,0.12855846,True
drone_0167_200_0009,0167,200,sat_0167,1,1.0,sat_0167,0167,0.88725185,sat_0182,0.69701254,0.19023931,True
drone_0167_200_0010,0167,200,sat_0167,1,1.0,sat_0167,0167,0.8601181,sat_0182,0.7456452,0.114472866,True
drone_0167_200_0011,0167,200,sat_0167,1,1.0,sat_0167,0167,0.8845007,sat_0182,0.7206026,0.16389811,True
drone_0167_200_0012,0167,200,sat_0167,1,1.0,sat_0167,0167,0.8651256,sat_0182,0.73940915,0.12571645,True
drone_0167_200_0013,0167,200,sat_0167,1,1.0,sat_0167,0167,0.86709636,sat_0182,0.74657726,0.1205191,True
drone_0167_200_0014,0167,200,sat_0167,1,1.0,sat_0167,0167,0.87610185,sat_0182,0.75477606,0.12132579,True
drone_0167_200_0015,0167,200,sat_0167,1,1.0,sat_0167,0167,0.8928025,sat_0182,0.7387898,0.15401268,True
drone_0167_200_0016,0167,200,sat_0167,1,1.0,sat_0167,0167,0.8865159,sat_0182,0.73747396,0.14904195,True
drone_0167_200_0017,0167,200,sat_0167,1,1.0,sat_0167,0167,0.87368214,sat_0182,0.7524321,0.12125003,True
drone_0167_200_0018,0167,200,sat_0167,1,1.0,sat_0167,0167,0.83387417,sat_0182,0.7903533,0.043520868,True
drone_0167_200_0019,0167,200,sat_0167,1,1.0,sat_0167,0167,0.8702139,sat_0182,0.7683831,0.10183084,True
drone_0167_200_0020,0167,200,sat_0167,1,1.0,sat_0167,0167,0.8601767,sat_0182,0.7956837,0.064493,True
drone_0167_200_0021,0167,200,sat_0167,1,1.0,sat_0167,0167,0.86381024,sat_0182,0.78756,0.076250255,True
drone_0167_200_0022,0167,200,sat_0167,1,1.0,sat_0167,0167,0.8848304,sat_0182,0.77658176,0.10824865,True
drone_0167_200_0023,0167,200,sat_0167,1,1.0,sat_0167,0167,0.8674356,sat_0182,0.7889385,0.07849705,True
drone_0167_200_0024,0167,200,sat_0167,1,1.0,sat_0167,0167,0.8549307,sat_0182,0.7852874,0.06964332,True
drone_0167_200_0025,0167,200,sat_0167,1,1.0,sat_0167,0167,0.8311051,sat_0182,0.8162432,0.014861941,True
drone_0167_200_0026,0167,200,sat_0167,1,1.0,sat_0167,0167,0.88200366,sat_0182,0.74017346,0.1418302,True
drone_0167_200_0027,0167,200,sat_0167,1,1.0,sat_0167,0167,0.8872842,sat_0182,0.731644,0.15564024,True
drone_0167_200_0028,0167,200,sat_0167,1,1.0,sat_0167,0167,0.8881279,sat_0182,0.7018003,0.18632764,True
drone_0167_200_0029,0167,200,sat_0167,1,1.0,sat_0167,0167,0.877324,sat_0182,0.7064035,0.17092049,True
drone_0167_200_0030,0167,200,sat_0167,1,1.0,sat_0167,0167,0.87883085,sat_0182,0.7185216,0.16030926,True
drone_0167_200_0031,0167,200,sat_0167,1,1.0,sat_0167,0167,0.8768099,sat_0182,0.7113919,0.16541797,True
drone_0167_200_0032,0167,200,sat_0167,1,1.0,sat_0167,0167,0.8651695,sat_0182,0.732272,0.1328975,True
drone_0167_200_0033,0167,200,sat_0167,1,1.0,sat_0167,0167,0.89518666,sat_0182,0.6759876,0.21919906,True
drone_0167_200_0034,0167,200,sat_0167,1,1.0,sat_0167,0167,0.8905983,sat_0182,0.711236,0.1793623,True
drone_0167_200_0035,0167,200,sat_0167,1,1.0,sat_0167,0167,0.8789662,sat_0182,0.72625726,0.15270895,True
drone_0167_200_0036,0167,200,sat_0167,1,1.0,sat_0167,0167,0.8991808,sat_0182,0.7040152,0.19516563,True
drone_0167_200_0037,0167,200,sat_0167,1,1.0,sat_0167,0167,0.908678,sat_0182,0.707299,0.201379,True
drone_0167_200_0038,0167,200,sat_0167,1,1.0,sat_0167,0167,0.8863971,sat_0182,0.7517628,0.13463432,True
drone_0167_200_0039,0167,200,sat_0167,1,1.0,sat_0167,0167,0.8902856,sat_0182,0.70204663,0.18823898,True
drone_0167_200_0040,0167,200,sat_0167,1,1.0,sat_0167,0167,0.87435526,sat_0182,0.7432449,0.13111037,True
drone_0167_200_0041,0167,200,sat_0167,1,1.0,sat_0167,0167,0.85294574,sat_0182,0.74147016,0.11147559,True
drone_0167_200_0042,0167,200,sat_0167,1,1.0,sat_0167,0167,0.8461765,sat_0182,0.7354056,0.11077088,True
drone_0167_200_0043,0167,200,sat_0167,1,1.0,sat_0167,0167,0.84310806,sat_0182,0.7716603,0.07144773,True
drone_0167_200_0044,0167,200,sat_0167,1,1.0,sat_0167,0167,0.85692835,sat_0182,0.7569566,0.09997177,True
drone_0167_200_0045,0167,200,sat_0167,1,1.0,sat_0167,0167,0.83930594,sat_0182,0.7891983,0.050107658,True
drone_0167_200_0046,0167,200,sat_0167,1,1.0,sat_0167,0167,0.8682887,sat_0182,0.7430364,0.1252523,True
drone_0167_200_0047,0167,200,sat_0167,1,1.0,sat_0167,0167,0.85965514,sat_0182,0.7522454,0.107409716,True
drone_0167_200_0048,0167,200,sat_0167,1,1.0,sat_0167,0167,0.8488441,sat_0182,0.75775605,0.09108806,True
drone_0167_200_0049,0167,200,sat_0167,1,1.0,sat_0167,0167,0.8589914,sat_0182,0.7712287,0.08776271,True
drone_0169_200_0000,0169,200,sat_0169,1,1.0,sat_0169,0169,0.87950844,sat_0007,0.4157617,0.46374673,True
drone_0169_200_0001,0169,200,sat_0169,1,1.0,sat_0169,0169,0.8545264,sat_0007,0.4416275,0.4128989,True
drone_0169_200_0002,0169,200,sat_0169,1,1.0,sat_0169,0169,0.8776688,sat_0007,0.4410137,0.4366551,True
drone_0169_200_0003,0169,200,sat_0169,1,1.0,sat_0169,0169,0.8587755,sat_0007,0.4321015,0.426674,True
drone_0169_200_0004,0169,200,sat_0169,1,1.0,sat_0169,0169,0.88088465,sat_0007,0.44852364,0.432361,True
drone_0169_200_0005,0169,200,sat_0169,1,1.0,sat_0169,0169,0.8654916,sat_0007,0.4868733,0.37861833,True
drone_0169_200_0006,0169,200,sat_0169,1,1.0,sat_0169,0169,0.8685712,sat_0007,0.4281659,0.4404053,True
drone_0169_200_0007,0169,200,sat_0169,1,1.0,sat_0169,0169,0.89686763,sat_0007,0.48328796,0.41357967,True
drone_0169_200_0008,0169,200,sat_0169,1,1.0,sat_0169,0169,0.8578863,sat_0007,0.477543,0.38034332,True
drone_0169_200_0009,0169,200,sat_0169,1,1.0,sat_0169,0169,0.8606494,sat_0007,0.50357765,0.35707176,True
drone_0169_200_0010,0169,200,sat_0169,1,1.0,sat_0169,0169,0.83531743,sat_0151,0.48788616,0.34743127,True
drone_0169_200_0011,0169,200,sat_0169,1,1.0,sat_0169,0169,0.74330616,sat_0151,0.52624387,0.2170623,True
drone_0169_200_0012,0169,200,sat_0169,1,1.0,sat_0169,0169,0.70791155,sat_0008,0.54598176,0.16192979,True
drone_0169_200_0013,0169,200,sat_0169,1,1.0,sat_0169,0169,0.75930715,sat_0008,0.542258,0.21704912,True
drone_0169_200_0014,0169,200,sat_0169,1,1.0,sat_0169,0169,0.7614091,sat_0008,0.5599892,0.20141989,True
drone_0169_200_0015,0169,200,sat_0169,1,1.0,sat_0169,0169,0.79098445,sat_0007,0.5434725,0.24751192,True
drone_0169_200_0016,0169,200,sat_0169,1,1.0,sat_0169,0169,0.7214224,sat_0008,0.59103036,0.13039201,True
drone_0169_200_0017,0169,200,sat_0169,1,1.0,sat_0169,0169,0.7338952,sat_0008,0.5631412,0.17075396,True
drone_0169_200_0018,0169,200,sat_0169,1,1.0,sat_0169,0169,0.793443,sat_0007,0.5900629,0.20338011,True
drone_0169_200_0019,0169,200,sat_0169,1,1.0,sat_0169,0169,0.79142994,sat_0007,0.5691681,0.22226185,True
drone_0169_200_0020,0169,200,sat_0169,1,1.0,sat_0169,0169,0.79690593,sat_0007,0.5066283,0.29027766,True
drone_0169_200_0021,0169,200,sat_0169,1,1.0,sat_0169,0169,0.77254033,sat_0008,0.47037196,0.30216837,True
drone_0169_200_0022,0169,200,sat_0169,1,1.0,sat_0169,0169,0.71270263,sat_0008,0.5107652,0.20193744,True
drone_0169_200_0023,0169,200,sat_0169,1,1.0,sat_0169,0169,0.7421044,sat_0151,0.5075783,0.2345261,True
drone_0169_200_0024,0169,200,sat_0169,1,1.0,sat_0169,0169,0.7147945,sat_0151,0.5190542,0.19574034,True
drone_0169_200_0025,0169,200,sat_0169,1,1.0,sat_0169,0169,0.65260947,sat_0008,0.57816964,0.07443982,True
drone_0169_200_0026,0169,200,sat_0169,1,1.0,sat_0169,0169,0.6569637,sat_0007,0.6387703,0.018193424,True
drone_0169_200_0027,0169,200,sat_0169,3,0.3333333333333333,sat_0007,0007,0.67018175,sat_0008,0.63595104,0.03423071,False
drone_0169_200_0028,0169,200,sat_0169,1,1.0,sat_0169,0169,0.6609348,sat_0007,0.6431494,0.01778543,True
drone_0169_200_0029,0169,200,sat_0169,1,1.0,sat_0169,0169,0.67412555,sat_0007,0.59285575,0.0812698,True
drone_0169_200_0030,0169,200,sat_0169,1,1.0,sat_0169,0169,0.75232494,sat_0007,0.5714021,0.18092287,True
drone_0169_200_0031,0169,200,sat_0169,1,1.0,sat_0169,0169,0.8018868,sat_0007,0.51810944,0.28377736,True
drone_0169_200_0032,0169,200,sat_0169,1,1.0,sat_0169,0169,0.8193634,sat_0151,0.51679146,0.30257195,True
drone_0169_200_0033,0169,200,sat_0169,1,1.0,sat_0169,0169,0.7893038,sat_0007,0.52883947,0.2604643,True
drone_0169_200_0034,0169,200,sat_0169,1,1.0,sat_0169,0169,0.839777,sat_0007,0.54438245,0.29539454,True
drone_0169_200_0035,0169,200,sat_0169,1,1.0,sat_0169,0169,0.85134363,sat_0007,0.5017342,0.34960943,True
drone_0169_200_0036,0169,200,sat_0169,1,1.0,sat_0169,0169,0.7925371,sat_0007,0.5237544,0.26878268,True
drone_0169_200_0037,0169,200,sat_0169,1,1.0,sat_0169,0169,0.7625506,sat_0007,0.50314116,0.25940943,True
drone_0169_200_0038,0169,200,sat_0169,1,1.0,sat_0169,0169,0.78964335,sat_0007,0.554914,0.23472935,True
drone_0169_200_0039,0169,200,sat_0169,1,1.0,sat_0169,0169,0.7878029,sat_0007,0.56681097,0.22099191,True
drone_0169_200_0040,0169,200,sat_0169,1,1.0,sat_0169,0169,0.8488908,sat_0007,0.5324299,0.3164609,True
drone_0169_200_0041,0169,200,sat_0169,1,1.0,sat_0169,0169,0.8758027,sat_0007,0.50001943,0.37578326,True
drone_0169_200_0042,0169,200,sat_0169,1,1.0,sat_0169,0169,0.86100686,sat_0007,0.46184453,0.39916232,True
drone_0169_200_0043,0169,200,sat_0169,1,1.0,sat_0169,0169,0.8772147,sat_0007,0.45657697,0.42063776,True
drone_0169_200_0044,0169,200,sat_0169,1,1.0,sat_0169,0169,0.8864031,sat_0007,0.47571605,0.41068703,True
drone_0169_200_0045,0169,200,sat_0169,1,1.0,sat_0169,0169,0.8804901,sat_0007,0.50033534,0.3801548,True
drone_0169_200_0046,0169,200,sat_0169,1,1.0,sat_0169,0169,0.81915325,sat_0008,0.5279642,0.29118907,True
drone_0169_200_0047,0169,200,sat_0169,1,1.0,sat_0169,0169,0.8249083,sat_0008,0.4476248,0.3772835,True
drone_0169_200_0048,0169,200,sat_0169,1,1.0,sat_0169,0169,0.8340808,sat_0007,0.46804085,0.36603996,True
drone_0169_200_0049,0169,200,sat_0169,1,1.0,sat_0169,0169,0.8290416,sat_0008,0.44693497,0.38210663,True
drone_0174_200_0000,0174,200,sat_0174,1,1.0,sat_0174,0174,0.8986383,sat_0182,0.4812898,0.4173485,True
drone_0174_200_0001,0174,200,sat_0174,1,1.0,sat_0174,0174,0.9068439,sat_0182,0.46532476,0.44151914,True
drone_0174_200_0002,0174,200,sat_0174,1,1.0,sat_0174,0174,0.917084,sat_0182,0.46358708,0.4534969,True
drone_0174_200_0003,0174,200,sat_0174,1,1.0,sat_0174,0174,0.91353387,sat_0182,0.44270745,0.47082642,True
drone_0174_200_0004,0174,200,sat_0174,1,1.0,sat_0174,0174,0.9175213,sat_0182,0.43576086,0.48176044,True
drone_0174_200_0005,0174,200,sat_0174,1,1.0,sat_0174,0174,0.9205075,sat_0182,0.46489614,0.45561135,True
drone_0174_200_0006,0174,200,sat_0174,1,1.0,sat_0174,0174,0.918554,sat_0164,0.4281189,0.4904351,True
drone_0174_200_0007,0174,200,sat_0174,1,1.0,sat_0174,0174,0.898883,sat_0182,0.45920464,0.43967834,True
drone_0174_200_0008,0174,200,sat_0174,1,1.0,sat_0174,0174,0.86097544,sat_0164,0.5156818,0.34529364,True
drone_0174_200_0009,0174,200,sat_0174,1,1.0,sat_0174,0174,0.90685564,sat_0182,0.42992103,0.4769346,True
drone_0174_200_0010,0174,200,sat_0174,1,1.0,sat_0174,0174,0.90054846,sat_0164,0.44869742,0.45185104,True
drone_0174_200_0011,0174,200,sat_0174,1,1.0,sat_0174,0174,0.8925185,sat_0072,0.42833933,0.4641792,True
drone_0174_200_0012,0174,200,sat_0174,1,1.0,sat_0174,0174,0.85349554,sat_0164,0.4210835,0.43241203,True
drone_0174_200_0013,0174,200,sat_0174,1,1.0,sat_0174,0174,0.8248159,sat_0164,0.4862604,0.3385555,True
drone_0174_200_0014,0174,200,sat_0174,1,1.0,sat_0174,0174,0.83730966,sat_0164,0.47269523,0.36461443,True
drone_0174_200_0015,0174,200,sat_0174,1,1.0,sat_0174,0174,0.86442614,sat_0182,0.44372642,0.42069972,True
drone_0174_200_0016,0174,200,sat_0174,1,1.0,sat_0174,0174,0.8784561,sat_0182,0.46538463,0.41307148,True
drone_0174_200_0017,0174,200,sat_0174,1,1.0,sat_0174,0174,0.8962159,sat_0182,0.45263314,0.44358277,True
drone_0174_200_0018,0174,200,sat_0174,1,1.0,sat_0174,0174,0.8751825,sat_0182,0.44330305,0.43187946,True
drone_0174_200_0019,0174,200,sat_0174,1,1.0,sat_0174,0174,0.88948274,sat_0182,0.4427898,0.44669294,True
drone_0174_200_0020,0174,200,sat_0174,1,1.0,sat_0174,0174,0.8464499,sat_0164,0.49781132,0.3486386,True
drone_0174_200_0021,0174,200,sat_0174,1,1.0,sat_0174,0174,0.83115184,sat_0164,0.4676522,0.36349964,True
drone_0174_200_0022,0174,200,sat_0174,1,1.0,sat_0174,0174,0.85000515,sat_0182,0.4612644,0.38874075,True
drone_0174_200_0023,0174,200,sat_0174,1,1.0,sat_0174,0174,0.8483371,sat_0182,0.43032396,0.41801316,True
drone_0174_200_0024,0174,200,sat_0174,1,1.0,sat_0174,0174,0.8339974,sat_0182,0.41256288,0.42143455,True
drone_0174_200_0025,0174,200,sat_0174,1,1.0,sat_0174,0174,0.83771193,sat_0072,0.43879652,0.3989154,True
drone_0174_200_0026,0174,200,sat_0174,1,1.0,sat_0174,0174,0.8547757,sat_0072,0.44515178,0.40962395,True
drone_0174_200_0027,0174,200,sat_0174,1,1.0,sat_0174,0174,0.8714611,sat_0072,0.4699999,0.40146118,True
drone_0174_200_0028,0174,200,sat_0174,1,1.0,sat_0174,0174,0.86874807,sat_0182,0.4879592,0.38078886,True
drone_0174_200_0029,0174,200,sat_0174,1,1.0,sat_0174,0174,0.8636116,sat_0072,0.47634682,0.38726476,True
drone_0174_200_0030,0174,200,sat_0174,1,1.0,sat_0174,0174,0.85970354,sat_0072,0.47724673,0.3824568,True
drone_0174_200_0031,0174,200,sat_0174,1,1.0,sat_0174,0174,0.8575987,sat_0072,0.46758088,0.39001784,True
drone_0174_200_0032,0174,200,sat_0174,1,1.0,sat_0174,0174,0.8516573,sat_0164,0.42187557,0.4297817,True
drone_0174_200_0033,0174,200,sat_0174,1,1.0,sat_0174,0174,0.85234785,sat_0182,0.42003903,0.43230882,True
drone_0174_200_0034,0174,200,sat_0174,1,1.0,sat_0174,0174,0.8462178,sat_0164,0.46054155,0.38567626,True
drone_0174_200_0035,0174,200,sat_0174,1,1.0,sat_0174,0174,0.83785415,sat_0182,0.42328018,0.41457397,True
drone_0174_200_0036,0174,200,sat_0174,1,1.0,sat_0174,0174,0.84821177,sat_0182,0.42456737,0.4236444,True
drone_0174_200_0037,0174,200,sat_0174,1,1.0,sat_0174,0174,0.8702365,sat_0164,0.4092978,0.46093872,True
drone_0174_200_0038,0174,200,sat_0174,1,1.0,sat_0174,0174,0.8994736,sat_0182,0.41481698,0.48465663,True
drone_0174_200_0039,0174,200,sat_0174,1,1.0,sat_0174,0174,0.9200455,sat_0182,0.48703128,0.4330142,True
drone_0174_200_0040,0174,200,sat_0174,1,1.0,sat_0174,0174,0.87718993,sat_0182,0.4459521,0.43123785,True
drone_0174_200_0041,0174,200,sat_0174,1,1.0,sat_0174,0174,0.869749,sat_0164,0.4059905,0.4637585,True
drone_0174_200_0042,0174,200,sat_0174,1,1.0,sat_0174,0174,0.8756479,sat_0164,0.42298836,0.45265955,True
drone_0174_200_0043,0174,200,sat_0174,1,1.0,sat_0174,0174,0.88771003,sat_0164,0.42084333,0.4668667,True
drone_0174_200_0044,0174,200,sat_0174,1,1.0,sat_0174,0174,0.884901,sat_0164,0.43858507,0.4463159,True
drone_0174_200_0045,0174,200,sat_0174,1,1.0,sat_0174,0174,0.8460654,sat_0164,0.43204692,0.41401848,True
drone_0174_200_0046,0174,200,sat_0174,1,1.0,sat_0174,0174,0.81618714,sat_0164,0.43147108,0.38471606,True
drone_0174_200_0047,0174,200,sat_0174,1,1.0,sat_0174,0174,0.8022337,sat_0164,0.43421525,0.36801845,True
drone_0174_200_0048,0174,200,sat_0174,1,1.0,sat_0174,0174,0.85208267,sat_0164,0.42369327,0.4283894,True
drone_0174_200_0049,0174,200,sat_0174,1,1.0,sat_0174,0174,0.87877876,sat_0164,0.41749716,0.4612816,True
drone_0182_200_0000,0182,200,sat_0182,1,1.0,sat_0182,0182,0.83743614,sat_0029,0.4546827,0.38275343,True
drone_0182_200_0001,0182,200,sat_0182,1,1.0,sat_0182,0182,0.8407234,sat_0029,0.44787824,0.39284515,True
drone_0182_200_0002,0182,200,sat_0182,1,1.0,sat_0182,0182,0.8274572,sat_0029,0.45719114,0.37026605,True
drone_0182_200_0003,0182,200,sat_0182,1,1.0,sat_0182,0182,0.8303806,sat_0029,0.43839958,0.39198104,True
drone_0182_200_0004,0182,200,sat_0182,1,1.0,sat_0182,0182,0.81296927,sat_0029,0.41847178,0.39449748,True
drone_0182_200_0005,0182,200,sat_0182,1,1.0,sat_0182,0182,0.82754946,sat_0029,0.42357743,0.40397203,True
drone_0182_200_0006,0182,200,sat_0182,1,1.0,sat_0182,0182,0.8311726,sat_0029,0.4300668,0.4011058,True
drone_0182_200_0007,0182,200,sat_0182,1,1.0,sat_0182,0182,0.8238525,sat_0029,0.44689977,0.3769527,True
drone_0182_200_0008,0182,200,sat_0182,1,1.0,sat_0182,0182,0.83317727,sat_0029,0.454293,0.37888426,True
drone_0182_200_0009,0182,200,sat_0182,1,1.0,sat_0182,0182,0.8077428,sat_0029,0.4400072,0.36773556,True
drone_0182_200_0010,0182,200,sat_0182,1,1.0,sat_0182,0182,0.7996308,sat_0029,0.41620964,0.38342118,True
drone_0182_200_0011,0182,200,sat_0182,1,1.0,sat_0182,0182,0.82802755,sat_0029,0.41357347,0.41445407,True
drone_0182_200_0012,0182,200,sat_0182,1,1.0,sat_0182,0182,0.8152688,sat_0029,0.40794802,0.4073208,True
drone_0182_200_0013,0182,200,sat_0182,1,1.0,sat_0182,0182,0.79483414,sat_0174,0.396288,0.39854613,True
drone_0182_200_0014,0182,200,sat_0182,1,1.0,sat_0182,0182,0.82048535,sat_0174,0.3904659,0.43001947,True
drone_0182_200_0015,0182,200,sat_0182,1,1.0,sat_0182,0182,0.8045963,sat_0029,0.40037137,0.40422493,True
drone_0182_200_0016,0182,200,sat_0182,1,1.0,sat_0182,0182,0.8102516,sat_0174,0.41178408,0.3984675,True
drone_0182_200_0017,0182,200,sat_0182,1,1.0,sat_0182,0182,0.79022306,sat_0029,0.4220972,0.36812586,True
drone_0182_200_0018,0182,200,sat_0182,1,1.0,sat_0182,0182,0.79426676,sat_0029,0.42830324,0.36596352,True
drone_0182_200_0019,0182,200,sat_0182,1,1.0,sat_0182,0182,0.79853153,sat_0029,0.43760818,0.36092335,True
drone_0182_200_0020,0182,200,sat_0182,1,1.0,sat_0182,0182,0.7783337,sat_0029,0.4490432,0.3292905,True
drone_0182_200_0021,0182,200,sat_0182,1,1.0,sat_0182,0182,0.8011045,sat_0029,0.43992218,0.3611823,True
drone_0182_200_0022,0182,200,sat_0182,1,1.0,sat_0182,0182,0.8497461,sat_0029,0.43278965,0.41695645,True
drone_0182_200_0023,0182,200,sat_0182,1,1.0,sat_0182,0182,0.85001147,sat_0174,0.4650348,0.38497666,True
drone_0182_200_0024,0182,200,sat_0182,1,1.0,sat_0182,0182,0.87439007,sat_0174,0.47343618,0.4009539,True
drone_0182_200_0025,0182,200,sat_0182,1,1.0,sat_0182,0182,0.8353252,sat_0174,0.41943166,0.41589352,True
drone_0182_200_0026,0182,200,sat_0182,1,1.0,sat_0182,0182,0.87222594,sat_0174,0.46213284,0.4100931,True
drone_0182_200_0027,0182,200,sat_0182,1,1.0,sat_0182,0182,0.85844576,sat_0174,0.5362995,0.32214624,True
drone_0182_200_0028,0182,200,sat_0182,1,1.0,sat_0182,0182,0.8813498,sat_0174,0.5350661,0.34628367,True
drone_0182_200_0029,0182,200,sat_0182,1,1.0,sat_0182,0182,0.9116478,sat_0174,0.47245726,0.43919054,True
drone_0182_200_0030,0182,200,sat_0182,1,1.0,sat_0182,0182,0.9131944,sat_0174,0.44646892,0.4667255,True
drone_0182_200_0031,0182,200,sat_0182,1,1.0,sat_0182,0182,0.9225051,sat_0167,0.45722067,0.4652844,True
drone_0182_200_0032,0182,200,sat_0182,1,1.0,sat_0182,0182,0.91841006,sat_0167,0.4516921,0.46671796,True
drone_0182_200_0033,0182,200,sat_0182,1,1.0,sat_0182,0182,0.92550504,sat_0167,0.48231062,0.44319442,True
drone_0182_200_0034,0182,200,sat_0182,1,1.0,sat_0182,0182,0.9129367,sat_0167,0.49208337,0.42085332,True
drone_0182_200_0035,0182,200,sat_0182,1,1.0,sat_0182,0182,0.900465,sat_0167,0.42812753,0.47233748,True
drone_0182_200_0036,0182,200,sat_0182,1,1.0,sat_0182,0182,0.9152815,sat_0167,0.4978572,0.41742426,True
drone_0182_200_0037,0182,200,sat_0182,1,1.0,sat_0182,0182,0.92609596,sat_0167,0.47270483,0.45339113,True
drone_0182_200_0038,0182,200,sat_0182,1,1.0,sat_0182,0182,0.9200023,sat_0167,0.45529085,0.46471143,True
drone_0182_200_0039,0182,200,sat_0182,1,1.0,sat_0182,0182,0.8937316,sat_0167,0.42222327,0.47150832,True
drone_0182_200_0040,0182,200,sat_0182,1,1.0,sat_0182,0182,0.8904129,sat_0029,0.40719357,0.48321936,True
drone_0182_200_0041,0182,200,sat_0182,1,1.0,sat_0182,0182,0.88226944,sat_0174,0.43134186,0.4509276,True
drone_0182_200_0042,0182,200,sat_0182,1,1.0,sat_0182,0182,0.8642859,sat_0174,0.41961858,0.4446673,True
drone_0182_200_0043,0182,200,sat_0182,1,1.0,sat_0182,0182,0.8893639,sat_0167,0.45165855,0.43770534,True
drone_0182_200_0044,0182,200,sat_0182,1,1.0,sat_0182,0182,0.8939362,sat_0174,0.44017264,0.45376357,True
drone_0182_200_0045,0182,200,sat_0182,1,1.0,sat_0182,0182,0.8717935,sat_0029,0.45947105,0.41232246,True
drone_0182_200_0046,0182,200,sat_0182,1,1.0,sat_0182,0182,0.8629291,sat_0174,0.52379036,0.33913875,True
drone_0182_200_0047,0182,200,sat_0182,1,1.0,sat_0182,0182,0.8491376,sat_0174,0.48105267,0.36808494,True
drone_0182_200_0048,0182,200,sat_0182,1,1.0,sat_0182,0182,0.84162027,sat_0029,0.44073096,0.4008893,True
drone_0182_200_0049,0182,200,sat_0182,1,1.0,sat_0182,0182,0.8225774,sat_0174,0.44370455,0.37887287,True
drone_0186_200_0000,0186,200,sat_0186,1,1.0,sat_0186,0186,0.93398726,sat_0088,0.3684004,0.56558686,True
drone_0186_200_0001,0186,200,sat_0186,1,1.0,sat_0186,0186,0.9277807,sat_0088,0.37508965,0.55269104,True
drone_0186_200_0002,0186,200,sat_0186,1,1.0,sat_0186,0186,0.9275039,sat_0088,0.36297348,0.5645304,True
drone_0186_200_0003,0186,200,sat_0186,1,1.0,sat_0186,0186,0.919671,sat_0009,0.39537007,0.52430093,True
drone_0186_200_0004,0186,200,sat_0186,1,1.0,sat_0186,0186,0.9244447,sat_0088,0.3695634,0.5548813,True
drone_0186_200_0005,0186,200,sat_0186,1,1.0,sat_0186,0186,0.9148741,sat_0009,0.35685045,0.55802363,True
drone_0186_200_0006,0186,200,sat_0186,1,1.0,sat_0186,0186,0.90535325,sat_0009,0.3785832,0.52677006,True
drone_0186_200_0007,0186,200,sat_0186,1,1.0,sat_0186,0186,0.92688257,sat_0088,0.3430445,0.5838381,True
drone_0186_200_0008,0186,200,sat_0186,1,1.0,sat_0186,0186,0.9302667,sat_0009,0.36108804,0.56917864,True
drone_0186_200_0009,0186,200,sat_0186,1,1.0,sat_0186,0186,0.93293464,sat_0151,0.37431318,0.55862147,True
drone_0186_200_0010,0186,200,sat_0186,1,1.0,sat_0186,0186,0.9142265,sat_0088,0.36273465,0.55149186,True
drone_0186_200_0011,0186,200,sat_0186,1,1.0,sat_0186,0186,0.9145387,sat_0088,0.39195117,0.52258754,True
drone_0186_200_0012,0186,200,sat_0186,1,1.0,sat_0186,0186,0.91911346,sat_0151,0.44072655,0.4783869,True
drone_0186_200_0013,0186,200,sat_0186,1,1.0,sat_0186,0186,0.89199364,sat_0009,0.3881446,0.503849,True
drone_0186_200_0014,0186,200,sat_0186,1,1.0,sat_0186,0186,0.9023086,sat_0009,0.37648642,0.52582216,True
drone_0186_200_0015,0186,200,sat_0186,1,1.0,sat_0186,0186,0.9109471,sat_0140,0.35783803,0.55310905,True
drone_0186_200_0016,0186,200,sat_0186,1,1.0,sat_0186,0186,0.9196918,sat_0151,0.42830175,0.49139005,True
drone_0186_200_0017,0186,200,sat_0186,1,1.0,sat_0186,0186,0.9084952,sat_0151,0.39594126,0.51255393,True
drone_0186_200_0018,0186,200,sat_0186,1,1.0,sat_0186,0186,0.90435725,sat_0009,0.40686935,0.4974879,True
drone_0186_200_0019,0186,200,sat_0186,1,1.0,sat_0186,0186,0.88142806,sat_0140,0.42489815,0.45652992,True
drone_0186_200_0020,0186,200,sat_0186,1,1.0,sat_0186,0186,0.8541959,sat_0009,0.4745251,0.3796708,True
drone_0186_200_0021,0186,200,sat_0186,1,1.0,sat_0186,0186,0.8423442,sat_0009,0.41155255,0.43079168,True
drone_0186_200_0022,0186,200,sat_0186,1,1.0,sat_0186,0186,0.8421193,sat_0140,0.4300266,0.4120927,True
drone_0186_200_0023,0186,200,sat_0186,1,1.0,sat_0186,0186,0.85241055,sat_0009,0.41526014,0.43715042,True
drone_0186_200_0024,0186,200,sat_0186,1,1.0,sat_0186,0186,0.8664548,sat_0009,0.36210996,0.5043448,True
drone_0186_200_0025,0186,200,sat_0186,1,1.0,sat_0186,0186,0.8186047,sat_0009,0.35326985,0.46533486,True
drone_0186_200_0026,0186,200,sat_0186,1,1.0,sat_0186,0186,0.81435686,sat_0009,0.43664682,0.37771004,True
drone_0186_200_0027,0186,200,sat_0186,1,1.0,sat_0186,0186,0.8488791,sat_0009,0.43542463,0.41345447,True
drone_0186_200_0028,0186,200,sat_0186,1,1.0,sat_0186,0186,0.8113423,sat_0009,0.4915662,0.3197761,True
drone_0186_200_0029,0186,200,sat_0186,1,1.0,sat_0186,0186,0.8428808,sat_0009,0.46086353,0.38201725,True
drone_0186_200_0030,0186,200,sat_0186,1,1.0,sat_0186,0186,0.8572942,sat_0009,0.43689406,0.42040014,True
drone_0186_200_0031,0186,200,sat_0186,1,1.0,sat_0186,0186,0.8253445,sat_0009,0.49835613,0.32698837,True
drone_0186_200_0032,0186,200,sat_0186,1,1.0,sat_0186,0186,0.86100304,sat_0009,0.43568927,0.42531377,True
drone_0186_200_0033,0186,200,sat_0186,1,1.0,sat_0186,0186,0.8860327,sat_0009,0.4322299,0.4538028,True
drone_0186_200_0034,0186,200,sat_0186,1,1.0,sat_0186,0186,0.88330907,sat_0009,0.44056785,0.44274122,True
drone_0186_200_0035,0186,200,sat_0186,1,1.0,sat_0186,0186,0.88825357,sat_0009,0.42955735,0.45869622,True
drone_0186_200_0036,0186,200,sat_0186,1,1.0,sat_0186,0186,0.896169,sat_0009,0.41445887,0.48171014,True
drone_0186_200_0037,0186,200,sat_0186,1,1.0,sat_0186,0186,0.9083643,sat_0151,0.39692402,0.5114403,True
drone_0186_200_0038,0186,200,sat_0186,1,1.0,sat_0186,0186,0.87470907,sat_0009,0.42123103,0.45347804,True
drone_0186_200_0039,0186,200,sat_0186,1,1.0,sat_0186,0186,0.9052972,sat_0009,0.40213728,0.50315994,True
drone_0186_200_0040,0186,200,sat_0186,1,1.0,sat_0186,0186,0.9071312,sat_0009,0.39566335,0.5114678,True
drone_0186_200_0041,0186,200,sat_0186,1,1.0,sat_0186,0186,0.890607,sat_0009,0.44597778,0.44462922,True
drone_0186_200_0042,0186,200,sat_0186,1,1.0,sat_0186,0186,0.8803354,sat_0009,0.45794582,0.42238957,True
drone_0186_200_0043,0186,200,sat_0186,1,1.0,sat_0186,0186,0.89289236,sat_0009,0.42823488,0.4646575,True
drone_0186_200_0044,0186,200,sat_0186,1,1.0,sat_0186,0186,0.85405207,sat_0009,0.51533186,0.3387202,True
drone_0186_200_0045,0186,200,sat_0186,1,1.0,sat_0186,0186,0.8741251,sat_0009,0.5136648,0.36046034,True
drone_0186_200_0046,0186,200,sat_0186,1,1.0,sat_0186,0186,0.8819594,sat_0009,0.45600376,0.42595562,True
drone_0186_200_0047,0186,200,sat_0186,1,1.0,sat_0186,0186,0.89605147,sat_0009,0.39166465,0.5043868,True
drone_0186_200_0048,0186,200,sat_0186,1,1.0,sat_0186,0186,0.873487,sat_0009,0.45761916,0.41586784,True
drone_0186_200_0049,0186,200,sat_0186,1,1.0,sat_0186,0186,0.89461637,sat_0009,0.43975008,0.4548663,True
drone_0189_200_0000,0189,200,sat_0189,1,1.0,sat_0189,0189,0.861619,sat_0192,0.63055253,0.23106647,True
drone_0189_200_0001,0189,200,sat_0189,1,1.0,sat_0189,0189,0.8558506,sat_0192,0.6462959,0.20955467,True
drone_0189_200_0002,0189,200,sat_0189,1,1.0,sat_0189,0189,0.8418819,sat_0192,0.62644404,0.21543783,True
drone_0189_200_0003,0189,200,sat_0189,1,1.0,sat_0189,0189,0.85752434,sat_0190,0.6191965,0.23832786,True
drone_0189_200_0004,0189,200,sat_0189,1,1.0,sat_0189,0189,0.83048487,sat_0190,0.61936307,0.2111218,True
drone_0189_200_0005,0189,200,sat_0189,1,1.0,sat_0189,0189,0.87735736,sat_0152,0.6287481,0.24860924,True
drone_0189_200_0006,0189,200,sat_0189,1,1.0,sat_0189,0189,0.8930597,sat_0152,0.65204906,0.2410106,True
drone_0189_200_0007,0189,200,sat_0189,1,1.0,sat_0189,0189,0.86187434,sat_0190,0.6981182,0.16375613,True
drone_0189_200_0008,0189,200,sat_0189,1,1.0,sat_0189,0189,0.8965422,sat_0108,0.6591748,0.23736739,True
drone_0189_200_0009,0189,200,sat_0189,1,1.0,sat_0189,0189,0.91778964,sat_0152,0.6424637,0.27532595,True
drone_0189_200_0010,0189,200,sat_0189,1,1.0,sat_0189,0189,0.9170957,sat_0152,0.6715285,0.2455672,True
drone_0189_200_0011,0189,200,sat_0189,1,1.0,sat_0189,0189,0.9182087,sat_0152,0.6444471,0.27376163,True
drone_0189_200_0012,0189,200,sat_0189,1,1.0,sat_0189,0189,0.9318078,sat_0152,0.6565386,0.2752692,True
drone_0189_200_0013,0189,200,sat_0189,1,1.0,sat_0189,0189,0.90223026,sat_0192,0.6825344,0.21969587,True
drone_0189_200_0014,0189,200,sat_0189,1,1.0,sat_0189,0189,0.9352028,sat_0192,0.67061216,0.26459062,True
drone_0189_200_0015,0189,200,sat_0189,1,1.0,sat_0189,0189,0.9218915,sat_0192,0.74229604,0.17959547,True
drone_0189_200_0016,0189,200,sat_0189,1,1.0,sat_0189,0189,0.9168514,sat_0192,0.72883105,0.18802035,True
drone_0189_200_0017,0189,200,sat_0189,1,1.0,sat_0189,0189,0.8981022,sat_0192,0.77121055,0.12689167,True
drone_0189_200_0018,0189,200,sat_0189,1,1.0,sat_0189,0189,0.8884623,sat_0192,0.7777118,0.1107505,True
drone_0189_200_0019,0189,200,sat_0189,1,1.0,sat_0189,0189,0.88077575,sat_0192,0.7974974,0.08327836,True
drone_0189_200_0020,0189,200,sat_0189,1,1.0,sat_0189,0189,0.88347816,sat_0192,0.7638557,0.11962247,True
drone_0189_200_0021,0189,200,sat_0189,1,1.0,sat_0189,0189,0.88879406,sat_0192,0.7738878,0.11490625,True
drone_0189_200_0022,0189,200,sat_0189,1,1.0,sat_0189,0189,0.86506766,sat_0192,0.795705,0.06936264,True
drone_0189_200_0023,0189,200,sat_0189,1,1.0,sat_0189,0189,0.9045129,sat_0192,0.7382254,0.16628748,True
drone_0189_200_0024,0189,200,sat_0189,1,1.0,sat_0189,0189,0.8651293,sat_0192,0.7734515,0.091677785,True
drone_0189_200_0025,0189,200,sat_0189,1,1.0,sat_0189,0189,0.86619556,sat_0192,0.7389966,0.12719893,True
drone_0189_200_0026,0189,200,sat_0189,1,1.0,sat_0189,0189,0.8783885,sat_0192,0.7579282,0.12046033,True
drone_0189_200_0027,0189,200,sat_0189,1,1.0,sat_0189,0189,0.89197576,sat_0192,0.72153866,0.1704371,True
drone_0189_200_0028,0189,200,sat_0189,1,1.0,sat_0189,0189,0.86765194,sat_0192,0.74617696,0.12147498,True
drone_0189_200_0029,0189,200,sat_0189,1,1.0,sat_0189,0189,0.8458782,sat_0192,0.67151296,0.17436522,True
drone_0189_200_0030,0189,200,sat_0189,1,1.0,sat_0189,0189,0.8203837,sat_0192,0.615589,0.2047947,True
drone_0189_200_0031,0189,200,sat_0189,1,1.0,sat_0189,0189,0.80651504,sat_0192,0.6470221,0.15949291,True
drone_0189_200_0032,0189,200,sat_0189,1,1.0,sat_0189,0189,0.73707193,sat_0192,0.643475,0.093596935,True
drone_0189_200_0033,0189,200,sat_0189,1,1.0,sat_0189,0189,0.73673725,sat_0192,0.5971005,0.13963675,True
drone_0189_200_0034,0189,200,sat_0189,1,1.0,sat_0189,0189,0.7578553,sat_0152,0.5473812,0.21047407,True
drone_0189_200_0035,0189,200,sat_0189,1,1.0,sat_0189,0189,0.7565136,sat_0152,0.5067592,0.24975437,True
drone_0189_200_0036,0189,200,sat_0189,1,1.0,sat_0189,0189,0.71930075,sat_0192,0.5111388,0.20816195,True
drone_0189_200_0037,0189,200,sat_0189,1,1.0,sat_0189,0189,0.74096155,sat_0192,0.5865347,0.15442687,True
drone_0189_200_0038,0189,200,sat_0189,1,1.0,sat_0189,0189,0.77096516,sat_0192,0.6418958,0.12906939,True
drone_0189_200_0039,0189,200,sat_0189,1,1.0,sat_0189,0189,0.75911784,sat_0192,0.68511903,0.07399881,True
drone_0189_200_0040,0189,200,sat_0189,1,1.0,sat_0189,0189,0.71017593,sat_0192,0.58466065,0.12551528,True
drone_0189_200_0041,0189,200,sat_0189,1,1.0,sat_0189,0189,0.6731255,sat_0192,0.6004145,0.07271099,True
drone_0189_200_0042,0189,200,sat_0189,1,1.0,sat_0189,0189,0.7121604,sat_0192,0.687462,0.024698436,True
drone_0189_200_0043,0189,200,sat_0189,1,1.0,sat_0189,0189,0.6941047,sat_0192,0.6520227,0.042081952,True
drone_0189_200_0044,0189,200,sat_0189,1,1.0,sat_0189,0189,0.70628256,sat_0192,0.6078178,0.09846473,True
drone_0189_200_0045,0189,200,sat_0189,1,1.0,sat_0189,0189,0.6720352,sat_0192,0.6055068,0.06652844,True
drone_0189_200_0046,0189,200,sat_0189,1,1.0,sat_0189,0189,0.7568234,sat_0192,0.6608759,0.095947504,True
drone_0189_200_0047,0189,200,sat_0189,1,1.0,sat_0189,0189,0.67865044,sat_0192,0.59847647,0.08017397,True
drone_0189_200_0048,0189,200,sat_0189,1,1.0,sat_0189,0189,0.63041306,sat_0192,0.6249422,0.005470872,True
drone_0189_200_0049,0189,200,sat_0189,1,1.0,sat_0189,0189,0.6546806,sat_0192,0.59196997,0.06271064,True
drone_0190_200_0000,0190,200,sat_0190,1,1.0,sat_0190,0190,0.9228858,sat_0108,0.55936104,0.36352473,True
drone_0190_200_0001,0190,200,sat_0190,1,1.0,sat_0190,0190,0.9221542,sat_0192,0.54591584,0.37623835,True
drone_0190_200_0002,0190,200,sat_0190,1,1.0,sat_0190,0190,0.9290594,sat_0192,0.5738328,0.35522658,True
drone_0190_200_0003,0190,200,sat_0190,1,1.0,sat_0190,0190,0.92747015,sat_0192,0.57097703,0.35649312,True
drone_0190_200_0004,0190,200,sat_0190,1,1.0,sat_0190,0190,0.9185589,sat_0192,0.56731474,0.35124415,True
drone_0190_200_0005,0190,200,sat_0190,1,1.0,sat_0190,0190,0.92077804,sat_0192,0.5932273,0.3275507,True
drone_0190_200_0006,0190,200,sat_0190,1,1.0,sat_0190,0190,0.915481,sat_0192,0.59303164,0.32244933,True
drone_0190_200_0007,0190,200,sat_0190,1,1.0,sat_0190,0190,0.91166246,sat_0192,0.58267355,0.3289889,True
drone_0190_200_0008,0190,200,sat_0190,1,1.0,sat_0190,0190,0.9267065,sat_0192,0.6012472,0.3254593,True
drone_0190_200_0009,0190,200,sat_0190,1,1.0,sat_0190,0190,0.91919416,sat_0192,0.6073631,0.31183106,True
drone_0190_200_0010,0190,200,sat_0190,1,1.0,sat_0190,0190,0.91680354,sat_0192,0.6287474,0.28805614,True
drone_0190_200_0011,0190,200,sat_0190,1,1.0,sat_0190,0190,0.90651995,sat_0192,0.63081336,0.2757066,True
drone_0190_200_0012,0190,200,sat_0190,1,1.0,sat_0190,0190,0.91210806,sat_0192,0.633527,0.27858108,True
drone_0190_200_0013,0190,200,sat_0190,1,1.0,sat_0190,0190,0.8892901,sat_0192,0.63415045,0.25513965,True
drone_0190_200_0014,0190,200,sat_0190,1,1.0,sat_0190,0190,0.8740649,sat_0192,0.6001346,0.2739303,True
drone_0190_200_0015,0190,200,sat_0190,1,1.0,sat_0190,0190,0.8346022,sat_0192,0.56087977,0.2737224,True
drone_0190_200_0016,0190,200,sat_0190,1,1.0,sat_0190,0190,0.8495431,sat_0192,0.5802453,0.26929778,True
drone_0190_200_0017,0190,200,sat_0190,1,1.0,sat_0190,0190,0.8830126,sat_0192,0.611066,0.2719466,True
drone_0190_200_0018,0190,200,sat_0190,1,1.0,sat_0190,0190,0.85719717,sat_0192,0.6017442,0.255453,True
drone_0190_200_0019,0190,200,sat_0190,1,1.0,sat_0190,0190,0.8763006,sat_0192,0.6201495,0.25615108,True
drone_0190_200_0020,0190,200,sat_0190,1,1.0,sat_0190,0190,0.8068877,sat_0192,0.6386175,0.16827017,True
drone_0190_200_0021,0190,200,sat_0190,1,1.0,sat_0190,0190,0.83700204,sat_0192,0.66144395,0.17555809,True
drone_0190_200_0022,0190,200,sat_0190,1,1.0,sat_0190,0190,0.85944736,sat_0192,0.65129864,0.20814872,True
drone_0190_200_0023,0190,200,sat_0190,1,1.0,sat_0190,0190,0.8683216,sat_0192,0.65717524,0.21114635,True
drone_0190_200_0024,0190,200,sat_0190,1,1.0,sat_0190,0190,0.87147534,sat_0192,0.60719556,0.26427978,True
drone_0190_200_0025,0190,200,sat_0190,1,1.0,sat_0190,0190,0.87328327,sat_0108,0.60351574,0.26976752,True
drone_0190_200_0026,0190,200,sat_0190,1,1.0,sat_0190,0190,0.8734642,sat_0192,0.59729916,0.27616507,True
drone_0190_200_0027,0190,200,sat_0190,1,1.0,sat_0190,0190,0.8876123,sat_0192,0.604408,0.28320426,True
drone_0190_200_0028,0190,200,sat_0190,1,1.0,sat_0190,0190,0.8774854,sat_0192,0.57881486,0.29867053,True
drone_0190_200_0029,0190,200,sat_0190,1,1.0,sat_0190,0190,0.85412437,sat_0192,0.5505079,0.30361646,True
drone_0190_200_0030,0190,200,sat_0190,1,1.0,sat_0190,0190,0.8776694,sat_0108,0.6180657,0.25960368,True
drone_0190_200_0031,0190,200,sat_0190,1,1.0,sat_0190,0190,0.86066395,sat_0108,0.5383154,0.32234854,True
drone_0190_200_0032,0190,200,sat_0190,1,1.0,sat_0190,0190,0.8282472,sat_0108,0.46477124,0.36347595,True
drone_0190_200_0033,0190,200,sat_0190,1,1.0,sat_0190,0190,0.79335845,sat_0198,0.44446862,0.34888983,True
drone_0190_200_0034,0190,200,sat_0190,1,1.0,sat_0190,0190,0.76972616,sat_0198,0.4729656,0.29676056,True
drone_0190_200_0035,0190,200,sat_0190,1,1.0,sat_0190,0190,0.79983914,sat_0198,0.44968182,0.35015732,True
drone_0190_200_0036,0190,200,sat_0190,1,1.0,sat_0190,0190,0.87431943,sat_0192,0.5286699,0.34564954,True
drone_0190_200_0037,0190,200,sat_0190,1,1.0,sat_0190,0190,0.9167339,sat_0192,0.55039346,0.36634046,True
drone_0190_200_0038,0190,200,sat_0190,1,1.0,sat_0190,0190,0.8660333,sat_0192,0.5072331,0.35880023,True
drone_0190_200_0039,0190,200,sat_0190,1,1.0,sat_0190,0190,0.8932751,sat_0192,0.55187464,0.34140044,True
drone_0190_200_0040,0190,200,sat_0190,1,1.0,sat_0190,0190,0.91006577,sat_0192,0.5592492,0.35081655,True
drone_0190_200_0041,0190,200,sat_0190,1,1.0,sat_0190,0190,0.90061647,sat_0108,0.5426274,0.35798907,True
drone_0190_200_0042,0190,200,sat_0190,1,1.0,sat_0190,0190,0.9162911,sat_0108,0.5707736,0.34551752,True
drone_0190_200_0043,0190,200,sat_0190,1,1.0,sat_0190,0190,0.9074047,sat_0108,0.5576837,0.349721,True
drone_0190_200_0044,0190,200,sat_0190,1,1.0,sat_0190,0190,0.93367195,sat_0192,0.6131181,0.32055384,True
drone_0190_200_0045,0190,200,sat_0190,1,1.0,sat_0190,0190,0.91189325,sat_0192,0.57717746,0.33471578,True
drone_0190_200_0046,0190,200,sat_0190,1,1.0,sat_0190,0190,0.90832657,sat_0192,0.55336857,0.354958,True
drone_0190_200_0047,0190,200,sat_0190,1,1.0,sat_0190,0190,0.93019634,sat_0192,0.5682966,0.36189973,True
drone_0190_200_0048,0190,200,sat_0190,1,1.0,sat_0190,0190,0.9205975,sat_0192,0.5651038,0.35549366,True
drone_0190_200_0049,0190,200,sat_0190,1,1.0,sat_0190,0190,0.92890155,sat_0192,0.5728178,0.35608375,True
drone_0192_200_0000,0192,200,sat_0192,1,1.0,sat_0192,0192,0.96323335,sat_0190,0.6555221,0.30771124,True
drone_0192_200_0001,0192,200,sat_0192,1,1.0,sat_0192,0192,0.9585768,sat_0190,0.66090447,0.29767233,True
drone_0192_200_0002,0192,200,sat_0192,1,1.0,sat_0192,0192,0.9647645,sat_0190,0.6520668,0.31269765,True
drone_0192_200_0003,0192,200,sat_0192,1,1.0,sat_0192,0192,0.9590825,sat_0190,0.65879774,0.30028474,True
drone_0192_200_0004,0192,200,sat_0192,1,1.0,sat_0192,0192,0.9571742,sat_0190,0.6623963,0.29477787,True
drone_0192_200_0005,0192,200,sat_0192,1,1.0,sat_0192,0192,0.94981486,sat_0190,0.6495928,0.30022204,True
drone_0192_200_0006,0192,200,sat_0192,1,1.0,sat_0192,0192,0.95932543,sat_0190,0.63580954,0.3235159,True
drone_0192_200_0007,0192,200,sat_0192,1,1.0,sat_0192,0192,0.96090114,sat_0190,0.62979543,0.3311057,True
drone_0192_200_0008,0192,200,sat_0192,1,1.0,sat_0192,0192,0.95856535,sat_0190,0.624768,0.33379734,True
drone_0192_200_0009,0192,200,sat_0192,1,1.0,sat_0192,0192,0.9609744,sat_0190,0.5941385,0.3668359,True
drone_0192_200_0010,0192,200,sat_0192,1,1.0,sat_0192,0192,0.95456254,sat_0190,0.57728577,0.37727678,True
drone_0192_200_0011,0192,200,sat_0192,1,1.0,sat_0192,0192,0.9545741,sat_0190,0.59965265,0.35492146,True
drone_0192_200_0012,0192,200,sat_0192,1,1.0,sat_0192,0192,0.9480155,sat_0190,0.58459663,0.36341888,True
drone_0192_200_0013,0192,200,sat_0192,1,1.0,sat_0192,0192,0.93240356,sat_0190,0.5939077,0.33849585,True
drone_0192_200_0014,0192,200,sat_0192,1,1.0,sat_0192,0192,0.9256447,sat_0190,0.5803542,0.34529048,True
drone_0192_200_0015,0192,200,sat_0192,1,1.0,sat_0192,0192,0.91138,sat_0190,0.58379376,0.32758623,True
drone_0192_200_0016,0192,200,sat_0192,1,1.0,sat_0192,0192,0.8998054,sat_0190,0.5991725,0.30063295,True
drone_0192_200_0017,0192,200,sat_0192,1,1.0,sat_0192,0192,0.8687413,sat_0190,0.5952438,0.27349746,True
drone_0192_200_0018,0192,200,sat_0192,1,1.0,sat_0192,0192,0.8633959,sat_0190,0.60214937,0.26124656,True
drone_0192_200_0019,0192,200,sat_0192,1,1.0,sat_0192,0192,0.8699931,sat_0190,0.5790428,0.2909503,True
drone_0192_200_0020,0192,200,sat_0192,1,1.0,sat_0192,0192,0.9060509,sat_0190,0.63076454,0.27528638,True
drone_0192_200_0021,0192,200,sat_0192,1,1.0,sat_0192,0192,0.9234668,sat_0190,0.56725824,0.35620856,True
drone_0192_200_0022,0192,200,sat_0192,1,1.0,sat_0192,0192,0.9330596,sat_0190,0.6214272,0.3116324,True
drone_0192_200_0023,0192,200,sat_0192,1,1.0,sat_0192,0192,0.9151263,sat_0190,0.6695491,0.24557722,True
drone_0192_200_0024,0192,200,sat_0192,1,1.0,sat_0192,0192,0.88801396,sat_0190,0.68372345,0.20429051,True
drone_0192_200_0025,0192,200,sat_0192,1,1.0,sat_0192,0192,0.8408281,sat_0190,0.68960553,0.15122259,True
drone_0192_200_0026,0192,200,sat_0192,1,1.0,sat_0192,0192,0.830013,sat_0190,0.6508622,0.17915076,True
drone_0192_200_0027,0192,200,sat_0192,1,1.0,sat_0192,0192,0.827685,sat_0190,0.6536462,0.17403883,True
drone_0192_200_0028,0192,200,sat_0192,1,1.0,sat_0192,0192,0.8573006,sat_0190,0.6991607,0.15813988,True
drone_0192_200_0029,0192,200,sat_0192,1,1.0,sat_0192,0192,0.8726311,sat_0190,0.7030314,0.16959965,True
drone_0192_200_0030,0192,200,sat_0192,1,1.0,sat_0192,0192,0.8992782,sat_0190,0.6792163,0.2200619,True
drone_0192_200_0031,0192,200,sat_0192,1,1.0,sat_0192,0192,0.90524745,sat_0190,0.67183036,0.2334171,True
drone_0192_200_0032,0192,200,sat_0192,1,1.0,sat_0192,0192,0.9142232,sat_0190,0.6667911,0.24743211,True
drone_0192_200_0033,0192,200,sat_0192,1,1.0,sat_0192,0192,0.91260713,sat_0190,0.6876298,0.22497731,True
drone_0192_200_0034,0192,200,sat_0192,1,1.0,sat_0192,0192,0.88368225,sat_0190,0.6973402,0.18634206,True
drone_0192_200_0035,0192,200,sat_0192,1,1.0,sat_0192,0192,0.8877953,sat_0190,0.7048043,0.18299103,True
drone_0192_200_0036,0192,200,sat_0192,1,1.0,sat_0192,0192,0.9166324,sat_0190,0.6988558,0.2177766,True
drone_0192_200_0037,0192,200,sat_0192,1,1.0,sat_0192,0192,0.8753932,sat_0190,0.66327465,0.21211857,True
drone_0192_200_0038,0192,200,sat_0192,1,1.0,sat_0192,0192,0.8718204,sat_0190,0.6421515,0.22966892,True
drone_0192_200_0039,0192,200,sat_0192,1,1.0,sat_0192,0192,0.93446827,sat_0190,0.69109476,0.24337351,True
drone_0192_200_0040,0192,200,sat_0192,1,1.0,sat_0192,0192,0.937149,sat_0190,0.65956867,0.27758032,True
drone_0192_200_0041,0192,200,sat_0192,1,1.0,sat_0192,0192,0.93807125,sat_0190,0.6442661,0.29380512,True
drone_0192_200_0042,0192,200,sat_0192,1,1.0,sat_0192,0192,0.94472456,sat_0190,0.63900286,0.3057217,True
drone_0192_200_0043,0192,200,sat_0192,1,1.0,sat_0192,0192,0.9572587,sat_0190,0.61859655,0.33866215,True
drone_0192_200_0044,0192,200,sat_0192,1,1.0,sat_0192,0192,0.9586467,sat_0190,0.6318386,0.3268081,True
drone_0192_200_0045,0192,200,sat_0192,1,1.0,sat_0192,0192,0.9544953,sat_0190,0.6238367,0.3306586,True
drone_0192_200_0046,0192,200,sat_0192,1,1.0,sat_0192,0192,0.94237536,sat_0190,0.6518582,0.29051715,True
drone_0192_200_0047,0192,200,sat_0192,1,1.0,sat_0192,0192,0.9469895,sat_0190,0.6411097,0.30587977,True
drone_0192_200_0048,0192,200,sat_0192,1,1.0,sat_0192,0192,0.9447616,sat_0190,0.62832147,0.3164401,True
drone_0192_200_0049,0192,200,sat_0192,1,1.0,sat_0192,0192,0.9448137,sat_0190,0.60618585,0.33862787,True
drone_0198_200_0000,0198,200,sat_0198,1,1.0,sat_0198,0198,0.9337574,sat_0144,0.38939205,0.5443654,True
drone_0198_200_0001,0198,200,sat_0198,1,1.0,sat_0198,0198,0.9389403,sat_0144,0.39527804,0.54366225,True
drone_0198_200_0002,0198,200,sat_0198,1,1.0,sat_0198,0198,0.9412768,sat_0144,0.380924,0.5603528,True
drone_0198_200_0003,0198,200,sat_0198,1,1.0,sat_0198,0198,0.94614476,sat_0144,0.3489517,0.59719306,True
drone_0198_200_0004,0198,200,sat_0198,1,1.0,sat_0198,0198,0.94848365,sat_0144,0.32644087,0.6220428,True
drone_0198_200_0005,0198,200,sat_0198,1,1.0,sat_0198,0198,0.9430185,sat_0008,0.3481959,0.5948226,True
drone_0198_200_0006,0198,200,sat_0198,1,1.0,sat_0198,0198,0.92996883,sat_0182,0.32419834,0.60577047,True
drone_0198_200_0007,0198,200,sat_0198,1,1.0,sat_0198,0198,0.9311744,sat_0182,0.32424253,0.60693187,True
drone_0198_200_0008,0198,200,sat_0198,1,1.0,sat_0198,0198,0.9320765,sat_0182,0.3262205,0.605856,True
drone_0198_200_0009,0198,200,sat_0198,1,1.0,sat_0198,0198,0.9395601,sat_0041,0.34384358,0.59571654,True
drone_0198_200_0010,0198,200,sat_0198,1,1.0,sat_0198,0198,0.94714326,sat_0041,0.36284807,0.58429515,True
drone_0198_200_0011,0198,200,sat_0198,1,1.0,sat_0198,0198,0.9494664,sat_0144,0.3800466,0.5694198,True
drone_0198_200_0012,0198,200,sat_0198,1,1.0,sat_0198,0198,0.9490045,sat_0144,0.37845325,0.5705512,True
drone_0198_200_0013,0198,200,sat_0198,1,1.0,sat_0198,0198,0.94351155,sat_0144,0.43559673,0.5079148,True
drone_0198_200_0014,0198,200,sat_0198,1,1.0,sat_0198,0198,0.9347579,sat_0144,0.47110814,0.46364975,True
drone_0198_200_0015,0198,200,sat_0198,1,1.0,sat_0198,0198,0.93086743,sat_0144,0.5246184,0.40624905,True
drone_0198_200_0016,0198,200,sat_0198,1,1.0,sat_0198,0198,0.93483365,sat_0144,0.50305206,0.4317816,True
drone_0198_200_0017,0198,200,sat_0198,1,1.0,sat_0198,0198,0.93030864,sat_0144,0.4998261,0.43048254,True
drone_0198_200_0018,0198,200,sat_0198,1,1.0,sat_0198,0198,0.9206647,sat_0144,0.44429412,0.4763706,True
drone_0198_200_0019,0198,200,sat_0198,1,1.0,sat_0198,0198,0.89955306,sat_0144,0.45340097,0.4461521,True
drone_0198_200_0020,0198,200,sat_0198,1,1.0,sat_0198,0198,0.9182546,sat_0144,0.41637734,0.5018773,True
drone_0198_200_0021,0198,200,sat_0198,1,1.0,sat_0198,0198,0.9067941,sat_0144,0.459989,0.44680506,True
drone_0198_200_0022,0198,200,sat_0198,1,1.0,sat_0198,0198,0.896501,sat_0144,0.47347414,0.42302686,True
drone_0198_200_0023,0198,200,sat_0198,1,1.0,sat_0198,0198,0.89904964,sat_0144,0.40552068,0.49352896,True
drone_0198_200_0024,0198,200,sat_0198,1,1.0,sat_0198,0198,0.8638861,sat_0144,0.40191218,0.46197394,True
drone_0198_200_0025,0198,200,sat_0198,1,1.0,sat_0198,0198,0.8544653,sat_0144,0.4016876,0.4527777,True
drone_0198_200_0026,0198,200,sat_0198,1,1.0,sat_0198,0198,0.8645457,sat_0144,0.3886423,0.4759034,True
drone_0198_200_0027,0198,200,sat_0198,1,1.0,sat_0198,0198,0.83837885,sat_0144,0.3930142,0.44536465,True
drone_0198_200_0028,0198,200,sat_0198,1,1.0,sat_0198,0198,0.8797603,sat_0144,0.42301062,0.4567497,True
drone_0198_200_0029,0198,200,sat_0198,1,1.0,sat_0198,0198,0.906902,sat_0144,0.49165234,0.41524968,True
drone_0198_200_0030,0198,200,sat_0198,1,1.0,sat_0198,0198,0.90986484,sat_0144,0.4945274,0.41533744,True
drone_0198_200_0031,0198,200,sat_0198,1,1.0,sat_0198,0198,0.92289734,sat_0144,0.4316763,0.49122104,True
drone_0198_200_0032,0198,200,sat_0198,1,1.0,sat_0198,0198,0.92294997,sat_0144,0.4170828,0.5058672,True
drone_0198_200_0033,0198,200,sat_0198,1,1.0,sat_0198,0198,0.9289533,sat_0144,0.44478607,0.48416722,True
drone_0198_200_0034,0198,200,sat_0198,1,1.0,sat_0198,0198,0.9116315,sat_0144,0.49830598,0.41332555,True
drone_0198_200_0035,0198,200,sat_0198,1,1.0,sat_0198,0198,0.90683067,sat_0144,0.5118036,0.39502704,True
drone_0198_200_0036,0198,200,sat_0198,1,1.0,sat_0198,0198,0.91160744,sat_0144,0.48346606,0.4281414,True
drone_0198_200_0037,0198,200,sat_0198,1,1.0,sat_0198,0198,0.8820816,sat_0144,0.4989149,0.38316673,True
drone_0198_200_0038,0198,200,sat_0198,1,1.0,sat_0198,0198,0.8753424,sat_0008,0.4617933,0.41354913,True
drone_0198_200_0039,0198,200,sat_0198,1,1.0,sat_0198,0198,0.92013574,sat_0144,0.37655863,0.5435771,True
drone_0198_200_0040,0198,200,sat_0198,1,1.0,sat_0198,0198,0.92853403,sat_0144,0.3672405,0.56129354,True
drone_0198_200_0041,0198,200,sat_0198,1,1.0,sat_0198,0198,0.92805886,sat_0144,0.38464007,0.54341877,True
drone_0198_200_0042,0198,200,sat_0198,1,1.0,sat_0198,0198,0.93659276,sat_0144,0.44197136,0.4946214,True
drone_0198_200_0043,0198,200,sat_0198,1,1.0,sat_0198,0198,0.93723595,sat_0144,0.4279093,0.50932664,True
drone_0198_200_0044,0198,200,sat_0198,1,1.0,sat_0198,0198,0.934431,sat_0144,0.4206396,0.51379144,True
drone_0198_200_0045,0198,200,sat_0198,1,1.0,sat_0198,0198,0.9296676,sat_0144,0.4206709,0.5089967,True
drone_0198_200_0046,0198,200,sat_0198,1,1.0,sat_0198,0198,0.9368196,sat_0144,0.4362283,0.5005913,True
drone_0198_200_0047,0198,200,sat_0198,1,1.0,sat_0198,0198,0.948671,sat_0144,0.42238826,0.5262827,True
drone_0198_200_0048,0198,200,sat_0198,1,1.0,sat_0198,0198,0.95234275,sat_0144,0.4134592,0.53888357,True
drone_0198_200_0049,0198,200,sat_0198,1,1.0,sat_0198,0198,0.9465472,sat_0144,0.3503453,0.5962019,True
drone_0002_250_0000,0002,250,sat_0002,1,1.0,sat_0002,0002,0.85031974,sat_0140,0.58911943,0.2612003,True
drone_0002_250_0001,0002,250,sat_0002,1,1.0,sat_0002,0002,0.8450858,sat_0140,0.64606214,0.19902366,True
drone_0002_250_0002,0002,250,sat_0002,1,1.0,sat_0002,0002,0.79997885,sat_0140,0.6701453,0.12983358,True
drone_0002_250_0003,0002,250,sat_0002,1,1.0,sat_0002,0002,0.7999871,sat_0140,0.6088541,0.19113296,True
drone_0002_250_0004,0002,250,sat_0002,1,1.0,sat_0002,0002,0.85500985,sat_0140,0.5495804,0.30542946,True
drone_0002_250_0005,0002,250,sat_0002,1,1.0,sat_0002,0002,0.85382223,sat_0140,0.53407425,0.31974798,True
drone_0002_250_0006,0002,250,sat_0002,1,1.0,sat_0002,0002,0.8480184,sat_0140,0.60184574,0.24617267,True
drone_0002_250_0007,0002,250,sat_0002,1,1.0,sat_0002,0002,0.8526726,sat_0140,0.6116997,0.24097288,True
drone_0002_250_0008,0002,250,sat_0002,1,1.0,sat_0002,0002,0.81999767,sat_0140,0.6023239,0.21767378,True
drone_0002_250_0009,0002,250,sat_0002,1,1.0,sat_0002,0002,0.83843845,sat_0140,0.558385,0.28005344,True
drone_0002_250_0010,0002,250,sat_0002,1,1.0,sat_0002,0002,0.8633084,sat_0140,0.6001235,0.2631849,True
drone_0002_250_0011,0002,250,sat_0002,1,1.0,sat_0002,0002,0.86626196,sat_0140,0.63115746,0.2351045,True
drone_0002_250_0012,0002,250,sat_0002,1,1.0,sat_0002,0002,0.8851954,sat_0140,0.5719206,0.3132748,True
drone_0002_250_0013,0002,250,sat_0002,1,1.0,sat_0002,0002,0.8468809,sat_0140,0.57994485,0.26693606,True
drone_0002_250_0014,0002,250,sat_0002,1,1.0,sat_0002,0002,0.8662377,sat_0140,0.5792435,0.28699422,True
drone_0002_250_0015,0002,250,sat_0002,1,1.0,sat_0002,0002,0.86343205,sat_0140,0.5960205,0.26741153,True
drone_0002_250_0016,0002,250,sat_0002,1,1.0,sat_0002,0002,0.8819463,sat_0140,0.599913,0.28203332,True
drone_0002_250_0017,0002,250,sat_0002,1,1.0,sat_0002,0002,0.8863842,sat_0140,0.6397578,0.24662638,True
drone_0002_250_0018,0002,250,sat_0002,1,1.0,sat_0002,0002,0.90305287,sat_0140,0.6217677,0.28128517,True
drone_0002_250_0019,0002,250,sat_0002,1,1.0,sat_0002,0002,0.8911843,sat_0140,0.59856206,0.2926222,True
drone_0002_250_0020,0002,250,sat_0002,1,1.0,sat_0002,0002,0.8715684,sat_0140,0.67577666,0.19579172,True
drone_0002_250_0021,0002,250,sat_0002,1,1.0,sat_0002,0002,0.84612423,sat_0140,0.66489947,0.18122476,True
drone_0002_250_0022,0002,250,sat_0002,1,1.0,sat_0002,0002,0.8267933,sat_0140,0.65656495,0.17022836,True
drone_0002_250_0023,0002,250,sat_0002,1,1.0,sat_0002,0002,0.76320124,sat_0140,0.7307001,0.03250116,True
drone_0002_250_0024,0002,250,sat_0002,1,1.0,sat_0002,0002,0.73776406,sat_0140,0.70773053,0.030033529,True
drone_0002_250_0025,0002,250,sat_0002,1,1.0,sat_0002,0002,0.78584194,sat_0140,0.6798264,0.10601556,True
drone_0002_250_0026,0002,250,sat_0002,1,1.0,sat_0002,0002,0.76173687,sat_0140,0.65712994,0.10460693,True
drone_0002_250_0027,0002,250,sat_0002,1,1.0,sat_0002,0002,0.7549827,sat_0140,0.63381106,0.12117165,True
drone_0002_250_0028,0002,250,sat_0002,1,1.0,sat_0002,0002,0.76951724,sat_0140,0.63276166,0.13675559,True
drone_0002_250_0029,0002,250,sat_0002,1,1.0,sat_0002,0002,0.78218096,sat_0140,0.6402074,0.14197356,True
drone_0002_250_0030,0002,250,sat_0002,1,1.0,sat_0002,0002,0.73427397,sat_0140,0.6799504,0.054323554,True
drone_0002_250_0031,0002,250,sat_0002,1,1.0,sat_0002,0002,0.7265904,sat_0140,0.6078892,0.11870122,True
drone_0002_250_0032,0002,250,sat_0002,1,1.0,sat_0002,0002,0.72961044,sat_0140,0.69460666,0.03500378,True
drone_0002_250_0033,0002,250,sat_0002,1,1.0,sat_0002,0002,0.73069465,sat_0140,0.70347863,0.027216017,True
drone_0002_250_0034,0002,250,sat_0002,1,1.0,sat_0002,0002,0.6907714,sat_0140,0.6649048,0.025866628,True
drone_0002_250_0035,0002,250,sat_0002,1,1.0,sat_0002,0002,0.73127985,sat_0140,0.65456736,0.07671249,True
drone_0002_250_0036,0002,250,sat_0002,1,1.0,sat_0002,0002,0.690013,sat_0027,0.63800794,0.052005053,True
drone_0002_250_0037,0002,250,sat_0002,1,1.0,sat_0002,0002,0.7696729,sat_0140,0.6455243,0.12414855,True
drone_0002_250_0038,0002,250,sat_0002,1,1.0,sat_0002,0002,0.84821033,sat_0140,0.65456724,0.1936431,True
drone_0002_250_0039,0002,250,sat_0002,1,1.0,sat_0002,0002,0.83141214,sat_0140,0.6437752,0.18763691,True
drone_0002_250_0040,0002,250,sat_0002,1,1.0,sat_0002,0002,0.8993629,sat_0140,0.57770073,0.3216622,True
drone_0002_250_0041,0002,250,sat_0002,1,1.0,sat_0002,0002,0.87209785,sat_0140,0.6082172,0.26388067,True
drone_0002_250_0042,0002,250,sat_0002,1,1.0,sat_0002,0002,0.8957403,sat_0140,0.5998216,0.29591864,True
drone_0002_250_0043,0002,250,sat_0002,1,1.0,sat_0002,0002,0.86486655,sat_0140,0.5637034,0.30116314,True
drone_0002_250_0044,0002,250,sat_0002,1,1.0,sat_0002,0002,0.75402445,sat_0164,0.5563887,0.19763577,True
drone_0002_250_0045,0002,250,sat_0002,1,1.0,sat_0002,0002,0.82831025,sat_0140,0.4958007,0.33250955,True
drone_0002_250_0046,0002,250,sat_0002,1,1.0,sat_0002,0002,0.8916373,sat_0140,0.54432166,0.34731567,True
drone_0002_250_0047,0002,250,sat_0002,1,1.0,sat_0002,0002,0.894148,sat_0140,0.537859,0.35628897,True
drone_0002_250_0048,0002,250,sat_0002,1,1.0,sat_0002,0002,0.8641825,sat_0140,0.5551411,0.30904138,True
drone_0002_250_0049,0002,250,sat_0002,1,1.0,sat_0002,0002,0.81225485,sat_0140,0.6510345,0.16122037,True
drone_0007_250_0000,0007,250,sat_0007,4,0.25,sat_0008,0008,0.6881402,sat_0058,0.6692065,0.018933713,False
drone_0007_250_0001,0007,250,sat_0007,3,0.3333333333333333,sat_0058,0058,0.68999505,sat_0071,0.68999505,0.0,False
drone_0007_250_0002,0007,250,sat_0007,4,0.25,sat_0008,0008,0.6764732,sat_0058,0.67644465,2.8550625e-05,False
drone_0007_250_0003,0007,250,sat_0007,4,0.25,sat_0008,0008,0.67912006,sat_0058,0.6686555,0.010464549,False
drone_0007_250_0004,0007,250,sat_0007,4,0.25,sat_0058,0058,0.6862322,sat_0071,0.6862322,0.0,False
drone_0007_250_0005,0007,250,sat_0007,4,0.25,sat_0008,0008,0.6719043,sat_0058,0.6459348,0.025969505,False
drone_0007_250_0006,0007,250,sat_0007,2,0.5,sat_0008,0008,0.69460803,sat_0007,0.66504157,0.029566467,False
drone_0007_250_0007,0007,250,sat_0007,1,1.0,sat_0007,0007,0.6910868,sat_0008,0.67247343,0.018613398,True
drone_0007_250_0008,0007,250,sat_0007,1,1.0,sat_0007,0007,0.64447314,sat_0008,0.628652,0.015821159,True
drone_0007_250_0009,0007,250,sat_0007,1,1.0,sat_0007,0007,0.682117,sat_0008,0.65233237,0.02978462,True
drone_0007_250_0010,0007,250,sat_0007,1,1.0,sat_0007,0007,0.7158409,sat_0008,0.6207748,0.09506607,True
drone_0007_250_0011,0007,250,sat_0007,1,1.0,sat_0007,0007,0.7311518,sat_0008,0.6059815,0.12517029,True
drone_0007_250_0012,0007,250,sat_0007,1,1.0,sat_0007,0007,0.7007071,sat_0058,0.6163416,0.08436549,True
drone_0007_250_0013,0007,250,sat_0007,1,1.0,sat_0007,0007,0.6692126,sat_0008,0.6530129,0.016199708,True
drone_0007_250_0014,0007,250,sat_0007,3,0.3333333333333333,sat_0058,0058,0.7061581,sat_0071,0.7061581,0.0,False
drone_0007_250_0015,0007,250,sat_0007,3,0.3333333333333333,sat_0058,0058,0.6894335,sat_0071,0.6894335,0.0,False
drone_0007_250_0016,0007,250,sat_0007,1,1.0,sat_0007,0007,0.6668611,sat_0058,0.6648395,0.0020216107,True
drone_0007_250_0017,0007,250,sat_0007,1,1.0,sat_0007,0007,0.69662845,sat_0058,0.6926724,0.0039560795,True
drone_0007_250_0018,0007,250,sat_0007,3,0.3333333333333333,sat_0058,0058,0.7127839,sat_0071,0.7127839,0.0,False
drone_0007_250_0019,0007,250,sat_0007,1,1.0,sat_0007,0007,0.69809824,sat_0058,0.67599994,0.022098303,True
drone_0007_250_0020,0007,250,sat_0007,3,0.3333333333333333,sat_0058,0058,0.66921043,sat_0071,0.66921043,0.0,False
drone_0007_250_0021,0007,250,sat_0007,4,0.25,sat_0008,0008,0.6833856,sat_0058,0.6717032,0.011682391,False
drone_0007_250_0022,0007,250,sat_0007,2,0.5,sat_0008,0008,0.6879364,sat_0007,0.6722243,0.015712142,False
drone_0007_250_0023,0007,250,sat_0007,1,1.0,sat_0007,0007,0.67429894,sat_0036,0.6479269,0.026372015,True
drone_0007_250_0024,0007,250,sat_0007,2,0.5,sat_0008,0008,0.65285933,sat_0007,0.63776207,0.0150972605,False
drone_0007_250_0025,0007,250,sat_0007,4,0.25,sat_0008,0008,0.7205238,sat_0058,0.71072185,0.009801924,False
drone_0007_250_0026,0007,250,sat_0007,5,0.2,sat_0008,0008,0.6868932,sat_0058,0.671795,0.015098214,False
drone_0007_250_0027,0007,250,sat_0007,5,0.2,sat_0008,0008,0.70082384,sat_0058,0.66993177,0.030892074,False
drone_0007_250_0028,0007,250,sat_0007,5,0.2,sat_0008,0008,0.7611022,sat_0058,0.7111862,0.04991603,False
drone_0007_250_0029,0007,250,sat_0007,5,0.2,sat_0008,0008,0.7542343,sat_0058,0.72960186,0.024632454,False
drone_0007_250_0030,0007,250,sat_0007,5,0.2,sat_0008,0008,0.7480485,sat_0058,0.6856941,0.062354386,False
drone_0007_250_0031,0007,250,sat_0007,4,0.25,sat_0008,0008,0.723877,sat_0058,0.6471565,0.076720536,False
drone_0007_250_0032,0007,250,sat_0007,2,0.5,sat_0008,0008,0.6551246,sat_0007,0.60330844,0.051816165,False
drone_0007_250_0033,0007,250,sat_0007,4,0.25,sat_0008,0008,0.6838605,sat_0058,0.593519,0.09034151,False
drone_0007_250_0034,0007,250,sat_0007,4,0.25,sat_0008,0008,0.7413681,sat_0058,0.70277536,0.038592756,False
drone_0007_250_0035,0007,250,sat_0007,4,0.25,sat_0008,0008,0.69935024,sat_0058,0.69405794,0.0052922964,False
drone_0007_250_0036,0007,250,sat_0007,1,1.0,sat_0007,0007,0.6701399,sat_0008,0.66756254,0.0025773644,True
drone_0007_250_0037,0007,250,sat_0007,1,1.0,sat_0007,0007,0.6581263,sat_0008,0.65565264,0.0024736524,True
drone_0007_250_0038,0007,250,sat_0007,3,0.3333333333333333,sat_0058,0058,0.6476964,sat_0071,0.6476964,0.0,False
drone_0007_250_0039,0007,250,sat_0007,4,0.25,sat_0058,0058,0.6818626,sat_0071,0.6818626,0.0,False
drone_0007_250_0040,0007,250,sat_0007,4,0.25,sat_0008,0008,0.65903884,sat_0058,0.64232033,0.016718507,False
drone_0007_250_0041,0007,250,sat_0007,4,0.25,sat_0008,0008,0.6715487,sat_0058,0.630248,0.041300714,False
drone_0007_250_0042,0007,250,sat_0007,4,0.25,sat_0008,0008,0.6953578,sat_0058,0.66239256,0.032965243,False
drone_0007_250_0043,0007,250,sat_0007,4,0.25,sat_0058,0058,0.68657523,sat_0071,0.68657523,0.0,False
drone_0007_250_0044,0007,250,sat_0007,4,0.25,sat_0058,0058,0.7183954,sat_0071,0.7183954,0.0,False
drone_0007_250_0045,0007,250,sat_0007,4,0.25,sat_0058,0058,0.75271404,sat_0071,0.75271404,0.0,False
drone_0007_250_0046,0007,250,sat_0007,4,0.25,sat_0058,0058,0.76107216,sat_0071,0.76107216,0.0,False
drone_0007_250_0047,0007,250,sat_0007,4,0.25,sat_0058,0058,0.74100053,sat_0071,0.74100053,0.0,False
drone_0007_250_0048,0007,250,sat_0007,3,0.3333333333333333,sat_0058,0058,0.7104279,sat_0071,0.7104279,0.0,False
drone_0007_250_0049,0007,250,sat_0007,4,0.25,sat_0058,0058,0.70403945,sat_0071,0.70403945,0.0,False
drone_0008_250_0000,0008,250,sat_0008,1,1.0,sat_0008,0008,0.88548726,sat_0058,0.5449835,0.34050375,True
drone_0008_250_0001,0008,250,sat_0008,1,1.0,sat_0008,0008,0.8854974,sat_0058,0.54331696,0.34218043,True
drone_0008_250_0002,0008,250,sat_0008,1,1.0,sat_0008,0008,0.8500987,sat_0058,0.5280014,0.3220973,True
drone_0008_250_0003,0008,250,sat_0008,1,1.0,sat_0008,0008,0.85335857,sat_0198,0.50427645,0.3490821,True
drone_0008_250_0004,0008,250,sat_0008,1,1.0,sat_0008,0008,0.7919546,sat_0198,0.6463132,0.14564139,True
drone_0008_250_0005,0008,250,sat_0008,1,1.0,sat_0008,0008,0.7600514,sat_0198,0.679602,0.0804494,True
drone_0008_250_0006,0008,250,sat_0008,1,1.0,sat_0008,0008,0.80333877,sat_0198,0.66964555,0.13369322,True
drone_0008_250_0007,0008,250,sat_0008,1,1.0,sat_0008,0008,0.8008253,sat_0198,0.6751126,0.1257127,True
drone_0008_250_0008,0008,250,sat_0008,1,1.0,sat_0008,0008,0.821388,sat_0198,0.62919796,0.19219005,True
drone_0008_250_0009,0008,250,sat_0008,1,1.0,sat_0008,0008,0.82744074,sat_0198,0.5735899,0.25385082,True
drone_0008_250_0010,0008,250,sat_0008,1,1.0,sat_0008,0008,0.831073,sat_0198,0.50753313,0.32353985,True
drone_0008_250_0011,0008,250,sat_0008,1,1.0,sat_0008,0008,0.83779883,sat_0198,0.44047433,0.3973245,True
drone_0008_250_0012,0008,250,sat_0008,1,1.0,sat_0008,0008,0.8734452,sat_0058,0.4936741,0.3797711,True
drone_0008_250_0013,0008,250,sat_0008,1,1.0,sat_0008,0008,0.90575844,sat_0058,0.46027887,0.44547957,True
drone_0008_250_0014,0008,250,sat_0008,1,1.0,sat_0008,0008,0.9006533,sat_0058,0.47017467,0.43047863,True
drone_0008_250_0015,0008,250,sat_0008,1,1.0,sat_0008,0008,0.9053444,sat_0058,0.4564222,0.44892222,True
drone_0008_250_0016,0008,250,sat_0008,1,1.0,sat_0008,0008,0.8848647,sat_0058,0.4412119,0.44365278,True
drone_0008_250_0017,0008,250,sat_0008,1,1.0,sat_0008,0008,0.90803516,sat_0058,0.45372987,0.4543053,True
drone_0008_250_0018,0008,250,sat_0008,1,1.0,sat_0008,0008,0.8989884,sat_0058,0.53176105,0.36722738,True
drone_0008_250_0019,0008,250,sat_0008,1,1.0,sat_0008,0008,0.8852504,sat_0058,0.5325848,0.3526656,True
drone_0008_250_0020,0008,250,sat_0008,1,1.0,sat_0008,0008,0.89274037,sat_0058,0.55767274,0.33506763,True
drone_0008_250_0021,0008,250,sat_0008,1,1.0,sat_0008,0008,0.8376343,sat_0198,0.5946389,0.24299544,True
drone_0008_250_0022,0008,250,sat_0008,1,1.0,sat_0008,0008,0.88679194,sat_0058,0.52862453,0.3581674,True
drone_0008_250_0023,0008,250,sat_0008,1,1.0,sat_0008,0008,0.89525247,sat_0058,0.52338547,0.371867,True
drone_0008_250_0024,0008,250,sat_0008,1,1.0,sat_0008,0008,0.8609753,sat_0058,0.54418695,0.31678838,True
drone_0008_250_0025,0008,250,sat_0008,1,1.0,sat_0008,0008,0.8680825,sat_0058,0.5295645,0.33851802,True
drone_0008_250_0026,0008,250,sat_0008,1,1.0,sat_0008,0008,0.8554145,sat_0058,0.5252641,0.33015043,True
drone_0008_250_0027,0008,250,sat_0008,1,1.0,sat_0008,0008,0.8345445,sat_0058,0.5689359,0.2656086,True
drone_0008_250_0028,0008,250,sat_0008,1,1.0,sat_0008,0008,0.88019615,sat_0058,0.60636735,0.2738288,True
drone_0008_250_0029,0008,250,sat_0008,1,1.0,sat_0008,0008,0.8673765,sat_0058,0.61665976,0.25071675,True
drone_0008_250_0030,0008,250,sat_0008,1,1.0,sat_0008,0008,0.8599203,sat_0058,0.66395485,0.19596547,True
drone_0008_250_0031,0008,250,sat_0008,1,1.0,sat_0008,0008,0.88317776,sat_0058,0.65015364,0.23302412,True
drone_0008_250_0032,0008,250,sat_0008,1,1.0,sat_0008,0008,0.8792891,sat_0058,0.5940367,0.2852524,True
drone_0008_250_0033,0008,250,sat_0008,1,1.0,sat_0008,0008,0.899137,sat_0058,0.5050989,0.39403814,True
drone_0008_250_0034,0008,250,sat_0008,1,1.0,sat_0008,0008,0.8906265,sat_0058,0.5338527,0.3567738,True
drone_0008_250_0035,0008,250,sat_0008,1,1.0,sat_0008,0008,0.9080704,sat_0058,0.5619629,0.34610748,True
drone_0008_250_0036,0008,250,sat_0008,1,1.0,sat_0008,0008,0.8679366,sat_0058,0.67668915,0.19124746,True
drone_0008_250_0037,0008,250,sat_0008,1,1.0,sat_0008,0008,0.8102028,sat_0058,0.73507047,0.07513231,True
drone_0008_250_0038,0008,250,sat_0008,1,1.0,sat_0008,0008,0.7706651,sat_0058,0.6793772,0.09128791,True
drone_0008_250_0039,0008,250,sat_0008,1,1.0,sat_0008,0008,0.8178638,sat_0058,0.67832994,0.13953388,True
drone_0008_250_0040,0008,250,sat_0008,1,1.0,sat_0008,0008,0.8343027,sat_0058,0.6428139,0.1914888,True
drone_0008_250_0041,0008,250,sat_0008,1,1.0,sat_0008,0008,0.82572645,sat_0058,0.6178035,0.20792294,True
drone_0008_250_0042,0008,250,sat_0008,1,1.0,sat_0008,0008,0.79353476,sat_0198,0.58723336,0.20630139,True
drone_0008_250_0043,0008,250,sat_0008,1,1.0,sat_0008,0008,0.8347122,sat_0058,0.5959898,0.23872238,True
drone_0008_250_0044,0008,250,sat_0008,1,1.0,sat_0008,0008,0.8527794,sat_0058,0.57535213,0.27742726,True
drone_0008_250_0045,0008,250,sat_0008,1,1.0,sat_0008,0008,0.8625795,sat_0058,0.5636251,0.29895443,True
drone_0008_250_0046,0008,250,sat_0008,1,1.0,sat_0008,0008,0.83608466,sat_0058,0.5729741,0.26311058,True
drone_0008_250_0047,0008,250,sat_0008,1,1.0,sat_0008,0008,0.8554136,sat_0058,0.6075772,0.24783641,True
drone_0008_250_0048,0008,250,sat_0008,1,1.0,sat_0008,0008,0.85988164,sat_0058,0.5726293,0.28725237,True
drone_0008_250_0049,0008,250,sat_0008,1,1.0,sat_0008,0008,0.8486397,sat_0198,0.54865,0.2999897,True
drone_0009_250_0000,0009,250,sat_0009,1,1.0,sat_0009,0009,0.94441015,sat_0007,0.45845854,0.4859516,True
drone_0009_250_0001,0009,250,sat_0009,1,1.0,sat_0009,0009,0.95351,sat_0007,0.4978452,0.45566478,True
drone_0009_250_0002,0009,250,sat_0009,1,1.0,sat_0009,0009,0.9524498,sat_0007,0.51125294,0.44119686,True
drone_0009_250_0003,0009,250,sat_0009,1,1.0,sat_0009,0009,0.94384146,sat_0007,0.50755477,0.4362867,True
drone_0009_250_0004,0009,250,sat_0009,1,1.0,sat_0009,0009,0.94590414,sat_0007,0.50450027,0.44140387,True
drone_0009_250_0005,0009,250,sat_0009,1,1.0,sat_0009,0009,0.9470887,sat_0007,0.52153695,0.42555177,True
drone_0009_250_0006,0009,250,sat_0009,1,1.0,sat_0009,0009,0.9389715,sat_0007,0.50268376,0.43628776,True
drone_0009_250_0007,0009,250,sat_0009,1,1.0,sat_0009,0009,0.9430099,sat_0007,0.48454055,0.45846936,True
drone_0009_250_0008,0009,250,sat_0009,1,1.0,sat_0009,0009,0.9447123,sat_0007,0.49785963,0.44685265,True
drone_0009_250_0009,0009,250,sat_0009,1,1.0,sat_0009,0009,0.9517667,sat_0007,0.48708215,0.46468458,True
drone_0009_250_0010,0009,250,sat_0009,1,1.0,sat_0009,0009,0.94386286,sat_0007,0.4875005,0.45636237,True
drone_0009_250_0011,0009,250,sat_0009,1,1.0,sat_0009,0009,0.9435158,sat_0007,0.5027681,0.44074768,True
drone_0009_250_0012,0009,250,sat_0009,1,1.0,sat_0009,0009,0.93257546,sat_0007,0.39467472,0.53790075,True
drone_0009_250_0013,0009,250,sat_0009,1,1.0,sat_0009,0009,0.91125435,sat_0140,0.44834605,0.4629083,True
drone_0009_250_0014,0009,250,sat_0009,1,1.0,sat_0009,0009,0.9033149,sat_0140,0.4155731,0.4877418,True
drone_0009_250_0015,0009,250,sat_0009,1,1.0,sat_0009,0009,0.8913074,sat_0007,0.40723914,0.48406827,True
drone_0009_250_0016,0009,250,sat_0009,1,1.0,sat_0009,0009,0.9203212,sat_0007,0.493712,0.42660922,True
drone_0009_250_0017,0009,250,sat_0009,1,1.0,sat_0009,0009,0.9170258,sat_0007,0.42655206,0.49047375,True
drone_0009_250_0018,0009,250,sat_0009,1,1.0,sat_0009,0009,0.89297956,sat_0007,0.47730815,0.4156714,True
drone_0009_250_0019,0009,250,sat_0009,1,1.0,sat_0009,0009,0.8831197,sat_0007,0.49873632,0.38438338,True
drone_0009_250_0020,0009,250,sat_0009,1,1.0,sat_0009,0009,0.85068893,sat_0007,0.50941956,0.34126937,True
drone_0009_250_0021,0009,250,sat_0009,1,1.0,sat_0009,0009,0.83246684,sat_0007,0.5424046,0.29006225,True
drone_0009_250_0022,0009,250,sat_0009,1,1.0,sat_0009,0009,0.8713118,sat_0007,0.6191154,0.25219637,True
drone_0009_250_0023,0009,250,sat_0009,1,1.0,sat_0009,0009,0.8712878,sat_0007,0.6406364,0.23065144,True
drone_0009_250_0024,0009,250,sat_0009,1,1.0,sat_0009,0009,0.9086242,sat_0007,0.56592965,0.34269452,True
drone_0009_250_0025,0009,250,sat_0009,1,1.0,sat_0009,0009,0.9273982,sat_0007,0.5387035,0.3886947,True
drone_0009_250_0026,0009,250,sat_0009,1,1.0,sat_0009,0009,0.9197512,sat_0007,0.55027497,0.36947626,True
drone_0009_250_0027,0009,250,sat_0009,1,1.0,sat_0009,0009,0.9172643,sat_0007,0.5523396,0.36492467,True
drone_0009_250_0028,0009,250,sat_0009,1,1.0,sat_0009,0009,0.90356547,sat_0007,0.59238,0.31118548,True
drone_0009_250_0029,0009,250,sat_0009,1,1.0,sat_0009,0009,0.8532559,sat_0007,0.6290018,0.22425413,True
drone_0009_250_0030,0009,250,sat_0009,1,1.0,sat_0009,0009,0.9280734,sat_0007,0.5379812,0.3900922,True
drone_0009_250_0031,0009,250,sat_0009,1,1.0,sat_0009,0009,0.91961515,sat_0007,0.519314,0.40030116,True
drone_0009_250_0032,0009,250,sat_0009,1,1.0,sat_0009,0009,0.89880294,sat_0007,0.50487286,0.39393008,True
drone_0009_250_0033,0009,250,sat_0009,1,1.0,sat_0009,0009,0.9031081,sat_0007,0.49858057,0.40452754,True
drone_0009_250_0034,0009,250,sat_0009,1,1.0,sat_0009,0009,0.89591855,sat_0007,0.45780995,0.4381086,True
drone_0009_250_0035,0009,250,sat_0009,1,1.0,sat_0009,0009,0.91852933,sat_0007,0.46996754,0.4485618,True
drone_0009_250_0036,0009,250,sat_0009,1,1.0,sat_0009,0009,0.9179997,sat_0007,0.49057627,0.42742342,True
drone_0009_250_0037,0009,250,sat_0009,1,1.0,sat_0009,0009,0.9332301,sat_0007,0.5093566,0.42387348,True
drone_0009_250_0038,0009,250,sat_0009,1,1.0,sat_0009,0009,0.91837496,sat_0007,0.47865993,0.43971503,True
drone_0009_250_0039,0009,250,sat_0009,1,1.0,sat_0009,0009,0.9481416,sat_0007,0.5334849,0.4146567,True
drone_0009_250_0040,0009,250,sat_0009,1,1.0,sat_0009,0009,0.9530534,sat_0007,0.51215565,0.44089776,True
drone_0009_250_0041,0009,250,sat_0009,1,1.0,sat_0009,0009,0.94794613,sat_0007,0.5341905,0.41375566,True
drone_0009_250_0042,0009,250,sat_0009,1,1.0,sat_0009,0009,0.9601328,sat_0007,0.5083196,0.45181316,True
drone_0009_250_0043,0009,250,sat_0009,1,1.0,sat_0009,0009,0.9662212,sat_0007,0.5450846,0.42113662,True
drone_0009_250_0044,0009,250,sat_0009,1,1.0,sat_0009,0009,0.9603922,sat_0007,0.5721145,0.38827765,True
drone_0009_250_0045,0009,250,sat_0009,1,1.0,sat_0009,0009,0.95969844,sat_0007,0.5512992,0.40839922,True
drone_0009_250_0046,0009,250,sat_0009,1,1.0,sat_0009,0009,0.9684812,sat_0007,0.56977713,0.39870405,True
drone_0009_250_0047,0009,250,sat_0009,1,1.0,sat_0009,0009,0.9716206,sat_0007,0.51397824,0.45764238,True
drone_0009_250_0048,0009,250,sat_0009,1,1.0,sat_0009,0009,0.9635342,sat_0007,0.51782274,0.44571143,True
drone_0009_250_0049,0009,250,sat_0009,1,1.0,sat_0009,0009,0.9669019,sat_0007,0.49686816,0.47003374,True
drone_0023_250_0000,0023,250,sat_0023,1,1.0,sat_0023,0023,0.8762464,sat_0058,0.42616272,0.45008367,True
drone_0023_250_0001,0023,250,sat_0023,1,1.0,sat_0023,0023,0.8608331,sat_0058,0.4146781,0.446155,True
drone_0023_250_0002,0023,250,sat_0023,1,1.0,sat_0023,0023,0.86270463,sat_0058,0.42335755,0.4393471,True
drone_0023_250_0003,0023,250,sat_0023,1,1.0,sat_0023,0023,0.8744345,sat_0058,0.41213945,0.46229503,True
drone_0023_250_0004,0023,250,sat_0023,1,1.0,sat_0023,0023,0.8759639,sat_0058,0.41312096,0.46284297,True
drone_0023_250_0005,0023,250,sat_0023,1,1.0,sat_0023,0023,0.8307391,sat_0041,0.42503676,0.40570232,True
drone_0023_250_0006,0023,250,sat_0023,1,1.0,sat_0023,0023,0.8411986,sat_0155,0.43133253,0.4098661,True
drone_0023_250_0007,0023,250,sat_0023,1,1.0,sat_0023,0023,0.807448,sat_0058,0.44837335,0.35907468,True
drone_0023_250_0008,0023,250,sat_0023,1,1.0,sat_0023,0023,0.86140317,sat_0058,0.49149486,0.3699083,True
drone_0023_250_0009,0023,250,sat_0023,1,1.0,sat_0023,0023,0.83466524,sat_0155,0.50656474,0.3281005,True
drone_0023_250_0010,0023,250,sat_0023,1,1.0,sat_0023,0023,0.81147444,sat_0155,0.5295406,0.28193384,True
drone_0023_250_0011,0023,250,sat_0023,1,1.0,sat_0023,0023,0.83954793,sat_0058,0.5357036,0.30384433,True
drone_0023_250_0012,0023,250,sat_0023,1,1.0,sat_0023,0023,0.8710135,sat_0058,0.4961958,0.37481773,True
drone_0023_250_0013,0023,250,sat_0023,1,1.0,sat_0023,0023,0.85935843,sat_0058,0.522838,0.33652043,True
drone_0023_250_0014,0023,250,sat_0023,1,1.0,sat_0023,0023,0.8358875,sat_0058,0.5450241,0.2908634,True
drone_0023_250_0015,0023,250,sat_0023,1,1.0,sat_0023,0023,0.84334266,sat_0058,0.5839659,0.25937676,True
drone_0023_250_0016,0023,250,sat_0023,1,1.0,sat_0023,0023,0.8489315,sat_0058,0.56447977,0.28445172,True
drone_0023_250_0017,0023,250,sat_0023,1,1.0,sat_0023,0023,0.86690176,sat_0058,0.5429024,0.32399935,True
drone_0023_250_0018,0023,250,sat_0023,1,1.0,sat_0023,0023,0.8754698,sat_0058,0.5353287,0.34014112,True
drone_0023_250_0019,0023,250,sat_0023,1,1.0,sat_0023,0023,0.8958178,sat_0058,0.53811955,0.35769826,True
drone_0023_250_0020,0023,250,sat_0023,1,1.0,sat_0023,0023,0.84567475,sat_0058,0.5070846,0.33859015,True
drone_0023_250_0021,0023,250,sat_0023,1,1.0,sat_0023,0023,0.8486959,sat_0058,0.53128535,0.31741053,True
drone_0023_250_0022,0023,250,sat_0023,1,1.0,sat_0023,0023,0.8362578,sat_0058,0.53380054,0.30245727,True
drone_0023_250_0023,0023,250,sat_0023,1,1.0,sat_0023,0023,0.80868286,sat_0058,0.54552287,0.26316,True
drone_0023_250_0024,0023,250,sat_0023,1,1.0,sat_0023,0023,0.83110344,sat_0058,0.4848313,0.34627214,True
drone_0023_250_0025,0023,250,sat_0023,1,1.0,sat_0023,0023,0.8302687,sat_0058,0.51143086,0.31883782,True
drone_0023_250_0026,0023,250,sat_0023,1,1.0,sat_0023,0023,0.84493035,sat_0058,0.48840287,0.35652748,True
drone_0023_250_0027,0023,250,sat_0023,1,1.0,sat_0023,0023,0.8715395,sat_0058,0.44948852,0.42205095,True
drone_0023_250_0028,0023,250,sat_0023,1,1.0,sat_0023,0023,0.87209344,sat_0058,0.4660458,0.40604764,True
drone_0023_250_0029,0023,250,sat_0023,1,1.0,sat_0023,0023,0.854151,sat_0058,0.46048844,0.39366257,True
drone_0023_250_0030,0023,250,sat_0023,1,1.0,sat_0023,0023,0.88722485,sat_0051,0.40389028,0.48333457,True
drone_0023_250_0031,0023,250,sat_0023,1,1.0,sat_0023,0023,0.8722657,sat_0058,0.3971425,0.4751232,True
drone_0023_250_0032,0023,250,sat_0023,1,1.0,sat_0023,0023,0.8523423,sat_0058,0.4191665,0.4331758,True
drone_0023_250_0033,0023,250,sat_0023,1,1.0,sat_0023,0023,0.91096896,sat_0058,0.47046167,0.4405073,True
drone_0023_250_0034,0023,250,sat_0023,1,1.0,sat_0023,0023,0.91349804,sat_0058,0.47142884,0.4420692,True
drone_0023_250_0035,0023,250,sat_0023,1,1.0,sat_0023,0023,0.88859224,sat_0058,0.50301754,0.3855747,True
drone_0023_250_0036,0023,250,sat_0023,1,1.0,sat_0023,0023,0.8997692,sat_0058,0.4655465,0.4342227,True
drone_0023_250_0037,0023,250,sat_0023,1,1.0,sat_0023,0023,0.90717393,sat_0058,0.49576744,0.4114065,True
drone_0023_250_0038,0023,250,sat_0023,1,1.0,sat_0023,0023,0.91733646,sat_0058,0.44679034,0.47054613,True
drone_0023_250_0039,0023,250,sat_0023,1,1.0,sat_0023,0023,0.91472065,sat_0058,0.45349544,0.4612252,True
drone_0023_250_0040,0023,250,sat_0023,1,1.0,sat_0023,0023,0.9155464,sat_0058,0.43002138,0.48552504,True
drone_0023_250_0041,0023,250,sat_0023,1,1.0,sat_0023,0023,0.8672396,sat_0058,0.5362518,0.3309878,True
drone_0023_250_0042,0023,250,sat_0023,1,1.0,sat_0023,0023,0.8815656,sat_0058,0.5647627,0.31680286,True
drone_0023_250_0043,0023,250,sat_0023,1,1.0,sat_0023,0023,0.9107001,sat_0058,0.53311795,0.37758213,True
drone_0023_250_0044,0023,250,sat_0023,1,1.0,sat_0023,0023,0.8940354,sat_0058,0.554162,0.33987337,True
drone_0023_250_0045,0023,250,sat_0023,1,1.0,sat_0023,0023,0.8975989,sat_0058,0.5496299,0.347969,True
drone_0023_250_0046,0023,250,sat_0023,1,1.0,sat_0023,0023,0.89066243,sat_0058,0.5262221,0.36444032,True
drone_0023_250_0047,0023,250,sat_0023,1,1.0,sat_0023,0023,0.8810775,sat_0058,0.5085701,0.37250745,True
drone_0023_250_0048,0023,250,sat_0023,1,1.0,sat_0023,0023,0.8717172,sat_0058,0.49999607,0.37172115,True
drone_0023_250_0049,0023,250,sat_0023,1,1.0,sat_0023,0023,0.8788276,sat_0058,0.48023593,0.39859164,True
drone_0024_250_0000,0024,250,sat_0024,1,1.0,sat_0024,0024,0.74525094,sat_0029,0.4397427,0.30550823,True
drone_0024_250_0001,0024,250,sat_0024,1,1.0,sat_0024,0024,0.74161685,sat_0029,0.42883652,0.31278032,True
drone_0024_250_0002,0024,250,sat_0024,1,1.0,sat_0024,0024,0.71166444,sat_0029,0.44222206,0.26944238,True
drone_0024_250_0003,0024,250,sat_0024,1,1.0,sat_0024,0024,0.7381,sat_0029,0.44936544,0.28873456,True
drone_0024_250_0004,0024,250,sat_0024,1,1.0,sat_0024,0024,0.7813805,sat_0029,0.4758855,0.30549496,True
drone_0024_250_0005,0024,250,sat_0024,1,1.0,sat_0024,0024,0.7849883,sat_0029,0.4569804,0.32800788,True
drone_0024_250_0006,0024,250,sat_0024,1,1.0,sat_0024,0024,0.7832098,sat_0057,0.45486388,0.32834592,True
drone_0024_250_0007,0024,250,sat_0024,1,1.0,sat_0024,0024,0.77333665,sat_0057,0.4489754,0.32436123,True
drone_0024_250_0008,0024,250,sat_0024,1,1.0,sat_0024,0024,0.8023447,sat_0057,0.44844228,0.3539024,True
drone_0024_250_0009,0024,250,sat_0024,1,1.0,sat_0024,0024,0.788391,sat_0057,0.41370904,0.37468195,True
drone_0024_250_0010,0024,250,sat_0024,1,1.0,sat_0024,0024,0.7864555,sat_0057,0.4420145,0.34444103,True
drone_0024_250_0011,0024,250,sat_0024,1,1.0,sat_0024,0024,0.77149796,sat_0057,0.43836713,0.33313084,True
drone_0024_250_0012,0024,250,sat_0024,1,1.0,sat_0024,0024,0.75020534,sat_0057,0.4654789,0.28472644,True
drone_0024_250_0013,0024,250,sat_0024,1,1.0,sat_0024,0024,0.7165888,sat_0057,0.44223237,0.27435642,True
drone_0024_250_0014,0024,250,sat_0024,1,1.0,sat_0024,0024,0.7531056,sat_0057,0.3760263,0.37707928,True
drone_0024_250_0015,0024,250,sat_0024,1,1.0,sat_0024,0024,0.7545523,sat_0198,0.33255917,0.42199314,True
drone_0024_250_0016,0024,250,sat_0024,1,1.0,sat_0024,0024,0.7080031,sat_0057,0.3566212,0.3513819,True
drone_0024_250_0017,0024,250,sat_0024,1,1.0,sat_0024,0024,0.68672633,sat_0057,0.3705186,0.31620774,True
drone_0024_250_0018,0024,250,sat_0024,1,1.0,sat_0024,0024,0.7330865,sat_0029,0.35766953,0.375417,True
drone_0024_250_0019,0024,250,sat_0024,1,1.0,sat_0024,0024,0.6968627,sat_0029,0.37494716,0.32191554,True
drone_0024_250_0020,0024,250,sat_0024,1,1.0,sat_0024,0024,0.7001747,sat_0029,0.3617672,0.3384075,True
drone_0024_250_0021,0024,250,sat_0024,1,1.0,sat_0024,0024,0.67420566,sat_0057,0.32201603,0.35218963,True
drone_0024_250_0022,0024,250,sat_0024,1,1.0,sat_0024,0024,0.6280576,sat_0057,0.36877757,0.25928003,True
drone_0024_250_0023,0024,250,sat_0024,1,1.0,sat_0024,0024,0.7010199,sat_0057,0.38696817,0.31405172,True
drone_0024_250_0024,0024,250,sat_0024,1,1.0,sat_0024,0024,0.66905,sat_0057,0.38449198,0.284558,True
drone_0024_250_0025,0024,250,sat_0024,1,1.0,sat_0024,0024,0.6058879,sat_0057,0.36368236,0.24220553,True
drone_0024_250_0026,0024,250,sat_0024,1,1.0,sat_0024,0024,0.63658166,sat_0057,0.43505076,0.2015309,True
drone_0024_250_0027,0024,250,sat_0024,1,1.0,sat_0024,0024,0.6619462,sat_0057,0.38957766,0.27236852,True
drone_0024_250_0028,0024,250,sat_0024,1,1.0,sat_0024,0024,0.66588753,sat_0057,0.3981717,0.26771584,True
drone_0024_250_0029,0024,250,sat_0024,1,1.0,sat_0024,0024,0.68131375,sat_0057,0.44626835,0.2350454,True
drone_0024_250_0030,0024,250,sat_0024,1,1.0,sat_0024,0024,0.7202977,sat_0057,0.4183535,0.3019442,True
drone_0024_250_0031,0024,250,sat_0024,1,1.0,sat_0024,0024,0.71208775,sat_0057,0.46436772,0.24772003,True
drone_0024_250_0032,0024,250,sat_0024,1,1.0,sat_0024,0024,0.71207005,sat_0057,0.47322685,0.2388432,True
drone_0024_250_0033,0024,250,sat_0024,1,1.0,sat_0024,0024,0.7026007,sat_0057,0.50535506,0.19724566,True
drone_0024_250_0034,0024,250,sat_0024,1,1.0,sat_0024,0024,0.67355746,sat_0057,0.41724676,0.2563107,True
drone_0024_250_0035,0024,250,sat_0024,1,1.0,sat_0024,0024,0.6770382,sat_0057,0.39980775,0.27723044,True
drone_0024_250_0036,0024,250,sat_0024,1,1.0,sat_0024,0024,0.65888315,sat_0029,0.3213096,0.33757356,True
drone_0024_250_0037,0024,250,sat_0024,1,1.0,sat_0024,0024,0.67061585,sat_0029,0.3149233,0.35569257,True
drone_0024_250_0038,0024,250,sat_0024,1,1.0,sat_0024,0024,0.69853824,sat_0029,0.34795722,0.35058102,True
drone_0024_250_0039,0024,250,sat_0024,1,1.0,sat_0024,0024,0.5785346,sat_0057,0.33541697,0.24311763,True
drone_0024_250_0040,0024,250,sat_0024,1,1.0,sat_0024,0024,0.5839816,sat_0008,0.3548892,0.22909236,True
drone_0024_250_0041,0024,250,sat_0024,1,1.0,sat_0024,0024,0.59722495,sat_0036,0.3731833,0.22404164,True
drone_0024_250_0042,0024,250,sat_0024,1,1.0,sat_0024,0024,0.56701636,sat_0036,0.43322065,0.13379571,True
drone_0024_250_0043,0024,250,sat_0024,1,1.0,sat_0024,0024,0.59853303,sat_0057,0.43040925,0.16812378,True
drone_0024_250_0044,0024,250,sat_0024,1,1.0,sat_0024,0024,0.6335672,sat_0057,0.39262432,0.2409429,True
drone_0024_250_0045,0024,250,sat_0024,1,1.0,sat_0024,0024,0.7009387,sat_0057,0.38014603,0.32079268,True
drone_0024_250_0046,0024,250,sat_0024,1,1.0,sat_0024,0024,0.70371455,sat_0057,0.4151321,0.28858244,True
drone_0024_250_0047,0024,250,sat_0024,1,1.0,sat_0024,0024,0.6773596,sat_0057,0.44954354,0.22781605,True
drone_0024_250_0048,0024,250,sat_0024,1,1.0,sat_0024,0024,0.69946086,sat_0057,0.4490216,0.25043926,True
drone_0024_250_0049,0024,250,sat_0024,1,1.0,sat_0024,0024,0.7130065,sat_0057,0.4720744,0.2409321,True
drone_0027_250_0000,0027,250,sat_0027,1,1.0,sat_0027,0027,0.8432488,sat_0140,0.5354444,0.3078044,True
drone_0027_250_0001,0027,250,sat_0027,1,1.0,sat_0027,0027,0.84895873,sat_0140,0.5337782,0.31518054,True
drone_0027_250_0002,0027,250,sat_0027,1,1.0,sat_0027,0027,0.8628447,sat_0002,0.509465,0.35337973,True
drone_0027_250_0003,0027,250,sat_0027,1,1.0,sat_0027,0027,0.84078157,sat_0002,0.51804113,0.32274044,True
drone_0027_250_0004,0027,250,sat_0027,1,1.0,sat_0027,0027,0.79276884,sat_0002,0.5671503,0.22561854,True
drone_0027_250_0005,0027,250,sat_0027,1,1.0,sat_0027,0027,0.8446971,sat_0002,0.52738583,0.3173113,True
drone_0027_250_0006,0027,250,sat_0027,1,1.0,sat_0027,0027,0.808196,sat_0002,0.53441477,0.27378124,True
drone_0027_250_0007,0027,250,sat_0027,1,1.0,sat_0027,0027,0.8135091,sat_0140,0.5534944,0.2600147,True
drone_0027_250_0008,0027,250,sat_0027,1,1.0,sat_0027,0027,0.7899522,sat_0140,0.59499943,0.19495279,True
drone_0027_250_0009,0027,250,sat_0027,1,1.0,sat_0027,0027,0.8360534,sat_0140,0.5367504,0.299303,True
drone_0027_250_0010,0027,250,sat_0027,1,1.0,sat_0027,0027,0.84325206,sat_0140,0.5405733,0.30267876,True
drone_0027_250_0011,0027,250,sat_0027,1,1.0,sat_0027,0027,0.8211477,sat_0140,0.56380343,0.25734425,True
drone_0027_250_0012,0027,250,sat_0027,1,1.0,sat_0027,0027,0.80419075,sat_0140,0.5766825,0.22750825,True
drone_0027_250_0013,0027,250,sat_0027,1,1.0,sat_0027,0027,0.84797883,sat_0140,0.531058,0.31692082,True
drone_0027_250_0014,0027,250,sat_0027,1,1.0,sat_0027,0027,0.8850387,sat_0140,0.49239957,0.3926391,True
drone_0027_250_0015,0027,250,sat_0027,1,1.0,sat_0027,0027,0.8877324,sat_0002,0.47722408,0.4105083,True
drone_0027_250_0016,0027,250,sat_0027,1,1.0,sat_0027,0027,0.8720446,sat_0002,0.51814574,0.35389888,True
drone_0027_250_0017,0027,250,sat_0027,1,1.0,sat_0027,0027,0.85308164,sat_0140,0.5513825,0.30169916,True
drone_0027_250_0018,0027,250,sat_0027,1,1.0,sat_0027,0027,0.8347297,sat_0140,0.53592205,0.29880762,True
drone_0027_250_0019,0027,250,sat_0027,1,1.0,sat_0027,0027,0.8258323,sat_0140,0.5564155,0.2694168,True
drone_0027_250_0020,0027,250,sat_0027,1,1.0,sat_0027,0027,0.8064482,sat_0140,0.5810787,0.22536951,True
drone_0027_250_0021,0027,250,sat_0027,1,1.0,sat_0027,0027,0.8253304,sat_0140,0.5460256,0.2793048,True
drone_0027_250_0022,0027,250,sat_0027,1,1.0,sat_0027,0027,0.80470544,sat_0140,0.60465354,0.2000519,True
drone_0027_250_0023,0027,250,sat_0027,1,1.0,sat_0027,0027,0.8505403,sat_0140,0.5963734,0.2541669,True
drone_0027_250_0024,0027,250,sat_0027,1,1.0,sat_0027,0027,0.8837228,sat_0140,0.5575167,0.3262061,True
drone_0027_250_0025,0027,250,sat_0027,1,1.0,sat_0027,0027,0.848813,sat_0140,0.59600675,0.25280625,True
drone_0027_250_0026,0027,250,sat_0027,1,1.0,sat_0027,0027,0.78809494,sat_0140,0.65578127,0.13231367,True
drone_0027_250_0027,0027,250,sat_0027,1,1.0,sat_0027,0027,0.79475045,sat_0140,0.6155716,0.17917883,True
drone_0027_250_0028,0027,250,sat_0027,1,1.0,sat_0027,0027,0.7627402,sat_0140,0.62566304,0.13707715,True
drone_0027_250_0029,0027,250,sat_0027,1,1.0,sat_0027,0027,0.7206413,sat_0140,0.6445412,0.07610011,True
drone_0027_250_0030,0027,250,sat_0027,2,0.5,sat_0140,0140,0.6783947,sat_0027,0.67752486,0.0008698106,False
drone_0027_250_0031,0027,250,sat_0027,1,1.0,sat_0027,0027,0.72476417,sat_0140,0.65177137,0.0729928,True
drone_0027_250_0032,0027,250,sat_0027,1,1.0,sat_0027,0027,0.74598634,sat_0140,0.6492408,0.09674555,True
drone_0027_250_0033,0027,250,sat_0027,1,1.0,sat_0027,0027,0.7857526,sat_0140,0.6270975,0.1586551,True
drone_0027_250_0034,0027,250,sat_0027,1,1.0,sat_0027,0027,0.8518956,sat_0140,0.55082065,0.30107492,True
drone_0027_250_0035,0027,250,sat_0027,1,1.0,sat_0027,0027,0.8280579,sat_0140,0.59387875,0.23417914,True
drone_0027_250_0036,0027,250,sat_0027,1,1.0,sat_0027,0027,0.7955088,sat_0140,0.65539783,0.14011097,True
drone_0027_250_0037,0027,250,sat_0027,1,1.0,sat_0027,0027,0.8140211,sat_0140,0.61480546,0.19921565,True
drone_0027_250_0038,0027,250,sat_0027,1,1.0,sat_0027,0027,0.83894473,sat_0140,0.5689517,0.269993,True
drone_0027_250_0039,0027,250,sat_0027,1,1.0,sat_0027,0027,0.80826056,sat_0140,0.60726964,0.20099092,True
drone_0027_250_0040,0027,250,sat_0027,1,1.0,sat_0027,0027,0.8321661,sat_0140,0.56288826,0.2692778,True
drone_0027_250_0041,0027,250,sat_0027,1,1.0,sat_0027,0027,0.8825344,sat_0140,0.5315937,0.3509407,True
drone_0027_250_0042,0027,250,sat_0027,1,1.0,sat_0027,0027,0.8545868,sat_0140,0.5682683,0.28631848,True
drone_0027_250_0043,0027,250,sat_0027,1,1.0,sat_0027,0027,0.88103855,sat_0140,0.52689123,0.35414732,True
drone_0027_250_0044,0027,250,sat_0027,1,1.0,sat_0027,0027,0.93137825,sat_0140,0.43487117,0.49650708,True
drone_0027_250_0045,0027,250,sat_0027,1,1.0,sat_0027,0027,0.9505584,sat_0140,0.41482434,0.53573406,True
drone_0027_250_0046,0027,250,sat_0027,1,1.0,sat_0027,0027,0.9236372,sat_0140,0.45604876,0.46758845,True
drone_0027_250_0047,0027,250,sat_0027,1,1.0,sat_0027,0027,0.8921815,sat_0140,0.49991977,0.39226174,True
drone_0027_250_0048,0027,250,sat_0027,1,1.0,sat_0027,0027,0.8980248,sat_0140,0.47468397,0.42334083,True
drone_0027_250_0049,0027,250,sat_0027,1,1.0,sat_0027,0027,0.8687023,sat_0140,0.51965266,0.34904963,True
drone_0029_250_0000,0029,250,sat_0029,1,1.0,sat_0029,0029,0.8954034,sat_0182,0.5327169,0.3626865,True
drone_0029_250_0001,0029,250,sat_0029,1,1.0,sat_0029,0029,0.87721026,sat_0182,0.53364193,0.34356833,True
drone_0029_250_0002,0029,250,sat_0029,1,1.0,sat_0029,0029,0.87719613,sat_0182,0.5189139,0.3582822,True
drone_0029_250_0003,0029,250,sat_0029,1,1.0,sat_0029,0029,0.9065415,sat_0182,0.5134732,0.3930683,True
drone_0029_250_0004,0029,250,sat_0029,1,1.0,sat_0029,0029,0.88606787,sat_0182,0.51670027,0.3693676,True
drone_0029_250_0005,0029,250,sat_0029,1,1.0,sat_0029,0029,0.9215475,sat_0182,0.5087619,0.4127856,True
drone_0029_250_0006,0029,250,sat_0029,1,1.0,sat_0029,0029,0.9068271,sat_0182,0.4884317,0.4183954,True
drone_0029_250_0007,0029,250,sat_0029,1,1.0,sat_0029,0029,0.91783154,sat_0182,0.4648001,0.45303145,True
drone_0029_250_0008,0029,250,sat_0029,1,1.0,sat_0029,0029,0.9185469,sat_0182,0.45701236,0.46153456,True
drone_0029_250_0009,0029,250,sat_0029,1,1.0,sat_0029,0029,0.9174947,sat_0182,0.43883747,0.47865725,True
drone_0029_250_0010,0029,250,sat_0029,1,1.0,sat_0029,0029,0.90661114,sat_0024,0.39770243,0.50890875,True
drone_0029_250_0011,0029,250,sat_0029,1,1.0,sat_0029,0029,0.9023109,sat_0024,0.4241708,0.47814012,True
drone_0029_250_0012,0029,250,sat_0029,1,1.0,sat_0029,0029,0.9158183,sat_0182,0.41840664,0.49741164,True
drone_0029_250_0013,0029,250,sat_0029,1,1.0,sat_0029,0029,0.9064521,sat_0182,0.4514689,0.4549832,True
drone_0029_250_0014,0029,250,sat_0029,1,1.0,sat_0029,0029,0.91549444,sat_0182,0.47480386,0.44069058,True
drone_0029_250_0015,0029,250,sat_0029,1,1.0,sat_0029,0029,0.9148122,sat_0182,0.46449882,0.4503134,True
drone_0029_250_0016,0029,250,sat_0029,1,1.0,sat_0029,0029,0.90080845,sat_0182,0.48426518,0.41654328,True
drone_0029_250_0017,0029,250,sat_0029,1,1.0,sat_0029,0029,0.9097471,sat_0182,0.49764195,0.41210517,True
drone_0029_250_0018,0029,250,sat_0029,1,1.0,sat_0029,0029,0.9106606,sat_0024,0.461855,0.44880563,True
drone_0029_250_0019,0029,250,sat_0029,1,1.0,sat_0029,0029,0.90691996,sat_0024,0.48884094,0.41807902,True
drone_0029_250_0020,0029,250,sat_0029,1,1.0,sat_0029,0029,0.89858335,sat_0024,0.48647723,0.41210613,True
drone_0029_250_0021,0029,250,sat_0029,1,1.0,sat_0029,0029,0.89615905,sat_0024,0.54345214,0.3527069,True
drone_0029_250_0022,0029,250,sat_0029,1,1.0,sat_0029,0029,0.829709,sat_0024,0.57276624,0.25694275,True
drone_0029_250_0023,0029,250,sat_0029,1,1.0,sat_0029,0029,0.8684377,sat_0024,0.5054442,0.36299348,True
drone_0029_250_0024,0029,250,sat_0029,1,1.0,sat_0029,0029,0.86857706,sat_0024,0.428389,0.44018805,True
drone_0029_250_0025,0029,250,sat_0029,1,1.0,sat_0029,0029,0.88829124,sat_0182,0.4434394,0.44485185,True
drone_0029_250_0026,0029,250,sat_0029,1,1.0,sat_0029,0029,0.85716283,sat_0056,0.47684228,0.38032055,True
drone_0029_250_0027,0029,250,sat_0029,1,1.0,sat_0029,0029,0.8593943,sat_0056,0.49690694,0.36248738,True
drone_0029_250_0028,0029,250,sat_0029,1,1.0,sat_0029,0029,0.8484683,sat_0056,0.51902837,0.32943994,True
drone_0029_250_0029,0029,250,sat_0029,1,1.0,sat_0029,0029,0.85284495,sat_0182,0.55275,0.30009496,True
drone_0029_250_0030,0029,250,sat_0029,1,1.0,sat_0029,0029,0.8387333,sat_0182,0.53151506,0.30721825,True
drone_0029_250_0031,0029,250,sat_0029,1,1.0,sat_0029,0029,0.8319376,sat_0182,0.5230296,0.308908,True
drone_0029_250_0032,0029,250,sat_0029,1,1.0,sat_0029,0029,0.7896888,sat_0002,0.50181186,0.28787696,True
drone_0029_250_0033,0029,250,sat_0029,1,1.0,sat_0029,0029,0.80918866,sat_0002,0.49418125,0.31500742,True
drone_0029_250_0034,0029,250,sat_0029,1,1.0,sat_0029,0029,0.80565006,sat_0182,0.51202816,0.2936219,True
drone_0029_250_0035,0029,250,sat_0029,1,1.0,sat_0029,0029,0.8248891,sat_0182,0.48852095,0.33636817,True
drone_0029_250_0036,0029,250,sat_0029,1,1.0,sat_0029,0029,0.8580218,sat_0182,0.48347047,0.37455133,True
drone_0029_250_0037,0029,250,sat_0029,1,1.0,sat_0029,0029,0.8113523,sat_0182,0.5124762,0.2988761,True
drone_0029_250_0038,0029,250,sat_0029,1,1.0,sat_0029,0029,0.7999381,sat_0182,0.5998253,0.20011276,True
drone_0029_250_0039,0029,250,sat_0029,1,1.0,sat_0029,0029,0.8197264,sat_0182,0.58387893,0.23584747,True
drone_0029_250_0040,0029,250,sat_0029,1,1.0,sat_0029,0029,0.8748576,sat_0182,0.55330443,0.32155317,True
drone_0029_250_0041,0029,250,sat_0029,1,1.0,sat_0029,0029,0.86331826,sat_0182,0.5506029,0.31271535,True
drone_0029_250_0042,0029,250,sat_0029,1,1.0,sat_0029,0029,0.80315256,sat_0182,0.45543107,0.3477215,True
drone_0029_250_0043,0029,250,sat_0029,1,1.0,sat_0029,0029,0.83503664,sat_0182,0.51555896,0.31947768,True
drone_0029_250_0044,0029,250,sat_0029,1,1.0,sat_0029,0029,0.8306879,sat_0182,0.4919983,0.33868957,True
drone_0029_250_0045,0029,250,sat_0029,1,1.0,sat_0029,0029,0.8755842,sat_0182,0.51881325,0.35677093,True
drone_0029_250_0046,0029,250,sat_0029,1,1.0,sat_0029,0029,0.8486297,sat_0182,0.52108693,0.32754278,True
drone_0029_250_0047,0029,250,sat_0029,1,1.0,sat_0029,0029,0.88633555,sat_0182,0.5225988,0.36373675,True
drone_0029_250_0048,0029,250,sat_0029,1,1.0,sat_0029,0029,0.8839929,sat_0182,0.5438195,0.34017342,True
drone_0029_250_0049,0029,250,sat_0029,1,1.0,sat_0029,0029,0.877708,sat_0182,0.5334978,0.3442102,True
drone_0036_250_0000,0036,250,sat_0036,1,1.0,sat_0036,0036,0.88382757,sat_0008,0.5889129,0.29491466,True
drone_0036_250_0001,0036,250,sat_0036,1,1.0,sat_0036,0036,0.8464845,sat_0058,0.65538734,0.19109714,True
drone_0036_250_0002,0036,250,sat_0036,1,1.0,sat_0036,0036,0.8668587,sat_0058,0.6399441,0.22691464,True
drone_0036_250_0003,0036,250,sat_0036,1,1.0,sat_0036,0036,0.88217974,sat_0008,0.6092641,0.27291566,True
drone_0036_250_0004,0036,250,sat_0036,1,1.0,sat_0036,0036,0.8872146,sat_0008,0.5852696,0.30194503,True
drone_0036_250_0005,0036,250,sat_0036,1,1.0,sat_0036,0036,0.90217257,sat_0008,0.55888426,0.3432883,True
drone_0036_250_0006,0036,250,sat_0036,1,1.0,sat_0036,0036,0.89815754,sat_0008,0.5523981,0.34575945,True
drone_0036_250_0007,0036,250,sat_0036,1,1.0,sat_0036,0036,0.8963849,sat_0008,0.5343126,0.3620723,True
drone_0036_250_0008,0036,250,sat_0036,1,1.0,sat_0036,0036,0.9227806,sat_0008,0.59865004,0.32413054,True
drone_0036_250_0009,0036,250,sat_0036,1,1.0,sat_0036,0036,0.930679,sat_0008,0.59987485,0.33080417,True
drone_0036_250_0010,0036,250,sat_0036,1,1.0,sat_0036,0036,0.9097661,sat_0008,0.56296235,0.34680372,True
drone_0036_250_0011,0036,250,sat_0036,1,1.0,sat_0036,0036,0.8901769,sat_0008,0.5578941,0.33228278,True
drone_0036_250_0012,0036,250,sat_0036,1,1.0,sat_0036,0036,0.90830535,sat_0130,0.5616864,0.34661895,True
drone_0036_250_0013,0036,250,sat_0036,1,1.0,sat_0036,0036,0.8849635,sat_0130,0.59175026,0.29321325,True
drone_0036_250_0014,0036,250,sat_0036,1,1.0,sat_0036,0036,0.8903269,sat_0130,0.61959535,0.27073157,True
drone_0036_250_0015,0036,250,sat_0036,1,1.0,sat_0036,0036,0.8456083,sat_0058,0.6279099,0.2176984,True
drone_0036_250_0016,0036,250,sat_0036,1,1.0,sat_0036,0036,0.86605835,sat_0058,0.6582647,0.20779365,True
drone_0036_250_0017,0036,250,sat_0036,1,1.0,sat_0036,0036,0.88456714,sat_0058,0.6021187,0.28244847,True
drone_0036_250_0018,0036,250,sat_0036,1,1.0,sat_0036,0036,0.88445973,sat_0130,0.6072552,0.2772045,True
drone_0036_250_0019,0036,250,sat_0036,1,1.0,sat_0036,0036,0.85748726,sat_0058,0.6399662,0.21752107,True
drone_0036_250_0020,0036,250,sat_0036,1,1.0,sat_0036,0036,0.86271244,sat_0130,0.66510516,0.19760728,True
drone_0036_250_0021,0036,250,sat_0036,1,1.0,sat_0036,0036,0.88349,sat_0130,0.6100019,0.2734881,True
drone_0036_250_0022,0036,250,sat_0036,1,1.0,sat_0036,0036,0.88132983,sat_0130,0.64513254,0.2361973,True
drone_0036_250_0023,0036,250,sat_0036,1,1.0,sat_0036,0036,0.8634655,sat_0130,0.5755849,0.2878806,True
drone_0036_250_0024,0036,250,sat_0036,1,1.0,sat_0036,0036,0.75145555,sat_0130,0.62954473,0.12191081,True
drone_0036_250_0025,0036,250,sat_0036,1,1.0,sat_0036,0036,0.73371917,sat_0058,0.5778299,0.15588927,True
drone_0036_250_0026,0036,250,sat_0036,1,1.0,sat_0036,0036,0.80214757,sat_0058,0.6254868,0.17666078,True
drone_0036_250_0027,0036,250,sat_0036,1,1.0,sat_0036,0036,0.7735142,sat_0130,0.6084753,0.16503888,True
drone_0036_250_0028,0036,250,sat_0036,1,1.0,sat_0036,0036,0.8218857,sat_0007,0.57438725,0.24749845,True
drone_0036_250_0029,0036,250,sat_0036,1,1.0,sat_0036,0036,0.85525745,sat_0130,0.5728252,0.28243226,True
drone_0036_250_0030,0036,250,sat_0036,1,1.0,sat_0036,0036,0.83593297,sat_0130,0.6526618,0.18327117,True
drone_0036_250_0031,0036,250,sat_0036,1,1.0,sat_0036,0036,0.79614025,sat_0130,0.6435658,0.15257448,True
drone_0036_250_0032,0036,250,sat_0036,1,1.0,sat_0036,0036,0.8837358,sat_0130,0.5581822,0.3255536,True
drone_0036_250_0033,0036,250,sat_0036,1,1.0,sat_0036,0036,0.8822945,sat_0008,0.5632956,0.31899887,True
drone_0036_250_0034,0036,250,sat_0036,1,1.0,sat_0036,0036,0.8619622,sat_0007,0.6249854,0.2369768,True
drone_0036_250_0035,0036,250,sat_0036,1,1.0,sat_0036,0036,0.86022836,sat_0058,0.62512755,0.2351008,True
drone_0036_250_0036,0036,250,sat_0036,1,1.0,sat_0036,0036,0.86586654,sat_0130,0.59641606,0.2694505,True
drone_0036_250_0037,0036,250,sat_0036,1,1.0,sat_0036,0036,0.88450265,sat_0130,0.6197026,0.26480007,True
drone_0036_250_0038,0036,250,sat_0036,1,1.0,sat_0036,0036,0.87790656,sat_0130,0.66573125,0.21217531,True
drone_0036_250_0039,0036,250,sat_0036,1,1.0,sat_0036,0036,0.87977576,sat_0130,0.6443824,0.23539335,True
drone_0036_250_0040,0036,250,sat_0036,1,1.0,sat_0036,0036,0.8527241,sat_0130,0.63290584,0.21981823,True
drone_0036_250_0041,0036,250,sat_0036,1,1.0,sat_0036,0036,0.8644405,sat_0130,0.59773755,0.26670295,True
drone_0036_250_0042,0036,250,sat_0036,1,1.0,sat_0036,0036,0.8746541,sat_0130,0.6217337,0.2529204,True
drone_0036_250_0043,0036,250,sat_0036,1,1.0,sat_0036,0036,0.8580674,sat_0130,0.627105,0.2309624,True
drone_0036_250_0044,0036,250,sat_0036,1,1.0,sat_0036,0036,0.88226515,sat_0130,0.6664265,0.21583867,True
drone_0036_250_0045,0036,250,sat_0036,1,1.0,sat_0036,0036,0.8721492,sat_0130,0.6280578,0.24409145,True
drone_0036_250_0046,0036,250,sat_0036,1,1.0,sat_0036,0036,0.87058157,sat_0130,0.6656136,0.20496798,True
drone_0036_250_0047,0036,250,sat_0036,1,1.0,sat_0036,0036,0.88801396,sat_0058,0.6380126,0.25000137,True
drone_0036_250_0048,0036,250,sat_0036,1,1.0,sat_0036,0036,0.92219645,sat_0130,0.6030904,0.31910604,True
drone_0036_250_0049,0036,250,sat_0036,1,1.0,sat_0036,0036,0.91332567,sat_0130,0.59661514,0.31671053,True
drone_0040_250_0000,0040,250,sat_0040,1,1.0,sat_0040,0040,0.81232184,sat_0041,0.42572138,0.38660046,True
drone_0040_250_0001,0040,250,sat_0040,1,1.0,sat_0040,0040,0.82096505,sat_0041,0.41732302,0.40364203,True
drone_0040_250_0002,0040,250,sat_0040,1,1.0,sat_0040,0040,0.8391826,sat_0041,0.42814127,0.41104135,True
drone_0040_250_0003,0040,250,sat_0040,1,1.0,sat_0040,0040,0.83814347,sat_0041,0.4627488,0.37539467,True
drone_0040_250_0004,0040,250,sat_0040,1,1.0,sat_0040,0040,0.8516869,sat_0041,0.4402417,0.4114452,True
drone_0040_250_0005,0040,250,sat_0040,1,1.0,sat_0040,0040,0.8549766,sat_0041,0.43341777,0.42155883,True
drone_0040_250_0006,0040,250,sat_0040,1,1.0,sat_0040,0040,0.837898,sat_0041,0.41205728,0.42584074,True
drone_0040_250_0007,0040,250,sat_0040,1,1.0,sat_0040,0040,0.8341031,sat_0041,0.46064368,0.37345943,True
drone_0040_250_0008,0040,250,sat_0040,1,1.0,sat_0040,0040,0.76502556,sat_0072,0.37155992,0.39346564,True
drone_0040_250_0009,0040,250,sat_0040,1,1.0,sat_0040,0040,0.7715669,sat_0140,0.3863346,0.38523233,True
drone_0040_250_0010,0040,250,sat_0040,1,1.0,sat_0040,0040,0.761546,sat_0041,0.43335414,0.32819188,True
drone_0040_250_0011,0040,250,sat_0040,1,1.0,sat_0040,0040,0.76967514,sat_0041,0.48975945,0.2799157,True
drone_0040_250_0012,0040,250,sat_0040,1,1.0,sat_0040,0040,0.77350867,sat_0041,0.55235744,0.22115123,True
drone_0040_250_0013,0040,250,sat_0040,1,1.0,sat_0040,0040,0.8635156,sat_0041,0.46404466,0.39947096,True
drone_0040_250_0014,0040,250,sat_0040,1,1.0,sat_0040,0040,0.826114,sat_0041,0.41099715,0.41511685,True
drone_0040_250_0015,0040,250,sat_0040,1,1.0,sat_0040,0040,0.81295353,sat_0041,0.47619238,0.33676115,True
drone_0040_250_0016,0040,250,sat_0040,1,1.0,sat_0040,0040,0.85202646,sat_0041,0.42990306,0.4221234,True
drone_0040_250_0017,0040,250,sat_0040,1,1.0,sat_0040,0040,0.8099215,sat_0041,0.44724923,0.36267227,True
drone_0040_250_0018,0040,250,sat_0040,1,1.0,sat_0040,0040,0.7607995,sat_0041,0.471821,0.28897852,True
drone_0040_250_0019,0040,250,sat_0040,1,1.0,sat_0040,0040,0.8254651,sat_0041,0.48494408,0.340521,True
drone_0040_250_0020,0040,250,sat_0040,1,1.0,sat_0040,0040,0.8333111,sat_0072,0.38677883,0.44653225,True
drone_0040_250_0021,0040,250,sat_0040,1,1.0,sat_0040,0040,0.79701096,sat_0140,0.37122223,0.42578873,True
drone_0040_250_0022,0040,250,sat_0040,1,1.0,sat_0040,0040,0.8168627,sat_0072,0.42690364,0.38995907,True
drone_0040_250_0023,0040,250,sat_0040,1,1.0,sat_0040,0040,0.81754136,sat_0041,0.41532633,0.40221503,True
drone_0040_250_0024,0040,250,sat_0040,1,1.0,sat_0040,0040,0.79220843,sat_0182,0.41158986,0.38061857,True
drone_0040_250_0025,0040,250,sat_0040,1,1.0,sat_0040,0040,0.80532897,sat_0041,0.3761076,0.42922136,True
drone_0040_250_0026,0040,250,sat_0040,1,1.0,sat_0040,0040,0.8252764,sat_0041,0.3884016,0.43687478,True
drone_0040_250_0027,0040,250,sat_0040,1,1.0,sat_0040,0040,0.78659964,sat_0174,0.4264341,0.36016554,True
drone_0040_250_0028,0040,250,sat_0040,1,1.0,sat_0040,0040,0.79212624,sat_0041,0.4369181,0.35520813,True
drone_0040_250_0029,0040,250,sat_0040,1,1.0,sat_0040,0040,0.81129926,sat_0174,0.47120655,0.34009272,True
drone_0040_250_0030,0040,250,sat_0040,1,1.0,sat_0040,0040,0.76525474,sat_0174,0.5312178,0.23403692,True
drone_0040_250_0031,0040,250,sat_0040,1,1.0,sat_0040,0040,0.73304373,sat_0174,0.5445874,0.18845636,True
drone_0040_250_0032,0040,250,sat_0040,1,1.0,sat_0040,0040,0.81732094,sat_0072,0.57181406,0.24550688,True
drone_0040_250_0033,0040,250,sat_0040,1,1.0,sat_0040,0040,0.9152914,sat_0072,0.55803794,0.3572535,True
drone_0040_250_0034,0040,250,sat_0040,1,1.0,sat_0040,0040,0.8968359,sat_0072,0.5402784,0.35655755,True
drone_0040_250_0035,0040,250,sat_0040,1,1.0,sat_0040,0040,0.89703435,sat_0072,0.5347909,0.36224347,True
drone_0040_250_0036,0040,250,sat_0040,1,1.0,sat_0040,0040,0.8718045,sat_0072,0.5517117,0.3200928,True
drone_0040_250_0037,0040,250,sat_0040,1,1.0,sat_0040,0040,0.8754033,sat_0072,0.49327034,0.38213295,True
drone_0040_250_0038,0040,250,sat_0040,1,1.0,sat_0040,0040,0.8737805,sat_0072,0.54405636,0.32972413,True
drone_0040_250_0039,0040,250,sat_0040,1,1.0,sat_0040,0040,0.8052071,sat_0174,0.58380544,0.22140163,True
drone_0040_250_0040,0040,250,sat_0040,1,1.0,sat_0040,0040,0.8506355,sat_0072,0.5376751,0.31296045,True
drone_0040_250_0041,0040,250,sat_0040,1,1.0,sat_0040,0040,0.8673082,sat_0174,0.45939168,0.40791652,True
drone_0040_250_0042,0040,250,sat_0040,1,1.0,sat_0040,0040,0.836532,sat_0174,0.506921,0.329611,True
drone_0040_250_0043,0040,250,sat_0040,1,1.0,sat_0040,0040,0.7517792,sat_0174,0.5452178,0.20656139,True
drone_0040_250_0044,0040,250,sat_0040,1,1.0,sat_0040,0040,0.8073648,sat_0041,0.48008555,0.32727927,True
drone_0040_250_0045,0040,250,sat_0040,1,1.0,sat_0040,0040,0.7270051,sat_0041,0.56048524,0.16651988,True
drone_0040_250_0046,0040,250,sat_0040,1,1.0,sat_0040,0040,0.74992025,sat_0041,0.52444464,0.22547561,True
drone_0040_250_0047,0040,250,sat_0040,1,1.0,sat_0040,0040,0.784079,sat_0041,0.51900506,0.26507396,True
drone_0040_250_0048,0040,250,sat_0040,1,1.0,sat_0040,0040,0.80629003,sat_0041,0.48690557,0.31938446,True
drone_0040_250_0049,0040,250,sat_0040,1,1.0,sat_0040,0040,0.73173606,sat_0041,0.52387005,0.20786601,True
drone_0041_250_0000,0041,250,sat_0041,1,1.0,sat_0041,0041,0.8007357,sat_0182,0.54059947,0.26013625,True
drone_0041_250_0001,0041,250,sat_0041,1,1.0,sat_0041,0041,0.8092905,sat_0182,0.5239524,0.2853381,True
drone_0041_250_0002,0041,250,sat_0041,1,1.0,sat_0041,0041,0.8085235,sat_0182,0.5316323,0.27689117,True
drone_0041_250_0003,0041,250,sat_0041,1,1.0,sat_0041,0041,0.81265736,sat_0182,0.5301215,0.28253585,True
drone_0041_250_0004,0041,250,sat_0041,1,1.0,sat_0041,0041,0.79015857,sat_0182,0.5742085,0.21595007,True
drone_0041_250_0005,0041,250,sat_0041,1,1.0,sat_0041,0041,0.78460467,sat_0182,0.5723826,0.21222204,True
drone_0041_250_0006,0041,250,sat_0041,1,1.0,sat_0041,0041,0.77834654,sat_0182,0.590473,0.18787354,True
drone_0041_250_0007,0041,250,sat_0041,1,1.0,sat_0041,0041,0.76885444,sat_0182,0.58781785,0.18103659,True
drone_0041_250_0008,0041,250,sat_0041,1,1.0,sat_0041,0041,0.7724943,sat_0182,0.5786255,0.19386882,True
drone_0041_250_0009,0041,250,sat_0041,1,1.0,sat_0041,0041,0.80408764,sat_0182,0.5401738,0.2639138,True
drone_0041_250_0010,0041,250,sat_0041,1,1.0,sat_0041,0041,0.814822,sat_0182,0.5254725,0.2893495,True
drone_0041_250_0011,0041,250,sat_0041,1,1.0,sat_0041,0041,0.7871965,sat_0182,0.5774024,0.2097941,True
drone_0041_250_0012,0041,250,sat_0041,1,1.0,sat_0041,0041,0.7832829,sat_0182,0.6056361,0.17764676,True
drone_0041_250_0013,0041,250,sat_0041,1,1.0,sat_0041,0041,0.8297,sat_0182,0.54015017,0.28954983,True
drone_0041_250_0014,0041,250,sat_0041,1,1.0,sat_0041,0041,0.83226275,sat_0182,0.52545077,0.306812,True
drone_0041_250_0015,0041,250,sat_0041,1,1.0,sat_0041,0041,0.8575306,sat_0190,0.45448193,0.40304866,True
drone_0041_250_0016,0041,250,sat_0041,1,1.0,sat_0041,0041,0.8410632,sat_0190,0.44879577,0.39226744,True
drone_0041_250_0017,0041,250,sat_0041,1,1.0,sat_0041,0041,0.8281581,sat_0182,0.4669646,0.36119348,True
drone_0041_250_0018,0041,250,sat_0041,1,1.0,sat_0041,0041,0.83539736,sat_0182,0.50692064,0.32847673,True
drone_0041_250_0019,0041,250,sat_0041,1,1.0,sat_0041,0041,0.8119181,sat_0182,0.5366047,0.27531338,True
drone_0041_250_0020,0041,250,sat_0041,1,1.0,sat_0041,0041,0.788006,sat_0182,0.56117535,0.22683066,True
drone_0041_250_0021,0041,250,sat_0041,1,1.0,sat_0041,0041,0.76252913,sat_0182,0.59842664,0.1641025,True
drone_0041_250_0022,0041,250,sat_0041,1,1.0,sat_0041,0041,0.8134225,sat_0182,0.49733433,0.31608817,True
drone_0041_250_0023,0041,250,sat_0041,1,1.0,sat_0041,0041,0.8118747,sat_0182,0.5046104,0.30726427,True
drone_0041_250_0024,0041,250,sat_0041,1,1.0,sat_0041,0041,0.838488,sat_0182,0.4982748,0.34021318,True
drone_0041_250_0025,0041,250,sat_0041,1,1.0,sat_0041,0041,0.87968755,sat_0155,0.43932828,0.44035926,True
drone_0041_250_0026,0041,250,sat_0041,1,1.0,sat_0041,0041,0.8455761,sat_0182,0.51557857,0.32999754,True
drone_0041_250_0027,0041,250,sat_0041,1,1.0,sat_0041,0041,0.8407368,sat_0182,0.4957286,0.3450082,True
drone_0041_250_0028,0041,250,sat_0041,1,1.0,sat_0041,0041,0.8432729,sat_0182,0.5076139,0.33565903,True
drone_0041_250_0029,0041,250,sat_0041,1,1.0,sat_0041,0041,0.8055741,sat_0182,0.580076,0.22549814,True
drone_0041_250_0030,0041,250,sat_0041,1,1.0,sat_0041,0041,0.81402135,sat_0182,0.47317702,0.34084433,True
drone_0041_250_0031,0041,250,sat_0041,1,1.0,sat_0041,0041,0.7816848,sat_0198,0.46322906,0.31845576,True
drone_0041_250_0032,0041,250,sat_0041,1,1.0,sat_0041,0041,0.8038049,sat_0198,0.4325011,0.37130377,True
drone_0041_250_0033,0041,250,sat_0041,1,1.0,sat_0041,0041,0.8081806,sat_0198,0.41105914,0.39712143,True
drone_0041_250_0034,0041,250,sat_0041,1,1.0,sat_0041,0041,0.8353791,sat_0198,0.46100116,0.37437797,True
drone_0041_250_0035,0041,250,sat_0041,1,1.0,sat_0041,0041,0.86078125,sat_0198,0.49007422,0.37070704,True
drone_0041_250_0036,0041,250,sat_0041,1,1.0,sat_0041,0041,0.8781533,sat_0144,0.49656683,0.3815865,True
drone_0041_250_0037,0041,250,sat_0041,1,1.0,sat_0041,0041,0.8967453,sat_0144,0.51695263,0.3797927,True
drone_0041_250_0038,0041,250,sat_0041,1,1.0,sat_0041,0041,0.87946767,sat_0198,0.49604028,0.38342738,True
drone_0041_250_0039,0041,250,sat_0041,1,1.0,sat_0041,0041,0.88520277,sat_0190,0.5176035,0.36759925,True
drone_0041_250_0040,0041,250,sat_0041,1,1.0,sat_0041,0041,0.9013864,sat_0144,0.49486038,0.406526,True
drone_0041_250_0041,0041,250,sat_0041,1,1.0,sat_0041,0041,0.8813243,sat_0190,0.50017345,0.38115084,True
drone_0041_250_0042,0041,250,sat_0041,1,1.0,sat_0041,0041,0.879939,sat_0190,0.49524114,0.38469788,True
drone_0041_250_0043,0041,250,sat_0041,1,1.0,sat_0041,0041,0.8697837,sat_0144,0.5089301,0.3608536,True
drone_0041_250_0044,0041,250,sat_0041,1,1.0,sat_0041,0041,0.87036973,sat_0144,0.5287323,0.34163743,True
drone_0041_250_0045,0041,250,sat_0041,1,1.0,sat_0041,0041,0.87127763,sat_0144,0.5039283,0.36734933,True
drone_0041_250_0046,0041,250,sat_0041,1,1.0,sat_0041,0041,0.8785348,sat_0144,0.5126195,0.3659153,True
drone_0041_250_0047,0041,250,sat_0041,1,1.0,sat_0041,0041,0.8575213,sat_0198,0.4885588,0.3689625,True
drone_0041_250_0048,0041,250,sat_0041,1,1.0,sat_0041,0041,0.882446,sat_0144,0.49081224,0.39163375,True
drone_0041_250_0049,0041,250,sat_0041,1,1.0,sat_0041,0041,0.8635437,sat_0198,0.4841249,0.3794188,True
drone_0051_250_0000,0051,250,sat_0051,1,1.0,sat_0051,0051,0.9194766,sat_0023,0.2751387,0.6443379,True
drone_0051_250_0001,0051,250,sat_0051,1,1.0,sat_0051,0051,0.92018545,sat_0023,0.27427173,0.6459137,True
drone_0051_250_0002,0051,250,sat_0051,1,1.0,sat_0051,0051,0.91188306,sat_0023,0.26233354,0.6495495,True
drone_0051_250_0003,0051,250,sat_0051,1,1.0,sat_0051,0051,0.9225686,sat_0023,0.27521193,0.6473567,True
drone_0051_250_0004,0051,250,sat_0051,1,1.0,sat_0051,0051,0.9304739,sat_0023,0.29168832,0.6387856,True
drone_0051_250_0005,0051,250,sat_0051,1,1.0,sat_0051,0051,0.9423234,sat_0023,0.3089012,0.6334222,True
drone_0051_250_0006,0051,250,sat_0051,1,1.0,sat_0051,0051,0.9144366,sat_0023,0.28465524,0.62978137,True
drone_0051_250_0007,0051,250,sat_0051,1,1.0,sat_0051,0051,0.92568874,sat_0023,0.2761121,0.64957666,True
drone_0051_250_0008,0051,250,sat_0051,1,1.0,sat_0051,0051,0.90913266,sat_0023,0.24961352,0.65951914,True
drone_0051_250_0009,0051,250,sat_0051,1,1.0,sat_0051,0051,0.89305437,sat_0115,0.24739057,0.6456638,True
drone_0051_250_0010,0051,250,sat_0051,1,1.0,sat_0051,0051,0.88948655,sat_0115,0.24724634,0.6422402,True
drone_0051_250_0011,0051,250,sat_0051,1,1.0,sat_0051,0051,0.8948035,sat_0115,0.25186408,0.64293945,True
drone_0051_250_0012,0051,250,sat_0051,1,1.0,sat_0051,0051,0.9054482,sat_0115,0.27082357,0.6346246,True
drone_0051_250_0013,0051,250,sat_0051,1,1.0,sat_0051,0051,0.8971124,sat_0115,0.26709378,0.63001865,True
drone_0051_250_0014,0051,250,sat_0051,1,1.0,sat_0051,0051,0.8696972,sat_0115,0.28909042,0.5806068,True
drone_0051_250_0015,0051,250,sat_0051,1,1.0,sat_0051,0051,0.88276345,sat_0115,0.30511528,0.57764816,True
drone_0051_250_0016,0051,250,sat_0051,1,1.0,sat_0051,0051,0.8782157,sat_0115,0.29729337,0.5809223,True
drone_0051_250_0017,0051,250,sat_0051,1,1.0,sat_0051,0051,0.88958067,sat_0115,0.26861575,0.6209649,True
drone_0051_250_0018,0051,250,sat_0051,1,1.0,sat_0051,0051,0.9080381,sat_0023,0.26649222,0.6415459,True
drone_0051_250_0019,0051,250,sat_0051,1,1.0,sat_0051,0051,0.91474414,sat_0023,0.2908659,0.62387824,True
drone_0051_250_0020,0051,250,sat_0051,1,1.0,sat_0051,0051,0.9254328,sat_0023,0.29284734,0.63258547,True
drone_0051_250_0021,0051,250,sat_0051,1,1.0,sat_0051,0051,0.93003154,sat_0023,0.30759647,0.6224351,True
drone_0051_250_0022,0051,250,sat_0051,1,1.0,sat_0051,0051,0.91549265,sat_0023,0.27553585,0.63995683,True
drone_0051_250_0023,0051,250,sat_0051,1,1.0,sat_0051,0051,0.92676723,sat_0023,0.2874246,0.63934267,True
drone_0051_250_0024,0051,250,sat_0051,1,1.0,sat_0051,0051,0.91514003,sat_0023,0.27583307,0.63930696,True
drone_0051_250_0025,0051,250,sat_0051,1,1.0,sat_0051,0051,0.93438625,sat_0023,0.2867056,0.64768064,True
drone_0051_250_0026,0051,250,sat_0051,1,1.0,sat_0051,0051,0.92161715,sat_0023,0.31286827,0.6087489,True
drone_0051_250_0027,0051,250,sat_0051,1,1.0,sat_0051,0051,0.9142643,sat_0023,0.30459914,0.60966516,True
drone_0051_250_0028,0051,250,sat_0051,1,1.0,sat_0051,0051,0.9153695,sat_0009,0.2870249,0.62834466,True
drone_0051_250_0029,0051,250,sat_0051,1,1.0,sat_0051,0051,0.91636777,sat_0009,0.28559965,0.6307681,True
drone_0051_250_0030,0051,250,sat_0051,1,1.0,sat_0051,0051,0.8997917,sat_0009,0.28922954,0.6105622,True
drone_0051_250_0031,0051,250,sat_0051,1,1.0,sat_0051,0051,0.88672674,sat_0009,0.31400937,0.57271737,True
drone_0051_250_0032,0051,250,sat_0051,1,1.0,sat_0051,0051,0.8981569,sat_0009,0.36503458,0.5331223,True
drone_0051_250_0033,0051,250,sat_0051,1,1.0,sat_0051,0051,0.89170885,sat_0009,0.38345665,0.5082522,True
drone_0051_250_0034,0051,250,sat_0051,1,1.0,sat_0051,0051,0.85713947,sat_0009,0.41657907,0.4405604,True
drone_0051_250_0035,0051,250,sat_0051,1,1.0,sat_0051,0051,0.88454473,sat_0007,0.39825258,0.48629215,True
drone_0051_250_0036,0051,250,sat_0051,1,1.0,sat_0051,0051,0.8608105,sat_0007,0.4208616,0.43994892,True
drone_0051_250_0037,0051,250,sat_0051,1,1.0,sat_0051,0051,0.90491986,sat_0009,0.34000584,0.564914,True
drone_0051_250_0038,0051,250,sat_0051,1,1.0,sat_0051,0051,0.9405092,sat_0023,0.31235194,0.62815726,True
drone_0051_250_0039,0051,250,sat_0051,1,1.0,sat_0051,0051,0.93669164,sat_0023,0.33390233,0.6027893,True
drone_0051_250_0040,0051,250,sat_0051,1,1.0,sat_0051,0051,0.9450238,sat_0023,0.32951063,0.61551315,True
drone_0051_250_0041,0051,250,sat_0051,1,1.0,sat_0051,0051,0.9485834,sat_0023,0.32488108,0.62370235,True
drone_0051_250_0042,0051,250,sat_0051,1,1.0,sat_0051,0051,0.93781006,sat_0023,0.3117491,0.62606096,True
drone_0051_250_0043,0051,250,sat_0051,1,1.0,sat_0051,0051,0.93919253,sat_0023,0.28006494,0.6591276,True
drone_0051_250_0044,0051,250,sat_0051,1,1.0,sat_0051,0051,0.95486194,sat_0023,0.32469773,0.6301642,True
drone_0051_250_0045,0051,250,sat_0051,1,1.0,sat_0051,0051,0.9506286,sat_0023,0.3271893,0.6234393,True
drone_0051_250_0046,0051,250,sat_0051,1,1.0,sat_0051,0051,0.9369626,sat_0023,0.32001224,0.6169504,True
drone_0051_250_0047,0051,250,sat_0051,1,1.0,sat_0051,0051,0.9393745,sat_0023,0.34736755,0.5920069,True
drone_0051_250_0048,0051,250,sat_0051,1,1.0,sat_0051,0051,0.93014574,sat_0023,0.31267047,0.6174753,True
drone_0051_250_0049,0051,250,sat_0051,1,1.0,sat_0051,0051,0.9197187,sat_0023,0.2965965,0.6231222,True
drone_0056_250_0000,0056,250,sat_0056,1,1.0,sat_0056,0056,0.8833485,sat_0063,0.6419946,0.24135393,True
drone_0056_250_0001,0056,250,sat_0056,1,1.0,sat_0056,0056,0.8840692,sat_0063,0.65452826,0.22954094,True
drone_0056_250_0002,0056,250,sat_0056,1,1.0,sat_0056,0056,0.8671302,sat_0063,0.62690526,0.24022496,True
drone_0056_250_0003,0056,250,sat_0056,1,1.0,sat_0056,0056,0.87994903,sat_0063,0.6296798,0.25026923,True
drone_0056_250_0004,0056,250,sat_0056,1,1.0,sat_0056,0056,0.8748699,sat_0063,0.6250907,0.24977916,True
drone_0056_250_0005,0056,250,sat_0056,1,1.0,sat_0056,0056,0.88847256,sat_0063,0.63635737,0.2521152,True
drone_0056_250_0006,0056,250,sat_0056,1,1.0,sat_0056,0056,0.9075476,sat_0063,0.6499568,0.25759077,True
drone_0056_250_0007,0056,250,sat_0056,1,1.0,sat_0056,0056,0.8980893,sat_0063,0.63230735,0.26578194,True
drone_0056_250_0008,0056,250,sat_0056,1,1.0,sat_0056,0056,0.89719117,sat_0063,0.64461577,0.2525754,True
drone_0056_250_0009,0056,250,sat_0056,1,1.0,sat_0056,0056,0.90527093,sat_0063,0.64352566,0.26174527,True
drone_0056_250_0010,0056,250,sat_0056,1,1.0,sat_0056,0056,0.9055729,sat_0063,0.6715156,0.2340573,True
drone_0056_250_0011,0056,250,sat_0056,1,1.0,sat_0056,0056,0.9199506,sat_0063,0.6961215,0.22382909,True
drone_0056_250_0012,0056,250,sat_0056,1,1.0,sat_0056,0056,0.9199637,sat_0063,0.7045339,0.21542984,True
drone_0056_250_0013,0056,250,sat_0056,1,1.0,sat_0056,0056,0.9030042,sat_0063,0.68897974,0.21402448,True
drone_0056_250_0014,0056,250,sat_0056,1,1.0,sat_0056,0056,0.9117739,sat_0063,0.73093945,0.18083447,True
drone_0056_250_0015,0056,250,sat_0056,1,1.0,sat_0056,0056,0.91161126,sat_0063,0.7009633,0.21064794,True
drone_0056_250_0016,0056,250,sat_0056,1,1.0,sat_0056,0056,0.8900208,sat_0063,0.7081195,0.18190128,True
drone_0056_250_0017,0056,250,sat_0056,1,1.0,sat_0056,0056,0.87253404,sat_0063,0.69146836,0.18106568,True
drone_0056_250_0018,0056,250,sat_0056,1,1.0,sat_0056,0056,0.89592946,sat_0063,0.69781244,0.19811702,True
drone_0056_250_0019,0056,250,sat_0056,1,1.0,sat_0056,0056,0.8963342,sat_0063,0.7076132,0.18872094,True
drone_0056_250_0020,0056,250,sat_0056,1,1.0,sat_0056,0056,0.9021007,sat_0063,0.7295887,0.172512,True
drone_0056_250_0021,0056,250,sat_0056,1,1.0,sat_0056,0056,0.8842547,sat_0063,0.75523525,0.12901944,True
drone_0056_250_0022,0056,250,sat_0056,1,1.0,sat_0056,0056,0.8944079,sat_0063,0.76378495,0.13062298,True
drone_0056_250_0023,0056,250,sat_0056,1,1.0,sat_0056,0056,0.8971844,sat_0063,0.7253906,0.17179376,True
drone_0056_250_0024,0056,250,sat_0056,1,1.0,sat_0056,0056,0.91359043,sat_0063,0.71704394,0.1965465,True
drone_0056_250_0025,0056,250,sat_0056,1,1.0,sat_0056,0056,0.9092653,sat_0063,0.72620255,0.18306273,True
drone_0056_250_0026,0056,250,sat_0056,1,1.0,sat_0056,0056,0.8933258,sat_0063,0.6759908,0.21733499,True
drone_0056_250_0027,0056,250,sat_0056,1,1.0,sat_0056,0056,0.87970996,sat_0063,0.6137277,0.26598227,True
drone_0056_250_0028,0056,250,sat_0056,1,1.0,sat_0056,0056,0.87401116,sat_0063,0.6236477,0.25036347,True
drone_0056_250_0029,0056,250,sat_0056,1,1.0,sat_0056,0056,0.9022322,sat_0063,0.6296726,0.27255964,True
drone_0056_250_0030,0056,250,sat_0056,1,1.0,sat_0056,0056,0.9297167,sat_0063,0.73310345,0.19661325,True
drone_0056_250_0031,0056,250,sat_0056,1,1.0,sat_0056,0056,0.93207824,sat_0063,0.7094518,0.22262645,True
drone_0056_250_0032,0056,250,sat_0056,1,1.0,sat_0056,0056,0.9271252,sat_0063,0.66411924,0.26300597,True
drone_0056_250_0033,0056,250,sat_0056,1,1.0,sat_0056,0056,0.92981887,sat_0063,0.64717317,0.2826457,True
drone_0056_250_0034,0056,250,sat_0056,1,1.0,sat_0056,0056,0.94293594,sat_0063,0.6780197,0.26491624,True
drone_0056_250_0035,0056,250,sat_0056,1,1.0,sat_0056,0056,0.9535994,sat_0063,0.712266,0.24133337,True
drone_0056_250_0036,0056,250,sat_0056,1,1.0,sat_0056,0056,0.93230647,sat_0063,0.64122593,0.29108053,True
drone_0056_250_0037,0056,250,sat_0056,1,1.0,sat_0056,0056,0.92714626,sat_0063,0.6384488,0.28869748,True
drone_0056_250_0038,0056,250,sat_0056,1,1.0,sat_0056,0056,0.9396036,sat_0063,0.6569176,0.28268605,True
drone_0056_250_0039,0056,250,sat_0056,1,1.0,sat_0056,0056,0.9187817,sat_0063,0.59957814,0.31920356,True
drone_0056_250_0040,0056,250,sat_0056,1,1.0,sat_0056,0056,0.9155381,sat_0063,0.6002153,0.31532276,True
drone_0056_250_0041,0056,250,sat_0056,1,1.0,sat_0056,0056,0.9247525,sat_0063,0.633085,0.29166746,True
drone_0056_250_0042,0056,250,sat_0056,1,1.0,sat_0056,0056,0.91323614,sat_0063,0.6242254,0.28901076,True
drone_0056_250_0043,0056,250,sat_0056,1,1.0,sat_0056,0056,0.8924291,sat_0063,0.5897878,0.30264133,True
drone_0056_250_0044,0056,250,sat_0056,1,1.0,sat_0056,0056,0.80576146,sat_0063,0.50322556,0.3025359,True
drone_0056_250_0045,0056,250,sat_0056,1,1.0,sat_0056,0056,0.879487,sat_0063,0.5621563,0.31733066,True
drone_0056_250_0046,0056,250,sat_0056,1,1.0,sat_0056,0056,0.8938126,sat_0063,0.6325644,0.26124817,True
drone_0056_250_0047,0056,250,sat_0056,1,1.0,sat_0056,0056,0.88522935,sat_0063,0.62387526,0.2613541,True
drone_0056_250_0048,0056,250,sat_0056,1,1.0,sat_0056,0056,0.86227816,sat_0063,0.60017,0.26210815,True
drone_0056_250_0049,0056,250,sat_0056,1,1.0,sat_0056,0056,0.8773805,sat_0063,0.58641994,0.29096055,True
drone_0057_250_0000,0057,250,sat_0057,1,1.0,sat_0057,0057,0.86587954,sat_0130,0.2714641,0.5944154,True
drone_0057_250_0001,0057,250,sat_0057,1,1.0,sat_0057,0057,0.8753306,sat_0024,0.2503172,0.6250135,True
drone_0057_250_0002,0057,250,sat_0057,1,1.0,sat_0057,0057,0.84732723,sat_0130,0.29410055,0.5532267,True
drone_0057_250_0003,0057,250,sat_0057,1,1.0,sat_0057,0057,0.83179724,sat_0144,0.28192398,0.54987323,True
drone_0057_250_0004,0057,250,sat_0057,1,1.0,sat_0057,0057,0.8552902,sat_0144,0.23264505,0.62264514,True
drone_0057_250_0005,0057,250,sat_0057,1,1.0,sat_0057,0057,0.84293824,sat_0164,0.25237882,0.5905594,True
drone_0057_250_0006,0057,250,sat_0057,1,1.0,sat_0057,0057,0.8098685,sat_0164,0.28862274,0.5212458,True
drone_0057_250_0007,0057,250,sat_0057,1,1.0,sat_0057,0057,0.7914514,sat_0144,0.29591307,0.49553832,True
drone_0057_250_0008,0057,250,sat_0057,1,1.0,sat_0057,0057,0.7037973,sat_0144,0.37574792,0.32804936,True
drone_0057_250_0009,0057,250,sat_0057,1,1.0,sat_0057,0057,0.71619886,sat_0144,0.30994517,0.4062537,True
drone_0057_250_0010,0057,250,sat_0057,1,1.0,sat_0057,0057,0.7430395,sat_0144,0.2807813,0.4622582,True
drone_0057_250_0011,0057,250,sat_0057,1,1.0,sat_0057,0057,0.6886907,sat_0040,0.2902287,0.39846203,True
drone_0057_250_0012,0057,250,sat_0057,1,1.0,sat_0057,0057,0.74510056,sat_0164,0.35677528,0.38832527,True
drone_0057_250_0013,0057,250,sat_0057,1,1.0,sat_0057,0057,0.76809555,sat_0164,0.32662725,0.4414683,True
drone_0057_250_0014,0057,250,sat_0057,1,1.0,sat_0057,0057,0.70440066,sat_0109,0.32062155,0.3837791,True
drone_0057_250_0015,0057,250,sat_0057,1,1.0,sat_0057,0057,0.68114865,sat_0164,0.4237693,0.25737935,True
drone_0057_250_0016,0057,250,sat_0057,1,1.0,sat_0057,0057,0.6866042,sat_0164,0.39092577,0.29567844,True
drone_0057_250_0017,0057,250,sat_0057,1,1.0,sat_0057,0057,0.74194664,sat_0164,0.38101956,0.36092708,True
drone_0057_250_0018,0057,250,sat_0057,1,1.0,sat_0057,0057,0.78095144,sat_0164,0.33204016,0.44891128,True
drone_0057_250_0019,0057,250,sat_0057,1,1.0,sat_0057,0057,0.77884877,sat_0164,0.34111252,0.43773624,True
drone_0057_250_0020,0057,250,sat_0057,1,1.0,sat_0057,0057,0.74282527,sat_0164,0.45007992,0.29274535,True
drone_0057_250_0021,0057,250,sat_0057,1,1.0,sat_0057,0057,0.7418069,sat_0164,0.42691398,0.31489295,True
drone_0057_250_0022,0057,250,sat_0057,1,1.0,sat_0057,0057,0.6677745,sat_0164,0.5325208,0.13525373,True
drone_0057_250_0023,0057,250,sat_0057,1,1.0,sat_0057,0057,0.7598618,sat_0164,0.39769596,0.36216587,True
drone_0057_250_0024,0057,250,sat_0057,1,1.0,sat_0057,0057,0.7282646,sat_0164,0.40720382,0.32106075,True
drone_0057_250_0025,0057,250,sat_0057,1,1.0,sat_0057,0057,0.7924769,sat_0164,0.4224281,0.3700488,True
drone_0057_250_0026,0057,250,sat_0057,1,1.0,sat_0057,0057,0.86562824,sat_0164,0.32339206,0.5422362,True
drone_0057_250_0027,0057,250,sat_0057,1,1.0,sat_0057,0057,0.8396684,sat_0164,0.32054088,0.5191275,True
drone_0057_250_0028,0057,250,sat_0057,1,1.0,sat_0057,0057,0.85589945,sat_0164,0.30921787,0.5466816,True
drone_0057_250_0029,0057,250,sat_0057,1,1.0,sat_0057,0057,0.85156834,sat_0164,0.36636972,0.48519862,True
drone_0057_250_0030,0057,250,sat_0057,1,1.0,sat_0057,0057,0.862789,sat_0164,0.3085896,0.55419934,True
drone_0057_250_0031,0057,250,sat_0057,1,1.0,sat_0057,0057,0.8536925,sat_0164,0.35173035,0.5019621,True
drone_0057_250_0032,0057,250,sat_0057,1,1.0,sat_0057,0057,0.87638676,sat_0164,0.29761097,0.57877576,True
drone_0057_250_0033,0057,250,sat_0057,1,1.0,sat_0057,0057,0.82840216,sat_0144,0.31880745,0.5095947,True
drone_0057_250_0034,0057,250,sat_0057,1,1.0,sat_0057,0057,0.7964789,sat_0144,0.3145202,0.48195872,True
drone_0057_250_0035,0057,250,sat_0057,1,1.0,sat_0057,0057,0.77901286,sat_0036,0.25351295,0.52549994,True
drone_0057_250_0036,0057,250,sat_0057,1,1.0,sat_0057,0057,0.81546736,sat_0036,0.2279085,0.58755887,True
drone_0057_250_0037,0057,250,sat_0057,1,1.0,sat_0057,0057,0.7493813,sat_0144,0.26616853,0.48321277,True
drone_0057_250_0038,0057,250,sat_0057,1,1.0,sat_0057,0057,0.83004236,sat_0164,0.24726942,0.582773,True
drone_0057_250_0039,0057,250,sat_0057,1,1.0,sat_0057,0057,0.8457225,sat_0036,0.27957425,0.5661483,True
drone_0057_250_0040,0057,250,sat_0057,1,1.0,sat_0057,0057,0.8395549,sat_0164,0.30544347,0.53411144,True
drone_0057_250_0041,0057,250,sat_0057,1,1.0,sat_0057,0057,0.85449505,sat_0036,0.30220255,0.55229247,True
drone_0057_250_0042,0057,250,sat_0057,1,1.0,sat_0057,0057,0.7803509,sat_0144,0.2882218,0.49212912,True
drone_0057_250_0043,0057,250,sat_0057,1,1.0,sat_0057,0057,0.8160923,sat_0130,0.23896115,0.57713115,True
drone_0057_250_0044,0057,250,sat_0057,1,1.0,sat_0057,0057,0.8233144,sat_0130,0.30522516,0.5180893,True
drone_0057_250_0045,0057,250,sat_0057,1,1.0,sat_0057,0057,0.8725165,sat_0036,0.30823612,0.5642804,True
drone_0057_250_0046,0057,250,sat_0057,1,1.0,sat_0057,0057,0.8450735,sat_0164,0.20972477,0.63534874,True
drone_0057_250_0047,0057,250,sat_0057,1,1.0,sat_0057,0057,0.8169403,sat_0144,0.32433042,0.4926099,True
drone_0057_250_0048,0057,250,sat_0057,1,1.0,sat_0057,0057,0.8357339,sat_0024,0.20172416,0.6340097,True
drone_0057_250_0049,0057,250,sat_0057,1,1.0,sat_0057,0057,0.8159493,sat_0164,0.23772597,0.57822335,True
drone_0058_250_0000,0058,250,sat_0058,1,1.0,sat_0058,0058,0.8646725,sat_0071,0.8646725,0.0,True
drone_0058_250_0001,0058,250,sat_0058,1,1.0,sat_0058,0058,0.8648694,sat_0071,0.8648694,0.0,True
drone_0058_250_0002,0058,250,sat_0058,1,1.0,sat_0058,0058,0.86926883,sat_0071,0.86926883,0.0,True
drone_0058_250_0003,0058,250,sat_0058,1,1.0,sat_0058,0058,0.8523845,sat_0071,0.8523845,0.0,True
drone_0058_250_0004,0058,250,sat_0058,1,1.0,sat_0058,0058,0.86125094,sat_0071,0.86125094,0.0,True
drone_0058_250_0005,0058,250,sat_0058,1,1.0,sat_0058,0058,0.8511019,sat_0071,0.8511019,0.0,True
drone_0058_250_0006,0058,250,sat_0058,1,1.0,sat_0058,0058,0.8523043,sat_0071,0.8523043,0.0,True
drone_0058_250_0007,0058,250,sat_0058,1,1.0,sat_0058,0058,0.84682757,sat_0071,0.84682757,0.0,True
drone_0058_250_0008,0058,250,sat_0058,1,1.0,sat_0058,0058,0.8561789,sat_0071,0.8561789,0.0,True
drone_0058_250_0009,0058,250,sat_0058,1,1.0,sat_0058,0058,0.8638556,sat_0071,0.8638556,0.0,True
drone_0058_250_0010,0058,250,sat_0058,1,1.0,sat_0058,0058,0.85024065,sat_0071,0.85024065,0.0,True
drone_0058_250_0011,0058,250,sat_0058,1,1.0,sat_0058,0058,0.88397646,sat_0071,0.88397646,0.0,True
drone_0058_250_0012,0058,250,sat_0058,1,1.0,sat_0058,0058,0.86962867,sat_0071,0.86962867,0.0,True
drone_0058_250_0013,0058,250,sat_0058,1,1.0,sat_0058,0058,0.8663168,sat_0071,0.8663168,0.0,True
drone_0058_250_0014,0058,250,sat_0058,1,1.0,sat_0058,0058,0.84438026,sat_0071,0.84438026,0.0,True
drone_0058_250_0015,0058,250,sat_0058,1,1.0,sat_0058,0058,0.85110605,sat_0071,0.85110605,0.0,True
drone_0058_250_0016,0058,250,sat_0058,1,1.0,sat_0058,0058,0.8588159,sat_0071,0.8588159,0.0,True
drone_0058_250_0017,0058,250,sat_0058,1,1.0,sat_0058,0058,0.8361993,sat_0071,0.8361993,0.0,True
drone_0058_250_0018,0058,250,sat_0058,1,1.0,sat_0058,0058,0.84788907,sat_0071,0.84788907,0.0,True
drone_0058_250_0019,0058,250,sat_0058,1,1.0,sat_0058,0058,0.8100305,sat_0071,0.8100305,0.0,True
drone_0058_250_0020,0058,250,sat_0058,1,1.0,sat_0058,0058,0.8298464,sat_0071,0.8298464,0.0,True
drone_0058_250_0021,0058,250,sat_0058,1,1.0,sat_0058,0058,0.84867305,sat_0071,0.84867305,0.0,True
drone_0058_250_0022,0058,250,sat_0058,1,1.0,sat_0058,0058,0.817657,sat_0071,0.817657,0.0,True
drone_0058_250_0023,0058,250,sat_0058,1,1.0,sat_0058,0058,0.8139657,sat_0071,0.8139657,0.0,True
drone_0058_250_0024,0058,250,sat_0058,1,1.0,sat_0058,0058,0.8314619,sat_0071,0.8314619,0.0,True
drone_0058_250_0025,0058,250,sat_0058,1,1.0,sat_0058,0058,0.84755474,sat_0071,0.84755474,0.0,True
drone_0058_250_0026,0058,250,sat_0058,1,1.0,sat_0058,0058,0.86481327,sat_0071,0.86481327,0.0,True
drone_0058_250_0027,0058,250,sat_0058,1,1.0,sat_0058,0058,0.87591887,sat_0071,0.87591887,0.0,True
drone_0058_250_0028,0058,250,sat_0058,1,1.0,sat_0058,0058,0.8687547,sat_0071,0.8687547,0.0,True
drone_0058_250_0029,0058,250,sat_0058,1,1.0,sat_0058,0058,0.827844,sat_0071,0.827844,0.0,True
drone_0058_250_0030,0058,250,sat_0058,1,1.0,sat_0058,0058,0.81264114,sat_0071,0.81264114,0.0,True
drone_0058_250_0031,0058,250,sat_0058,1,1.0,sat_0058,0058,0.85972434,sat_0071,0.85972434,0.0,True
drone_0058_250_0032,0058,250,sat_0058,1,1.0,sat_0058,0058,0.8632834,sat_0071,0.8632834,0.0,True
drone_0058_250_0033,0058,250,sat_0058,1,1.0,sat_0058,0058,0.8739508,sat_0071,0.8739508,0.0,True
drone_0058_250_0034,0058,250,sat_0058,1,1.0,sat_0058,0058,0.8849165,sat_0071,0.8849165,0.0,True
drone_0058_250_0035,0058,250,sat_0058,1,1.0,sat_0058,0058,0.87265646,sat_0071,0.87265646,0.0,True
drone_0058_250_0036,0058,250,sat_0058,1,1.0,sat_0058,0058,0.85489476,sat_0071,0.85489476,0.0,True
drone_0058_250_0037,0058,250,sat_0058,1,1.0,sat_0058,0058,0.8685075,sat_0071,0.8685075,0.0,True
drone_0058_250_0038,0058,250,sat_0058,1,1.0,sat_0058,0058,0.87266695,sat_0071,0.87266695,0.0,True
drone_0058_250_0039,0058,250,sat_0058,1,1.0,sat_0058,0058,0.82454735,sat_0071,0.82454735,0.0,True
drone_0058_250_0040,0058,250,sat_0058,1,1.0,sat_0058,0058,0.82057226,sat_0071,0.82057226,0.0,True
drone_0058_250_0041,0058,250,sat_0058,1,1.0,sat_0058,0058,0.8720423,sat_0071,0.8720423,0.0,True
drone_0058_250_0042,0058,250,sat_0058,1,1.0,sat_0058,0058,0.8606394,sat_0071,0.8606394,0.0,True
drone_0058_250_0043,0058,250,sat_0058,1,1.0,sat_0058,0058,0.85956424,sat_0071,0.85956424,0.0,True
drone_0058_250_0044,0058,250,sat_0058,1,1.0,sat_0058,0058,0.84785575,sat_0071,0.84785575,0.0,True
drone_0058_250_0045,0058,250,sat_0058,1,1.0,sat_0058,0058,0.82485646,sat_0071,0.82485646,0.0,True
drone_0058_250_0046,0058,250,sat_0058,1,1.0,sat_0058,0058,0.8529577,sat_0071,0.8529577,0.0,True
drone_0058_250_0047,0058,250,sat_0058,1,1.0,sat_0058,0058,0.84629166,sat_0071,0.84629166,0.0,True
drone_0058_250_0048,0058,250,sat_0058,1,1.0,sat_0058,0058,0.86471903,sat_0071,0.86471903,0.0,True
drone_0058_250_0049,0058,250,sat_0058,1,1.0,sat_0058,0058,0.8633303,sat_0071,0.8633303,0.0,True
drone_0060_250_0000,0060,250,sat_0060,1,1.0,sat_0060,0060,0.9047939,sat_0056,0.3856957,0.5190982,True
drone_0060_250_0001,0060,250,sat_0060,1,1.0,sat_0060,0060,0.9032725,sat_0056,0.40002227,0.50325024,True
drone_0060_250_0002,0060,250,sat_0060,1,1.0,sat_0060,0060,0.91956085,sat_0056,0.35400626,0.5655546,True
drone_0060_250_0003,0060,250,sat_0060,1,1.0,sat_0060,0060,0.91943055,sat_0056,0.33287954,0.586551,True
drone_0060_250_0004,0060,250,sat_0060,1,1.0,sat_0060,0060,0.91479635,sat_0056,0.34636927,0.5684271,True
drone_0060_250_0005,0060,250,sat_0060,1,1.0,sat_0060,0060,0.9135678,sat_0056,0.3966635,0.5169043,True
drone_0060_250_0006,0060,250,sat_0060,1,1.0,sat_0060,0060,0.89502895,sat_0056,0.36760974,0.5274192,True
drone_0060_250_0007,0060,250,sat_0060,1,1.0,sat_0060,0060,0.9104241,sat_0056,0.36112395,0.5493002,True
drone_0060_250_0008,0060,250,sat_0060,1,1.0,sat_0060,0060,0.90643865,sat_0056,0.36327815,0.5431605,True
drone_0060_250_0009,0060,250,sat_0060,1,1.0,sat_0060,0060,0.9143644,sat_0056,0.3021602,0.6122042,True
drone_0060_250_0010,0060,250,sat_0060,1,1.0,sat_0060,0060,0.89993334,sat_0056,0.2939577,0.6059756,True
drone_0060_250_0011,0060,250,sat_0060,1,1.0,sat_0060,0060,0.8898562,sat_0056,0.3068198,0.5830364,True
drone_0060_250_0012,0060,250,sat_0060,1,1.0,sat_0060,0060,0.8666803,sat_0056,0.3232245,0.54345584,True
drone_0060_250_0013,0060,250,sat_0060,1,1.0,sat_0060,0060,0.86593896,sat_0056,0.31970304,0.5462359,True
drone_0060_250_0014,0060,250,sat_0060,1,1.0,sat_0060,0060,0.85461926,sat_0056,0.41688967,0.4377296,True
drone_0060_250_0015,0060,250,sat_0060,1,1.0,sat_0060,0060,0.84934634,sat_0056,0.30282485,0.5465215,True
drone_0060_250_0016,0060,250,sat_0060,1,1.0,sat_0060,0060,0.88293695,sat_0056,0.28554296,0.597394,True
drone_0060_250_0017,0060,250,sat_0060,1,1.0,sat_0060,0060,0.87175274,sat_0056,0.30745485,0.5642979,True
drone_0060_250_0018,0060,250,sat_0060,1,1.0,sat_0060,0060,0.865933,sat_0056,0.2806133,0.5853197,True
drone_0060_250_0019,0060,250,sat_0060,1,1.0,sat_0060,0060,0.8685461,sat_0056,0.27767247,0.59087366,True
drone_0060_250_0020,0060,250,sat_0060,1,1.0,sat_0060,0060,0.8532729,sat_0056,0.2900142,0.5632587,True
drone_0060_250_0021,0060,250,sat_0060,1,1.0,sat_0060,0060,0.85518956,sat_0056,0.2855979,0.56959164,True
drone_0060_250_0022,0060,250,sat_0060,1,1.0,sat_0060,0060,0.7959466,sat_0056,0.32530117,0.47064543,True
drone_0060_250_0023,0060,250,sat_0060,1,1.0,sat_0060,0060,0.81017065,sat_0130,0.27848065,0.53169,True
drone_0060_250_0024,0060,250,sat_0060,1,1.0,sat_0060,0060,0.8096059,sat_0130,0.30666715,0.50293875,True
drone_0060_250_0025,0060,250,sat_0060,1,1.0,sat_0060,0060,0.7986009,sat_0130,0.33857068,0.46003023,True
drone_0060_250_0026,0060,250,sat_0060,1,1.0,sat_0060,0060,0.79111975,sat_0130,0.319019,0.47210076,True
drone_0060_250_0027,0060,250,sat_0060,1,1.0,sat_0060,0060,0.7824267,sat_0056,0.33087653,0.4515502,True
drone_0060_250_0028,0060,250,sat_0060,1,1.0,sat_0060,0060,0.8030158,sat_0056,0.30665678,0.49635905,True
drone_0060_250_0029,0060,250,sat_0060,1,1.0,sat_0060,0060,0.8389438,sat_0056,0.36663392,0.47230986,True
drone_0060_250_0030,0060,250,sat_0060,1,1.0,sat_0060,0060,0.8488397,sat_0056,0.30138436,0.5474553,True
drone_0060_250_0031,0060,250,sat_0060,1,1.0,sat_0060,0060,0.7537703,sat_0130,0.28332642,0.47044387,True
drone_0060_250_0032,0060,250,sat_0060,1,1.0,sat_0060,0060,0.76418746,sat_0056,0.2997273,0.46446016,True
drone_0060_250_0033,0060,250,sat_0060,1,1.0,sat_0060,0060,0.8746315,sat_0056,0.29162085,0.5830107,True
drone_0060_250_0034,0060,250,sat_0060,1,1.0,sat_0060,0060,0.85786647,sat_0130,0.3012932,0.5565733,True
drone_0060_250_0035,0060,250,sat_0060,1,1.0,sat_0060,0060,0.85110676,sat_0056,0.3368056,0.5143012,True
drone_0060_250_0036,0060,250,sat_0060,1,1.0,sat_0060,0060,0.87130284,sat_0056,0.379145,0.49215785,True
drone_0060_250_0037,0060,250,sat_0060,1,1.0,sat_0060,0060,0.8838003,sat_0056,0.36167097,0.52212936,True
drone_0060_250_0038,0060,250,sat_0060,1,1.0,sat_0060,0060,0.8548324,sat_0056,0.28553003,0.5693024,True
drone_0060_250_0039,0060,250,sat_0060,1,1.0,sat_0060,0060,0.86620843,sat_0056,0.2564176,0.6097908,True
drone_0060_250_0040,0060,250,sat_0060,1,1.0,sat_0060,0060,0.8599222,sat_0056,0.32883063,0.5310916,True
drone_0060_250_0041,0060,250,sat_0060,1,1.0,sat_0060,0060,0.8639924,sat_0056,0.29556984,0.56842256,True
drone_0060_250_0042,0060,250,sat_0060,1,1.0,sat_0060,0060,0.8536842,sat_0056,0.32561883,0.5280653,True
drone_0060_250_0043,0060,250,sat_0060,1,1.0,sat_0060,0060,0.8693648,sat_0056,0.391034,0.4783308,True
drone_0060_250_0044,0060,250,sat_0060,1,1.0,sat_0060,0060,0.89509016,sat_0056,0.35777336,0.5373168,True
drone_0060_250_0045,0060,250,sat_0060,1,1.0,sat_0060,0060,0.8748805,sat_0056,0.4639364,0.4109441,True
drone_0060_250_0046,0060,250,sat_0060,1,1.0,sat_0060,0060,0.86689705,sat_0056,0.4181999,0.44869715,True
drone_0060_250_0047,0060,250,sat_0060,1,1.0,sat_0060,0060,0.88414407,sat_0056,0.3825114,0.5016327,True
drone_0060_250_0048,0060,250,sat_0060,1,1.0,sat_0060,0060,0.8711287,sat_0056,0.38762343,0.48350525,True
drone_0060_250_0049,0060,250,sat_0060,1,1.0,sat_0060,0060,0.8963136,sat_0056,0.3686464,0.52766716,True
drone_0063_250_0000,0063,250,sat_0063,1,1.0,sat_0063,0063,0.7497091,sat_0056,0.62688833,0.122820795,True
drone_0063_250_0001,0063,250,sat_0063,1,1.0,sat_0063,0063,0.7794795,sat_0056,0.61750764,0.16197187,True
drone_0063_250_0002,0063,250,sat_0063,1,1.0,sat_0063,0063,0.80123085,sat_0056,0.64070415,0.1605267,True
drone_0063_250_0003,0063,250,sat_0063,1,1.0,sat_0063,0063,0.78975683,sat_0056,0.65131044,0.13844639,True
drone_0063_250_0004,0063,250,sat_0063,1,1.0,sat_0063,0063,0.8175857,sat_0056,0.6959214,0.121664286,True
drone_0063_250_0005,0063,250,sat_0063,1,1.0,sat_0063,0063,0.7988204,sat_0056,0.7315992,0.067221165,True
drone_0063_250_0006,0063,250,sat_0063,1,1.0,sat_0063,0063,0.8721168,sat_0056,0.7936284,0.07848841,True
drone_0063_250_0007,0063,250,sat_0063,1,1.0,sat_0063,0063,0.8350891,sat_0056,0.76066947,0.07441962,True
drone_0063_250_0008,0063,250,sat_0063,1,1.0,sat_0063,0063,0.8665529,sat_0056,0.83441705,0.032135844,True
drone_0063_250_0009,0063,250,sat_0063,1,1.0,sat_0063,0063,0.873677,sat_0056,0.8122244,0.061452627,True
drone_0063_250_0010,0063,250,sat_0063,1,1.0,sat_0063,0063,0.88583237,sat_0056,0.81605583,0.069776535,True
drone_0063_250_0011,0063,250,sat_0063,1,1.0,sat_0063,0063,0.86992675,sat_0056,0.7593316,0.11059517,True
drone_0063_250_0012,0063,250,sat_0063,1,1.0,sat_0063,0063,0.861747,sat_0056,0.7095376,0.1522094,True
drone_0063_250_0013,0063,250,sat_0063,1,1.0,sat_0063,0063,0.85930747,sat_0056,0.7645153,0.09479219,True
drone_0063_250_0014,0063,250,sat_0063,1,1.0,sat_0063,0063,0.86227286,sat_0056,0.76346004,0.09881282,True
drone_0063_250_0015,0063,250,sat_0063,1,1.0,sat_0063,0063,0.8938378,sat_0056,0.72798073,0.16585708,True
drone_0063_250_0016,0063,250,sat_0063,1,1.0,sat_0063,0063,0.8735073,sat_0056,0.7519986,0.12150872,True
drone_0063_250_0017,0063,250,sat_0063,1,1.0,sat_0063,0063,0.8320515,sat_0056,0.6760763,0.15597522,True
drone_0063_250_0018,0063,250,sat_0063,1,1.0,sat_0063,0063,0.8465347,sat_0056,0.61023086,0.23630387,True
drone_0063_250_0019,0063,250,sat_0063,1,1.0,sat_0063,0063,0.84314656,sat_0056,0.66953415,0.17361242,True
drone_0063_250_0020,0063,250,sat_0063,1,1.0,sat_0063,0063,0.8067457,sat_0056,0.59814215,0.20860356,True
drone_0063_250_0021,0063,250,sat_0063,1,1.0,sat_0063,0063,0.7823416,sat_0056,0.6489591,0.1333825,True
drone_0063_250_0022,0063,250,sat_0063,1,1.0,sat_0063,0063,0.79605037,sat_0056,0.7402038,0.055846572,True
drone_0063_250_0023,0063,250,sat_0063,1,1.0,sat_0063,0063,0.8152354,sat_0056,0.7275673,0.08766806,True
drone_0063_250_0024,0063,250,sat_0063,1,1.0,sat_0063,0063,0.7806006,sat_0056,0.67881304,0.10178757,True
drone_0063_250_0025,0063,250,sat_0063,1,1.0,sat_0063,0063,0.7891955,sat_0056,0.5995618,0.18963367,True
drone_0063_250_0026,0063,250,sat_0063,1,1.0,sat_0063,0063,0.8045124,sat_0056,0.69444853,0.11006385,True
drone_0063_250_0027,0063,250,sat_0063,1,1.0,sat_0063,0063,0.768379,sat_0056,0.6211284,0.1472506,True
drone_0063_250_0028,0063,250,sat_0063,1,1.0,sat_0063,0063,0.80548376,sat_0056,0.6880685,0.11741525,True
drone_0063_250_0029,0063,250,sat_0063,1,1.0,sat_0063,0063,0.8072205,sat_0056,0.73586315,0.07135737,True
drone_0063_250_0030,0063,250,sat_0063,1,1.0,sat_0063,0063,0.7672169,sat_0056,0.7268962,0.040320694,True
drone_0063_250_0031,0063,250,sat_0063,1,1.0,sat_0063,0063,0.75014836,sat_0056,0.72859335,0.021555007,True
drone_0063_250_0032,0063,250,sat_0063,1,1.0,sat_0063,0063,0.68788207,sat_0056,0.6519993,0.03588277,True
drone_0063_250_0033,0063,250,sat_0063,1,1.0,sat_0063,0063,0.7491895,sat_0056,0.65970945,0.08948004,True
drone_0063_250_0034,0063,250,sat_0063,1,1.0,sat_0063,0063,0.71999615,sat_0056,0.5899064,0.13008976,True
drone_0063_250_0035,0063,250,sat_0063,1,1.0,sat_0063,0063,0.7269651,sat_0056,0.6285051,0.09846002,True
drone_0063_250_0036,0063,250,sat_0063,1,1.0,sat_0063,0063,0.7701312,sat_0056,0.63169414,0.13843703,True
drone_0063_250_0037,0063,250,sat_0063,1,1.0,sat_0063,0063,0.7786336,sat_0056,0.5402125,0.23842108,True
drone_0063_250_0038,0063,250,sat_0063,1,1.0,sat_0063,0063,0.7325028,sat_0056,0.5059047,0.22659814,True
drone_0063_250_0039,0063,250,sat_0063,1,1.0,sat_0063,0063,0.709232,sat_0056,0.4621526,0.24707937,True
drone_0063_250_0040,0063,250,sat_0063,1,1.0,sat_0063,0063,0.75395745,sat_0056,0.5273393,0.22661817,True
drone_0063_250_0041,0063,250,sat_0063,1,1.0,sat_0063,0063,0.73567194,sat_0056,0.5687814,0.16689056,True
drone_0063_250_0042,0063,250,sat_0063,1,1.0,sat_0063,0063,0.80561996,sat_0056,0.6121912,0.19342875,True
drone_0063_250_0043,0063,250,sat_0063,1,1.0,sat_0063,0063,0.71482074,sat_0056,0.5985328,0.11628795,True
drone_0063_250_0044,0063,250,sat_0063,1,1.0,sat_0063,0063,0.77878135,sat_0056,0.6186601,0.16012126,True
drone_0063_250_0045,0063,250,sat_0063,1,1.0,sat_0063,0063,0.6687953,sat_0056,0.52766055,0.14113474,True
drone_0063_250_0046,0063,250,sat_0063,1,1.0,sat_0063,0063,0.66150796,sat_0056,0.56622744,0.09528053,True
drone_0063_250_0047,0063,250,sat_0063,1,1.0,sat_0063,0063,0.65004975,sat_0056,0.52870196,0.121347785,True
drone_0063_250_0048,0063,250,sat_0063,1,1.0,sat_0063,0063,0.641687,sat_0056,0.56619275,0.07549423,True
drone_0063_250_0049,0063,250,sat_0063,1,1.0,sat_0063,0063,0.6178837,sat_0056,0.5455796,0.07230407,True
drone_0071_250_0000,0071,250,sat_0071,2,0.5,sat_0058,0058,0.8646725,sat_0071,0.8646725,0.0,False
drone_0071_250_0001,0071,250,sat_0071,2,0.5,sat_0058,0058,0.8648694,sat_0071,0.8648694,0.0,False
drone_0071_250_0002,0071,250,sat_0071,2,0.5,sat_0058,0058,0.86926883,sat_0071,0.86926883,0.0,False
drone_0071_250_0003,0071,250,sat_0071,2,0.5,sat_0058,0058,0.8523845,sat_0071,0.8523845,0.0,False
drone_0071_250_0004,0071,250,sat_0071,2,0.5,sat_0058,0058,0.86125094,sat_0071,0.86125094,0.0,False
drone_0071_250_0005,0071,250,sat_0071,2,0.5,sat_0058,0058,0.8511019,sat_0071,0.8511019,0.0,False
drone_0071_250_0006,0071,250,sat_0071,2,0.5,sat_0058,0058,0.8523043,sat_0071,0.8523043,0.0,False
drone_0071_250_0007,0071,250,sat_0071,2,0.5,sat_0058,0058,0.84682757,sat_0071,0.84682757,0.0,False
drone_0071_250_0008,0071,250,sat_0071,2,0.5,sat_0058,0058,0.8561789,sat_0071,0.8561789,0.0,False
drone_0071_250_0009,0071,250,sat_0071,2,0.5,sat_0058,0058,0.8638556,sat_0071,0.8638556,0.0,False
drone_0071_250_0010,0071,250,sat_0071,2,0.5,sat_0058,0058,0.85024065,sat_0071,0.85024065,0.0,False
drone_0071_250_0011,0071,250,sat_0071,2,0.5,sat_0058,0058,0.88397646,sat_0071,0.88397646,0.0,False
drone_0071_250_0012,0071,250,sat_0071,2,0.5,sat_0058,0058,0.86962867,sat_0071,0.86962867,0.0,False
drone_0071_250_0013,0071,250,sat_0071,2,0.5,sat_0058,0058,0.8663168,sat_0071,0.8663168,0.0,False
drone_0071_250_0014,0071,250,sat_0071,2,0.5,sat_0058,0058,0.84438026,sat_0071,0.84438026,0.0,False
drone_0071_250_0015,0071,250,sat_0071,2,0.5,sat_0058,0058,0.85110605,sat_0071,0.85110605,0.0,False
drone_0071_250_0016,0071,250,sat_0071,2,0.5,sat_0058,0058,0.8588159,sat_0071,0.8588159,0.0,False
drone_0071_250_0017,0071,250,sat_0071,2,0.5,sat_0058,0058,0.8361993,sat_0071,0.8361993,0.0,False
drone_0071_250_0018,0071,250,sat_0071,2,0.5,sat_0058,0058,0.84788907,sat_0071,0.84788907,0.0,False
drone_0071_250_0019,0071,250,sat_0071,2,0.5,sat_0058,0058,0.8100305,sat_0071,0.8100305,0.0,False
drone_0071_250_0020,0071,250,sat_0071,2,0.5,sat_0058,0058,0.8298464,sat_0071,0.8298464,0.0,False
drone_0071_250_0021,0071,250,sat_0071,2,0.5,sat_0058,0058,0.84867305,sat_0071,0.84867305,0.0,False
drone_0071_250_0022,0071,250,sat_0071,2,0.5,sat_0058,0058,0.817657,sat_0071,0.817657,0.0,False
drone_0071_250_0023,0071,250,sat_0071,2,0.5,sat_0058,0058,0.8139657,sat_0071,0.8139657,0.0,False
drone_0071_250_0024,0071,250,sat_0071,2,0.5,sat_0058,0058,0.8314619,sat_0071,0.8314619,0.0,False
drone_0071_250_0025,0071,250,sat_0071,2,0.5,sat_0058,0058,0.84755474,sat_0071,0.84755474,0.0,False
drone_0071_250_0026,0071,250,sat_0071,2,0.5,sat_0058,0058,0.86481327,sat_0071,0.86481327,0.0,False
drone_0071_250_0027,0071,250,sat_0071,2,0.5,sat_0058,0058,0.87591887,sat_0071,0.87591887,0.0,False
drone_0071_250_0028,0071,250,sat_0071,2,0.5,sat_0058,0058,0.8687547,sat_0071,0.8687547,0.0,False
drone_0071_250_0029,0071,250,sat_0071,2,0.5,sat_0058,0058,0.827844,sat_0071,0.827844,0.0,False
drone_0071_250_0030,0071,250,sat_0071,2,0.5,sat_0058,0058,0.81264114,sat_0071,0.81264114,0.0,False
drone_0071_250_0031,0071,250,sat_0071,2,0.5,sat_0058,0058,0.85972434,sat_0071,0.85972434,0.0,False
drone_0071_250_0032,0071,250,sat_0071,2,0.5,sat_0058,0058,0.8632834,sat_0071,0.8632834,0.0,False
drone_0071_250_0033,0071,250,sat_0071,2,0.5,sat_0058,0058,0.8739508,sat_0071,0.8739508,0.0,False
drone_0071_250_0034,0071,250,sat_0071,2,0.5,sat_0058,0058,0.8849165,sat_0071,0.8849165,0.0,False
drone_0071_250_0035,0071,250,sat_0071,2,0.5,sat_0058,0058,0.87265646,sat_0071,0.87265646,0.0,False
drone_0071_250_0036,0071,250,sat_0071,2,0.5,sat_0058,0058,0.85489476,sat_0071,0.85489476,0.0,False
drone_0071_250_0037,0071,250,sat_0071,2,0.5,sat_0058,0058,0.8685075,sat_0071,0.8685075,0.0,False
drone_0071_250_0038,0071,250,sat_0071,2,0.5,sat_0058,0058,0.87266695,sat_0071,0.87266695,0.0,False
drone_0071_250_0039,0071,250,sat_0071,2,0.5,sat_0058,0058,0.82454735,sat_0071,0.82454735,0.0,False
drone_0071_250_0040,0071,250,sat_0071,2,0.5,sat_0058,0058,0.82057226,sat_0071,0.82057226,0.0,False
drone_0071_250_0041,0071,250,sat_0071,2,0.5,sat_0058,0058,0.8720423,sat_0071,0.8720423,0.0,False
drone_0071_250_0042,0071,250,sat_0071,2,0.5,sat_0058,0058,0.8606394,sat_0071,0.8606394,0.0,False
drone_0071_250_0043,0071,250,sat_0071,2,0.5,sat_0058,0058,0.85956424,sat_0071,0.85956424,0.0,False
drone_0071_250_0044,0071,250,sat_0071,2,0.5,sat_0058,0058,0.84785575,sat_0071,0.84785575,0.0,False
drone_0071_250_0045,0071,250,sat_0071,2,0.5,sat_0058,0058,0.82485646,sat_0071,0.82485646,0.0,False
drone_0071_250_0046,0071,250,sat_0071,2,0.5,sat_0058,0058,0.8529577,sat_0071,0.8529577,0.0,False
drone_0071_250_0047,0071,250,sat_0071,2,0.5,sat_0058,0058,0.84629166,sat_0071,0.84629166,0.0,False
drone_0071_250_0048,0071,250,sat_0071,2,0.5,sat_0058,0058,0.86471903,sat_0071,0.86471903,0.0,False
drone_0071_250_0049,0071,250,sat_0071,2,0.5,sat_0058,0058,0.8633303,sat_0071,0.8633303,0.0,False
drone_0072_250_0000,0072,250,sat_0072,1,1.0,sat_0072,0072,0.8326603,sat_0174,0.727067,0.10559332,True
drone_0072_250_0001,0072,250,sat_0072,1,1.0,sat_0072,0072,0.83285177,sat_0174,0.7077532,0.12509859,True
drone_0072_250_0002,0072,250,sat_0072,1,1.0,sat_0072,0072,0.80464953,sat_0174,0.72149956,0.08314997,True
drone_0072_250_0003,0072,250,sat_0072,1,1.0,sat_0072,0072,0.84308964,sat_0174,0.7077275,0.13536215,True
drone_0072_250_0004,0072,250,sat_0072,1,1.0,sat_0072,0072,0.82957023,sat_0174,0.70252436,0.12704587,True
drone_0072_250_0005,0072,250,sat_0072,1,1.0,sat_0072,0072,0.8153854,sat_0174,0.71176124,0.103624165,True
drone_0072_250_0006,0072,250,sat_0072,1,1.0,sat_0072,0072,0.81793904,sat_0174,0.7183758,0.09956324,True
drone_0072_250_0007,0072,250,sat_0072,1,1.0,sat_0072,0072,0.8156811,sat_0174,0.6850703,0.13061082,True
drone_0072_250_0008,0072,250,sat_0072,1,1.0,sat_0072,0072,0.8112685,sat_0174,0.71537113,0.09589738,True
drone_0072_250_0009,0072,250,sat_0072,1,1.0,sat_0072,0072,0.78635013,sat_0174,0.6575651,0.12878501,True
drone_0072_250_0010,0072,250,sat_0072,1,1.0,sat_0072,0072,0.77352846,sat_0174,0.6474218,0.12610668,True
drone_0072_250_0011,0072,250,sat_0072,1,1.0,sat_0072,0072,0.7885944,sat_0174,0.6513399,0.13725454,True
drone_0072_250_0012,0072,250,sat_0072,1,1.0,sat_0072,0072,0.8035155,sat_0174,0.6397651,0.16375041,True
drone_0072_250_0013,0072,250,sat_0072,1,1.0,sat_0072,0072,0.79730695,sat_0174,0.66549677,0.13181019,True
drone_0072_250_0014,0072,250,sat_0072,1,1.0,sat_0072,0072,0.8224981,sat_0174,0.65683496,0.16566312,True
drone_0072_250_0015,0072,250,sat_0072,1,1.0,sat_0072,0072,0.8391463,sat_0174,0.6813423,0.15780401,True
drone_0072_250_0016,0072,250,sat_0072,1,1.0,sat_0072,0072,0.815986,sat_0174,0.6883308,0.12765515,True
drone_0072_250_0017,0072,250,sat_0072,1,1.0,sat_0072,0072,0.7956044,sat_0174,0.6305455,0.16505891,True
drone_0072_250_0018,0072,250,sat_0072,1,1.0,sat_0072,0072,0.80783254,sat_0174,0.6798405,0.12799203,True
drone_0072_250_0019,0072,250,sat_0072,1,1.0,sat_0072,0072,0.7914367,sat_0174,0.6443374,0.14709926,True
drone_0072_250_0020,0072,250,sat_0072,1,1.0,sat_0072,0072,0.7980862,sat_0174,0.6706248,0.12746143,True
drone_0072_250_0021,0072,250,sat_0072,1,1.0,sat_0072,0072,0.82154286,sat_0174,0.69520783,0.12633502,True
drone_0072_250_0022,0072,250,sat_0072,1,1.0,sat_0072,0072,0.8253825,sat_0174,0.6734196,0.15196288,True
drone_0072_250_0023,0072,250,sat_0072,1,1.0,sat_0072,0072,0.78215235,sat_0174,0.6409904,0.14116198,True
drone_0072_250_0024,0072,250,sat_0072,1,1.0,sat_0072,0072,0.76522636,sat_0174,0.65613174,0.10909462,True
drone_0072_250_0025,0072,250,sat_0072,1,1.0,sat_0072,0072,0.8261234,sat_0174,0.7165486,0.109574795,True
drone_0072_250_0026,0072,250,sat_0072,1,1.0,sat_0072,0072,0.80950695,sat_0174,0.7382191,0.07128787,True
drone_0072_250_0027,0072,250,sat_0072,1,1.0,sat_0072,0072,0.7793362,sat_0174,0.65377253,0.12556368,True
drone_0072_250_0028,0072,250,sat_0072,1,1.0,sat_0072,0072,0.7923566,sat_0174,0.63288206,0.15947455,True
drone_0072_250_0029,0072,250,sat_0072,1,1.0,sat_0072,0072,0.81703925,sat_0174,0.61101514,0.20602411,True
drone_0072_250_0030,0072,250,sat_0072,1,1.0,sat_0072,0072,0.8052405,sat_0174,0.6091911,0.19604939,True
drone_0072_250_0031,0072,250,sat_0072,1,1.0,sat_0072,0072,0.86148393,sat_0174,0.6248409,0.23664302,True
drone_0072_250_0032,0072,250,sat_0072,1,1.0,sat_0072,0072,0.8555448,sat_0174,0.6000043,0.2555405,True
drone_0072_250_0033,0072,250,sat_0072,1,1.0,sat_0072,0072,0.80461574,sat_0174,0.67266524,0.1319505,True
drone_0072_250_0034,0072,250,sat_0072,1,1.0,sat_0072,0072,0.7686675,sat_0174,0.6136144,0.15505314,True
drone_0072_250_0035,0072,250,sat_0072,1,1.0,sat_0072,0072,0.7858435,sat_0174,0.62377363,0.16206986,True
drone_0072_250_0036,0072,250,sat_0072,1,1.0,sat_0072,0072,0.8091828,sat_0174,0.632725,0.17645782,True
drone_0072_250_0037,0072,250,sat_0072,1,1.0,sat_0072,0072,0.8214902,sat_0174,0.66793126,0.15355897,True
drone_0072_250_0038,0072,250,sat_0072,1,1.0,sat_0072,0072,0.8224406,sat_0174,0.61054283,0.21189779,True
drone_0072_250_0039,0072,250,sat_0072,1,1.0,sat_0072,0072,0.8514209,sat_0174,0.6072349,0.24418598,True
drone_0072_250_0040,0072,250,sat_0072,1,1.0,sat_0072,0072,0.8340213,sat_0174,0.6211637,0.21285754,True
drone_0072_250_0041,0072,250,sat_0072,1,1.0,sat_0072,0072,0.81779206,sat_0174,0.68740183,0.13039023,True
drone_0072_250_0042,0072,250,sat_0072,1,1.0,sat_0072,0072,0.8187294,sat_0174,0.6998495,0.118879914,True
drone_0072_250_0043,0072,250,sat_0072,1,1.0,sat_0072,0072,0.83922684,sat_0174,0.68389803,0.15532881,True
drone_0072_250_0044,0072,250,sat_0072,1,1.0,sat_0072,0072,0.79244316,sat_0174,0.61501276,0.17743039,True
drone_0072_250_0045,0072,250,sat_0072,1,1.0,sat_0072,0072,0.77631164,sat_0174,0.67132163,0.104990005,True
drone_0072_250_0046,0072,250,sat_0072,1,1.0,sat_0072,0072,0.79384744,sat_0174,0.6766791,0.11716837,True
drone_0072_250_0047,0072,250,sat_0072,1,1.0,sat_0072,0072,0.82660633,sat_0174,0.6657081,0.16089821,True
drone_0072_250_0048,0072,250,sat_0072,1,1.0,sat_0072,0072,0.829937,sat_0174,0.65699846,0.17293853,True
drone_0072_250_0049,0072,250,sat_0072,1,1.0,sat_0072,0072,0.8236134,sat_0174,0.6811847,0.1424287,True
drone_0087_250_0000,0087,250,sat_0087,1,1.0,sat_0087,0087,0.9480569,sat_0088,0.74216175,0.20589513,True
drone_0087_250_0001,0087,250,sat_0087,1,1.0,sat_0087,0087,0.9548273,sat_0088,0.7347509,0.22007638,True
drone_0087_250_0002,0087,250,sat_0087,1,1.0,sat_0087,0087,0.9497373,sat_0088,0.72629267,0.22344464,True
drone_0087_250_0003,0087,250,sat_0087,1,1.0,sat_0087,0087,0.9527838,sat_0088,0.7468707,0.20591313,True
drone_0087_250_0004,0087,250,sat_0087,1,1.0,sat_0087,0087,0.95198166,sat_0088,0.73486805,0.21711361,True
drone_0087_250_0005,0087,250,sat_0087,1,1.0,sat_0087,0087,0.9492549,sat_0088,0.7434767,0.20577818,True
drone_0087_250_0006,0087,250,sat_0087,1,1.0,sat_0087,0087,0.9387166,sat_0088,0.7500995,0.18861711,True
drone_0087_250_0007,0087,250,sat_0087,1,1.0,sat_0087,0087,0.9397298,sat_0088,0.74051994,0.19920987,True
drone_0087_250_0008,0087,250,sat_0087,1,1.0,sat_0087,0087,0.9484669,sat_0088,0.7466469,0.20182002,True
drone_0087_250_0009,0087,250,sat_0087,1,1.0,sat_0087,0087,0.94490254,sat_0088,0.75317127,0.19173127,True
drone_0087_250_0010,0087,250,sat_0087,1,1.0,sat_0087,0087,0.9189963,sat_0088,0.76046336,0.15853292,True
drone_0087_250_0011,0087,250,sat_0087,1,1.0,sat_0087,0087,0.9042921,sat_0088,0.75545794,0.14883417,True
drone_0087_250_0012,0087,250,sat_0087,1,1.0,sat_0087,0087,0.9027307,sat_0088,0.74575984,0.15697086,True
drone_0087_250_0013,0087,250,sat_0087,1,1.0,sat_0087,0087,0.92322946,sat_0088,0.75685877,0.16637069,True
drone_0087_250_0014,0087,250,sat_0087,1,1.0,sat_0087,0087,0.9399228,sat_0088,0.7532643,0.1866585,True
drone_0087_250_0015,0087,250,sat_0087,1,1.0,sat_0087,0087,0.92409396,sat_0088,0.7518728,0.17222118,True
drone_0087_250_0016,0087,250,sat_0087,1,1.0,sat_0087,0087,0.94262165,sat_0088,0.73395973,0.20866191,True
drone_0087_250_0017,0087,250,sat_0087,1,1.0,sat_0087,0087,0.9285479,sat_0088,0.7127907,0.21575719,True
drone_0087_250_0018,0087,250,sat_0087,1,1.0,sat_0087,0087,0.9326699,sat_0088,0.7405635,0.19210637,True
drone_0087_250_0019,0087,250,sat_0087,1,1.0,sat_0087,0087,0.9407551,sat_0088,0.75998974,0.18076539,True
drone_0087_250_0020,0087,250,sat_0087,1,1.0,sat_0087,0087,0.93382174,sat_0088,0.7641786,0.16964316,True
drone_0087_250_0021,0087,250,sat_0087,1,1.0,sat_0087,0087,0.93567026,sat_0088,0.7323533,0.20331693,True
drone_0087_250_0022,0087,250,sat_0087,1,1.0,sat_0087,0087,0.936013,sat_0088,0.73687434,0.19913864,True
drone_0087_250_0023,0087,250,sat_0087,1,1.0,sat_0087,0087,0.9251938,sat_0088,0.72360593,0.20158786,True
drone_0087_250_0024,0087,250,sat_0087,1,1.0,sat_0087,0087,0.9378575,sat_0088,0.72251445,0.21534306,True
drone_0087_250_0025,0087,250,sat_0087,1,1.0,sat_0087,0087,0.9377238,sat_0088,0.73187524,0.20584857,True
drone_0087_250_0026,0087,250,sat_0087,1,1.0,sat_0087,0087,0.9105645,sat_0088,0.6767163,0.23384815,True
drone_0087_250_0027,0087,250,sat_0087,1,1.0,sat_0087,0087,0.93964833,sat_0088,0.70511305,0.23453528,True
drone_0087_250_0028,0087,250,sat_0087,1,1.0,sat_0087,0087,0.9180503,sat_0088,0.6748064,0.24324387,True
drone_0087_250_0029,0087,250,sat_0087,1,1.0,sat_0087,0087,0.90630615,sat_0088,0.662296,0.24401015,True
drone_0087_250_0030,0087,250,sat_0087,1,1.0,sat_0087,0087,0.91550183,sat_0088,0.684908,0.23059386,True
drone_0087_250_0031,0087,250,sat_0087,1,1.0,sat_0087,0087,0.90231806,sat_0088,0.6694618,0.23285627,True
drone_0087_250_0032,0087,250,sat_0087,1,1.0,sat_0087,0087,0.8983944,sat_0088,0.67367643,0.22471797,True
drone_0087_250_0033,0087,250,sat_0087,1,1.0,sat_0087,0087,0.8724489,sat_0088,0.67206454,0.20038438,True
drone_0087_250_0034,0087,250,sat_0087,1,1.0,sat_0087,0087,0.88112724,sat_0088,0.67259175,0.20853549,True
drone_0087_250_0035,0087,250,sat_0087,1,1.0,sat_0087,0087,0.8796544,sat_0088,0.66378343,0.21587098,True
drone_0087_250_0036,0087,250,sat_0087,1,1.0,sat_0087,0087,0.88289225,sat_0088,0.72159845,0.1612938,True
drone_0087_250_0037,0087,250,sat_0087,1,1.0,sat_0087,0087,0.8988975,sat_0088,0.7089491,0.18994844,True
drone_0087_250_0038,0087,250,sat_0087,1,1.0,sat_0087,0087,0.90747374,sat_0088,0.68889403,0.21857971,True
drone_0087_250_0039,0087,250,sat_0087,1,1.0,sat_0087,0087,0.8925239,sat_0088,0.7130026,0.17952126,True
drone_0087_250_0040,0087,250,sat_0087,1,1.0,sat_0087,0087,0.9066788,sat_0088,0.7077988,0.19888002,True
drone_0087_250_0041,0087,250,sat_0087,1,1.0,sat_0087,0087,0.8893156,sat_0088,0.69523716,0.19407845,True
drone_0087_250_0042,0087,250,sat_0087,1,1.0,sat_0087,0087,0.8968614,sat_0088,0.69444275,0.20241863,True
drone_0087_250_0043,0087,250,sat_0087,1,1.0,sat_0087,0087,0.9068541,sat_0088,0.6914728,0.21538126,True
drone_0087_250_0044,0087,250,sat_0087,1,1.0,sat_0087,0087,0.9097826,sat_0088,0.73066115,0.17912143,True
drone_0087_250_0045,0087,250,sat_0087,1,1.0,sat_0087,0087,0.8969548,sat_0088,0.7343886,0.16256618,True
drone_0087_250_0046,0087,250,sat_0087,1,1.0,sat_0087,0087,0.9021332,sat_0088,0.71209276,0.19004047,True
drone_0087_250_0047,0087,250,sat_0087,1,1.0,sat_0087,0087,0.9022028,sat_0088,0.7227663,0.1794365,True
drone_0087_250_0048,0087,250,sat_0087,1,1.0,sat_0087,0087,0.9291204,sat_0088,0.7000834,0.22903705,True
drone_0087_250_0049,0087,250,sat_0087,1,1.0,sat_0087,0087,0.9432936,sat_0088,0.7382934,0.20500016,True
drone_0088_250_0000,0088,250,sat_0088,1,1.0,sat_0088,0088,0.812155,sat_0152,0.5988469,0.2133081,True
drone_0088_250_0001,0088,250,sat_0088,1,1.0,sat_0088,0088,0.8219112,sat_0152,0.6017786,0.22013259,True
drone_0088_250_0002,0088,250,sat_0088,1,1.0,sat_0088,0088,0.82028925,sat_0087,0.5843474,0.23594183,True
drone_0088_250_0003,0088,250,sat_0088,1,1.0,sat_0088,0088,0.82836205,sat_0087,0.60591155,0.2224505,True
drone_0088_250_0004,0088,250,sat_0088,1,1.0,sat_0088,0088,0.83690697,sat_0087,0.62644124,0.21046573,True
drone_0088_250_0005,0088,250,sat_0088,1,1.0,sat_0088,0088,0.831861,sat_0087,0.60256463,0.22929639,True
drone_0088_250_0006,0088,250,sat_0088,1,1.0,sat_0088,0088,0.8343631,sat_0087,0.6262341,0.20812899,True
drone_0088_250_0007,0088,250,sat_0088,1,1.0,sat_0088,0088,0.8284376,sat_0152,0.56109107,0.26734656,True
drone_0088_250_0008,0088,250,sat_0088,1,1.0,sat_0088,0088,0.8044568,sat_0152,0.55819017,0.2462666,True
drone_0088_250_0009,0088,250,sat_0088,1,1.0,sat_0088,0088,0.8257685,sat_0152,0.59413975,0.23162872,True
drone_0088_250_0010,0088,250,sat_0088,1,1.0,sat_0088,0088,0.8216841,sat_0152,0.5912331,0.23045105,True
drone_0088_250_0011,0088,250,sat_0088,1,1.0,sat_0088,0088,0.8407332,sat_0087,0.57317305,0.26756012,True
drone_0088_250_0012,0088,250,sat_0088,1,1.0,sat_0088,0088,0.8429377,sat_0152,0.5928388,0.25009888,True
drone_0088_250_0013,0088,250,sat_0088,1,1.0,sat_0088,0088,0.83004004,sat_0152,0.61874896,0.21129107,True
drone_0088_250_0014,0088,250,sat_0088,1,1.0,sat_0088,0088,0.8762151,sat_0087,0.5844184,0.29179668,True
drone_0088_250_0015,0088,250,sat_0088,1,1.0,sat_0088,0088,0.863446,sat_0152,0.6234939,0.23995209,True
drone_0088_250_0016,0088,250,sat_0088,1,1.0,sat_0088,0088,0.8251537,sat_0152,0.60954493,0.21560878,True
drone_0088_250_0017,0088,250,sat_0088,1,1.0,sat_0088,0088,0.80944943,sat_0152,0.6225682,0.18688124,True
drone_0088_250_0018,0088,250,sat_0088,1,1.0,sat_0088,0088,0.8368442,sat_0152,0.6046402,0.23220402,True
drone_0088_250_0019,0088,250,sat_0088,1,1.0,sat_0088,0088,0.8290225,sat_0152,0.6620543,0.16696823,True
drone_0088_250_0020,0088,250,sat_0088,1,1.0,sat_0088,0088,0.86228824,sat_0152,0.6355767,0.22671151,True
drone_0088_250_0021,0088,250,sat_0088,1,1.0,sat_0088,0088,0.8959819,sat_0087,0.6985636,0.19741833,True
drone_0088_250_0022,0088,250,sat_0088,1,1.0,sat_0088,0088,0.8849719,sat_0087,0.6513828,0.23358911,True
drone_0088_250_0023,0088,250,sat_0088,1,1.0,sat_0088,0088,0.84789187,sat_0087,0.6606014,0.18729049,True
drone_0088_250_0024,0088,250,sat_0088,1,1.0,sat_0088,0088,0.8336332,sat_0087,0.735831,0.09780216,True
drone_0088_250_0025,0088,250,sat_0088,1,1.0,sat_0088,0088,0.8453254,sat_0087,0.73187095,0.11345446,True
drone_0088_250_0026,0088,250,sat_0088,1,1.0,sat_0088,0088,0.86824465,sat_0087,0.7311639,0.13708073,True
drone_0088_250_0027,0088,250,sat_0088,1,1.0,sat_0088,0088,0.84860444,sat_0087,0.6797412,0.16886324,True
drone_0088_250_0028,0088,250,sat_0088,1,1.0,sat_0088,0088,0.8891714,sat_0087,0.7327619,0.1564095,True
drone_0088_250_0029,0088,250,sat_0088,1,1.0,sat_0088,0088,0.9065391,sat_0087,0.6955696,0.21096951,True
drone_0088_250_0030,0088,250,sat_0088,1,1.0,sat_0088,0088,0.89220595,sat_0087,0.67871106,0.2134949,True
drone_0088_250_0031,0088,250,sat_0088,1,1.0,sat_0088,0088,0.902143,sat_0087,0.6868931,0.2152499,True
drone_0088_250_0032,0088,250,sat_0088,1,1.0,sat_0088,0088,0.8938942,sat_0087,0.69076276,0.20313144,True
drone_0088_250_0033,0088,250,sat_0088,1,1.0,sat_0088,0088,0.88634855,sat_0087,0.61634004,0.2700085,True
drone_0088_250_0034,0088,250,sat_0088,1,1.0,sat_0088,0088,0.89829826,sat_0087,0.60415024,0.29414803,True
drone_0088_250_0035,0088,250,sat_0088,1,1.0,sat_0088,0088,0.8939709,sat_0087,0.6116915,0.28227943,True
drone_0088_250_0036,0088,250,sat_0088,1,1.0,sat_0088,0088,0.91231316,sat_0087,0.6453244,0.26698875,True
drone_0088_250_0037,0088,250,sat_0088,1,1.0,sat_0088,0088,0.9182392,sat_0152,0.6335476,0.28469157,True
drone_0088_250_0038,0088,250,sat_0088,1,1.0,sat_0088,0088,0.91744006,sat_0152,0.62930083,0.28813922,True
drone_0088_250_0039,0088,250,sat_0088,1,1.0,sat_0088,0088,0.897259,sat_0152,0.65645576,0.24080324,True
drone_0088_250_0040,0088,250,sat_0088,1,1.0,sat_0088,0088,0.89643466,sat_0152,0.6391458,0.25728887,True
drone_0088_250_0041,0088,250,sat_0088,1,1.0,sat_0088,0088,0.89668614,sat_0152,0.6158878,0.28079832,True
drone_0088_250_0042,0088,250,sat_0088,1,1.0,sat_0088,0088,0.89999235,sat_0087,0.62747556,0.2725168,True
drone_0088_250_0043,0088,250,sat_0088,1,1.0,sat_0088,0088,0.87557834,sat_0152,0.63854337,0.23703498,True
drone_0088_250_0044,0088,250,sat_0088,1,1.0,sat_0088,0088,0.8749194,sat_0152,0.6449322,0.2299872,True
drone_0088_250_0045,0088,250,sat_0088,1,1.0,sat_0088,0088,0.8702298,sat_0152,0.6332569,0.23697287,True
drone_0088_250_0046,0088,250,sat_0088,1,1.0,sat_0088,0088,0.8597208,sat_0087,0.62263715,0.23708367,True
drone_0088_250_0047,0088,250,sat_0088,1,1.0,sat_0088,0088,0.85377955,sat_0152,0.66455084,0.18922871,True
drone_0088_250_0048,0088,250,sat_0088,1,1.0,sat_0088,0088,0.8445108,sat_0152,0.60704136,0.23746943,True
drone_0088_250_0049,0088,250,sat_0088,1,1.0,sat_0088,0088,0.85115135,sat_0152,0.6217452,0.22940612,True
drone_0108_250_0000,0108,250,sat_0108,1,1.0,sat_0108,0108,0.8961985,sat_0189,0.5913216,0.30487692,True
drone_0108_250_0001,0108,250,sat_0108,1,1.0,sat_0108,0108,0.89836377,sat_0189,0.5956549,0.30270886,True
drone_0108_250_0002,0108,250,sat_0108,1,1.0,sat_0108,0108,0.89816684,sat_0189,0.5988088,0.299358,True
drone_0108_250_0003,0108,250,sat_0108,1,1.0,sat_0108,0108,0.90697646,sat_0190,0.5898075,0.31716895,True
drone_0108_250_0004,0108,250,sat_0108,1,1.0,sat_0108,0108,0.8937417,sat_0190,0.5941244,0.29961735,True
drone_0108_250_0005,0108,250,sat_0108,1,1.0,sat_0108,0108,0.8884462,sat_0189,0.60311323,0.28533298,True
drone_0108_250_0006,0108,250,sat_0108,1,1.0,sat_0108,0108,0.8899652,sat_0190,0.5904744,0.29949075,True
drone_0108_250_0007,0108,250,sat_0108,1,1.0,sat_0108,0108,0.8912627,sat_0190,0.6002966,0.2909661,True
drone_0108_250_0008,0108,250,sat_0108,1,1.0,sat_0108,0108,0.89720243,sat_0190,0.6142091,0.28299332,True
drone_0108_250_0009,0108,250,sat_0108,1,1.0,sat_0108,0108,0.9004628,sat_0190,0.610315,0.29014778,True
drone_0108_250_0010,0108,250,sat_0108,1,1.0,sat_0108,0108,0.9002717,sat_0190,0.6025251,0.2977466,True
drone_0108_250_0011,0108,250,sat_0108,1,1.0,sat_0108,0108,0.88556474,sat_0190,0.60841644,0.2771483,True
drone_0108_250_0012,0108,250,sat_0108,1,1.0,sat_0108,0108,0.8880877,sat_0190,0.6348691,0.2532186,True
drone_0108_250_0013,0108,250,sat_0108,1,1.0,sat_0108,0108,0.89044344,sat_0190,0.6427263,0.24771714,True
drone_0108_250_0014,0108,250,sat_0108,1,1.0,sat_0108,0108,0.87885106,sat_0190,0.665323,0.21352804,True
drone_0108_250_0015,0108,250,sat_0108,1,1.0,sat_0108,0108,0.87745106,sat_0190,0.65827346,0.2191776,True
drone_0108_250_0016,0108,250,sat_0108,1,1.0,sat_0108,0108,0.8828242,sat_0190,0.6709266,0.21189761,True
drone_0108_250_0017,0108,250,sat_0108,1,1.0,sat_0108,0108,0.89343464,sat_0190,0.66125727,0.23217738,True
drone_0108_250_0018,0108,250,sat_0108,1,1.0,sat_0108,0108,0.8879654,sat_0189,0.6541355,0.23382986,True
drone_0108_250_0019,0108,250,sat_0108,1,1.0,sat_0108,0108,0.8915144,sat_0189,0.64500624,0.24650818,True
drone_0108_250_0020,0108,250,sat_0108,1,1.0,sat_0108,0108,0.88829494,sat_0190,0.62851954,0.2597754,True
drone_0108_250_0021,0108,250,sat_0108,1,1.0,sat_0108,0108,0.8973775,sat_0190,0.6477987,0.24957877,True
drone_0108_250_0022,0108,250,sat_0108,1,1.0,sat_0108,0108,0.89892,sat_0190,0.6555338,0.24338621,True
drone_0108_250_0023,0108,250,sat_0108,1,1.0,sat_0108,0108,0.90234625,sat_0190,0.6332769,0.26906937,True
drone_0108_250_0024,0108,250,sat_0108,1,1.0,sat_0108,0108,0.91417783,sat_0190,0.6258047,0.2883731,True
drone_0108_250_0025,0108,250,sat_0108,1,1.0,sat_0108,0108,0.90774333,sat_0190,0.63300884,0.2747345,True
drone_0108_250_0026,0108,250,sat_0108,1,1.0,sat_0108,0108,0.9014413,sat_0190,0.63773525,0.26370603,True
drone_0108_250_0027,0108,250,sat_0108,1,1.0,sat_0108,0108,0.90741515,sat_0190,0.6436826,0.26373255,True
drone_0108_250_0028,0108,250,sat_0108,1,1.0,sat_0108,0108,0.90731686,sat_0190,0.637955,0.26936185,True
drone_0108_250_0029,0108,250,sat_0108,1,1.0,sat_0108,0108,0.91018546,sat_0190,0.63944006,0.2707454,True
drone_0108_250_0030,0108,250,sat_0108,1,1.0,sat_0108,0108,0.9065128,sat_0190,0.67042655,0.23608625,True
drone_0108_250_0031,0108,250,sat_0108,1,1.0,sat_0108,0108,0.9054866,sat_0190,0.65460664,0.25087994,True
drone_0108_250_0032,0108,250,sat_0108,1,1.0,sat_0108,0108,0.90498734,sat_0190,0.63765705,0.2673303,True
drone_0108_250_0033,0108,250,sat_0108,1,1.0,sat_0108,0108,0.91478753,sat_0190,0.6270966,0.28769094,True
drone_0108_250_0034,0108,250,sat_0108,1,1.0,sat_0108,0108,0.915923,sat_0190,0.6153382,0.3005848,True
drone_0108_250_0035,0108,250,sat_0108,1,1.0,sat_0108,0108,0.91250503,sat_0190,0.60742867,0.30507636,True
drone_0108_250_0036,0108,250,sat_0108,1,1.0,sat_0108,0108,0.9067589,sat_0190,0.6254122,0.28134668,True
drone_0108_250_0037,0108,250,sat_0108,1,1.0,sat_0108,0108,0.90027714,sat_0190,0.6457148,0.25456232,True
drone_0108_250_0038,0108,250,sat_0108,1,1.0,sat_0108,0108,0.91592866,sat_0190,0.6300658,0.28586286,True
drone_0108_250_0039,0108,250,sat_0108,1,1.0,sat_0108,0108,0.90847844,sat_0190,0.6484612,0.26001722,True
drone_0108_250_0040,0108,250,sat_0108,1,1.0,sat_0108,0108,0.88929814,sat_0190,0.66751057,0.22178757,True
drone_0108_250_0041,0108,250,sat_0108,1,1.0,sat_0108,0108,0.90095377,sat_0190,0.653929,0.24702477,True
drone_0108_250_0042,0108,250,sat_0108,1,1.0,sat_0108,0108,0.8990386,sat_0190,0.6318892,0.2671494,True
drone_0108_250_0043,0108,250,sat_0108,1,1.0,sat_0108,0108,0.9139873,sat_0190,0.6395325,0.27445477,True
drone_0108_250_0044,0108,250,sat_0108,1,1.0,sat_0108,0108,0.8825889,sat_0189,0.6400175,0.24257141,True
drone_0108_250_0045,0108,250,sat_0108,1,1.0,sat_0108,0108,0.89706075,sat_0189,0.6311823,0.26587844,True
drone_0108_250_0046,0108,250,sat_0108,1,1.0,sat_0108,0108,0.8981041,sat_0189,0.63461894,0.26348513,True
drone_0108_250_0047,0108,250,sat_0108,1,1.0,sat_0108,0108,0.89042795,sat_0189,0.6229331,0.26749486,True
drone_0108_250_0048,0108,250,sat_0108,1,1.0,sat_0108,0108,0.90066695,sat_0189,0.5858689,0.31479806,True
drone_0108_250_0049,0108,250,sat_0108,1,1.0,sat_0108,0108,0.8903069,sat_0189,0.61868256,0.27162433,True
drone_0109_250_0000,0109,250,sat_0109,1,1.0,sat_0109,0109,0.92090553,sat_0155,0.42736265,0.49354288,True
drone_0109_250_0001,0109,250,sat_0109,1,1.0,sat_0109,0109,0.91316015,sat_0155,0.46111372,0.45204642,True
drone_0109_250_0002,0109,250,sat_0109,1,1.0,sat_0109,0109,0.8986403,sat_0155,0.4689213,0.42971897,True
drone_0109_250_0003,0109,250,sat_0109,1,1.0,sat_0109,0109,0.90519315,sat_0155,0.47448045,0.4307127,True
drone_0109_250_0004,0109,250,sat_0109,1,1.0,sat_0109,0109,0.896401,sat_0155,0.4905828,0.4058182,True
drone_0109_250_0005,0109,250,sat_0109,1,1.0,sat_0109,0109,0.8760806,sat_0155,0.51954174,0.35653883,True
drone_0109_250_0006,0109,250,sat_0109,1,1.0,sat_0109,0109,0.8526447,sat_0155,0.5518232,0.30082148,True
drone_0109_250_0007,0109,250,sat_0109,1,1.0,sat_0109,0109,0.86460125,sat_0155,0.5244802,0.34012103,True
drone_0109_250_0008,0109,250,sat_0109,1,1.0,sat_0109,0109,0.812909,sat_0155,0.577288,0.23562104,True
drone_0109_250_0009,0109,250,sat_0109,1,1.0,sat_0109,0109,0.8980105,sat_0155,0.48874748,0.409263,True
drone_0109_250_0010,0109,250,sat_0109,1,1.0,sat_0109,0109,0.8104984,sat_0155,0.60158306,0.20891535,True
drone_0109_250_0011,0109,250,sat_0109,1,1.0,sat_0109,0109,0.8620195,sat_0155,0.5577386,0.30428088,True
drone_0109_250_0012,0109,250,sat_0109,1,1.0,sat_0109,0109,0.7912848,sat_0155,0.6014724,0.18981242,True
drone_0109_250_0013,0109,250,sat_0109,1,1.0,sat_0109,0109,0.76815206,sat_0155,0.58156526,0.1865868,True
drone_0109_250_0014,0109,250,sat_0109,1,1.0,sat_0109,0109,0.7090791,sat_0155,0.61622727,0.09285182,True
drone_0109_250_0015,0109,250,sat_0109,1,1.0,sat_0109,0109,0.817772,sat_0155,0.55426115,0.26351082,True
drone_0109_250_0016,0109,250,sat_0109,1,1.0,sat_0109,0109,0.8111405,sat_0155,0.5975304,0.21361005,True
drone_0109_250_0017,0109,250,sat_0109,1,1.0,sat_0109,0109,0.7915803,sat_0155,0.5679642,0.22361612,True
drone_0109_250_0018,0109,250,sat_0109,1,1.0,sat_0109,0109,0.818739,sat_0155,0.44819224,0.37054676,True
drone_0109_250_0019,0109,250,sat_0109,1,1.0,sat_0109,0109,0.83250284,sat_0155,0.46158054,0.3709223,True
drone_0109_250_0020,0109,250,sat_0109,1,1.0,sat_0109,0109,0.8592907,sat_0155,0.36295205,0.49633867,True
drone_0109_250_0021,0109,250,sat_0109,1,1.0,sat_0109,0109,0.87715393,sat_0155,0.41092187,0.46623206,True
drone_0109_250_0022,0109,250,sat_0109,1,1.0,sat_0109,0109,0.8898535,sat_0155,0.46266237,0.4271911,True
drone_0109_250_0023,0109,250,sat_0109,1,1.0,sat_0109,0109,0.89995563,sat_0155,0.38248408,0.51747155,True
drone_0109_250_0024,0109,250,sat_0109,1,1.0,sat_0109,0109,0.89262325,sat_0155,0.36887002,0.5237532,True
drone_0109_250_0025,0109,250,sat_0109,1,1.0,sat_0109,0109,0.9185436,sat_0155,0.3747302,0.54381335,True
drone_0109_250_0026,0109,250,sat_0109,1,1.0,sat_0109,0109,0.9202752,sat_0155,0.32370722,0.596568,True
drone_0109_250_0027,0109,250,sat_0109,1,1.0,sat_0109,0109,0.9079195,sat_0002,0.3403922,0.5675273,True
drone_0109_250_0028,0109,250,sat_0109,1,1.0,sat_0109,0109,0.88288355,sat_0155,0.4030483,0.47983524,True
drone_0109_250_0029,0109,250,sat_0109,1,1.0,sat_0109,0109,0.85976166,sat_0155,0.37851703,0.48124462,True
drone_0109_250_0030,0109,250,sat_0109,1,1.0,sat_0109,0109,0.82781816,sat_0155,0.5084721,0.31934607,True
drone_0109_250_0031,0109,250,sat_0109,1,1.0,sat_0109,0109,0.8636205,sat_0155,0.46248406,0.40113646,True
drone_0109_250_0032,0109,250,sat_0109,1,1.0,sat_0109,0109,0.9093873,sat_0155,0.43965188,0.4697354,True
drone_0109_250_0033,0109,250,sat_0109,1,1.0,sat_0109,0109,0.8961387,sat_0155,0.5034253,0.39271343,True
drone_0109_250_0034,0109,250,sat_0109,1,1.0,sat_0109,0109,0.8666331,sat_0155,0.49226794,0.37436518,True
drone_0109_250_0035,0109,250,sat_0109,1,1.0,sat_0109,0109,0.9280258,sat_0155,0.4069368,0.52108896,True
drone_0109_250_0036,0109,250,sat_0109,1,1.0,sat_0109,0109,0.9314182,sat_0155,0.30544847,0.6259697,True
drone_0109_250_0037,0109,250,sat_0109,1,1.0,sat_0109,0109,0.91373026,sat_0155,0.3518566,0.5618737,True
drone_0109_250_0038,0109,250,sat_0109,1,1.0,sat_0109,0109,0.91095746,sat_0155,0.37438715,0.5365703,True
drone_0109_250_0039,0109,250,sat_0109,1,1.0,sat_0109,0109,0.8925446,sat_0155,0.37068084,0.5218638,True
drone_0109_250_0040,0109,250,sat_0109,1,1.0,sat_0109,0109,0.9081657,sat_0155,0.34303606,0.56512964,True
drone_0109_250_0041,0109,250,sat_0109,1,1.0,sat_0109,0109,0.88185847,sat_0155,0.41754872,0.46430975,True
drone_0109_250_0042,0109,250,sat_0109,1,1.0,sat_0109,0109,0.88864243,sat_0155,0.41824222,0.4704002,True
drone_0109_250_0043,0109,250,sat_0109,1,1.0,sat_0109,0109,0.85559523,sat_0155,0.486126,0.36946923,True
drone_0109_250_0044,0109,250,sat_0109,1,1.0,sat_0109,0109,0.8067268,sat_0155,0.55839676,0.24833006,True
drone_0109_250_0045,0109,250,sat_0109,1,1.0,sat_0109,0109,0.8866102,sat_0155,0.48655725,0.40005296,True
drone_0109_250_0046,0109,250,sat_0109,1,1.0,sat_0109,0109,0.88679695,sat_0155,0.505176,0.38162094,True
drone_0109_250_0047,0109,250,sat_0109,1,1.0,sat_0109,0109,0.9016225,sat_0155,0.5247961,0.37682635,True
drone_0109_250_0048,0109,250,sat_0109,1,1.0,sat_0109,0109,0.9045498,sat_0155,0.53089434,0.37365544,True
drone_0109_250_0049,0109,250,sat_0109,1,1.0,sat_0109,0109,0.93065965,sat_0155,0.4593483,0.47131136,True
drone_0115_250_0000,0115,250,sat_0115,1,1.0,sat_0115,0115,0.9411363,sat_0087,0.40201902,0.5391173,True
drone_0115_250_0001,0115,250,sat_0115,1,1.0,sat_0115,0115,0.94984657,sat_0087,0.39175045,0.5580961,True
drone_0115_250_0002,0115,250,sat_0115,1,1.0,sat_0115,0115,0.9530159,sat_0087,0.40886635,0.5441496,True
drone_0115_250_0003,0115,250,sat_0115,1,1.0,sat_0115,0115,0.95278007,sat_0087,0.39903867,0.5537414,True
drone_0115_250_0004,0115,250,sat_0115,1,1.0,sat_0115,0115,0.9501994,sat_0087,0.38839707,0.5618024,True
drone_0115_250_0005,0115,250,sat_0115,1,1.0,sat_0115,0115,0.94422376,sat_0151,0.36993882,0.5742849,True
drone_0115_250_0006,0115,250,sat_0115,1,1.0,sat_0115,0115,0.9449063,sat_0151,0.3786828,0.5662235,True
drone_0115_250_0007,0115,250,sat_0115,1,1.0,sat_0115,0115,0.94910836,sat_0151,0.37316594,0.5759424,True
drone_0115_250_0008,0115,250,sat_0115,1,1.0,sat_0115,0115,0.9425535,sat_0087,0.3385252,0.60402834,True
drone_0115_250_0009,0115,250,sat_0115,1,1.0,sat_0115,0115,0.9392381,sat_0151,0.35140473,0.58783334,True
drone_0115_250_0010,0115,250,sat_0115,1,1.0,sat_0115,0115,0.93176806,sat_0087,0.33341336,0.5983547,True
drone_0115_250_0011,0115,250,sat_0115,1,1.0,sat_0115,0115,0.9281633,sat_0151,0.35263285,0.5755304,True
drone_0115_250_0012,0115,250,sat_0115,1,1.0,sat_0115,0115,0.9118351,sat_0151,0.39195102,0.51988405,True
drone_0115_250_0013,0115,250,sat_0115,1,1.0,sat_0115,0115,0.9022331,sat_0151,0.3744214,0.52781177,True
drone_0115_250_0014,0115,250,sat_0115,1,1.0,sat_0115,0115,0.90799385,sat_0151,0.351515,0.55647886,True
drone_0115_250_0015,0115,250,sat_0115,1,1.0,sat_0115,0115,0.92467153,sat_0151,0.35023898,0.57443255,True
drone_0115_250_0016,0115,250,sat_0115,1,1.0,sat_0115,0115,0.9236426,sat_0151,0.36685565,0.5567869,True
drone_0115_250_0017,0115,250,sat_0115,1,1.0,sat_0115,0115,0.9144982,sat_0151,0.3663996,0.5480986,True
drone_0115_250_0018,0115,250,sat_0115,1,1.0,sat_0115,0115,0.9300436,sat_0087,0.3820358,0.5480078,True
drone_0115_250_0019,0115,250,sat_0115,1,1.0,sat_0115,0115,0.93184596,sat_0087,0.39145643,0.54038954,True
drone_0115_250_0020,0115,250,sat_0115,1,1.0,sat_0115,0115,0.91019243,sat_0060,0.4347906,0.47540182,True
drone_0115_250_0021,0115,250,sat_0115,1,1.0,sat_0115,0115,0.91961956,sat_0087,0.407987,0.51163256,True
drone_0115_250_0022,0115,250,sat_0115,1,1.0,sat_0115,0115,0.91386425,sat_0060,0.4200393,0.49382496,True
drone_0115_250_0023,0115,250,sat_0115,1,1.0,sat_0115,0115,0.9152158,sat_0060,0.40590346,0.50931233,True
drone_0115_250_0024,0115,250,sat_0115,1,1.0,sat_0115,0115,0.92030764,sat_0060,0.41608828,0.50421935,True
drone_0115_250_0025,0115,250,sat_0115,1,1.0,sat_0115,0115,0.91983736,sat_0060,0.40411645,0.5157209,True
drone_0115_250_0026,0115,250,sat_0115,1,1.0,sat_0115,0115,0.92872083,sat_0087,0.43441573,0.4943051,True
drone_0115_250_0027,0115,250,sat_0115,1,1.0,sat_0115,0115,0.9099815,sat_0087,0.4161436,0.4938379,True
drone_0115_250_0028,0115,250,sat_0115,1,1.0,sat_0115,0115,0.93851155,sat_0087,0.47790793,0.46060362,True
drone_0115_250_0029,0115,250,sat_0115,1,1.0,sat_0115,0115,0.932772,sat_0087,0.4584228,0.47434917,True
drone_0115_250_0030,0115,250,sat_0115,1,1.0,sat_0115,0115,0.9395909,sat_0087,0.45481092,0.48477995,True
drone_0115_250_0031,0115,250,sat_0115,1,1.0,sat_0115,0115,0.93880177,sat_0087,0.4564305,0.48237127,True
drone_0115_250_0032,0115,250,sat_0115,1,1.0,sat_0115,0115,0.94744265,sat_0087,0.41950607,0.5279366,True
drone_0115_250_0033,0115,250,sat_0115,1,1.0,sat_0115,0115,0.94201565,sat_0087,0.42106074,0.5209549,True
drone_0115_250_0034,0115,250,sat_0115,1,1.0,sat_0115,0115,0.9335374,sat_0151,0.39131323,0.54222417,True
drone_0115_250_0035,0115,250,sat_0115,1,1.0,sat_0115,0115,0.93306386,sat_0151,0.392487,0.5405769,True
drone_0115_250_0036,0115,250,sat_0115,1,1.0,sat_0115,0115,0.927006,sat_0151,0.41350162,0.5135044,True
drone_0115_250_0037,0115,250,sat_0115,1,1.0,sat_0115,0115,0.93122584,sat_0087,0.4409976,0.49022824,True
drone_0115_250_0038,0115,250,sat_0115,1,1.0,sat_0115,0115,0.92478967,sat_0087,0.42012358,0.5046661,True
drone_0115_250_0039,0115,250,sat_0115,1,1.0,sat_0115,0115,0.93223226,sat_0087,0.45229173,0.47994053,True
drone_0115_250_0040,0115,250,sat_0115,1,1.0,sat_0115,0115,0.92577136,sat_0087,0.43127927,0.49449208,True
drone_0115_250_0041,0115,250,sat_0115,1,1.0,sat_0115,0115,0.92220616,sat_0087,0.4382559,0.48395026,True
drone_0115_250_0042,0115,250,sat_0115,1,1.0,sat_0115,0115,0.9390691,sat_0087,0.41779995,0.52126914,True
drone_0115_250_0043,0115,250,sat_0115,1,1.0,sat_0115,0115,0.92823094,sat_0087,0.398032,0.53019893,True
drone_0115_250_0044,0115,250,sat_0115,1,1.0,sat_0115,0115,0.9281177,sat_0060,0.36275226,0.56536543,True
drone_0115_250_0045,0115,250,sat_0115,1,1.0,sat_0115,0115,0.93509054,sat_0087,0.37675285,0.5583377,True
drone_0115_250_0046,0115,250,sat_0115,1,1.0,sat_0115,0115,0.9293327,sat_0087,0.35174876,0.5775839,True
drone_0115_250_0047,0115,250,sat_0115,1,1.0,sat_0115,0115,0.9421083,sat_0087,0.38294864,0.55915964,True
drone_0115_250_0048,0115,250,sat_0115,1,1.0,sat_0115,0115,0.94096977,sat_0060,0.38953912,0.55143064,True
drone_0115_250_0049,0115,250,sat_0115,1,1.0,sat_0115,0115,0.9459454,sat_0087,0.37560648,0.5703389,True
drone_0130_250_0000,0130,250,sat_0130,1,1.0,sat_0130,0130,0.85432744,sat_0036,0.63461906,0.21970838,True
drone_0130_250_0001,0130,250,sat_0130,1,1.0,sat_0130,0130,0.8458341,sat_0036,0.61372006,0.23211402,True
drone_0130_250_0002,0130,250,sat_0130,1,1.0,sat_0130,0130,0.8403475,sat_0036,0.5985279,0.24181962,True
drone_0130_250_0003,0130,250,sat_0130,1,1.0,sat_0130,0130,0.8263804,sat_0036,0.5873916,0.23898876,True
drone_0130_250_0004,0130,250,sat_0130,1,1.0,sat_0130,0130,0.82704055,sat_0036,0.6252573,0.20178324,True
drone_0130_250_0005,0130,250,sat_0130,1,1.0,sat_0130,0130,0.83181477,sat_0036,0.65513015,0.17668462,True
drone_0130_250_0006,0130,250,sat_0130,1,1.0,sat_0130,0130,0.83899945,sat_0036,0.63750046,0.20149899,True
drone_0130_250_0007,0130,250,sat_0130,1,1.0,sat_0130,0130,0.8479721,sat_0036,0.6198123,0.22815979,True
drone_0130_250_0008,0130,250,sat_0130,1,1.0,sat_0130,0130,0.84188163,sat_0036,0.6082075,0.23367411,True
drone_0130_250_0009,0130,250,sat_0130,1,1.0,sat_0130,0130,0.8935798,sat_0036,0.56145644,0.33212334,True
drone_0130_250_0010,0130,250,sat_0130,1,1.0,sat_0130,0130,0.87811446,sat_0036,0.5351019,0.34301257,True
drone_0130_250_0011,0130,250,sat_0130,1,1.0,sat_0130,0130,0.8186514,sat_0036,0.49138612,0.32726526,True
drone_0130_250_0012,0130,250,sat_0130,1,1.0,sat_0130,0130,0.80915016,sat_0036,0.50688577,0.3022644,True
drone_0130_250_0013,0130,250,sat_0130,1,1.0,sat_0130,0130,0.84608614,sat_0036,0.50119835,0.3448878,True
drone_0130_250_0014,0130,250,sat_0130,1,1.0,sat_0130,0130,0.81614727,sat_0036,0.4880225,0.32812476,True
drone_0130_250_0015,0130,250,sat_0130,1,1.0,sat_0130,0130,0.8465052,sat_0036,0.4003299,0.44617534,True
drone_0130_250_0016,0130,250,sat_0130,1,1.0,sat_0130,0130,0.8141233,sat_0140,0.393187,0.4209363,True
drone_0130_250_0017,0130,250,sat_0130,1,1.0,sat_0130,0130,0.8512074,sat_0036,0.42841387,0.4227935,True
drone_0130_250_0018,0130,250,sat_0130,1,1.0,sat_0130,0130,0.81287026,sat_0036,0.41470298,0.39816728,True
drone_0130_250_0019,0130,250,sat_0130,1,1.0,sat_0130,0130,0.7539935,sat_0140,0.3891213,0.36487222,True
drone_0130_250_0020,0130,250,sat_0130,1,1.0,sat_0130,0130,0.7670028,sat_0140,0.404797,0.36220583,True
drone_0130_250_0021,0130,250,sat_0130,1,1.0,sat_0130,0130,0.8351616,sat_0036,0.48761326,0.34754837,True
drone_0130_250_0022,0130,250,sat_0130,1,1.0,sat_0130,0130,0.7764261,sat_0036,0.5190851,0.25734097,True
drone_0130_250_0023,0130,250,sat_0130,1,1.0,sat_0130,0130,0.8083168,sat_0036,0.5647192,0.24359763,True
drone_0130_250_0024,0130,250,sat_0130,1,1.0,sat_0130,0130,0.75536376,sat_0036,0.5525965,0.20276725,True
drone_0130_250_0025,0130,250,sat_0130,1,1.0,sat_0130,0130,0.79848266,sat_0036,0.581923,0.21655965,True
drone_0130_250_0026,0130,250,sat_0130,1,1.0,sat_0130,0130,0.7818835,sat_0036,0.58927953,0.19260395,True
drone_0130_250_0027,0130,250,sat_0130,1,1.0,sat_0130,0130,0.80717236,sat_0036,0.51537097,0.2918014,True
drone_0130_250_0028,0130,250,sat_0130,1,1.0,sat_0130,0130,0.83946884,sat_0036,0.54643804,0.2930308,True
drone_0130_250_0029,0130,250,sat_0130,1,1.0,sat_0130,0130,0.8621932,sat_0036,0.5704765,0.29171675,True
drone_0130_250_0030,0130,250,sat_0130,1,1.0,sat_0130,0130,0.8513207,sat_0036,0.54937357,0.30194712,True
drone_0130_250_0031,0130,250,sat_0130,1,1.0,sat_0130,0130,0.8181047,sat_0036,0.5102811,0.3078236,True
drone_0130_250_0032,0130,250,sat_0130,1,1.0,sat_0130,0130,0.7726947,sat_0036,0.51556337,0.25713134,True
drone_0130_250_0033,0130,250,sat_0130,1,1.0,sat_0130,0130,0.7662485,sat_0036,0.49701226,0.26923627,True
drone_0130_250_0034,0130,250,sat_0130,1,1.0,sat_0130,0130,0.79274935,sat_0036,0.4534808,0.33926854,True
drone_0130_250_0035,0130,250,sat_0130,1,1.0,sat_0130,0130,0.766618,sat_0036,0.43539584,0.33122218,True
drone_0130_250_0036,0130,250,sat_0130,1,1.0,sat_0130,0130,0.8218928,sat_0036,0.43514252,0.38675028,True
drone_0130_250_0037,0130,250,sat_0130,1,1.0,sat_0130,0130,0.81671077,sat_0036,0.40797302,0.40873775,True
drone_0130_250_0038,0130,250,sat_0130,1,1.0,sat_0130,0130,0.7847836,sat_0036,0.35922083,0.42556277,True
drone_0130_250_0039,0130,250,sat_0130,1,1.0,sat_0130,0130,0.85500216,sat_0036,0.417752,0.43725017,True
drone_0130_250_0040,0130,250,sat_0130,1,1.0,sat_0130,0130,0.8335202,sat_0036,0.4327457,0.40077448,True
drone_0130_250_0041,0130,250,sat_0130,1,1.0,sat_0130,0130,0.8446723,sat_0036,0.4185823,0.42609003,True
drone_0130_250_0042,0130,250,sat_0130,1,1.0,sat_0130,0130,0.8385248,sat_0036,0.51253533,0.32598948,True
drone_0130_250_0043,0130,250,sat_0130,1,1.0,sat_0130,0130,0.8589717,sat_0036,0.49991468,0.35905704,True
drone_0130_250_0044,0130,250,sat_0130,1,1.0,sat_0130,0130,0.8809001,sat_0036,0.5122834,0.3686167,True
drone_0130_250_0045,0130,250,sat_0130,1,1.0,sat_0130,0130,0.8714246,sat_0036,0.46258873,0.4088359,True
drone_0130_250_0046,0130,250,sat_0130,1,1.0,sat_0130,0130,0.8653625,sat_0036,0.47056028,0.39480224,True
drone_0130_250_0047,0130,250,sat_0130,1,1.0,sat_0130,0130,0.82164705,sat_0036,0.49116233,0.33048472,True
drone_0130_250_0048,0130,250,sat_0130,1,1.0,sat_0130,0130,0.84086144,sat_0036,0.5449543,0.29590714,True
drone_0130_250_0049,0130,250,sat_0130,1,1.0,sat_0130,0130,0.8415554,sat_0036,0.5288416,0.3127138,True
drone_0140_250_0000,0140,250,sat_0140,1,1.0,sat_0140,0140,0.77811724,sat_0164,0.4609855,0.31713173,True
drone_0140_250_0001,0140,250,sat_0140,1,1.0,sat_0140,0140,0.80717874,sat_0164,0.48058003,0.3265987,True
drone_0140_250_0002,0140,250,sat_0140,1,1.0,sat_0140,0140,0.8091883,sat_0164,0.44892305,0.36026525,True
drone_0140_250_0003,0140,250,sat_0140,1,1.0,sat_0140,0140,0.7529006,sat_0164,0.49983135,0.25306925,True
drone_0140_250_0004,0140,250,sat_0140,1,1.0,sat_0140,0140,0.76382136,sat_0164,0.5040614,0.25975996,True
drone_0140_250_0005,0140,250,sat_0140,1,1.0,sat_0140,0140,0.76284724,sat_0164,0.5142026,0.24864465,True
drone_0140_250_0006,0140,250,sat_0140,1,1.0,sat_0140,0140,0.7611501,sat_0002,0.5139158,0.24723434,True
drone_0140_250_0007,0140,250,sat_0140,1,1.0,sat_0140,0140,0.7453287,sat_0164,0.5488584,0.19647032,True
drone_0140_250_0008,0140,250,sat_0140,1,1.0,sat_0140,0140,0.75011134,sat_0164,0.46009338,0.29001796,True
drone_0140_250_0009,0140,250,sat_0140,1,1.0,sat_0140,0140,0.76170385,sat_0164,0.5121924,0.24951142,True
drone_0140_250_0010,0140,250,sat_0140,1,1.0,sat_0140,0140,0.7785204,sat_0002,0.51729465,0.26122576,True
drone_0140_250_0011,0140,250,sat_0140,1,1.0,sat_0140,0140,0.67280823,sat_0164,0.5303214,0.14248681,True
drone_0140_250_0012,0140,250,sat_0140,1,1.0,sat_0140,0140,0.712646,sat_0164,0.5593582,0.15328783,True
drone_0140_250_0013,0140,250,sat_0140,1,1.0,sat_0140,0140,0.643278,sat_0164,0.56844413,0.07483387,True
drone_0140_250_0014,0140,250,sat_0140,1,1.0,sat_0140,0140,0.63635147,sat_0164,0.60686827,0.0294832,True
drone_0140_250_0015,0140,250,sat_0140,2,0.5,sat_0164,0164,0.69013286,sat_0140,0.59457564,0.09555721,False
drone_0140_250_0016,0140,250,sat_0140,2,0.5,sat_0164,0164,0.6983102,sat_0140,0.6604878,0.037822425,False
drone_0140_250_0017,0140,250,sat_0140,1,1.0,sat_0140,0140,0.73019975,sat_0164,0.5897573,0.14044243,True
drone_0140_250_0018,0140,250,sat_0140,1,1.0,sat_0140,0140,0.69723916,sat_0164,0.60875833,0.08848083,True
drone_0140_250_0019,0140,250,sat_0140,1,1.0,sat_0140,0140,0.77802044,sat_0002,0.5550767,0.22294372,True
drone_0140_250_0020,0140,250,sat_0140,1,1.0,sat_0140,0140,0.7338219,sat_0002,0.5410414,0.19278055,True
drone_0140_250_0021,0140,250,sat_0140,1,1.0,sat_0140,0140,0.7905761,sat_0002,0.44823286,0.34234324,True
drone_0140_250_0022,0140,250,sat_0140,1,1.0,sat_0140,0140,0.67446893,sat_0002,0.5111121,0.16335684,True
drone_0140_250_0023,0140,250,sat_0140,1,1.0,sat_0140,0140,0.6118988,sat_0002,0.47918218,0.1327166,True
drone_0140_250_0024,0140,250,sat_0140,1,1.0,sat_0140,0140,0.63364863,sat_0164,0.49943352,0.13421512,True
drone_0140_250_0025,0140,250,sat_0140,1,1.0,sat_0140,0140,0.68823236,sat_0002,0.49298412,0.19524825,True
drone_0140_250_0026,0140,250,sat_0140,1,1.0,sat_0140,0140,0.5883832,sat_0164,0.5216759,0.06670731,True
drone_0140_250_0027,0140,250,sat_0140,1,1.0,sat_0140,0140,0.67983186,sat_0164,0.4797836,0.20004827,True
drone_0140_250_0028,0140,250,sat_0140,1,1.0,sat_0140,0140,0.6741169,sat_0164,0.56631446,0.10780245,True
drone_0140_250_0029,0140,250,sat_0140,1,1.0,sat_0140,0140,0.7202585,sat_0164,0.55457664,0.16568184,True
drone_0140_250_0030,0140,250,sat_0140,1,1.0,sat_0140,0140,0.6453514,sat_0164,0.6279532,0.017398238,True
drone_0140_250_0031,0140,250,sat_0140,1,1.0,sat_0140,0140,0.6828482,sat_0164,0.4858531,0.19699511,True
drone_0140_250_0032,0140,250,sat_0140,1,1.0,sat_0140,0140,0.7199415,sat_0164,0.48889244,0.23104906,True
drone_0140_250_0033,0140,250,sat_0140,1,1.0,sat_0140,0140,0.6426984,sat_0164,0.54644316,0.09625524,True
drone_0140_250_0034,0140,250,sat_0140,1,1.0,sat_0140,0140,0.72183347,sat_0164,0.5084371,0.21339637,True
drone_0140_250_0035,0140,250,sat_0140,1,1.0,sat_0140,0140,0.7218153,sat_0164,0.5040945,0.2177208,True
drone_0140_250_0036,0140,250,sat_0140,1,1.0,sat_0140,0140,0.7689652,sat_0164,0.50191885,0.26704633,True
drone_0140_250_0037,0140,250,sat_0140,1,1.0,sat_0140,0140,0.74920386,sat_0164,0.47477764,0.27442622,True
drone_0140_250_0038,0140,250,sat_0140,1,1.0,sat_0140,0140,0.7335604,sat_0164,0.5387213,0.19483906,True
drone_0140_250_0039,0140,250,sat_0140,1,1.0,sat_0140,0140,0.68645555,sat_0164,0.58219844,0.10425711,True
drone_0140_250_0040,0140,250,sat_0140,1,1.0,sat_0140,0140,0.72275,sat_0164,0.43794563,0.28480437,True
drone_0140_250_0041,0140,250,sat_0140,1,1.0,sat_0140,0140,0.73400956,sat_0164,0.3406101,0.39339948,True
drone_0140_250_0042,0140,250,sat_0140,1,1.0,sat_0140,0140,0.67415637,sat_0164,0.35279182,0.32136455,True
drone_0140_250_0043,0140,250,sat_0140,1,1.0,sat_0140,0140,0.6971437,sat_0164,0.3807772,0.31636646,True
drone_0140_250_0044,0140,250,sat_0140,1,1.0,sat_0140,0140,0.65417844,sat_0002,0.276559,0.37761945,True
drone_0140_250_0045,0140,250,sat_0140,1,1.0,sat_0140,0140,0.686062,sat_0002,0.35867575,0.32738623,True
drone_0140_250_0046,0140,250,sat_0140,1,1.0,sat_0140,0140,0.72746503,sat_0164,0.35953122,0.3679338,True
drone_0140_250_0047,0140,250,sat_0140,1,1.0,sat_0140,0140,0.82482207,sat_0002,0.42494136,0.3998807,True
drone_0140_250_0048,0140,250,sat_0140,1,1.0,sat_0140,0140,0.8004737,sat_0164,0.4000852,0.40038848,True
drone_0140_250_0049,0140,250,sat_0140,1,1.0,sat_0140,0140,0.7550041,sat_0164,0.45596698,0.29903713,True
drone_0144_250_0000,0144,250,sat_0144,1,1.0,sat_0144,0144,0.9408859,sat_0155,0.5522189,0.388667,True
drone_0144_250_0001,0144,250,sat_0144,1,1.0,sat_0144,0144,0.9466406,sat_0155,0.5629228,0.38371783,True
drone_0144_250_0002,0144,250,sat_0144,1,1.0,sat_0144,0144,0.94195414,sat_0155,0.55774575,0.38420838,True
drone_0144_250_0003,0144,250,sat_0144,1,1.0,sat_0144,0144,0.94422925,sat_0155,0.5523859,0.39184332,True
drone_0144_250_0004,0144,250,sat_0144,1,1.0,sat_0144,0144,0.93692726,sat_0155,0.53884536,0.3980819,True
drone_0144_250_0005,0144,250,sat_0144,1,1.0,sat_0144,0144,0.9491296,sat_0155,0.5606038,0.38852578,True
drone_0144_250_0006,0144,250,sat_0144,1,1.0,sat_0144,0144,0.9312918,sat_0155,0.542161,0.38913083,True
drone_0144_250_0007,0144,250,sat_0144,1,1.0,sat_0144,0144,0.9242034,sat_0155,0.52880013,0.39540327,True
drone_0144_250_0008,0144,250,sat_0144,1,1.0,sat_0144,0144,0.9177962,sat_0198,0.5164119,0.4013843,True
drone_0144_250_0009,0144,250,sat_0144,1,1.0,sat_0144,0144,0.9006258,sat_0198,0.5417158,0.35891002,True
drone_0144_250_0010,0144,250,sat_0144,1,1.0,sat_0144,0144,0.91381466,sat_0155,0.51858664,0.39522803,True
drone_0144_250_0011,0144,250,sat_0144,1,1.0,sat_0144,0144,0.9173789,sat_0155,0.55432254,0.36305636,True
drone_0144_250_0012,0144,250,sat_0144,1,1.0,sat_0144,0144,0.9298084,sat_0198,0.518105,0.4117034,True
drone_0144_250_0013,0144,250,sat_0144,1,1.0,sat_0144,0144,0.9239961,sat_0155,0.5374104,0.3865857,True
drone_0144_250_0014,0144,250,sat_0144,1,1.0,sat_0144,0144,0.89786017,sat_0198,0.5817939,0.31606627,True
drone_0144_250_0015,0144,250,sat_0144,1,1.0,sat_0144,0144,0.9235678,sat_0198,0.5545533,0.3690145,True
drone_0144_250_0016,0144,250,sat_0144,1,1.0,sat_0144,0144,0.92513156,sat_0155,0.60949033,0.31564122,True
drone_0144_250_0017,0144,250,sat_0144,1,1.0,sat_0144,0144,0.9536321,sat_0155,0.57635605,0.37727606,True
drone_0144_250_0018,0144,250,sat_0144,1,1.0,sat_0144,0144,0.968188,sat_0155,0.5560688,0.4121192,True
drone_0144_250_0019,0144,250,sat_0144,1,1.0,sat_0144,0144,0.96608794,sat_0155,0.4910873,0.47500065,True
drone_0144_250_0020,0144,250,sat_0144,1,1.0,sat_0144,0144,0.95655173,sat_0198,0.45864284,0.4979089,True
drone_0144_250_0021,0144,250,sat_0144,1,1.0,sat_0144,0144,0.9498484,sat_0155,0.4825951,0.46725333,True
drone_0144_250_0022,0144,250,sat_0144,1,1.0,sat_0144,0144,0.9569183,sat_0155,0.46686065,0.49005765,True
drone_0144_250_0023,0144,250,sat_0144,1,1.0,sat_0144,0144,0.9383385,sat_0155,0.47425306,0.46408546,True
drone_0144_250_0024,0144,250,sat_0144,1,1.0,sat_0144,0144,0.9213638,sat_0155,0.47710872,0.44425505,True
drone_0144_250_0025,0144,250,sat_0144,1,1.0,sat_0144,0144,0.818905,sat_0198,0.49080196,0.32810304,True
drone_0144_250_0026,0144,250,sat_0144,1,1.0,sat_0144,0144,0.81722456,sat_0198,0.50604755,0.31117702,True
drone_0144_250_0027,0144,250,sat_0144,1,1.0,sat_0144,0144,0.80120724,sat_0198,0.49734834,0.3038589,True
drone_0144_250_0028,0144,250,sat_0144,1,1.0,sat_0144,0144,0.8865622,sat_0155,0.49467826,0.39188397,True
drone_0144_250_0029,0144,250,sat_0144,1,1.0,sat_0144,0144,0.90367943,sat_0155,0.45986766,0.44381177,True
drone_0144_250_0030,0144,250,sat_0144,1,1.0,sat_0144,0144,0.8847278,sat_0155,0.44863337,0.4360944,True
drone_0144_250_0031,0144,250,sat_0144,1,1.0,sat_0144,0144,0.8884295,sat_0155,0.5016524,0.3867771,True
drone_0144_250_0032,0144,250,sat_0144,1,1.0,sat_0144,0144,0.8441441,sat_0155,0.50399464,0.34014946,True
drone_0144_250_0033,0144,250,sat_0144,1,1.0,sat_0144,0144,0.82173157,sat_0155,0.5314296,0.29030198,True
drone_0144_250_0034,0144,250,sat_0144,1,1.0,sat_0144,0144,0.8095022,sat_0198,0.56158936,0.24791282,True
drone_0144_250_0035,0144,250,sat_0144,1,1.0,sat_0144,0144,0.86810446,sat_0155,0.558432,0.30967247,True
drone_0144_250_0036,0144,250,sat_0144,1,1.0,sat_0144,0144,0.9406303,sat_0155,0.62061715,0.32001317,True
drone_0144_250_0037,0144,250,sat_0144,1,1.0,sat_0144,0144,0.9565768,sat_0155,0.6382291,0.31834775,True
drone_0144_250_0038,0144,250,sat_0144,1,1.0,sat_0144,0144,0.9578122,sat_0155,0.5791026,0.3787096,True
drone_0144_250_0039,0144,250,sat_0144,1,1.0,sat_0144,0144,0.96949923,sat_0155,0.57695055,0.39254868,True
drone_0144_250_0040,0144,250,sat_0144,1,1.0,sat_0144,0144,0.96301585,sat_0155,0.5426266,0.42038924,True
drone_0144_250_0041,0144,250,sat_0144,1,1.0,sat_0144,0144,0.9672563,sat_0155,0.5821298,0.38512653,True
drone_0144_250_0042,0144,250,sat_0144,1,1.0,sat_0144,0144,0.9625113,sat_0155,0.5801005,0.38241082,True
drone_0144_250_0043,0144,250,sat_0144,1,1.0,sat_0144,0144,0.9633717,sat_0155,0.59664875,0.36672294,True
drone_0144_250_0044,0144,250,sat_0144,1,1.0,sat_0144,0144,0.9534699,sat_0155,0.6352453,0.31822455,True
drone_0144_250_0045,0144,250,sat_0144,1,1.0,sat_0144,0144,0.9373802,sat_0155,0.6444626,0.2929176,True
drone_0144_250_0046,0144,250,sat_0144,1,1.0,sat_0144,0144,0.9231226,sat_0155,0.6618836,0.261239,True
drone_0144_250_0047,0144,250,sat_0144,1,1.0,sat_0144,0144,0.9540647,sat_0155,0.61422384,0.3398409,True
drone_0144_250_0048,0144,250,sat_0144,1,1.0,sat_0144,0144,0.95155054,sat_0155,0.5429093,0.40864122,True
drone_0144_250_0049,0144,250,sat_0144,1,1.0,sat_0144,0144,0.9143632,sat_0155,0.54285216,0.37151104,True
drone_0151_250_0000,0151,250,sat_0151,1,1.0,sat_0151,0151,0.6632117,sat_0186,0.56511736,0.098094344,True
drone_0151_250_0001,0151,250,sat_0151,1,1.0,sat_0151,0151,0.6695093,sat_0186,0.58654386,0.08296543,True
drone_0151_250_0002,0151,250,sat_0151,1,1.0,sat_0151,0151,0.67520547,sat_0186,0.62417775,0.051027715,True
drone_0151_250_0003,0151,250,sat_0151,1,1.0,sat_0151,0151,0.68863004,sat_0186,0.5157317,0.17289835,True
drone_0151_250_0004,0151,250,sat_0151,1,1.0,sat_0151,0151,0.63033086,sat_0186,0.57941747,0.050913393,True
drone_0151_250_0005,0151,250,sat_0151,1,1.0,sat_0151,0151,0.64776325,sat_0186,0.5613103,0.08645296,True
drone_0151_250_0006,0151,250,sat_0151,1,1.0,sat_0151,0151,0.67168504,sat_0186,0.60071427,0.07097077,True
drone_0151_250_0007,0151,250,sat_0151,1,1.0,sat_0151,0151,0.6973451,sat_0186,0.58176553,0.115579545,True
drone_0151_250_0008,0151,250,sat_0151,1,1.0,sat_0151,0151,0.68506396,sat_0186,0.5788238,0.10624015,True
drone_0151_250_0009,0151,250,sat_0151,1,1.0,sat_0151,0151,0.6577027,sat_0186,0.52496207,0.13274062,True
drone_0151_250_0010,0151,250,sat_0151,1,1.0,sat_0151,0151,0.668284,sat_0186,0.5825478,0.085736215,True
drone_0151_250_0011,0151,250,sat_0151,1,1.0,sat_0151,0151,0.6795199,sat_0186,0.5975169,0.082003,True
drone_0151_250_0012,0151,250,sat_0151,1,1.0,sat_0151,0151,0.6501205,sat_0186,0.58930266,0.060817838,True
drone_0151_250_0013,0151,250,sat_0151,1,1.0,sat_0151,0151,0.6719807,sat_0186,0.6699255,0.0020551682,True
drone_0151_250_0014,0151,250,sat_0151,2,0.5,sat_0186,0186,0.72707105,sat_0151,0.697953,0.029118061,False
drone_0151_250_0015,0151,250,sat_0151,1,1.0,sat_0151,0151,0.78405404,sat_0186,0.72175866,0.062295377,True
drone_0151_250_0016,0151,250,sat_0151,1,1.0,sat_0151,0151,0.81077343,sat_0186,0.6635594,0.14721406,True
drone_0151_250_0017,0151,250,sat_0151,1,1.0,sat_0151,0151,0.7803522,sat_0186,0.64102435,0.13932782,True
drone_0151_250_0018,0151,250,sat_0151,1,1.0,sat_0151,0151,0.81110406,sat_0186,0.5593081,0.25179595,True
drone_0151_250_0019,0151,250,sat_0151,1,1.0,sat_0151,0151,0.8276359,sat_0186,0.57115686,0.25647902,True
drone_0151_250_0020,0151,250,sat_0151,1,1.0,sat_0151,0151,0.83253884,sat_0186,0.59546643,0.23707241,True
drone_0151_250_0021,0151,250,sat_0151,1,1.0,sat_0151,0151,0.845261,sat_0186,0.5736779,0.27158308,True
drone_0151_250_0022,0151,250,sat_0151,1,1.0,sat_0151,0151,0.82397497,sat_0186,0.5283288,0.2956462,True
drone_0151_250_0023,0151,250,sat_0151,1,1.0,sat_0151,0151,0.8188849,sat_0186,0.5492698,0.2696151,True
drone_0151_250_0024,0151,250,sat_0151,1,1.0,sat_0151,0151,0.81821436,sat_0186,0.4681538,0.35006055,True
drone_0151_250_0025,0151,250,sat_0151,1,1.0,sat_0151,0151,0.82056856,sat_0186,0.55407023,0.26649833,True
drone_0151_250_0026,0151,250,sat_0151,1,1.0,sat_0151,0151,0.83163965,sat_0186,0.5855309,0.24610877,True
drone_0151_250_0027,0151,250,sat_0151,1,1.0,sat_0151,0151,0.80823827,sat_0186,0.57801974,0.23021853,True
drone_0151_250_0028,0151,250,sat_0151,1,1.0,sat_0151,0151,0.7885531,sat_0186,0.6049403,0.18361282,True
drone_0151_250_0029,0151,250,sat_0151,1,1.0,sat_0151,0151,0.7717344,sat_0186,0.53537136,0.23636305,True
drone_0151_250_0030,0151,250,sat_0151,1,1.0,sat_0151,0151,0.7600655,sat_0186,0.5480393,0.21202618,True
drone_0151_250_0031,0151,250,sat_0151,1,1.0,sat_0151,0151,0.7712743,sat_0186,0.4410911,0.33018324,True
drone_0151_250_0032,0151,250,sat_0151,1,1.0,sat_0151,0151,0.74767333,sat_0198,0.4393953,0.30827802,True
drone_0151_250_0033,0151,250,sat_0151,1,1.0,sat_0151,0151,0.76756895,sat_0198,0.4267056,0.34086335,True
drone_0151_250_0034,0151,250,sat_0151,1,1.0,sat_0151,0151,0.72861207,sat_0186,0.46019107,0.268421,True
drone_0151_250_0035,0151,250,sat_0151,1,1.0,sat_0151,0151,0.6972984,sat_0186,0.4906605,0.20663792,True
drone_0151_250_0036,0151,250,sat_0151,1,1.0,sat_0151,0151,0.758388,sat_0186,0.45809576,0.30029222,True
drone_0151_250_0037,0151,250,sat_0151,1,1.0,sat_0151,0151,0.74512696,sat_0186,0.5055692,0.23955774,True
drone_0151_250_0038,0151,250,sat_0151,1,1.0,sat_0151,0151,0.7898929,sat_0186,0.54564244,0.24425048,True
drone_0151_250_0039,0151,250,sat_0151,1,1.0,sat_0151,0151,0.7330922,sat_0186,0.5928332,0.14025897,True
drone_0151_250_0040,0151,250,sat_0151,1,1.0,sat_0151,0151,0.7264113,sat_0186,0.5890591,0.13735217,True
drone_0151_250_0041,0151,250,sat_0151,1,1.0,sat_0151,0151,0.7518297,sat_0186,0.5887516,0.16307807,True
drone_0151_250_0042,0151,250,sat_0151,1,1.0,sat_0151,0151,0.6548262,sat_0186,0.52758414,0.12724209,True
drone_0151_250_0043,0151,250,sat_0151,1,1.0,sat_0151,0151,0.72810197,sat_0186,0.5536634,0.1744386,True
drone_0151_250_0044,0151,250,sat_0151,1,1.0,sat_0151,0151,0.6937903,sat_0186,0.50421536,0.18957496,True
drone_0151_250_0045,0151,250,sat_0151,1,1.0,sat_0151,0151,0.7072717,sat_0186,0.5890136,0.11825812,True
drone_0151_250_0046,0151,250,sat_0151,1,1.0,sat_0151,0151,0.647383,sat_0186,0.5638155,0.0835675,True
drone_0151_250_0047,0151,250,sat_0151,1,1.0,sat_0151,0151,0.7017343,sat_0186,0.5339989,0.1677354,True
drone_0151_250_0048,0151,250,sat_0151,1,1.0,sat_0151,0151,0.727051,sat_0186,0.5041582,0.22289282,True
drone_0151_250_0049,0151,250,sat_0151,1,1.0,sat_0151,0151,0.66874504,sat_0186,0.46122894,0.2075161,True
drone_0152_250_0000,0152,250,sat_0152,1,1.0,sat_0152,0152,0.90786994,sat_0189,0.6107304,0.29713953,True
drone_0152_250_0001,0152,250,sat_0152,1,1.0,sat_0152,0152,0.90558237,sat_0189,0.6007399,0.30484247,True
drone_0152_250_0002,0152,250,sat_0152,1,1.0,sat_0152,0152,0.8924339,sat_0189,0.5979671,0.2944668,True
drone_0152_250_0003,0152,250,sat_0152,1,1.0,sat_0152,0152,0.9206942,sat_0189,0.6238531,0.29684108,True
drone_0152_250_0004,0152,250,sat_0152,1,1.0,sat_0152,0152,0.9176259,sat_0189,0.6163984,0.3012275,True
drone_0152_250_0005,0152,250,sat_0152,1,1.0,sat_0152,0152,0.91319585,sat_0189,0.608631,0.30456483,True
drone_0152_250_0006,0152,250,sat_0152,1,1.0,sat_0152,0152,0.92356145,sat_0189,0.62346435,0.3000971,True
drone_0152_250_0007,0152,250,sat_0152,1,1.0,sat_0152,0152,0.89863944,sat_0189,0.6030033,0.29563612,True
drone_0152_250_0008,0152,250,sat_0152,1,1.0,sat_0152,0152,0.8957171,sat_0189,0.6052371,0.29047996,True
drone_0152_250_0009,0152,250,sat_0152,1,1.0,sat_0152,0152,0.88842666,sat_0189,0.5861405,0.30228615,True
drone_0152_250_0010,0152,250,sat_0152,1,1.0,sat_0152,0152,0.90411836,sat_0189,0.59992266,0.3041957,True
drone_0152_250_0011,0152,250,sat_0152,1,1.0,sat_0152,0152,0.9113959,sat_0189,0.60411465,0.30728126,True
drone_0152_250_0012,0152,250,sat_0152,1,1.0,sat_0152,0152,0.899828,sat_0189,0.59353185,0.30629617,True
drone_0152_250_0013,0152,250,sat_0152,1,1.0,sat_0152,0152,0.9143297,sat_0189,0.62568563,0.28864408,True
drone_0152_250_0014,0152,250,sat_0152,1,1.0,sat_0152,0152,0.8784906,sat_0189,0.55639076,0.32209986,True
drone_0152_250_0015,0152,250,sat_0152,1,1.0,sat_0152,0152,0.9031238,sat_0189,0.5789529,0.3241709,True
drone_0152_250_0016,0152,250,sat_0152,1,1.0,sat_0152,0152,0.89553916,sat_0189,0.58064985,0.3148893,True
drone_0152_250_0017,0152,250,sat_0152,1,1.0,sat_0152,0152,0.9204147,sat_0189,0.6274147,0.29299998,True
drone_0152_250_0018,0152,250,sat_0152,1,1.0,sat_0152,0152,0.9323995,sat_0189,0.6703698,0.2620297,True
drone_0152_250_0019,0152,250,sat_0152,1,1.0,sat_0152,0152,0.93577707,sat_0189,0.6413219,0.29445517,True
drone_0152_250_0020,0152,250,sat_0152,1,1.0,sat_0152,0152,0.9277166,sat_0189,0.6336895,0.2940271,True
drone_0152_250_0021,0152,250,sat_0152,1,1.0,sat_0152,0152,0.9204247,sat_0189,0.61522776,0.30519694,True
drone_0152_250_0022,0152,250,sat_0152,1,1.0,sat_0152,0152,0.90194654,sat_0189,0.6109961,0.29095042,True
drone_0152_250_0023,0152,250,sat_0152,1,1.0,sat_0152,0152,0.89816535,sat_0189,0.6224334,0.27573192,True
drone_0152_250_0024,0152,250,sat_0152,1,1.0,sat_0152,0152,0.89673156,sat_0189,0.62021506,0.2765165,True
drone_0152_250_0025,0152,250,sat_0152,1,1.0,sat_0152,0152,0.89627576,sat_0189,0.64727885,0.24899691,True
drone_0152_250_0026,0152,250,sat_0152,1,1.0,sat_0152,0152,0.88533336,sat_0189,0.646793,0.23854035,True
drone_0152_250_0027,0152,250,sat_0152,1,1.0,sat_0152,0152,0.86938894,sat_0189,0.62591696,0.24347198,True
drone_0152_250_0028,0152,250,sat_0152,1,1.0,sat_0152,0152,0.84289044,sat_0189,0.60878825,0.23410219,True
drone_0152_250_0029,0152,250,sat_0152,1,1.0,sat_0152,0152,0.90110373,sat_0189,0.6746403,0.22646344,True
drone_0152_250_0030,0152,250,sat_0152,1,1.0,sat_0152,0152,0.89997274,sat_0189,0.68516636,0.21480638,True
drone_0152_250_0031,0152,250,sat_0152,1,1.0,sat_0152,0152,0.8892305,sat_0189,0.65591717,0.23331332,True
drone_0152_250_0032,0152,250,sat_0152,1,1.0,sat_0152,0152,0.90334475,sat_0189,0.6794977,0.22384703,True
drone_0152_250_0033,0152,250,sat_0152,1,1.0,sat_0152,0152,0.9132524,sat_0189,0.6702862,0.24296623,True
drone_0152_250_0034,0152,250,sat_0152,1,1.0,sat_0152,0152,0.90077496,sat_0189,0.6730197,0.22775525,True
drone_0152_250_0035,0152,250,sat_0152,1,1.0,sat_0152,0152,0.8874549,sat_0189,0.6809913,0.20646363,True
drone_0152_250_0036,0152,250,sat_0152,1,1.0,sat_0152,0152,0.88573,sat_0189,0.66044194,0.2252881,True
drone_0152_250_0037,0152,250,sat_0152,1,1.0,sat_0152,0152,0.86586726,sat_0189,0.636072,0.22979528,True
drone_0152_250_0038,0152,250,sat_0152,1,1.0,sat_0152,0152,0.85553163,sat_0189,0.62024087,0.23529077,True
drone_0152_250_0039,0152,250,sat_0152,1,1.0,sat_0152,0152,0.88799024,sat_0189,0.618547,0.2694432,True
drone_0152_250_0040,0152,250,sat_0152,1,1.0,sat_0152,0152,0.8892822,sat_0189,0.5998721,0.2894101,True
drone_0152_250_0041,0152,250,sat_0152,1,1.0,sat_0152,0152,0.8975857,sat_0189,0.5963109,0.30127478,True
drone_0152_250_0042,0152,250,sat_0152,1,1.0,sat_0152,0152,0.8930864,sat_0189,0.58837676,0.3047096,True
drone_0152_250_0043,0152,250,sat_0152,1,1.0,sat_0152,0152,0.88982594,sat_0189,0.57978684,0.3100391,True
drone_0152_250_0044,0152,250,sat_0152,1,1.0,sat_0152,0152,0.895778,sat_0189,0.57872456,0.31705344,True
drone_0152_250_0045,0152,250,sat_0152,1,1.0,sat_0152,0152,0.88207585,sat_0189,0.55596095,0.3261149,True
drone_0152_250_0046,0152,250,sat_0152,1,1.0,sat_0152,0152,0.88167727,sat_0189,0.5661656,0.31551164,True
drone_0152_250_0047,0152,250,sat_0152,1,1.0,sat_0152,0152,0.8801304,sat_0189,0.5597501,0.32038033,True
drone_0152_250_0048,0152,250,sat_0152,1,1.0,sat_0152,0152,0.89561176,sat_0189,0.59254515,0.3030666,True
drone_0152_250_0049,0152,250,sat_0152,1,1.0,sat_0152,0152,0.90554816,sat_0189,0.6154274,0.29012078,True
drone_0155_250_0000,0155,250,sat_0155,1,1.0,sat_0155,0155,0.6563731,sat_0008,0.4332193,0.22315377,True
drone_0155_250_0001,0155,250,sat_0155,1,1.0,sat_0155,0155,0.6688077,sat_0008,0.4251133,0.2436944,True
drone_0155_250_0002,0155,250,sat_0155,1,1.0,sat_0155,0155,0.69583225,sat_0144,0.40360403,0.29222822,True
drone_0155_250_0003,0155,250,sat_0155,1,1.0,sat_0155,0155,0.6838802,sat_0164,0.3986556,0.28522462,True
drone_0155_250_0004,0155,250,sat_0155,1,1.0,sat_0155,0155,0.68318427,sat_0008,0.41643333,0.26675093,True
drone_0155_250_0005,0155,250,sat_0155,1,1.0,sat_0155,0155,0.6876387,sat_0144,0.4019523,0.2856864,True
drone_0155_250_0006,0155,250,sat_0155,1,1.0,sat_0155,0155,0.72969323,sat_0144,0.4098791,0.31981415,True
drone_0155_250_0007,0155,250,sat_0155,1,1.0,sat_0155,0155,0.7896307,sat_0144,0.5004152,0.2892155,True
drone_0155_250_0008,0155,250,sat_0155,1,1.0,sat_0155,0155,0.75048363,sat_0164,0.42577437,0.32470927,True
drone_0155_250_0009,0155,250,sat_0155,1,1.0,sat_0155,0155,0.7716571,sat_0164,0.42773226,0.34392485,True
drone_0155_250_0010,0155,250,sat_0155,1,1.0,sat_0155,0155,0.7220377,sat_0164,0.45900613,0.26303154,True
drone_0155_250_0011,0155,250,sat_0155,1,1.0,sat_0155,0155,0.7164186,sat_0164,0.4407241,0.27569452,True
drone_0155_250_0012,0155,250,sat_0155,1,1.0,sat_0155,0155,0.7113884,sat_0144,0.4280964,0.283292,True
drone_0155_250_0013,0155,250,sat_0155,1,1.0,sat_0155,0155,0.7261105,sat_0144,0.44843298,0.27767754,True
drone_0155_250_0014,0155,250,sat_0155,1,1.0,sat_0155,0155,0.6378485,sat_0164,0.42854923,0.20929927,True
drone_0155_250_0015,0155,250,sat_0155,1,1.0,sat_0155,0155,0.7208716,sat_0144,0.5300474,0.19082421,True
drone_0155_250_0016,0155,250,sat_0155,1,1.0,sat_0155,0155,0.7098835,sat_0008,0.35406983,0.35581368,True
drone_0155_250_0017,0155,250,sat_0155,1,1.0,sat_0155,0155,0.72436565,sat_0144,0.4870557,0.23730996,True
drone_0155_250_0018,0155,250,sat_0155,1,1.0,sat_0155,0155,0.6734848,sat_0144,0.5062711,0.16721368,True
drone_0155_250_0019,0155,250,sat_0155,1,1.0,sat_0155,0155,0.64988595,sat_0144,0.50779223,0.14209372,True
drone_0155_250_0020,0155,250,sat_0155,1,1.0,sat_0155,0155,0.6164189,sat_0144,0.5032744,0.11314452,True
drone_0155_250_0021,0155,250,sat_0155,1,1.0,sat_0155,0155,0.68897706,sat_0144,0.4565013,0.23247576,True
drone_0155_250_0022,0155,250,sat_0155,1,1.0,sat_0155,0155,0.773446,sat_0144,0.6407172,0.13272882,True
drone_0155_250_0023,0155,250,sat_0155,1,1.0,sat_0155,0155,0.7815699,sat_0144,0.6803582,0.10121173,True
drone_0155_250_0024,0155,250,sat_0155,1,1.0,sat_0155,0155,0.7352736,sat_0144,0.6068232,0.1284504,True
drone_0155_250_0025,0155,250,sat_0155,1,1.0,sat_0155,0155,0.7002615,sat_0144,0.58451575,0.11574572,True
drone_0155_250_0026,0155,250,sat_0155,1,1.0,sat_0155,0155,0.6378917,sat_0144,0.402469,0.2354227,True
drone_0155_250_0027,0155,250,sat_0155,1,1.0,sat_0155,0155,0.62180775,sat_0144,0.4175227,0.20428506,True
drone_0155_250_0028,0155,250,sat_0155,1,1.0,sat_0155,0155,0.67230344,sat_0144,0.47291124,0.1993922,True
drone_0155_250_0029,0155,250,sat_0155,1,1.0,sat_0155,0155,0.69992256,sat_0144,0.56580436,0.1341182,True
drone_0155_250_0030,0155,250,sat_0155,1,1.0,sat_0155,0155,0.7399862,sat_0144,0.5718353,0.1681509,True
drone_0155_250_0031,0155,250,sat_0155,1,1.0,sat_0155,0155,0.8407445,sat_0144,0.5726214,0.2681231,True
drone_0155_250_0032,0155,250,sat_0155,1,1.0,sat_0155,0155,0.82708496,sat_0144,0.5033339,0.32375103,True
drone_0155_250_0033,0155,250,sat_0155,1,1.0,sat_0155,0155,0.8698252,sat_0144,0.5675341,0.3022911,True
drone_0155_250_0034,0155,250,sat_0155,1,1.0,sat_0155,0155,0.8458878,sat_0144,0.51543593,0.33045185,True
drone_0155_250_0035,0155,250,sat_0155,1,1.0,sat_0155,0155,0.84365684,sat_0144,0.48270315,0.3609537,True
drone_0155_250_0036,0155,250,sat_0155,1,1.0,sat_0155,0155,0.8881181,sat_0144,0.55969775,0.32842034,True
drone_0155_250_0037,0155,250,sat_0155,1,1.0,sat_0155,0155,0.8905693,sat_0144,0.48225248,0.40831685,True
drone_0155_250_0038,0155,250,sat_0155,1,1.0,sat_0155,0155,0.8807033,sat_0144,0.49875215,0.38195112,True
drone_0155_250_0039,0155,250,sat_0155,1,1.0,sat_0155,0155,0.80228454,sat_0058,0.48802975,0.3142548,True
drone_0155_250_0040,0155,250,sat_0155,1,1.0,sat_0155,0155,0.8056104,sat_0058,0.5497918,0.2558186,True
drone_0155_250_0041,0155,250,sat_0155,1,1.0,sat_0155,0155,0.8544278,sat_0144,0.60862076,0.24580705,True
drone_0155_250_0042,0155,250,sat_0155,1,1.0,sat_0155,0155,0.8109305,sat_0144,0.4537436,0.35718688,True
drone_0155_250_0043,0155,250,sat_0155,1,1.0,sat_0155,0155,0.81394863,sat_0144,0.48929945,0.32464918,True
drone_0155_250_0044,0155,250,sat_0155,1,1.0,sat_0155,0155,0.7975976,sat_0144,0.40205032,0.39554727,True
drone_0155_250_0045,0155,250,sat_0155,1,1.0,sat_0155,0155,0.7546851,sat_0144,0.39819214,0.35649297,True
drone_0155_250_0046,0155,250,sat_0155,1,1.0,sat_0155,0155,0.798743,sat_0144,0.3778842,0.4208588,True
drone_0155_250_0047,0155,250,sat_0155,1,1.0,sat_0155,0155,0.7333384,sat_0164,0.42641306,0.30692536,True
drone_0155_250_0048,0155,250,sat_0155,1,1.0,sat_0155,0155,0.73595434,sat_0008,0.389694,0.34626034,True
drone_0155_250_0049,0155,250,sat_0155,1,1.0,sat_0155,0155,0.69670385,sat_0164,0.39033762,0.30636624,True
drone_0164_250_0000,0164,250,sat_0164,1,1.0,sat_0164,0164,0.82925767,sat_0008,0.2489871,0.5802706,True
drone_0164_250_0001,0164,250,sat_0164,1,1.0,sat_0164,0164,0.8419491,sat_0027,0.23926923,0.60267985,True
drone_0164_250_0002,0164,250,sat_0164,1,1.0,sat_0164,0164,0.83807385,sat_0027,0.23255914,0.6055147,True
drone_0164_250_0003,0164,250,sat_0164,1,1.0,sat_0164,0164,0.81994736,sat_0008,0.27740884,0.5425385,True
drone_0164_250_0004,0164,250,sat_0164,1,1.0,sat_0164,0164,0.7907397,sat_0008,0.27060446,0.5201353,True
drone_0164_250_0005,0164,250,sat_0164,1,1.0,sat_0164,0164,0.87252885,sat_0027,0.28756803,0.5849608,True
drone_0164_250_0006,0164,250,sat_0164,1,1.0,sat_0164,0164,0.8522736,sat_0008,0.34638575,0.50588787,True
drone_0164_250_0007,0164,250,sat_0164,1,1.0,sat_0164,0164,0.85835844,sat_0008,0.29816496,0.5601935,True
drone_0164_250_0008,0164,250,sat_0164,1,1.0,sat_0164,0164,0.8311972,sat_0008,0.31376362,0.5174336,True
drone_0164_250_0009,0164,250,sat_0164,1,1.0,sat_0164,0164,0.8079336,sat_0008,0.28418875,0.5237449,True
drone_0164_250_0010,0164,250,sat_0164,1,1.0,sat_0164,0164,0.78924173,sat_0008,0.28713807,0.5021037,True
drone_0164_250_0011,0164,250,sat_0164,1,1.0,sat_0164,0164,0.8451318,sat_0027,0.33236507,0.5127667,True
drone_0164_250_0012,0164,250,sat_0164,1,1.0,sat_0164,0164,0.87000567,sat_0027,0.37744895,0.49255672,True
drone_0164_250_0013,0164,250,sat_0164,1,1.0,sat_0164,0164,0.8527199,sat_0027,0.3327191,0.5200008,True
drone_0164_250_0014,0164,250,sat_0164,1,1.0,sat_0164,0164,0.8392824,sat_0027,0.27797917,0.56130326,True
drone_0164_250_0015,0164,250,sat_0164,1,1.0,sat_0164,0164,0.78313524,sat_0027,0.26882723,0.514308,True
drone_0164_250_0016,0164,250,sat_0164,1,1.0,sat_0164,0164,0.7926225,sat_0027,0.30725577,0.48536673,True
drone_0164_250_0017,0164,250,sat_0164,1,1.0,sat_0164,0164,0.8396588,sat_0027,0.31890595,0.52075285,True
drone_0164_250_0018,0164,250,sat_0164,1,1.0,sat_0164,0164,0.82670146,sat_0027,0.3707273,0.45597416,True
drone_0164_250_0019,0164,250,sat_0164,1,1.0,sat_0164,0164,0.8352075,sat_0027,0.39989868,0.43530884,True
drone_0164_250_0020,0164,250,sat_0164,1,1.0,sat_0164,0164,0.8410352,sat_0027,0.41158378,0.4294514,True
drone_0164_250_0021,0164,250,sat_0164,1,1.0,sat_0164,0164,0.8270445,sat_0027,0.48768017,0.33936432,True
drone_0164_250_0022,0164,250,sat_0164,1,1.0,sat_0164,0164,0.8349782,sat_0027,0.44731557,0.38766265,True
drone_0164_250_0023,0164,250,sat_0164,1,1.0,sat_0164,0164,0.8353066,sat_0027,0.48832157,0.346985,True
drone_0164_250_0024,0164,250,sat_0164,1,1.0,sat_0164,0164,0.86522686,sat_0027,0.4283419,0.43688497,True
drone_0164_250_0025,0164,250,sat_0164,1,1.0,sat_0164,0164,0.82872164,sat_0027,0.46898535,0.3597363,True
drone_0164_250_0026,0164,250,sat_0164,1,1.0,sat_0164,0164,0.7751484,sat_0027,0.470591,0.30455738,True
drone_0164_250_0027,0164,250,sat_0164,1,1.0,sat_0164,0164,0.77123696,sat_0027,0.39847815,0.3727588,True
drone_0164_250_0028,0164,250,sat_0164,1,1.0,sat_0164,0164,0.78713256,sat_0027,0.45581773,0.33131483,True
drone_0164_250_0029,0164,250,sat_0164,1,1.0,sat_0164,0164,0.8025333,sat_0008,0.29343852,0.50909483,True
drone_0164_250_0030,0164,250,sat_0164,1,1.0,sat_0164,0164,0.77607346,sat_0027,0.33746243,0.43861103,True
drone_0164_250_0031,0164,250,sat_0164,1,1.0,sat_0164,0164,0.76546884,sat_0008,0.34736788,0.41810095,True
drone_0164_250_0032,0164,250,sat_0164,1,1.0,sat_0164,0164,0.8057825,sat_0008,0.33582875,0.46995375,True
drone_0164_250_0033,0164,250,sat_0164,1,1.0,sat_0164,0164,0.7862032,sat_0008,0.33674783,0.44945538,True
drone_0164_250_0034,0164,250,sat_0164,1,1.0,sat_0164,0164,0.78867924,sat_0008,0.38059172,0.40808752,True
drone_0164_250_0035,0164,250,sat_0164,1,1.0,sat_0164,0164,0.818523,sat_0008,0.34780285,0.47072014,True
drone_0164_250_0036,0164,250,sat_0164,1,1.0,sat_0164,0164,0.77658045,sat_0174,0.27860567,0.49797478,True
drone_0164_250_0037,0164,250,sat_0164,1,1.0,sat_0164,0164,0.828927,sat_0027,0.30502015,0.5239068,True
drone_0164_250_0038,0164,250,sat_0164,1,1.0,sat_0164,0164,0.87223244,sat_0027,0.32665595,0.54557645,True
drone_0164_250_0039,0164,250,sat_0164,1,1.0,sat_0164,0164,0.8912406,sat_0027,0.30933622,0.5819044,True
drone_0164_250_0040,0164,250,sat_0164,1,1.0,sat_0164,0164,0.8693603,sat_0140,0.32939404,0.5399663,True
drone_0164_250_0041,0164,250,sat_0164,1,1.0,sat_0164,0164,0.9182249,sat_0027,0.26471227,0.6535126,True
drone_0164_250_0042,0164,250,sat_0164,1,1.0,sat_0164,0164,0.91761076,sat_0174,0.31451404,0.6030967,True
drone_0164_250_0043,0164,250,sat_0164,1,1.0,sat_0164,0164,0.8911008,sat_0140,0.3724931,0.51860774,True
drone_0164_250_0044,0164,250,sat_0164,1,1.0,sat_0164,0164,0.91395354,sat_0027,0.36946273,0.5444908,True
drone_0164_250_0045,0164,250,sat_0164,1,1.0,sat_0164,0164,0.8958328,sat_0027,0.33676577,0.559067,True
drone_0164_250_0046,0164,250,sat_0164,1,1.0,sat_0164,0164,0.84781975,sat_0027,0.267333,0.5804868,True
drone_0164_250_0047,0164,250,sat_0164,1,1.0,sat_0164,0164,0.8653078,sat_0027,0.25647274,0.6088351,True
drone_0164_250_0048,0164,250,sat_0164,1,1.0,sat_0164,0164,0.8376205,sat_0008,0.24779241,0.5898281,True
drone_0164_250_0049,0164,250,sat_0164,1,1.0,sat_0164,0164,0.9008765,sat_0008,0.28644094,0.61443555,True
drone_0167_250_0000,0167,250,sat_0167,1,1.0,sat_0167,0167,0.8481733,sat_0182,0.7478181,0.10035521,True
drone_0167_250_0001,0167,250,sat_0167,1,1.0,sat_0167,0167,0.8537983,sat_0182,0.7376733,0.11612499,True
drone_0167_250_0002,0167,250,sat_0167,1,1.0,sat_0167,0167,0.8469012,sat_0182,0.7282595,0.118641675,True
drone_0167_250_0003,0167,250,sat_0167,1,1.0,sat_0167,0167,0.8589377,sat_0182,0.7232631,0.1356746,True
drone_0167_250_0004,0167,250,sat_0167,1,1.0,sat_0167,0167,0.8643869,sat_0182,0.7372815,0.12710541,True
drone_0167_250_0005,0167,250,sat_0167,1,1.0,sat_0167,0167,0.8522315,sat_0182,0.74554133,0.10669017,True
drone_0167_250_0006,0167,250,sat_0167,1,1.0,sat_0167,0167,0.84898967,sat_0182,0.7354547,0.11353499,True
drone_0167_250_0007,0167,250,sat_0167,1,1.0,sat_0167,0167,0.86847055,sat_0182,0.7192404,0.14923012,True
drone_0167_250_0008,0167,250,sat_0167,1,1.0,sat_0167,0167,0.8696192,sat_0182,0.73306066,0.13655853,True
drone_0167_250_0009,0167,250,sat_0167,1,1.0,sat_0167,0167,0.874146,sat_0182,0.7236078,0.1505382,True
drone_0167_250_0010,0167,250,sat_0167,1,1.0,sat_0167,0167,0.8885524,sat_0182,0.7086532,0.17989922,True
drone_0167_250_0011,0167,250,sat_0167,1,1.0,sat_0167,0167,0.870189,sat_0182,0.7450758,0.12511319,True
drone_0167_250_0012,0167,250,sat_0167,1,1.0,sat_0167,0167,0.84694564,sat_0182,0.7620909,0.08485472,True
drone_0167_250_0013,0167,250,sat_0167,1,1.0,sat_0167,0167,0.85409856,sat_0182,0.7534592,0.10063934,True
drone_0167_250_0014,0167,250,sat_0167,1,1.0,sat_0167,0167,0.8776173,sat_0182,0.7500605,0.1275568,True
drone_0167_250_0015,0167,250,sat_0167,1,1.0,sat_0167,0167,0.88014144,sat_0182,0.75027966,0.12986177,True
drone_0167_250_0016,0167,250,sat_0167,1,1.0,sat_0167,0167,0.875319,sat_0182,0.7586335,0.11668551,True
drone_0167_250_0017,0167,250,sat_0167,1,1.0,sat_0167,0167,0.87677884,sat_0182,0.7731401,0.10363877,True
drone_0167_250_0018,0167,250,sat_0167,1,1.0,sat_0167,0167,0.8659219,sat_0182,0.78003967,0.08588225,True
drone_0167_250_0019,0167,250,sat_0167,1,1.0,sat_0167,0167,0.8621976,sat_0182,0.7869419,0.07525569,True
drone_0167_250_0020,0167,250,sat_0167,1,1.0,sat_0167,0167,0.87683266,sat_0182,0.7764801,0.100352585,True
drone_0167_250_0021,0167,250,sat_0167,1,1.0,sat_0167,0167,0.84878993,sat_0182,0.8291942,0.019595742,True
drone_0167_250_0022,0167,250,sat_0167,1,1.0,sat_0167,0167,0.8570139,sat_0182,0.8193654,0.0376485,True
drone_0167_250_0023,0167,250,sat_0167,1,1.0,sat_0167,0167,0.8602382,sat_0182,0.80225843,0.057979763,True
drone_0167_250_0024,0167,250,sat_0167,1,1.0,sat_0167,0167,0.85747993,sat_0182,0.8141999,0.043280005,True
drone_0167_250_0025,0167,250,sat_0167,1,1.0,sat_0167,0167,0.85756063,sat_0182,0.7932861,0.06427455,True
drone_0167_250_0026,0167,250,sat_0167,1,1.0,sat_0167,0167,0.8848331,sat_0182,0.7567017,0.12813139,True
drone_0167_250_0027,0167,250,sat_0167,1,1.0,sat_0167,0167,0.8831924,sat_0182,0.7504182,0.13277423,True
drone_0167_250_0028,0167,250,sat_0167,1,1.0,sat_0167,0167,0.8730617,sat_0182,0.76262575,0.11043596,True
drone_0167_250_0029,0167,250,sat_0167,1,1.0,sat_0167,0167,0.8834465,sat_0182,0.742454,0.14099252,True
drone_0167_250_0030,0167,250,sat_0167,1,1.0,sat_0167,0167,0.89055884,sat_0182,0.7369578,0.15360105,True
drone_0167_250_0031,0167,250,sat_0167,1,1.0,sat_0167,0167,0.90808094,sat_0182,0.712135,0.19594592,True
drone_0167_250_0032,0167,250,sat_0167,1,1.0,sat_0167,0167,0.9010873,sat_0182,0.7050803,0.19600701,True
drone_0167_250_0033,0167,250,sat_0167,1,1.0,sat_0167,0167,0.91355443,sat_0182,0.6655793,0.24797511,True
drone_0167_250_0034,0167,250,sat_0167,1,1.0,sat_0167,0167,0.9050908,sat_0182,0.73926234,0.16582847,True
drone_0167_250_0035,0167,250,sat_0167,1,1.0,sat_0167,0167,0.91104263,sat_0182,0.7198457,0.19119692,True
drone_0167_250_0036,0167,250,sat_0167,1,1.0,sat_0167,0167,0.9030301,sat_0182,0.7333801,0.16965002,True
drone_0167_250_0037,0167,250,sat_0167,1,1.0,sat_0167,0167,0.9067616,sat_0182,0.6975145,0.20924711,True
drone_0167_250_0038,0167,250,sat_0167,1,1.0,sat_0167,0167,0.8895852,sat_0182,0.73505604,0.15452915,True
drone_0167_250_0039,0167,250,sat_0167,1,1.0,sat_0167,0167,0.9050641,sat_0182,0.723952,0.18111211,True
drone_0167_250_0040,0167,250,sat_0167,1,1.0,sat_0167,0167,0.89430654,sat_0182,0.71680164,0.1775049,True
drone_0167_250_0041,0167,250,sat_0167,1,1.0,sat_0167,0167,0.8823761,sat_0182,0.736031,0.14634508,True
drone_0167_250_0042,0167,250,sat_0167,1,1.0,sat_0167,0167,0.87866914,sat_0182,0.7417818,0.13688737,True
drone_0167_250_0043,0167,250,sat_0167,1,1.0,sat_0167,0167,0.87058437,sat_0182,0.74999505,0.120589316,True
drone_0167_250_0044,0167,250,sat_0167,1,1.0,sat_0167,0167,0.87377965,sat_0182,0.748756,0.12502366,True
drone_0167_250_0045,0167,250,sat_0167,1,1.0,sat_0167,0167,0.8769975,sat_0182,0.7619398,0.11505765,True
drone_0167_250_0046,0167,250,sat_0167,1,1.0,sat_0167,0167,0.8619112,sat_0182,0.75507045,0.10684073,True
drone_0167_250_0047,0167,250,sat_0167,1,1.0,sat_0167,0167,0.8512311,sat_0182,0.7602594,0.09097171,True
drone_0167_250_0048,0167,250,sat_0167,1,1.0,sat_0167,0167,0.87838316,sat_0182,0.7278013,0.15058184,True
drone_0167_250_0049,0167,250,sat_0167,1,1.0,sat_0167,0167,0.85584915,sat_0182,0.7544277,0.101421475,True
drone_0169_250_0000,0169,250,sat_0169,1,1.0,sat_0169,0169,0.8513681,sat_0007,0.4188043,0.43256384,True
drone_0169_250_0001,0169,250,sat_0169,1,1.0,sat_0169,0169,0.83899003,sat_0008,0.39614177,0.44284827,True
drone_0169_250_0002,0169,250,sat_0169,1,1.0,sat_0169,0169,0.84566647,sat_0151,0.43968475,0.40598172,True
drone_0169_250_0003,0169,250,sat_0169,1,1.0,sat_0169,0169,0.8291588,sat_0008,0.45919496,0.36996382,True
drone_0169_250_0004,0169,250,sat_0169,1,1.0,sat_0169,0169,0.84369844,sat_0008,0.43595716,0.40774128,True
drone_0169_250_0005,0169,250,sat_0169,1,1.0,sat_0169,0169,0.84581834,sat_0151,0.44846153,0.3973568,True
drone_0169_250_0006,0169,250,sat_0169,1,1.0,sat_0169,0169,0.85873795,sat_0007,0.4978114,0.36092654,True
drone_0169_250_0007,0169,250,sat_0169,1,1.0,sat_0169,0169,0.87935936,sat_0007,0.48920408,0.3901553,True
drone_0169_250_0008,0169,250,sat_0169,1,1.0,sat_0169,0169,0.87364197,sat_0007,0.51911104,0.35453093,True
drone_0169_250_0009,0169,250,sat_0169,1,1.0,sat_0169,0169,0.8561776,sat_0151,0.48206493,0.3741127,True
drone_0169_250_0010,0169,250,sat_0169,1,1.0,sat_0169,0169,0.81544584,sat_0151,0.5578141,0.25763172,True
drone_0169_250_0011,0169,250,sat_0169,1,1.0,sat_0169,0169,0.800811,sat_0151,0.55979097,0.24102002,True
drone_0169_250_0012,0169,250,sat_0169,1,1.0,sat_0169,0169,0.78781337,sat_0151,0.5678104,0.22000295,True
drone_0169_250_0013,0169,250,sat_0169,1,1.0,sat_0169,0169,0.7885748,sat_0151,0.5484089,0.24016589,True
drone_0169_250_0014,0169,250,sat_0169,1,1.0,sat_0169,0169,0.7808199,sat_0007,0.5269764,0.2538435,True
drone_0169_250_0015,0169,250,sat_0169,1,1.0,sat_0169,0169,0.7531975,sat_0008,0.53828627,0.21491122,True
drone_0169_250_0016,0169,250,sat_0169,1,1.0,sat_0169,0169,0.7643957,sat_0007,0.5376708,0.22672492,True
drone_0169_250_0017,0169,250,sat_0169,1,1.0,sat_0169,0169,0.75985,sat_0008,0.5667994,0.19305062,True
drone_0169_250_0018,0169,250,sat_0169,1,1.0,sat_0169,0169,0.7549375,sat_0008,0.5759071,0.17903042,True
drone_0169_250_0019,0169,250,sat_0169,1,1.0,sat_0169,0169,0.7741815,sat_0007,0.5798868,0.19429469,True
drone_0169_250_0020,0169,250,sat_0169,1,1.0,sat_0169,0169,0.80568755,sat_0007,0.5077719,0.29791564,True
drone_0169_250_0021,0169,250,sat_0169,1,1.0,sat_0169,0169,0.74264055,sat_0151,0.53167933,0.21096122,True
drone_0169_250_0022,0169,250,sat_0169,1,1.0,sat_0169,0169,0.75742316,sat_0007,0.5033176,0.25410557,True
drone_0169_250_0023,0169,250,sat_0169,1,1.0,sat_0169,0169,0.7254836,sat_0151,0.5074141,0.2180695,True
drone_0169_250_0024,0169,250,sat_0169,1,1.0,sat_0169,0169,0.78502744,sat_0007,0.555382,0.22964543,True
drone_0169_250_0025,0169,250,sat_0169,1,1.0,sat_0169,0169,0.73756117,sat_0007,0.5541033,0.18345785,True
drone_0169_250_0026,0169,250,sat_0169,1,1.0,sat_0169,0169,0.75904363,sat_0007,0.6248755,0.13416815,True
drone_0169_250_0027,0169,250,sat_0169,1,1.0,sat_0169,0169,0.75362134,sat_0007,0.6600135,0.09360784,True
drone_0169_250_0028,0169,250,sat_0169,1,1.0,sat_0169,0169,0.7298641,sat_0007,0.6442432,0.08562094,True
drone_0169_250_0029,0169,250,sat_0169,1,1.0,sat_0169,0169,0.81197757,sat_0007,0.567475,0.24450254,True
drone_0169_250_0030,0169,250,sat_0169,1,1.0,sat_0169,0169,0.8263611,sat_0007,0.5211418,0.3052193,True
drone_0169_250_0031,0169,250,sat_0169,1,1.0,sat_0169,0169,0.8560771,sat_0007,0.5796769,0.27640015,True
drone_0169_250_0032,0169,250,sat_0169,1,1.0,sat_0169,0169,0.8452119,sat_0007,0.5766383,0.26857364,True
drone_0169_250_0033,0169,250,sat_0169,1,1.0,sat_0169,0169,0.8298923,sat_0007,0.5411382,0.2887541,True
drone_0169_250_0034,0169,250,sat_0169,1,1.0,sat_0169,0169,0.83652663,sat_0151,0.5288904,0.30763626,True
drone_0169_250_0035,0169,250,sat_0169,1,1.0,sat_0169,0169,0.8404473,sat_0007,0.51560986,0.32483745,True
drone_0169_250_0036,0169,250,sat_0169,1,1.0,sat_0169,0169,0.853035,sat_0007,0.5380112,0.31502378,True
drone_0169_250_0037,0169,250,sat_0169,1,1.0,sat_0169,0169,0.7938613,sat_0007,0.59370494,0.20015639,True
drone_0169_250_0038,0169,250,sat_0169,1,1.0,sat_0169,0169,0.80089915,sat_0007,0.59254324,0.2083559,True
drone_0169_250_0039,0169,250,sat_0169,1,1.0,sat_0169,0169,0.79886025,sat_0007,0.55893415,0.2399261,True
drone_0169_250_0040,0169,250,sat_0169,1,1.0,sat_0169,0169,0.85707164,sat_0007,0.5470265,0.31004512,True
drone_0169_250_0041,0169,250,sat_0169,1,1.0,sat_0169,0169,0.867515,sat_0007,0.48544124,0.3820738,True
drone_0169_250_0042,0169,250,sat_0169,1,1.0,sat_0169,0169,0.86621875,sat_0007,0.47485203,0.39136672,True
drone_0169_250_0043,0169,250,sat_0169,1,1.0,sat_0169,0169,0.886971,sat_0007,0.50210184,0.38486916,True
drone_0169_250_0044,0169,250,sat_0169,1,1.0,sat_0169,0169,0.8724855,sat_0007,0.52479255,0.34769297,True
drone_0169_250_0045,0169,250,sat_0169,1,1.0,sat_0169,0169,0.791969,sat_0008,0.5651311,0.22683787,True
drone_0169_250_0046,0169,250,sat_0169,1,1.0,sat_0169,0169,0.77974385,sat_0008,0.5617447,0.21799916,True
drone_0169_250_0047,0169,250,sat_0169,1,1.0,sat_0169,0169,0.8013835,sat_0008,0.5673972,0.23398632,True
drone_0169_250_0048,0169,250,sat_0169,1,1.0,sat_0169,0169,0.81690526,sat_0007,0.5097653,0.30713993,True
drone_0169_250_0049,0169,250,sat_0169,1,1.0,sat_0169,0169,0.83200526,sat_0008,0.4582636,0.37374166,True
drone_0174_250_0000,0174,250,sat_0174,1,1.0,sat_0174,0174,0.9096265,sat_0182,0.5164377,0.39318877,True
drone_0174_250_0001,0174,250,sat_0174,1,1.0,sat_0174,0174,0.919954,sat_0182,0.49488342,0.42507058,True
drone_0174_250_0002,0174,250,sat_0174,1,1.0,sat_0174,0174,0.92403656,sat_0182,0.5165368,0.4074998,True
drone_0174_250_0003,0174,250,sat_0174,1,1.0,sat_0174,0174,0.9180987,sat_0182,0.5256693,0.3924294,True
drone_0174_250_0004,0174,250,sat_0174,1,1.0,sat_0174,0174,0.9287737,sat_0182,0.46168146,0.46709225,True
drone_0174_250_0005,0174,250,sat_0174,1,1.0,sat_0174,0174,0.92939544,sat_0182,0.50364494,0.4257505,True
drone_0174_250_0006,0174,250,sat_0174,1,1.0,sat_0174,0174,0.9362323,sat_0182,0.45546973,0.4807626,True
drone_0174_250_0007,0174,250,sat_0174,1,1.0,sat_0174,0174,0.91965234,sat_0182,0.4702466,0.44940573,True
drone_0174_250_0008,0174,250,sat_0174,1,1.0,sat_0174,0174,0.9203371,sat_0182,0.45339784,0.46693924,True
drone_0174_250_0009,0174,250,sat_0174,1,1.0,sat_0174,0174,0.9014122,sat_0182,0.43743291,0.46397927,True
drone_0174_250_0010,0174,250,sat_0174,1,1.0,sat_0174,0174,0.90304625,sat_0182,0.44280624,0.46024,True
drone_0174_250_0011,0174,250,sat_0174,1,1.0,sat_0174,0174,0.8903375,sat_0182,0.42711145,0.46322608,True
drone_0174_250_0012,0174,250,sat_0174,1,1.0,sat_0174,0174,0.8840238,sat_0182,0.49534944,0.38867435,True
drone_0174_250_0013,0174,250,sat_0174,1,1.0,sat_0174,0174,0.8933805,sat_0182,0.43404448,0.45933604,True
drone_0174_250_0014,0174,250,sat_0174,1,1.0,sat_0174,0174,0.85527307,sat_0182,0.5419913,0.31328177,True
drone_0174_250_0015,0174,250,sat_0174,1,1.0,sat_0174,0174,0.8453012,sat_0182,0.46762684,0.37767437,True
drone_0174_250_0016,0174,250,sat_0174,1,1.0,sat_0174,0174,0.87095284,sat_0182,0.5035651,0.36738777,True
drone_0174_250_0017,0174,250,sat_0174,1,1.0,sat_0174,0174,0.8846803,sat_0182,0.5053427,0.37933755,True
drone_0174_250_0018,0174,250,sat_0174,1,1.0,sat_0174,0174,0.88548553,sat_0182,0.44542024,0.4400653,True
drone_0174_250_0019,0174,250,sat_0174,1,1.0,sat_0174,0174,0.87336165,sat_0182,0.46146488,0.41189677,True
drone_0174_250_0020,0174,250,sat_0174,1,1.0,sat_0174,0174,0.8763672,sat_0182,0.44990158,0.42646563,True
drone_0174_250_0021,0174,250,sat_0174,1,1.0,sat_0174,0174,0.8538249,sat_0164,0.4084583,0.44536662,True
drone_0174_250_0022,0174,250,sat_0174,1,1.0,sat_0174,0174,0.84468716,sat_0182,0.4416171,0.40307006,True
drone_0174_250_0023,0174,250,sat_0174,1,1.0,sat_0174,0174,0.83919454,sat_0072,0.43651265,0.4026819,True
drone_0174_250_0024,0174,250,sat_0174,1,1.0,sat_0174,0174,0.8100525,sat_0182,0.4284094,0.38164312,True
drone_0174_250_0025,0174,250,sat_0174,1,1.0,sat_0174,0174,0.7985702,sat_0182,0.43914697,0.35942325,True
drone_0174_250_0026,0174,250,sat_0174,1,1.0,sat_0174,0174,0.8004776,sat_0182,0.48337734,0.3171003,True
drone_0174_250_0027,0174,250,sat_0174,1,1.0,sat_0174,0174,0.8805401,sat_0182,0.49936253,0.38117754,True
drone_0174_250_0028,0174,250,sat_0174,1,1.0,sat_0174,0174,0.86599195,sat_0072,0.49823514,0.3677568,True
drone_0174_250_0029,0174,250,sat_0174,1,1.0,sat_0174,0174,0.85906416,sat_0072,0.43674186,0.4223223,True
drone_0174_250_0030,0174,250,sat_0174,1,1.0,sat_0174,0174,0.8828384,sat_0072,0.44257328,0.44026515,True
drone_0174_250_0031,0174,250,sat_0174,1,1.0,sat_0174,0174,0.88269657,sat_0072,0.49046335,0.39223322,True
drone_0174_250_0032,0174,250,sat_0174,1,1.0,sat_0174,0174,0.85858583,sat_0182,0.41690293,0.4416829,True
drone_0174_250_0033,0174,250,sat_0174,1,1.0,sat_0174,0174,0.8837162,sat_0182,0.44688857,0.43682766,True
drone_0174_250_0034,0174,250,sat_0174,1,1.0,sat_0174,0174,0.86441374,sat_0182,0.45517564,0.4092381,True
drone_0174_250_0035,0174,250,sat_0174,1,1.0,sat_0174,0174,0.86703753,sat_0182,0.4940488,0.37298873,True
drone_0174_250_0036,0174,250,sat_0174,1,1.0,sat_0174,0174,0.8820921,sat_0182,0.55981225,0.32227987,True
drone_0174_250_0037,0174,250,sat_0174,1,1.0,sat_0174,0174,0.9107386,sat_0182,0.53996694,0.37077165,True
drone_0174_250_0038,0174,250,sat_0174,1,1.0,sat_0174,0174,0.8980395,sat_0182,0.5034873,0.39455223,True
drone_0174_250_0039,0174,250,sat_0174,1,1.0,sat_0174,0174,0.9008725,sat_0182,0.47723264,0.4236399,True
drone_0174_250_0040,0174,250,sat_0174,1,1.0,sat_0174,0174,0.9032458,sat_0182,0.52236545,0.38088036,True
drone_0174_250_0041,0174,250,sat_0174,1,1.0,sat_0174,0174,0.89725924,sat_0182,0.48229107,0.41496816,True
drone_0174_250_0042,0174,250,sat_0174,1,1.0,sat_0174,0174,0.89307785,sat_0182,0.46734583,0.42573202,True
drone_0174_250_0043,0174,250,sat_0174,1,1.0,sat_0174,0174,0.89180005,sat_0182,0.48759714,0.4042029,True
drone_0174_250_0044,0174,250,sat_0174,1,1.0,sat_0174,0174,0.86091805,sat_0182,0.4433227,0.41759536,True
drone_0174_250_0045,0174,250,sat_0174,1,1.0,sat_0174,0174,0.8530295,sat_0182,0.4262829,0.42674658,True
drone_0174_250_0046,0174,250,sat_0174,1,1.0,sat_0174,0174,0.88385344,sat_0182,0.42342523,0.4604282,True
drone_0174_250_0047,0174,250,sat_0174,1,1.0,sat_0174,0174,0.8626792,sat_0182,0.40172422,0.46095496,True
drone_0174_250_0048,0174,250,sat_0174,1,1.0,sat_0174,0174,0.8853319,sat_0182,0.41395122,0.4713807,True
drone_0174_250_0049,0174,250,sat_0174,1,1.0,sat_0174,0174,0.85232466,sat_0164,0.391076,0.46124867,True
drone_0182_250_0000,0182,250,sat_0182,1,1.0,sat_0182,0182,0.82023776,sat_0174,0.4024786,0.41775915,True
drone_0182_250_0001,0182,250,sat_0182,1,1.0,sat_0182,0182,0.81946665,sat_0029,0.3967136,0.42275304,True
drone_0182_250_0002,0182,250,sat_0182,1,1.0,sat_0182,0182,0.8126464,sat_0029,0.3733418,0.4393046,True
drone_0182_250_0003,0182,250,sat_0182,1,1.0,sat_0182,0182,0.8346959,sat_0029,0.4115417,0.42315418,True
drone_0182_250_0004,0182,250,sat_0182,1,1.0,sat_0182,0182,0.838113,sat_0029,0.4262885,0.41182452,True
drone_0182_250_0005,0182,250,sat_0182,1,1.0,sat_0182,0182,0.8462071,sat_0029,0.45117152,0.39503556,True
drone_0182_250_0006,0182,250,sat_0182,1,1.0,sat_0182,0182,0.8348103,sat_0029,0.40635443,0.4284559,True
drone_0182_250_0007,0182,250,sat_0182,1,1.0,sat_0182,0182,0.83565027,sat_0167,0.41585168,0.41979858,True
drone_0182_250_0008,0182,250,sat_0182,1,1.0,sat_0182,0182,0.818482,sat_0029,0.39662248,0.4218595,True
drone_0182_250_0009,0182,250,sat_0182,1,1.0,sat_0182,0182,0.8385398,sat_0029,0.424943,0.41359678,True
drone_0182_250_0010,0182,250,sat_0182,1,1.0,sat_0182,0182,0.826241,sat_0029,0.4099011,0.4163399,True
drone_0182_250_0011,0182,250,sat_0182,1,1.0,sat_0182,0182,0.8214391,sat_0029,0.40143424,0.42000484,True
drone_0182_250_0012,0182,250,sat_0182,1,1.0,sat_0182,0182,0.81085414,sat_0029,0.3924417,0.41841245,True
drone_0182_250_0013,0182,250,sat_0182,1,1.0,sat_0182,0182,0.83400625,sat_0174,0.43297777,0.40102848,True
drone_0182_250_0014,0182,250,sat_0182,1,1.0,sat_0182,0182,0.83481914,sat_0174,0.41372618,0.42109296,True
drone_0182_250_0015,0182,250,sat_0182,1,1.0,sat_0182,0182,0.82642853,sat_0174,0.42410707,0.40232146,True
drone_0182_250_0016,0182,250,sat_0182,1,1.0,sat_0182,0182,0.8407192,sat_0174,0.4330799,0.40763932,True
drone_0182_250_0017,0182,250,sat_0182,1,1.0,sat_0182,0182,0.83731353,sat_0029,0.44278216,0.39453137,True
drone_0182_250_0018,0182,250,sat_0182,1,1.0,sat_0182,0182,0.8364184,sat_0029,0.44685206,0.38956633,True
drone_0182_250_0019,0182,250,sat_0182,1,1.0,sat_0182,0182,0.8101198,sat_0029,0.45385763,0.35626218,True
drone_0182_250_0020,0182,250,sat_0182,1,1.0,sat_0182,0182,0.84468293,sat_0029,0.44994944,0.3947335,True
drone_0182_250_0021,0182,250,sat_0182,1,1.0,sat_0182,0182,0.8992883,sat_0174,0.4830482,0.4162401,True
drone_0182_250_0022,0182,250,sat_0182,1,1.0,sat_0182,0182,0.92072976,sat_0029,0.46133208,0.45939767,True
drone_0182_250_0023,0182,250,sat_0182,1,1.0,sat_0182,0182,0.89955676,sat_0174,0.46314272,0.43641403,True
drone_0182_250_0024,0182,250,sat_0182,1,1.0,sat_0182,0182,0.9089145,sat_0174,0.48227325,0.42664126,True
drone_0182_250_0025,0182,250,sat_0182,1,1.0,sat_0182,0182,0.90254694,sat_0174,0.4538054,0.44874156,True
drone_0182_250_0026,0182,250,sat_0182,1,1.0,sat_0182,0182,0.91925144,sat_0174,0.47973573,0.4395157,True
drone_0182_250_0027,0182,250,sat_0182,1,1.0,sat_0182,0182,0.94583726,sat_0167,0.48643097,0.4594063,True
drone_0182_250_0028,0182,250,sat_0182,1,1.0,sat_0182,0182,0.9551789,sat_0167,0.53721964,0.41795927,True
drone_0182_250_0029,0182,250,sat_0182,1,1.0,sat_0182,0182,0.9412639,sat_0167,0.4936119,0.447652,True
drone_0182_250_0030,0182,250,sat_0182,1,1.0,sat_0182,0182,0.9428525,sat_0167,0.47812876,0.46472374,True
drone_0182_250_0031,0182,250,sat_0182,1,1.0,sat_0182,0182,0.9388675,sat_0167,0.4500942,0.48877332,True
drone_0182_250_0032,0182,250,sat_0182,1,1.0,sat_0182,0182,0.9363396,sat_0167,0.46778256,0.46855706,True
drone_0182_250_0033,0182,250,sat_0182,1,1.0,sat_0182,0182,0.9393413,sat_0167,0.46644384,0.47289747,True
drone_0182_250_0034,0182,250,sat_0182,1,1.0,sat_0182,0182,0.9228084,sat_0167,0.42538702,0.49742138,True
drone_0182_250_0035,0182,250,sat_0182,1,1.0,sat_0182,0182,0.9194712,sat_0167,0.4311812,0.48829,True
drone_0182_250_0036,0182,250,sat_0182,1,1.0,sat_0182,0182,0.92049134,sat_0167,0.43575972,0.4847316,True
drone_0182_250_0037,0182,250,sat_0182,1,1.0,sat_0182,0182,0.9343242,sat_0167,0.4588758,0.4754484,True
drone_0182_250_0038,0182,250,sat_0182,1,1.0,sat_0182,0182,0.9171787,sat_0167,0.45508784,0.46209085,True
drone_0182_250_0039,0182,250,sat_0182,1,1.0,sat_0182,0182,0.89580333,sat_0029,0.41743726,0.47836608,True
drone_0182_250_0040,0182,250,sat_0182,1,1.0,sat_0182,0182,0.9175686,sat_0167,0.4701687,0.4473999,True
drone_0182_250_0041,0182,250,sat_0182,1,1.0,sat_0182,0182,0.90256035,sat_0167,0.45936188,0.44319847,True
drone_0182_250_0042,0182,250,sat_0182,1,1.0,sat_0182,0182,0.9094687,sat_0167,0.46404347,0.44542524,True
drone_0182_250_0043,0182,250,sat_0182,1,1.0,sat_0182,0182,0.895931,sat_0167,0.4784313,0.4174997,True
drone_0182_250_0044,0182,250,sat_0182,1,1.0,sat_0182,0182,0.88913345,sat_0167,0.45973435,0.4293991,True
drone_0182_250_0045,0182,250,sat_0182,1,1.0,sat_0182,0182,0.893944,sat_0174,0.45155537,0.44238865,True
drone_0182_250_0046,0182,250,sat_0182,1,1.0,sat_0182,0182,0.8423449,sat_0029,0.4401951,0.40214977,True
drone_0182_250_0047,0182,250,sat_0182,1,1.0,sat_0182,0182,0.8237127,sat_0174,0.47439718,0.34931552,True
drone_0182_250_0048,0182,250,sat_0182,1,1.0,sat_0182,0182,0.79663527,sat_0174,0.44483864,0.35179663,True
drone_0182_250_0049,0182,250,sat_0182,1,1.0,sat_0182,0182,0.7942282,sat_0029,0.37947547,0.41475272,True
drone_0186_250_0000,0186,250,sat_0186,1,1.0,sat_0186,0186,0.9299965,sat_0088,0.3395963,0.5904002,True
drone_0186_250_0001,0186,250,sat_0186,1,1.0,sat_0186,0186,0.9279156,sat_0009,0.33139753,0.59651804,True
drone_0186_250_0002,0186,250,sat_0186,1,1.0,sat_0186,0186,0.93734086,sat_0088,0.33983877,0.5975021,True
drone_0186_250_0003,0186,250,sat_0186,1,1.0,sat_0186,0186,0.92810094,sat_0151,0.35094693,0.57715404,True
drone_0186_250_0004,0186,250,sat_0186,1,1.0,sat_0186,0186,0.9329876,sat_0151,0.3938375,0.53915006,True
drone_0186_250_0005,0186,250,sat_0186,1,1.0,sat_0186,0186,0.91586447,sat_0151,0.39319307,0.5226714,True
drone_0186_250_0006,0186,250,sat_0186,1,1.0,sat_0186,0186,0.922102,sat_0151,0.37002873,0.55207324,True
drone_0186_250_0007,0186,250,sat_0186,1,1.0,sat_0186,0186,0.91704214,sat_0151,0.33776706,0.5792751,True
drone_0186_250_0008,0186,250,sat_0186,1,1.0,sat_0186,0186,0.92608106,sat_0151,0.37230307,0.553778,True
drone_0186_250_0009,0186,250,sat_0186,1,1.0,sat_0186,0186,0.93268365,sat_0151,0.36440092,0.5682827,True
drone_0186_250_0010,0186,250,sat_0186,1,1.0,sat_0186,0186,0.915779,sat_0088,0.34397277,0.5718062,True
drone_0186_250_0011,0186,250,sat_0186,1,1.0,sat_0186,0186,0.91421837,sat_0088,0.3361088,0.57810956,True
drone_0186_250_0012,0186,250,sat_0186,1,1.0,sat_0186,0186,0.91017985,sat_0151,0.39350647,0.5166734,True
drone_0186_250_0013,0186,250,sat_0186,1,1.0,sat_0186,0186,0.9113905,sat_0151,0.46084666,0.45054382,True
drone_0186_250_0014,0186,250,sat_0186,1,1.0,sat_0186,0186,0.9042425,sat_0151,0.4249205,0.47932202,True
drone_0186_250_0015,0186,250,sat_0186,1,1.0,sat_0186,0186,0.8968989,sat_0151,0.47066668,0.42623225,True
drone_0186_250_0016,0186,250,sat_0186,1,1.0,sat_0186,0186,0.91468793,sat_0151,0.41106823,0.5036197,True
drone_0186_250_0017,0186,250,sat_0186,1,1.0,sat_0186,0186,0.9143406,sat_0151,0.39469624,0.5196444,True
drone_0186_250_0018,0186,250,sat_0186,1,1.0,sat_0186,0186,0.9266571,sat_0151,0.36681733,0.5598397,True
drone_0186_250_0019,0186,250,sat_0186,1,1.0,sat_0186,0186,0.9204583,sat_0151,0.36718512,0.5532732,True
drone_0186_250_0020,0186,250,sat_0186,1,1.0,sat_0186,0186,0.9125643,sat_0140,0.34868172,0.5638826,True
drone_0186_250_0021,0186,250,sat_0186,1,1.0,sat_0186,0186,0.8912149,sat_0009,0.3739032,0.5173117,True
drone_0186_250_0022,0186,250,sat_0186,1,1.0,sat_0186,0186,0.9016622,sat_0009,0.38653097,0.51513124,True
drone_0186_250_0023,0186,250,sat_0186,1,1.0,sat_0186,0186,0.8664342,sat_0009,0.32508558,0.54134864,True
drone_0186_250_0024,0186,250,sat_0186,1,1.0,sat_0186,0186,0.8779582,sat_0009,0.36793393,0.51002425,True
drone_0186_250_0025,0186,250,sat_0186,1,1.0,sat_0186,0186,0.8673351,sat_0151,0.3648669,0.50246817,True
drone_0186_250_0026,0186,250,sat_0186,1,1.0,sat_0186,0186,0.87252945,sat_0009,0.35820615,0.5143233,True
drone_0186_250_0027,0186,250,sat_0186,1,1.0,sat_0186,0186,0.8580601,sat_0009,0.44339326,0.41466686,True
drone_0186_250_0028,0186,250,sat_0186,1,1.0,sat_0186,0186,0.8439696,sat_0009,0.38262987,0.4613397,True
drone_0186_250_0029,0186,250,sat_0186,1,1.0,sat_0186,0186,0.8001909,sat_0009,0.49285775,0.30733317,True
drone_0186_250_0030,0186,250,sat_0186,1,1.0,sat_0186,0186,0.81190854,sat_0009,0.4916125,0.32029605,True
drone_0186_250_0031,0186,250,sat_0186,1,1.0,sat_0186,0186,0.8343667,sat_0009,0.45240813,0.38195854,True
drone_0186_250_0032,0186,250,sat_0186,1,1.0,sat_0186,0186,0.85803974,sat_0009,0.45148355,0.4065562,True
drone_0186_250_0033,0186,250,sat_0186,1,1.0,sat_0186,0186,0.8633277,sat_0009,0.44032723,0.42300045,True
drone_0186_250_0034,0186,250,sat_0186,1,1.0,sat_0186,0186,0.90809435,sat_0009,0.3878882,0.52020615,True
drone_0186_250_0035,0186,250,sat_0186,1,1.0,sat_0186,0186,0.8880063,sat_0009,0.41313305,0.47487327,True
drone_0186_250_0036,0186,250,sat_0186,1,1.0,sat_0186,0186,0.89128846,sat_0009,0.39906412,0.49222434,True
drone_0186_250_0037,0186,250,sat_0186,1,1.0,sat_0186,0186,0.88006735,sat_0009,0.37448752,0.5055798,True
drone_0186_250_0038,0186,250,sat_0186,1,1.0,sat_0186,0186,0.8557425,sat_0009,0.34738287,0.5083597,True
drone_0186_250_0039,0186,250,sat_0186,1,1.0,sat_0186,0186,0.89926565,sat_0151,0.3475525,0.5517131,True
drone_0186_250_0040,0186,250,sat_0186,1,1.0,sat_0186,0186,0.8841603,sat_0151,0.38049826,0.503662,True
drone_0186_250_0041,0186,250,sat_0186,1,1.0,sat_0186,0186,0.90121436,sat_0009,0.38353163,0.51768273,True
drone_0186_250_0042,0186,250,sat_0186,1,1.0,sat_0186,0186,0.8634591,sat_0009,0.38537052,0.4780886,True
drone_0186_250_0043,0186,250,sat_0186,1,1.0,sat_0186,0186,0.8831452,sat_0009,0.47707722,0.406068,True
drone_0186_250_0044,0186,250,sat_0186,1,1.0,sat_0186,0186,0.9049272,sat_0009,0.41044006,0.49448714,True
drone_0186_250_0045,0186,250,sat_0186,1,1.0,sat_0186,0186,0.8811104,sat_0009,0.44278547,0.43832496,True
drone_0186_250_0046,0186,250,sat_0186,1,1.0,sat_0186,0186,0.8690847,sat_0009,0.39808652,0.4709982,True
drone_0186_250_0047,0186,250,sat_0186,1,1.0,sat_0186,0186,0.8787662,sat_0009,0.41078222,0.46798396,True
drone_0186_250_0048,0186,250,sat_0186,1,1.0,sat_0186,0186,0.8848629,sat_0009,0.39741328,0.48744962,True
drone_0186_250_0049,0186,250,sat_0186,1,1.0,sat_0186,0186,0.91300833,sat_0009,0.38821533,0.524793,True
drone_0189_250_0000,0189,250,sat_0189,1,1.0,sat_0189,0189,0.8405479,sat_0108,0.6346003,0.20594764,True
drone_0189_250_0001,0189,250,sat_0189,1,1.0,sat_0189,0189,0.8402604,sat_0192,0.6246697,0.21559072,True
drone_0189_250_0002,0189,250,sat_0189,1,1.0,sat_0189,0189,0.86966276,sat_0152,0.6342474,0.23541534,True
drone_0189_250_0003,0189,250,sat_0189,1,1.0,sat_0189,0189,0.83372223,sat_0190,0.61812353,0.2155987,True
drone_0189_250_0004,0189,250,sat_0189,1,1.0,sat_0189,0189,0.8530868,sat_0190,0.63044524,0.22264159,True
drone_0189_250_0005,0189,250,sat_0189,1,1.0,sat_0189,0189,0.82770115,sat_0190,0.6793083,0.14839286,True
drone_0189_250_0006,0189,250,sat_0189,1,1.0,sat_0189,0189,0.8158798,sat_0190,0.65830207,0.15757775,True
drone_0189_250_0007,0189,250,sat_0189,1,1.0,sat_0189,0189,0.84837025,sat_0190,0.6787028,0.16966748,True
drone_0189_250_0008,0189,250,sat_0189,1,1.0,sat_0189,0189,0.8789197,sat_0190,0.6498248,0.22909492,True
drone_0189_250_0009,0189,250,sat_0189,1,1.0,sat_0189,0189,0.90747136,sat_0152,0.6372893,0.27018207,True
drone_0189_250_0010,0189,250,sat_0189,1,1.0,sat_0189,0189,0.925583,sat_0152,0.70228255,0.22330046,True
drone_0189_250_0011,0189,250,sat_0189,1,1.0,sat_0189,0189,0.9184861,sat_0152,0.632131,0.28635514,True
drone_0189_250_0012,0189,250,sat_0189,1,1.0,sat_0189,0189,0.94102114,sat_0192,0.65644467,0.28457648,True
drone_0189_250_0013,0189,250,sat_0189,1,1.0,sat_0189,0189,0.8938757,sat_0192,0.7229248,0.17095089,True
drone_0189_250_0014,0189,250,sat_0189,1,1.0,sat_0189,0189,0.90268666,sat_0192,0.649534,0.25315267,True
drone_0189_250_0015,0189,250,sat_0189,1,1.0,sat_0189,0189,0.9303385,sat_0192,0.7026442,0.22769427,True
drone_0189_250_0016,0189,250,sat_0189,1,1.0,sat_0189,0189,0.91295224,sat_0192,0.6993931,0.21355915,True
drone_0189_250_0017,0189,250,sat_0189,1,1.0,sat_0189,0189,0.9214009,sat_0192,0.7255113,0.19588959,True
drone_0189_250_0018,0189,250,sat_0189,1,1.0,sat_0189,0189,0.91321963,sat_0192,0.748441,0.16477865,True
drone_0189_250_0019,0189,250,sat_0189,1,1.0,sat_0189,0189,0.9149539,sat_0192,0.7534522,0.1615017,True
drone_0189_250_0020,0189,250,sat_0189,1,1.0,sat_0189,0189,0.89967215,sat_0192,0.7838377,0.115834475,True
drone_0189_250_0021,0189,250,sat_0189,1,1.0,sat_0189,0189,0.8870347,sat_0192,0.7770315,0.11000323,True
drone_0189_250_0022,0189,250,sat_0189,1,1.0,sat_0189,0189,0.9104689,sat_0192,0.7426654,0.16780347,True
drone_0189_250_0023,0189,250,sat_0189,1,1.0,sat_0189,0189,0.88385934,sat_0192,0.73589325,0.14796609,True
drone_0189_250_0024,0189,250,sat_0189,1,1.0,sat_0189,0189,0.87541693,sat_0192,0.7330574,0.14235955,True
drone_0189_250_0025,0189,250,sat_0189,1,1.0,sat_0189,0189,0.89792514,sat_0192,0.7368629,0.16106224,True
drone_0189_250_0026,0189,250,sat_0189,1,1.0,sat_0189,0189,0.90178883,sat_0192,0.71316206,0.18862677,True
drone_0189_250_0027,0189,250,sat_0189,1,1.0,sat_0189,0189,0.88884187,sat_0192,0.7367122,0.15212965,True
drone_0189_250_0028,0189,250,sat_0189,1,1.0,sat_0189,0189,0.926957,sat_0192,0.6750222,0.25193483,True
drone_0189_250_0029,0189,250,sat_0189,1,1.0,sat_0189,0189,0.90375537,sat_0192,0.7239424,0.17981297,True
drone_0189_250_0030,0189,250,sat_0189,1,1.0,sat_0189,0189,0.7949551,sat_0192,0.7074039,0.08755118,True
drone_0189_250_0031,0189,250,sat_0189,1,1.0,sat_0189,0189,0.8267127,sat_0192,0.671003,0.15570974,True
drone_0189_250_0032,0189,250,sat_0189,1,1.0,sat_0189,0189,0.81656206,sat_0192,0.59847206,0.21809,True
drone_0189_250_0033,0189,250,sat_0189,1,1.0,sat_0189,0189,0.78955483,sat_0192,0.655403,0.13415182,True
drone_0189_250_0034,0189,250,sat_0189,1,1.0,sat_0189,0189,0.7411779,sat_0192,0.5635851,0.17759281,True
drone_0189_250_0035,0189,250,sat_0189,1,1.0,sat_0189,0189,0.80793035,sat_0192,0.6277886,0.18014175,True
drone_0189_250_0036,0189,250,sat_0189,1,1.0,sat_0189,0189,0.8124287,sat_0192,0.58184636,0.23058236,True
drone_0189_250_0037,0189,250,sat_0189,1,1.0,sat_0189,0189,0.83724064,sat_0192,0.61653805,0.22070259,True
drone_0189_250_0038,0189,250,sat_0189,1,1.0,sat_0189,0189,0.80099624,sat_0192,0.5777325,0.22326374,True
drone_0189_250_0039,0189,250,sat_0189,1,1.0,sat_0189,0189,0.78230524,sat_0192,0.6244734,0.15783185,True
drone_0189_250_0040,0189,250,sat_0189,1,1.0,sat_0189,0189,0.794012,sat_0192,0.69948167,0.094530344,True
drone_0189_250_0041,0189,250,sat_0189,1,1.0,sat_0189,0189,0.8297442,sat_0192,0.66788983,0.16185439,True
drone_0189_250_0042,0189,250,sat_0189,1,1.0,sat_0189,0189,0.7129559,sat_0192,0.6494111,0.06354481,True
drone_0189_250_0043,0189,250,sat_0189,1,1.0,sat_0189,0189,0.72582567,sat_0192,0.6917865,0.03403914,True
drone_0189_250_0044,0189,250,sat_0189,1,1.0,sat_0189,0189,0.6960391,sat_0192,0.6780406,0.017998457,True
drone_0189_250_0045,0189,250,sat_0189,1,1.0,sat_0189,0189,0.6802973,sat_0192,0.6577714,0.022525907,True
drone_0189_250_0046,0189,250,sat_0189,1,1.0,sat_0189,0189,0.703313,sat_0192,0.62364274,0.07967025,True
drone_0189_250_0047,0189,250,sat_0189,1,1.0,sat_0189,0189,0.7045418,sat_0192,0.6421282,0.062413573,True
drone_0189_250_0048,0189,250,sat_0189,1,1.0,sat_0189,0189,0.7241025,sat_0192,0.6030228,0.12107968,True
drone_0189_250_0049,0189,250,sat_0189,1,1.0,sat_0189,0189,0.61626565,sat_0192,0.53801566,0.07824999,True
drone_0190_250_0000,0190,250,sat_0190,1,1.0,sat_0190,0190,0.9500785,sat_0192,0.5861539,0.36392456,True
drone_0190_250_0001,0190,250,sat_0190,1,1.0,sat_0190,0190,0.9529276,sat_0192,0.56859267,0.38433492,True
drone_0190_250_0002,0190,250,sat_0190,1,1.0,sat_0190,0190,0.9404052,sat_0192,0.53542674,0.40497845,True
drone_0190_250_0003,0190,250,sat_0190,1,1.0,sat_0190,0190,0.94478464,sat_0192,0.5724032,0.37238145,True
drone_0190_250_0004,0190,250,sat_0190,1,1.0,sat_0190,0190,0.93936837,sat_0192,0.57069874,0.36866963,True
drone_0190_250_0005,0190,250,sat_0190,1,1.0,sat_0190,0190,0.93834835,sat_0192,0.5568877,0.38146067,True
drone_0190_250_0006,0190,250,sat_0190,1,1.0,sat_0190,0190,0.9409417,sat_0192,0.57509524,0.36584646,True
drone_0190_250_0007,0190,250,sat_0190,1,1.0,sat_0190,0190,0.93199474,sat_0192,0.54503417,0.38696057,True
drone_0190_250_0008,0190,250,sat_0190,1,1.0,sat_0190,0190,0.9236107,sat_0192,0.5666132,0.3569975,True
drone_0190_250_0009,0190,250,sat_0190,1,1.0,sat_0190,0190,0.9307972,sat_0192,0.57489705,0.35590017,True
drone_0190_250_0010,0190,250,sat_0190,1,1.0,sat_0190,0190,0.9292151,sat_0192,0.5903094,0.3389057,True
drone_0190_250_0011,0190,250,sat_0190,1,1.0,sat_0190,0190,0.9315233,sat_0192,0.620023,0.3115003,True
drone_0190_250_0012,0190,250,sat_0190,1,1.0,sat_0190,0190,0.9159466,sat_0192,0.60934454,0.30660206,True
drone_0190_250_0013,0190,250,sat_0190,1,1.0,sat_0190,0190,0.91761225,sat_0192,0.6492486,0.26836365,True
drone_0190_250_0014,0190,250,sat_0190,1,1.0,sat_0190,0190,0.86931556,sat_0192,0.58247495,0.28684062,True
drone_0190_250_0015,0190,250,sat_0190,1,1.0,sat_0190,0190,0.8227573,sat_0192,0.5473797,0.27537763,True
drone_0190_250_0016,0190,250,sat_0190,1,1.0,sat_0190,0190,0.85153365,sat_0192,0.6139277,0.23760593,True
drone_0190_250_0017,0190,250,sat_0190,1,1.0,sat_0190,0190,0.8479905,sat_0192,0.6330982,0.21489233,True
drone_0190_250_0018,0190,250,sat_0190,1,1.0,sat_0190,0190,0.87713253,sat_0192,0.7086095,0.16852301,True
drone_0190_250_0019,0190,250,sat_0190,1,1.0,sat_0190,0190,0.88065714,sat_0192,0.69357395,0.18708318,True
drone_0190_250_0020,0190,250,sat_0190,1,1.0,sat_0190,0190,0.8493489,sat_0192,0.66523254,0.18411636,True
drone_0190_250_0021,0190,250,sat_0190,1,1.0,sat_0190,0190,0.8662188,sat_0192,0.6427786,0.22344023,True
drone_0190_250_0022,0190,250,sat_0190,1,1.0,sat_0190,0190,0.86282426,sat_0192,0.61970663,0.24311763,True
drone_0190_250_0023,0190,250,sat_0190,1,1.0,sat_0190,0190,0.8835741,sat_0192,0.61926866,0.26430547,True
drone_0190_250_0024,0190,250,sat_0190,1,1.0,sat_0190,0190,0.8674904,sat_0192,0.5729507,0.2945397,True
drone_0190_250_0025,0190,250,sat_0190,1,1.0,sat_0190,0190,0.86363685,sat_0192,0.5511309,0.31250596,True
drone_0190_250_0026,0190,250,sat_0190,1,1.0,sat_0190,0190,0.88202244,sat_0108,0.5662294,0.31579304,True
drone_0190_250_0027,0190,250,sat_0190,1,1.0,sat_0190,0190,0.9007294,sat_0192,0.5856668,0.31506264,True
drone_0190_250_0028,0190,250,sat_0190,1,1.0,sat_0190,0190,0.9004926,sat_0192,0.5880555,0.31243712,True
drone_0190_250_0029,0190,250,sat_0190,1,1.0,sat_0190,0190,0.87700003,sat_0192,0.5904498,0.28655022,True
drone_0190_250_0030,0190,250,sat_0190,1,1.0,sat_0190,0190,0.88459814,sat_0108,0.56563306,0.31896508,True
drone_0190_250_0031,0190,250,sat_0190,1,1.0,sat_0190,0190,0.91279674,sat_0108,0.63654494,0.2762518,True
drone_0190_250_0032,0190,250,sat_0190,1,1.0,sat_0190,0190,0.90431577,sat_0192,0.55978775,0.34452802,True
drone_0190_250_0033,0190,250,sat_0190,1,1.0,sat_0190,0190,0.87031364,sat_0192,0.49747413,0.3728395,True
drone_0190_250_0034,0190,250,sat_0190,1,1.0,sat_0190,0190,0.8097887,sat_0198,0.45769113,0.35209757,True
drone_0190_250_0035,0190,250,sat_0190,1,1.0,sat_0190,0190,0.715513,sat_0198,0.5094285,0.20608449,True
drone_0190_250_0036,0190,250,sat_0190,1,1.0,sat_0190,0190,0.8239288,sat_0041,0.49589056,0.32803822,True
drone_0190_250_0037,0190,250,sat_0190,1,1.0,sat_0190,0190,0.8524236,sat_0041,0.53364706,0.31877655,True
drone_0190_250_0038,0190,250,sat_0190,1,1.0,sat_0190,0190,0.88651454,sat_0041,0.5557202,0.33079433,True
drone_0190_250_0039,0190,250,sat_0190,1,1.0,sat_0190,0190,0.85782623,sat_0192,0.5347313,0.3230949,True
drone_0190_250_0040,0190,250,sat_0190,1,1.0,sat_0190,0190,0.8919402,sat_0192,0.55235547,0.3395847,True
drone_0190_250_0041,0190,250,sat_0190,1,1.0,sat_0190,0190,0.8982019,sat_0192,0.54514664,0.35305524,True
drone_0190_250_0042,0190,250,sat_0190,1,1.0,sat_0190,0190,0.92049193,sat_0192,0.5670648,0.3534271,True
drone_0190_250_0043,0190,250,sat_0190,1,1.0,sat_0190,0190,0.9291535,sat_0192,0.61413205,0.31502146,True
drone_0190_250_0044,0190,250,sat_0190,1,1.0,sat_0190,0190,0.93709064,sat_0192,0.6308418,0.30624884,True
drone_0190_250_0045,0190,250,sat_0190,1,1.0,sat_0190,0190,0.94219553,sat_0192,0.6140729,0.32812262,True
drone_0190_250_0046,0190,250,sat_0190,1,1.0,sat_0190,0190,0.93086684,sat_0192,0.5556866,0.37518024,True
drone_0190_250_0047,0190,250,sat_0190,1,1.0,sat_0190,0190,0.91544914,sat_0192,0.5297776,0.38567156,True
drone_0190_250_0048,0190,250,sat_0190,1,1.0,sat_0190,0190,0.9286008,sat_0041,0.51732016,0.41128063,True
drone_0190_250_0049,0190,250,sat_0190,1,1.0,sat_0190,0190,0.9507447,sat_0192,0.55951476,0.39122993,True
drone_0192_250_0000,0192,250,sat_0192,1,1.0,sat_0192,0192,0.9423701,sat_0190,0.62376165,0.31860846,True
drone_0192_250_0001,0192,250,sat_0192,1,1.0,sat_0192,0192,0.933791,sat_0190,0.6141427,0.31964827,True
drone_0192_250_0002,0192,250,sat_0192,1,1.0,sat_0192,0192,0.94103235,sat_0190,0.6288542,0.31217813,True
drone_0192_250_0003,0192,250,sat_0192,1,1.0,sat_0192,0192,0.9486829,sat_0190,0.60767305,0.34100986,True
drone_0192_250_0004,0192,250,sat_0192,1,1.0,sat_0192,0192,0.9595972,sat_0190,0.59328175,0.36631542,True
drone_0192_250_0005,0192,250,sat_0192,1,1.0,sat_0192,0192,0.96022224,sat_0190,0.5977311,0.36249113,True
drone_0192_250_0006,0192,250,sat_0192,1,1.0,sat_0192,0192,0.9569425,sat_0190,0.60351765,0.35342485,True
drone_0192_250_0007,0192,250,sat_0192,1,1.0,sat_0192,0192,0.95737237,sat_0190,0.5950821,0.36229026,True
drone_0192_250_0008,0192,250,sat_0192,1,1.0,sat_0192,0192,0.9606271,sat_0190,0.58912355,0.37150353,True
drone_0192_250_0009,0192,250,sat_0192,1,1.0,sat_0192,0192,0.95021784,sat_0190,0.5774604,0.37275743,True
drone_0192_250_0010,0192,250,sat_0192,1,1.0,sat_0192,0192,0.95000803,sat_0190,0.59368217,0.35632586,True
drone_0192_250_0011,0192,250,sat_0192,1,1.0,sat_0192,0192,0.94835013,sat_0190,0.5873542,0.36099595,True
drone_0192_250_0012,0192,250,sat_0192,1,1.0,sat_0192,0192,0.9288866,sat_0190,0.57843125,0.35045534,True
drone_0192_250_0013,0192,250,sat_0192,1,1.0,sat_0192,0192,0.9336775,sat_0190,0.5968222,0.3368553,True
drone_0192_250_0014,0192,250,sat_0192,1,1.0,sat_0192,0192,0.92423916,sat_0190,0.57226473,0.35197443,True
drone_0192_250_0015,0192,250,sat_0192,1,1.0,sat_0192,0192,0.9130222,sat_0190,0.58472615,0.32829607,True
drone_0192_250_0016,0192,250,sat_0192,1,1.0,sat_0192,0192,0.89082783,sat_0190,0.5900863,0.30074155,True
drone_0192_250_0017,0192,250,sat_0192,1,1.0,sat_0192,0192,0.87614965,sat_0190,0.5990083,0.27714133,True
drone_0192_250_0018,0192,250,sat_0192,1,1.0,sat_0192,0192,0.84514356,sat_0190,0.5627797,0.28236383,True
drone_0192_250_0019,0192,250,sat_0192,1,1.0,sat_0192,0192,0.91639924,sat_0190,0.5630193,0.35337996,True
drone_0192_250_0020,0192,250,sat_0192,1,1.0,sat_0192,0192,0.93240446,sat_0190,0.589681,0.34272343,True
drone_0192_250_0021,0192,250,sat_0192,1,1.0,sat_0192,0192,0.94247323,sat_0190,0.5806607,0.36181253,True
drone_0192_250_0022,0192,250,sat_0192,1,1.0,sat_0192,0192,0.9287924,sat_0190,0.5960456,0.3327468,True
drone_0192_250_0023,0192,250,sat_0192,1,1.0,sat_0192,0192,0.9250739,sat_0190,0.6195624,0.30551153,True
drone_0192_250_0024,0192,250,sat_0192,1,1.0,sat_0192,0192,0.9006306,sat_0190,0.6125722,0.2880584,True
drone_0192_250_0025,0192,250,sat_0192,1,1.0,sat_0192,0192,0.90599597,sat_0190,0.6109256,0.29507035,True
drone_0192_250_0026,0192,250,sat_0192,1,1.0,sat_0192,0192,0.92010707,sat_0190,0.5939188,0.32618827,True
drone_0192_250_0027,0192,250,sat_0192,1,1.0,sat_0192,0192,0.9034028,sat_0190,0.62639976,0.27700305,True
drone_0192_250_0028,0192,250,sat_0192,1,1.0,sat_0192,0192,0.89594716,sat_0190,0.6576407,0.23830646,True
drone_0192_250_0029,0192,250,sat_0192,1,1.0,sat_0192,0192,0.88750565,sat_0190,0.65144193,0.23606372,True
drone_0192_250_0030,0192,250,sat_0192,1,1.0,sat_0192,0192,0.903473,sat_0190,0.6422207,0.26125234,True
drone_0192_250_0031,0192,250,sat_0192,1,1.0,sat_0192,0192,0.9064621,sat_0190,0.62107944,0.28538263,True
drone_0192_250_0032,0192,250,sat_0192,1,1.0,sat_0192,0192,0.9091894,sat_0190,0.6328419,0.27634752,True
drone_0192_250_0033,0192,250,sat_0192,1,1.0,sat_0192,0192,0.9332645,sat_0190,0.6711587,0.26210582,True
drone_0192_250_0034,0192,250,sat_0192,1,1.0,sat_0192,0192,0.9137055,sat_0190,0.69055784,0.22314769,True
drone_0192_250_0035,0192,250,sat_0192,1,1.0,sat_0192,0192,0.89453554,sat_0190,0.6864116,0.20812392,True
drone_0192_250_0036,0192,250,sat_0192,1,1.0,sat_0192,0192,0.9023291,sat_0190,0.67048585,0.23184323,True
drone_0192_250_0037,0192,250,sat_0192,1,1.0,sat_0192,0192,0.8854761,sat_0190,0.6512233,0.23425281,True
drone_0192_250_0038,0192,250,sat_0192,1,1.0,sat_0192,0192,0.8775742,sat_0190,0.6328658,0.24470842,True
drone_0192_250_0039,0192,250,sat_0192,1,1.0,sat_0192,0192,0.9351468,sat_0190,0.6324347,0.30271208,True
drone_0192_250_0040,0192,250,sat_0192,1,1.0,sat_0192,0192,0.9634509,sat_0190,0.625721,0.33772993,True
drone_0192_250_0041,0192,250,sat_0192,1,1.0,sat_0192,0192,0.95867956,sat_0190,0.60026926,0.3584103,True
drone_0192_250_0042,0192,250,sat_0192,1,1.0,sat_0192,0192,0.9598229,sat_0190,0.62034,0.3394829,True
drone_0192_250_0043,0192,250,sat_0192,1,1.0,sat_0192,0192,0.95357794,sat_0190,0.64404047,0.30953747,True
drone_0192_250_0044,0192,250,sat_0192,1,1.0,sat_0192,0192,0.9437223,sat_0190,0.6390626,0.30465972,True
drone_0192_250_0045,0192,250,sat_0192,1,1.0,sat_0192,0192,0.9415543,sat_0190,0.64149374,0.30006057,True
drone_0192_250_0046,0192,250,sat_0192,1,1.0,sat_0192,0192,0.94079494,sat_0190,0.63412994,0.306665,True
drone_0192_250_0047,0192,250,sat_0192,1,1.0,sat_0192,0192,0.9274923,sat_0190,0.6280855,0.29940683,True
drone_0192_250_0048,0192,250,sat_0192,1,1.0,sat_0192,0192,0.93261576,sat_0190,0.5990164,0.33359933,True
drone_0192_250_0049,0192,250,sat_0192,1,1.0,sat_0192,0192,0.92774475,sat_0190,0.6347481,0.29299664,True
drone_0198_250_0000,0198,250,sat_0198,1,1.0,sat_0198,0198,0.9500097,sat_0144,0.37267527,0.5773344,True
drone_0198_250_0001,0198,250,sat_0198,1,1.0,sat_0198,0198,0.951052,sat_0144,0.36886644,0.58218557,True
drone_0198_250_0002,0198,250,sat_0198,1,1.0,sat_0198,0198,0.9539405,sat_0008,0.3514489,0.6024916,True
drone_0198_250_0003,0198,250,sat_0198,1,1.0,sat_0198,0198,0.9532376,sat_0008,0.33982515,0.61341244,True
drone_0198_250_0004,0198,250,sat_0198,1,1.0,sat_0198,0198,0.9456669,sat_0144,0.3078822,0.6377847,True
drone_0198_250_0005,0198,250,sat_0198,1,1.0,sat_0198,0198,0.95590615,sat_0144,0.3194555,0.63645065,True
drone_0198_250_0006,0198,250,sat_0198,1,1.0,sat_0198,0198,0.95366526,sat_0144,0.30384523,0.64982,True
drone_0198_250_0007,0198,250,sat_0198,1,1.0,sat_0198,0198,0.95368886,sat_0008,0.3096839,0.64400494,True
drone_0198_250_0008,0198,250,sat_0198,1,1.0,sat_0198,0198,0.960552,sat_0144,0.3369205,0.6236315,True
drone_0198_250_0009,0198,250,sat_0198,1,1.0,sat_0198,0198,0.96230817,sat_0144,0.35201156,0.6102966,True
drone_0198_250_0010,0198,250,sat_0198,1,1.0,sat_0198,0198,0.9656627,sat_0144,0.38858956,0.57707316,True
drone_0198_250_0011,0198,250,sat_0198,1,1.0,sat_0198,0198,0.96385115,sat_0144,0.44557133,0.5182798,True
drone_0198_250_0012,0198,250,sat_0198,1,1.0,sat_0198,0198,0.9607048,sat_0144,0.45239818,0.5083066,True
drone_0198_250_0013,0198,250,sat_0198,1,1.0,sat_0198,0198,0.94723314,sat_0144,0.4572102,0.49002293,True
drone_0198_250_0014,0198,250,sat_0198,1,1.0,sat_0198,0198,0.94496655,sat_0144,0.44854778,0.49641877,True
drone_0198_250_0015,0198,250,sat_0198,1,1.0,sat_0198,0198,0.93962604,sat_0144,0.49434018,0.44528586,True
drone_0198_250_0016,0198,250,sat_0198,1,1.0,sat_0198,0198,0.9380049,sat_0144,0.45197085,0.48603407,True
drone_0198_250_0017,0198,250,sat_0198,1,1.0,sat_0198,0198,0.9175552,sat_0144,0.43848118,0.47907403,True
drone_0198_250_0018,0198,250,sat_0198,1,1.0,sat_0198,0198,0.91433644,sat_0144,0.458458,0.45587844,True
drone_0198_250_0019,0198,250,sat_0198,1,1.0,sat_0198,0198,0.9014791,sat_0144,0.4798706,0.42160854,True
drone_0198_250_0020,0198,250,sat_0198,1,1.0,sat_0198,0198,0.90985674,sat_0144,0.48362702,0.42622972,True
drone_0198_250_0021,0198,250,sat_0198,1,1.0,sat_0198,0198,0.90278137,sat_0144,0.40148893,0.50129247,True
drone_0198_250_0022,0198,250,sat_0198,1,1.0,sat_0198,0198,0.8744281,sat_0144,0.3878423,0.4865858,True
drone_0198_250_0023,0198,250,sat_0198,1,1.0,sat_0198,0198,0.86999404,sat_0144,0.37090895,0.4990851,True
drone_0198_250_0024,0198,250,sat_0198,1,1.0,sat_0198,0198,0.85502124,sat_0144,0.36366728,0.49135396,True
drone_0198_250_0025,0198,250,sat_0198,1,1.0,sat_0198,0198,0.87611747,sat_0144,0.39314467,0.4829728,True
drone_0198_250_0026,0198,250,sat_0198,1,1.0,sat_0198,0198,0.9079404,sat_0144,0.404282,0.5036584,True
drone_0198_250_0027,0198,250,sat_0198,1,1.0,sat_0198,0198,0.9233557,sat_0144,0.39795387,0.52540183,True
drone_0198_250_0028,0198,250,sat_0198,1,1.0,sat_0198,0198,0.9282233,sat_0144,0.3728649,0.5553584,True
drone_0198_250_0029,0198,250,sat_0198,1,1.0,sat_0198,0198,0.9265932,sat_0144,0.3618673,0.5647259,True
drone_0198_250_0030,0198,250,sat_0198,1,1.0,sat_0198,0198,0.93232995,sat_0144,0.43782303,0.49450693,True
drone_0198_250_0031,0198,250,sat_0198,1,1.0,sat_0198,0198,0.9300724,sat_0144,0.40587908,0.52419335,True
drone_0198_250_0032,0198,250,sat_0198,1,1.0,sat_0198,0198,0.9271574,sat_0144,0.42128456,0.50587285,True
drone_0198_250_0033,0198,250,sat_0198,1,1.0,sat_0198,0198,0.9207135,sat_0144,0.442394,0.4783195,True
drone_0198_250_0034,0198,250,sat_0198,1,1.0,sat_0198,0198,0.89924234,sat_0008,0.48694897,0.41229337,True
drone_0198_250_0035,0198,250,sat_0198,1,1.0,sat_0198,0198,0.8825394,sat_0008,0.47744617,0.40509322,True
drone_0198_250_0036,0198,250,sat_0198,1,1.0,sat_0198,0198,0.88824266,sat_0008,0.45285732,0.43538535,True
drone_0198_250_0037,0198,250,sat_0198,1,1.0,sat_0198,0198,0.92008364,sat_0008,0.35400024,0.56608343,True
drone_0198_250_0038,0198,250,sat_0198,1,1.0,sat_0198,0198,0.9280965,sat_0144,0.36629313,0.56180334,True
drone_0198_250_0039,0198,250,sat_0198,1,1.0,sat_0198,0198,0.9247661,sat_0144,0.38276052,0.5420056,True
drone_0198_250_0040,0198,250,sat_0198,1,1.0,sat_0198,0198,0.924466,sat_0144,0.44888568,0.47558033,True
drone_0198_250_0041,0198,250,sat_0198,1,1.0,sat_0198,0198,0.9287242,sat_0144,0.42713258,0.5015917,True
drone_0198_250_0042,0198,250,sat_0198,1,1.0,sat_0198,0198,0.93473554,sat_0144,0.37989298,0.5548426,True
drone_0198_250_0043,0198,250,sat_0198,1,1.0,sat_0198,0198,0.9284532,sat_0144,0.4018459,0.5266073,True
drone_0198_250_0044,0198,250,sat_0198,1,1.0,sat_0198,0198,0.9379553,sat_0144,0.43110812,0.5068472,True
drone_0198_250_0045,0198,250,sat_0198,1,1.0,sat_0198,0198,0.9379954,sat_0144,0.40875465,0.5292407,True
drone_0198_250_0046,0198,250,sat_0198,1,1.0,sat_0198,0198,0.9408094,sat_0144,0.37518582,0.56562364,True
drone_0198_250_0047,0198,250,sat_0198,1,1.0,sat_0198,0198,0.93818533,sat_0008,0.3821383,0.556047,True
drone_0198_250_0048,0198,250,sat_0198,1,1.0,sat_0198,0198,0.9455156,sat_0144,0.368177,0.5773386,True
drone_0198_250_0049,0198,250,sat_0198,1,1.0,sat_0198,0198,0.93993974,sat_0008,0.38926256,0.5506772,True
drone_0002_300_0000,0002,300,sat_0002,1,1.0,sat_0002,0002,0.79109824,sat_0140,0.66244125,0.12865698,True
drone_0002_300_0001,0002,300,sat_0002,1,1.0,sat_0002,0002,0.7961499,sat_0140,0.6515443,0.14460564,True
drone_0002_300_0002,0002,300,sat_0002,1,1.0,sat_0002,0002,0.8041016,sat_0140,0.6282596,0.17584199,True
drone_0002_300_0003,0002,300,sat_0002,1,1.0,sat_0002,0002,0.82605094,sat_0140,0.6233838,0.20266712,True
drone_0002_300_0004,0002,300,sat_0002,1,1.0,sat_0002,0002,0.776966,sat_0140,0.6605606,0.11640537,True
drone_0002_300_0005,0002,300,sat_0002,1,1.0,sat_0002,0002,0.8105589,sat_0140,0.5889144,0.22164452,True
drone_0002_300_0006,0002,300,sat_0002,1,1.0,sat_0002,0002,0.7937499,sat_0140,0.6435842,0.15016574,True
drone_0002_300_0007,0002,300,sat_0002,1,1.0,sat_0002,0002,0.803167,sat_0040,0.5823613,0.2208057,True
drone_0002_300_0008,0002,300,sat_0002,1,1.0,sat_0002,0002,0.7885266,sat_0140,0.6076559,0.18087071,True
drone_0002_300_0009,0002,300,sat_0002,1,1.0,sat_0002,0002,0.8028024,sat_0140,0.6313734,0.17142898,True
drone_0002_300_0010,0002,300,sat_0002,1,1.0,sat_0002,0002,0.8336899,sat_0140,0.601847,0.23184294,True
drone_0002_300_0011,0002,300,sat_0002,1,1.0,sat_0002,0002,0.8494618,sat_0140,0.56058687,0.28887492,True
drone_0002_300_0012,0002,300,sat_0002,1,1.0,sat_0002,0002,0.8292707,sat_0140,0.58936673,0.23990399,True
drone_0002_300_0013,0002,300,sat_0002,1,1.0,sat_0002,0002,0.87068045,sat_0140,0.57252306,0.2981574,True
drone_0002_300_0014,0002,300,sat_0002,1,1.0,sat_0002,0002,0.85583615,sat_0140,0.61549735,0.2403388,True
drone_0002_300_0015,0002,300,sat_0002,1,1.0,sat_0002,0002,0.8636446,sat_0140,0.6247766,0.238868,True
drone_0002_300_0016,0002,300,sat_0002,1,1.0,sat_0002,0002,0.8380283,sat_0140,0.6765722,0.16145611,True
drone_0002_300_0017,0002,300,sat_0002,1,1.0,sat_0002,0002,0.8713255,sat_0140,0.5916022,0.2797233,True
drone_0002_300_0018,0002,300,sat_0002,1,1.0,sat_0002,0002,0.89220417,sat_0140,0.6025783,0.28962588,True
drone_0002_300_0019,0002,300,sat_0002,1,1.0,sat_0002,0002,0.84042275,sat_0140,0.60225487,0.23816788,True
drone_0002_300_0020,0002,300,sat_0002,1,1.0,sat_0002,0002,0.85710955,sat_0140,0.653622,0.20348758,True
drone_0002_300_0021,0002,300,sat_0002,1,1.0,sat_0002,0002,0.83160424,sat_0140,0.6528133,0.17879093,True
drone_0002_300_0022,0002,300,sat_0002,1,1.0,sat_0002,0002,0.7999804,sat_0140,0.6486733,0.1513071,True
drone_0002_300_0023,0002,300,sat_0002,1,1.0,sat_0002,0002,0.79405797,sat_0140,0.6234561,0.17060184,True
drone_0002_300_0024,0002,300,sat_0002,1,1.0,sat_0002,0002,0.77353257,sat_0140,0.6471981,0.12633449,True
drone_0002_300_0025,0002,300,sat_0002,1,1.0,sat_0002,0002,0.7227392,sat_0140,0.69163084,0.03110838,True
drone_0002_300_0026,0002,300,sat_0002,1,1.0,sat_0002,0002,0.7369937,sat_0140,0.61633974,0.12065393,True
drone_0002_300_0027,0002,300,sat_0002,1,1.0,sat_0002,0002,0.76645714,sat_0140,0.61080647,0.15565068,True
drone_0002_300_0028,0002,300,sat_0002,1,1.0,sat_0002,0002,0.7523517,sat_0140,0.59809977,0.15425193,True
drone_0002_300_0029,0002,300,sat_0002,1,1.0,sat_0002,0002,0.7084524,sat_0140,0.5502895,0.15816289,True
drone_0002_300_0030,0002,300,sat_0002,1,1.0,sat_0002,0002,0.7328521,sat_0140,0.5979651,0.13488698,True
drone_0002_300_0031,0002,300,sat_0002,1,1.0,sat_0002,0002,0.75495803,sat_0140,0.613314,0.14164406,True
drone_0002_300_0032,0002,300,sat_0002,1,1.0,sat_0002,0002,0.71316576,sat_0140,0.6353345,0.07783127,True
drone_0002_300_0033,0002,300,sat_0002,1,1.0,sat_0002,0002,0.6700934,sat_0140,0.64422864,0.02586478,True
drone_0002_300_0034,0002,300,sat_0002,2,0.5,sat_0140,0140,0.61412436,sat_0002,0.60619193,0.007932425,False
drone_0002_300_0035,0002,300,sat_0002,1,1.0,sat_0002,0002,0.7107415,sat_0140,0.620953,0.0897885,True
drone_0002_300_0036,0002,300,sat_0002,2,0.5,sat_0140,0140,0.7242425,sat_0002,0.67791796,0.04632455,False
drone_0002_300_0037,0002,300,sat_0002,1,1.0,sat_0002,0002,0.6873935,sat_0164,0.68737835,1.513958e-05,True
drone_0002_300_0038,0002,300,sat_0002,1,1.0,sat_0002,0002,0.7502655,sat_0164,0.67662203,0.073643446,True
drone_0002_300_0039,0002,300,sat_0002,1,1.0,sat_0002,0002,0.78626645,sat_0140,0.61721104,0.1690554,True
drone_0002_300_0040,0002,300,sat_0002,1,1.0,sat_0002,0002,0.88153946,sat_0140,0.5663625,0.31517696,True
drone_0002_300_0041,0002,300,sat_0002,1,1.0,sat_0002,0002,0.8678114,sat_0140,0.59558815,0.27222323,True
drone_0002_300_0042,0002,300,sat_0002,1,1.0,sat_0002,0002,0.91042215,sat_0140,0.5331237,0.37729847,True
drone_0002_300_0043,0002,300,sat_0002,1,1.0,sat_0002,0002,0.903811,sat_0140,0.60220957,0.3016014,True
drone_0002_300_0044,0002,300,sat_0002,1,1.0,sat_0002,0002,0.83832693,sat_0140,0.6311019,0.20722502,True
drone_0002_300_0045,0002,300,sat_0002,1,1.0,sat_0002,0002,0.8291547,sat_0140,0.6450966,0.18405807,True
drone_0002_300_0046,0002,300,sat_0002,1,1.0,sat_0002,0002,0.86646235,sat_0140,0.60617834,0.260284,True
drone_0002_300_0047,0002,300,sat_0002,1,1.0,sat_0002,0002,0.8594473,sat_0072,0.6144014,0.2450459,True
drone_0002_300_0048,0002,300,sat_0002,1,1.0,sat_0002,0002,0.8201575,sat_0140,0.6299056,0.19025195,True
drone_0002_300_0049,0002,300,sat_0002,1,1.0,sat_0002,0002,0.8116542,sat_0140,0.6563829,0.15527129,True
drone_0007_300_0000,0007,300,sat_0007,1,1.0,sat_0007,0007,0.64552844,sat_0008,0.64118755,0.004340887,True
drone_0007_300_0001,0007,300,sat_0007,2,0.5,sat_0008,0008,0.64222306,sat_0007,0.62404484,0.018178225,False
drone_0007_300_0002,0007,300,sat_0007,2,0.5,sat_0008,0008,0.6531186,sat_0007,0.61296254,0.040156066,False
drone_0007_300_0003,0007,300,sat_0007,2,0.5,sat_0008,0008,0.6425557,sat_0007,0.6176232,0.024932504,False
drone_0007_300_0004,0007,300,sat_0007,2,0.5,sat_0008,0008,0.6377392,sat_0007,0.6326138,0.0051254034,False
drone_0007_300_0005,0007,300,sat_0007,2,0.5,sat_0008,0008,0.66071635,sat_0007,0.62016636,0.040549994,False
drone_0007_300_0006,0007,300,sat_0007,2,0.5,sat_0008,0008,0.6191449,sat_0007,0.59505385,0.024091065,False
drone_0007_300_0007,0007,300,sat_0007,2,0.5,sat_0008,0008,0.61909413,sat_0007,0.5706822,0.048411906,False
drone_0007_300_0008,0007,300,sat_0007,1,1.0,sat_0007,0007,0.5880399,sat_0008,0.57463896,0.013400912,True
drone_0007_300_0009,0007,300,sat_0007,1,1.0,sat_0007,0007,0.6492905,sat_0058,0.5792735,0.07001698,True
drone_0007_300_0010,0007,300,sat_0007,1,1.0,sat_0007,0007,0.68406177,sat_0008,0.55360365,0.13045812,True
drone_0007_300_0011,0007,300,sat_0007,1,1.0,sat_0007,0007,0.7303269,sat_0008,0.6143095,0.1160174,True
drone_0007_300_0012,0007,300,sat_0007,1,1.0,sat_0007,0007,0.689975,sat_0008,0.6275661,0.062408924,True
drone_0007_300_0013,0007,300,sat_0007,3,0.3333333333333333,sat_0058,0058,0.6772886,sat_0071,0.6772886,0.0,False
drone_0007_300_0014,0007,300,sat_0007,1,1.0,sat_0007,0007,0.6308657,sat_0008,0.60896254,0.021903157,True
drone_0007_300_0015,0007,300,sat_0007,3,0.3333333333333333,sat_0058,0058,0.60749763,sat_0071,0.60749763,0.0,False
drone_0007_300_0016,0007,300,sat_0007,1,1.0,sat_0007,0007,0.6695326,sat_0058,0.64134026,0.028192341,True
drone_0007_300_0017,0007,300,sat_0007,1,1.0,sat_0007,0007,0.67630005,sat_0008,0.64970416,0.02659589,True
drone_0007_300_0018,0007,300,sat_0007,1,1.0,sat_0007,0007,0.69046754,sat_0008,0.6277293,0.06273824,True
drone_0007_300_0019,0007,300,sat_0007,1,1.0,sat_0007,0007,0.6923062,sat_0008,0.629658,0.06264824,True
drone_0007_300_0020,0007,300,sat_0007,1,1.0,sat_0007,0007,0.68606573,sat_0008,0.6614667,0.024599016,True
drone_0007_300_0021,0007,300,sat_0007,5,0.2,sat_0008,0008,0.6615883,sat_0058,0.6613579,0.00023043156,False
drone_0007_300_0022,0007,300,sat_0007,2,0.5,sat_0008,0008,0.6467764,sat_0007,0.64262104,0.004155338,False
drone_0007_300_0023,0007,300,sat_0007,3,0.3333333333333333,sat_0008,0008,0.6468049,sat_0036,0.61415756,0.03264737,False
drone_0007_300_0024,0007,300,sat_0007,2,0.5,sat_0008,0008,0.651287,sat_0007,0.5529413,0.0983457,False
drone_0007_300_0025,0007,300,sat_0007,5,0.2,sat_0008,0008,0.7623277,sat_0036,0.63057876,0.13174891,False
drone_0007_300_0026,0007,300,sat_0007,5,0.2,sat_0008,0008,0.76511216,sat_0036,0.6402617,0.12485045,False
drone_0007_300_0027,0007,300,sat_0007,5,0.2,sat_0008,0008,0.7345163,sat_0058,0.64524204,0.08927429,False
drone_0007_300_0028,0007,300,sat_0007,5,0.2,sat_0008,0008,0.7822549,sat_0058,0.6418544,0.14040047,False
drone_0007_300_0029,0007,300,sat_0007,5,0.2,sat_0008,0008,0.75803065,sat_0058,0.67223185,0.0857988,False
drone_0007_300_0030,0007,300,sat_0007,3,0.3333333333333333,sat_0008,0008,0.7359729,sat_0036,0.6473187,0.08865416,False
drone_0007_300_0031,0007,300,sat_0007,3,0.3333333333333333,sat_0008,0008,0.72477734,sat_0036,0.5724858,0.15229154,False
drone_0007_300_0032,0007,300,sat_0007,2,0.5,sat_0008,0008,0.675598,sat_0007,0.58385676,0.091741264,False
drone_0007_300_0033,0007,300,sat_0007,2,0.5,sat_0008,0008,0.7254831,sat_0007,0.525023,0.20046014,False
drone_0007_300_0034,0007,300,sat_0007,2,0.5,sat_0008,0008,0.74681354,sat_0007,0.6544222,0.09239131,False
drone_0007_300_0035,0007,300,sat_0007,4,0.25,sat_0008,0008,0.70488614,sat_0058,0.6501299,0.054756224,False
drone_0007_300_0036,0007,300,sat_0007,1,1.0,sat_0007,0007,0.6997786,sat_0008,0.6922644,0.0075142384,True
drone_0007_300_0037,0007,300,sat_0007,1,1.0,sat_0007,0007,0.7308485,sat_0008,0.68396956,0.046878934,True
drone_0007_300_0038,0007,300,sat_0007,2,0.5,sat_0008,0008,0.71339524,sat_0007,0.672919,0.040476263,False
drone_0007_300_0039,0007,300,sat_0007,2,0.5,sat_0008,0008,0.681859,sat_0007,0.66017514,0.021683872,False
drone_0007_300_0040,0007,300,sat_0007,2,0.5,sat_0008,0008,0.68258834,sat_0007,0.59899384,0.0835945,False
drone_0007_300_0041,0007,300,sat_0007,4,0.25,sat_0008,0008,0.68065387,sat_0058,0.5772495,0.10340434,False
drone_0007_300_0042,0007,300,sat_0007,4,0.25,sat_0008,0008,0.70833176,sat_0058,0.5706605,0.13767129,False
drone_0007_300_0043,0007,300,sat_0007,2,0.5,sat_0008,0008,0.76306915,sat_0007,0.6400757,0.12299347,False
drone_0007_300_0044,0007,300,sat_0007,4,0.25,sat_0008,0008,0.7219546,sat_0058,0.6876458,0.03430879,False
drone_0007_300_0045,0007,300,sat_0007,1,1.0,sat_0007,0007,0.7539201,sat_0008,0.6891656,0.064754486,True
drone_0007_300_0046,0007,300,sat_0007,1,1.0,sat_0007,0007,0.77300596,sat_0058,0.71030194,0.06270403,True
drone_0007_300_0047,0007,300,sat_0007,1,1.0,sat_0007,0007,0.775934,sat_0058,0.67291194,0.10302204,True
drone_0007_300_0048,0007,300,sat_0007,1,1.0,sat_0007,0007,0.7397939,sat_0008,0.6611117,0.078682184,True
drone_0007_300_0049,0007,300,sat_0007,1,1.0,sat_0007,0007,0.72178423,sat_0008,0.6532959,0.06848836,True
drone_0008_300_0000,0008,300,sat_0008,1,1.0,sat_0008,0008,0.9034698,sat_0058,0.5062172,0.39725262,True
drone_0008_300_0001,0008,300,sat_0008,1,1.0,sat_0008,0008,0.8990794,sat_0058,0.515268,0.38381135,True
drone_0008_300_0002,0008,300,sat_0008,1,1.0,sat_0008,0008,0.9046465,sat_0058,0.46975225,0.43489426,True
drone_0008_300_0003,0008,300,sat_0008,1,1.0,sat_0008,0008,0.90288633,sat_0058,0.5211916,0.38169473,True
drone_0008_300_0004,0008,300,sat_0008,1,1.0,sat_0008,0008,0.89463687,sat_0058,0.49206734,0.40256953,True
drone_0008_300_0005,0008,300,sat_0008,1,1.0,sat_0008,0008,0.90826553,sat_0058,0.49274123,0.4155243,True
drone_0008_300_0006,0008,300,sat_0008,1,1.0,sat_0008,0008,0.87397766,sat_0058,0.52055824,0.35341942,True
drone_0008_300_0007,0008,300,sat_0008,1,1.0,sat_0008,0008,0.85936636,sat_0198,0.54874563,0.31062073,True
drone_0008_300_0008,0008,300,sat_0008,1,1.0,sat_0008,0008,0.792518,sat_0198,0.64036334,0.15215468,True
drone_0008_300_0009,0008,300,sat_0008,1,1.0,sat_0008,0008,0.83790886,sat_0198,0.58274,0.25516886,True
drone_0008_300_0010,0008,300,sat_0008,1,1.0,sat_0008,0008,0.8395928,sat_0198,0.5596835,0.2799093,True
drone_0008_300_0011,0008,300,sat_0008,1,1.0,sat_0008,0008,0.7993978,sat_0198,0.54980403,0.2495938,True
drone_0008_300_0012,0008,300,sat_0008,1,1.0,sat_0008,0008,0.8116006,sat_0198,0.5419929,0.26960772,True
drone_0008_300_0013,0008,300,sat_0008,1,1.0,sat_0008,0008,0.8581489,sat_0058,0.4419366,0.41621226,True
drone_0008_300_0014,0008,300,sat_0008,1,1.0,sat_0008,0008,0.8724541,sat_0058,0.41521916,0.45723495,True
drone_0008_300_0015,0008,300,sat_0008,1,1.0,sat_0008,0008,0.838934,sat_0198,0.4135617,0.4253723,True
drone_0008_300_0016,0008,300,sat_0008,1,1.0,sat_0008,0008,0.7694951,sat_0007,0.52056706,0.24892807,True
drone_0008_300_0017,0008,300,sat_0008,1,1.0,sat_0008,0008,0.77775633,sat_0198,0.46249375,0.3152626,True
drone_0008_300_0018,0008,300,sat_0008,1,1.0,sat_0008,0008,0.8765851,sat_0058,0.51396555,0.36261958,True
drone_0008_300_0019,0008,300,sat_0008,1,1.0,sat_0008,0008,0.8690518,sat_0058,0.61972415,0.24932766,True
drone_0008_300_0020,0008,300,sat_0008,1,1.0,sat_0008,0008,0.8916689,sat_0058,0.581342,0.31032693,True
drone_0008_300_0021,0008,300,sat_0008,1,1.0,sat_0008,0008,0.86442876,sat_0058,0.5312223,0.33320647,True
drone_0008_300_0022,0008,300,sat_0008,1,1.0,sat_0008,0008,0.8284584,sat_0058,0.6067759,0.22168255,True
drone_0008_300_0023,0008,300,sat_0008,1,1.0,sat_0008,0008,0.86272925,sat_0058,0.56632817,0.29640108,True
drone_0008_300_0024,0008,300,sat_0008,1,1.0,sat_0008,0008,0.87589276,sat_0058,0.5465289,0.32936388,True
drone_0008_300_0025,0008,300,sat_0008,1,1.0,sat_0008,0008,0.87371343,sat_0058,0.58304214,0.2906713,True
drone_0008_300_0026,0008,300,sat_0008,1,1.0,sat_0008,0008,0.8555204,sat_0058,0.5420848,0.3134356,True
drone_0008_300_0027,0008,300,sat_0008,1,1.0,sat_0008,0008,0.84905213,sat_0058,0.5396631,0.30938905,True
drone_0008_300_0028,0008,300,sat_0008,1,1.0,sat_0008,0008,0.84415066,sat_0058,0.57311344,0.27103722,True
drone_0008_300_0029,0008,300,sat_0008,1,1.0,sat_0008,0008,0.8502705,sat_0058,0.58004224,0.27022827,True
drone_0008_300_0030,0008,300,sat_0008,1,1.0,sat_0008,0008,0.8711844,sat_0058,0.6384926,0.23269182,True
drone_0008_300_0031,0008,300,sat_0008,1,1.0,sat_0008,0008,0.8517989,sat_0058,0.67753035,0.17426854,True
drone_0008_300_0032,0008,300,sat_0008,1,1.0,sat_0008,0008,0.8721901,sat_0058,0.63221407,0.23997605,True
drone_0008_300_0033,0008,300,sat_0008,1,1.0,sat_0008,0008,0.8734312,sat_0058,0.6041467,0.2692845,True
drone_0008_300_0034,0008,300,sat_0008,1,1.0,sat_0008,0008,0.8773434,sat_0058,0.5022655,0.3750779,True
drone_0008_300_0035,0008,300,sat_0008,1,1.0,sat_0008,0008,0.87309444,sat_0007,0.5210569,0.35203755,True
drone_0008_300_0036,0008,300,sat_0008,1,1.0,sat_0008,0008,0.87939835,sat_0058,0.58813787,0.29126048,True
drone_0008_300_0037,0008,300,sat_0008,1,1.0,sat_0008,0008,0.8465134,sat_0058,0.6398947,0.20661867,True
drone_0008_300_0038,0008,300,sat_0008,1,1.0,sat_0008,0008,0.80321527,sat_0058,0.68557847,0.1176368,True
drone_0008_300_0039,0008,300,sat_0008,1,1.0,sat_0008,0008,0.80133617,sat_0058,0.70426255,0.097073615,True
drone_0008_300_0040,0008,300,sat_0008,1,1.0,sat_0008,0008,0.8196022,sat_0058,0.70660096,0.11300123,True
drone_0008_300_0041,0008,300,sat_0008,1,1.0,sat_0008,0008,0.8572441,sat_0058,0.6975898,0.15965426,True
drone_0008_300_0042,0008,300,sat_0008,1,1.0,sat_0008,0008,0.8829438,sat_0058,0.66854626,0.21439755,True
drone_0008_300_0043,0008,300,sat_0008,1,1.0,sat_0008,0008,0.8808441,sat_0058,0.655908,0.22493613,True
drone_0008_300_0044,0008,300,sat_0008,1,1.0,sat_0008,0008,0.85014296,sat_0058,0.6461914,0.20395154,True
drone_0008_300_0045,0008,300,sat_0008,1,1.0,sat_0008,0008,0.8851046,sat_0058,0.7141802,0.17092443,True
drone_0008_300_0046,0008,300,sat_0008,1,1.0,sat_0008,0008,0.85223794,sat_0058,0.6376295,0.21460843,True
drone_0008_300_0047,0008,300,sat_0008,1,1.0,sat_0008,0008,0.8473424,sat_0058,0.6581982,0.1891442,True
drone_0008_300_0048,0008,300,sat_0008,1,1.0,sat_0008,0008,0.8330255,sat_0058,0.6203377,0.21268779,True
drone_0008_300_0049,0008,300,sat_0008,1,1.0,sat_0008,0008,0.8343812,sat_0058,0.6012349,0.23314631,True
drone_0009_300_0000,0009,300,sat_0009,1,1.0,sat_0009,0009,0.93572605,sat_0007,0.43960118,0.49612486,True
drone_0009_300_0001,0009,300,sat_0009,1,1.0,sat_0009,0009,0.9424745,sat_0007,0.45751593,0.48495856,True
drone_0009_300_0002,0009,300,sat_0009,1,1.0,sat_0009,0009,0.9387193,sat_0007,0.4550057,0.48371357,True
drone_0009_300_0003,0009,300,sat_0009,1,1.0,sat_0009,0009,0.93195266,sat_0007,0.43274114,0.49921152,True
drone_0009_300_0004,0009,300,sat_0009,1,1.0,sat_0009,0009,0.93568,sat_0007,0.43764937,0.4980306,True
drone_0009_300_0005,0009,300,sat_0009,1,1.0,sat_0009,0009,0.94677293,sat_0140,0.4224596,0.52431333,True
drone_0009_300_0006,0009,300,sat_0009,1,1.0,sat_0009,0009,0.93180406,sat_0140,0.47969228,0.45211178,True
drone_0009_300_0007,0009,300,sat_0009,1,1.0,sat_0009,0009,0.92867553,sat_0140,0.47310445,0.4555711,True
drone_0009_300_0008,0009,300,sat_0009,1,1.0,sat_0009,0009,0.9284846,sat_0140,0.4967223,0.4317623,True
drone_0009_300_0009,0009,300,sat_0009,1,1.0,sat_0009,0009,0.93103546,sat_0140,0.50542754,0.42560792,True
drone_0009_300_0010,0009,300,sat_0009,1,1.0,sat_0009,0009,0.941029,sat_0140,0.48674834,0.45428067,True
drone_0009_300_0011,0009,300,sat_0009,1,1.0,sat_0009,0009,0.937566,sat_0140,0.48308384,0.45448214,True
drone_0009_300_0012,0009,300,sat_0009,1,1.0,sat_0009,0009,0.9284319,sat_0140,0.4972326,0.43119934,True
drone_0009_300_0013,0009,300,sat_0009,1,1.0,sat_0009,0009,0.9188007,sat_0140,0.500211,0.4185897,True
drone_0009_300_0014,0009,300,sat_0009,1,1.0,sat_0009,0009,0.9014807,sat_0140,0.51017284,0.39130783,True
drone_0009_300_0015,0009,300,sat_0009,1,1.0,sat_0009,0009,0.9029976,sat_0140,0.48872387,0.41427374,True
drone_0009_300_0016,0009,300,sat_0009,1,1.0,sat_0009,0009,0.8922705,sat_0007,0.48011857,0.41215193,True
drone_0009_300_0017,0009,300,sat_0009,1,1.0,sat_0009,0009,0.92304707,sat_0007,0.4821527,0.44089437,True
drone_0009_300_0018,0009,300,sat_0009,1,1.0,sat_0009,0009,0.93028694,sat_0007,0.49151504,0.4387719,True
drone_0009_300_0019,0009,300,sat_0009,1,1.0,sat_0009,0009,0.94167894,sat_0007,0.56920886,0.37247008,True
drone_0009_300_0020,0009,300,sat_0009,1,1.0,sat_0009,0009,0.9111793,sat_0007,0.52574813,0.38543117,True
drone_0009_300_0021,0009,300,sat_0009,1,1.0,sat_0009,0009,0.9129162,sat_0007,0.46830642,0.44460976,True
drone_0009_300_0022,0009,300,sat_0009,1,1.0,sat_0009,0009,0.90981776,sat_0007,0.56226355,0.3475542,True
drone_0009_300_0023,0009,300,sat_0009,1,1.0,sat_0009,0009,0.88995147,sat_0007,0.57051915,0.31943232,True
drone_0009_300_0024,0009,300,sat_0009,1,1.0,sat_0009,0009,0.8941328,sat_0007,0.57596827,0.31816453,True
drone_0009_300_0025,0009,300,sat_0009,1,1.0,sat_0009,0009,0.8990519,sat_0007,0.5913763,0.3076756,True
drone_0009_300_0026,0009,300,sat_0009,1,1.0,sat_0009,0009,0.9265954,sat_0007,0.5857276,0.34086782,True
drone_0009_300_0027,0009,300,sat_0009,1,1.0,sat_0009,0009,0.94171375,sat_0007,0.5391685,0.40254527,True
drone_0009_300_0028,0009,300,sat_0009,1,1.0,sat_0009,0009,0.92513937,sat_0007,0.5671983,0.3579411,True
drone_0009_300_0029,0009,300,sat_0009,1,1.0,sat_0009,0009,0.9245609,sat_0007,0.557531,0.3670299,True
drone_0009_300_0030,0009,300,sat_0009,1,1.0,sat_0009,0009,0.91216594,sat_0007,0.5039072,0.40825874,True
drone_0009_300_0031,0009,300,sat_0009,1,1.0,sat_0009,0009,0.9140744,sat_0007,0.522723,0.3913514,True
drone_0009_300_0032,0009,300,sat_0009,1,1.0,sat_0009,0009,0.925627,sat_0007,0.5253289,0.40029812,True
drone_0009_300_0033,0009,300,sat_0009,1,1.0,sat_0009,0009,0.9224176,sat_0007,0.53996354,0.38245404,True
drone_0009_300_0034,0009,300,sat_0009,1,1.0,sat_0009,0009,0.9397799,sat_0007,0.5015003,0.43827957,True
drone_0009_300_0035,0009,300,sat_0009,1,1.0,sat_0009,0009,0.93502843,sat_0007,0.46872145,0.46630698,True
drone_0009_300_0036,0009,300,sat_0009,1,1.0,sat_0009,0009,0.94751775,sat_0007,0.46005237,0.48746538,True
drone_0009_300_0037,0009,300,sat_0009,1,1.0,sat_0009,0009,0.94516325,sat_0007,0.47131097,0.47385228,True
drone_0009_300_0038,0009,300,sat_0009,1,1.0,sat_0009,0009,0.9461433,sat_0007,0.46666977,0.47947356,True
drone_0009_300_0039,0009,300,sat_0009,1,1.0,sat_0009,0009,0.9356618,sat_0007,0.48884326,0.44681853,True
drone_0009_300_0040,0009,300,sat_0009,1,1.0,sat_0009,0009,0.9059123,sat_0007,0.4716378,0.4342745,True
drone_0009_300_0041,0009,300,sat_0009,1,1.0,sat_0009,0009,0.8255221,sat_0007,0.59418535,0.23133677,True
drone_0009_300_0042,0009,300,sat_0009,1,1.0,sat_0009,0009,0.8229855,sat_0007,0.5621669,0.26081854,True
drone_0009_300_0043,0009,300,sat_0009,1,1.0,sat_0009,0009,0.67898816,sat_0007,0.575668,0.10332018,True
drone_0009_300_0044,0009,300,sat_0009,1,1.0,sat_0009,0009,0.8478685,sat_0007,0.60845965,0.23940885,True
drone_0009_300_0045,0009,300,sat_0009,1,1.0,sat_0009,0009,0.84443563,sat_0007,0.6297611,0.21467453,True
drone_0009_300_0046,0009,300,sat_0009,1,1.0,sat_0009,0009,0.8959328,sat_0007,0.54360384,0.35232896,True
drone_0009_300_0047,0009,300,sat_0009,1,1.0,sat_0009,0009,0.92279154,sat_0007,0.54300225,0.3797893,True
drone_0009_300_0048,0009,300,sat_0009,1,1.0,sat_0009,0009,0.9025367,sat_0007,0.46493635,0.43760034,True
drone_0009_300_0049,0009,300,sat_0009,1,1.0,sat_0009,0009,0.8933552,sat_0007,0.45704892,0.43630627,True
drone_0023_300_0000,0023,300,sat_0023,1,1.0,sat_0023,0023,0.8260175,sat_0155,0.4453132,0.3807043,True
drone_0023_300_0001,0023,300,sat_0023,1,1.0,sat_0023,0023,0.8418398,sat_0155,0.43891734,0.40292245,True
drone_0023_300_0002,0023,300,sat_0023,1,1.0,sat_0023,0023,0.8582943,sat_0058,0.41381404,0.44448027,True
drone_0023_300_0003,0023,300,sat_0023,1,1.0,sat_0023,0023,0.8448417,sat_0041,0.41021836,0.43462336,True
drone_0023_300_0004,0023,300,sat_0023,1,1.0,sat_0023,0023,0.8293472,sat_0041,0.4193545,0.4099927,True
drone_0023_300_0005,0023,300,sat_0023,1,1.0,sat_0023,0023,0.8171967,sat_0041,0.41701564,0.40018108,True
drone_0023_300_0006,0023,300,sat_0023,1,1.0,sat_0023,0023,0.8242113,sat_0041,0.4492853,0.374926,True
drone_0023_300_0007,0023,300,sat_0023,1,1.0,sat_0023,0023,0.86342007,sat_0041,0.41185108,0.451569,True
drone_0023_300_0008,0023,300,sat_0023,1,1.0,sat_0023,0023,0.82860833,sat_0058,0.42659986,0.40200847,True
drone_0023_300_0009,0023,300,sat_0023,1,1.0,sat_0023,0023,0.8396987,sat_0058,0.4378417,0.40185696,True
drone_0023_300_0010,0023,300,sat_0023,1,1.0,sat_0023,0023,0.82586104,sat_0058,0.47396696,0.35189408,True
drone_0023_300_0011,0023,300,sat_0023,1,1.0,sat_0023,0023,0.8366555,sat_0058,0.4707534,0.3659021,True
drone_0023_300_0012,0023,300,sat_0023,1,1.0,sat_0023,0023,0.8541727,sat_0058,0.46891218,0.38526052,True
drone_0023_300_0013,0023,300,sat_0023,1,1.0,sat_0023,0023,0.8394715,sat_0058,0.514671,0.3248005,True
drone_0023_300_0014,0023,300,sat_0023,1,1.0,sat_0023,0023,0.8523761,sat_0058,0.52239424,0.32998186,True
drone_0023_300_0015,0023,300,sat_0023,1,1.0,sat_0023,0023,0.8495133,sat_0058,0.5235958,0.32591748,True
drone_0023_300_0016,0023,300,sat_0023,1,1.0,sat_0023,0023,0.8437718,sat_0058,0.5126272,0.33114463,True
drone_0023_300_0017,0023,300,sat_0023,1,1.0,sat_0023,0023,0.8691464,sat_0058,0.49800542,0.371141,True
drone_0023_300_0018,0023,300,sat_0023,1,1.0,sat_0023,0023,0.85410595,sat_0058,0.5165223,0.33758366,True
drone_0023_300_0019,0023,300,sat_0023,1,1.0,sat_0023,0023,0.852938,sat_0058,0.51440454,0.33853346,True
drone_0023_300_0020,0023,300,sat_0023,1,1.0,sat_0023,0023,0.83233535,sat_0058,0.47822496,0.3541104,True
drone_0023_300_0021,0023,300,sat_0023,1,1.0,sat_0023,0023,0.8299121,sat_0058,0.4845435,0.34536862,True
drone_0023_300_0022,0023,300,sat_0023,1,1.0,sat_0023,0023,0.82875645,sat_0058,0.47465533,0.35410112,True
drone_0023_300_0023,0023,300,sat_0023,1,1.0,sat_0023,0023,0.85669196,sat_0058,0.5010686,0.35562336,True
drone_0023_300_0024,0023,300,sat_0023,1,1.0,sat_0023,0023,0.8475542,sat_0058,0.5169643,0.3305899,True
drone_0023_300_0025,0023,300,sat_0023,1,1.0,sat_0023,0023,0.8420495,sat_0058,0.5110104,0.33103907,True
drone_0023_300_0026,0023,300,sat_0023,1,1.0,sat_0023,0023,0.84886515,sat_0058,0.48420626,0.3646589,True
drone_0023_300_0027,0023,300,sat_0023,1,1.0,sat_0023,0023,0.87239194,sat_0058,0.42829728,0.44409466,True
drone_0023_300_0028,0023,300,sat_0023,1,1.0,sat_0023,0023,0.8893402,sat_0051,0.4461719,0.4431683,True
drone_0023_300_0029,0023,300,sat_0023,1,1.0,sat_0023,0023,0.90894186,sat_0058,0.4077563,0.50118554,True
drone_0023_300_0030,0023,300,sat_0023,1,1.0,sat_0023,0023,0.9103259,sat_0051,0.4199459,0.49038,True
drone_0023_300_0031,0023,300,sat_0023,1,1.0,sat_0023,0023,0.8479594,sat_0058,0.41362512,0.43433428,True
drone_0023_300_0032,0023,300,sat_0023,1,1.0,sat_0023,0023,0.90579426,sat_0058,0.45146734,0.45432693,True
drone_0023_300_0033,0023,300,sat_0023,1,1.0,sat_0023,0023,0.8965047,sat_0058,0.4690368,0.4274679,True
drone_0023_300_0034,0023,300,sat_0023,1,1.0,sat_0023,0023,0.8958269,sat_0058,0.48918486,0.40664202,True
drone_0023_300_0035,0023,300,sat_0023,1,1.0,sat_0023,0023,0.88823575,sat_0058,0.4815717,0.40666404,True
drone_0023_300_0036,0023,300,sat_0023,1,1.0,sat_0023,0023,0.9227713,sat_0058,0.46784478,0.4549265,True
drone_0023_300_0037,0023,300,sat_0023,1,1.0,sat_0023,0023,0.9071311,sat_0058,0.5148417,0.3922894,True
drone_0023_300_0038,0023,300,sat_0023,1,1.0,sat_0023,0023,0.9179931,sat_0058,0.46357456,0.45441857,True
drone_0023_300_0039,0023,300,sat_0023,1,1.0,sat_0023,0023,0.90483063,sat_0058,0.47850496,0.42632568,True
drone_0023_300_0040,0023,300,sat_0023,1,1.0,sat_0023,0023,0.8937279,sat_0058,0.5125404,0.3811875,True
drone_0023_300_0041,0023,300,sat_0023,1,1.0,sat_0023,0023,0.8818999,sat_0058,0.54984915,0.33205074,True
drone_0023_300_0042,0023,300,sat_0023,1,1.0,sat_0023,0023,0.9108374,sat_0058,0.5015012,0.4093362,True
drone_0023_300_0043,0023,300,sat_0023,1,1.0,sat_0023,0023,0.8997654,sat_0058,0.5236732,0.3760922,True
drone_0023_300_0044,0023,300,sat_0023,1,1.0,sat_0023,0023,0.88991445,sat_0058,0.5229066,0.36700785,True
drone_0023_300_0045,0023,300,sat_0023,1,1.0,sat_0023,0023,0.90462136,sat_0058,0.5280911,0.3765303,True
drone_0023_300_0046,0023,300,sat_0023,1,1.0,sat_0023,0023,0.9056114,sat_0058,0.5102317,0.39537972,True
drone_0023_300_0047,0023,300,sat_0023,1,1.0,sat_0023,0023,0.90687704,sat_0058,0.48885208,0.41802496,True
drone_0023_300_0048,0023,300,sat_0023,1,1.0,sat_0023,0023,0.88881564,sat_0058,0.46971,0.41910565,True
drone_0023_300_0049,0023,300,sat_0023,1,1.0,sat_0023,0023,0.89499885,sat_0058,0.44725013,0.44774872,True
drone_0024_300_0000,0024,300,sat_0024,1,1.0,sat_0024,0024,0.6934377,sat_0057,0.36608982,0.32734787,True
drone_0024_300_0001,0024,300,sat_0024,1,1.0,sat_0024,0024,0.68860036,sat_0057,0.35376966,0.3348307,True
drone_0024_300_0002,0024,300,sat_0024,1,1.0,sat_0024,0024,0.69804645,sat_0029,0.3809178,0.31712866,True
drone_0024_300_0003,0024,300,sat_0024,1,1.0,sat_0024,0024,0.71711946,sat_0057,0.33082944,0.38629,True
drone_0024_300_0004,0024,300,sat_0024,1,1.0,sat_0024,0024,0.70280147,sat_0029,0.34420207,0.3585994,True
drone_0024_300_0005,0024,300,sat_0024,1,1.0,sat_0024,0024,0.75565267,sat_0057,0.36278433,0.39286834,True
drone_0024_300_0006,0024,300,sat_0024,1,1.0,sat_0024,0024,0.79673356,sat_0029,0.41829544,0.37843812,True
drone_0024_300_0007,0024,300,sat_0024,1,1.0,sat_0024,0024,0.7781533,sat_0057,0.39120096,0.38695234,True
drone_0024_300_0008,0024,300,sat_0024,1,1.0,sat_0024,0024,0.7798699,sat_0057,0.41205844,0.36781147,True
drone_0024_300_0009,0024,300,sat_0024,1,1.0,sat_0024,0024,0.8063164,sat_0057,0.39984217,0.4064742,True
drone_0024_300_0010,0024,300,sat_0024,1,1.0,sat_0024,0024,0.7699505,sat_0057,0.4053753,0.3645752,True
drone_0024_300_0011,0024,300,sat_0024,1,1.0,sat_0024,0024,0.75757325,sat_0057,0.42999706,0.3275762,True
drone_0024_300_0012,0024,300,sat_0024,1,1.0,sat_0024,0024,0.72808945,sat_0057,0.46197754,0.2661119,True
drone_0024_300_0013,0024,300,sat_0024,1,1.0,sat_0024,0024,0.749066,sat_0057,0.41187176,0.33719423,True
drone_0024_300_0014,0024,300,sat_0024,1,1.0,sat_0024,0024,0.76063746,sat_0057,0.367958,0.39267945,True
drone_0024_300_0015,0024,300,sat_0024,1,1.0,sat_0024,0024,0.73599327,sat_0151,0.3560992,0.37989408,True
drone_0024_300_0016,0024,300,sat_0024,1,1.0,sat_0024,0024,0.66238135,sat_0151,0.41213948,0.25024188,True
drone_0024_300_0017,0024,300,sat_0024,1,1.0,sat_0024,0024,0.6603968,sat_0151,0.38187885,0.27851796,True
drone_0024_300_0018,0024,300,sat_0024,1,1.0,sat_0024,0024,0.6496493,sat_0151,0.4056607,0.24398863,True
drone_0024_300_0019,0024,300,sat_0024,1,1.0,sat_0024,0024,0.6519723,sat_0151,0.46344107,0.18853122,True
drone_0024_300_0020,0024,300,sat_0024,1,1.0,sat_0024,0024,0.68843204,sat_0151,0.4014383,0.28699374,True
drone_0024_300_0021,0024,300,sat_0024,1,1.0,sat_0024,0024,0.6472313,sat_0151,0.33890504,0.30832624,True
drone_0024_300_0022,0024,300,sat_0024,1,1.0,sat_0024,0024,0.62492627,sat_0151,0.30238754,0.32253873,True
drone_0024_300_0023,0024,300,sat_0024,1,1.0,sat_0024,0024,0.6652904,sat_0056,0.34535432,0.3199361,True
drone_0024_300_0024,0024,300,sat_0024,1,1.0,sat_0024,0024,0.5851499,sat_0057,0.3262659,0.25888398,True
drone_0024_300_0025,0024,300,sat_0024,1,1.0,sat_0024,0024,0.5137839,sat_0036,0.3934913,0.120292574,True
drone_0024_300_0026,0024,300,sat_0024,1,1.0,sat_0024,0024,0.51504046,sat_0036,0.40475923,0.11028123,True
drone_0024_300_0027,0024,300,sat_0024,1,1.0,sat_0024,0024,0.5712636,sat_0057,0.38734362,0.18392,True
drone_0024_300_0028,0024,300,sat_0024,1,1.0,sat_0024,0024,0.612529,sat_0057,0.3897423,0.22278666,True
drone_0024_300_0029,0024,300,sat_0024,1,1.0,sat_0024,0024,0.6434638,sat_0057,0.36931583,0.27414796,True
drone_0024_300_0030,0024,300,sat_0024,1,1.0,sat_0024,0024,0.7034585,sat_0057,0.37658185,0.32687664,True
drone_0024_300_0031,0024,300,sat_0024,1,1.0,sat_0024,0024,0.6828756,sat_0057,0.36781037,0.3150652,True
drone_0024_300_0032,0024,300,sat_0024,1,1.0,sat_0024,0024,0.66492844,sat_0057,0.38693133,0.2779971,True
drone_0024_300_0033,0024,300,sat_0024,1,1.0,sat_0024,0024,0.65270895,sat_0057,0.35740808,0.29530087,True
drone_0024_300_0034,0024,300,sat_0024,1,1.0,sat_0024,0024,0.5502631,sat_0151,0.37789014,0.17237297,True
drone_0024_300_0035,0024,300,sat_0024,1,1.0,sat_0024,0024,0.58199394,sat_0151,0.34894037,0.23305357,True
drone_0024_300_0036,0024,300,sat_0024,1,1.0,sat_0024,0024,0.57953686,sat_0151,0.3938259,0.18571097,True
drone_0024_300_0037,0024,300,sat_0024,1,1.0,sat_0024,0024,0.55731523,sat_0151,0.37472534,0.18258989,True
drone_0024_300_0038,0024,300,sat_0024,1,1.0,sat_0024,0024,0.65824926,sat_0151,0.3331453,0.32510397,True
drone_0024_300_0039,0024,300,sat_0024,1,1.0,sat_0024,0024,0.59881556,sat_0151,0.35854295,0.24027261,True
drone_0024_300_0040,0024,300,sat_0024,1,1.0,sat_0024,0024,0.50918627,sat_0060,0.3742642,0.13492206,True
drone_0024_300_0041,0024,300,sat_0024,1,1.0,sat_0024,0024,0.5312123,sat_0151,0.4120035,0.11920878,True
drone_0024_300_0042,0024,300,sat_0024,1,1.0,sat_0024,0024,0.53008455,sat_0151,0.40960768,0.12047687,True
drone_0024_300_0043,0024,300,sat_0024,1,1.0,sat_0024,0024,0.6144841,sat_0151,0.3803228,0.23416126,True
drone_0024_300_0044,0024,300,sat_0024,1,1.0,sat_0024,0024,0.68494505,sat_0151,0.41036984,0.2745752,True
drone_0024_300_0045,0024,300,sat_0024,1,1.0,sat_0024,0024,0.6081788,sat_0151,0.49805817,0.110120624,True
drone_0024_300_0046,0024,300,sat_0024,1,1.0,sat_0024,0024,0.6169676,sat_0151,0.38059652,0.2363711,True
drone_0024_300_0047,0024,300,sat_0024,1,1.0,sat_0024,0024,0.6561386,sat_0057,0.33629674,0.31984186,True
drone_0024_300_0048,0024,300,sat_0024,1,1.0,sat_0024,0024,0.66892993,sat_0151,0.3694892,0.29944074,True
drone_0024_300_0049,0024,300,sat_0024,1,1.0,sat_0024,0024,0.6445841,sat_0057,0.3664707,0.27811342,True
drone_0027_300_0000,0027,300,sat_0027,1,1.0,sat_0027,0027,0.8184314,sat_0140,0.5711207,0.2473107,True
drone_0027_300_0001,0027,300,sat_0027,1,1.0,sat_0027,0027,0.81835514,sat_0140,0.57382244,0.2445327,True
drone_0027_300_0002,0027,300,sat_0027,1,1.0,sat_0027,0027,0.82572776,sat_0140,0.5818896,0.24383813,True
drone_0027_300_0003,0027,300,sat_0027,1,1.0,sat_0027,0027,0.82438475,sat_0140,0.5697764,0.25460833,True
drone_0027_300_0004,0027,300,sat_0027,1,1.0,sat_0027,0027,0.83327657,sat_0140,0.58429146,0.24898511,True
drone_0027_300_0005,0027,300,sat_0027,1,1.0,sat_0027,0027,0.8259449,sat_0140,0.5715404,0.2544045,True
drone_0027_300_0006,0027,300,sat_0027,1,1.0,sat_0027,0027,0.80099934,sat_0140,0.59989816,0.20110118,True
drone_0027_300_0007,0027,300,sat_0027,1,1.0,sat_0027,0027,0.8520565,sat_0140,0.5563595,0.29569697,True
drone_0027_300_0008,0027,300,sat_0027,1,1.0,sat_0027,0027,0.8308387,sat_0140,0.5636322,0.2672065,True
drone_0027_300_0009,0027,300,sat_0027,1,1.0,sat_0027,0027,0.807626,sat_0140,0.56426096,0.24336505,True
drone_0027_300_0010,0027,300,sat_0027,1,1.0,sat_0027,0027,0.8314523,sat_0140,0.57438236,0.25706995,True
drone_0027_300_0011,0027,300,sat_0027,1,1.0,sat_0027,0027,0.81070006,sat_0140,0.58004814,0.23065192,True
drone_0027_300_0012,0027,300,sat_0027,1,1.0,sat_0027,0027,0.77673817,sat_0140,0.61593944,0.16079873,True
drone_0027_300_0013,0027,300,sat_0027,1,1.0,sat_0027,0027,0.822014,sat_0140,0.57966053,0.24235344,True
drone_0027_300_0014,0027,300,sat_0027,1,1.0,sat_0027,0027,0.8305578,sat_0140,0.59663457,0.23392326,True
drone_0027_300_0015,0027,300,sat_0027,1,1.0,sat_0027,0027,0.88265073,sat_0140,0.5336893,0.3489614,True
drone_0027_300_0016,0027,300,sat_0027,1,1.0,sat_0027,0027,0.8401589,sat_0140,0.55844045,0.28171843,True
drone_0027_300_0017,0027,300,sat_0027,1,1.0,sat_0027,0027,0.85062414,sat_0140,0.5766901,0.27393407,True
drone_0027_300_0018,0027,300,sat_0027,1,1.0,sat_0027,0027,0.8128917,sat_0140,0.5828277,0.23006403,True
drone_0027_300_0019,0027,300,sat_0027,1,1.0,sat_0027,0027,0.81128883,sat_0140,0.5671603,0.24412853,True
drone_0027_300_0020,0027,300,sat_0027,1,1.0,sat_0027,0027,0.80224866,sat_0140,0.57639253,0.22585613,True
drone_0027_300_0021,0027,300,sat_0027,1,1.0,sat_0027,0027,0.7811791,sat_0140,0.6076615,0.17351758,True
drone_0027_300_0022,0027,300,sat_0027,1,1.0,sat_0027,0027,0.79403645,sat_0140,0.5841369,0.20989954,True
drone_0027_300_0023,0027,300,sat_0027,1,1.0,sat_0027,0027,0.772098,sat_0140,0.63907665,0.13302135,True
drone_0027_300_0024,0027,300,sat_0027,1,1.0,sat_0027,0027,0.8258019,sat_0140,0.61115766,0.21464425,True
drone_0027_300_0025,0027,300,sat_0027,1,1.0,sat_0027,0027,0.916205,sat_0140,0.49801725,0.41818774,True
drone_0027_300_0026,0027,300,sat_0027,1,1.0,sat_0027,0027,0.8747737,sat_0140,0.5658642,0.30890948,True
drone_0027_300_0027,0027,300,sat_0027,1,1.0,sat_0027,0027,0.7962387,sat_0140,0.6474613,0.14877743,True
drone_0027_300_0028,0027,300,sat_0027,1,1.0,sat_0027,0027,0.73871267,sat_0140,0.6825787,0.056133986,True
drone_0027_300_0029,0027,300,sat_0027,2,0.5,sat_0140,0140,0.71650505,sat_0027,0.6835194,0.032985628,False
drone_0027_300_0030,0027,300,sat_0027,2,0.5,sat_0140,0140,0.73681355,sat_0027,0.659214,0.077599525,False
drone_0027_300_0031,0027,300,sat_0027,2,0.5,sat_0140,0140,0.77368754,sat_0027,0.6105302,0.16315734,False
drone_0027_300_0032,0027,300,sat_0027,1,1.0,sat_0027,0027,0.72542,sat_0140,0.68539315,0.040026844,True
drone_0027_300_0033,0027,300,sat_0027,1,1.0,sat_0027,0027,0.7763189,sat_0140,0.6321413,0.14417762,True
drone_0027_300_0034,0027,300,sat_0027,1,1.0,sat_0027,0027,0.7953385,sat_0140,0.62118435,0.17415416,True
drone_0027_300_0035,0027,300,sat_0027,1,1.0,sat_0027,0027,0.78735936,sat_0140,0.64129794,0.14606142,True
drone_0027_300_0036,0027,300,sat_0027,1,1.0,sat_0027,0027,0.84280634,sat_0140,0.59181756,0.25098878,True
drone_0027_300_0037,0027,300,sat_0027,1,1.0,sat_0027,0027,0.8713413,sat_0140,0.5201218,0.35121948,True
drone_0027_300_0038,0027,300,sat_0027,1,1.0,sat_0027,0027,0.8373227,sat_0140,0.57832485,0.25899786,True
drone_0027_300_0039,0027,300,sat_0027,1,1.0,sat_0027,0027,0.800562,sat_0140,0.6366844,0.1638776,True
drone_0027_300_0040,0027,300,sat_0027,1,1.0,sat_0027,0027,0.8567654,sat_0140,0.5571859,0.2995795,True
drone_0027_300_0041,0027,300,sat_0027,1,1.0,sat_0027,0027,0.8199068,sat_0140,0.6278815,0.19202524,True
drone_0027_300_0042,0027,300,sat_0027,1,1.0,sat_0027,0027,0.84044474,sat_0140,0.58699834,0.2534464,True
drone_0027_300_0043,0027,300,sat_0027,1,1.0,sat_0027,0027,0.88084304,sat_0140,0.5737618,0.30708122,True
drone_0027_300_0044,0027,300,sat_0027,1,1.0,sat_0027,0027,0.90165323,sat_0140,0.52677745,0.37487578,True
drone_0027_300_0045,0027,300,sat_0027,1,1.0,sat_0027,0027,0.9449668,sat_0140,0.44871414,0.49625266,True
drone_0027_300_0046,0027,300,sat_0027,1,1.0,sat_0027,0027,0.91841626,sat_0140,0.50053775,0.4178785,True
drone_0027_300_0047,0027,300,sat_0027,1,1.0,sat_0027,0027,0.9023274,sat_0140,0.51536787,0.38695955,True
drone_0027_300_0048,0027,300,sat_0027,1,1.0,sat_0027,0027,0.87302816,sat_0140,0.54771125,0.3253169,True
drone_0027_300_0049,0027,300,sat_0027,1,1.0,sat_0027,0027,0.86196446,sat_0140,0.54708135,0.3148831,True
drone_0029_300_0000,0029,300,sat_0029,1,1.0,sat_0029,0029,0.9130347,sat_0182,0.4932327,0.41980198,True
drone_0029_300_0001,0029,300,sat_0029,1,1.0,sat_0029,0029,0.9174963,sat_0182,0.47537294,0.44212338,True
drone_0029_300_0002,0029,300,sat_0029,1,1.0,sat_0029,0029,0.90890694,sat_0182,0.48196167,0.42694527,True
drone_0029_300_0003,0029,300,sat_0029,1,1.0,sat_0029,0029,0.9178251,sat_0182,0.4895003,0.4283248,True
drone_0029_300_0004,0029,300,sat_0029,1,1.0,sat_0029,0029,0.9439945,sat_0182,0.45332056,0.49067396,True
drone_0029_300_0005,0029,300,sat_0029,1,1.0,sat_0029,0029,0.92789054,sat_0182,0.47196195,0.4559286,True
drone_0029_300_0006,0029,300,sat_0029,1,1.0,sat_0029,0029,0.93792117,sat_0182,0.43895936,0.4989618,True
drone_0029_300_0007,0029,300,sat_0029,1,1.0,sat_0029,0029,0.9366583,sat_0182,0.44589302,0.4907653,True
drone_0029_300_0008,0029,300,sat_0029,1,1.0,sat_0029,0029,0.93556774,sat_0182,0.43475404,0.5008137,True
drone_0029_300_0009,0029,300,sat_0029,1,1.0,sat_0029,0029,0.9167956,sat_0182,0.4719202,0.44487542,True
drone_0029_300_0010,0029,300,sat_0029,1,1.0,sat_0029,0029,0.9012777,sat_0182,0.49365386,0.40762386,True
drone_0029_300_0011,0029,300,sat_0029,1,1.0,sat_0029,0029,0.9263327,sat_0182,0.48655653,0.43977618,True
drone_0029_300_0012,0029,300,sat_0029,1,1.0,sat_0029,0029,0.9125445,sat_0182,0.5007122,0.41183227,True
drone_0029_300_0013,0029,300,sat_0029,1,1.0,sat_0029,0029,0.8979283,sat_0182,0.5366586,0.3612697,True
drone_0029_300_0014,0029,300,sat_0029,1,1.0,sat_0029,0029,0.87939763,sat_0182,0.54573995,0.33365768,True
drone_0029_300_0015,0029,300,sat_0029,1,1.0,sat_0029,0029,0.8949284,sat_0182,0.5388297,0.3560987,True
drone_0029_300_0016,0029,300,sat_0029,1,1.0,sat_0029,0029,0.9026867,sat_0182,0.54009944,0.36258727,True
drone_0029_300_0017,0029,300,sat_0029,1,1.0,sat_0029,0029,0.9181608,sat_0182,0.484329,0.4338318,True
drone_0029_300_0018,0029,300,sat_0029,1,1.0,sat_0029,0029,0.89849055,sat_0182,0.45503664,0.4434539,True
drone_0029_300_0019,0029,300,sat_0029,1,1.0,sat_0029,0029,0.9126112,sat_0024,0.4708468,0.44176438,True
drone_0029_300_0020,0029,300,sat_0029,1,1.0,sat_0029,0029,0.91188526,sat_0024,0.5051516,0.40673363,True
drone_0029_300_0021,0029,300,sat_0029,1,1.0,sat_0029,0029,0.9029371,sat_0024,0.50679564,0.39614147,True
drone_0029_300_0022,0029,300,sat_0029,1,1.0,sat_0029,0029,0.8950602,sat_0024,0.5535641,0.3414961,True
drone_0029_300_0023,0029,300,sat_0029,1,1.0,sat_0029,0029,0.91483676,sat_0024,0.49950856,0.4153282,True
drone_0029_300_0024,0029,300,sat_0029,1,1.0,sat_0029,0029,0.8869333,sat_0024,0.53489286,0.35204047,True
drone_0029_300_0025,0029,300,sat_0029,1,1.0,sat_0029,0029,0.8928059,sat_0024,0.5223357,0.37047017,True
drone_0029_300_0026,0029,300,sat_0029,1,1.0,sat_0029,0029,0.88913995,sat_0182,0.4968149,0.39232504,True
drone_0029_300_0027,0029,300,sat_0029,1,1.0,sat_0029,0029,0.88971245,sat_0182,0.49306738,0.39664507,True
drone_0029_300_0028,0029,300,sat_0029,1,1.0,sat_0029,0029,0.8524981,sat_0056,0.5787189,0.2737792,True
drone_0029_300_0029,0029,300,sat_0029,1,1.0,sat_0029,0029,0.82086337,sat_0056,0.5994482,0.22141516,True
drone_0029_300_0030,0029,300,sat_0029,1,1.0,sat_0029,0029,0.82853806,sat_0056,0.57931757,0.24922049,True
drone_0029_300_0031,0029,300,sat_0029,1,1.0,sat_0029,0029,0.8312071,sat_0182,0.6033396,0.22786748,True
drone_0029_300_0032,0029,300,sat_0029,1,1.0,sat_0029,0029,0.8123385,sat_0182,0.519058,0.29328048,True
drone_0029_300_0033,0029,300,sat_0029,1,1.0,sat_0029,0029,0.800736,sat_0182,0.5308034,0.26993263,True
drone_0029_300_0034,0029,300,sat_0029,1,1.0,sat_0029,0029,0.7965802,sat_0182,0.53477806,0.26180214,True
drone_0029_300_0035,0029,300,sat_0029,1,1.0,sat_0029,0029,0.8070934,sat_0182,0.54070175,0.26639163,True
drone_0029_300_0036,0029,300,sat_0029,1,1.0,sat_0029,0029,0.8299935,sat_0182,0.5169376,0.31305587,True
drone_0029_300_0037,0029,300,sat_0029,1,1.0,sat_0029,0029,0.83416563,sat_0182,0.581389,0.25277662,True
drone_0029_300_0038,0029,300,sat_0029,1,1.0,sat_0029,0029,0.84685147,sat_0182,0.59353983,0.25331163,True
drone_0029_300_0039,0029,300,sat_0029,1,1.0,sat_0029,0029,0.8387384,sat_0182,0.60356784,0.23517054,True
drone_0029_300_0040,0029,300,sat_0029,1,1.0,sat_0029,0029,0.83342046,sat_0182,0.57171,0.26171046,True
drone_0029_300_0041,0029,300,sat_0029,1,1.0,sat_0029,0029,0.8679105,sat_0182,0.54268193,0.32522857,True
drone_0029_300_0042,0029,300,sat_0029,1,1.0,sat_0029,0029,0.8464755,sat_0182,0.54588383,0.30059165,True
drone_0029_300_0043,0029,300,sat_0029,1,1.0,sat_0029,0029,0.815543,sat_0182,0.4813788,0.3341642,True
drone_0029_300_0044,0029,300,sat_0029,1,1.0,sat_0029,0029,0.86620605,sat_0182,0.52687097,0.33933508,True
drone_0029_300_0045,0029,300,sat_0029,1,1.0,sat_0029,0029,0.8957191,sat_0182,0.54726416,0.34845495,True
drone_0029_300_0046,0029,300,sat_0029,1,1.0,sat_0029,0029,0.9044478,sat_0182,0.5893393,0.31510848,True
drone_0029_300_0047,0029,300,sat_0029,1,1.0,sat_0029,0029,0.89921373,sat_0182,0.57165956,0.32755417,True
drone_0029_300_0048,0029,300,sat_0029,1,1.0,sat_0029,0029,0.90628797,sat_0182,0.5677856,0.33850235,True
drone_0029_300_0049,0029,300,sat_0029,1,1.0,sat_0029,0029,0.8843117,sat_0182,0.5671736,0.31713808,True
drone_0036_300_0000,0036,300,sat_0036,1,1.0,sat_0036,0036,0.8725878,sat_0130,0.6461912,0.22639662,True
drone_0036_300_0001,0036,300,sat_0036,1,1.0,sat_0036,0036,0.8678554,sat_0130,0.6574547,0.2104007,True
drone_0036_300_0002,0036,300,sat_0036,1,1.0,sat_0036,0036,0.88962865,sat_0130,0.6552197,0.23440897,True
drone_0036_300_0003,0036,300,sat_0036,1,1.0,sat_0036,0036,0.88193476,sat_0130,0.61983436,0.2621004,True
drone_0036_300_0004,0036,300,sat_0036,1,1.0,sat_0036,0036,0.83445454,sat_0058,0.6530277,0.18142682,True
drone_0036_300_0005,0036,300,sat_0036,1,1.0,sat_0036,0036,0.8741888,sat_0007,0.61680186,0.25738692,True
drone_0036_300_0006,0036,300,sat_0036,1,1.0,sat_0036,0036,0.8825409,sat_0130,0.6251222,0.2574187,True
drone_0036_300_0007,0036,300,sat_0036,1,1.0,sat_0036,0036,0.90085596,sat_0130,0.6432585,0.25759745,True
drone_0036_300_0008,0036,300,sat_0036,1,1.0,sat_0036,0036,0.8855799,sat_0130,0.5891877,0.2963922,True
drone_0036_300_0009,0036,300,sat_0036,1,1.0,sat_0036,0036,0.82260025,sat_0007,0.60555637,0.21704388,True
drone_0036_300_0010,0036,300,sat_0036,1,1.0,sat_0036,0036,0.7871653,sat_0007,0.6163226,0.1708427,True
drone_0036_300_0011,0036,300,sat_0036,1,1.0,sat_0036,0036,0.80582833,sat_0007,0.6567419,0.14908642,True
drone_0036_300_0012,0036,300,sat_0036,1,1.0,sat_0036,0036,0.8129299,sat_0130,0.684937,0.12799293,True
drone_0036_300_0013,0036,300,sat_0036,1,1.0,sat_0036,0036,0.86323947,sat_0130,0.64175504,0.22148442,True
drone_0036_300_0014,0036,300,sat_0036,1,1.0,sat_0036,0036,0.86180204,sat_0130,0.726179,0.13562304,True
drone_0036_300_0015,0036,300,sat_0036,1,1.0,sat_0036,0036,0.8640243,sat_0130,0.66631603,0.19770825,True
drone_0036_300_0016,0036,300,sat_0036,1,1.0,sat_0036,0036,0.844474,sat_0130,0.72628075,0.11819327,True
drone_0036_300_0017,0036,300,sat_0036,1,1.0,sat_0036,0036,0.8401564,sat_0130,0.6805111,0.15964526,True
drone_0036_300_0018,0036,300,sat_0036,1,1.0,sat_0036,0036,0.7869576,sat_0130,0.702536,0.084421635,True
drone_0036_300_0019,0036,300,sat_0036,1,1.0,sat_0036,0036,0.80228627,sat_0058,0.7005567,0.10172957,True
drone_0036_300_0020,0036,300,sat_0036,1,1.0,sat_0036,0036,0.85787576,sat_0058,0.64292264,0.21495312,True
drone_0036_300_0021,0036,300,sat_0036,1,1.0,sat_0036,0036,0.8680639,sat_0130,0.7004368,0.16762716,True
drone_0036_300_0022,0036,300,sat_0036,1,1.0,sat_0036,0036,0.8844075,sat_0130,0.676268,0.20813954,True
drone_0036_300_0023,0036,300,sat_0036,1,1.0,sat_0036,0036,0.8224883,sat_0130,0.7478621,0.07462621,True
drone_0036_300_0024,0036,300,sat_0036,1,1.0,sat_0036,0036,0.86400676,sat_0130,0.6958772,0.16812956,True
drone_0036_300_0025,0036,300,sat_0036,1,1.0,sat_0036,0036,0.8073374,sat_0130,0.69919777,0.108139634,True
drone_0036_300_0026,0036,300,sat_0036,1,1.0,sat_0036,0036,0.81616664,sat_0130,0.65220416,0.16396248,True
drone_0036_300_0027,0036,300,sat_0036,1,1.0,sat_0036,0036,0.69667006,sat_0130,0.59158826,0.1050818,True
drone_0036_300_0028,0036,300,sat_0036,1,1.0,sat_0036,0036,0.8160775,sat_0130,0.6557792,0.16029829,True
drone_0036_300_0029,0036,300,sat_0036,1,1.0,sat_0036,0036,0.82337874,sat_0130,0.6901771,0.13320166,True
drone_0036_300_0030,0036,300,sat_0036,1,1.0,sat_0036,0036,0.85003084,sat_0130,0.5548452,0.29518563,True
drone_0036_300_0031,0036,300,sat_0036,1,1.0,sat_0036,0036,0.81819063,sat_0130,0.6144393,0.20375133,True
drone_0036_300_0032,0036,300,sat_0036,1,1.0,sat_0036,0036,0.8297008,sat_0007,0.5697535,0.2599473,True
drone_0036_300_0033,0036,300,sat_0036,1,1.0,sat_0036,0036,0.862134,sat_0007,0.60174835,0.26038563,True
drone_0036_300_0034,0036,300,sat_0036,1,1.0,sat_0036,0036,0.8532176,sat_0130,0.64500105,0.20821655,True
drone_0036_300_0035,0036,300,sat_0036,1,1.0,sat_0036,0036,0.84693855,sat_0007,0.6557448,0.19119376,True
drone_0036_300_0036,0036,300,sat_0036,1,1.0,sat_0036,0036,0.8463661,sat_0007,0.68521845,0.16114765,True
drone_0036_300_0037,0036,300,sat_0036,1,1.0,sat_0036,0036,0.84614146,sat_0007,0.6774925,0.16864896,True
drone_0036_300_0038,0036,300,sat_0036,1,1.0,sat_0036,0036,0.85341203,sat_0058,0.6585548,0.19485724,True
drone_0036_300_0039,0036,300,sat_0036,1,1.0,sat_0036,0036,0.8922907,sat_0058,0.6457936,0.2464971,True
drone_0036_300_0040,0036,300,sat_0036,1,1.0,sat_0036,0036,0.8948897,sat_0058,0.6397149,0.25517482,True
drone_0036_300_0041,0036,300,sat_0036,1,1.0,sat_0036,0036,0.78932464,sat_0130,0.63944393,0.1498807,True
drone_0036_300_0042,0036,300,sat_0036,1,1.0,sat_0036,0036,0.7971639,sat_0130,0.7499994,0.0471645,True
drone_0036_300_0043,0036,300,sat_0036,1,1.0,sat_0036,0036,0.8066254,sat_0130,0.5964068,0.21021861,True
drone_0036_300_0044,0036,300,sat_0036,1,1.0,sat_0036,0036,0.83503085,sat_0130,0.71602076,0.11901009,True
drone_0036_300_0045,0036,300,sat_0036,1,1.0,sat_0036,0036,0.86961037,sat_0130,0.6739435,0.19566685,True
drone_0036_300_0046,0036,300,sat_0036,1,1.0,sat_0036,0036,0.8478528,sat_0058,0.657989,0.1898638,True
drone_0036_300_0047,0036,300,sat_0036,1,1.0,sat_0036,0036,0.84986115,sat_0130,0.64658153,0.20327961,True
drone_0036_300_0048,0036,300,sat_0036,1,1.0,sat_0036,0036,0.83620167,sat_0130,0.68095046,0.1552512,True
drone_0036_300_0049,0036,300,sat_0036,1,1.0,sat_0036,0036,0.8684917,sat_0130,0.62695736,0.24153435,True
drone_0040_300_0000,0040,300,sat_0040,1,1.0,sat_0040,0040,0.8412548,sat_0072,0.44729614,0.39395863,True
drone_0040_300_0001,0040,300,sat_0040,1,1.0,sat_0040,0040,0.83610135,sat_0072,0.45995942,0.37614194,True
drone_0040_300_0002,0040,300,sat_0040,1,1.0,sat_0040,0040,0.8307447,sat_0072,0.46239093,0.36835375,True
drone_0040_300_0003,0040,300,sat_0040,1,1.0,sat_0040,0040,0.86150753,sat_0072,0.4849349,0.37657264,True
drone_0040_300_0004,0040,300,sat_0040,1,1.0,sat_0040,0040,0.8259858,sat_0072,0.5063935,0.3195923,True
drone_0040_300_0005,0040,300,sat_0040,1,1.0,sat_0040,0040,0.8239405,sat_0072,0.46945098,0.35448954,True
drone_0040_300_0006,0040,300,sat_0040,1,1.0,sat_0040,0040,0.827077,sat_0072,0.44151458,0.3855624,True
drone_0040_300_0007,0040,300,sat_0040,1,1.0,sat_0040,0040,0.790993,sat_0072,0.43217927,0.3588137,True
drone_0040_300_0008,0040,300,sat_0040,1,1.0,sat_0040,0040,0.7927774,sat_0041,0.39536217,0.39741525,True
drone_0040_300_0009,0040,300,sat_0040,1,1.0,sat_0040,0040,0.8191313,sat_0072,0.39675313,0.42237818,True
drone_0040_300_0010,0040,300,sat_0040,1,1.0,sat_0040,0040,0.7852234,sat_0072,0.41861895,0.36660448,True
drone_0040_300_0011,0040,300,sat_0040,1,1.0,sat_0040,0040,0.8522412,sat_0072,0.42644396,0.42579725,True
drone_0040_300_0012,0040,300,sat_0040,1,1.0,sat_0040,0040,0.81220675,sat_0041,0.3774274,0.43477935,True
drone_0040_300_0013,0040,300,sat_0040,1,1.0,sat_0040,0040,0.82836115,sat_0041,0.38447672,0.44388443,True
drone_0040_300_0014,0040,300,sat_0040,1,1.0,sat_0040,0040,0.8430248,sat_0041,0.41612172,0.42690307,True
drone_0040_300_0015,0040,300,sat_0040,1,1.0,sat_0040,0040,0.8350355,sat_0072,0.4066719,0.4283636,True
drone_0040_300_0016,0040,300,sat_0040,1,1.0,sat_0040,0040,0.8217979,sat_0041,0.39919403,0.42260388,True
drone_0040_300_0017,0040,300,sat_0040,1,1.0,sat_0040,0040,0.8003841,sat_0072,0.36672214,0.43366197,True
drone_0040_300_0018,0040,300,sat_0040,1,1.0,sat_0040,0040,0.76508224,sat_0072,0.37224317,0.39283907,True
drone_0040_300_0019,0040,300,sat_0040,1,1.0,sat_0040,0040,0.782714,sat_0140,0.43280247,0.34991154,True
drone_0040_300_0020,0040,300,sat_0040,1,1.0,sat_0040,0040,0.80637646,sat_0072,0.4541585,0.35221794,True
drone_0040_300_0021,0040,300,sat_0040,1,1.0,sat_0040,0040,0.82711107,sat_0072,0.4641223,0.36298877,True
drone_0040_300_0022,0040,300,sat_0040,1,1.0,sat_0040,0040,0.78690994,sat_0072,0.4734839,0.31342605,True
drone_0040_300_0023,0040,300,sat_0040,1,1.0,sat_0040,0040,0.865203,sat_0072,0.45578313,0.4094199,True
drone_0040_300_0024,0040,300,sat_0040,1,1.0,sat_0040,0040,0.79961926,sat_0072,0.40405554,0.39556372,True
drone_0040_300_0025,0040,300,sat_0040,1,1.0,sat_0040,0040,0.8546922,sat_0072,0.4636292,0.39106303,True
drone_0040_300_0026,0040,300,sat_0040,1,1.0,sat_0040,0040,0.81701934,sat_0041,0.42993253,0.3870868,True
drone_0040_300_0027,0040,300,sat_0040,1,1.0,sat_0040,0040,0.81943583,sat_0072,0.4493897,0.37004614,True
drone_0040_300_0028,0040,300,sat_0040,1,1.0,sat_0040,0040,0.81211734,sat_0174,0.4524947,0.35962263,True
drone_0040_300_0029,0040,300,sat_0040,1,1.0,sat_0040,0040,0.78395426,sat_0174,0.4670893,0.31686497,True
drone_0040_300_0030,0040,300,sat_0040,1,1.0,sat_0040,0040,0.72504216,sat_0072,0.50722784,0.21781433,True
drone_0040_300_0031,0040,300,sat_0040,1,1.0,sat_0040,0040,0.77535886,sat_0072,0.61510515,0.1602537,True
drone_0040_300_0032,0040,300,sat_0040,1,1.0,sat_0040,0040,0.7686958,sat_0072,0.5344461,0.23424965,True
drone_0040_300_0033,0040,300,sat_0040,1,1.0,sat_0040,0040,0.81592995,sat_0072,0.5651354,0.25079453,True
drone_0040_300_0034,0040,300,sat_0040,1,1.0,sat_0040,0040,0.8282212,sat_0072,0.61451566,0.21370554,True
drone_0040_300_0035,0040,300,sat_0040,1,1.0,sat_0040,0040,0.8203426,sat_0072,0.6064683,0.21387428,True
drone_0040_300_0036,0040,300,sat_0040,1,1.0,sat_0040,0040,0.83594805,sat_0072,0.6167103,0.21923774,True
drone_0040_300_0037,0040,300,sat_0040,1,1.0,sat_0040,0040,0.8514569,sat_0072,0.5855839,0.26587296,True
drone_0040_300_0038,0040,300,sat_0040,1,1.0,sat_0040,0040,0.84425485,sat_0072,0.64598286,0.19827199,True
drone_0040_300_0039,0040,300,sat_0040,1,1.0,sat_0040,0040,0.83639866,sat_0072,0.630088,0.20631069,True
drone_0040_300_0040,0040,300,sat_0040,1,1.0,sat_0040,0040,0.7983221,sat_0174,0.61594105,0.18238103,True
drone_0040_300_0041,0040,300,sat_0040,1,1.0,sat_0040,0040,0.7978775,sat_0174,0.63613915,0.16173834,True
drone_0040_300_0042,0040,300,sat_0040,1,1.0,sat_0040,0040,0.83075476,sat_0174,0.56906366,0.2616911,True
drone_0040_300_0043,0040,300,sat_0040,1,1.0,sat_0040,0040,0.8076415,sat_0174,0.48128372,0.32635778,True
drone_0040_300_0044,0040,300,sat_0040,1,1.0,sat_0040,0040,0.86069506,sat_0041,0.4981221,0.36257297,True
drone_0040_300_0045,0040,300,sat_0040,1,1.0,sat_0040,0040,0.8574506,sat_0041,0.5122277,0.3452229,True
drone_0040_300_0046,0040,300,sat_0040,1,1.0,sat_0040,0040,0.8000391,sat_0041,0.54593974,0.25409937,True
drone_0040_300_0047,0040,300,sat_0040,1,1.0,sat_0040,0040,0.8324019,sat_0041,0.53234875,0.30005312,True
drone_0040_300_0048,0040,300,sat_0040,1,1.0,sat_0040,0040,0.83121496,sat_0041,0.51272625,0.31848872,True
drone_0040_300_0049,0040,300,sat_0040,1,1.0,sat_0040,0040,0.8396759,sat_0041,0.5044577,0.3352182,True
drone_0041_300_0000,0041,300,sat_0041,1,1.0,sat_0041,0041,0.86689866,sat_0190,0.44455475,0.4223439,True
drone_0041_300_0001,0041,300,sat_0041,1,1.0,sat_0041,0041,0.8738575,sat_0190,0.45774588,0.41611162,True
drone_0041_300_0002,0041,300,sat_0041,1,1.0,sat_0041,0041,0.8615759,sat_0182,0.45207042,0.4095055,True
drone_0041_300_0003,0041,300,sat_0041,1,1.0,sat_0041,0041,0.8597753,sat_0182,0.45127124,0.40850407,True
drone_0041_300_0004,0041,300,sat_0041,1,1.0,sat_0041,0041,0.8336116,sat_0182,0.49496284,0.33864877,True
drone_0041_300_0005,0041,300,sat_0041,1,1.0,sat_0041,0041,0.8164972,sat_0167,0.5125656,0.3039316,True
drone_0041_300_0006,0041,300,sat_0041,1,1.0,sat_0041,0041,0.8406942,sat_0190,0.47703722,0.36365697,True
drone_0041_300_0007,0041,300,sat_0041,1,1.0,sat_0041,0041,0.86462367,sat_0190,0.46339482,0.40122885,True
drone_0041_300_0008,0041,300,sat_0041,1,1.0,sat_0041,0041,0.85047555,sat_0190,0.5020285,0.34844702,True
drone_0041_300_0009,0041,300,sat_0041,1,1.0,sat_0041,0041,0.82919806,sat_0182,0.4664881,0.36270997,True
drone_0041_300_0010,0041,300,sat_0041,1,1.0,sat_0041,0041,0.85033107,sat_0167,0.47027916,0.3800519,True
drone_0041_300_0011,0041,300,sat_0041,1,1.0,sat_0041,0041,0.8145113,sat_0167,0.5236391,0.29087222,True
drone_0041_300_0012,0041,300,sat_0041,1,1.0,sat_0041,0041,0.77436936,sat_0167,0.58652866,0.1878407,True
drone_0041_300_0013,0041,300,sat_0041,1,1.0,sat_0041,0041,0.7475019,sat_0167,0.62927794,0.118223965,True
drone_0041_300_0014,0041,300,sat_0041,1,1.0,sat_0041,0041,0.80073315,sat_0167,0.56933075,0.2314024,True
drone_0041_300_0015,0041,300,sat_0041,1,1.0,sat_0041,0041,0.8328884,sat_0167,0.52720314,0.30568528,True
drone_0041_300_0016,0041,300,sat_0041,1,1.0,sat_0041,0041,0.82104146,sat_0167,0.52853286,0.2925086,True
drone_0041_300_0017,0041,300,sat_0041,1,1.0,sat_0041,0041,0.8052694,sat_0167,0.56629187,0.23897755,True
drone_0041_300_0018,0041,300,sat_0041,1,1.0,sat_0041,0041,0.79839766,sat_0167,0.5615362,0.23686147,True
drone_0041_300_0019,0041,300,sat_0041,1,1.0,sat_0041,0041,0.8700592,sat_0182,0.5052462,0.36481297,True
drone_0041_300_0020,0041,300,sat_0041,1,1.0,sat_0041,0041,0.8359089,sat_0182,0.53402174,0.30188715,True
drone_0041_300_0021,0041,300,sat_0041,1,1.0,sat_0041,0041,0.8166909,sat_0182,0.54860204,0.26808888,True
drone_0041_300_0022,0041,300,sat_0041,1,1.0,sat_0041,0041,0.7402318,sat_0167,0.62751853,0.11271328,True
drone_0041_300_0023,0041,300,sat_0041,1,1.0,sat_0041,0041,0.80316037,sat_0167,0.5410633,0.26209706,True
drone_0041_300_0024,0041,300,sat_0041,1,1.0,sat_0041,0041,0.8169129,sat_0182,0.5531569,0.26375598,True
drone_0041_300_0025,0041,300,sat_0041,1,1.0,sat_0041,0041,0.8225562,sat_0182,0.5529836,0.26957262,True
drone_0041_300_0026,0041,300,sat_0041,1,1.0,sat_0041,0041,0.89023316,sat_0182,0.47487235,0.4153608,True
drone_0041_300_0027,0041,300,sat_0041,1,1.0,sat_0041,0041,0.88140154,sat_0182,0.5092898,0.37211174,True
drone_0041_300_0028,0041,300,sat_0041,1,1.0,sat_0041,0041,0.8934064,sat_0190,0.43968508,0.4537213,True
drone_0041_300_0029,0041,300,sat_0041,1,1.0,sat_0041,0041,0.8841299,sat_0190,0.4902442,0.39388567,True
drone_0041_300_0030,0041,300,sat_0041,1,1.0,sat_0041,0041,0.88546306,sat_0190,0.49014375,0.3953193,True
drone_0041_300_0031,0041,300,sat_0041,1,1.0,sat_0041,0041,0.8886987,sat_0198,0.4759601,0.4127386,True
drone_0041_300_0032,0041,300,sat_0041,1,1.0,sat_0041,0041,0.87934566,sat_0190,0.48668763,0.39265803,True
drone_0041_300_0033,0041,300,sat_0041,1,1.0,sat_0041,0041,0.8648517,sat_0155,0.48450664,0.38034508,True
drone_0041_300_0034,0041,300,sat_0041,1,1.0,sat_0041,0041,0.8688181,sat_0155,0.48521578,0.38360232,True
drone_0041_300_0035,0041,300,sat_0041,1,1.0,sat_0041,0041,0.9013275,sat_0190,0.47059175,0.43073574,True
drone_0041_300_0036,0041,300,sat_0041,1,1.0,sat_0041,0041,0.88895756,sat_0198,0.470193,0.41876456,True
drone_0041_300_0037,0041,300,sat_0041,1,1.0,sat_0041,0041,0.8883532,sat_0144,0.5010175,0.38733572,True
drone_0041_300_0038,0041,300,sat_0041,1,1.0,sat_0041,0041,0.8774976,sat_0155,0.46892655,0.40857106,True
drone_0041_300_0039,0041,300,sat_0041,1,1.0,sat_0041,0041,0.90389735,sat_0144,0.4643464,0.43955094,True
drone_0041_300_0040,0041,300,sat_0041,1,1.0,sat_0041,0041,0.8664086,sat_0144,0.48117447,0.38523412,True
drone_0041_300_0041,0041,300,sat_0041,1,1.0,sat_0041,0041,0.86431307,sat_0155,0.44397157,0.4203415,True
drone_0041_300_0042,0041,300,sat_0041,1,1.0,sat_0041,0041,0.84047866,sat_0182,0.48343548,0.35704318,True
drone_0041_300_0043,0041,300,sat_0041,1,1.0,sat_0041,0041,0.82871634,sat_0182,0.49350515,0.3352112,True
drone_0041_300_0044,0041,300,sat_0041,1,1.0,sat_0041,0041,0.81747824,sat_0182,0.5319908,0.2854874,True
drone_0041_300_0045,0041,300,sat_0041,1,1.0,sat_0041,0041,0.83683777,sat_0182,0.5473889,0.28944886,True
drone_0041_300_0046,0041,300,sat_0041,1,1.0,sat_0041,0041,0.79223865,sat_0182,0.62007284,0.17216581,True
drone_0041_300_0047,0041,300,sat_0041,1,1.0,sat_0041,0041,0.8644818,sat_0182,0.4951184,0.3693634,True
drone_0041_300_0048,0041,300,sat_0041,1,1.0,sat_0041,0041,0.8469242,sat_0182,0.49650663,0.35041755,True
drone_0041_300_0049,0041,300,sat_0041,1,1.0,sat_0041,0041,0.8677089,sat_0182,0.43005472,0.4376542,True
drone_0051_300_0000,0051,300,sat_0051,1,1.0,sat_0051,0051,0.89203274,sat_0023,0.294559,0.59747374,True
drone_0051_300_0001,0051,300,sat_0051,1,1.0,sat_0051,0051,0.8966524,sat_0023,0.29181913,0.60483325,True
drone_0051_300_0002,0051,300,sat_0051,1,1.0,sat_0051,0051,0.89441013,sat_0009,0.27451652,0.6198936,True
drone_0051_300_0003,0051,300,sat_0051,1,1.0,sat_0051,0051,0.9071659,sat_0023,0.31382185,0.59334403,True
drone_0051_300_0004,0051,300,sat_0051,1,1.0,sat_0051,0051,0.9029773,sat_0023,0.28072894,0.62224835,True
drone_0051_300_0005,0051,300,sat_0051,1,1.0,sat_0051,0051,0.90409386,sat_0023,0.2801729,0.6239209,True
drone_0051_300_0006,0051,300,sat_0051,1,1.0,sat_0051,0051,0.9078891,sat_0023,0.30758458,0.60030454,True
drone_0051_300_0007,0051,300,sat_0051,1,1.0,sat_0051,0051,0.8919428,sat_0023,0.26774475,0.6241981,True
drone_0051_300_0008,0051,300,sat_0051,1,1.0,sat_0051,0051,0.88863814,sat_0023,0.25360367,0.63503444,True
drone_0051_300_0009,0051,300,sat_0051,1,1.0,sat_0051,0051,0.890744,sat_0023,0.24478249,0.64596146,True
drone_0051_300_0010,0051,300,sat_0051,1,1.0,sat_0051,0051,0.8785076,sat_0009,0.2508935,0.62761414,True
drone_0051_300_0011,0051,300,sat_0051,1,1.0,sat_0051,0051,0.89906114,sat_0023,0.2770918,0.62196934,True
drone_0051_300_0012,0051,300,sat_0051,1,1.0,sat_0051,0051,0.89896107,sat_0023,0.2681151,0.63084596,True
drone_0051_300_0013,0051,300,sat_0051,1,1.0,sat_0051,0051,0.86173856,sat_0115,0.29153436,0.5702042,True
drone_0051_300_0014,0051,300,sat_0051,1,1.0,sat_0051,0051,0.8587988,sat_0115,0.3112969,0.5475019,True
drone_0051_300_0015,0051,300,sat_0051,1,1.0,sat_0051,0051,0.8574655,sat_0115,0.30612904,0.55133647,True
drone_0051_300_0016,0051,300,sat_0051,1,1.0,sat_0051,0051,0.8866593,sat_0023,0.26359564,0.6230637,True
drone_0051_300_0017,0051,300,sat_0051,1,1.0,sat_0051,0051,0.9078287,sat_0023,0.27653348,0.6312952,True
drone_0051_300_0018,0051,300,sat_0051,1,1.0,sat_0051,0051,0.918196,sat_0023,0.29300696,0.62518907,True
drone_0051_300_0019,0051,300,sat_0051,1,1.0,sat_0051,0051,0.9201844,sat_0023,0.3125952,0.6075892,True
drone_0051_300_0020,0051,300,sat_0051,1,1.0,sat_0051,0051,0.9243089,sat_0023,0.31548804,0.60882086,True
drone_0051_300_0021,0051,300,sat_0051,1,1.0,sat_0051,0051,0.9228658,sat_0023,0.26913524,0.6537306,True
drone_0051_300_0022,0051,300,sat_0051,1,1.0,sat_0051,0051,0.90403414,sat_0023,0.27334514,0.630689,True
drone_0051_300_0023,0051,300,sat_0051,1,1.0,sat_0051,0051,0.903606,sat_0023,0.26700476,0.6366012,True
drone_0051_300_0024,0051,300,sat_0051,1,1.0,sat_0051,0051,0.9146152,sat_0023,0.26996666,0.64464855,True
drone_0051_300_0025,0051,300,sat_0051,1,1.0,sat_0051,0051,0.91539586,sat_0023,0.2808114,0.6345844,True
drone_0051_300_0026,0051,300,sat_0051,1,1.0,sat_0051,0051,0.9048036,sat_0009,0.25582454,0.64897907,True
drone_0051_300_0027,0051,300,sat_0051,1,1.0,sat_0051,0051,0.9167103,sat_0009,0.29377162,0.6229387,True
drone_0051_300_0028,0051,300,sat_0051,1,1.0,sat_0051,0051,0.8925909,sat_0009,0.3362738,0.5563171,True
drone_0051_300_0029,0051,300,sat_0051,1,1.0,sat_0051,0051,0.88790476,sat_0009,0.36835176,0.519553,True
drone_0051_300_0030,0051,300,sat_0051,1,1.0,sat_0051,0051,0.88105965,sat_0009,0.3496197,0.53143996,True
drone_0051_300_0031,0051,300,sat_0051,1,1.0,sat_0051,0051,0.87385917,sat_0009,0.37383842,0.50002074,True
drone_0051_300_0032,0051,300,sat_0051,1,1.0,sat_0051,0051,0.86337674,sat_0009,0.36659312,0.4967836,True
drone_0051_300_0033,0051,300,sat_0051,1,1.0,sat_0051,0051,0.8727906,sat_0009,0.35831332,0.51447725,True
drone_0051_300_0034,0051,300,sat_0051,1,1.0,sat_0051,0051,0.8813932,sat_0009,0.3260301,0.55536306,True
drone_0051_300_0035,0051,300,sat_0051,1,1.0,sat_0051,0051,0.89568645,sat_0009,0.34147084,0.5542156,True
drone_0051_300_0036,0051,300,sat_0051,1,1.0,sat_0051,0051,0.90099335,sat_0009,0.3410453,0.5599481,True
drone_0051_300_0037,0051,300,sat_0051,1,1.0,sat_0051,0051,0.9248409,sat_0023,0.34261423,0.5822267,True
drone_0051_300_0038,0051,300,sat_0051,1,1.0,sat_0051,0051,0.9273055,sat_0023,0.30930248,0.618003,True
drone_0051_300_0039,0051,300,sat_0051,1,1.0,sat_0051,0051,0.93649304,sat_0023,0.32901895,0.6074741,True
drone_0051_300_0040,0051,300,sat_0051,1,1.0,sat_0051,0051,0.9351323,sat_0023,0.33518353,0.59994876,True
drone_0051_300_0041,0051,300,sat_0051,1,1.0,sat_0051,0051,0.9406458,sat_0023,0.3111936,0.6294522,True
drone_0051_300_0042,0051,300,sat_0051,1,1.0,sat_0051,0051,0.9473572,sat_0023,0.33467177,0.61268544,True
drone_0051_300_0043,0051,300,sat_0051,1,1.0,sat_0051,0051,0.9351736,sat_0023,0.2980245,0.6371491,True
drone_0051_300_0044,0051,300,sat_0051,1,1.0,sat_0051,0051,0.9386538,sat_0023,0.32571667,0.61293715,True
drone_0051_300_0045,0051,300,sat_0051,1,1.0,sat_0051,0051,0.9356421,sat_0023,0.3042867,0.6313554,True
drone_0051_300_0046,0051,300,sat_0051,1,1.0,sat_0051,0051,0.91069305,sat_0023,0.30887082,0.60182226,True
drone_0051_300_0047,0051,300,sat_0051,1,1.0,sat_0051,0051,0.89561844,sat_0023,0.2853861,0.61023235,True
drone_0051_300_0048,0051,300,sat_0051,1,1.0,sat_0051,0051,0.90523595,sat_0023,0.3114037,0.59383225,True
drone_0051_300_0049,0051,300,sat_0051,1,1.0,sat_0051,0051,0.9117372,sat_0023,0.32192388,0.58981335,True
drone_0056_300_0000,0056,300,sat_0056,1,1.0,sat_0056,0056,0.912399,sat_0063,0.63574976,0.27664924,True
drone_0056_300_0001,0056,300,sat_0056,1,1.0,sat_0056,0056,0.9204432,sat_0063,0.65326536,0.26717782,True
drone_0056_300_0002,0056,300,sat_0056,1,1.0,sat_0056,0056,0.9247049,sat_0063,0.64686304,0.27784187,True
drone_0056_300_0003,0056,300,sat_0056,1,1.0,sat_0056,0056,0.9113207,sat_0063,0.6225948,0.2887259,True
drone_0056_300_0004,0056,300,sat_0056,1,1.0,sat_0056,0056,0.8997623,sat_0063,0.6108494,0.2889129,True
drone_0056_300_0005,0056,300,sat_0056,1,1.0,sat_0056,0056,0.9081438,sat_0063,0.62760675,0.28053707,True
drone_0056_300_0006,0056,300,sat_0056,1,1.0,sat_0056,0056,0.907059,sat_0063,0.5978824,0.30917662,True
drone_0056_300_0007,0056,300,sat_0056,1,1.0,sat_0056,0056,0.8862839,sat_0063,0.5983466,0.28793728,True
drone_0056_300_0008,0056,300,sat_0056,1,1.0,sat_0056,0056,0.8963269,sat_0063,0.6188335,0.27749342,True
drone_0056_300_0009,0056,300,sat_0056,1,1.0,sat_0056,0056,0.9133519,sat_0063,0.6523706,0.26098132,True
drone_0056_300_0010,0056,300,sat_0056,1,1.0,sat_0056,0056,0.91995084,sat_0063,0.6482358,0.27171504,True
drone_0056_300_0011,0056,300,sat_0056,1,1.0,sat_0056,0056,0.8714556,sat_0063,0.60006464,0.27139097,True
drone_0056_300_0012,0056,300,sat_0056,1,1.0,sat_0056,0056,0.91219854,sat_0063,0.6615258,0.25067276,True
drone_0056_300_0013,0056,300,sat_0056,1,1.0,sat_0056,0056,0.9100166,sat_0063,0.6781247,0.23189187,True
drone_0056_300_0014,0056,300,sat_0056,1,1.0,sat_0056,0056,0.9081097,sat_0063,0.6726109,0.23549885,True
drone_0056_300_0015,0056,300,sat_0056,1,1.0,sat_0056,0056,0.9012114,sat_0063,0.67804426,0.22316712,True
drone_0056_300_0016,0056,300,sat_0056,1,1.0,sat_0056,0056,0.9236021,sat_0063,0.6849848,0.2386173,True
drone_0056_300_0017,0056,300,sat_0056,1,1.0,sat_0056,0056,0.91017145,sat_0063,0.66869736,0.24147409,True
drone_0056_300_0018,0056,300,sat_0056,1,1.0,sat_0056,0056,0.9017277,sat_0063,0.7375955,0.16413218,True
drone_0056_300_0019,0056,300,sat_0056,1,1.0,sat_0056,0056,0.88656884,sat_0063,0.6725979,0.21397096,True
drone_0056_300_0020,0056,300,sat_0056,1,1.0,sat_0056,0056,0.87136376,sat_0063,0.62373495,0.24762881,True
drone_0056_300_0021,0056,300,sat_0056,1,1.0,sat_0056,0056,0.87801623,sat_0063,0.6843337,0.19368255,True
drone_0056_300_0022,0056,300,sat_0056,1,1.0,sat_0056,0056,0.8709585,sat_0063,0.7097113,0.1612472,True
drone_0056_300_0023,0056,300,sat_0056,1,1.0,sat_0056,0056,0.875813,sat_0063,0.71545804,0.16035497,True
drone_0056_300_0024,0056,300,sat_0056,1,1.0,sat_0056,0056,0.86444634,sat_0063,0.74319196,0.121254385,True
drone_0056_300_0025,0056,300,sat_0056,1,1.0,sat_0056,0056,0.8844422,sat_0063,0.72782993,0.15661228,True
drone_0056_300_0026,0056,300,sat_0056,1,1.0,sat_0056,0056,0.8913301,sat_0063,0.7266086,0.16472155,True
drone_0056_300_0027,0056,300,sat_0056,1,1.0,sat_0056,0056,0.8924499,sat_0063,0.7782413,0.11420864,True
drone_0056_300_0028,0056,300,sat_0056,1,1.0,sat_0056,0056,0.89752877,sat_0063,0.65857273,0.23895603,True
drone_0056_300_0029,0056,300,sat_0056,1,1.0,sat_0056,0056,0.8461653,sat_0063,0.5790153,0.26714998,True
drone_0056_300_0030,0056,300,sat_0056,1,1.0,sat_0056,0056,0.88592327,sat_0063,0.66402334,0.22189993,True
drone_0056_300_0031,0056,300,sat_0056,1,1.0,sat_0056,0056,0.9017399,sat_0063,0.63801277,0.26372713,True
drone_0056_300_0032,0056,300,sat_0056,1,1.0,sat_0056,0056,0.8984245,sat_0063,0.6958878,0.2025367,True
drone_0056_300_0033,0056,300,sat_0056,1,1.0,sat_0056,0056,0.9096476,sat_0063,0.68104696,0.22860062,True
drone_0056_300_0034,0056,300,sat_0056,1,1.0,sat_0056,0056,0.8889577,sat_0063,0.60233915,0.28661853,True
drone_0056_300_0035,0056,300,sat_0056,1,1.0,sat_0056,0056,0.92646366,sat_0063,0.6665652,0.25989848,True
drone_0056_300_0036,0056,300,sat_0056,1,1.0,sat_0056,0056,0.93143696,sat_0063,0.6528235,0.27861345,True
drone_0056_300_0037,0056,300,sat_0056,1,1.0,sat_0056,0056,0.93715936,sat_0063,0.6535607,0.28359866,True
drone_0056_300_0038,0056,300,sat_0056,1,1.0,sat_0056,0056,0.9066399,sat_0063,0.5727343,0.33390558,True
drone_0056_300_0039,0056,300,sat_0056,1,1.0,sat_0056,0056,0.92289317,sat_0063,0.5835235,0.33936965,True
drone_0056_300_0040,0056,300,sat_0056,1,1.0,sat_0056,0056,0.93784344,sat_0063,0.6442671,0.29357636,True
drone_0056_300_0041,0056,300,sat_0056,1,1.0,sat_0056,0056,0.9182764,sat_0063,0.5964807,0.3217957,True
drone_0056_300_0042,0056,300,sat_0056,1,1.0,sat_0056,0056,0.91862637,sat_0063,0.61507833,0.30354804,True
drone_0056_300_0043,0056,300,sat_0056,1,1.0,sat_0056,0056,0.9125562,sat_0063,0.5928834,0.31967276,True
drone_0056_300_0044,0056,300,sat_0056,1,1.0,sat_0056,0056,0.92303854,sat_0063,0.6062037,0.31683487,True
drone_0056_300_0045,0056,300,sat_0056,1,1.0,sat_0056,0056,0.9101434,sat_0063,0.5748001,0.3353433,True
drone_0056_300_0046,0056,300,sat_0056,1,1.0,sat_0056,0056,0.8851329,sat_0063,0.572829,0.3123039,True
drone_0056_300_0047,0056,300,sat_0056,1,1.0,sat_0056,0056,0.9076851,sat_0063,0.63021487,0.27747023,True
drone_0056_300_0048,0056,300,sat_0056,1,1.0,sat_0056,0056,0.91264164,sat_0063,0.631607,0.28103465,True
drone_0056_300_0049,0056,300,sat_0056,1,1.0,sat_0056,0056,0.92287695,sat_0063,0.66484195,0.258035,True
drone_0057_300_0000,0057,300,sat_0057,1,1.0,sat_0057,0057,0.83663553,sat_0036,0.2573772,0.5792583,True
drone_0057_300_0001,0057,300,sat_0057,1,1.0,sat_0057,0057,0.86074525,sat_0130,0.27386874,0.5868765,True
drone_0057_300_0002,0057,300,sat_0057,1,1.0,sat_0057,0057,0.8520341,sat_0164,0.28801006,0.56402403,True
drone_0057_300_0003,0057,300,sat_0057,1,1.0,sat_0057,0057,0.89061975,sat_0036,0.2737837,0.6168361,True
drone_0057_300_0004,0057,300,sat_0057,1,1.0,sat_0057,0057,0.8736933,sat_0130,0.254977,0.6187163,True
drone_0057_300_0005,0057,300,sat_0057,1,1.0,sat_0057,0057,0.8596113,sat_0130,0.2605668,0.59904444,True
drone_0057_300_0006,0057,300,sat_0057,1,1.0,sat_0057,0057,0.8526484,sat_0164,0.3737319,0.47891647,True
drone_0057_300_0007,0057,300,sat_0057,1,1.0,sat_0057,0057,0.84527844,sat_0164,0.25387442,0.591404,True
drone_0057_300_0008,0057,300,sat_0057,1,1.0,sat_0057,0057,0.8053163,sat_0164,0.29191455,0.51340175,True
drone_0057_300_0009,0057,300,sat_0057,1,1.0,sat_0057,0057,0.8084122,sat_0164,0.30042967,0.5079825,True
drone_0057_300_0010,0057,300,sat_0057,1,1.0,sat_0057,0057,0.7567202,sat_0164,0.30833912,0.44838107,True
drone_0057_300_0011,0057,300,sat_0057,1,1.0,sat_0057,0057,0.73517257,sat_0002,0.27474624,0.46042633,True
drone_0057_300_0012,0057,300,sat_0057,1,1.0,sat_0057,0057,0.71064943,sat_0109,0.2804959,0.43015352,True
drone_0057_300_0013,0057,300,sat_0057,1,1.0,sat_0057,0057,0.71201104,sat_0109,0.32231367,0.38969737,True
drone_0057_300_0014,0057,300,sat_0057,1,1.0,sat_0057,0057,0.74288523,sat_0109,0.33911213,0.4037731,True
drone_0057_300_0015,0057,300,sat_0057,1,1.0,sat_0057,0057,0.6710351,sat_0109,0.41754645,0.25348866,True
drone_0057_300_0016,0057,300,sat_0057,1,1.0,sat_0057,0057,0.60740125,sat_0109,0.52299744,0.08440381,True
drone_0057_300_0017,0057,300,sat_0057,1,1.0,sat_0057,0057,0.72934234,sat_0164,0.33993015,0.3894122,True
drone_0057_300_0018,0057,300,sat_0057,1,1.0,sat_0057,0057,0.80632377,sat_0036,0.2928334,0.5134904,True
drone_0057_300_0019,0057,300,sat_0057,1,1.0,sat_0057,0057,0.8102305,sat_0036,0.33481815,0.47541234,True
drone_0057_300_0020,0057,300,sat_0057,1,1.0,sat_0057,0057,0.78390586,sat_0164,0.34605736,0.4378485,True
drone_0057_300_0021,0057,300,sat_0057,1,1.0,sat_0057,0057,0.7823938,sat_0164,0.42189574,0.36049807,True
drone_0057_300_0022,0057,300,sat_0057,1,1.0,sat_0057,0057,0.7394339,sat_0164,0.4209985,0.31843537,True
drone_0057_300_0023,0057,300,sat_0057,1,1.0,sat_0057,0057,0.7450379,sat_0164,0.46914285,0.27589506,True
drone_0057_300_0024,0057,300,sat_0057,1,1.0,sat_0057,0057,0.7232249,sat_0164,0.40909174,0.31413314,True
drone_0057_300_0025,0057,300,sat_0057,1,1.0,sat_0057,0057,0.79849553,sat_0164,0.3706488,0.42784673,True
drone_0057_300_0026,0057,300,sat_0057,1,1.0,sat_0057,0057,0.79676807,sat_0164,0.3580118,0.43875626,True
drone_0057_300_0027,0057,300,sat_0057,1,1.0,sat_0057,0057,0.8324662,sat_0164,0.30714232,0.52532387,True
drone_0057_300_0028,0057,300,sat_0057,1,1.0,sat_0057,0057,0.8135776,sat_0164,0.3146912,0.4988864,True
drone_0057_300_0029,0057,300,sat_0057,1,1.0,sat_0057,0057,0.79941493,sat_0040,0.41576117,0.38365376,True
drone_0057_300_0030,0057,300,sat_0057,1,1.0,sat_0057,0057,0.8497036,sat_0040,0.25548175,0.59422183,True
drone_0057_300_0031,0057,300,sat_0057,1,1.0,sat_0057,0057,0.7798873,sat_0040,0.39519584,0.38469148,True
drone_0057_300_0032,0057,300,sat_0057,1,1.0,sat_0057,0057,0.82725364,sat_0164,0.30054694,0.5267067,True
drone_0057_300_0033,0057,300,sat_0057,1,1.0,sat_0057,0057,0.81967396,sat_0040,0.29791284,0.5217611,True
drone_0057_300_0034,0057,300,sat_0057,1,1.0,sat_0057,0057,0.82955205,sat_0036,0.28484988,0.5447022,True
drone_0057_300_0035,0057,300,sat_0057,1,1.0,sat_0057,0057,0.78912044,sat_0036,0.32204336,0.46707708,True
drone_0057_300_0036,0057,300,sat_0057,1,1.0,sat_0057,0057,0.81006044,sat_0164,0.28044257,0.5296179,True
drone_0057_300_0037,0057,300,sat_0057,1,1.0,sat_0057,0057,0.7893535,sat_0164,0.3009103,0.4884432,True
drone_0057_300_0038,0057,300,sat_0057,1,1.0,sat_0057,0057,0.7976773,sat_0036,0.20825738,0.5894199,True
drone_0057_300_0039,0057,300,sat_0057,1,1.0,sat_0057,0057,0.7755649,sat_0036,0.23597068,0.53959423,True
drone_0057_300_0040,0057,300,sat_0057,1,1.0,sat_0057,0057,0.7900757,sat_0036,0.32553393,0.4645418,True
drone_0057_300_0041,0057,300,sat_0057,1,1.0,sat_0057,0057,0.87386805,sat_0036,0.29239172,0.58147633,True
drone_0057_300_0042,0057,300,sat_0057,1,1.0,sat_0057,0057,0.74202204,sat_0164,0.2949168,0.44710523,True
drone_0057_300_0043,0057,300,sat_0057,1,1.0,sat_0057,0057,0.84237266,sat_0130,0.25849435,0.5838783,True
drone_0057_300_0044,0057,300,sat_0057,1,1.0,sat_0057,0057,0.8525501,sat_0130,0.28159237,0.5709577,True
drone_0057_300_0045,0057,300,sat_0057,1,1.0,sat_0057,0057,0.8748925,sat_0036,0.28633618,0.5885563,True
drone_0057_300_0046,0057,300,sat_0057,1,1.0,sat_0057,0057,0.7964829,sat_0036,0.24230058,0.55418235,True
drone_0057_300_0047,0057,300,sat_0057,1,1.0,sat_0057,0057,0.8320623,sat_0164,0.19697282,0.6350895,True
drone_0057_300_0048,0057,300,sat_0057,1,1.0,sat_0057,0057,0.85329044,sat_0036,0.2134132,0.63987726,True
drone_0057_300_0049,0057,300,sat_0057,1,1.0,sat_0057,0057,0.8113745,sat_0024,0.25936407,0.5520104,True
drone_0058_300_0000,0058,300,sat_0058,1,1.0,sat_0058,0058,0.7942845,sat_0071,0.7942845,0.0,True
drone_0058_300_0001,0058,300,sat_0058,1,1.0,sat_0058,0058,0.8025462,sat_0071,0.8025462,0.0,True
drone_0058_300_0002,0058,300,sat_0058,1,1.0,sat_0058,0058,0.83122796,sat_0071,0.83122796,0.0,True
drone_0058_300_0003,0058,300,sat_0058,1,1.0,sat_0058,0058,0.8255811,sat_0071,0.8255811,0.0,True
drone_0058_300_0004,0058,300,sat_0058,1,1.0,sat_0058,0058,0.83603907,sat_0071,0.83603907,0.0,True
drone_0058_300_0005,0058,300,sat_0058,1,1.0,sat_0058,0058,0.8372166,sat_0071,0.8372166,0.0,True
drone_0058_300_0006,0058,300,sat_0058,1,1.0,sat_0058,0058,0.81505,sat_0071,0.81505,0.0,True
drone_0058_300_0007,0058,300,sat_0058,1,1.0,sat_0058,0058,0.82126,sat_0071,0.82126,0.0,True
drone_0058_300_0008,0058,300,sat_0058,1,1.0,sat_0058,0058,0.81485736,sat_0071,0.81485736,0.0,True
drone_0058_300_0009,0058,300,sat_0058,1,1.0,sat_0058,0058,0.83136237,sat_0071,0.83136237,0.0,True
drone_0058_300_0010,0058,300,sat_0058,1,1.0,sat_0058,0058,0.82032007,sat_0071,0.82032007,0.0,True
drone_0058_300_0011,0058,300,sat_0058,1,1.0,sat_0058,0058,0.82448554,sat_0071,0.82448554,0.0,True
drone_0058_300_0012,0058,300,sat_0058,1,1.0,sat_0058,0058,0.8154399,sat_0071,0.8154399,0.0,True
drone_0058_300_0013,0058,300,sat_0058,1,1.0,sat_0058,0058,0.78182125,sat_0071,0.78182125,0.0,True
drone_0058_300_0014,0058,300,sat_0058,1,1.0,sat_0058,0058,0.7525394,sat_0071,0.7525394,0.0,True
drone_0058_300_0015,0058,300,sat_0058,1,1.0,sat_0058,0058,0.78966457,sat_0071,0.78966457,0.0,True
drone_0058_300_0016,0058,300,sat_0058,1,1.0,sat_0058,0058,0.7636993,sat_0071,0.7636993,0.0,True
drone_0058_300_0017,0058,300,sat_0058,1,1.0,sat_0058,0058,0.776013,sat_0071,0.776013,0.0,True
drone_0058_300_0018,0058,300,sat_0058,1,1.0,sat_0058,0058,0.7651978,sat_0071,0.7651978,0.0,True
drone_0058_300_0019,0058,300,sat_0058,1,1.0,sat_0058,0058,0.752474,sat_0071,0.752474,0.0,True
drone_0058_300_0020,0058,300,sat_0058,1,1.0,sat_0058,0058,0.791523,sat_0071,0.791523,0.0,True
drone_0058_300_0021,0058,300,sat_0058,1,1.0,sat_0058,0058,0.7887212,sat_0071,0.7887212,0.0,True
drone_0058_300_0022,0058,300,sat_0058,1,1.0,sat_0058,0058,0.7800772,sat_0071,0.7800772,0.0,True
drone_0058_300_0023,0058,300,sat_0058,1,1.0,sat_0058,0058,0.7960382,sat_0071,0.7960382,0.0,True
drone_0058_300_0024,0058,300,sat_0058,1,1.0,sat_0058,0058,0.8147596,sat_0071,0.8147596,0.0,True
drone_0058_300_0025,0058,300,sat_0058,1,1.0,sat_0058,0058,0.8514509,sat_0071,0.8514509,0.0,True
drone_0058_300_0026,0058,300,sat_0058,1,1.0,sat_0058,0058,0.849491,sat_0071,0.849491,0.0,True
drone_0058_300_0027,0058,300,sat_0058,1,1.0,sat_0058,0058,0.8245774,sat_0071,0.8245774,0.0,True
drone_0058_300_0028,0058,300,sat_0058,1,1.0,sat_0058,0058,0.8213508,sat_0071,0.8213508,0.0,True
drone_0058_300_0029,0058,300,sat_0058,1,1.0,sat_0058,0058,0.8450055,sat_0071,0.8450055,0.0,True
drone_0058_300_0030,0058,300,sat_0058,1,1.0,sat_0058,0058,0.8697611,sat_0071,0.8697611,0.0,True
drone_0058_300_0031,0058,300,sat_0058,1,1.0,sat_0058,0058,0.86894083,sat_0071,0.86894083,0.0,True
drone_0058_300_0032,0058,300,sat_0058,1,1.0,sat_0058,0058,0.8605878,sat_0071,0.8605878,0.0,True
drone_0058_300_0033,0058,300,sat_0058,1,1.0,sat_0058,0058,0.8328162,sat_0071,0.8328162,0.0,True
drone_0058_300_0034,0058,300,sat_0058,1,1.0,sat_0058,0058,0.8166808,sat_0071,0.8166808,0.0,True
drone_0058_300_0035,0058,300,sat_0058,1,1.0,sat_0058,0058,0.82521987,sat_0071,0.82521987,0.0,True
drone_0058_300_0036,0058,300,sat_0058,1,1.0,sat_0058,0058,0.83120203,sat_0071,0.83120203,0.0,True
drone_0058_300_0037,0058,300,sat_0058,1,1.0,sat_0058,0058,0.8256166,sat_0071,0.8256166,0.0,True
drone_0058_300_0038,0058,300,sat_0058,1,1.0,sat_0058,0058,0.8304617,sat_0071,0.8304617,0.0,True
drone_0058_300_0039,0058,300,sat_0058,1,1.0,sat_0058,0058,0.83798903,sat_0071,0.83798903,0.0,True
drone_0058_300_0040,0058,300,sat_0058,1,1.0,sat_0058,0058,0.8485642,sat_0071,0.8485642,0.0,True
drone_0058_300_0041,0058,300,sat_0058,1,1.0,sat_0058,0058,0.86519414,sat_0071,0.86519414,0.0,True
drone_0058_300_0042,0058,300,sat_0058,1,1.0,sat_0058,0058,0.87047565,sat_0071,0.87047565,0.0,True
drone_0058_300_0043,0058,300,sat_0058,1,1.0,sat_0058,0058,0.86964184,sat_0071,0.86964184,0.0,True
drone_0058_300_0044,0058,300,sat_0058,1,1.0,sat_0058,0058,0.84397423,sat_0071,0.84397423,0.0,True
drone_0058_300_0045,0058,300,sat_0058,1,1.0,sat_0058,0058,0.83091795,sat_0071,0.83091795,0.0,True
drone_0058_300_0046,0058,300,sat_0058,1,1.0,sat_0058,0058,0.8337888,sat_0071,0.8337888,0.0,True
drone_0058_300_0047,0058,300,sat_0058,1,1.0,sat_0058,0058,0.832003,sat_0071,0.832003,0.0,True
drone_0058_300_0048,0058,300,sat_0058,1,1.0,sat_0058,0058,0.83660525,sat_0071,0.83660525,0.0,True
drone_0058_300_0049,0058,300,sat_0058,1,1.0,sat_0058,0058,0.8208431,sat_0071,0.8208431,0.0,True
drone_0060_300_0000,0060,300,sat_0060,1,1.0,sat_0060,0060,0.86604017,sat_0186,0.30698824,0.55905193,True
drone_0060_300_0001,0060,300,sat_0060,1,1.0,sat_0060,0060,0.8857611,sat_0056,0.29580858,0.58995247,True
drone_0060_300_0002,0060,300,sat_0060,1,1.0,sat_0060,0060,0.87520665,sat_0186,0.31563166,0.55957496,True
drone_0060_300_0003,0060,300,sat_0060,1,1.0,sat_0060,0060,0.8788896,sat_0056,0.28951952,0.58937013,True
drone_0060_300_0004,0060,300,sat_0060,1,1.0,sat_0060,0060,0.8963288,sat_0056,0.27560908,0.62071973,True
drone_0060_300_0005,0060,300,sat_0060,1,1.0,sat_0060,0060,0.89072883,sat_0056,0.27948773,0.6112411,True
drone_0060_300_0006,0060,300,sat_0060,1,1.0,sat_0060,0060,0.8975844,sat_0169,0.26547194,0.63211244,True
drone_0060_300_0007,0060,300,sat_0060,1,1.0,sat_0060,0060,0.8678379,sat_0186,0.27457392,0.593264,True
drone_0060_300_0008,0060,300,sat_0060,1,1.0,sat_0060,0060,0.8730775,sat_0056,0.28607744,0.5870001,True
drone_0060_300_0009,0060,300,sat_0060,1,1.0,sat_0060,0060,0.89276475,sat_0056,0.2959329,0.59683186,True
drone_0060_300_0010,0060,300,sat_0060,1,1.0,sat_0060,0060,0.90258217,sat_0056,0.30034545,0.60223675,True
drone_0060_300_0011,0060,300,sat_0060,1,1.0,sat_0060,0060,0.89684725,sat_0056,0.31772268,0.57912457,True
drone_0060_300_0012,0060,300,sat_0060,1,1.0,sat_0060,0060,0.9122467,sat_0056,0.31734306,0.59490365,True
drone_0060_300_0013,0060,300,sat_0060,1,1.0,sat_0060,0060,0.91889954,sat_0056,0.27044067,0.64845884,True
drone_0060_300_0014,0060,300,sat_0060,1,1.0,sat_0060,0060,0.9104044,sat_0056,0.25020826,0.6601961,True
drone_0060_300_0015,0060,300,sat_0060,1,1.0,sat_0060,0060,0.89797366,sat_0130,0.25097546,0.64699817,True
drone_0060_300_0016,0060,300,sat_0060,1,1.0,sat_0060,0060,0.9013234,sat_0056,0.2660808,0.6352426,True
drone_0060_300_0017,0060,300,sat_0060,1,1.0,sat_0060,0060,0.878137,sat_0056,0.27295607,0.6051809,True
drone_0060_300_0018,0060,300,sat_0060,1,1.0,sat_0060,0060,0.8910895,sat_0056,0.29666275,0.59442675,True
drone_0060_300_0019,0060,300,sat_0060,1,1.0,sat_0060,0060,0.8930849,sat_0056,0.28320596,0.6098789,True
drone_0060_300_0020,0060,300,sat_0060,1,1.0,sat_0060,0060,0.8858722,sat_0186,0.2677132,0.618159,True
drone_0060_300_0021,0060,300,sat_0060,1,1.0,sat_0060,0060,0.90668976,sat_0056,0.2593548,0.64733493,True
drone_0060_300_0022,0060,300,sat_0060,1,1.0,sat_0060,0060,0.9024846,sat_0056,0.27405706,0.6284275,True
drone_0060_300_0023,0060,300,sat_0060,1,1.0,sat_0060,0060,0.9128594,sat_0056,0.30005115,0.6128082,True
drone_0060_300_0024,0060,300,sat_0060,1,1.0,sat_0060,0060,0.86576825,sat_0056,0.354586,0.51118225,True
drone_0060_300_0025,0060,300,sat_0060,1,1.0,sat_0060,0060,0.86844265,sat_0056,0.3902921,0.47815055,True
drone_0060_300_0026,0060,300,sat_0060,1,1.0,sat_0060,0060,0.8822975,sat_0056,0.31932774,0.5629698,True
drone_0060_300_0027,0060,300,sat_0060,1,1.0,sat_0060,0060,0.8960271,sat_0056,0.30633932,0.58968776,True
drone_0060_300_0028,0060,300,sat_0060,1,1.0,sat_0060,0060,0.85469675,sat_0056,0.28599218,0.5687046,True
drone_0060_300_0029,0060,300,sat_0060,1,1.0,sat_0060,0060,0.85751486,sat_0169,0.2767099,0.58080494,True
drone_0060_300_0030,0060,300,sat_0060,1,1.0,sat_0060,0060,0.8906191,sat_0115,0.30349517,0.58712393,True
drone_0060_300_0031,0060,300,sat_0060,1,1.0,sat_0060,0060,0.8764707,sat_0115,0.31559965,0.560871,True
drone_0060_300_0032,0060,300,sat_0060,1,1.0,sat_0060,0060,0.85167885,sat_0056,0.3609896,0.49068925,True
drone_0060_300_0033,0060,300,sat_0060,1,1.0,sat_0060,0060,0.89204663,sat_0056,0.3410064,0.55104023,True
drone_0060_300_0034,0060,300,sat_0060,1,1.0,sat_0060,0060,0.87607265,sat_0115,0.3257925,0.55028015,True
drone_0060_300_0035,0060,300,sat_0060,1,1.0,sat_0060,0060,0.8731993,sat_0115,0.27990162,0.59329766,True
drone_0060_300_0036,0060,300,sat_0060,1,1.0,sat_0060,0060,0.8747078,sat_0115,0.33808324,0.53662455,True
drone_0060_300_0037,0060,300,sat_0060,1,1.0,sat_0060,0060,0.8651998,sat_0115,0.3644608,0.500739,True
drone_0060_300_0038,0060,300,sat_0060,1,1.0,sat_0060,0060,0.8553911,sat_0115,0.29035836,0.5650327,True
drone_0060_300_0039,0060,300,sat_0060,1,1.0,sat_0060,0060,0.88490564,sat_0115,0.30282974,0.5820759,True
drone_0060_300_0040,0060,300,sat_0060,1,1.0,sat_0060,0060,0.89184064,sat_0115,0.3644506,0.52739,True
drone_0060_300_0041,0060,300,sat_0060,1,1.0,sat_0060,0060,0.8962271,sat_0056,0.4134161,0.48281103,True
drone_0060_300_0042,0060,300,sat_0060,1,1.0,sat_0060,0060,0.85716283,sat_0056,0.54012144,0.3170414,True
drone_0060_300_0043,0060,300,sat_0060,1,1.0,sat_0060,0060,0.88508624,sat_0056,0.37747157,0.5076147,True
drone_0060_300_0044,0060,300,sat_0060,1,1.0,sat_0060,0060,0.8784541,sat_0056,0.36980116,0.5086529,True
drone_0060_300_0045,0060,300,sat_0060,1,1.0,sat_0060,0060,0.8708934,sat_0056,0.35130644,0.519587,True
drone_0060_300_0046,0060,300,sat_0060,1,1.0,sat_0060,0060,0.90186775,sat_0056,0.42299244,0.4788753,True
drone_0060_300_0047,0060,300,sat_0060,1,1.0,sat_0060,0060,0.8872441,sat_0056,0.4300975,0.4571466,True
drone_0060_300_0048,0060,300,sat_0060,1,1.0,sat_0060,0060,0.8813397,sat_0056,0.3828372,0.49850252,True
drone_0060_300_0049,0060,300,sat_0060,1,1.0,sat_0060,0060,0.8966738,sat_0056,0.38827795,0.50839585,True
drone_0063_300_0000,0063,300,sat_0063,1,1.0,sat_0063,0063,0.7340783,sat_0056,0.6195835,0.1144948,True
drone_0063_300_0001,0063,300,sat_0063,1,1.0,sat_0063,0063,0.7196274,sat_0056,0.5847909,0.1348365,True
drone_0063_300_0002,0063,300,sat_0063,1,1.0,sat_0063,0063,0.77410597,sat_0056,0.630445,0.14366096,True
drone_0063_300_0003,0063,300,sat_0063,1,1.0,sat_0063,0063,0.7869171,sat_0056,0.6492855,0.1376316,True
drone_0063_300_0004,0063,300,sat_0063,1,1.0,sat_0063,0063,0.75183076,sat_0056,0.60302687,0.14880389,True
drone_0063_300_0005,0063,300,sat_0063,1,1.0,sat_0063,0063,0.7584958,sat_0056,0.62725616,0.13123965,True
drone_0063_300_0006,0063,300,sat_0063,1,1.0,sat_0063,0063,0.73351645,sat_0056,0.62618953,0.107326925,True
drone_0063_300_0007,0063,300,sat_0063,1,1.0,sat_0063,0063,0.75281334,sat_0056,0.6475849,0.105228424,True
drone_0063_300_0008,0063,300,sat_0063,1,1.0,sat_0063,0063,0.756387,sat_0056,0.6533433,0.103043675,True
drone_0063_300_0009,0063,300,sat_0063,1,1.0,sat_0063,0063,0.7671648,sat_0056,0.6602802,0.1068846,True
drone_0063_300_0010,0063,300,sat_0063,1,1.0,sat_0063,0063,0.7947799,sat_0056,0.6841068,0.11067307,True
drone_0063_300_0011,0063,300,sat_0063,1,1.0,sat_0063,0063,0.75640297,sat_0056,0.68081176,0.07559121,True
drone_0063_300_0012,0063,300,sat_0063,1,1.0,sat_0063,0063,0.8035556,sat_0056,0.73559284,0.067962766,True
drone_0063_300_0013,0063,300,sat_0063,1,1.0,sat_0063,0063,0.64974123,sat_0056,0.60870355,0.04103768,True
drone_0063_300_0014,0063,300,sat_0063,1,1.0,sat_0063,0063,0.69775367,sat_0056,0.6079295,0.08982414,True
drone_0063_300_0015,0063,300,sat_0063,1,1.0,sat_0063,0063,0.75624794,sat_0056,0.68344265,0.072805285,True
drone_0063_300_0016,0063,300,sat_0063,1,1.0,sat_0063,0063,0.7654305,sat_0056,0.6907327,0.07469779,True
drone_0063_300_0017,0063,300,sat_0063,1,1.0,sat_0063,0063,0.75300175,sat_0056,0.61489666,0.1381051,True
drone_0063_300_0018,0063,300,sat_0063,1,1.0,sat_0063,0063,0.74686044,sat_0056,0.6087497,0.13811076,True
drone_0063_300_0019,0063,300,sat_0063,1,1.0,sat_0063,0063,0.759789,sat_0056,0.59789777,0.16189122,True
drone_0063_300_0020,0063,300,sat_0063,1,1.0,sat_0063,0063,0.7335302,sat_0056,0.601063,0.13246721,True
drone_0063_300_0021,0063,300,sat_0063,1,1.0,sat_0063,0063,0.6961069,sat_0056,0.5910812,0.10502571,True
drone_0063_300_0022,0063,300,sat_0063,1,1.0,sat_0063,0063,0.68474126,sat_0056,0.6184344,0.06630683,True
drone_0063_300_0023,0063,300,sat_0063,1,1.0,sat_0063,0063,0.658371,sat_0056,0.65199775,0.0063732266,True
drone_0063_300_0024,0063,300,sat_0063,1,1.0,sat_0063,0063,0.6871505,sat_0056,0.6769206,0.010229886,True
drone_0063_300_0025,0063,300,sat_0063,1,1.0,sat_0063,0063,0.66179717,sat_0056,0.636198,0.025599182,True
drone_0063_300_0026,0063,300,sat_0063,2,0.5,sat_0056,0056,0.5963034,sat_0063,0.58281374,0.013489664,False
drone_0063_300_0027,0063,300,sat_0063,2,0.5,sat_0056,0056,0.6613465,sat_0063,0.62438333,0.036963165,False
drone_0063_300_0028,0063,300,sat_0063,1,1.0,sat_0063,0063,0.65871656,sat_0056,0.64263713,0.016079426,True
drone_0063_300_0029,0063,300,sat_0063,1,1.0,sat_0063,0063,0.7128875,sat_0056,0.68660706,0.026280463,True
drone_0063_300_0030,0063,300,sat_0063,2,0.5,sat_0056,0056,0.68460983,sat_0063,0.6594368,0.025173008,False
drone_0063_300_0031,0063,300,sat_0063,1,1.0,sat_0063,0063,0.7352984,sat_0056,0.7333905,0.0019078851,True
drone_0063_300_0032,0063,300,sat_0063,1,1.0,sat_0063,0063,0.7193347,sat_0056,0.71597403,0.0033606887,True
drone_0063_300_0033,0063,300,sat_0063,2,0.5,sat_0056,0056,0.74203306,sat_0063,0.71950036,0.022532701,False
drone_0063_300_0034,0063,300,sat_0063,1,1.0,sat_0063,0063,0.71334195,sat_0056,0.6910424,0.022299528,True
drone_0063_300_0035,0063,300,sat_0063,1,1.0,sat_0063,0063,0.7081112,sat_0056,0.67430377,0.033807456,True
drone_0063_300_0036,0063,300,sat_0063,1,1.0,sat_0063,0063,0.7333695,sat_0056,0.6266088,0.10676074,True
drone_0063_300_0037,0063,300,sat_0063,1,1.0,sat_0063,0063,0.73581004,sat_0056,0.6115627,0.12424731,True
drone_0063_300_0038,0063,300,sat_0063,1,1.0,sat_0063,0063,0.7444516,sat_0056,0.54750025,0.19695133,True
drone_0063_300_0039,0063,300,sat_0063,1,1.0,sat_0063,0063,0.7413237,sat_0056,0.567379,0.17394471,True
drone_0063_300_0040,0063,300,sat_0063,1,1.0,sat_0063,0063,0.7590126,sat_0056,0.53077537,0.22823721,True
drone_0063_300_0041,0063,300,sat_0063,1,1.0,sat_0063,0063,0.7386006,sat_0056,0.54257864,0.19602197,True
drone_0063_300_0042,0063,300,sat_0063,1,1.0,sat_0063,0063,0.7670345,sat_0056,0.5997278,0.16730666,True
drone_0063_300_0043,0063,300,sat_0063,1,1.0,sat_0063,0063,0.7936278,sat_0056,0.6224612,0.1711666,True
drone_0063_300_0044,0063,300,sat_0063,1,1.0,sat_0063,0063,0.7679447,sat_0056,0.6227285,0.14521617,True
drone_0063_300_0045,0063,300,sat_0063,1,1.0,sat_0063,0063,0.70264786,sat_0056,0.5705575,0.13209039,True
drone_0063_300_0046,0063,300,sat_0063,1,1.0,sat_0063,0063,0.7206091,sat_0056,0.5851896,0.13541955,True
drone_0063_300_0047,0063,300,sat_0063,1,1.0,sat_0063,0063,0.66751665,sat_0056,0.5472034,0.12031323,True
drone_0063_300_0048,0063,300,sat_0063,1,1.0,sat_0063,0063,0.6707163,sat_0056,0.5308992,0.13981706,True
drone_0063_300_0049,0063,300,sat_0063,1,1.0,sat_0063,0063,0.6992647,sat_0056,0.58984154,0.10942316,True
drone_0071_300_0000,0071,300,sat_0071,2,0.5,sat_0058,0058,0.7942845,sat_0071,0.7942845,0.0,False
drone_0071_300_0001,0071,300,sat_0071,2,0.5,sat_0058,0058,0.8025462,sat_0071,0.8025462,0.0,False
drone_0071_300_0002,0071,300,sat_0071,2,0.5,sat_0058,0058,0.83122796,sat_0071,0.83122796,0.0,False
drone_0071_300_0003,0071,300,sat_0071,2,0.5,sat_0058,0058,0.8255811,sat_0071,0.8255811,0.0,False
drone_0071_300_0004,0071,300,sat_0071,2,0.5,sat_0058,0058,0.83603907,sat_0071,0.83603907,0.0,False
drone_0071_300_0005,0071,300,sat_0071,2,0.5,sat_0058,0058,0.8372166,sat_0071,0.8372166,0.0,False
drone_0071_300_0006,0071,300,sat_0071,2,0.5,sat_0058,0058,0.81505,sat_0071,0.81505,0.0,False
drone_0071_300_0007,0071,300,sat_0071,2,0.5,sat_0058,0058,0.82126,sat_0071,0.82126,0.0,False
drone_0071_300_0008,0071,300,sat_0071,2,0.5,sat_0058,0058,0.81485736,sat_0071,0.81485736,0.0,False
drone_0071_300_0009,0071,300,sat_0071,2,0.5,sat_0058,0058,0.83136237,sat_0071,0.83136237,0.0,False
drone_0071_300_0010,0071,300,sat_0071,2,0.5,sat_0058,0058,0.82032007,sat_0071,0.82032007,0.0,False
drone_0071_300_0011,0071,300,sat_0071,2,0.5,sat_0058,0058,0.82448554,sat_0071,0.82448554,0.0,False
drone_0071_300_0012,0071,300,sat_0071,2,0.5,sat_0058,0058,0.8154399,sat_0071,0.8154399,0.0,False
drone_0071_300_0013,0071,300,sat_0071,2,0.5,sat_0058,0058,0.78182125,sat_0071,0.78182125,0.0,False
drone_0071_300_0014,0071,300,sat_0071,2,0.5,sat_0058,0058,0.7525394,sat_0071,0.7525394,0.0,False
drone_0071_300_0015,0071,300,sat_0071,2,0.5,sat_0058,0058,0.78966457,sat_0071,0.78966457,0.0,False
drone_0071_300_0016,0071,300,sat_0071,2,0.5,sat_0058,0058,0.7636993,sat_0071,0.7636993,0.0,False
drone_0071_300_0017,0071,300,sat_0071,2,0.5,sat_0058,0058,0.776013,sat_0071,0.776013,0.0,False
drone_0071_300_0018,0071,300,sat_0071,2,0.5,sat_0058,0058,0.7651978,sat_0071,0.7651978,0.0,False
drone_0071_300_0019,0071,300,sat_0071,2,0.5,sat_0058,0058,0.752474,sat_0071,0.752474,0.0,False
drone_0071_300_0020,0071,300,sat_0071,2,0.5,sat_0058,0058,0.791523,sat_0071,0.791523,0.0,False
drone_0071_300_0021,0071,300,sat_0071,2,0.5,sat_0058,0058,0.7887212,sat_0071,0.7887212,0.0,False
drone_0071_300_0022,0071,300,sat_0071,2,0.5,sat_0058,0058,0.7800772,sat_0071,0.7800772,0.0,False
drone_0071_300_0023,0071,300,sat_0071,2,0.5,sat_0058,0058,0.7960382,sat_0071,0.7960382,0.0,False
drone_0071_300_0024,0071,300,sat_0071,2,0.5,sat_0058,0058,0.8147596,sat_0071,0.8147596,0.0,False
drone_0071_300_0025,0071,300,sat_0071,2,0.5,sat_0058,0058,0.8514509,sat_0071,0.8514509,0.0,False
drone_0071_300_0026,0071,300,sat_0071,2,0.5,sat_0058,0058,0.849491,sat_0071,0.849491,0.0,False
drone_0071_300_0027,0071,300,sat_0071,2,0.5,sat_0058,0058,0.8245774,sat_0071,0.8245774,0.0,False
drone_0071_300_0028,0071,300,sat_0071,2,0.5,sat_0058,0058,0.8213508,sat_0071,0.8213508,0.0,False
drone_0071_300_0029,0071,300,sat_0071,2,0.5,sat_0058,0058,0.8450055,sat_0071,0.8450055,0.0,False
drone_0071_300_0030,0071,300,sat_0071,2,0.5,sat_0058,0058,0.8697611,sat_0071,0.8697611,0.0,False
drone_0071_300_0031,0071,300,sat_0071,2,0.5,sat_0058,0058,0.86894083,sat_0071,0.86894083,0.0,False
drone_0071_300_0032,0071,300,sat_0071,2,0.5,sat_0058,0058,0.8605878,sat_0071,0.8605878,0.0,False
drone_0071_300_0033,0071,300,sat_0071,2,0.5,sat_0058,0058,0.8328162,sat_0071,0.8328162,0.0,False
drone_0071_300_0034,0071,300,sat_0071,2,0.5,sat_0058,0058,0.8166808,sat_0071,0.8166808,0.0,False
drone_0071_300_0035,0071,300,sat_0071,2,0.5,sat_0058,0058,0.82521987,sat_0071,0.82521987,0.0,False
drone_0071_300_0036,0071,300,sat_0071,2,0.5,sat_0058,0058,0.83120203,sat_0071,0.83120203,0.0,False
drone_0071_300_0037,0071,300,sat_0071,2,0.5,sat_0058,0058,0.8256166,sat_0071,0.8256166,0.0,False
drone_0071_300_0038,0071,300,sat_0071,2,0.5,sat_0058,0058,0.8304617,sat_0071,0.8304617,0.0,False
drone_0071_300_0039,0071,300,sat_0071,2,0.5,sat_0058,0058,0.83798903,sat_0071,0.83798903,0.0,False
drone_0071_300_0040,0071,300,sat_0071,2,0.5,sat_0058,0058,0.8485642,sat_0071,0.8485642,0.0,False
drone_0071_300_0041,0071,300,sat_0071,2,0.5,sat_0058,0058,0.86519414,sat_0071,0.86519414,0.0,False
drone_0071_300_0042,0071,300,sat_0071,2,0.5,sat_0058,0058,0.87047565,sat_0071,0.87047565,0.0,False
drone_0071_300_0043,0071,300,sat_0071,2,0.5,sat_0058,0058,0.86964184,sat_0071,0.86964184,0.0,False
drone_0071_300_0044,0071,300,sat_0071,2,0.5,sat_0058,0058,0.84397423,sat_0071,0.84397423,0.0,False
drone_0071_300_0045,0071,300,sat_0071,2,0.5,sat_0058,0058,0.83091795,sat_0071,0.83091795,0.0,False
drone_0071_300_0046,0071,300,sat_0071,2,0.5,sat_0058,0058,0.8337888,sat_0071,0.8337888,0.0,False
drone_0071_300_0047,0071,300,sat_0071,2,0.5,sat_0058,0058,0.832003,sat_0071,0.832003,0.0,False
drone_0071_300_0048,0071,300,sat_0071,2,0.5,sat_0058,0058,0.83660525,sat_0071,0.83660525,0.0,False
drone_0071_300_0049,0071,300,sat_0071,2,0.5,sat_0058,0058,0.8208431,sat_0071,0.8208431,0.0,False
drone_0072_300_0000,0072,300,sat_0072,1,1.0,sat_0072,0072,0.8520278,sat_0174,0.67629117,0.1757366,True
drone_0072_300_0001,0072,300,sat_0072,1,1.0,sat_0072,0072,0.86104864,sat_0174,0.6421776,0.21887106,True
drone_0072_300_0002,0072,300,sat_0072,1,1.0,sat_0072,0072,0.8483695,sat_0174,0.65924764,0.18912184,True
drone_0072_300_0003,0072,300,sat_0072,1,1.0,sat_0072,0072,0.84520626,sat_0174,0.66944927,0.17575699,True
drone_0072_300_0004,0072,300,sat_0072,1,1.0,sat_0072,0072,0.83967936,sat_0174,0.68361676,0.1560626,True
drone_0072_300_0005,0072,300,sat_0072,1,1.0,sat_0072,0072,0.81871015,sat_0174,0.70922524,0.10948491,True
drone_0072_300_0006,0072,300,sat_0072,1,1.0,sat_0072,0072,0.8261781,sat_0174,0.68610215,0.14007592,True
drone_0072_300_0007,0072,300,sat_0072,1,1.0,sat_0072,0072,0.8398111,sat_0174,0.7066457,0.13316536,True
drone_0072_300_0008,0072,300,sat_0072,1,1.0,sat_0072,0072,0.84643006,sat_0174,0.6990257,0.14740437,True
drone_0072_300_0009,0072,300,sat_0072,1,1.0,sat_0072,0072,0.797707,sat_0174,0.65255326,0.14515376,True
drone_0072_300_0010,0072,300,sat_0072,1,1.0,sat_0072,0072,0.7824759,sat_0174,0.6210899,0.16138601,True
drone_0072_300_0011,0072,300,sat_0072,1,1.0,sat_0072,0072,0.775253,sat_0174,0.61936045,0.15589255,True
drone_0072_300_0012,0072,300,sat_0072,1,1.0,sat_0072,0072,0.767158,sat_0174,0.6594949,0.107663095,True
drone_0072_300_0013,0072,300,sat_0072,1,1.0,sat_0072,0072,0.77541935,sat_0174,0.6549137,0.12050563,True
drone_0072_300_0014,0072,300,sat_0072,1,1.0,sat_0072,0072,0.7891891,sat_0174,0.66581976,0.123369336,True
drone_0072_300_0015,0072,300,sat_0072,1,1.0,sat_0072,0072,0.82170814,sat_0174,0.69268984,0.1290183,True
drone_0072_300_0016,0072,300,sat_0072,1,1.0,sat_0072,0072,0.804538,sat_0174,0.6753203,0.12921768,True
drone_0072_300_0017,0072,300,sat_0072,1,1.0,sat_0072,0072,0.788532,sat_0174,0.63842046,0.15011156,True
drone_0072_300_0018,0072,300,sat_0072,1,1.0,sat_0072,0072,0.80331606,sat_0174,0.6529511,0.15036494,True
drone_0072_300_0019,0072,300,sat_0072,1,1.0,sat_0072,0072,0.8042068,sat_0174,0.6602993,0.14390749,True
drone_0072_300_0020,0072,300,sat_0072,1,1.0,sat_0072,0072,0.77245903,sat_0174,0.6781054,0.094353616,True
drone_0072_300_0021,0072,300,sat_0072,1,1.0,sat_0072,0072,0.81022114,sat_0174,0.6557642,0.15445691,True
drone_0072_300_0022,0072,300,sat_0072,1,1.0,sat_0072,0072,0.764311,sat_0174,0.61005354,0.15425748,True
drone_0072_300_0023,0072,300,sat_0072,1,1.0,sat_0072,0072,0.73823035,sat_0174,0.5804578,0.15777254,True
drone_0072_300_0024,0072,300,sat_0072,1,1.0,sat_0072,0072,0.72770035,sat_0174,0.64697504,0.08072531,True
drone_0072_300_0025,0072,300,sat_0072,1,1.0,sat_0072,0072,0.7530396,sat_0174,0.64359045,0.10944915,True
drone_0072_300_0026,0072,300,sat_0072,1,1.0,sat_0072,0072,0.8440757,sat_0174,0.7301645,0.11391115,True
drone_0072_300_0027,0072,300,sat_0072,1,1.0,sat_0072,0072,0.86405027,sat_0174,0.6778971,0.18615317,True
drone_0072_300_0028,0072,300,sat_0072,1,1.0,sat_0072,0072,0.82621473,sat_0174,0.6400411,0.18617362,True
drone_0072_300_0029,0072,300,sat_0072,1,1.0,sat_0072,0072,0.85779244,sat_0174,0.61653745,0.24125499,True
drone_0072_300_0030,0072,300,sat_0072,1,1.0,sat_0072,0072,0.8441644,sat_0174,0.6532166,0.19094777,True
drone_0072_300_0031,0072,300,sat_0072,1,1.0,sat_0072,0072,0.895227,sat_0174,0.6177298,0.27749723,True
drone_0072_300_0032,0072,300,sat_0072,1,1.0,sat_0072,0072,0.89187163,sat_0174,0.63891023,0.2529614,True
drone_0072_300_0033,0072,300,sat_0072,1,1.0,sat_0072,0072,0.8309194,sat_0174,0.69120425,0.13971514,True
drone_0072_300_0034,0072,300,sat_0072,1,1.0,sat_0072,0072,0.8148024,sat_0174,0.7031257,0.11167669,True
drone_0072_300_0035,0072,300,sat_0072,1,1.0,sat_0072,0072,0.8302874,sat_0174,0.7111285,0.11915892,True
drone_0072_300_0036,0072,300,sat_0072,1,1.0,sat_0072,0072,0.8603425,sat_0174,0.6605273,0.19981521,True
drone_0072_300_0037,0072,300,sat_0072,1,1.0,sat_0072,0072,0.81728154,sat_0174,0.62205964,0.1952219,True
drone_0072_300_0038,0072,300,sat_0072,1,1.0,sat_0072,0072,0.8335602,sat_0174,0.6414249,0.19213533,True
drone_0072_300_0039,0072,300,sat_0072,1,1.0,sat_0072,0072,0.85745865,sat_0174,0.65402776,0.20343089,True
drone_0072_300_0040,0072,300,sat_0072,1,1.0,sat_0072,0072,0.8519719,sat_0174,0.6096089,0.24236304,True
drone_0072_300_0041,0072,300,sat_0072,1,1.0,sat_0072,0072,0.81343746,sat_0174,0.6064669,0.20697057,True
drone_0072_300_0042,0072,300,sat_0072,1,1.0,sat_0072,0072,0.7427139,sat_0174,0.6229867,0.119727254,True
drone_0072_300_0043,0072,300,sat_0072,1,1.0,sat_0072,0072,0.79888046,sat_0174,0.68857753,0.110302925,True
drone_0072_300_0044,0072,300,sat_0072,1,1.0,sat_0072,0072,0.7911651,sat_0174,0.65177566,0.13938946,True
drone_0072_300_0045,0072,300,sat_0072,1,1.0,sat_0072,0072,0.74727046,sat_0174,0.6238162,0.12345427,True
drone_0072_300_0046,0072,300,sat_0072,1,1.0,sat_0072,0072,0.8253996,sat_0174,0.64050037,0.18489921,True
drone_0072_300_0047,0072,300,sat_0072,1,1.0,sat_0072,0072,0.807746,sat_0174,0.6494154,0.15833062,True
drone_0072_300_0048,0072,300,sat_0072,1,1.0,sat_0072,0072,0.81904036,sat_0174,0.6915238,0.12751657,True
drone_0072_300_0049,0072,300,sat_0072,1,1.0,sat_0072,0072,0.8492733,sat_0174,0.69379103,0.15548229,True
drone_0087_300_0000,0087,300,sat_0087,1,1.0,sat_0087,0087,0.95827544,sat_0088,0.72528064,0.2329948,True
drone_0087_300_0001,0087,300,sat_0087,1,1.0,sat_0087,0087,0.95533955,sat_0088,0.7279521,0.22738743,True
drone_0087_300_0002,0087,300,sat_0087,1,1.0,sat_0087,0087,0.95866704,sat_0088,0.72098976,0.23767728,True
drone_0087_300_0003,0087,300,sat_0087,1,1.0,sat_0087,0087,0.9555308,sat_0088,0.72445136,0.23107946,True
drone_0087_300_0004,0087,300,sat_0087,1,1.0,sat_0087,0087,0.9516233,sat_0088,0.71679085,0.23483247,True
drone_0087_300_0005,0087,300,sat_0087,1,1.0,sat_0087,0087,0.94711465,sat_0088,0.7122948,0.23481983,True
drone_0087_300_0006,0087,300,sat_0087,1,1.0,sat_0087,0087,0.94995946,sat_0088,0.7153424,0.23461705,True
drone_0087_300_0007,0087,300,sat_0087,1,1.0,sat_0087,0087,0.94379115,sat_0088,0.71752584,0.22626531,True
drone_0087_300_0008,0087,300,sat_0087,1,1.0,sat_0087,0087,0.9420875,sat_0088,0.7020304,0.24005705,True
drone_0087_300_0009,0087,300,sat_0087,1,1.0,sat_0087,0087,0.9485729,sat_0088,0.7342073,0.2143656,True
drone_0087_300_0010,0087,300,sat_0087,1,1.0,sat_0087,0087,0.94765604,sat_0088,0.734946,0.21271002,True
drone_0087_300_0011,0087,300,sat_0087,1,1.0,sat_0087,0087,0.9324787,sat_0088,0.72477525,0.20770347,True
drone_0087_300_0012,0087,300,sat_0087,1,1.0,sat_0087,0087,0.93989354,sat_0088,0.7497485,0.19014502,True
drone_0087_300_0013,0087,300,sat_0087,1,1.0,sat_0087,0087,0.92461646,sat_0088,0.7117443,0.21287215,True
drone_0087_300_0014,0087,300,sat_0087,1,1.0,sat_0087,0087,0.9258194,sat_0088,0.70799375,0.21782565,True
drone_0087_300_0015,0087,300,sat_0087,1,1.0,sat_0087,0087,0.91555125,sat_0088,0.70131075,0.21424049,True
drone_0087_300_0016,0087,300,sat_0087,1,1.0,sat_0087,0087,0.8994169,sat_0088,0.66255003,0.23686689,True
drone_0087_300_0017,0087,300,sat_0087,1,1.0,sat_0087,0087,0.9073623,sat_0088,0.6796494,0.22771287,True
drone_0087_300_0018,0087,300,sat_0087,1,1.0,sat_0087,0087,0.9178071,sat_0088,0.6838981,0.23390901,True
drone_0087_300_0019,0087,300,sat_0087,1,1.0,sat_0087,0087,0.914397,sat_0088,0.69450665,0.21989036,True
drone_0087_300_0020,0087,300,sat_0087,1,1.0,sat_0087,0087,0.9138627,sat_0088,0.7023941,0.21146858,True
drone_0087_300_0021,0087,300,sat_0087,1,1.0,sat_0087,0087,0.9196721,sat_0088,0.6818228,0.2378493,True
drone_0087_300_0022,0087,300,sat_0087,1,1.0,sat_0087,0087,0.9139543,sat_0088,0.6830897,0.23086464,True
drone_0087_300_0023,0087,300,sat_0087,1,1.0,sat_0087,0087,0.92215616,sat_0088,0.6905275,0.23162866,True
drone_0087_300_0024,0087,300,sat_0087,1,1.0,sat_0087,0087,0.90160036,sat_0088,0.67753553,0.22406483,True
drone_0087_300_0025,0087,300,sat_0087,1,1.0,sat_0087,0087,0.9042625,sat_0088,0.6579994,0.24626309,True
drone_0087_300_0026,0087,300,sat_0087,1,1.0,sat_0087,0087,0.8879691,sat_0088,0.63795084,0.25001824,True
drone_0087_300_0027,0087,300,sat_0087,1,1.0,sat_0087,0087,0.88189095,sat_0088,0.6298591,0.25203186,True
drone_0087_300_0028,0087,300,sat_0087,1,1.0,sat_0087,0087,0.9021681,sat_0088,0.6524459,0.24972218,True
drone_0087_300_0029,0087,300,sat_0087,1,1.0,sat_0087,0087,0.8971821,sat_0088,0.658235,0.2389471,True
drone_0087_300_0030,0087,300,sat_0087,1,1.0,sat_0087,0087,0.90203035,sat_0088,0.6695748,0.23245555,True
drone_0087_300_0031,0087,300,sat_0087,1,1.0,sat_0087,0087,0.87417144,sat_0088,0.6626416,0.21152985,True
drone_0087_300_0032,0087,300,sat_0087,1,1.0,sat_0087,0087,0.8699584,sat_0088,0.65195477,0.21800363,True
drone_0087_300_0033,0087,300,sat_0087,1,1.0,sat_0087,0087,0.8437193,sat_0088,0.6742904,0.16942888,True
drone_0087_300_0034,0087,300,sat_0087,1,1.0,sat_0087,0087,0.8742535,sat_0088,0.6825171,0.1917364,True
drone_0087_300_0035,0087,300,sat_0087,1,1.0,sat_0087,0087,0.85204995,sat_0088,0.67042524,0.18162471,True
drone_0087_300_0036,0087,300,sat_0087,1,1.0,sat_0087,0087,0.876973,sat_0088,0.6913984,0.18557459,True
drone_0087_300_0037,0087,300,sat_0087,1,1.0,sat_0087,0087,0.873785,sat_0088,0.6967141,0.17707092,True
drone_0087_300_0038,0087,300,sat_0087,1,1.0,sat_0087,0087,0.8983518,sat_0088,0.66758335,0.23076844,True
drone_0087_300_0039,0087,300,sat_0087,1,1.0,sat_0087,0087,0.89197916,sat_0088,0.6834439,0.20853525,True
drone_0087_300_0040,0087,300,sat_0087,1,1.0,sat_0087,0087,0.89336544,sat_0088,0.6946801,0.19868535,True
drone_0087_300_0041,0087,300,sat_0087,1,1.0,sat_0087,0087,0.9098244,sat_0088,0.7020113,0.20781308,True
drone_0087_300_0042,0087,300,sat_0087,1,1.0,sat_0087,0087,0.9092351,sat_0088,0.70833,0.20090514,True
drone_0087_300_0043,0087,300,sat_0087,1,1.0,sat_0087,0087,0.90861386,sat_0088,0.69718814,0.21142572,True
drone_0087_300_0044,0087,300,sat_0087,1,1.0,sat_0087,0087,0.90085334,sat_0088,0.72124887,0.17960447,True
drone_0087_300_0045,0087,300,sat_0087,1,1.0,sat_0087,0087,0.8965565,sat_0088,0.7196897,0.17686677,True
drone_0087_300_0046,0087,300,sat_0087,1,1.0,sat_0087,0087,0.910396,sat_0088,0.72287065,0.18752533,True
drone_0087_300_0047,0087,300,sat_0087,1,1.0,sat_0087,0087,0.9287971,sat_0088,0.6994468,0.22935033,True
drone_0087_300_0048,0087,300,sat_0087,1,1.0,sat_0087,0087,0.93054426,sat_0088,0.71981686,0.2107274,True
drone_0087_300_0049,0087,300,sat_0087,1,1.0,sat_0087,0087,0.9347105,sat_0088,0.72077584,0.21393466,True
drone_0088_300_0000,0088,300,sat_0088,1,1.0,sat_0088,0088,0.8280729,sat_0087,0.6975102,0.13056272,True
drone_0088_300_0001,0088,300,sat_0088,1,1.0,sat_0088,0088,0.827632,sat_0087,0.69066304,0.13696897,True
drone_0088_300_0002,0088,300,sat_0088,1,1.0,sat_0088,0088,0.83719313,sat_0087,0.6956675,0.14152563,True
drone_0088_300_0003,0088,300,sat_0088,1,1.0,sat_0088,0088,0.80479354,sat_0087,0.6549841,0.14980942,True
drone_0088_300_0004,0088,300,sat_0088,1,1.0,sat_0088,0088,0.8241073,sat_0087,0.6388416,0.18526566,True
drone_0088_300_0005,0088,300,sat_0088,1,1.0,sat_0088,0088,0.84701025,sat_0087,0.68042904,0.16658121,True
drone_0088_300_0006,0088,300,sat_0088,1,1.0,sat_0088,0088,0.82165194,sat_0087,0.6337873,0.18786466,True
drone_0088_300_0007,0088,300,sat_0088,1,1.0,sat_0088,0088,0.8383013,sat_0087,0.59900343,0.23929787,True
drone_0088_300_0008,0088,300,sat_0088,1,1.0,sat_0088,0088,0.8265903,sat_0087,0.573416,0.2531743,True
drone_0088_300_0009,0088,300,sat_0088,1,1.0,sat_0088,0088,0.8347298,sat_0087,0.623004,0.21172577,True
drone_0088_300_0010,0088,300,sat_0088,1,1.0,sat_0088,0088,0.8650105,sat_0087,0.64046,0.22455049,True
drone_0088_300_0011,0088,300,sat_0088,1,1.0,sat_0088,0088,0.8420152,sat_0087,0.5763369,0.2656783,True
drone_0088_300_0012,0088,300,sat_0088,1,1.0,sat_0088,0088,0.81215554,sat_0087,0.58500385,0.22715169,True
drone_0088_300_0013,0088,300,sat_0088,1,1.0,sat_0088,0088,0.8248855,sat_0087,0.5851066,0.23977888,True
drone_0088_300_0014,0088,300,sat_0088,1,1.0,sat_0088,0088,0.8295394,sat_0087,0.6275083,0.20203114,True
drone_0088_300_0015,0088,300,sat_0088,1,1.0,sat_0088,0088,0.844584,sat_0087,0.6026901,0.24189389,True
drone_0088_300_0016,0088,300,sat_0088,1,1.0,sat_0088,0088,0.8458216,sat_0087,0.6152243,0.23059732,True
drone_0088_300_0017,0088,300,sat_0088,1,1.0,sat_0088,0088,0.84533644,sat_0087,0.63718283,0.2081536,True
drone_0088_300_0018,0088,300,sat_0088,1,1.0,sat_0088,0088,0.8396064,sat_0087,0.5969125,0.2426939,True
drone_0088_300_0019,0088,300,sat_0088,1,1.0,sat_0088,0088,0.8721054,sat_0087,0.64901763,0.22308779,True
drone_0088_300_0020,0088,300,sat_0088,1,1.0,sat_0088,0088,0.8718767,sat_0087,0.7107563,0.16112041,True
drone_0088_300_0021,0088,300,sat_0088,1,1.0,sat_0088,0088,0.87079775,sat_0087,0.68845326,0.1823445,True
drone_0088_300_0022,0088,300,sat_0088,1,1.0,sat_0088,0088,0.86952484,sat_0087,0.72909564,0.1404292,True
drone_0088_300_0023,0088,300,sat_0088,1,1.0,sat_0088,0088,0.79535663,sat_0087,0.6291033,0.16625333,True
drone_0088_300_0024,0088,300,sat_0088,1,1.0,sat_0088,0088,0.8469027,sat_0087,0.7187684,0.12813431,True
drone_0088_300_0025,0088,300,sat_0088,1,1.0,sat_0088,0088,0.8755075,sat_0087,0.7963153,0.07919216,True
drone_0088_300_0026,0088,300,sat_0088,1,1.0,sat_0088,0088,0.87134993,sat_0087,0.7571543,0.114195645,True
drone_0088_300_0027,0088,300,sat_0088,1,1.0,sat_0088,0088,0.872266,sat_0087,0.67886674,0.19339925,True
drone_0088_300_0028,0088,300,sat_0088,1,1.0,sat_0088,0088,0.88508534,sat_0087,0.66065186,0.22443348,True
drone_0088_300_0029,0088,300,sat_0088,1,1.0,sat_0088,0088,0.8787457,sat_0087,0.6851853,0.19356036,True
drone_0088_300_0030,0088,300,sat_0088,1,1.0,sat_0088,0088,0.89332724,sat_0087,0.7108848,0.18244243,True
drone_0088_300_0031,0088,300,sat_0088,1,1.0,sat_0088,0088,0.89588207,sat_0087,0.71478575,0.18109632,True
drone_0088_300_0032,0088,300,sat_0088,1,1.0,sat_0088,0088,0.8847432,sat_0087,0.7088382,0.17590499,True
drone_0088_300_0033,0088,300,sat_0088,1,1.0,sat_0088,0088,0.8929215,sat_0087,0.66607755,0.22684395,True
drone_0088_300_0034,0088,300,sat_0088,1,1.0,sat_0088,0088,0.9012002,sat_0087,0.69114244,0.21005774,True
drone_0088_300_0035,0088,300,sat_0088,1,1.0,sat_0088,0088,0.90333414,sat_0087,0.63088226,0.27245188,True
drone_0088_300_0036,0088,300,sat_0088,1,1.0,sat_0088,0088,0.90507907,sat_0152,0.60806924,0.29700983,True
drone_0088_300_0037,0088,300,sat_0088,1,1.0,sat_0088,0088,0.91983575,sat_0087,0.64718366,0.2726521,True
drone_0088_300_0038,0088,300,sat_0088,1,1.0,sat_0088,0088,0.91777265,sat_0087,0.6806206,0.23715204,True
drone_0088_300_0039,0088,300,sat_0088,1,1.0,sat_0088,0088,0.9268974,sat_0087,0.7136819,0.21321553,True
drone_0088_300_0040,0088,300,sat_0088,1,1.0,sat_0088,0088,0.9164628,sat_0087,0.6622283,0.2542345,True
drone_0088_300_0041,0088,300,sat_0088,1,1.0,sat_0088,0088,0.8883425,sat_0087,0.6290031,0.2593394,True
drone_0088_300_0042,0088,300,sat_0088,1,1.0,sat_0088,0088,0.86026156,sat_0152,0.6546918,0.20556974,True
drone_0088_300_0043,0088,300,sat_0088,1,1.0,sat_0088,0088,0.8488378,sat_0087,0.6005529,0.24828488,True
drone_0088_300_0044,0088,300,sat_0088,1,1.0,sat_0088,0088,0.85869604,sat_0087,0.670225,0.18847102,True
drone_0088_300_0045,0088,300,sat_0088,1,1.0,sat_0088,0088,0.8484473,sat_0087,0.64027256,0.20817477,True
drone_0088_300_0046,0088,300,sat_0088,1,1.0,sat_0088,0088,0.85628116,sat_0087,0.6313129,0.22496825,True
drone_0088_300_0047,0088,300,sat_0088,1,1.0,sat_0088,0088,0.8261743,sat_0087,0.6087745,0.21739984,True
drone_0088_300_0048,0088,300,sat_0088,1,1.0,sat_0088,0088,0.8451089,sat_0152,0.6286472,0.21646172,True
drone_0088_300_0049,0088,300,sat_0088,1,1.0,sat_0088,0088,0.8405131,sat_0087,0.6058037,0.23470938,True
drone_0108_300_0000,0108,300,sat_0108,1,1.0,sat_0108,0108,0.8769511,sat_0190,0.64489037,0.23206073,True
drone_0108_300_0001,0108,300,sat_0108,1,1.0,sat_0108,0108,0.8759285,sat_0190,0.6497916,0.22613692,True
drone_0108_300_0002,0108,300,sat_0108,1,1.0,sat_0108,0108,0.8618735,sat_0190,0.62723076,0.23464274,True
drone_0108_300_0003,0108,300,sat_0108,1,1.0,sat_0108,0108,0.8690756,sat_0190,0.5920925,0.27698308,True
drone_0108_300_0004,0108,300,sat_0108,1,1.0,sat_0108,0108,0.8712853,sat_0190,0.6088461,0.2624392,True
drone_0108_300_0005,0108,300,sat_0108,1,1.0,sat_0108,0108,0.845889,sat_0190,0.6188655,0.22702348,True
drone_0108_300_0006,0108,300,sat_0108,1,1.0,sat_0108,0108,0.86280096,sat_0190,0.64199686,0.2208041,True
drone_0108_300_0007,0108,300,sat_0108,1,1.0,sat_0108,0108,0.8954804,sat_0190,0.64813656,0.24734384,True
drone_0108_300_0008,0108,300,sat_0108,1,1.0,sat_0108,0108,0.89780384,sat_0190,0.68566066,0.21214318,True
drone_0108_300_0009,0108,300,sat_0108,1,1.0,sat_0108,0108,0.91406876,sat_0190,0.68632114,0.22774762,True
drone_0108_300_0010,0108,300,sat_0108,1,1.0,sat_0108,0108,0.9093052,sat_0190,0.6898814,0.21942383,True
drone_0108_300_0011,0108,300,sat_0108,1,1.0,sat_0108,0108,0.91711813,sat_0190,0.68584967,0.23126847,True
drone_0108_300_0012,0108,300,sat_0108,1,1.0,sat_0108,0108,0.9132862,sat_0190,0.67401165,0.23927456,True
drone_0108_300_0013,0108,300,sat_0108,1,1.0,sat_0108,0108,0.9166832,sat_0190,0.6630163,0.25366688,True
drone_0108_300_0014,0108,300,sat_0108,1,1.0,sat_0108,0108,0.9211507,sat_0190,0.65490574,0.26624495,True
drone_0108_300_0015,0108,300,sat_0108,1,1.0,sat_0108,0108,0.928745,sat_0190,0.64343,0.28531498,True
drone_0108_300_0016,0108,300,sat_0108,1,1.0,sat_0108,0108,0.9389162,sat_0190,0.6185597,0.3203565,True
drone_0108_300_0017,0108,300,sat_0108,1,1.0,sat_0108,0108,0.9442057,sat_0190,0.6026916,0.3415141,True
drone_0108_300_0018,0108,300,sat_0108,1,1.0,sat_0108,0108,0.9353691,sat_0190,0.6090565,0.3263126,True
drone_0108_300_0019,0108,300,sat_0108,1,1.0,sat_0108,0108,0.93351173,sat_0190,0.6162069,0.31730485,True
drone_0108_300_0020,0108,300,sat_0108,1,1.0,sat_0108,0108,0.9244889,sat_0189,0.6258173,0.2986716,True
drone_0108_300_0021,0108,300,sat_0108,1,1.0,sat_0108,0108,0.9299224,sat_0190,0.6148459,0.31507653,True
drone_0108_300_0022,0108,300,sat_0108,1,1.0,sat_0108,0108,0.92506784,sat_0190,0.63493115,0.2901367,True
drone_0108_300_0023,0108,300,sat_0108,1,1.0,sat_0108,0108,0.90715027,sat_0190,0.6080367,0.29911357,True
drone_0108_300_0024,0108,300,sat_0108,1,1.0,sat_0108,0108,0.9064745,sat_0190,0.6160146,0.29045987,True
drone_0108_300_0025,0108,300,sat_0108,1,1.0,sat_0108,0108,0.91395706,sat_0190,0.60406584,0.30989122,True
drone_0108_300_0026,0108,300,sat_0108,1,1.0,sat_0108,0108,0.90891427,sat_0190,0.5679337,0.3409806,True
drone_0108_300_0027,0108,300,sat_0108,1,1.0,sat_0108,0108,0.90243137,sat_0190,0.5393669,0.36306447,True
drone_0108_300_0028,0108,300,sat_0108,1,1.0,sat_0108,0108,0.88496375,sat_0190,0.5375454,0.34741837,True
drone_0108_300_0029,0108,300,sat_0108,1,1.0,sat_0108,0108,0.8804165,sat_0190,0.58155113,0.29886538,True
drone_0108_300_0030,0108,300,sat_0108,1,1.0,sat_0108,0108,0.8790817,sat_0190,0.6105601,0.2685216,True
drone_0108_300_0031,0108,300,sat_0108,1,1.0,sat_0108,0108,0.8946868,sat_0190,0.6123612,0.28232563,True
drone_0108_300_0032,0108,300,sat_0108,1,1.0,sat_0108,0108,0.9072547,sat_0190,0.61565346,0.29160124,True
drone_0108_300_0033,0108,300,sat_0108,1,1.0,sat_0108,0108,0.918468,sat_0190,0.60804284,0.31042516,True
drone_0108_300_0034,0108,300,sat_0108,1,1.0,sat_0108,0108,0.9096296,sat_0190,0.61609507,0.29353452,True
drone_0108_300_0035,0108,300,sat_0108,1,1.0,sat_0108,0108,0.8987149,sat_0190,0.62103635,0.27767855,True
drone_0108_300_0036,0108,300,sat_0108,1,1.0,sat_0108,0108,0.9082057,sat_0190,0.6172952,0.29091048,True
drone_0108_300_0037,0108,300,sat_0108,1,1.0,sat_0108,0108,0.8946713,sat_0190,0.6285662,0.26610512,True
drone_0108_300_0038,0108,300,sat_0108,1,1.0,sat_0108,0108,0.9046978,sat_0190,0.6289493,0.2757485,True
drone_0108_300_0039,0108,300,sat_0108,1,1.0,sat_0108,0108,0.9104693,sat_0190,0.61668384,0.29378545,True
drone_0108_300_0040,0108,300,sat_0108,1,1.0,sat_0108,0108,0.9133373,sat_0190,0.6283512,0.28498608,True
drone_0108_300_0041,0108,300,sat_0108,1,1.0,sat_0108,0108,0.9251286,sat_0190,0.6015445,0.32358408,True
drone_0108_300_0042,0108,300,sat_0108,1,1.0,sat_0108,0108,0.9148756,sat_0190,0.62409365,0.29078197,True
drone_0108_300_0043,0108,300,sat_0108,1,1.0,sat_0108,0108,0.8993523,sat_0190,0.6392714,0.26008093,True
drone_0108_300_0044,0108,300,sat_0108,1,1.0,sat_0108,0108,0.8777728,sat_0190,0.64667225,0.23110056,True
drone_0108_300_0045,0108,300,sat_0108,1,1.0,sat_0108,0108,0.85926664,sat_0190,0.6478311,0.21143556,True
drone_0108_300_0046,0108,300,sat_0108,1,1.0,sat_0108,0108,0.882687,sat_0190,0.6483606,0.23432636,True
drone_0108_300_0047,0108,300,sat_0108,1,1.0,sat_0108,0108,0.8725742,sat_0190,0.61940706,0.25316715,True
drone_0108_300_0048,0108,300,sat_0108,1,1.0,sat_0108,0108,0.87353915,sat_0190,0.60661495,0.2669242,True
drone_0108_300_0049,0108,300,sat_0108,1,1.0,sat_0108,0108,0.89347005,sat_0190,0.6313617,0.26210833,True
drone_0109_300_0000,0109,300,sat_0109,2,0.5,sat_0155,0155,0.68599904,sat_0109,0.6426023,0.04339671,False
drone_0109_300_0001,0109,300,sat_0109,1,1.0,sat_0109,0109,0.7292441,sat_0155,0.6421719,0.08707219,True
drone_0109_300_0002,0109,300,sat_0109,1,1.0,sat_0109,0109,0.7306703,sat_0155,0.64163315,0.08903712,True
drone_0109_300_0003,0109,300,sat_0109,1,1.0,sat_0109,0109,0.7831327,sat_0155,0.5843533,0.19877934,True
drone_0109_300_0004,0109,300,sat_0109,1,1.0,sat_0109,0109,0.8137536,sat_0155,0.53594315,0.27781045,True
drone_0109_300_0005,0109,300,sat_0109,1,1.0,sat_0109,0109,0.79602623,sat_0155,0.574247,0.22177923,True
drone_0109_300_0006,0109,300,sat_0109,1,1.0,sat_0109,0109,0.68209374,sat_0155,0.6599042,0.022189558,True
drone_0109_300_0007,0109,300,sat_0109,2,0.5,sat_0155,0155,0.65330946,sat_0109,0.63896525,0.014344215,False
drone_0109_300_0008,0109,300,sat_0109,1,1.0,sat_0109,0109,0.7596065,sat_0155,0.60472274,0.15488374,True
drone_0109_300_0009,0109,300,sat_0109,1,1.0,sat_0109,0109,0.8495167,sat_0155,0.55690885,0.29260784,True
drone_0109_300_0010,0109,300,sat_0109,1,1.0,sat_0109,0109,0.73260766,sat_0155,0.63797075,0.09463692,True
drone_0109_300_0011,0109,300,sat_0109,1,1.0,sat_0109,0109,0.77446264,sat_0155,0.6068809,0.16758174,True
drone_0109_300_0012,0109,300,sat_0109,1,1.0,sat_0109,0109,0.7255551,sat_0155,0.6111267,0.1144284,True
drone_0109_300_0013,0109,300,sat_0109,1,1.0,sat_0109,0109,0.62300515,sat_0155,0.6211589,0.0018462539,True
drone_0109_300_0014,0109,300,sat_0109,1,1.0,sat_0109,0109,0.64290845,sat_0155,0.5657688,0.077139676,True
drone_0109_300_0015,0109,300,sat_0109,1,1.0,sat_0109,0109,0.669098,sat_0155,0.6256404,0.043457627,True
drone_0109_300_0016,0109,300,sat_0109,1,1.0,sat_0109,0109,0.70222324,sat_0155,0.5488773,0.15334594,True
drone_0109_300_0017,0109,300,sat_0109,1,1.0,sat_0109,0109,0.6899545,sat_0155,0.47485757,0.21509695,True
drone_0109_300_0018,0109,300,sat_0109,1,1.0,sat_0109,0109,0.6183317,sat_0155,0.44121832,0.17711335,True
drone_0109_300_0019,0109,300,sat_0109,1,1.0,sat_0109,0109,0.715164,sat_0155,0.54982257,0.16534144,True
drone_0109_300_0020,0109,300,sat_0109,1,1.0,sat_0109,0109,0.6221638,sat_0155,0.46619648,0.1559673,True
drone_0109_300_0021,0109,300,sat_0109,1,1.0,sat_0109,0109,0.7480856,sat_0155,0.47517043,0.27291518,True
drone_0109_300_0022,0109,300,sat_0109,1,1.0,sat_0109,0109,0.6396204,sat_0155,0.47650275,0.16311768,True
drone_0109_300_0023,0109,300,sat_0109,1,1.0,sat_0109,0109,0.6902947,sat_0155,0.47283784,0.21745685,True
drone_0109_300_0024,0109,300,sat_0109,1,1.0,sat_0109,0109,0.7250536,sat_0155,0.53453165,0.19052196,True
drone_0109_300_0025,0109,300,sat_0109,1,1.0,sat_0109,0109,0.74675477,sat_0155,0.4654132,0.28134155,True
drone_0109_300_0026,0109,300,sat_0109,1,1.0,sat_0109,0109,0.71939915,sat_0155,0.424814,0.29458517,True
drone_0109_300_0027,0109,300,sat_0109,1,1.0,sat_0109,0109,0.69405156,sat_0155,0.55771863,0.13633293,True
drone_0109_300_0028,0109,300,sat_0109,1,1.0,sat_0109,0109,0.8043022,sat_0155,0.5011846,0.30311763,True
drone_0109_300_0029,0109,300,sat_0109,1,1.0,sat_0109,0109,0.6993605,sat_0155,0.5834748,0.115885675,True
drone_0109_300_0030,0109,300,sat_0109,1,1.0,sat_0109,0109,0.7795607,sat_0155,0.5763054,0.2032553,True
drone_0109_300_0031,0109,300,sat_0109,1,1.0,sat_0109,0109,0.88583744,sat_0155,0.5221065,0.3637309,True
drone_0109_300_0032,0109,300,sat_0109,1,1.0,sat_0109,0109,0.83432245,sat_0155,0.53337497,0.3009475,True
drone_0109_300_0033,0109,300,sat_0109,1,1.0,sat_0109,0109,0.85118216,sat_0155,0.4394549,0.41172725,True
drone_0109_300_0034,0109,300,sat_0109,1,1.0,sat_0109,0109,0.8515418,sat_0155,0.5048332,0.3467086,True
drone_0109_300_0035,0109,300,sat_0109,1,1.0,sat_0109,0109,0.81303847,sat_0155,0.5072664,0.30577207,True
drone_0109_300_0036,0109,300,sat_0109,1,1.0,sat_0109,0109,0.79972506,sat_0155,0.45428994,0.3454351,True
drone_0109_300_0037,0109,300,sat_0109,1,1.0,sat_0109,0109,0.8255426,sat_0155,0.4467359,0.37880674,True
drone_0109_300_0038,0109,300,sat_0109,1,1.0,sat_0109,0109,0.7820441,sat_0155,0.5545044,0.22753972,True
drone_0109_300_0039,0109,300,sat_0109,1,1.0,sat_0109,0109,0.75436014,sat_0155,0.5457269,0.20863324,True
drone_0109_300_0040,0109,300,sat_0109,1,1.0,sat_0109,0109,0.8506736,sat_0155,0.48911625,0.36155736,True
drone_0109_300_0041,0109,300,sat_0109,1,1.0,sat_0109,0109,0.7335686,sat_0155,0.57278425,0.16078436,True
drone_0109_300_0042,0109,300,sat_0109,1,1.0,sat_0109,0109,0.7797654,sat_0155,0.52324647,0.25651896,True
drone_0109_300_0043,0109,300,sat_0109,1,1.0,sat_0109,0109,0.7022135,sat_0155,0.5834159,0.1187976,True
drone_0109_300_0044,0109,300,sat_0109,1,1.0,sat_0109,0109,0.7709597,sat_0155,0.5589744,0.21198529,True
drone_0109_300_0045,0109,300,sat_0109,1,1.0,sat_0109,0109,0.7609825,sat_0155,0.5647185,0.19626403,True
drone_0109_300_0046,0109,300,sat_0109,1,1.0,sat_0109,0109,0.8548759,sat_0155,0.5356536,0.31922233,True
drone_0109_300_0047,0109,300,sat_0109,1,1.0,sat_0109,0109,0.78107774,sat_0155,0.61269,0.16838777,True
drone_0109_300_0048,0109,300,sat_0109,1,1.0,sat_0109,0109,0.82998264,sat_0155,0.5559441,0.27403855,True
drone_0109_300_0049,0109,300,sat_0109,1,1.0,sat_0109,0109,0.7316227,sat_0155,0.62084997,0.11077273,True
drone_0115_300_0000,0115,300,sat_0115,1,1.0,sat_0115,0115,0.9539365,sat_0087,0.41039568,0.54354084,True
drone_0115_300_0001,0115,300,sat_0115,1,1.0,sat_0115,0115,0.95184886,sat_0087,0.40437257,0.5474763,True
drone_0115_300_0002,0115,300,sat_0115,1,1.0,sat_0115,0115,0.95055115,sat_0087,0.40824223,0.5423089,True
drone_0115_300_0003,0115,300,sat_0115,1,1.0,sat_0115,0115,0.9501876,sat_0087,0.409055,0.5411326,True
drone_0115_300_0004,0115,300,sat_0115,1,1.0,sat_0115,0115,0.94720256,sat_0087,0.39021683,0.55698574,True
drone_0115_300_0005,0115,300,sat_0115,1,1.0,sat_0115,0115,0.95016134,sat_0087,0.38666287,0.5634985,True
drone_0115_300_0006,0115,300,sat_0115,1,1.0,sat_0115,0115,0.95050645,sat_0087,0.3989674,0.55153906,True
drone_0115_300_0007,0115,300,sat_0115,1,1.0,sat_0115,0115,0.94970715,sat_0151,0.35804152,0.5916656,True
drone_0115_300_0008,0115,300,sat_0115,1,1.0,sat_0115,0115,0.94955707,sat_0151,0.38835436,0.5612027,True
drone_0115_300_0009,0115,300,sat_0115,1,1.0,sat_0115,0115,0.9536521,sat_0087,0.37887412,0.57477796,True
drone_0115_300_0010,0115,300,sat_0115,1,1.0,sat_0115,0115,0.9451607,sat_0087,0.35012078,0.5950399,True
drone_0115_300_0011,0115,300,sat_0115,1,1.0,sat_0115,0115,0.94102025,sat_0087,0.3592707,0.58174956,True
drone_0115_300_0012,0115,300,sat_0115,1,1.0,sat_0115,0115,0.9224384,sat_0087,0.34456182,0.57787657,True
drone_0115_300_0013,0115,300,sat_0115,1,1.0,sat_0115,0115,0.927869,sat_0151,0.35345185,0.5744172,True
drone_0115_300_0014,0115,300,sat_0115,1,1.0,sat_0115,0115,0.9306409,sat_0151,0.39978075,0.5308601,True
drone_0115_300_0015,0115,300,sat_0115,1,1.0,sat_0115,0115,0.94099194,sat_0087,0.3687092,0.57228273,True
drone_0115_300_0016,0115,300,sat_0115,1,1.0,sat_0115,0115,0.9014498,sat_0151,0.3606697,0.54078007,True
drone_0115_300_0017,0115,300,sat_0115,1,1.0,sat_0115,0115,0.93723255,sat_0087,0.3880397,0.54919285,True
drone_0115_300_0018,0115,300,sat_0115,1,1.0,sat_0115,0115,0.93311596,sat_0151,0.378767,0.55434895,True
drone_0115_300_0019,0115,300,sat_0115,1,1.0,sat_0115,0115,0.9427377,sat_0151,0.3946976,0.5480401,True
drone_0115_300_0020,0115,300,sat_0115,1,1.0,sat_0115,0115,0.93560433,sat_0087,0.38884884,0.5467555,True
drone_0115_300_0021,0115,300,sat_0115,1,1.0,sat_0115,0115,0.94075257,sat_0087,0.393852,0.5469006,True
drone_0115_300_0022,0115,300,sat_0115,1,1.0,sat_0115,0115,0.9466609,sat_0087,0.45483392,0.49182695,True
drone_0115_300_0023,0115,300,sat_0115,1,1.0,sat_0115,0115,0.9366859,sat_0087,0.45481485,0.48187107,True
drone_0115_300_0024,0115,300,sat_0115,1,1.0,sat_0115,0115,0.9389689,sat_0087,0.41231638,0.5266525,True
drone_0115_300_0025,0115,300,sat_0115,1,1.0,sat_0115,0115,0.9441627,sat_0087,0.43533677,0.50882596,True
drone_0115_300_0026,0115,300,sat_0115,1,1.0,sat_0115,0115,0.9383979,sat_0087,0.44611043,0.49228746,True
drone_0115_300_0027,0115,300,sat_0115,1,1.0,sat_0115,0115,0.91367215,sat_0087,0.4404435,0.47322866,True
drone_0115_300_0028,0115,300,sat_0115,1,1.0,sat_0115,0115,0.9230205,sat_0087,0.4423672,0.4806533,True
drone_0115_300_0029,0115,300,sat_0115,1,1.0,sat_0115,0115,0.92474544,sat_0087,0.44402376,0.48072168,True
drone_0115_300_0030,0115,300,sat_0115,1,1.0,sat_0115,0115,0.92994356,sat_0087,0.4872489,0.44269466,True
drone_0115_300_0031,0115,300,sat_0115,1,1.0,sat_0115,0115,0.94148165,sat_0087,0.46264645,0.4788352,True
drone_0115_300_0032,0115,300,sat_0115,1,1.0,sat_0115,0115,0.9405612,sat_0087,0.42500645,0.5155547,True
drone_0115_300_0033,0115,300,sat_0115,1,1.0,sat_0115,0115,0.9434558,sat_0087,0.4043036,0.5391522,True
drone_0115_300_0034,0115,300,sat_0115,1,1.0,sat_0115,0115,0.9254215,sat_0151,0.37807724,0.5473442,True
drone_0115_300_0035,0115,300,sat_0115,1,1.0,sat_0115,0115,0.93594164,sat_0087,0.39184737,0.54409426,True
drone_0115_300_0036,0115,300,sat_0115,1,1.0,sat_0115,0115,0.9223483,sat_0151,0.44174027,0.48060805,True
drone_0115_300_0037,0115,300,sat_0115,1,1.0,sat_0115,0115,0.93225247,sat_0151,0.39098805,0.5412644,True
drone_0115_300_0038,0115,300,sat_0115,1,1.0,sat_0115,0115,0.9305987,sat_0087,0.40188485,0.5287138,True
drone_0115_300_0039,0115,300,sat_0115,1,1.0,sat_0115,0115,0.9424198,sat_0087,0.4342919,0.5081279,True
drone_0115_300_0040,0115,300,sat_0115,1,1.0,sat_0115,0115,0.9424623,sat_0087,0.41212738,0.53033495,True
drone_0115_300_0041,0115,300,sat_0115,1,1.0,sat_0115,0115,0.939189,sat_0087,0.406498,0.532691,True
drone_0115_300_0042,0115,300,sat_0115,1,1.0,sat_0115,0115,0.93311477,sat_0087,0.42283082,0.51028395,True
drone_0115_300_0043,0115,300,sat_0115,1,1.0,sat_0115,0115,0.93777627,sat_0087,0.3862447,0.55153155,True
drone_0115_300_0044,0115,300,sat_0115,1,1.0,sat_0115,0115,0.94293237,sat_0087,0.39301646,0.5499159,True
drone_0115_300_0045,0115,300,sat_0115,1,1.0,sat_0115,0115,0.94558394,sat_0087,0.40102148,0.54456246,True
drone_0115_300_0046,0115,300,sat_0115,1,1.0,sat_0115,0115,0.9459307,sat_0087,0.39884776,0.54708296,True
drone_0115_300_0047,0115,300,sat_0115,1,1.0,sat_0115,0115,0.9388136,sat_0087,0.3756156,0.56319803,True
drone_0115_300_0048,0115,300,sat_0115,1,1.0,sat_0115,0115,0.9461632,sat_0087,0.4014477,0.54471546,True
drone_0115_300_0049,0115,300,sat_0115,1,1.0,sat_0115,0115,0.93483007,sat_0060,0.40966016,0.5251699,True
drone_0130_300_0000,0130,300,sat_0130,1,1.0,sat_0130,0130,0.80994356,sat_0036,0.5602622,0.24968135,True
drone_0130_300_0001,0130,300,sat_0130,1,1.0,sat_0130,0130,0.839366,sat_0036,0.56486684,0.27449918,True
drone_0130_300_0002,0130,300,sat_0130,1,1.0,sat_0130,0130,0.84311247,sat_0036,0.5661798,0.27693266,True
drone_0130_300_0003,0130,300,sat_0130,1,1.0,sat_0130,0130,0.8198816,sat_0036,0.5172792,0.3026024,True
drone_0130_300_0004,0130,300,sat_0130,1,1.0,sat_0130,0130,0.86750615,sat_0036,0.6050326,0.26247352,True
drone_0130_300_0005,0130,300,sat_0130,1,1.0,sat_0130,0130,0.86131144,sat_0036,0.56204665,0.2992648,True
drone_0130_300_0006,0130,300,sat_0130,1,1.0,sat_0130,0130,0.8140132,sat_0036,0.510923,0.30309016,True
drone_0130_300_0007,0130,300,sat_0130,1,1.0,sat_0130,0130,0.7329435,sat_0036,0.47866735,0.25427613,True
drone_0130_300_0008,0130,300,sat_0130,1,1.0,sat_0130,0130,0.7465118,sat_0036,0.49340886,0.25310296,True
drone_0130_300_0009,0130,300,sat_0130,1,1.0,sat_0130,0130,0.8086328,sat_0036,0.51043,0.2982028,True
drone_0130_300_0010,0130,300,sat_0130,1,1.0,sat_0130,0130,0.84027064,sat_0036,0.48249355,0.3577771,True
drone_0130_300_0011,0130,300,sat_0130,1,1.0,sat_0130,0130,0.8551142,sat_0036,0.4961165,0.35899773,True
drone_0130_300_0012,0130,300,sat_0130,1,1.0,sat_0130,0130,0.8148258,sat_0036,0.5701442,0.2446816,True
drone_0130_300_0013,0130,300,sat_0130,1,1.0,sat_0130,0130,0.78672266,sat_0036,0.5312965,0.25542617,True
drone_0130_300_0014,0130,300,sat_0130,1,1.0,sat_0130,0130,0.7675909,sat_0036,0.47587627,0.2917146,True
drone_0130_300_0015,0130,300,sat_0130,1,1.0,sat_0130,0130,0.8181899,sat_0036,0.5218084,0.29638153,True
drone_0130_300_0016,0130,300,sat_0130,1,1.0,sat_0130,0130,0.79875016,sat_0036,0.56445694,0.23429322,True
drone_0130_300_0017,0130,300,sat_0130,1,1.0,sat_0130,0130,0.82768536,sat_0036,0.59278244,0.23490292,True
drone_0130_300_0018,0130,300,sat_0130,1,1.0,sat_0130,0130,0.8208207,sat_0036,0.601244,0.21957672,True
drone_0130_300_0019,0130,300,sat_0130,1,1.0,sat_0130,0130,0.79570115,sat_0036,0.66689175,0.12880939,True
drone_0130_300_0020,0130,300,sat_0130,1,1.0,sat_0130,0130,0.71910423,sat_0036,0.6946543,0.024449944,True
drone_0130_300_0021,0130,300,sat_0130,1,1.0,sat_0130,0130,0.8153704,sat_0036,0.6571423,0.1582281,True
drone_0130_300_0022,0130,300,sat_0130,1,1.0,sat_0130,0130,0.801255,sat_0036,0.59233207,0.20892292,True
drone_0130_300_0023,0130,300,sat_0130,1,1.0,sat_0130,0130,0.81357926,sat_0036,0.54155725,0.272022,True
drone_0130_300_0024,0130,300,sat_0130,1,1.0,sat_0130,0130,0.83568513,sat_0036,0.5865695,0.24911565,True
drone_0130_300_0025,0130,300,sat_0130,1,1.0,sat_0130,0130,0.8084394,sat_0036,0.6072028,0.20123655,True
drone_0130_300_0026,0130,300,sat_0130,1,1.0,sat_0130,0130,0.85283935,sat_0036,0.5400403,0.31279904,True
drone_0130_300_0027,0130,300,sat_0130,1,1.0,sat_0130,0130,0.8285857,sat_0036,0.52757204,0.30101365,True
drone_0130_300_0028,0130,300,sat_0130,1,1.0,sat_0130,0130,0.8219048,sat_0036,0.48913732,0.33276746,True
drone_0130_300_0029,0130,300,sat_0130,1,1.0,sat_0130,0130,0.77721,sat_0036,0.5171422,0.26006782,True
drone_0130_300_0030,0130,300,sat_0130,1,1.0,sat_0130,0130,0.7801215,sat_0036,0.4295084,0.35061312,True
drone_0130_300_0031,0130,300,sat_0130,1,1.0,sat_0130,0130,0.815654,sat_0140,0.39604485,0.41960913,True
drone_0130_300_0032,0130,300,sat_0130,1,1.0,sat_0130,0130,0.83148855,sat_0036,0.48404765,0.3474409,True
drone_0130_300_0033,0130,300,sat_0130,1,1.0,sat_0130,0130,0.84499997,sat_0036,0.46652058,0.3784794,True
drone_0130_300_0034,0130,300,sat_0130,1,1.0,sat_0130,0130,0.8277534,sat_0036,0.44813034,0.3796231,True
drone_0130_300_0035,0130,300,sat_0130,1,1.0,sat_0130,0130,0.86758876,sat_0036,0.45348126,0.4141075,True
drone_0130_300_0036,0130,300,sat_0130,1,1.0,sat_0130,0130,0.8668151,sat_0036,0.5211981,0.345617,True
drone_0130_300_0037,0130,300,sat_0130,1,1.0,sat_0130,0130,0.828771,sat_0036,0.5688218,0.2599492,True
drone_0130_300_0038,0130,300,sat_0130,1,1.0,sat_0130,0130,0.86594915,sat_0036,0.5584012,0.30754793,True
drone_0130_300_0039,0130,300,sat_0130,1,1.0,sat_0130,0130,0.8533169,sat_0036,0.56659645,0.28672045,True
drone_0130_300_0040,0130,300,sat_0130,1,1.0,sat_0130,0130,0.8714371,sat_0036,0.56819004,0.30324703,True
drone_0130_300_0041,0130,300,sat_0130,1,1.0,sat_0130,0130,0.77917707,sat_0036,0.54610896,0.23306811,True
drone_0130_300_0042,0130,300,sat_0130,1,1.0,sat_0130,0130,0.7387422,sat_0036,0.52831733,0.21042484,True
drone_0130_300_0043,0130,300,sat_0130,1,1.0,sat_0130,0130,0.7404281,sat_0036,0.5962513,0.14417678,True
drone_0130_300_0044,0130,300,sat_0130,1,1.0,sat_0130,0130,0.732745,sat_0036,0.49851668,0.23422831,True
drone_0130_300_0045,0130,300,sat_0130,1,1.0,sat_0130,0130,0.69605327,sat_0036,0.5762956,0.11975765,True
drone_0130_300_0046,0130,300,sat_0130,1,1.0,sat_0130,0130,0.79474795,sat_0036,0.5404824,0.25426555,True
drone_0130_300_0047,0130,300,sat_0130,1,1.0,sat_0130,0130,0.7878269,sat_0036,0.56189096,0.22593594,True
drone_0130_300_0048,0130,300,sat_0130,1,1.0,sat_0130,0130,0.81486094,sat_0036,0.6287065,0.18615443,True
drone_0130_300_0049,0130,300,sat_0130,1,1.0,sat_0130,0130,0.80968124,sat_0036,0.6061898,0.20349145,True
drone_0140_300_0000,0140,300,sat_0140,1,1.0,sat_0140,0140,0.7576485,sat_0002,0.5215018,0.23614675,True
drone_0140_300_0001,0140,300,sat_0140,1,1.0,sat_0140,0140,0.76774395,sat_0002,0.5072857,0.26045823,True
drone_0140_300_0002,0140,300,sat_0140,1,1.0,sat_0140,0140,0.7617399,sat_0002,0.51950985,0.24223006,True
drone_0140_300_0003,0140,300,sat_0140,1,1.0,sat_0140,0140,0.7261628,sat_0002,0.5472417,0.1789211,True
drone_0140_300_0004,0140,300,sat_0140,1,1.0,sat_0140,0140,0.76693594,sat_0002,0.53094244,0.2359935,True
drone_0140_300_0005,0140,300,sat_0140,1,1.0,sat_0140,0140,0.7303027,sat_0002,0.6012783,0.12902439,True
drone_0140_300_0006,0140,300,sat_0140,1,1.0,sat_0140,0140,0.7512771,sat_0002,0.53097016,0.22030693,True
drone_0140_300_0007,0140,300,sat_0140,1,1.0,sat_0140,0140,0.7357403,sat_0002,0.5629721,0.17276818,True
drone_0140_300_0008,0140,300,sat_0140,1,1.0,sat_0140,0140,0.74865806,sat_0002,0.6501869,0.098471165,True
drone_0140_300_0009,0140,300,sat_0140,1,1.0,sat_0140,0140,0.7401899,sat_0002,0.61985826,0.120331645,True
drone_0140_300_0010,0140,300,sat_0140,1,1.0,sat_0140,0140,0.7459918,sat_0002,0.652784,0.093207836,True
drone_0140_300_0011,0140,300,sat_0140,1,1.0,sat_0140,0140,0.7201358,sat_0002,0.6373965,0.08273929,True
drone_0140_300_0012,0140,300,sat_0140,1,1.0,sat_0140,0140,0.6648831,sat_0002,0.5384408,0.12644225,True
drone_0140_300_0013,0140,300,sat_0140,1,1.0,sat_0140,0140,0.7402919,sat_0002,0.522577,0.2177149,True
drone_0140_300_0014,0140,300,sat_0140,1,1.0,sat_0140,0140,0.7035642,sat_0002,0.55295235,0.15061188,True
drone_0140_300_0015,0140,300,sat_0140,1,1.0,sat_0140,0140,0.6601079,sat_0164,0.56758565,0.09252226,True
drone_0140_300_0016,0140,300,sat_0140,1,1.0,sat_0140,0140,0.69008094,sat_0164,0.5898739,0.10020703,True
drone_0140_300_0017,0140,300,sat_0140,1,1.0,sat_0140,0140,0.6626542,sat_0164,0.5881288,0.074525416,True
drone_0140_300_0018,0140,300,sat_0140,1,1.0,sat_0140,0140,0.67461455,sat_0002,0.60621077,0.06840378,True
drone_0140_300_0019,0140,300,sat_0140,1,1.0,sat_0140,0140,0.7307858,sat_0002,0.5265358,0.20424998,True
drone_0140_300_0020,0140,300,sat_0140,1,1.0,sat_0140,0140,0.7899626,sat_0002,0.5533558,0.23660678,True
drone_0140_300_0021,0140,300,sat_0140,1,1.0,sat_0140,0140,0.73227334,sat_0002,0.62184197,0.11043137,True
drone_0140_300_0022,0140,300,sat_0140,1,1.0,sat_0140,0140,0.6632199,sat_0002,0.5421984,0.12102151,True
drone_0140_300_0023,0140,300,sat_0140,1,1.0,sat_0140,0140,0.6913448,sat_0002,0.5657785,0.1255663,True
drone_0140_300_0024,0140,300,sat_0140,1,1.0,sat_0140,0140,0.6757421,sat_0174,0.5376859,0.13805622,True
drone_0140_300_0025,0140,300,sat_0140,1,1.0,sat_0140,0140,0.6488544,sat_0002,0.5326946,0.1161598,True
drone_0140_300_0026,0140,300,sat_0140,1,1.0,sat_0140,0140,0.6536338,sat_0164,0.4748547,0.17877907,True
drone_0140_300_0027,0140,300,sat_0140,1,1.0,sat_0140,0140,0.6554035,sat_0164,0.47797635,0.17742714,True
drone_0140_300_0028,0140,300,sat_0140,1,1.0,sat_0140,0140,0.63278884,sat_0002,0.46851912,0.16426972,True
drone_0140_300_0029,0140,300,sat_0140,1,1.0,sat_0140,0140,0.649214,sat_0164,0.55914855,0.09006548,True
drone_0140_300_0030,0140,300,sat_0140,1,1.0,sat_0140,0140,0.67222154,sat_0174,0.5634243,0.10879725,True
drone_0140_300_0031,0140,300,sat_0140,1,1.0,sat_0140,0140,0.66826636,sat_0164,0.5137164,0.15454996,True
drone_0140_300_0032,0140,300,sat_0140,1,1.0,sat_0140,0140,0.68155605,sat_0164,0.5414075,0.14014852,True
drone_0140_300_0033,0140,300,sat_0140,1,1.0,sat_0140,0140,0.6439918,sat_0174,0.5862609,0.057730913,True
drone_0140_300_0034,0140,300,sat_0140,1,1.0,sat_0140,0140,0.62775195,sat_0174,0.49842566,0.12932628,True
drone_0140_300_0035,0140,300,sat_0140,1,1.0,sat_0140,0140,0.67703056,sat_0002,0.47956836,0.1974622,True
drone_0140_300_0036,0140,300,sat_0140,1,1.0,sat_0140,0140,0.7320142,sat_0174,0.4433277,0.28868648,True
drone_0140_300_0037,0140,300,sat_0140,1,1.0,sat_0140,0140,0.7728137,sat_0002,0.39769888,0.3751148,True
drone_0140_300_0038,0140,300,sat_0140,1,1.0,sat_0140,0140,0.7290992,sat_0164,0.45207182,0.2770274,True
drone_0140_300_0039,0140,300,sat_0140,1,1.0,sat_0140,0140,0.71707237,sat_0164,0.48285532,0.23421705,True
drone_0140_300_0040,0140,300,sat_0140,1,1.0,sat_0140,0140,0.7153805,sat_0164,0.37684086,0.33853963,True
drone_0140_300_0041,0140,300,sat_0140,1,1.0,sat_0140,0140,0.7531384,sat_0002,0.27138877,0.48174965,True
drone_0140_300_0042,0140,300,sat_0140,1,1.0,sat_0140,0140,0.66819644,sat_0002,0.28813058,0.38006586,True
drone_0140_300_0043,0140,300,sat_0140,1,1.0,sat_0140,0140,0.666294,sat_0002,0.3997292,0.2665648,True
drone_0140_300_0044,0140,300,sat_0140,1,1.0,sat_0140,0140,0.7002994,sat_0002,0.4393155,0.26098388,True
drone_0140_300_0045,0140,300,sat_0140,1,1.0,sat_0140,0140,0.7766408,sat_0002,0.46092072,0.31572005,True
drone_0140_300_0046,0140,300,sat_0140,1,1.0,sat_0140,0140,0.7816132,sat_0002,0.39566523,0.38594794,True
drone_0140_300_0047,0140,300,sat_0140,1,1.0,sat_0140,0140,0.76338273,sat_0002,0.38426894,0.3791138,True
drone_0140_300_0048,0140,300,sat_0140,1,1.0,sat_0140,0140,0.73551726,sat_0002,0.39295077,0.3425665,True
drone_0140_300_0049,0140,300,sat_0140,1,1.0,sat_0140,0140,0.7723439,sat_0002,0.43130413,0.34103975,True
drone_0144_300_0000,0144,300,sat_0144,1,1.0,sat_0144,0144,0.9114835,sat_0155,0.5629265,0.34855705,True
drone_0144_300_0001,0144,300,sat_0144,1,1.0,sat_0144,0144,0.9346856,sat_0155,0.5657914,0.36889416,True
drone_0144_300_0002,0144,300,sat_0144,1,1.0,sat_0144,0144,0.92113394,sat_0155,0.56534857,0.35578537,True
drone_0144_300_0003,0144,300,sat_0144,1,1.0,sat_0144,0144,0.9099758,sat_0155,0.58211064,0.32786518,True
drone_0144_300_0004,0144,300,sat_0144,1,1.0,sat_0144,0144,0.8923265,sat_0198,0.53726196,0.3550645,True
drone_0144_300_0005,0144,300,sat_0144,1,1.0,sat_0144,0144,0.9211781,sat_0198,0.54080373,0.38037437,True
drone_0144_300_0006,0144,300,sat_0144,1,1.0,sat_0144,0144,0.8988573,sat_0198,0.5692989,0.32955837,True
drone_0144_300_0007,0144,300,sat_0144,1,1.0,sat_0144,0144,0.89720726,sat_0198,0.6101083,0.28709894,True
drone_0144_300_0008,0144,300,sat_0144,1,1.0,sat_0144,0144,0.87760687,sat_0198,0.5557636,0.32184327,True
drone_0144_300_0009,0144,300,sat_0144,1,1.0,sat_0144,0144,0.88187313,sat_0155,0.55055195,0.33132118,True
drone_0144_300_0010,0144,300,sat_0144,1,1.0,sat_0144,0144,0.8740918,sat_0198,0.56463647,0.30945534,True
drone_0144_300_0011,0144,300,sat_0144,1,1.0,sat_0144,0144,0.8918842,sat_0198,0.55415905,0.33772516,True
drone_0144_300_0012,0144,300,sat_0144,1,1.0,sat_0144,0144,0.93809015,sat_0155,0.54192257,0.39616758,True
drone_0144_300_0013,0144,300,sat_0144,1,1.0,sat_0144,0144,0.9040613,sat_0155,0.57715714,0.32690418,True
drone_0144_300_0014,0144,300,sat_0144,1,1.0,sat_0144,0144,0.871023,sat_0155,0.57992905,0.29109395,True
drone_0144_300_0015,0144,300,sat_0144,1,1.0,sat_0144,0144,0.885756,sat_0198,0.55954653,0.3262095,True
drone_0144_300_0016,0144,300,sat_0144,1,1.0,sat_0144,0144,0.9177714,sat_0155,0.53465194,0.38311946,True
drone_0144_300_0017,0144,300,sat_0144,1,1.0,sat_0144,0144,0.94306636,sat_0155,0.5590545,0.38401186,True
drone_0144_300_0018,0144,300,sat_0144,1,1.0,sat_0144,0144,0.94397,sat_0155,0.5452568,0.39871323,True
drone_0144_300_0019,0144,300,sat_0144,1,1.0,sat_0144,0144,0.96753335,sat_0155,0.5364518,0.43108153,True
drone_0144_300_0020,0144,300,sat_0144,1,1.0,sat_0144,0144,0.97388506,sat_0155,0.4946654,0.47921965,True
drone_0144_300_0021,0144,300,sat_0144,1,1.0,sat_0144,0144,0.93552965,sat_0155,0.4534221,0.48210755,True
drone_0144_300_0022,0144,300,sat_0144,1,1.0,sat_0144,0144,0.94770277,sat_0198,0.46574,0.48196277,True
drone_0144_300_0023,0144,300,sat_0144,1,1.0,sat_0144,0144,0.939391,sat_0198,0.46943998,0.46995103,True
drone_0144_300_0024,0144,300,sat_0144,1,1.0,sat_0144,0144,0.92190146,sat_0155,0.49757868,0.42432278,True
drone_0144_300_0025,0144,300,sat_0144,1,1.0,sat_0144,0144,0.91791856,sat_0155,0.49563485,0.4222837,True
drone_0144_300_0026,0144,300,sat_0144,1,1.0,sat_0144,0144,0.8925316,sat_0198,0.5064778,0.3860538,True
drone_0144_300_0027,0144,300,sat_0144,1,1.0,sat_0144,0144,0.8354713,sat_0155,0.5261309,0.30934036,True
drone_0144_300_0028,0144,300,sat_0144,1,1.0,sat_0144,0144,0.7665733,sat_0155,0.54054743,0.22602588,True
drone_0144_300_0029,0144,300,sat_0144,1,1.0,sat_0144,0144,0.7592182,sat_0155,0.5157061,0.2435121,True
drone_0144_300_0030,0144,300,sat_0144,1,1.0,sat_0144,0144,0.89110166,sat_0198,0.5234326,0.36766905,True
drone_0144_300_0031,0144,300,sat_0144,1,1.0,sat_0144,0144,0.9240961,sat_0155,0.5198407,0.4042554,True
drone_0144_300_0032,0144,300,sat_0144,1,1.0,sat_0144,0144,0.84831184,sat_0198,0.5115374,0.33677447,True
drone_0144_300_0033,0144,300,sat_0144,1,1.0,sat_0144,0144,0.7609527,sat_0198,0.5551407,0.20581204,True
drone_0144_300_0034,0144,300,sat_0144,1,1.0,sat_0144,0144,0.8417003,sat_0198,0.5384869,0.30321342,True
drone_0144_300_0035,0144,300,sat_0144,1,1.0,sat_0144,0144,0.84112895,sat_0155,0.5611097,0.28001922,True
drone_0144_300_0036,0144,300,sat_0144,1,1.0,sat_0144,0144,0.86273533,sat_0155,0.5682856,0.29444975,True
drone_0144_300_0037,0144,300,sat_0144,1,1.0,sat_0144,0144,0.9305462,sat_0155,0.59875405,0.33179218,True
drone_0144_300_0038,0144,300,sat_0144,1,1.0,sat_0144,0144,0.93658596,sat_0155,0.6067903,0.32979566,True
drone_0144_300_0039,0144,300,sat_0144,1,1.0,sat_0144,0144,0.9431419,sat_0155,0.59364283,0.34949905,True
drone_0144_300_0040,0144,300,sat_0144,1,1.0,sat_0144,0144,0.9684819,sat_0155,0.5347763,0.43370563,True
drone_0144_300_0041,0144,300,sat_0144,1,1.0,sat_0144,0144,0.9590096,sat_0155,0.52786475,0.43114483,True
drone_0144_300_0042,0144,300,sat_0144,1,1.0,sat_0144,0144,0.96302754,sat_0155,0.5342971,0.42873043,True
drone_0144_300_0043,0144,300,sat_0144,1,1.0,sat_0144,0144,0.9557333,sat_0155,0.5922775,0.36345577,True
drone_0144_300_0044,0144,300,sat_0144,1,1.0,sat_0144,0144,0.9231898,sat_0155,0.6032266,0.31996322,True
drone_0144_300_0045,0144,300,sat_0144,1,1.0,sat_0144,0144,0.9085184,sat_0155,0.6404691,0.2680493,True
drone_0144_300_0046,0144,300,sat_0144,1,1.0,sat_0144,0144,0.9376874,sat_0155,0.6371535,0.3005339,True
drone_0144_300_0047,0144,300,sat_0144,1,1.0,sat_0144,0144,0.9575081,sat_0155,0.6152183,0.3422898,True
drone_0144_300_0048,0144,300,sat_0144,1,1.0,sat_0144,0144,0.9347427,sat_0155,0.6319704,0.30277228,True
drone_0144_300_0049,0144,300,sat_0144,1,1.0,sat_0144,0144,0.9495931,sat_0155,0.6141882,0.33540493,True
drone_0151_300_0000,0151,300,sat_0151,1,1.0,sat_0151,0151,0.787081,sat_0186,0.5377026,0.24937838,True
drone_0151_300_0001,0151,300,sat_0151,1,1.0,sat_0151,0151,0.77285,sat_0186,0.57167464,0.20117533,True
drone_0151_300_0002,0151,300,sat_0151,1,1.0,sat_0151,0151,0.80388373,sat_0186,0.5268998,0.27698392,True
drone_0151_300_0003,0151,300,sat_0151,1,1.0,sat_0151,0151,0.7805073,sat_0186,0.5960394,0.18446791,True
drone_0151_300_0004,0151,300,sat_0151,1,1.0,sat_0151,0151,0.74651223,sat_0186,0.5444691,0.20204312,True
drone_0151_300_0005,0151,300,sat_0151,1,1.0,sat_0151,0151,0.71415305,sat_0186,0.6082303,0.10592276,True
drone_0151_300_0006,0151,300,sat_0151,1,1.0,sat_0151,0151,0.6936835,sat_0186,0.5936113,0.100072205,True
drone_0151_300_0007,0151,300,sat_0151,1,1.0,sat_0151,0151,0.69430345,sat_0186,0.63682824,0.05747521,True
drone_0151_300_0008,0151,300,sat_0151,1,1.0,sat_0151,0151,0.66728765,sat_0186,0.62887156,0.038416088,True
drone_0151_300_0009,0151,300,sat_0151,1,1.0,sat_0151,0151,0.6707775,sat_0186,0.6080653,0.06271219,True
drone_0151_300_0010,0151,300,sat_0151,1,1.0,sat_0151,0151,0.7367979,sat_0169,0.50080115,0.23599678,True
drone_0151_300_0011,0151,300,sat_0151,1,1.0,sat_0151,0151,0.76548445,sat_0186,0.5964194,0.16906506,True
drone_0151_300_0012,0151,300,sat_0151,1,1.0,sat_0151,0151,0.73880017,sat_0186,0.648028,0.09077215,True
drone_0151_300_0013,0151,300,sat_0151,1,1.0,sat_0151,0151,0.7275399,sat_0186,0.5843017,0.14323819,True
drone_0151_300_0014,0151,300,sat_0151,1,1.0,sat_0151,0151,0.7321349,sat_0186,0.5852984,0.14683646,True
drone_0151_300_0015,0151,300,sat_0151,1,1.0,sat_0151,0151,0.75228184,sat_0186,0.61285794,0.1394239,True
drone_0151_300_0016,0151,300,sat_0151,1,1.0,sat_0151,0151,0.7721593,sat_0186,0.57176733,0.20039195,True
drone_0151_300_0017,0151,300,sat_0151,1,1.0,sat_0151,0151,0.704968,sat_0186,0.67149955,0.033468425,True
drone_0151_300_0018,0151,300,sat_0151,1,1.0,sat_0151,0151,0.70038056,sat_0186,0.6417772,0.058603346,True
drone_0151_300_0019,0151,300,sat_0151,1,1.0,sat_0151,0151,0.68942577,sat_0169,0.5952224,0.09420335,True
drone_0151_300_0020,0151,300,sat_0151,1,1.0,sat_0151,0151,0.7288537,sat_0186,0.5477953,0.1810584,True
drone_0151_300_0021,0151,300,sat_0151,1,1.0,sat_0151,0151,0.67115885,sat_0186,0.60496366,0.06619519,True
drone_0151_300_0022,0151,300,sat_0151,1,1.0,sat_0151,0151,0.6878236,sat_0186,0.5631744,0.12464917,True
drone_0151_300_0023,0151,300,sat_0151,1,1.0,sat_0151,0151,0.64314854,sat_0186,0.6225143,0.020634234,True
drone_0151_300_0024,0151,300,sat_0151,2,0.5,sat_0186,0186,0.7198334,sat_0151,0.6527817,0.06705165,False
drone_0151_300_0025,0151,300,sat_0151,2,0.5,sat_0186,0186,0.7379268,sat_0151,0.6709652,0.06696159,False
drone_0151_300_0026,0151,300,sat_0151,1,1.0,sat_0151,0151,0.59809124,sat_0186,0.5764651,0.021626174,True
drone_0151_300_0027,0151,300,sat_0151,2,0.5,sat_0186,0186,0.7366593,sat_0151,0.5923787,0.14428061,False
drone_0151_300_0028,0151,300,sat_0151,2,0.5,sat_0186,0186,0.703507,sat_0151,0.60674787,0.09675914,False
drone_0151_300_0029,0151,300,sat_0151,2,0.5,sat_0186,0186,0.717598,sat_0151,0.6113208,0.10627723,False
drone_0151_300_0030,0151,300,sat_0151,2,0.5,sat_0186,0186,0.7094054,sat_0151,0.63412285,0.07528257,False
drone_0151_300_0031,0151,300,sat_0151,2,0.5,sat_0186,0186,0.75384396,sat_0151,0.64695555,0.10688841,False
drone_0151_300_0032,0151,300,sat_0151,2,0.5,sat_0186,0186,0.7485776,sat_0151,0.72963625,0.018941343,False
drone_0151_300_0033,0151,300,sat_0151,1,1.0,sat_0151,0151,0.75935066,sat_0186,0.7377361,0.021614552,True
drone_0151_300_0034,0151,300,sat_0151,1,1.0,sat_0151,0151,0.81473404,sat_0186,0.6614851,0.15324897,True
drone_0151_300_0035,0151,300,sat_0151,1,1.0,sat_0151,0151,0.8169099,sat_0186,0.6405079,0.17640203,True
drone_0151_300_0036,0151,300,sat_0151,1,1.0,sat_0151,0151,0.7787513,sat_0186,0.7187239,0.06002742,True
drone_0151_300_0037,0151,300,sat_0151,1,1.0,sat_0151,0151,0.7807627,sat_0186,0.614965,0.16579765,True
drone_0151_300_0038,0151,300,sat_0151,1,1.0,sat_0151,0151,0.7991865,sat_0186,0.5701841,0.22900242,True
drone_0151_300_0039,0151,300,sat_0151,1,1.0,sat_0151,0151,0.81227916,sat_0186,0.57379735,0.23848182,True
drone_0151_300_0040,0151,300,sat_0151,1,1.0,sat_0151,0151,0.8273867,sat_0186,0.6701019,0.1572848,True
drone_0151_300_0041,0151,300,sat_0151,1,1.0,sat_0151,0151,0.7877798,sat_0186,0.69128793,0.09649187,True
drone_0151_300_0042,0151,300,sat_0151,1,1.0,sat_0151,0151,0.79960096,sat_0186,0.65993863,0.13966233,True
drone_0151_300_0043,0151,300,sat_0151,1,1.0,sat_0151,0151,0.7968608,sat_0186,0.6247411,0.17211974,True
drone_0151_300_0044,0151,300,sat_0151,1,1.0,sat_0151,0151,0.78960925,sat_0186,0.6639342,0.12567508,True
drone_0151_300_0045,0151,300,sat_0151,1,1.0,sat_0151,0151,0.7705974,sat_0186,0.59517497,0.17542243,True
drone_0151_300_0046,0151,300,sat_0151,1,1.0,sat_0151,0151,0.76410556,sat_0186,0.6526462,0.111459374,True
drone_0151_300_0047,0151,300,sat_0151,1,1.0,sat_0151,0151,0.7223116,sat_0186,0.5918604,0.1304512,True
drone_0151_300_0048,0151,300,sat_0151,1,1.0,sat_0151,0151,0.717588,sat_0186,0.5281378,0.1894502,True
drone_0151_300_0049,0151,300,sat_0151,1,1.0,sat_0151,0151,0.7195077,sat_0186,0.5494338,0.17007387,True
drone_0152_300_0000,0152,300,sat_0152,1,1.0,sat_0152,0152,0.8885974,sat_0189,0.664338,0.22425944,True
drone_0152_300_0001,0152,300,sat_0152,1,1.0,sat_0152,0152,0.88894504,sat_0189,0.6743574,0.21458763,True
drone_0152_300_0002,0152,300,sat_0152,1,1.0,sat_0152,0152,0.8848539,sat_0189,0.6581019,0.22675198,True
drone_0152_300_0003,0152,300,sat_0152,1,1.0,sat_0152,0152,0.90315497,sat_0189,0.6729326,0.23022234,True
drone_0152_300_0004,0152,300,sat_0152,1,1.0,sat_0152,0152,0.906645,sat_0189,0.6799511,0.22669393,True
drone_0152_300_0005,0152,300,sat_0152,1,1.0,sat_0152,0152,0.9257677,sat_0189,0.69212925,0.23363847,True
drone_0152_300_0006,0152,300,sat_0152,1,1.0,sat_0152,0152,0.9273248,sat_0189,0.6770947,0.25023007,True
drone_0152_300_0007,0152,300,sat_0152,1,1.0,sat_0152,0152,0.9272367,sat_0189,0.6563331,0.2709036,True
drone_0152_300_0008,0152,300,sat_0152,1,1.0,sat_0152,0152,0.9222708,sat_0189,0.6621707,0.26010007,True
drone_0152_300_0009,0152,300,sat_0152,1,1.0,sat_0152,0152,0.9345874,sat_0189,0.65902984,0.27555758,True
drone_0152_300_0010,0152,300,sat_0152,1,1.0,sat_0152,0152,0.93145436,sat_0189,0.6691808,0.26227355,True
drone_0152_300_0011,0152,300,sat_0152,1,1.0,sat_0152,0152,0.9326287,sat_0189,0.6661081,0.26652062,True
drone_0152_300_0012,0152,300,sat_0152,1,1.0,sat_0152,0152,0.92047393,sat_0189,0.6678531,0.25262082,True
drone_0152_300_0013,0152,300,sat_0152,1,1.0,sat_0152,0152,0.9135322,sat_0189,0.65358627,0.25994593,True
drone_0152_300_0014,0152,300,sat_0152,1,1.0,sat_0152,0152,0.91886526,sat_0189,0.6522216,0.26664364,True
drone_0152_300_0015,0152,300,sat_0152,1,1.0,sat_0152,0152,0.91327196,sat_0189,0.62434757,0.2889244,True
drone_0152_300_0016,0152,300,sat_0152,1,1.0,sat_0152,0152,0.9071752,sat_0189,0.6150234,0.2921518,True
drone_0152_300_0017,0152,300,sat_0152,1,1.0,sat_0152,0152,0.8993813,sat_0189,0.6031138,0.2962675,True
drone_0152_300_0018,0152,300,sat_0152,1,1.0,sat_0152,0152,0.9161071,sat_0189,0.63474923,0.28135788,True
drone_0152_300_0019,0152,300,sat_0152,1,1.0,sat_0152,0152,0.9311026,sat_0189,0.6426909,0.28841168,True
drone_0152_300_0020,0152,300,sat_0152,1,1.0,sat_0152,0152,0.9264242,sat_0189,0.6164539,0.30997032,True
drone_0152_300_0021,0152,300,sat_0152,1,1.0,sat_0152,0152,0.9300407,sat_0189,0.64901567,0.28102505,True
drone_0152_300_0022,0152,300,sat_0152,1,1.0,sat_0152,0152,0.91925836,sat_0189,0.6133821,0.30587626,True
drone_0152_300_0023,0152,300,sat_0152,1,1.0,sat_0152,0152,0.8958666,sat_0189,0.59908843,0.29677814,True
drone_0152_300_0024,0152,300,sat_0152,1,1.0,sat_0152,0152,0.90423715,sat_0189,0.6260968,0.27814037,True
drone_0152_300_0025,0152,300,sat_0152,1,1.0,sat_0152,0152,0.89000964,sat_0189,0.6180331,0.27197653,True
drone_0152_300_0026,0152,300,sat_0152,1,1.0,sat_0152,0152,0.9173566,sat_0189,0.6502694,0.26708722,True
drone_0152_300_0027,0152,300,sat_0152,1,1.0,sat_0152,0152,0.90037704,sat_0189,0.6661368,0.23424023,True
drone_0152_300_0028,0152,300,sat_0152,1,1.0,sat_0152,0152,0.9000533,sat_0189,0.67215097,0.22790235,True
drone_0152_300_0029,0152,300,sat_0152,1,1.0,sat_0152,0152,0.8766375,sat_0189,0.6550871,0.2215504,True
drone_0152_300_0030,0152,300,sat_0152,1,1.0,sat_0152,0152,0.884177,sat_0189,0.68073964,0.20343739,True
drone_0152_300_0031,0152,300,sat_0152,1,1.0,sat_0152,0152,0.8959846,sat_0189,0.67129177,0.22469282,True
drone_0152_300_0032,0152,300,sat_0152,1,1.0,sat_0152,0152,0.9043867,sat_0189,0.700476,0.20391071,True
drone_0152_300_0033,0152,300,sat_0152,1,1.0,sat_0152,0152,0.90328383,sat_0189,0.7047287,0.19855511,True
drone_0152_300_0034,0152,300,sat_0152,1,1.0,sat_0152,0152,0.88049513,sat_0189,0.686011,0.19448411,True
drone_0152_300_0035,0152,300,sat_0152,1,1.0,sat_0152,0152,0.8468731,sat_0189,0.6617956,0.18507749,True
drone_0152_300_0036,0152,300,sat_0152,1,1.0,sat_0152,0152,0.87899196,sat_0189,0.67782253,0.20116943,True
drone_0152_300_0037,0152,300,sat_0152,1,1.0,sat_0152,0152,0.8522458,sat_0189,0.63784105,0.21440476,True
drone_0152_300_0038,0152,300,sat_0152,1,1.0,sat_0152,0152,0.8357018,sat_0189,0.5921398,0.24356204,True
drone_0152_300_0039,0152,300,sat_0152,1,1.0,sat_0152,0152,0.85989535,sat_0189,0.57904816,0.2808472,True
drone_0152_300_0040,0152,300,sat_0152,1,1.0,sat_0152,0152,0.89169574,sat_0088,0.5985004,0.29319537,True
drone_0152_300_0041,0152,300,sat_0152,1,1.0,sat_0152,0152,0.89591664,sat_0189,0.5819819,0.31393474,True
drone_0152_300_0042,0152,300,sat_0152,1,1.0,sat_0152,0152,0.8771184,sat_0189,0.55903906,0.31807935,True
drone_0152_300_0043,0152,300,sat_0152,1,1.0,sat_0152,0152,0.8694624,sat_0189,0.5630084,0.30645394,True
drone_0152_300_0044,0152,300,sat_0152,1,1.0,sat_0152,0152,0.87491333,sat_0189,0.56171685,0.31319648,True
drone_0152_300_0045,0152,300,sat_0152,1,1.0,sat_0152,0152,0.9046088,sat_0189,0.5930796,0.31152916,True
drone_0152_300_0046,0152,300,sat_0152,1,1.0,sat_0152,0152,0.8807584,sat_0189,0.56788373,0.31287467,True
drone_0152_300_0047,0152,300,sat_0152,1,1.0,sat_0152,0152,0.8816196,sat_0189,0.5720464,0.30957317,True
drone_0152_300_0048,0152,300,sat_0152,1,1.0,sat_0152,0152,0.8953643,sat_0189,0.6022787,0.29308558,True
drone_0152_300_0049,0152,300,sat_0152,1,1.0,sat_0152,0152,0.90952957,sat_0189,0.62499946,0.2845301,True
drone_0155_300_0000,0155,300,sat_0155,1,1.0,sat_0155,0155,0.6284987,sat_0164,0.4055376,0.22296107,True
drone_0155_300_0001,0155,300,sat_0155,1,1.0,sat_0155,0155,0.62019414,sat_0164,0.4055897,0.21460444,True
drone_0155_300_0002,0155,300,sat_0155,1,1.0,sat_0155,0155,0.6300076,sat_0008,0.37221047,0.25779715,True
drone_0155_300_0003,0155,300,sat_0155,1,1.0,sat_0155,0155,0.6739639,sat_0008,0.3793888,0.2945751,True
drone_0155_300_0004,0155,300,sat_0155,1,1.0,sat_0155,0155,0.6217219,sat_0008,0.4576139,0.16410804,True
drone_0155_300_0005,0155,300,sat_0155,1,1.0,sat_0155,0155,0.6080392,sat_0008,0.45677772,0.15126148,True
drone_0155_300_0006,0155,300,sat_0155,1,1.0,sat_0155,0155,0.5948361,sat_0164,0.45689374,0.13794237,True
drone_0155_300_0007,0155,300,sat_0155,1,1.0,sat_0155,0155,0.64574534,sat_0164,0.44952655,0.19621879,True
drone_0155_300_0008,0155,300,sat_0155,1,1.0,sat_0155,0155,0.6767911,sat_0164,0.45613056,0.22066051,True
drone_0155_300_0009,0155,300,sat_0155,1,1.0,sat_0155,0155,0.67791253,sat_0164,0.46697062,0.21094191,True
drone_0155_300_0010,0155,300,sat_0155,1,1.0,sat_0155,0155,0.719144,sat_0164,0.412594,0.30655,True
drone_0155_300_0011,0155,300,sat_0155,1,1.0,sat_0155,0155,0.7544121,sat_0144,0.37343702,0.3809751,True
drone_0155_300_0012,0155,300,sat_0155,1,1.0,sat_0155,0155,0.7158898,sat_0164,0.3773235,0.3385663,True
drone_0155_300_0013,0155,300,sat_0155,1,1.0,sat_0155,0155,0.61873627,sat_0164,0.4382667,0.18046957,True
drone_0155_300_0014,0155,300,sat_0155,1,1.0,sat_0155,0155,0.70474327,sat_0144,0.3714409,0.33330238,True
drone_0155_300_0015,0155,300,sat_0155,1,1.0,sat_0155,0155,0.7359429,sat_0164,0.32828763,0.40765527,True
drone_0155_300_0016,0155,300,sat_0155,1,1.0,sat_0155,0155,0.72378194,sat_0008,0.40351307,0.32026887,True
drone_0155_300_0017,0155,300,sat_0155,1,1.0,sat_0155,0155,0.7071674,sat_0144,0.4052382,0.30192918,True
drone_0155_300_0018,0155,300,sat_0155,1,1.0,sat_0155,0155,0.6183326,sat_0058,0.42043126,0.19790137,True
drone_0155_300_0019,0155,300,sat_0155,1,1.0,sat_0155,0155,0.6636286,sat_0058,0.5158632,0.1477654,True
drone_0155_300_0020,0155,300,sat_0155,1,1.0,sat_0155,0155,0.612801,sat_0058,0.5124267,0.10037434,True
drone_0155_300_0021,0155,300,sat_0155,1,1.0,sat_0155,0155,0.58947307,sat_0144,0.44195515,0.14751792,True
drone_0155_300_0022,0155,300,sat_0155,1,1.0,sat_0155,0155,0.72501534,sat_0144,0.5369102,0.18810517,True
drone_0155_300_0023,0155,300,sat_0155,1,1.0,sat_0155,0155,0.74416924,sat_0144,0.6005723,0.14359695,True
drone_0155_300_0024,0155,300,sat_0155,1,1.0,sat_0155,0155,0.60953325,sat_0144,0.48507893,0.12445432,True
drone_0155_300_0025,0155,300,sat_0155,1,1.0,sat_0155,0155,0.5764047,sat_0144,0.50873184,0.06767285,True
drone_0155_300_0026,0155,300,sat_0155,1,1.0,sat_0155,0155,0.56740004,sat_0144,0.34781075,0.2195893,True
drone_0155_300_0027,0155,300,sat_0155,1,1.0,sat_0155,0155,0.4836778,sat_0008,0.36084527,0.12283254,True
drone_0155_300_0028,0155,300,sat_0155,1,1.0,sat_0155,0155,0.63094145,sat_0144,0.40077063,0.23017082,True
drone_0155_300_0029,0155,300,sat_0155,1,1.0,sat_0155,0155,0.6779734,sat_0058,0.43725356,0.24071983,True
drone_0155_300_0030,0155,300,sat_0155,1,1.0,sat_0155,0155,0.6578948,sat_0058,0.47438878,0.18350601,True
drone_0155_300_0031,0155,300,sat_0155,1,1.0,sat_0155,0155,0.72402,sat_0144,0.5432904,0.18072963,True
drone_0155_300_0032,0155,300,sat_0155,1,1.0,sat_0155,0155,0.7667548,sat_0144,0.49268946,0.27406535,True
drone_0155_300_0033,0155,300,sat_0155,1,1.0,sat_0155,0155,0.84599465,sat_0144,0.56323326,0.2827614,True
drone_0155_300_0034,0155,300,sat_0155,1,1.0,sat_0155,0155,0.7952249,sat_0144,0.5505321,0.2446928,True
drone_0155_300_0035,0155,300,sat_0155,1,1.0,sat_0155,0155,0.79411507,sat_0144,0.48780695,0.30630812,True
drone_0155_300_0036,0155,300,sat_0155,1,1.0,sat_0155,0155,0.8349706,sat_0144,0.46674162,0.36822897,True
drone_0155_300_0037,0155,300,sat_0155,1,1.0,sat_0155,0155,0.7582871,sat_0008,0.46133202,0.29695505,True
drone_0155_300_0038,0155,300,sat_0155,1,1.0,sat_0155,0155,0.7663109,sat_0144,0.4249314,0.34137946,True
drone_0155_300_0039,0155,300,sat_0155,1,1.0,sat_0155,0155,0.7164655,sat_0058,0.46211675,0.25434873,True
drone_0155_300_0040,0155,300,sat_0155,1,1.0,sat_0155,0155,0.75894964,sat_0058,0.54258144,0.2163682,True
drone_0155_300_0041,0155,300,sat_0155,1,1.0,sat_0155,0155,0.6920829,sat_0008,0.4627444,0.22933847,True
drone_0155_300_0042,0155,300,sat_0155,1,1.0,sat_0155,0155,0.76224416,sat_0008,0.42311728,0.33912688,True
drone_0155_300_0043,0155,300,sat_0155,1,1.0,sat_0155,0155,0.80156666,sat_0144,0.45388788,0.34767878,True
drone_0155_300_0044,0155,300,sat_0155,1,1.0,sat_0155,0155,0.67979634,sat_0164,0.41382203,0.2659743,True
drone_0155_300_0045,0155,300,sat_0155,1,1.0,sat_0155,0155,0.71752554,sat_0008,0.3757391,0.34178644,True
drone_0155_300_0046,0155,300,sat_0155,1,1.0,sat_0155,0155,0.6452911,sat_0164,0.4279983,0.21729279,True
drone_0155_300_0047,0155,300,sat_0155,1,1.0,sat_0155,0155,0.68108386,sat_0008,0.41978332,0.26130053,True
drone_0155_300_0048,0155,300,sat_0155,1,1.0,sat_0155,0155,0.6187337,sat_0164,0.42607236,0.19266135,True
drone_0155_300_0049,0155,300,sat_0155,1,1.0,sat_0155,0155,0.6403885,sat_0164,0.42787212,0.21251637,True
drone_0164_300_0000,0164,300,sat_0164,1,1.0,sat_0164,0164,0.91969013,sat_0027,0.3983811,0.521309,True
drone_0164_300_0001,0164,300,sat_0164,1,1.0,sat_0164,0164,0.9165022,sat_0027,0.42219865,0.49430352,True
drone_0164_300_0002,0164,300,sat_0164,1,1.0,sat_0164,0164,0.9152807,sat_0027,0.43129626,0.48398444,True
drone_0164_300_0003,0164,300,sat_0164,1,1.0,sat_0164,0164,0.9188585,sat_0027,0.39820194,0.5206566,True
drone_0164_300_0004,0164,300,sat_0164,1,1.0,sat_0164,0164,0.93074733,sat_0027,0.39894268,0.5318047,True
drone_0164_300_0005,0164,300,sat_0164,1,1.0,sat_0164,0164,0.9141618,sat_0027,0.41651344,0.49764836,True
drone_0164_300_0006,0164,300,sat_0164,1,1.0,sat_0164,0164,0.9127294,sat_0140,0.3627301,0.5499993,True
drone_0164_300_0007,0164,300,sat_0164,1,1.0,sat_0164,0164,0.92233676,sat_0140,0.3648696,0.55746716,True
drone_0164_300_0008,0164,300,sat_0164,1,1.0,sat_0164,0164,0.90807164,sat_0140,0.43853396,0.46953768,True
drone_0164_300_0009,0164,300,sat_0164,1,1.0,sat_0164,0164,0.889747,sat_0140,0.45158428,0.43816274,True
drone_0164_300_0010,0164,300,sat_0164,1,1.0,sat_0164,0164,0.8763853,sat_0140,0.4935935,0.38279176,True
drone_0164_300_0011,0164,300,sat_0164,1,1.0,sat_0164,0164,0.87546515,sat_0027,0.43251416,0.442951,True
drone_0164_300_0012,0164,300,sat_0164,1,1.0,sat_0164,0164,0.8864046,sat_0027,0.46337995,0.42302462,True
drone_0164_300_0013,0164,300,sat_0164,1,1.0,sat_0164,0164,0.8534842,sat_0027,0.5085224,0.34496182,True
drone_0164_300_0014,0164,300,sat_0164,1,1.0,sat_0164,0164,0.8905722,sat_0027,0.40023094,0.49034125,True
drone_0164_300_0015,0164,300,sat_0164,1,1.0,sat_0164,0164,0.86117446,sat_0027,0.41634998,0.4448245,True
drone_0164_300_0016,0164,300,sat_0164,1,1.0,sat_0164,0164,0.83300066,sat_0027,0.46653336,0.3664673,True
drone_0164_300_0017,0164,300,sat_0164,1,1.0,sat_0164,0164,0.8617378,sat_0027,0.4083496,0.45338818,True
drone_0164_300_0018,0164,300,sat_0164,1,1.0,sat_0164,0164,0.8275615,sat_0008,0.3125514,0.5150101,True
drone_0164_300_0019,0164,300,sat_0164,1,1.0,sat_0164,0164,0.7868593,sat_0008,0.3934608,0.39339846,True
drone_0164_300_0020,0164,300,sat_0164,1,1.0,sat_0164,0164,0.75909334,sat_0174,0.4256942,0.33339915,True
drone_0164_300_0021,0164,300,sat_0164,1,1.0,sat_0164,0164,0.73425,sat_0008,0.41506335,0.31918666,True
drone_0164_300_0022,0164,300,sat_0164,1,1.0,sat_0164,0164,0.7556409,sat_0008,0.43846774,0.31717318,True
drone_0164_300_0023,0164,300,sat_0164,1,1.0,sat_0164,0164,0.71179634,sat_0002,0.3636257,0.34817064,True
drone_0164_300_0024,0164,300,sat_0164,1,1.0,sat_0164,0164,0.780152,sat_0008,0.38617152,0.3939805,True
drone_0164_300_0025,0164,300,sat_0164,1,1.0,sat_0164,0164,0.76117194,sat_0008,0.43253982,0.32863212,True
drone_0164_300_0026,0164,300,sat_0164,1,1.0,sat_0164,0164,0.7514654,sat_0008,0.40174913,0.34971625,True
drone_0164_300_0027,0164,300,sat_0164,1,1.0,sat_0164,0164,0.8680869,sat_0008,0.27629063,0.5917963,True
drone_0164_300_0028,0164,300,sat_0164,1,1.0,sat_0164,0164,0.85968906,sat_0008,0.30958918,0.55009985,True
drone_0164_300_0029,0164,300,sat_0164,1,1.0,sat_0164,0164,0.8580182,sat_0174,0.26759407,0.5904242,True
drone_0164_300_0030,0164,300,sat_0164,1,1.0,sat_0164,0164,0.84759694,sat_0140,0.23681878,0.61077815,True
drone_0164_300_0031,0164,300,sat_0164,1,1.0,sat_0164,0164,0.85584986,sat_0140,0.3063319,0.549518,True
drone_0164_300_0032,0164,300,sat_0164,1,1.0,sat_0164,0164,0.8675954,sat_0140,0.31280273,0.55479264,True
drone_0164_300_0033,0164,300,sat_0164,1,1.0,sat_0164,0164,0.838104,sat_0140,0.26993006,0.56817394,True
drone_0164_300_0034,0164,300,sat_0164,1,1.0,sat_0164,0164,0.82705,sat_0140,0.34204212,0.48500785,True
drone_0164_300_0035,0164,300,sat_0164,1,1.0,sat_0164,0164,0.84645754,sat_0027,0.31632078,0.53013676,True
drone_0164_300_0036,0164,300,sat_0164,1,1.0,sat_0164,0164,0.87634295,sat_0008,0.2607596,0.61558336,True
drone_0164_300_0037,0164,300,sat_0164,1,1.0,sat_0164,0164,0.80213493,sat_0155,0.30081734,0.5013176,True
drone_0164_300_0038,0164,300,sat_0164,1,1.0,sat_0164,0164,0.7514117,sat_0008,0.38329804,0.36811364,True
drone_0164_300_0039,0164,300,sat_0164,1,1.0,sat_0164,0164,0.7864355,sat_0008,0.4312092,0.35522628,True
drone_0164_300_0040,0164,300,sat_0164,1,1.0,sat_0164,0164,0.82353073,sat_0008,0.3747005,0.44883025,True
drone_0164_300_0041,0164,300,sat_0164,1,1.0,sat_0164,0164,0.83092785,sat_0008,0.32943982,0.50148803,True
drone_0164_300_0042,0164,300,sat_0164,1,1.0,sat_0164,0164,0.8349728,sat_0008,0.35967374,0.47529906,True
drone_0164_300_0043,0164,300,sat_0164,1,1.0,sat_0164,0164,0.8151715,sat_0008,0.35260856,0.46256292,True
drone_0164_300_0044,0164,300,sat_0164,1,1.0,sat_0164,0164,0.8737627,sat_0008,0.38723326,0.48652947,True
drone_0164_300_0045,0164,300,sat_0164,1,1.0,sat_0164,0164,0.84965515,sat_0008,0.3626954,0.48695976,True
drone_0164_300_0046,0164,300,sat_0164,1,1.0,sat_0164,0164,0.90585226,sat_0027,0.3146243,0.59122795,True
drone_0164_300_0047,0164,300,sat_0164,1,1.0,sat_0164,0164,0.85616493,sat_0186,0.3537721,0.5023928,True
drone_0164_300_0048,0164,300,sat_0164,1,1.0,sat_0164,0164,0.86736816,sat_0027,0.34490937,0.5224588,True
drone_0164_300_0049,0164,300,sat_0164,1,1.0,sat_0164,0164,0.8932725,sat_0027,0.39613393,0.4971386,True
drone_0167_300_0000,0167,300,sat_0167,1,1.0,sat_0167,0167,0.87149435,sat_0182,0.71401435,0.15748,True
drone_0167_300_0001,0167,300,sat_0167,1,1.0,sat_0167,0167,0.8634648,sat_0182,0.7294822,0.1339826,True
drone_0167_300_0002,0167,300,sat_0167,1,1.0,sat_0167,0167,0.8586341,sat_0182,0.7421441,0.11649001,True
drone_0167_300_0003,0167,300,sat_0167,1,1.0,sat_0167,0167,0.8597751,sat_0182,0.7200976,0.13967752,True
drone_0167_300_0004,0167,300,sat_0167,1,1.0,sat_0167,0167,0.8568907,sat_0182,0.7167641,0.14012659,True
drone_0167_300_0005,0167,300,sat_0167,1,1.0,sat_0167,0167,0.85462594,sat_0182,0.7135362,0.14108974,True
drone_0167_300_0006,0167,300,sat_0167,1,1.0,sat_0167,0167,0.8462881,sat_0182,0.7308685,0.11541957,True
drone_0167_300_0007,0167,300,sat_0167,1,1.0,sat_0167,0167,0.85021245,sat_0182,0.7302486,0.119963884,True
drone_0167_300_0008,0167,300,sat_0167,1,1.0,sat_0167,0167,0.8635814,sat_0182,0.7248615,0.13871992,True
drone_0167_300_0009,0167,300,sat_0167,1,1.0,sat_0167,0167,0.8523117,sat_0182,0.73469716,0.11761451,True
drone_0167_300_0010,0167,300,sat_0167,1,1.0,sat_0167,0167,0.8482515,sat_0182,0.7486884,0.09956312,True
drone_0167_300_0011,0167,300,sat_0167,1,1.0,sat_0167,0167,0.8486438,sat_0182,0.768458,0.08018577,True
drone_0167_300_0012,0167,300,sat_0167,1,1.0,sat_0167,0167,0.8519603,sat_0182,0.76930195,0.08265835,True
drone_0167_300_0013,0167,300,sat_0167,1,1.0,sat_0167,0167,0.836717,sat_0182,0.7898394,0.046877623,True
drone_0167_300_0014,0167,300,sat_0167,1,1.0,sat_0167,0167,0.846997,sat_0182,0.7835381,0.06345892,True
drone_0167_300_0015,0167,300,sat_0167,1,1.0,sat_0167,0167,0.84667766,sat_0182,0.79218566,0.054491997,True
drone_0167_300_0016,0167,300,sat_0167,1,1.0,sat_0167,0167,0.85246146,sat_0182,0.7690004,0.083461046,True
drone_0167_300_0017,0167,300,sat_0167,1,1.0,sat_0167,0167,0.84311664,sat_0182,0.7690934,0.07402325,True
drone_0167_300_0018,0167,300,sat_0167,1,1.0,sat_0167,0167,0.82911575,sat_0182,0.80577266,0.023343086,True
drone_0167_300_0019,0167,300,sat_0167,1,1.0,sat_0167,0167,0.8646337,sat_0182,0.79092574,0.07370794,True
drone_0167_300_0020,0167,300,sat_0167,1,1.0,sat_0167,0167,0.8811446,sat_0182,0.78356564,0.09757894,True
drone_0167_300_0021,0167,300,sat_0167,1,1.0,sat_0167,0167,0.89179885,sat_0182,0.77342427,0.118374586,True
drone_0167_300_0022,0167,300,sat_0167,1,1.0,sat_0167,0167,0.8725945,sat_0182,0.790142,0.082452476,True
drone_0167_300_0023,0167,300,sat_0167,1,1.0,sat_0167,0167,0.8695808,sat_0182,0.7947727,0.07480812,True
drone_0167_300_0024,0167,300,sat_0167,1,1.0,sat_0167,0167,0.8518368,sat_0182,0.80752945,0.04430735,True
drone_0167_300_0025,0167,300,sat_0167,1,1.0,sat_0167,0167,0.8794845,sat_0182,0.77471155,0.104772925,True
drone_0167_300_0026,0167,300,sat_0167,1,1.0,sat_0167,0167,0.890668,sat_0182,0.7492847,0.14138329,True
drone_0167_300_0027,0167,300,sat_0167,1,1.0,sat_0167,0167,0.8985351,sat_0182,0.7124041,0.186131,True
drone_0167_300_0028,0167,300,sat_0167,1,1.0,sat_0167,0167,0.8989714,sat_0182,0.72620595,0.17276543,True
drone_0167_300_0029,0167,300,sat_0167,1,1.0,sat_0167,0167,0.88233757,sat_0182,0.7435738,0.13876379,True
drone_0167_300_0030,0167,300,sat_0167,1,1.0,sat_0167,0167,0.87902856,sat_0182,0.75370514,0.12532341,True
drone_0167_300_0031,0167,300,sat_0167,1,1.0,sat_0167,0167,0.904747,sat_0182,0.7141701,0.19057691,True
drone_0167_300_0032,0167,300,sat_0167,1,1.0,sat_0167,0167,0.8991013,sat_0182,0.7121177,0.18698364,True
drone_0167_300_0033,0167,300,sat_0167,1,1.0,sat_0167,0167,0.8942815,sat_0182,0.72586846,0.16841304,True
drone_0167_300_0034,0167,300,sat_0167,1,1.0,sat_0167,0167,0.88440955,sat_0182,0.76345617,0.12095338,True
drone_0167_300_0035,0167,300,sat_0167,1,1.0,sat_0167,0167,0.9061964,sat_0182,0.74023664,0.16595978,True
drone_0167_300_0036,0167,300,sat_0167,1,1.0,sat_0167,0167,0.91544706,sat_0182,0.744495,0.17095208,True
drone_0167_300_0037,0167,300,sat_0167,1,1.0,sat_0167,0167,0.90835863,sat_0182,0.72851866,0.17983997,True
drone_0167_300_0038,0167,300,sat_0167,1,1.0,sat_0167,0167,0.9195772,sat_0182,0.712731,0.20684618,True
drone_0167_300_0039,0167,300,sat_0167,1,1.0,sat_0167,0167,0.91024476,sat_0182,0.719293,0.19095176,True
drone_0167_300_0040,0167,300,sat_0167,1,1.0,sat_0167,0167,0.902816,sat_0182,0.7298624,0.1729536,True
drone_0167_300_0041,0167,300,sat_0167,1,1.0,sat_0167,0167,0.87854105,sat_0182,0.7486953,0.12984574,True
drone_0167_300_0042,0167,300,sat_0167,1,1.0,sat_0167,0167,0.89168817,sat_0182,0.73067856,0.16100961,True
drone_0167_300_0043,0167,300,sat_0167,1,1.0,sat_0167,0167,0.8786539,sat_0182,0.7730524,0.10560149,True
drone_0167_300_0044,0167,300,sat_0167,1,1.0,sat_0167,0167,0.8787502,sat_0182,0.7740233,0.10472691,True
drone_0167_300_0045,0167,300,sat_0167,1,1.0,sat_0167,0167,0.85851145,sat_0182,0.7972063,0.061305165,True
drone_0167_300_0046,0167,300,sat_0167,1,1.0,sat_0167,0167,0.86139154,sat_0182,0.7894055,0.07198602,True
drone_0167_300_0047,0167,300,sat_0167,1,1.0,sat_0167,0167,0.86836845,sat_0182,0.7660674,0.10230106,True
drone_0167_300_0048,0167,300,sat_0167,1,1.0,sat_0167,0167,0.87474906,sat_0182,0.7562437,0.11850536,True
drone_0167_300_0049,0167,300,sat_0167,1,1.0,sat_0167,0167,0.8726016,sat_0182,0.75795555,0.11464608,True
drone_0169_300_0000,0169,300,sat_0169,1,1.0,sat_0169,0169,0.78035843,sat_0151,0.489591,0.29076743,True
drone_0169_300_0001,0169,300,sat_0169,1,1.0,sat_0169,0169,0.79986143,sat_0151,0.46391022,0.3359512,True
drone_0169_300_0002,0169,300,sat_0169,1,1.0,sat_0169,0169,0.78523505,sat_0151,0.5006509,0.28458416,True
drone_0169_300_0003,0169,300,sat_0169,1,1.0,sat_0169,0169,0.80142367,sat_0151,0.4810666,0.32035705,True
drone_0169_300_0004,0169,300,sat_0169,1,1.0,sat_0169,0169,0.7826266,sat_0151,0.47761908,0.30500755,True
drone_0169_300_0005,0169,300,sat_0169,1,1.0,sat_0169,0169,0.78144836,sat_0008,0.47304004,0.30840832,True
drone_0169_300_0006,0169,300,sat_0169,1,1.0,sat_0169,0169,0.81099427,sat_0151,0.5042736,0.30672067,True
drone_0169_300_0007,0169,300,sat_0169,1,1.0,sat_0169,0169,0.799826,sat_0151,0.5389539,0.26087213,True
drone_0169_300_0008,0169,300,sat_0169,1,1.0,sat_0169,0169,0.7406969,sat_0008,0.5513233,0.18937361,True
drone_0169_300_0009,0169,300,sat_0169,1,1.0,sat_0169,0169,0.7712591,sat_0151,0.54595315,0.22530597,True
drone_0169_300_0010,0169,300,sat_0169,1,1.0,sat_0169,0169,0.76868206,sat_0151,0.60526514,0.16341692,True
drone_0169_300_0011,0169,300,sat_0169,1,1.0,sat_0169,0169,0.7985656,sat_0151,0.57908756,0.21947807,True
drone_0169_300_0012,0169,300,sat_0169,1,1.0,sat_0169,0169,0.7586955,sat_0151,0.6273874,0.13130808,True
drone_0169_300_0013,0169,300,sat_0169,1,1.0,sat_0169,0169,0.7797834,sat_0151,0.53420633,0.2455771,True
drone_0169_300_0014,0169,300,sat_0169,1,1.0,sat_0169,0169,0.74414635,sat_0151,0.5656448,0.17850155,True
drone_0169_300_0015,0169,300,sat_0169,1,1.0,sat_0169,0169,0.74156684,sat_0008,0.5499298,0.19163704,True
drone_0169_300_0016,0169,300,sat_0169,1,1.0,sat_0169,0169,0.7476296,sat_0007,0.5241168,0.22351277,True
drone_0169_300_0017,0169,300,sat_0169,1,1.0,sat_0169,0169,0.7592472,sat_0008,0.543897,0.21535021,True
drone_0169_300_0018,0169,300,sat_0169,1,1.0,sat_0169,0169,0.7629757,sat_0008,0.5750649,0.1879108,True
drone_0169_300_0019,0169,300,sat_0169,1,1.0,sat_0169,0169,0.7906733,sat_0008,0.5335201,0.2571532,True
drone_0169_300_0020,0169,300,sat_0169,1,1.0,sat_0169,0169,0.7822597,sat_0151,0.5196469,0.26261282,True
drone_0169_300_0021,0169,300,sat_0169,1,1.0,sat_0169,0169,0.73773926,sat_0151,0.61663854,0.121100724,True
drone_0169_300_0022,0169,300,sat_0169,1,1.0,sat_0169,0169,0.7783183,sat_0151,0.5382945,0.24002379,True
drone_0169_300_0023,0169,300,sat_0169,1,1.0,sat_0169,0169,0.8078404,sat_0151,0.52500874,0.28283167,True
drone_0169_300_0024,0169,300,sat_0169,1,1.0,sat_0169,0169,0.7790406,sat_0151,0.5881558,0.19088477,True
drone_0169_300_0025,0169,300,sat_0169,1,1.0,sat_0169,0169,0.7261839,sat_0008,0.56539655,0.16078734,True
drone_0169_300_0026,0169,300,sat_0169,1,1.0,sat_0169,0169,0.7450158,sat_0008,0.571805,0.1732108,True
drone_0169_300_0027,0169,300,sat_0169,1,1.0,sat_0169,0169,0.7387767,sat_0008,0.57462883,0.16414785,True
drone_0169_300_0028,0169,300,sat_0169,1,1.0,sat_0169,0169,0.74876,sat_0008,0.6127987,0.1359613,True
drone_0169_300_0029,0169,300,sat_0169,1,1.0,sat_0169,0169,0.8065039,sat_0007,0.53785545,0.26864845,True
drone_0169_300_0030,0169,300,sat_0169,1,1.0,sat_0169,0169,0.84248316,sat_0151,0.51952994,0.32295322,True
drone_0169_300_0031,0169,300,sat_0169,1,1.0,sat_0169,0169,0.8570948,sat_0007,0.54125476,0.31584007,True
drone_0169_300_0032,0169,300,sat_0169,1,1.0,sat_0169,0169,0.84354424,sat_0151,0.5284723,0.31507194,True
drone_0169_300_0033,0169,300,sat_0169,1,1.0,sat_0169,0169,0.8540946,sat_0007,0.52456015,0.32953447,True
drone_0169_300_0034,0169,300,sat_0169,1,1.0,sat_0169,0169,0.83302313,sat_0007,0.5077843,0.32523882,True
drone_0169_300_0035,0169,300,sat_0169,1,1.0,sat_0169,0169,0.8287809,sat_0007,0.5040455,0.3247354,True
drone_0169_300_0036,0169,300,sat_0169,1,1.0,sat_0169,0169,0.80068064,sat_0008,0.55213857,0.24854207,True
drone_0169_300_0037,0169,300,sat_0169,1,1.0,sat_0169,0169,0.8138843,sat_0008,0.529999,0.2838853,True
drone_0169_300_0038,0169,300,sat_0169,1,1.0,sat_0169,0169,0.8458476,sat_0008,0.4862825,0.3595651,True
drone_0169_300_0039,0169,300,sat_0169,1,1.0,sat_0169,0169,0.82883173,sat_0151,0.5250948,0.30373693,True
drone_0169_300_0040,0169,300,sat_0169,1,1.0,sat_0169,0169,0.79051834,sat_0151,0.55433303,0.23618531,True
drone_0169_300_0041,0169,300,sat_0169,1,1.0,sat_0169,0169,0.8658639,sat_0151,0.49902523,0.3668387,True
drone_0169_300_0042,0169,300,sat_0169,1,1.0,sat_0169,0169,0.8470143,sat_0151,0.5425967,0.3044176,True
drone_0169_300_0043,0169,300,sat_0169,1,1.0,sat_0169,0169,0.842937,sat_0151,0.52426016,0.31867683,True
drone_0169_300_0044,0169,300,sat_0169,1,1.0,sat_0169,0169,0.8155734,sat_0151,0.5572487,0.25832468,True
drone_0169_300_0045,0169,300,sat_0169,1,1.0,sat_0169,0169,0.79175615,sat_0151,0.53621125,0.2555449,True
drone_0169_300_0046,0169,300,sat_0169,1,1.0,sat_0169,0169,0.77959627,sat_0008,0.5645497,0.21504658,True
drone_0169_300_0047,0169,300,sat_0169,1,1.0,sat_0169,0169,0.77566516,sat_0008,0.5215229,0.25414228,True
drone_0169_300_0048,0169,300,sat_0169,1,1.0,sat_0169,0169,0.7342206,sat_0008,0.5528445,0.1813761,True
drone_0169_300_0049,0169,300,sat_0169,1,1.0,sat_0169,0169,0.8103886,sat_0008,0.49551836,0.31487027,True
drone_0174_300_0000,0174,300,sat_0174,1,1.0,sat_0174,0174,0.8596935,sat_0182,0.38538027,0.47431326,True
drone_0174_300_0001,0174,300,sat_0174,1,1.0,sat_0174,0174,0.8526499,sat_0164,0.4046962,0.44795373,True
drone_0174_300_0002,0174,300,sat_0174,1,1.0,sat_0174,0174,0.86736447,sat_0182,0.37952211,0.48784235,True
drone_0174_300_0003,0174,300,sat_0174,1,1.0,sat_0174,0174,0.8830514,sat_0182,0.40154767,0.48150373,True
drone_0174_300_0004,0174,300,sat_0174,1,1.0,sat_0174,0174,0.879772,sat_0182,0.4190697,0.4607023,True
drone_0174_300_0005,0174,300,sat_0174,1,1.0,sat_0174,0174,0.90501916,sat_0182,0.44688252,0.45813665,True
drone_0174_300_0006,0174,300,sat_0174,1,1.0,sat_0174,0174,0.9233221,sat_0182,0.49090993,0.43241215,True
drone_0174_300_0007,0174,300,sat_0174,1,1.0,sat_0174,0174,0.9155928,sat_0182,0.4224628,0.49313,True
drone_0174_300_0008,0174,300,sat_0174,1,1.0,sat_0174,0174,0.92155874,sat_0182,0.44923863,0.4723201,True
drone_0174_300_0009,0174,300,sat_0174,1,1.0,sat_0174,0174,0.9201753,sat_0182,0.4722314,0.44794393,True
drone_0174_300_0010,0174,300,sat_0174,1,1.0,sat_0174,0174,0.9185437,sat_0164,0.39602387,0.5225198,True
drone_0174_300_0011,0174,300,sat_0174,1,1.0,sat_0174,0174,0.9234719,sat_0182,0.44627285,0.47719908,True
drone_0174_300_0012,0174,300,sat_0174,1,1.0,sat_0174,0174,0.8981219,sat_0182,0.4622098,0.4359121,True
drone_0174_300_0013,0174,300,sat_0174,1,1.0,sat_0174,0174,0.8805655,sat_0182,0.4238329,0.45673263,True
drone_0174_300_0014,0174,300,sat_0174,1,1.0,sat_0174,0174,0.880302,sat_0182,0.4822105,0.39809152,True
drone_0174_300_0015,0174,300,sat_0174,1,1.0,sat_0174,0174,0.91123736,sat_0182,0.48060223,0.43063512,True
drone_0174_300_0016,0174,300,sat_0174,1,1.0,sat_0174,0174,0.87105906,sat_0182,0.52724254,0.34381652,True
drone_0174_300_0017,0174,300,sat_0174,1,1.0,sat_0174,0174,0.9056017,sat_0182,0.47994858,0.4256531,True
drone_0174_300_0018,0174,300,sat_0174,1,1.0,sat_0174,0174,0.89604306,sat_0182,0.50055647,0.3954866,True
drone_0174_300_0019,0174,300,sat_0174,1,1.0,sat_0174,0174,0.8982035,sat_0182,0.47190118,0.4263023,True
drone_0174_300_0020,0174,300,sat_0174,1,1.0,sat_0174,0174,0.8810467,sat_0182,0.46097958,0.42006713,True
drone_0174_300_0021,0174,300,sat_0174,1,1.0,sat_0174,0174,0.8809902,sat_0182,0.37773454,0.50325567,True
drone_0174_300_0022,0174,300,sat_0174,1,1.0,sat_0174,0174,0.89278793,sat_0182,0.4009747,0.49181324,True
drone_0174_300_0023,0174,300,sat_0174,1,1.0,sat_0174,0174,0.885484,sat_0182,0.438136,0.44734797,True
drone_0174_300_0024,0174,300,sat_0174,1,1.0,sat_0174,0174,0.86758924,sat_0182,0.40947276,0.45811647,True
drone_0174_300_0025,0174,300,sat_0174,1,1.0,sat_0174,0174,0.8443958,sat_0182,0.38020092,0.4641949,True
drone_0174_300_0026,0174,300,sat_0174,1,1.0,sat_0174,0174,0.8683302,sat_0182,0.438545,0.4297852,True
drone_0174_300_0027,0174,300,sat_0174,1,1.0,sat_0174,0174,0.8834805,sat_0182,0.4966167,0.3868638,True
drone_0174_300_0028,0174,300,sat_0174,1,1.0,sat_0174,0174,0.84456784,sat_0182,0.5016595,0.34290832,True
drone_0174_300_0029,0174,300,sat_0174,1,1.0,sat_0174,0174,0.8770064,sat_0182,0.53017765,0.34682876,True
drone_0174_300_0030,0174,300,sat_0174,1,1.0,sat_0174,0174,0.87651443,sat_0182,0.41092256,0.46559188,True
drone_0174_300_0031,0174,300,sat_0174,1,1.0,sat_0174,0174,0.89724314,sat_0072,0.4382022,0.45904094,True
drone_0174_300_0032,0174,300,sat_0174,1,1.0,sat_0174,0174,0.9074281,sat_0072,0.42963728,0.4777908,True
drone_0174_300_0033,0174,300,sat_0174,1,1.0,sat_0174,0174,0.88158196,sat_0164,0.43494484,0.44663712,True
drone_0174_300_0034,0174,300,sat_0174,1,1.0,sat_0174,0174,0.8704078,sat_0164,0.41872826,0.45167956,True
drone_0174_300_0035,0174,300,sat_0174,1,1.0,sat_0174,0174,0.86220896,sat_0182,0.45746583,0.40474313,True
drone_0174_300_0036,0174,300,sat_0174,1,1.0,sat_0174,0174,0.8810185,sat_0182,0.50480664,0.37621188,True
drone_0174_300_0037,0174,300,sat_0174,1,1.0,sat_0174,0174,0.8933463,sat_0182,0.503316,0.39003032,True
drone_0174_300_0038,0174,300,sat_0174,1,1.0,sat_0174,0174,0.8842901,sat_0182,0.51430917,0.36998093,True
drone_0174_300_0039,0174,300,sat_0174,1,1.0,sat_0174,0174,0.8847455,sat_0182,0.4820578,0.40268767,True
drone_0174_300_0040,0174,300,sat_0174,1,1.0,sat_0174,0174,0.888427,sat_0182,0.46637866,0.42204836,True
drone_0174_300_0041,0174,300,sat_0174,1,1.0,sat_0174,0174,0.872758,sat_0182,0.54172015,0.33103782,True
drone_0174_300_0042,0174,300,sat_0174,1,1.0,sat_0174,0174,0.8740343,sat_0182,0.5302875,0.34374678,True
drone_0174_300_0043,0174,300,sat_0174,1,1.0,sat_0174,0174,0.884084,sat_0182,0.49642146,0.38766253,True
drone_0174_300_0044,0174,300,sat_0174,1,1.0,sat_0174,0174,0.86666924,sat_0182,0.5149141,0.35175514,True
drone_0174_300_0045,0174,300,sat_0174,1,1.0,sat_0174,0174,0.8200556,sat_0182,0.46464792,0.35540769,True
drone_0174_300_0046,0174,300,sat_0174,1,1.0,sat_0174,0174,0.84176844,sat_0182,0.4696313,0.37213713,True
drone_0174_300_0047,0174,300,sat_0174,1,1.0,sat_0174,0174,0.8640386,sat_0182,0.4652387,0.3987999,True
drone_0174_300_0048,0174,300,sat_0174,1,1.0,sat_0174,0174,0.8484946,sat_0182,0.39674369,0.4517509,True
drone_0174_300_0049,0174,300,sat_0174,1,1.0,sat_0174,0174,0.8556191,sat_0182,0.38819325,0.46742582,True
drone_0182_300_0000,0182,300,sat_0182,1,1.0,sat_0182,0182,0.861554,sat_0167,0.4511687,0.41038534,True
drone_0182_300_0001,0182,300,sat_0182,1,1.0,sat_0182,0182,0.8655638,sat_0167,0.43580586,0.42975795,True
drone_0182_300_0002,0182,300,sat_0182,1,1.0,sat_0182,0182,0.8708215,sat_0167,0.42959702,0.44122446,True
drone_0182_300_0003,0182,300,sat_0182,1,1.0,sat_0182,0182,0.8510809,sat_0167,0.42470288,0.426378,True
drone_0182_300_0004,0182,300,sat_0182,1,1.0,sat_0182,0182,0.85731834,sat_0167,0.42065784,0.4366605,True
drone_0182_300_0005,0182,300,sat_0182,1,1.0,sat_0182,0182,0.8560577,sat_0029,0.4269244,0.4291333,True
drone_0182_300_0006,0182,300,sat_0182,1,1.0,sat_0182,0182,0.87134254,sat_0029,0.45094177,0.42040077,True
drone_0182_300_0007,0182,300,sat_0182,1,1.0,sat_0182,0182,0.87474525,sat_0174,0.47200727,0.40273798,True
drone_0182_300_0008,0182,300,sat_0182,1,1.0,sat_0182,0182,0.8684553,sat_0174,0.47437352,0.39408177,True
drone_0182_300_0009,0182,300,sat_0182,1,1.0,sat_0182,0182,0.85575867,sat_0174,0.45352533,0.40223333,True
drone_0182_300_0010,0182,300,sat_0182,1,1.0,sat_0182,0182,0.852591,sat_0174,0.4735688,0.37902218,True
drone_0182_300_0011,0182,300,sat_0182,1,1.0,sat_0182,0182,0.82003987,sat_0174,0.4488942,0.37114567,True
drone_0182_300_0012,0182,300,sat_0182,1,1.0,sat_0182,0182,0.8013413,sat_0174,0.43228516,0.36905614,True
drone_0182_300_0013,0182,300,sat_0182,1,1.0,sat_0182,0182,0.8030423,sat_0174,0.47687393,0.32616836,True
drone_0182_300_0014,0182,300,sat_0182,1,1.0,sat_0182,0182,0.8205078,sat_0174,0.5216145,0.29889333,True
drone_0182_300_0015,0182,300,sat_0182,1,1.0,sat_0182,0182,0.79412884,sat_0174,0.48662788,0.30750096,True
drone_0182_300_0016,0182,300,sat_0182,1,1.0,sat_0182,0182,0.81903046,sat_0174,0.4445429,0.37448755,True
drone_0182_300_0017,0182,300,sat_0182,1,1.0,sat_0182,0182,0.8167402,sat_0174,0.46560633,0.35113388,True
drone_0182_300_0018,0182,300,sat_0182,1,1.0,sat_0182,0182,0.8369896,sat_0174,0.45948085,0.37750873,True
drone_0182_300_0019,0182,300,sat_0182,1,1.0,sat_0182,0182,0.83899903,sat_0174,0.49063998,0.34835905,True
drone_0182_300_0020,0182,300,sat_0182,1,1.0,sat_0182,0182,0.8734923,sat_0174,0.47097215,0.40252015,True
drone_0182_300_0021,0182,300,sat_0182,1,1.0,sat_0182,0182,0.9021175,sat_0174,0.5122328,0.3898847,True
drone_0182_300_0022,0182,300,sat_0182,1,1.0,sat_0182,0182,0.913916,sat_0174,0.50611687,0.40779912,True
drone_0182_300_0023,0182,300,sat_0182,1,1.0,sat_0182,0182,0.89419115,sat_0174,0.50350195,0.3906892,True
drone_0182_300_0024,0182,300,sat_0182,1,1.0,sat_0182,0182,0.88354707,sat_0174,0.5172447,0.36630237,True
drone_0182_300_0025,0182,300,sat_0182,1,1.0,sat_0182,0182,0.85448587,sat_0174,0.481223,0.37326288,True
drone_0182_300_0026,0182,300,sat_0182,1,1.0,sat_0182,0182,0.91313666,sat_0174,0.5023751,0.41076154,True
drone_0182_300_0027,0182,300,sat_0182,1,1.0,sat_0182,0182,0.91767895,sat_0174,0.5059291,0.41174984,True
drone_0182_300_0028,0182,300,sat_0182,1,1.0,sat_0182,0182,0.94045246,sat_0167,0.49264744,0.44780502,True
drone_0182_300_0029,0182,300,sat_0182,1,1.0,sat_0182,0182,0.9454707,sat_0167,0.4859687,0.45950198,True
drone_0182_300_0030,0182,300,sat_0182,1,1.0,sat_0182,0182,0.94571364,sat_0167,0.46344125,0.4822724,True
drone_0182_300_0031,0182,300,sat_0182,1,1.0,sat_0182,0182,0.9360416,sat_0174,0.4766179,0.4594237,True
drone_0182_300_0032,0182,300,sat_0182,1,1.0,sat_0182,0182,0.9347682,sat_0174,0.4884307,0.4463375,True
drone_0182_300_0033,0182,300,sat_0182,1,1.0,sat_0182,0182,0.9232623,sat_0174,0.4790938,0.4441685,True
drone_0182_300_0034,0182,300,sat_0182,1,1.0,sat_0182,0182,0.90642965,sat_0174,0.47578648,0.43064317,True
drone_0182_300_0035,0182,300,sat_0182,1,1.0,sat_0182,0182,0.9173075,sat_0174,0.47626102,0.44104648,True
drone_0182_300_0036,0182,300,sat_0182,1,1.0,sat_0182,0182,0.91490006,sat_0174,0.498036,0.41686407,True
drone_0182_300_0037,0182,300,sat_0182,1,1.0,sat_0182,0182,0.93117565,sat_0174,0.4604894,0.47068626,True
drone_0182_300_0038,0182,300,sat_0182,1,1.0,sat_0182,0182,0.9424438,sat_0174,0.5015469,0.44089687,True
drone_0182_300_0039,0182,300,sat_0182,1,1.0,sat_0182,0182,0.9435155,sat_0174,0.50865555,0.43485993,True
drone_0182_300_0040,0182,300,sat_0182,1,1.0,sat_0182,0182,0.89995503,sat_0174,0.5011478,0.39880723,True
drone_0182_300_0041,0182,300,sat_0182,1,1.0,sat_0182,0182,0.9130188,sat_0174,0.4959387,0.41708013,True
drone_0182_300_0042,0182,300,sat_0182,1,1.0,sat_0182,0182,0.90220827,sat_0174,0.47991472,0.42229354,True
drone_0182_300_0043,0182,300,sat_0182,1,1.0,sat_0182,0182,0.89634156,sat_0174,0.4940624,0.40227917,True
drone_0182_300_0044,0182,300,sat_0182,1,1.0,sat_0182,0182,0.88457227,sat_0174,0.4794489,0.40512335,True
drone_0182_300_0045,0182,300,sat_0182,1,1.0,sat_0182,0182,0.85641414,sat_0174,0.44750518,0.40890896,True
drone_0182_300_0046,0182,300,sat_0182,1,1.0,sat_0182,0182,0.8365339,sat_0174,0.48885998,0.34767392,True
drone_0182_300_0047,0182,300,sat_0182,1,1.0,sat_0182,0182,0.8419654,sat_0174,0.480948,0.36101738,True
drone_0182_300_0048,0182,300,sat_0182,1,1.0,sat_0182,0182,0.83265877,sat_0174,0.459025,0.37363377,True
drone_0182_300_0049,0182,300,sat_0182,1,1.0,sat_0182,0182,0.79682505,sat_0174,0.43351707,0.36330798,True
drone_0186_300_0000,0186,300,sat_0186,1,1.0,sat_0186,0186,0.9031871,sat_0151,0.4134821,0.489705,True
drone_0186_300_0001,0186,300,sat_0186,1,1.0,sat_0186,0186,0.9064895,sat_0151,0.4010646,0.50542486,True
drone_0186_300_0002,0186,300,sat_0186,1,1.0,sat_0186,0186,0.90285105,sat_0151,0.3741601,0.52869093,True
drone_0186_300_0003,0186,300,sat_0186,1,1.0,sat_0186,0186,0.91739553,sat_0151,0.37655312,0.5408424,True
drone_0186_300_0004,0186,300,sat_0186,1,1.0,sat_0186,0186,0.9098029,sat_0151,0.36257842,0.5472245,True
drone_0186_300_0005,0186,300,sat_0186,1,1.0,sat_0186,0186,0.92710984,sat_0151,0.3866214,0.5404885,True
drone_0186_300_0006,0186,300,sat_0186,1,1.0,sat_0186,0186,0.91555464,sat_0151,0.38894734,0.5266073,True
drone_0186_300_0007,0186,300,sat_0186,1,1.0,sat_0186,0186,0.91286755,sat_0151,0.40908113,0.50378644,True
drone_0186_300_0008,0186,300,sat_0186,1,1.0,sat_0186,0186,0.9055848,sat_0151,0.40143254,0.5041523,True
drone_0186_300_0009,0186,300,sat_0186,1,1.0,sat_0186,0186,0.907047,sat_0151,0.37037516,0.5366718,True
drone_0186_300_0010,0186,300,sat_0186,1,1.0,sat_0186,0186,0.9208152,sat_0151,0.45007262,0.4707426,True
drone_0186_300_0011,0186,300,sat_0186,1,1.0,sat_0186,0186,0.922784,sat_0151,0.42033702,0.50244695,True
drone_0186_300_0012,0186,300,sat_0186,1,1.0,sat_0186,0186,0.91989315,sat_0151,0.41173112,0.508162,True
drone_0186_300_0013,0186,300,sat_0186,1,1.0,sat_0186,0186,0.91932577,sat_0151,0.36999068,0.5493351,True
drone_0186_300_0014,0186,300,sat_0186,1,1.0,sat_0186,0186,0.89884835,sat_0009,0.3378056,0.5610428,True
drone_0186_300_0015,0186,300,sat_0186,1,1.0,sat_0186,0186,0.87928075,sat_0009,0.32447466,0.5548061,True
drone_0186_300_0016,0186,300,sat_0186,1,1.0,sat_0186,0186,0.87092936,sat_0009,0.36488545,0.5060439,True
drone_0186_300_0017,0186,300,sat_0186,1,1.0,sat_0186,0186,0.8726022,sat_0009,0.3511086,0.5214936,True
drone_0186_300_0018,0186,300,sat_0186,1,1.0,sat_0186,0186,0.87951297,sat_0174,0.3259161,0.55359685,True
drone_0186_300_0019,0186,300,sat_0186,1,1.0,sat_0186,0186,0.8914079,sat_0009,0.35006297,0.54134494,True
drone_0186_300_0020,0186,300,sat_0186,1,1.0,sat_0186,0186,0.8581993,sat_0009,0.382573,0.4756263,True
drone_0186_300_0021,0186,300,sat_0186,1,1.0,sat_0186,0186,0.8233006,sat_0174,0.35528356,0.46801704,True
drone_0186_300_0022,0186,300,sat_0186,1,1.0,sat_0186,0186,0.84223044,sat_0009,0.3726008,0.46962965,True
drone_0186_300_0023,0186,300,sat_0186,1,1.0,sat_0186,0186,0.8609507,sat_0009,0.34902757,0.51192313,True
drone_0186_300_0024,0186,300,sat_0186,1,1.0,sat_0186,0186,0.8769007,sat_0009,0.36174446,0.5151562,True
drone_0186_300_0025,0186,300,sat_0186,1,1.0,sat_0186,0186,0.82712924,sat_0009,0.43860263,0.38852662,True
drone_0186_300_0026,0186,300,sat_0186,1,1.0,sat_0186,0186,0.8482095,sat_0009,0.48391274,0.36429676,True
drone_0186_300_0027,0186,300,sat_0186,1,1.0,sat_0186,0186,0.82047296,sat_0009,0.5144489,0.30602407,True
drone_0186_300_0028,0186,300,sat_0186,1,1.0,sat_0186,0186,0.7979921,sat_0009,0.5162317,0.2817604,True
drone_0186_300_0029,0186,300,sat_0186,1,1.0,sat_0186,0186,0.85381794,sat_0009,0.4632693,0.39054865,True
drone_0186_300_0030,0186,300,sat_0186,1,1.0,sat_0186,0186,0.87289196,sat_0009,0.45325992,0.41963205,True
drone_0186_300_0031,0186,300,sat_0186,1,1.0,sat_0186,0186,0.8585323,sat_0009,0.45293817,0.40559414,True
drone_0186_300_0032,0186,300,sat_0186,1,1.0,sat_0186,0186,0.88225496,sat_0009,0.44559819,0.43665677,True
drone_0186_300_0033,0186,300,sat_0186,1,1.0,sat_0186,0186,0.8716359,sat_0009,0.44677004,0.42486587,True
drone_0186_300_0034,0186,300,sat_0186,1,1.0,sat_0186,0186,0.85701895,sat_0151,0.42390722,0.43311173,True
drone_0186_300_0035,0186,300,sat_0186,1,1.0,sat_0186,0186,0.81941104,sat_0009,0.37478185,0.4446292,True
drone_0186_300_0036,0186,300,sat_0186,1,1.0,sat_0186,0186,0.8105438,sat_0151,0.33614781,0.47439596,True
drone_0186_300_0037,0186,300,sat_0186,1,1.0,sat_0186,0186,0.8393522,sat_0174,0.3276977,0.5116545,True
drone_0186_300_0038,0186,300,sat_0186,1,1.0,sat_0186,0186,0.80672693,sat_0151,0.39347613,0.4132508,True
drone_0186_300_0039,0186,300,sat_0186,1,1.0,sat_0186,0186,0.88135254,sat_0151,0.36898947,0.5123631,True
drone_0186_300_0040,0186,300,sat_0186,1,1.0,sat_0186,0186,0.8991926,sat_0151,0.3750447,0.52414787,True
drone_0186_300_0041,0186,300,sat_0186,1,1.0,sat_0186,0186,0.88557494,sat_0174,0.31845605,0.5671189,True
drone_0186_300_0042,0186,300,sat_0186,1,1.0,sat_0186,0186,0.86807007,sat_0009,0.40534416,0.4627259,True
drone_0186_300_0043,0186,300,sat_0186,1,1.0,sat_0186,0186,0.87869394,sat_0009,0.4154855,0.46320844,True
drone_0186_300_0044,0186,300,sat_0186,1,1.0,sat_0186,0186,0.86949706,sat_0009,0.39121848,0.47827858,True
drone_0186_300_0045,0186,300,sat_0186,1,1.0,sat_0186,0186,0.89145064,sat_0009,0.42947212,0.46197852,True
drone_0186_300_0046,0186,300,sat_0186,1,1.0,sat_0186,0186,0.8957448,sat_0009,0.38140756,0.51433724,True
drone_0186_300_0047,0186,300,sat_0186,1,1.0,sat_0186,0186,0.9256789,sat_0151,0.39509583,0.5305831,True
drone_0186_300_0048,0186,300,sat_0186,1,1.0,sat_0186,0186,0.94429207,sat_0151,0.43492892,0.5093632,True
drone_0186_300_0049,0186,300,sat_0186,1,1.0,sat_0186,0186,0.9175178,sat_0151,0.35075614,0.5667616,True
drone_0189_300_0000,0189,300,sat_0189,1,1.0,sat_0189,0189,0.85026324,sat_0192,0.7442712,0.10599202,True
drone_0189_300_0001,0189,300,sat_0189,1,1.0,sat_0189,0189,0.8547505,sat_0192,0.73463076,0.12011975,True
drone_0189_300_0002,0189,300,sat_0189,1,1.0,sat_0189,0189,0.8443073,sat_0192,0.7350937,0.10921359,True
drone_0189_300_0003,0189,300,sat_0189,1,1.0,sat_0189,0189,0.81123435,sat_0192,0.74018705,0.071047306,True
drone_0189_300_0004,0189,300,sat_0189,1,1.0,sat_0189,0189,0.8666862,sat_0192,0.72613007,0.14055616,True
drone_0189_300_0005,0189,300,sat_0189,1,1.0,sat_0189,0189,0.8839292,sat_0192,0.7371772,0.146752,True
drone_0189_300_0006,0189,300,sat_0189,1,1.0,sat_0189,0189,0.8730812,sat_0192,0.7126205,0.16046071,True
drone_0189_300_0007,0189,300,sat_0189,1,1.0,sat_0189,0189,0.8379168,sat_0192,0.7188842,0.11903256,True
drone_0189_300_0008,0189,300,sat_0189,1,1.0,sat_0189,0189,0.8919152,sat_0192,0.7190162,0.17289901,True
drone_0189_300_0009,0189,300,sat_0189,1,1.0,sat_0189,0189,0.89387083,sat_0192,0.7399505,0.15392035,True
drone_0189_300_0010,0189,300,sat_0189,1,1.0,sat_0189,0189,0.90557563,sat_0192,0.7424594,0.16311622,True
drone_0189_300_0011,0189,300,sat_0189,1,1.0,sat_0189,0189,0.8991239,sat_0192,0.7656559,0.13346803,True
drone_0189_300_0012,0189,300,sat_0189,1,1.0,sat_0189,0189,0.90719026,sat_0192,0.7574898,0.14970046,True
drone_0189_300_0013,0189,300,sat_0189,1,1.0,sat_0189,0189,0.8605346,sat_0192,0.7821851,0.07834953,True
drone_0189_300_0014,0189,300,sat_0189,1,1.0,sat_0189,0189,0.8593551,sat_0192,0.7794256,0.07992947,True
drone_0189_300_0015,0189,300,sat_0189,1,1.0,sat_0189,0189,0.8532897,sat_0192,0.76194596,0.09134376,True
drone_0189_300_0016,0189,300,sat_0189,1,1.0,sat_0189,0189,0.8627196,sat_0192,0.75160706,0.111112535,True
drone_0189_300_0017,0189,300,sat_0189,1,1.0,sat_0189,0189,0.87773556,sat_0192,0.70585996,0.1718756,True
drone_0189_300_0018,0189,300,sat_0189,1,1.0,sat_0189,0189,0.8387307,sat_0192,0.71848863,0.12024206,True
drone_0189_300_0019,0189,300,sat_0189,1,1.0,sat_0189,0189,0.8191079,sat_0192,0.7269213,0.09218657,True
drone_0189_300_0020,0189,300,sat_0189,1,1.0,sat_0189,0189,0.8056046,sat_0192,0.6890484,0.11655617,True
drone_0189_300_0021,0189,300,sat_0189,1,1.0,sat_0189,0189,0.7396353,sat_0192,0.60616124,0.13347405,True
drone_0189_300_0022,0189,300,sat_0189,1,1.0,sat_0189,0189,0.6604264,sat_0192,0.5393158,0.12111056,True
drone_0189_300_0023,0189,300,sat_0189,1,1.0,sat_0189,0189,0.7451906,sat_0192,0.5991222,0.1460684,True
drone_0189_300_0024,0189,300,sat_0189,1,1.0,sat_0189,0189,0.8043506,sat_0192,0.6270247,0.1773259,True
drone_0189_300_0025,0189,300,sat_0189,1,1.0,sat_0189,0189,0.8555908,sat_0192,0.67468226,0.18090856,True
drone_0189_300_0026,0189,300,sat_0189,1,1.0,sat_0189,0189,0.762858,sat_0192,0.6112363,0.1516217,True
drone_0189_300_0027,0189,300,sat_0189,1,1.0,sat_0189,0189,0.7897968,sat_0192,0.68641794,0.10337889,True
drone_0189_300_0028,0189,300,sat_0189,1,1.0,sat_0189,0189,0.7418058,sat_0192,0.65977085,0.082034945,True
drone_0189_300_0029,0189,300,sat_0189,1,1.0,sat_0189,0189,0.66965556,sat_0192,0.5978677,0.071787834,True
drone_0189_300_0030,0189,300,sat_0189,1,1.0,sat_0189,0189,0.7453961,sat_0192,0.6790571,0.06633896,True
drone_0189_300_0031,0189,300,sat_0189,1,1.0,sat_0189,0189,0.7761996,sat_0192,0.6668858,0.109313786,True
drone_0189_300_0032,0189,300,sat_0189,1,1.0,sat_0189,0189,0.7974582,sat_0192,0.6610941,0.13636404,True
drone_0189_300_0033,0189,300,sat_0189,1,1.0,sat_0189,0189,0.6652455,sat_0192,0.48660588,0.17863959,True
drone_0189_300_0034,0189,300,sat_0189,1,1.0,sat_0189,0189,0.66085684,sat_0192,0.5024118,0.15844506,True
drone_0189_300_0035,0189,300,sat_0189,1,1.0,sat_0189,0189,0.67231846,sat_0192,0.5558315,0.11648697,True
drone_0189_300_0036,0189,300,sat_0189,1,1.0,sat_0189,0189,0.63197523,sat_0192,0.57001203,0.0619632,True
drone_0189_300_0037,0189,300,sat_0189,1,1.0,sat_0189,0189,0.7339065,sat_0192,0.5895045,0.14440203,True
drone_0189_300_0038,0189,300,sat_0189,1,1.0,sat_0189,0189,0.78310543,sat_0192,0.66673565,0.116369784,True
drone_0189_300_0039,0189,300,sat_0189,1,1.0,sat_0189,0189,0.7475015,sat_0192,0.6620303,0.08547121,True
drone_0189_300_0040,0189,300,sat_0189,1,1.0,sat_0189,0189,0.749686,sat_0192,0.6571735,0.09251249,True
drone_0189_300_0041,0189,300,sat_0189,1,1.0,sat_0189,0189,0.65065575,sat_0192,0.6502299,0.0004258752,True
drone_0189_300_0042,0189,300,sat_0189,1,1.0,sat_0189,0189,0.7185222,sat_0192,0.7008791,0.017643094,True
drone_0189_300_0043,0189,300,sat_0189,1,1.0,sat_0189,0189,0.7410808,sat_0192,0.69734013,0.04374069,True
drone_0189_300_0044,0189,300,sat_0189,1,1.0,sat_0189,0189,0.67447495,sat_0192,0.64956236,0.024912596,True
drone_0189_300_0045,0189,300,sat_0189,2,0.5,sat_0192,0192,0.7126145,sat_0189,0.7027942,0.009820282,False
drone_0189_300_0046,0189,300,sat_0189,1,1.0,sat_0189,0189,0.7508164,sat_0192,0.7265307,0.024285734,True
drone_0189_300_0047,0189,300,sat_0189,1,1.0,sat_0189,0189,0.72404957,sat_0192,0.6494576,0.074591994,True
drone_0189_300_0048,0189,300,sat_0189,1,1.0,sat_0189,0189,0.67248076,sat_0192,0.6351968,0.037283957,True
drone_0189_300_0049,0189,300,sat_0189,1,1.0,sat_0189,0189,0.71610856,sat_0192,0.629682,0.086426556,True
drone_0190_300_0000,0190,300,sat_0190,1,1.0,sat_0190,0190,0.94819486,sat_0041,0.565393,0.3828019,True
drone_0190_300_0001,0190,300,sat_0190,1,1.0,sat_0190,0190,0.94622797,sat_0192,0.57716274,0.36906523,True
drone_0190_300_0002,0190,300,sat_0190,1,1.0,sat_0190,0190,0.9522294,sat_0192,0.57817364,0.37405574,True
drone_0190_300_0003,0190,300,sat_0190,1,1.0,sat_0190,0190,0.94303566,sat_0041,0.5656496,0.37738603,True
drone_0190_300_0004,0190,300,sat_0190,1,1.0,sat_0190,0190,0.94227767,sat_0192,0.5836391,0.35863858,True
drone_0190_300_0005,0190,300,sat_0190,1,1.0,sat_0190,0190,0.94293684,sat_0192,0.5872494,0.35568744,True
drone_0190_300_0006,0190,300,sat_0190,1,1.0,sat_0190,0190,0.94582057,sat_0192,0.610082,0.3357386,True
drone_0190_300_0007,0190,300,sat_0190,1,1.0,sat_0190,0190,0.92219466,sat_0192,0.5939293,0.32826537,True
drone_0190_300_0008,0190,300,sat_0190,1,1.0,sat_0190,0190,0.92058235,sat_0192,0.5591045,0.36147785,True
drone_0190_300_0009,0190,300,sat_0190,1,1.0,sat_0190,0190,0.88889045,sat_0041,0.5638392,0.32505125,True
drone_0190_300_0010,0190,300,sat_0190,1,1.0,sat_0190,0190,0.88072217,sat_0041,0.5451845,0.33553767,True
drone_0190_300_0011,0190,300,sat_0190,1,1.0,sat_0190,0190,0.899903,sat_0192,0.5548704,0.34503257,True
drone_0190_300_0012,0190,300,sat_0190,1,1.0,sat_0190,0190,0.9132974,sat_0192,0.62205213,0.29124528,True
drone_0190_300_0013,0190,300,sat_0190,1,1.0,sat_0190,0190,0.88882613,sat_0192,0.6061176,0.28270853,True
drone_0190_300_0014,0190,300,sat_0190,1,1.0,sat_0190,0190,0.8638902,sat_0192,0.5633515,0.30053866,True
drone_0190_300_0015,0190,300,sat_0190,1,1.0,sat_0190,0190,0.8206987,sat_0192,0.5280565,0.29264218,True
drone_0190_300_0016,0190,300,sat_0190,1,1.0,sat_0190,0190,0.80760574,sat_0041,0.5468678,0.26073796,True
drone_0190_300_0017,0190,300,sat_0190,1,1.0,sat_0190,0190,0.8413313,sat_0192,0.56585145,0.27547985,True
drone_0190_300_0018,0190,300,sat_0190,1,1.0,sat_0190,0190,0.8554923,sat_0192,0.6144773,0.24101502,True
drone_0190_300_0019,0190,300,sat_0190,1,1.0,sat_0190,0190,0.8323945,sat_0192,0.56228864,0.27010584,True
drone_0190_300_0020,0190,300,sat_0190,1,1.0,sat_0190,0190,0.85140914,sat_0192,0.61118585,0.24022329,True
drone_0190_300_0021,0190,300,sat_0190,1,1.0,sat_0190,0190,0.81705165,sat_0192,0.5673084,0.24974322,True
drone_0190_300_0022,0190,300,sat_0190,1,1.0,sat_0190,0190,0.8339391,sat_0192,0.60654414,0.22739494,True
drone_0190_300_0023,0190,300,sat_0190,1,1.0,sat_0190,0190,0.84073955,sat_0192,0.51966834,0.3210712,True
drone_0190_300_0024,0190,300,sat_0190,1,1.0,sat_0190,0190,0.8769297,sat_0192,0.5563705,0.3205592,True
drone_0190_300_0025,0190,300,sat_0190,1,1.0,sat_0190,0190,0.9063159,sat_0192,0.57845896,0.32785696,True
drone_0190_300_0026,0190,300,sat_0190,1,1.0,sat_0190,0190,0.9071415,sat_0192,0.5902427,0.31689882,True
drone_0190_300_0027,0190,300,sat_0190,1,1.0,sat_0190,0190,0.91901743,sat_0192,0.5735133,0.3455041,True
drone_0190_300_0028,0190,300,sat_0190,1,1.0,sat_0190,0190,0.88795817,sat_0192,0.5897622,0.29819596,True
drone_0190_300_0029,0190,300,sat_0190,1,1.0,sat_0190,0190,0.90780985,sat_0192,0.63207084,0.275739,True
drone_0190_300_0030,0190,300,sat_0190,1,1.0,sat_0190,0190,0.9166788,sat_0192,0.600325,0.3163538,True
drone_0190_300_0031,0190,300,sat_0190,1,1.0,sat_0190,0190,0.9089219,sat_0192,0.5744858,0.33443612,True
drone_0190_300_0032,0190,300,sat_0190,1,1.0,sat_0190,0190,0.89471006,sat_0192,0.5661547,0.32855535,True
drone_0190_300_0033,0190,300,sat_0190,1,1.0,sat_0190,0190,0.8797694,sat_0192,0.5401787,0.33959067,True
drone_0190_300_0034,0190,300,sat_0190,1,1.0,sat_0190,0190,0.81648386,sat_0192,0.4872853,0.32919857,True
drone_0190_300_0035,0190,300,sat_0190,1,1.0,sat_0190,0190,0.7770464,sat_0198,0.516039,0.26100737,True
drone_0190_300_0036,0190,300,sat_0190,1,1.0,sat_0190,0190,0.8032715,sat_0198,0.52695596,0.2763155,True
drone_0190_300_0037,0190,300,sat_0190,1,1.0,sat_0190,0190,0.8631673,sat_0041,0.5555001,0.3076672,True
drone_0190_300_0038,0190,300,sat_0190,1,1.0,sat_0190,0190,0.8614209,sat_0041,0.55127764,0.3101433,True
drone_0190_300_0039,0190,300,sat_0190,1,1.0,sat_0190,0190,0.8602093,sat_0192,0.5182016,0.3420077,True
drone_0190_300_0040,0190,300,sat_0190,1,1.0,sat_0190,0190,0.88688314,sat_0192,0.52438927,0.36249387,True
drone_0190_300_0041,0190,300,sat_0190,1,1.0,sat_0190,0190,0.9057623,sat_0192,0.5629507,0.34281164,True
drone_0190_300_0042,0190,300,sat_0190,1,1.0,sat_0190,0190,0.9090955,sat_0192,0.5991616,0.3099339,True
drone_0190_300_0043,0190,300,sat_0190,1,1.0,sat_0190,0190,0.9385859,sat_0192,0.64651835,0.29206753,True
drone_0190_300_0044,0190,300,sat_0190,1,1.0,sat_0190,0190,0.93772936,sat_0192,0.6206134,0.31711596,True
drone_0190_300_0045,0190,300,sat_0190,1,1.0,sat_0190,0190,0.9290573,sat_0192,0.54440165,0.38465565,True
drone_0190_300_0046,0190,300,sat_0190,1,1.0,sat_0190,0190,0.921527,sat_0041,0.5272101,0.3943169,True
drone_0190_300_0047,0190,300,sat_0190,1,1.0,sat_0190,0190,0.9359052,sat_0192,0.5328517,0.40305352,True
drone_0190_300_0048,0190,300,sat_0190,1,1.0,sat_0190,0190,0.9334085,sat_0041,0.5562727,0.3771358,True
drone_0190_300_0049,0190,300,sat_0190,1,1.0,sat_0190,0190,0.95674264,sat_0192,0.5577267,0.39901596,True
drone_0192_300_0000,0192,300,sat_0192,1,1.0,sat_0192,0192,0.88067126,sat_0190,0.5737031,0.30696815,True
drone_0192_300_0001,0192,300,sat_0192,1,1.0,sat_0192,0192,0.89356625,sat_0190,0.58415437,0.30941188,True
drone_0192_300_0002,0192,300,sat_0192,1,1.0,sat_0192,0192,0.86899275,sat_0190,0.5699491,0.29904366,True
drone_0192_300_0003,0192,300,sat_0192,1,1.0,sat_0192,0192,0.88013273,sat_0190,0.5955828,0.28454995,True
drone_0192_300_0004,0192,300,sat_0192,1,1.0,sat_0192,0192,0.89948213,sat_0190,0.6054313,0.2940508,True
drone_0192_300_0005,0192,300,sat_0192,1,1.0,sat_0192,0192,0.9042517,sat_0190,0.5923258,0.3119259,True
drone_0192_300_0006,0192,300,sat_0192,1,1.0,sat_0192,0192,0.9434221,sat_0190,0.5989679,0.34445417,True
drone_0192_300_0007,0192,300,sat_0192,1,1.0,sat_0192,0192,0.93271816,sat_0190,0.59399813,0.33872002,True
drone_0192_300_0008,0192,300,sat_0192,1,1.0,sat_0192,0192,0.93016815,sat_0190,0.6073182,0.32284993,True
drone_0192_300_0009,0192,300,sat_0192,1,1.0,sat_0192,0192,0.9338582,sat_0190,0.5854811,0.3483771,True
drone_0192_300_0010,0192,300,sat_0192,1,1.0,sat_0192,0192,0.9273346,sat_0190,0.5682477,0.35908693,True
drone_0192_300_0011,0192,300,sat_0192,1,1.0,sat_0192,0192,0.9213267,sat_0190,0.6130436,0.3082831,True
drone_0192_300_0012,0192,300,sat_0192,1,1.0,sat_0192,0192,0.9234605,sat_0190,0.57325184,0.35020864,True
drone_0192_300_0013,0192,300,sat_0192,1,1.0,sat_0192,0192,0.8768484,sat_0190,0.57938826,0.29746014,True
drone_0192_300_0014,0192,300,sat_0192,1,1.0,sat_0192,0192,0.884343,sat_0190,0.5685016,0.31584144,True
drone_0192_300_0015,0192,300,sat_0192,1,1.0,sat_0192,0192,0.85457784,sat_0190,0.5774964,0.27708143,True
drone_0192_300_0016,0192,300,sat_0192,1,1.0,sat_0192,0192,0.8302324,sat_0182,0.59140927,0.23882312,True
drone_0192_300_0017,0192,300,sat_0192,1,1.0,sat_0192,0192,0.80852145,sat_0182,0.58628476,0.2222367,True
drone_0192_300_0018,0192,300,sat_0192,1,1.0,sat_0192,0192,0.8274581,sat_0182,0.58826846,0.23918962,True
drone_0192_300_0019,0192,300,sat_0192,1,1.0,sat_0192,0192,0.87817925,sat_0182,0.5561977,0.32198155,True
drone_0192_300_0020,0192,300,sat_0192,1,1.0,sat_0192,0192,0.90716416,sat_0182,0.530528,0.37663615,True
drone_0192_300_0021,0192,300,sat_0192,1,1.0,sat_0192,0192,0.9228815,sat_0190,0.560762,0.3621195,True
drone_0192_300_0022,0192,300,sat_0192,1,1.0,sat_0192,0192,0.91449744,sat_0190,0.6208195,0.29367793,True
drone_0192_300_0023,0192,300,sat_0192,1,1.0,sat_0192,0192,0.90701056,sat_0190,0.58613163,0.32087892,True
drone_0192_300_0024,0192,300,sat_0192,1,1.0,sat_0192,0192,0.935151,sat_0190,0.6222039,0.3129471,True
drone_0192_300_0025,0192,300,sat_0192,1,1.0,sat_0192,0192,0.89904755,sat_0190,0.6263081,0.27273947,True
drone_0192_300_0026,0192,300,sat_0192,1,1.0,sat_0192,0192,0.8892505,sat_0190,0.65207684,0.23717368,True
drone_0192_300_0027,0192,300,sat_0192,1,1.0,sat_0192,0192,0.9141259,sat_0190,0.6474082,0.26671773,True
drone_0192_300_0028,0192,300,sat_0192,1,1.0,sat_0192,0192,0.91022104,sat_0190,0.6724712,0.23774981,True
drone_0192_300_0029,0192,300,sat_0192,1,1.0,sat_0192,0192,0.92271,sat_0190,0.67216706,0.25054294,True
drone_0192_300_0030,0192,300,sat_0192,1,1.0,sat_0192,0192,0.9505979,sat_0190,0.6562216,0.29437625,True
drone_0192_300_0031,0192,300,sat_0192,1,1.0,sat_0192,0192,0.9375181,sat_0190,0.68281794,0.25470018,True
drone_0192_300_0032,0192,300,sat_0192,1,1.0,sat_0192,0192,0.9296901,sat_0190,0.67648506,0.25320506,True
drone_0192_300_0033,0192,300,sat_0192,1,1.0,sat_0192,0192,0.8831115,sat_0190,0.68754584,0.19556564,True
drone_0192_300_0034,0192,300,sat_0192,1,1.0,sat_0192,0192,0.8607265,sat_0190,0.68006325,0.18066323,True
drone_0192_300_0035,0192,300,sat_0192,1,1.0,sat_0192,0192,0.8486507,sat_0190,0.6591184,0.18953228,True
drone_0192_300_0036,0192,300,sat_0192,1,1.0,sat_0192,0192,0.85493815,sat_0190,0.64230764,0.21263051,True
drone_0192_300_0037,0192,300,sat_0192,1,1.0,sat_0192,0192,0.84631515,sat_0190,0.6418367,0.20447844,True
drone_0192_300_0038,0192,300,sat_0192,1,1.0,sat_0192,0192,0.85105705,sat_0190,0.6396404,0.21141666,True
drone_0192_300_0039,0192,300,sat_0192,1,1.0,sat_0192,0192,0.8990328,sat_0190,0.6520506,0.24698216,True
drone_0192_300_0040,0192,300,sat_0192,1,1.0,sat_0192,0192,0.9295588,sat_0190,0.64940107,0.28015774,True
drone_0192_300_0041,0192,300,sat_0192,1,1.0,sat_0192,0192,0.93505293,sat_0190,0.62886584,0.3061871,True
drone_0192_300_0042,0192,300,sat_0192,1,1.0,sat_0192,0192,0.8952712,sat_0190,0.61325204,0.28201914,True
drone_0192_300_0043,0192,300,sat_0192,1,1.0,sat_0192,0192,0.9180518,sat_0190,0.616793,0.3012588,True
drone_0192_300_0044,0192,300,sat_0192,1,1.0,sat_0192,0192,0.88409317,sat_0190,0.5975249,0.28656828,True
drone_0192_300_0045,0192,300,sat_0192,1,1.0,sat_0192,0192,0.9097243,sat_0190,0.604188,0.30553627,True
drone_0192_300_0046,0192,300,sat_0192,1,1.0,sat_0192,0192,0.86451465,sat_0190,0.6055522,0.25896245,True
drone_0192_300_0047,0192,300,sat_0192,1,1.0,sat_0192,0192,0.8377428,sat_0182,0.5583897,0.27935308,True
drone_0192_300_0048,0192,300,sat_0192,1,1.0,sat_0192,0192,0.83024204,sat_0182,0.59359074,0.2366513,True
drone_0192_300_0049,0192,300,sat_0192,1,1.0,sat_0192,0192,0.8270222,sat_0182,0.58132994,0.24569225,True
drone_0198_300_0000,0198,300,sat_0198,1,1.0,sat_0198,0198,0.96478367,sat_0144,0.40279502,0.56198865,True
drone_0198_300_0001,0198,300,sat_0198,1,1.0,sat_0198,0198,0.9658333,sat_0144,0.36885548,0.59697783,True
drone_0198_300_0002,0198,300,sat_0198,1,1.0,sat_0198,0198,0.9670886,sat_0144,0.4030153,0.5640733,True
drone_0198_300_0003,0198,300,sat_0198,1,1.0,sat_0198,0198,0.95866495,sat_0144,0.37711078,0.5815542,True
drone_0198_300_0004,0198,300,sat_0198,1,1.0,sat_0198,0198,0.96289337,sat_0144,0.37938827,0.5835051,True
drone_0198_300_0005,0198,300,sat_0198,1,1.0,sat_0198,0198,0.962197,sat_0144,0.39981788,0.5623791,True
drone_0198_300_0006,0198,300,sat_0198,1,1.0,sat_0198,0198,0.96037996,sat_0144,0.4072549,0.553125,True
drone_0198_300_0007,0198,300,sat_0198,1,1.0,sat_0198,0198,0.95719576,sat_0144,0.40726674,0.549929,True
drone_0198_300_0008,0198,300,sat_0198,1,1.0,sat_0198,0198,0.951893,sat_0144,0.42602125,0.52587175,True
drone_0198_300_0009,0198,300,sat_0198,1,1.0,sat_0198,0198,0.95052147,sat_0144,0.4254269,0.52509457,True
drone_0198_300_0010,0198,300,sat_0198,1,1.0,sat_0198,0198,0.93957734,sat_0144,0.4545247,0.48505265,True
drone_0198_300_0011,0198,300,sat_0198,1,1.0,sat_0198,0198,0.9279692,sat_0144,0.46099585,0.46697336,True
drone_0198_300_0012,0198,300,sat_0198,1,1.0,sat_0198,0198,0.90704066,sat_0144,0.4829586,0.42408204,True
drone_0198_300_0013,0198,300,sat_0198,1,1.0,sat_0198,0198,0.886919,sat_0144,0.47180083,0.4151182,True
drone_0198_300_0014,0198,300,sat_0198,1,1.0,sat_0198,0198,0.90407705,sat_0144,0.4671063,0.43697074,True
drone_0198_300_0015,0198,300,sat_0198,1,1.0,sat_0198,0198,0.9003406,sat_0144,0.46482694,0.43551368,True
drone_0198_300_0016,0198,300,sat_0198,1,1.0,sat_0198,0198,0.9207711,sat_0144,0.47411084,0.44666028,True
drone_0198_300_0017,0198,300,sat_0198,1,1.0,sat_0198,0198,0.9192752,sat_0144,0.46064478,0.45863044,True
drone_0198_300_0018,0198,300,sat_0198,1,1.0,sat_0198,0198,0.9165919,sat_0144,0.40192878,0.5146631,True
drone_0198_300_0019,0198,300,sat_0198,1,1.0,sat_0198,0198,0.89918816,sat_0144,0.38044542,0.51874274,True
drone_0198_300_0020,0198,300,sat_0198,1,1.0,sat_0198,0198,0.8812109,sat_0144,0.37774628,0.50346464,True
drone_0198_300_0021,0198,300,sat_0198,1,1.0,sat_0198,0198,0.88195854,sat_0144,0.3713438,0.51061475,True
drone_0198_300_0022,0198,300,sat_0198,1,1.0,sat_0198,0198,0.8863135,sat_0144,0.37436032,0.5119532,True
drone_0198_300_0023,0198,300,sat_0198,1,1.0,sat_0198,0198,0.9155747,sat_0144,0.39002788,0.52554685,True
drone_0198_300_0024,0198,300,sat_0198,1,1.0,sat_0198,0198,0.92839843,sat_0144,0.38334295,0.5450555,True
drone_0198_300_0025,0198,300,sat_0198,1,1.0,sat_0198,0198,0.9283111,sat_0144,0.3515287,0.5767824,True
drone_0198_300_0026,0198,300,sat_0198,1,1.0,sat_0198,0198,0.92553055,sat_0144,0.37707296,0.5484576,True
drone_0198_300_0027,0198,300,sat_0198,1,1.0,sat_0198,0198,0.91693485,sat_0144,0.35926676,0.5576681,True
drone_0198_300_0028,0198,300,sat_0198,1,1.0,sat_0198,0198,0.9094851,sat_0008,0.3814437,0.52804136,True
drone_0198_300_0029,0198,300,sat_0198,1,1.0,sat_0198,0198,0.9107901,sat_0008,0.40312806,0.50766206,True
drone_0198_300_0030,0198,300,sat_0198,1,1.0,sat_0198,0198,0.92296195,sat_0144,0.40753067,0.5154313,True
drone_0198_300_0031,0198,300,sat_0198,1,1.0,sat_0198,0198,0.9068192,sat_0008,0.42547998,0.48133925,True
drone_0198_300_0032,0198,300,sat_0198,1,1.0,sat_0198,0198,0.9092887,sat_0144,0.44950753,0.45978117,True
drone_0198_300_0033,0198,300,sat_0198,1,1.0,sat_0198,0198,0.92593205,sat_0144,0.37803647,0.54789555,True
drone_0198_300_0034,0198,300,sat_0198,1,1.0,sat_0198,0198,0.92384005,sat_0144,0.37558144,0.5482586,True
drone_0198_300_0035,0198,300,sat_0198,1,1.0,sat_0198,0198,0.9281238,sat_0144,0.40556744,0.5225563,True
drone_0198_300_0036,0198,300,sat_0198,1,1.0,sat_0198,0198,0.9306584,sat_0144,0.40786046,0.52279794,True
drone_0198_300_0037,0198,300,sat_0198,1,1.0,sat_0198,0198,0.9305788,sat_0144,0.38251168,0.54806715,True
drone_0198_300_0038,0198,300,sat_0198,1,1.0,sat_0198,0198,0.9263377,sat_0144,0.38525087,0.54108685,True
drone_0198_300_0039,0198,300,sat_0198,1,1.0,sat_0198,0198,0.9287407,sat_0144,0.37964693,0.5490937,True
drone_0198_300_0040,0198,300,sat_0198,1,1.0,sat_0198,0198,0.9361014,sat_0144,0.41484237,0.521259,True
drone_0198_300_0041,0198,300,sat_0198,1,1.0,sat_0198,0198,0.9362705,sat_0144,0.38899115,0.54727936,True
drone_0198_300_0042,0198,300,sat_0198,1,1.0,sat_0198,0198,0.9295901,sat_0144,0.41920033,0.5103898,True
drone_0198_300_0043,0198,300,sat_0198,1,1.0,sat_0198,0198,0.9090927,sat_0008,0.41472656,0.49436617,True
drone_0198_300_0044,0198,300,sat_0198,1,1.0,sat_0198,0198,0.9182479,sat_0008,0.46685547,0.4513924,True
drone_0198_300_0045,0198,300,sat_0198,1,1.0,sat_0198,0198,0.92369103,sat_0008,0.42631197,0.49737906,True
drone_0198_300_0046,0198,300,sat_0198,1,1.0,sat_0198,0198,0.9459859,sat_0008,0.3613025,0.5846834,True
drone_0198_300_0047,0198,300,sat_0198,1,1.0,sat_0198,0198,0.9385013,sat_0008,0.34103942,0.5974619,True
drone_0198_300_0048,0198,300,sat_0198,1,1.0,sat_0198,0198,0.93521106,sat_0008,0.32731736,0.6078937,True
drone_0198_300_0049,0198,300,sat_0198,1,1.0,sat_0198,0198,0.93909466,sat_0008,0.36524674,0.5738479,True
